rva	demangled	mangled	source	method
002e31	main	main	sc3u_demo.x86	caller
0032b4	cSC3App::QueryInterface(unsigned int, void **)	QueryInterface__7cSC3AppUiPPv	sc3u_demo.x86	vtable:__vt_7cSC3App
0032e8	cSC3App::AddRef(void)	AddRef__7cSC3App	sc3u_demo.x86	vtable:__vt_7cSC3App
0032ec	cSC3App::Release(void)	Release__7cSC3App	sc3u_demo.x86	vtable:__vt_7cSC3App
003565	cSC3App::Init(void)	Init__7cSC3App	sc3u_demo.x86	tokens:138.2
003d5e	cSC3App::Shutdown(void)	Shutdown__7cSC3App	sc3u_demo.x86	vtable:__vt_7cSC3App
004052	cSC3App::GetPathToUpdaterIniFile(cRZString &)	GetPathToUpdaterIniFile__7cSC3AppR9cRZString	sc3u_demo.x86	tokens:27.8
00496d	cSC3App::PreFrameWorkInit(void)	PreFrameWorkInit__7cSC3App	sc3u_demo.x86	tokens:36.6
00501a	cSC3App::PostFrameWorkInit(void)	PostFrameWorkInit__7cSC3App	sc3u_demo.x86	caller
00586a	cSC3App::ReadPreferences(void)	ReadPreferences__7cSC3App	sc3u_demo.x86	tokens:28.5
005de7	cSC3App::FindAndRegisterAllAvailableLanguages(void)	FindAndRegisterAllAvailableLanguages__7cSC3App	sc3u_demo.x86	tokens:18.7
005f1f	cSC3App::AddApplicationServicesHere(void)	AddApplicationServicesHere__7cSC3App	sc3u_demo.x86	tokens:17.1
00615a	virtual function thunk (delta:-24) for cSC3App::AddCOMDirectorsHere(void)	__thunk_24_AddCOMDirectorsHere__7cSC3App	sc3u_demo.x86	caller
006173	cSC3App::SetRestartOnExit(bool)	SetRestartOnExit__7cSC3Appb	sc3u_demo.x86	tokens:9.7
006f81	basic_string<char, string_char_traits<char>, __default_alloc_template<true, 0> >::resize(unsigned int, char)	resize__t12basic_string3ZcZt18string_char_traits1ZcZt24__default_alloc_template2b1i0Uic	sc3u_demo.x86	callee
007670	cSC3App::OnIdle(unsigned int)	OnIdle__7cSC3AppUi	sc3u_demo.x86	vtable:__vt_7cSC3App
0077b5	cSC3App::ReadCommandLine(void)	ReadCommandLine__7cSC3App	sc3u_demo.x86	tokens:28.2
007b5e	cSC3App::CreateCity(void)	CreateCity__7cSC3App	sc3u_demo.x86	tokens:9.7
007bec	cSC3App::PostCityInit(int, int, cIGZString *)	PostCityInit__7cSC3AppiiP10cIGZString	sc3u_demo.x86	tokens:55.3
008052	cSC3App::SetupRadio(void)	SetupRadio__7cSC3App	sc3u_demo.x86	tokens:47.5
0082fe	cSC3App::DoMessage(cGZMessage &)	DoMessage__7cSC3AppR10cGZMessage	sc3u_demo.x86	tokens:83.9
00872b	cSC3App::AddCheatCodeStrings(void)	AddCheatCodeStrings__7cSC3App	sc3u_demo.x86	tokens:55.4
008896	cSC3App::DoCheatCode(unsigned int, cIGZString const &)	DoCheatCode__7cSC3AppUiRC10cIGZString	sc3u_demo.x86	tokens:18.0
008a23	cSC3AppPreferences::cSC3AppPreferences(void)	__18cSC3AppPreferences	sc3u_demo.x86	tokens:9.7
008e03	GraphsSettings::CheckboxCount(void)	CheckboxCount__14GraphsSettings	sc3u_demo.x86	vtable:__vt_14GraphsSettings
008e07	GraphsSettings::FindCheckbox(unsigned int)	FindCheckbox__14GraphsSettingsUi	sc3u_demo.x86	vtable:__vt_14GraphsSettings
008e2e	GraphsSettings::GetCheckboxState(unsigned int)	GetCheckboxState__14GraphsSettingsUi	sc3u_demo.x86	vtable:__vt_14GraphsSettings
008e57	GraphsSettings::AddCheckbox(unsigned int, bool)	AddCheckbox__14GraphsSettingsUib	sc3u_demo.x86	vtable:__vt_14GraphsSettings
008e6f	GraphsSettings::GetCheckboxByIndex(unsigned int, unsigned int &, bool &)	GetCheckboxByIndex__14GraphsSettingsUiRUiRb	sc3u_demo.x86	vtable:__vt_14GraphsSettings
008eb9	GraphsSettings::SetReady(bool)	SetReady__14GraphsSettingsb	sc3u_demo.x86	vtable:__vt_14GraphsSettings
008ec3	GraphsSettings::IsReady(void)	IsReady__14GraphsSettings	sc3u_demo.x86	vtable:__vt_14GraphsSettings
008ec7	GraphsSettings::SetRadioSelection(unsigned int)	SetRadioSelection__14GraphsSettingsUi	sc3u_demo.x86	vtable:__vt_14GraphsSettings
008ed1	GraphsSettings::GetRadioSelection(void)	GetRadioSelection__14GraphsSettings	sc3u_demo.x86	vtable:__vt_14GraphsSettings
008ed5	cSC3AppPreferences::GetRadioCallSign(void)	GetRadioCallSign__18cSC3AppPreferences	sc3u_demo.x86	vtable:__vt_18cSC3AppPreferences
008ed9	cSC3AppPreferences::SetRadioCallSign(cIGZString const &)	SetRadioCallSign__18cSC3AppPreferencesRC10cIGZString	sc3u_demo.x86	vtable:__vt_18cSC3AppPreferences
008f2f	cSC3AppPreferences::GetLoadSavePath(void)	GetLoadSavePath__18cSC3AppPreferences	sc3u_demo.x86	vtable:__vt_18cSC3AppPreferences
008f33	cSC3AppPreferences::SetLoadSavePath(cIGZString &)	SetLoadSavePath__18cSC3AppPreferencesR10cIGZString	sc3u_demo.x86	vtable:__vt_18cSC3AppPreferences
008f89	cSC3AppPreferences::VideoPrefs(void)	VideoPrefs__18cSC3AppPreferences	sc3u_demo.x86	vtable:__vt_18cSC3AppPreferences
008f8d	cSC3AppPreferences::SoundPrefs(void)	SoundPrefs__18cSC3AppPreferences	sc3u_demo.x86	vtable:__vt_18cSC3AppPreferences
008f91	cSC3AppPreferences::SimPrefs(void)	SimPrefs__18cSC3AppPreferences	sc3u_demo.x86	vtable:__vt_18cSC3AppPreferences
008f98	cSC3AppPreferences::VisibilityPrefs(void)	VisibilityPrefs__18cSC3AppPreferences	sc3u_demo.x86	vtable:__vt_18cSC3AppPreferences
008f9f	cSC3AppPreferences::TODPrefs(void)	TODPrefs__18cSC3AppPreferences	sc3u_demo.x86	vtable:__vt_18cSC3AppPreferences
008fa6	cSC3AppPreferences::MiscWindowPrefs(void)	MiscWindowPrefs__18cSC3AppPreferences	sc3u_demo.x86	vtable:__vt_18cSC3AppPreferences
008fad	cSC3AppPreferences::NewCityPrefs(void)	NewCityPrefs__18cSC3AppPreferences	sc3u_demo.x86	vtable:__vt_18cSC3AppPreferences
008fb4	cSC3AppPreferences::LoadPrefs(void)	LoadPrefs__18cSC3AppPreferences	sc3u_demo.x86	vtable:__vt_18cSC3AppPreferences
008fbb	cSC3AppPreferences::MapsWindowPrefs(void)	MapsWindowPrefs__18cSC3AppPreferences	sc3u_demo.x86	vtable:__vt_18cSC3AppPreferences
008fc2	cSC3AppPreferences::QueryDialogPrefs(void)	QueryDialogPrefs__18cSC3AppPreferences	sc3u_demo.x86	vtable:__vt_18cSC3AppPreferences
008fc9	cSC3AppPreferences::OrdinancesWindowPrefs(void)	OrdinancesWindowPrefs__18cSC3AppPreferences	sc3u_demo.x86	vtable:__vt_18cSC3AppPreferences
008fd0	cSC3AppPreferences::NeighborsDialogPrefs(void)	NeighborsDialogPrefs__18cSC3AppPreferences	sc3u_demo.x86	vtable:__vt_18cSC3AppPreferences
008fd7	cSC3AppPreferences::BudgetDialogPrefs(void)	BudgetDialogPrefs__18cSC3AppPreferences	sc3u_demo.x86	vtable:__vt_18cSC3AppPreferences
008fde	cSC3AppPreferences::AdvMgrPrefs(void)	AdvMgrPrefs__18cSC3AppPreferences	sc3u_demo.x86	vtable:__vt_18cSC3AppPreferences
008fe5	cSC3AppPreferences::SelectABuildingPrefs(void)	SelectABuildingPrefs__18cSC3AppPreferences	sc3u_demo.x86	vtable:__vt_18cSC3AppPreferences
008fec	cSC3AppPreferences::ChartsPrefs(void)	ChartsPrefs__18cSC3AppPreferences	sc3u_demo.x86	vtable:__vt_18cSC3AppPreferences
008ff3	cSC3AppPreferences::GraphsPrefs(void)	GraphsPrefs__18cSC3AppPreferences	sc3u_demo.x86	vtable:__vt_18cSC3AppPreferences
008ffa	cSC3AppPreferences::BldgReplacementPrefs(void)	BldgReplacementPrefs__18cSC3AppPreferences	sc3u_demo.x86	vtable:__vt_18cSC3AppPreferences
009001	cSC3AppPreferences::EditBATBldgListPrefs(void)	EditBATBldgListPrefs__18cSC3AppPreferences	sc3u_demo.x86	vtable:__vt_18cSC3AppPreferences
009008	cSC3AppPreferences::GetLanguage(void)	GetLanguage__18cSC3AppPreferences	sc3u_demo.x86	vtable:__vt_18cSC3AppPreferences
00900c	cSC3AppPreferences::SetLanguage(int)	SetLanguage__18cSC3AppPreferencesi	sc3u_demo.x86	vtable:__vt_18cSC3AppPreferences
009016	cSC3AppPreferences::GetCountry(void)	GetCountry__18cSC3AppPreferences	sc3u_demo.x86	vtable:__vt_18cSC3AppPreferences
00901a	cSC3AppPreferences::SetCountry(int)	SetCountry__18cSC3AppPreferencesi	sc3u_demo.x86	vtable:__vt_18cSC3AppPreferences
009024	cSC3AppPreferences::GetIntelliScroll(void)	GetIntelliScroll__18cSC3AppPreferences	sc3u_demo.x86	vtable:__vt_18cSC3AppPreferences
009028	cSC3AppPreferences::SetIntelliScroll(bool)	SetIntelliScroll__18cSC3AppPreferencesb	sc3u_demo.x86	vtable:__vt_18cSC3AppPreferences
00913f	cSC3AppPreferences::QueryInterface(unsigned int, void **)	QueryInterface__18cSC3AppPreferencesUiPPv	sc3u_demo.x86	vtable:__vt_18cSC3AppPreferences
009164	cSC3AppPreferences::AddRef(void)	AddRef__18cSC3AppPreferences	sc3u_demo.x86	vtable:__vt_18cSC3AppPreferences
00916c	cSC3AppPreferences::Release(void)	Release__18cSC3AppPreferences	sc3u_demo.x86	vtable:__vt_18cSC3AppPreferences
009174	cSC3AppPreferences::Load(void)	Load__18cSC3AppPreferences	sc3u_demo.x86	vtable:__vt_18cSC3AppPreferences
0092a7	cSC3AppPreferences::Save(void)	Save__18cSC3AppPreferences	sc3u_demo.x86	vtable:__vt_18cSC3AppPreferences
00a95f	cSC3AppPreferences::IsSongEnabled(unsigned int)	IsSongEnabled__18cSC3AppPreferencesUi	sc3u_demo.x86	vtable:__vt_18cSC3AppPreferences
00a98b	cSC3AppPreferences::EnableDisableSong(unsigned int, bool)	EnableDisableSong__18cSC3AppPreferencesUib	sc3u_demo.x86	vtable:__vt_18cSC3AppPreferences
00a9d5	cSC3AppPreferences::IsWindowVisible(int, int, int, int)	IsWindowVisible__18cSC3AppPreferencesiiii	sc3u_demo.x86	tokens:9.7
00afdf	virtual function thunk (delta:-4) for cSC3AppPreferences::Release(void)	__thunk_4_Release__18cSC3AppPreferences	sc3u_demo.x86	caller
00afe7	virtual function thunk (delta:-4) for cSC3AppPreferences::AddRef(void)	__thunk_4_AddRef__18cSC3AppPreferences	sc3u_demo.x86	caller
00b6d1	cSC3App::CreateRegisteredObjects(void)	CreateRegisteredObjects__7cSC3App	sc3u_demo.x86	tokens:35.9
00b761	cSC3App::LoadRegistry(void)	LoadRegistry__7cSC3App	sc3u_demo.x86	tokens:265.0
00cad8	cSC3App::RegisterOccupantCallback(cRZString const &, cRZString const &, void *)	RegisterOccupantCallback__7cSC3AppRC9cRZStringT1Pv	sc3u_demo.x86	tokens:9.7
00cb70	cSC3App::RegisterAgentTypeCallback(cRZString const &, cRZString const &, void *)	RegisterAgentTypeCallback__7cSC3AppRC9cRZStringT1Pv	sc3u_demo.x86	tokens:9.7
00cc08	cSC3App::RegisterAgentRelationCallback(cRZString const &, cRZString const &, void *)	RegisterAgentRelationCallback__7cSC3AppRC9cRZStringT1Pv	sc3u_demo.x86	tokens:9.7
00da3a	cSC3AppStateManager::GetCurrentUIState(void)	GetCurrentUIState__19cSC3AppStateManager	sc3u_demo.x86	vtable:__vt_19cSC3AppStateManager
00da3e	cSC3AppStateManager::GetCurrentStateTarget(void)	GetCurrentStateTarget__19cSC3AppStateManager	sc3u_demo.x86	vtable:__vt_19cSC3AppStateManager
00da42	cSC3AppStateManager::GetFlag(unsigned int)	GetFlag__19cSC3AppStateManagerUi	sc3u_demo.x86	vtable:__vt_19cSC3AppStateManager
00da6e	cSC3AppStateManager::SetFlag(unsigned int)	SetFlag__19cSC3AppStateManagerUi	sc3u_demo.x86	vtable:__vt_19cSC3AppStateManager
00da88	cSC3AppStateManager::ClearAllFlags(void)	ClearAllFlags__19cSC3AppStateManager	sc3u_demo.x86	vtable:__vt_19cSC3AppStateManager
00dab2	cSC3AppStateManager::~cSC3AppStateManager(void)	_._19cSC3AppStateManager	sc3u_demo.x86	vtable:__vt_19cSC3AppStateManager
00db2f	cSC3AppStateManager::SetCurrentUIState(unsigned int)	SetCurrentUIState__19cSC3AppStateManagerUi	sc3u_demo.x86	vtable:__vt_19cSC3AppStateManager
00db86	cSC3AppStateManager::RegisterUIState(unsigned int, cIGZMessageTarget *)	RegisterUIState__19cSC3AppStateManagerUiP17cIGZMessageTarget	sc3u_demo.x86	vtable:__vt_19cSC3AppStateManager
00dbd2	cSC3AppStateManager::UnregisterUIState(unsigned int)	UnregisterUIState__19cSC3AppStateManagerUi	sc3u_demo.x86	vtable:__vt_19cSC3AppStateManager
00dbe4	cSC3AppStateManager::UnregisterAllUIStates(void)	UnregisterAllUIStates__19cSC3AppStateManager	sc3u_demo.x86	vtable:__vt_19cSC3AppStateManager
00dc0c	cSC3AppStateManager::EnumerateUIStates(cIGZMessageTarget *)	EnumerateUIStates__19cSC3AppStateManagerP17cIGZMessageTarget	sc3u_demo.x86	tokens:9.7
00ed1c	cSC3App::window_setup(void)	window_setup__7cSC3App	sc3u_demo.x86	tokens:26.3
00efd8	cSC3App::ctrlmgr_setup(void)	ctrlmgr_setup__7cSC3App	sc3u_demo.x86	tokens:561.1
0113ec	cSC3CitySpriteViewFilterCommandFactory::CreateCommand(unsigned int, unsigned int, void **)	CreateCommand__38cSC3CitySpriteViewFilterCommandFactoryUiUiPPv	sc3u_demo.x86	tokens:9.7
01146f	virtual function thunk (delta:-4) for cSC3CmdGridToggle::~cSC3CmdGridToggle(void)	__thunk_4__._17cSC3CmdGridToggle	sc3u_demo.x86	callee
0114a1	cSC3CmdGridToggle::Execute(void)	Execute__17cSC3CmdGridToggle	sc3u_demo.x86	vtable:__vt_17cSC3CmdGridToggle
011513	virtual function thunk (delta:-4) for cRZGameCommand::Release(void)	__thunk_4_Release__14cRZGameCommand	sc3u_demo.x86	caller
01151b	virtual function thunk (delta:-4) for cRZGameCommand::AddRef(void)	__thunk_4_AddRef__14cRZGameCommand	sc3u_demo.x86	caller
011523	cSC3CmdFactory::CreateCommand(unsigned int, unsigned int, void **)	CreateCommand__14cSC3CmdFactoryUiUiPPv	sc3u_demo.x86	tokens:136.0
0119d2	cSC3CmdQuit::cSC3CmdQuit(void)	__11cSC3CmdQuit	sc3u_demo.x86	tokens:9.7
011a3b	virtual function thunk (delta:-4) for cSC3CmdQuit::Execute(void)	__thunk_4_Execute__11cSC3CmdQuit	sc3u_demo.x86	vtable:__vt_11cSC3CmdQuit
011b09	cSC3App::AddCOMDirectorsHere(void)	AddCOMDirectorsHere__7cSC3App	sc3u_demo.x86	caller
011b34	SC3GetCOMDirector(void)	SC3GetCOMDirector__Fv	sc3u_demo.x86	tokens:95.1
011c21	cSC3COMDirector::GetDirectorID(void) const	GetDirectorID__C15cSC3COMDirector	sc3u_demo.x86	tokens:9.7
011cd8	cSC3CitySpriteViewFilterCommandFactory::~cSC3CitySpriteViewFilterCommandFactory(void)	_._38cSC3CitySpriteViewFilterCommandFactory	sc3u_demo.x86	vtable:__vt_38cSC3CitySpriteViewFilterCommandFactory
011e41	virtual function thunk (delta:-4) for cRZCOMDllDirector::QueryInterface(unsigned int, void **)	__thunk_4_QueryInterface__17cRZCOMDllDirectorUiPPv	sc3u_demo.x86	caller
011e49	virtual function thunk (delta:-4) for cRZCOMDllDirector::AddRef(void)	__thunk_4_AddRef__17cRZCOMDllDirector	sc3u_demo.x86	caller
011e51	virtual function thunk (delta:-4) for cRZCOMDllDirector::Release(void)	__thunk_4_Release__17cRZCOMDllDirector	sc3u_demo.x86	caller
011e59	cRZCOMDllDirector::OnUnload(void)	OnUnload__17cRZCOMDllDirector	sc3u_demo.x86	vtable:__vt_14cGZCOMDirector
011ed8	cSC3CmdFireDisaster::Execute(void)	Execute__19cSC3CmdFireDisaster	sc3u_demo.x86	tokens:9.7
011f89	cSC3CmdTornadoDisaster::Execute(void)	Execute__22cSC3CmdTornadoDisaster	sc3u_demo.x86	tokens:9.7
01203a	cSC3CmdEarthquakeDisaster::Execute(void)	Execute__25cSC3CmdEarthquakeDisaster	sc3u_demo.x86	tokens:9.7
0120eb	cSC3CmdRiotDisaster::Execute(void)	Execute__19cSC3CmdRiotDisaster	sc3u_demo.x86	tokens:9.7
01219c	cSC3CmdUFODisaster::Execute(void)	Execute__18cSC3CmdUFODisaster	sc3u_demo.x86	tokens:9.7
01224d	cSC3CmdToxicCloudDisaster::Execute(void)	Execute__25cSC3CmdToxicCloudDisaster	sc3u_demo.x86	tokens:9.7
0122fe	cSC3CmdWhirlpoolDisaster::Execute(void)	Execute__24cSC3CmdWhirlpoolDisaster	sc3u_demo.x86	tokens:9.7
0123af	cSC3CmdLocustsDisaster::Execute(void)	Execute__22cSC3CmdLocustsDisaster	sc3u_demo.x86	tokens:9.7
012460	cSC3CmdSpaceDebrisDisaster::Execute(void)	Execute__26cSC3CmdSpaceDebrisDisaster	sc3u_demo.x86	tokens:9.7
012511	cSC3CmdSmiteDisaster::Execute(void)	Execute__20cSC3CmdSmiteDisaster	sc3u_demo.x86	tokens:9.7
0125c2	cSC3CmdParadeEvent::Execute(void)	Execute__18cSC3CmdParadeEvent	sc3u_demo.x86	tokens:9.7
0125f7	cSC3CmdDispatchFirefighters::cSC3CmdDispatchFirefighters(void)	__27cSC3CmdDispatchFirefighters	sc3u_demo.x86	vtable-user:__vt_27cSC3CmdDispatchFirefighters
01263f	cSC3CmdDispatchFirefighters::~cSC3CmdDispatchFirefighters(void)	_._27cSC3CmdDispatchFirefighters	sc3u_demo.x86	vtable:__vt_27cSC3CmdDispatchFirefighters
0126be	cSC3CmdDispatchFirefighters::ExecuteOnMouseUp(cSC3CityCoord const &)	ExecuteOnMouseUp__27cSC3CmdDispatchFirefightersRC13cSC3CityCoord	sc3u_demo.x86	tokens:9.7
012730	cSC3CmdDispatchFirefighters::QueryInterface(unsigned int, void **)	QueryInterface__27cSC3CmdDispatchFirefightersUiPPv	sc3u_demo.x86	vtable:__vt_27cSC3CmdDispatchFirefighters
01275c	cSC3CmdDispatchFirefighters::CVActiveCursor(unsigned int &)	CVActiveCursor__27cSC3CmdDispatchFirefightersRUi	sc3u_demo.x86	tokens:9.7
01276b	cSC3CmdDispatchFirefighters::CVIsValidHandlerByView(int, unsigned int) const	CVIsValidHandlerByView__C27cSC3CmdDispatchFirefightersiUi	sc3u_demo.x86	vtable:__vt_27cSC3CmdDispatchFirefighters
012777	cSC3CmdDispatchFirefighters::AddRef(void)	AddRef__27cSC3CmdDispatchFirefighters	sc3u_demo.x86	vtable:__vt_27cSC3CmdDispatchFirefighters
01277f	cSC3CmdDispatchFirefighters::Release(void)	Release__27cSC3CmdDispatchFirefighters	sc3u_demo.x86	vtable:__vt_27cSC3CmdDispatchFirefighters
012787	cSC3CmdDispatchPolice::cSC3CmdDispatchPolice(void)	__21cSC3CmdDispatchPolice	sc3u_demo.x86	vtable-user:__vt_21cSC3CmdDispatchPolice
0127cf	cSC3CmdDispatchPolice::~cSC3CmdDispatchPolice(void)	_._21cSC3CmdDispatchPolice	sc3u_demo.x86	vtable:__vt_21cSC3CmdDispatchPolice
01284e	cSC3CmdDispatchPolice::ExecuteOnMouseUp(cSC3CityCoord const &)	ExecuteOnMouseUp__21cSC3CmdDispatchPoliceRC13cSC3CityCoord	sc3u_demo.x86	tokens:9.7
0128c0	cSC3CmdDispatchPolice::QueryInterface(unsigned int, void **)	QueryInterface__21cSC3CmdDispatchPoliceUiPPv	sc3u_demo.x86	vtable:__vt_21cSC3CmdDispatchPolice
0128ec	cSC3CmdDispatchPolice::CVActiveCursor(unsigned int &)	CVActiveCursor__21cSC3CmdDispatchPoliceRUi	sc3u_demo.x86	tokens:9.7
0128fb	cSC3CmdDispatchPolice::CVIsValidHandlerByView(int, unsigned int) const	CVIsValidHandlerByView__C21cSC3CmdDispatchPoliceiUi	sc3u_demo.x86	vtable:__vt_21cSC3CmdDispatchPolice
012907	cSC3CmdDispatchPolice::AddRef(void)	AddRef__21cSC3CmdDispatchPolice	sc3u_demo.x86	vtable:__vt_21cSC3CmdDispatchPolice
01290f	cSC3CmdDispatchPolice::Release(void)	Release__21cSC3CmdDispatchPolice	sc3u_demo.x86	vtable:__vt_21cSC3CmdDispatchPolice
012917	cSC3CmdDispatchPlane::cSC3CmdDispatchPlane(void)	__20cSC3CmdDispatchPlane	sc3u_demo.x86	vtable-user:__vt_20cSC3CmdDispatchPlane
01295f	cSC3CmdDispatchPlane::~cSC3CmdDispatchPlane(void)	_._20cSC3CmdDispatchPlane	sc3u_demo.x86	vtable:__vt_20cSC3CmdDispatchPlane
0129de	cSC3CmdDispatchPlane::ExecuteOnMouseUp(cSC3CityCoord const &)	ExecuteOnMouseUp__20cSC3CmdDispatchPlaneRC13cSC3CityCoord	sc3u_demo.x86	tokens:9.7
012a50	cSC3CmdDispatchPlane::QueryInterface(unsigned int, void **)	QueryInterface__20cSC3CmdDispatchPlaneUiPPv	sc3u_demo.x86	vtable:__vt_20cSC3CmdDispatchPlane
012a7c	cSC3CmdDispatchPlane::CVActiveCursor(unsigned int &)	CVActiveCursor__20cSC3CmdDispatchPlaneRUi	sc3u_demo.x86	tokens:9.7
012a8b	cSC3CmdDispatchPlane::CVIsValidHandlerByView(int, unsigned int) const	CVIsValidHandlerByView__C20cSC3CmdDispatchPlaneiUi	sc3u_demo.x86	vtable:__vt_20cSC3CmdDispatchPlane
012a97	cSC3CmdDispatchPlane::AddRef(void)	AddRef__20cSC3CmdDispatchPlane	sc3u_demo.x86	vtable:__vt_20cSC3CmdDispatchPlane
012a9f	cSC3CmdDispatchPlane::Release(void)	Release__20cSC3CmdDispatchPlane	sc3u_demo.x86	vtable:__vt_20cSC3CmdDispatchPlane
012b23	cSC3CmdEmergencyWarning::Execute(void)	Execute__23cSC3CmdEmergencyWarning	sc3u_demo.x86	tokens:9.7
012b90	virtual function thunk (delta:-88) for cSC3CmdDispatchFirefighters::QueryInterface(unsigned int, void **)	__thunk_88_QueryInterface__27cSC3CmdDispatchFirefightersUiPPv	sc3u_demo.x86	caller
012ba8	virtual function thunk (delta:-92) for cSC3CmdDispatchFirefighters::~cSC3CmdDispatchFirefighters(void)	__thunk_92__._27cSC3CmdDispatchFirefighters	sc3u_demo.x86	caller
012bc0	virtual function thunk (delta:-88) for cSC3CmdDispatchPolice::QueryInterface(unsigned int, void **)	__thunk_88_QueryInterface__21cSC3CmdDispatchPoliceUiPPv	sc3u_demo.x86	caller
012bd8	virtual function thunk (delta:-92) for cSC3CmdDispatchPolice::~cSC3CmdDispatchPolice(void)	__thunk_92__._21cSC3CmdDispatchPolice	sc3u_demo.x86	caller
012bf0	virtual function thunk (delta:-88) for cSC3CmdDispatchPlane::QueryInterface(unsigned int, void **)	__thunk_88_QueryInterface__20cSC3CmdDispatchPlaneUiPPv	sc3u_demo.x86	caller
012c08	virtual function thunk (delta:-92) for cSC3CmdDispatchPlane::~cSC3CmdDispatchPlane(void)	__thunk_92__._20cSC3CmdDispatchPlane	sc3u_demo.x86	caller
012c65	cSC3IdleStateDetector::OnIdle(unsigned int)	OnIdle__21cSC3IdleStateDetectorUi	sc3u_demo.x86	tokens:9.7
01311f	cSC3Internet::cSC3Internet(void)	__12cSC3Internet	sc3u_demo.x86	tokens:37.5
013410	cSC3Internet::~cSC3Internet(void)	_._12cSC3Internet	sc3u_demo.x86	vtable:__vt_12cSC3Internet
01367a	cSC3Internet::Init(void)	Init__12cSC3Internet	sc3u_demo.x86	vtable:__vt_12cSC3Internet
013900	cSC3Internet::Shutdown(void)	Shutdown__12cSC3Internet	sc3u_demo.x86	vtable:__vt_12cSC3Internet
013a3f	cSC3Internet::QueryInterface(unsigned int, void **)	QueryInterface__12cSC3InternetUiPPv	sc3u_demo.x86	vtable:__vt_12cSC3Internet
013a7b	cSC3Internet::AddRef(void)	AddRef__12cSC3Internet	sc3u_demo.x86	vtable:__vt_12cSC3Internet
013a8e	cSC3Internet::Release(void)	Release__12cSC3Internet	sc3u_demo.x86	vtable:__vt_12cSC3Internet
013c7e	cSC3Internet::GetPrimaryMapPaths(cRZString &, cRZString &)	GetPrimaryMapPaths__12cSC3InternetR9cRZStringT1	sc3u_demo.x86	tokens:19.4
013d42	cSC3Internet::SetupPrimaryMap(void)	SetupPrimaryMap__12cSC3Internet	sc3u_demo.x86	tokens:213.0
01499f	cSC3Internet::GetConnectionState(void)	GetConnectionState__12cSC3Internet	sc3u_demo.x86	vtable:__vt_12cSC3Internet
0149a6	cSC3Internet::IsConnected(void)	IsConnected__12cSC3Internet	sc3u_demo.x86	vtable:__vt_12cSC3Internet
0149b3	cSC3Internet::ConnectionIsDialup(void)	ConnectionIsDialup__12cSC3Internet	sc3u_demo.x86	vtable:__vt_12cSC3Internet
0149c7	cSC3Internet::Connect(void)	Connect__12cSC3Internet	sc3u_demo.x86	vtable:__vt_12cSC3Internet
0149ca	cSC3Internet::Disconnect(void)	Disconnect__12cSC3Internet	sc3u_demo.x86	vtable:__vt_12cSC3Internet
0149cd	cSC3Internet::GetMainServerURL(cIGZString &)	GetMainServerURL__12cSC3InternetR10cIGZString	sc3u_demo.x86	vtable:__vt_12cSC3Internet
0149eb	cSC3Internet::SetMainServerURL(cIGZString const &)	SetMainServerURL__12cSC3InternetRC10cIGZString	sc3u_demo.x86	vtable:__vt_12cSC3Internet
014a46	cSC3Internet::GetChatSystem(void)	GetChatSystem__12cSC3Internet	sc3u_demo.x86	vtable:__vt_12cSC3Internet
014a4d	cSC3Internet::GetTransferSystem(void)	GetTransferSystem__12cSC3Internet	sc3u_demo.x86	vtable:__vt_12cSC3Internet
014a54	cSC3Internet::GetInternetPrefs(void)	GetInternetPrefs__12cSC3Internet	sc3u_demo.x86	vtable:__vt_12cSC3Internet
014a5b	cSC3Internet::SetInternetPrefs(cSC3InternetPrefs *)	SetInternetPrefs__12cSC3InternetP17cSC3InternetPrefs	sc3u_demo.x86	vtable:__vt_12cSC3Internet
014a79	cSC3Internet::GetInternetPrefsFilePath(cIGZString &)	GetInternetPrefsFilePath__12cSC3InternetR10cIGZString	sc3u_demo.x86	vtable:__vt_12cSC3Internet
014aee	cSC3Internet::DoIdleProcessing(void)	DoIdleProcessing__12cSC3Internet	sc3u_demo.x86	tokens:36.1
014da9	cSC3Internet::DoMessage(cGZMessage &)	DoMessage__12cSC3InternetR10cGZMessage	sc3u_demo.x86	tokens:116.6
0159d2	cSC3Internet::DoUserStringCommand(cIGZString const &)	DoUserStringCommand__12cSC3InternetRC10cIGZString	sc3u_demo.x86	vtable:__vt_12cSC3Internet
015aa2	cSC3Internet::DisplayCommandHelp(void)	DisplayCommandHelp__12cSC3Internet	sc3u_demo.x86	tokens:378.9
01674e	cSC3Internet::ParseUserCommandType(cIGZString const &, vector<cRZString, allocator<cRZString> > &)	ParseUserCommandType__12cSC3InternetRC10cIGZStringRt6vector2Z9cRZStringZt9allocator1Z9cRZString	sc3u_demo.x86	tokens:426.4
0172f8	cSC3Internet::SetParentWindow(cIGZWin *)	SetParentWindow__12cSC3InternetP7cIGZWin	sc3u_demo.x86	vtable:__vt_12cSC3Internet
017327	cSC3Internet::ViewInternalBrowser(cIGZString const &, cRZString const *, bool)	ViewInternalBrowser__12cSC3InternetRC10cIGZStringPC9cRZStringb	sc3u_demo.x86	vtable:__vt_12cSC3Internet
0174dc	cSC3Internet::ViewExternalBrowser(cIGZString const &)	ViewExternalBrowser__12cSC3InternetRC10cIGZString	sc3u_demo.x86	vtable:__vt_12cSC3Internet
017537	cSC3Internet::GetCityExchangeUserInfo(cIGZString &, cIGZString &, cIGZString &)	GetCityExchangeUserInfo__12cSC3InternetR10cIGZStringN21	sc3u_demo.x86	vtable:__vt_12cSC3Internet
017570	cSC3Internet::GetCityExchangeURL(cIGZString &)	GetCityExchangeURL__12cSC3InternetR10cIGZString	sc3u_demo.x86	tokens:9.7
017667	cSC3Internet::RegisterURLMessage(cIGZString const &, cIGZString const &, bool)	RegisterURLMessage__12cSC3InternetRC10cIGZStringT1b	sc3u_demo.x86	vtable:__vt_12cSC3Internet
01788b	cSC3Internet::UnregisterURLMessage(cIGZString const &)	UnregisterURLMessage__12cSC3InternetRC10cIGZString	sc3u_demo.x86	vtable:__vt_12cSC3Internet
017995	cSC3Internet::DoIdleURLMessageProcessing(void)	DoIdleURLMessageProcessing__12cSC3Internet	sc3u_demo.x86	tokens:16.4
017b13	cSC3Internet::ReadPreferences(void)	ReadPreferences__12cSC3Internet	sc3u_demo.x86	vtable:__vt_12cSC3Internet
017c23	cSC3Internet::ReadPreferenceOverrides(void)	ReadPreferenceOverrides__12cSC3Internet	sc3u_demo.x86	tokens:155.4
01863f	cSC3Internet::WritePreferences(void)	WritePreferences__12cSC3Internet	sc3u_demo.x86	vtable:__vt_12cSC3Internet
0187ab	cSC3ChatSystem::cSC3ChatSystem(void)	__14cSC3ChatSystem	sc3u_demo.x86	tokens:9.7
018944	cSC3ChatSystem::~cSC3ChatSystem(void)	_._14cSC3ChatSystem	sc3u_demo.x86	vtable:__vt_14cSC3ChatSystem
018a54	cSC3ChatSystem::Init(void)	Init__14cSC3ChatSystem	sc3u_demo.x86	vtable:__vt_14cSC3ChatSystem
018b4d	cSC3ChatSystem::Shutdown(void)	Shutdown__14cSC3ChatSystem	sc3u_demo.x86	vtable:__vt_14cSC3ChatSystem
018c71	cSC3ChatSystem::DoMessage(cGZMessage &)	DoMessage__14cSC3ChatSystemR10cGZMessage	sc3u_demo.x86	tokens:102.5
018fe9	cSC3ChatSystem::QueryInterface(unsigned int, void **)	QueryInterface__14cSC3ChatSystemUiPPv	sc3u_demo.x86	vtable:__vt_14cSC3ChatSystem
019025	cSC3ChatSystem::AddRef(void)	AddRef__14cSC3ChatSystem	sc3u_demo.x86	vtable:__vt_14cSC3ChatSystem
01902c	cSC3ChatSystem::Release(void)	Release__14cSC3ChatSystem	sc3u_demo.x86	vtable:__vt_14cSC3ChatSystem
01904a	cSC3ChatSystem::SetSC3Internet(cISC3Internet *)	SetSC3Internet__14cSC3ChatSystemP13cISC3Internet	sc3u_demo.x86	vtable:__vt_14cSC3ChatSystem
019071	cSC3ChatSystem::GetUserNickName(cIGZString &)	GetUserNickName__14cSC3ChatSystemR10cIGZString	sc3u_demo.x86	vtable:__vt_14cSC3ChatSystem
01908f	cSC3ChatSystem::SetUserNickName(cIGZString const &)	SetUserNickName__14cSC3ChatSystemRC10cIGZString	sc3u_demo.x86	tokens:29.1
0192cb	cSC3ChatSystem::GetUserPassword(cIGZString &)	GetUserPassword__14cSC3ChatSystemR10cIGZString	sc3u_demo.x86	vtable:__vt_14cSC3ChatSystem
0192e9	cSC3ChatSystem::SetUserPassword(cIGZString const &)	SetUserPassword__14cSC3ChatSystemRC10cIGZString	sc3u_demo.x86	vtable:__vt_14cSC3ChatSystem
019348	cSC3ChatSystem::GetChatServerURL(cIGZString &)	GetChatServerURL__14cSC3ChatSystemR10cIGZString	sc3u_demo.x86	vtable:__vt_14cSC3ChatSystem
019364	cSC3ChatSystem::SetChatServerURL(cIGZString const &)	SetChatServerURL__14cSC3ChatSystemRC10cIGZString	sc3u_demo.x86	vtable:__vt_14cSC3ChatSystem
0193bc	cSC3ChatSystem::IsConnected(void)	IsConnected__14cSC3ChatSystem	sc3u_demo.x86	vtable:__vt_14cSC3ChatSystem
0193d7	cSC3ChatSystem::IsDisconnected(void)	IsDisconnected__14cSC3ChatSystem	sc3u_demo.x86	vtable:__vt_14cSC3ChatSystem
0193ef	cSC3ChatSystem::StartChat(void)	StartChat__14cSC3ChatSystem	sc3u_demo.x86	vtable:__vt_14cSC3ChatSystem
019468	cSC3ChatSystem::DisplayMalformedCommandMessage(int)	DisplayMalformedCommandMessage__14cSC3ChatSystemi	sc3u_demo.x86	tokens:9.7
0194d5	cSC3ChatSystem::DisplayNeedsToBeConnectedMessage(int)	DisplayNeedsToBeConnectedMessage__14cSC3ChatSystemi	sc3u_demo.x86	tokens:9.7
019542	cSC3ChatSystem::SendSimMessageToCurrentRoom(ChatSimMessage const &)	SendSimMessageToCurrentRoom__14cSC3ChatSystemRC14ChatSimMessage	sc3u_demo.x86	vtable:__vt_14cSC3ChatSystem
019620	cSC3ChatSystem::SendSimMessageToUser(ChatSimMessage const &, cIGZString &)	SendSimMessageToUser__14cSC3ChatSystemRC14ChatSimMessageR10cIGZString	sc3u_demo.x86	vtable:__vt_14cSC3ChatSystem
01984f	cSC3ChatSystem::SetupClientUserAndServerInfo(void)	SetupClientUserAndServerInfo__14cSC3ChatSystem	sc3u_demo.x86	tokens:18.7
019ad5	cSC3ChatSystem::EndChat(void)	EndChat__14cSC3ChatSystem	sc3u_demo.x86	vtable:__vt_14cSC3ChatSystem
019af7	cSC3ChatSystem::DoIdleProcessing(void)	DoIdleProcessing__14cSC3ChatSystem	sc3u_demo.x86	vtable:__vt_14cSC3ChatSystem
019c6c	cSC3ChatSystem::DoChannelJoinPartMessage(IRCJoinLeaveStruct *)	DoChannelJoinPartMessage__14cSC3ChatSystemP18IRCJoinLeaveStruct	sc3u_demo.x86	caller
01a088	cSC3ChatSystem::DoDCCMessage(IRCUserCTCPMessageStruct *)	DoDCCMessage__14cSC3ChatSystemP24IRCUserCTCPMessageStruct	sc3u_demo.x86	tokens:57.2
01a7d4	cSC3ChatSystem::DoMiscCTCPMessage(IRCUserCTCPMessageStruct *)	DoMiscCTCPMessage__14cSC3ChatSystemP24IRCUserCTCPMessageStruct	sc3u_demo.x86	tokens:94.1
01ae36	cSC3ChatSystem::SetParentWindow(cIGZWin *)	SetParentWindow__14cSC3ChatSystemP7cIGZWin	sc3u_demo.x86	vtable:__vt_14cSC3ChatSystem
01ae65	cSC3ChatSystem::DoUserStringCommand(cIGZString const &, InternetUserCommand, vector<cRZString, allocator<cRZString> > const &)	DoUserStringCommand__14cSC3ChatSystemRC10cIGZString19InternetUserCommandRCt6vector2Z9cRZStringZt9allocator1Z9cRZString	sc3u_demo.x86	tokens:290.5
01c814	cSC3ChatSystem::GetSavedChatText(vector<cRZString, allocator<cRZString> > **)	GetSavedChatText__14cSC3ChatSystemPPt6vector2Z9cRZStringZt9allocator1Z9cRZString	sc3u_demo.x86	vtable:__vt_14cSC3ChatSystem
01c82d	cSC3ChatSystem::SetSavedChatText(vector<cRZString, allocator<cRZString> > const &)	SetSavedChatText__14cSC3ChatSystemRCt6vector2Z9cRZStringZt9allocator1Z9cRZString	sc3u_demo.x86	vtable:__vt_14cSC3ChatSystem
01c841	cSC3ChatSystem::GetSavedChatRoomTitle(cIGZString &)	GetSavedChatRoomTitle__14cSC3ChatSystemR10cIGZString	sc3u_demo.x86	vtable:__vt_14cSC3ChatSystem
01c865	cSC3ChatSystem::SetSavedChatRoomTitle(cIGZString const &)	SetSavedChatRoomTitle__14cSC3ChatSystemRC10cIGZString	sc3u_demo.x86	vtable:__vt_14cSC3ChatSystem
01c8c0	cSC3ChatSystem::GetSavedChatRoomMemberList(vector<cRZString, allocator<cRZString> > **)	GetSavedChatRoomMemberList__14cSC3ChatSystemPPt6vector2Z9cRZStringZt9allocator1Z9cRZString	sc3u_demo.x86	vtable:__vt_14cSC3ChatSystem
01c8d9	cSC3ChatSystem::SetSavedChatRoomMemberList(vector<cRZString, allocator<cRZString> > const &)	SetSavedChatRoomMemberList__14cSC3ChatSystemRCt6vector2Z9cRZStringZt9allocator1Z9cRZString	sc3u_demo.x86	vtable:__vt_14cSC3ChatSystem
01c8ed	cSC3ChatSystem::GetSavedChatRoomList(vector<cRZString, allocator<cRZString> > **)	GetSavedChatRoomList__14cSC3ChatSystemPPt6vector2Z9cRZStringZt9allocator1Z9cRZString	sc3u_demo.x86	vtable:__vt_14cSC3ChatSystem
01c906	cSC3ChatSystem::SetSavedChatRoomList(vector<cRZString, allocator<cRZString> > const &)	SetSavedChatRoomList__14cSC3ChatSystemRCt6vector2Z9cRZStringZt9allocator1Z9cRZString	sc3u_demo.x86	vtable:__vt_14cSC3ChatSystem
01c91a	cSC3ChatSystem::GetIRCClient(void)	GetIRCClient__14cSC3ChatSystem	sc3u_demo.x86	vtable:__vt_14cSC3ChatSystem
01c921	cSC3ChatSystem::GetChatWindowType(void)	GetChatWindowType__14cSC3ChatSystem	sc3u_demo.x86	vtable:__vt_14cSC3ChatSystem
01c928	cSC3ChatSystem::SetChatWindowType(cISC3ChatSystem::ChatWindowType)	SetChatWindowType__14cSC3ChatSystemQ215cISC3ChatSystem14ChatWindowType	sc3u_demo.x86	vtable:__vt_14cSC3ChatSystem
01c95b	cSC3ChatSystem::GetWinChatGeneral(void)	GetWinChatGeneral__14cSC3ChatSystem	sc3u_demo.x86	vtable:__vt_14cSC3ChatSystem
01c988	cSC3ChatSystem::ViewWinChatGeneral(void)	ViewWinChatGeneral__14cSC3ChatSystem	sc3u_demo.x86	vtable:__vt_14cSC3ChatSystem
01c98b	cSC3ChatSystem::HideWinChatGeneral(bool)	HideWinChatGeneral__14cSC3ChatSystemb	sc3u_demo.x86	vtable:__vt_14cSC3ChatSystem
01c9e6	cSC3ChatSystem::GetWinChatFriends(void)	GetWinChatFriends__14cSC3ChatSystem	sc3u_demo.x86	vtable:__vt_14cSC3ChatSystem
01c9ed	cSC3ChatSystem::ViewWinChatFriends(void)	ViewWinChatFriends__14cSC3ChatSystem	sc3u_demo.x86	vtable:__vt_14cSC3ChatSystem
01c9f0	cSC3ChatSystem::HideWinChatFriends(bool)	HideWinChatFriends__14cSC3ChatSystemb	sc3u_demo.x86	vtable:__vt_14cSC3ChatSystem
01ca54	cSC3ChatSystem::GetWinChatAllUsers(void)	GetWinChatAllUsers__14cSC3ChatSystem	sc3u_demo.x86	vtable:__vt_14cSC3ChatSystem
01ca5b	cSC3ChatSystem::ViewWinChatAllUsers(void)	ViewWinChatAllUsers__14cSC3ChatSystem	sc3u_demo.x86	vtable:__vt_14cSC3ChatSystem
01ca5e	cSC3ChatSystem::HideWinChatAllUsers(bool)	HideWinChatAllUsers__14cSC3ChatSystemb	sc3u_demo.x86	vtable:__vt_14cSC3ChatSystem
01cac2	cSC3ChatSystem::ShowWinChatControls(void)	ShowWinChatControls__14cSC3ChatSystem	sc3u_demo.x86	vtable:__vt_14cSC3ChatSystem
01cac5	cSC3ChatSystem::ShowWinChatConfig(void)	ShowWinChatConfig__14cSC3ChatSystem	sc3u_demo.x86	vtable:__vt_14cSC3ChatSystem
01cac8	cSC3ChatSystem::ViewRoomProperties(void)	ViewRoomProperties__14cSC3ChatSystem	sc3u_demo.x86	vtable:__vt_14cSC3ChatSystem
01cacb	cSC3ChatSystem::ReadPreferences(cGZDBSegmentIndexedFile *)	ReadPreferences__14cSC3ChatSystemP23cGZDBSegmentIndexedFile	sc3u_demo.x86	caller
01cec7	cSC3TransferSystem::cSC3TransferSystem(void)	__18cSC3TransferSystem	sc3u_demo.x86	callee
01cf1b	cSC3TransferSystem::~cSC3TransferSystem(void)	_._18cSC3TransferSystem	sc3u_demo.x86	vtable:__vt_18cSC3TransferSystem
01cf86	cSC3TransferSystem::Init(void)	Init__18cSC3TransferSystem	sc3u_demo.x86	vtable:__vt_18cSC3TransferSystem
01d027	cSC3TransferSystem::Shutdown(void)	Shutdown__18cSC3TransferSystem	sc3u_demo.x86	vtable:__vt_18cSC3TransferSystem
01d075	cSC3TransferSystem::GetGraphicsQuality0to100(void)	GetGraphicsQuality0to100__18cSC3TransferSystem	sc3u_demo.x86	vtable:__vt_18cSC3TransferSystem
01d079	cSC3TransferSystem::SetGraphicsQuality0to100(unsigned int)	SetGraphicsQuality0to100__18cSC3TransferSystemUi	sc3u_demo.x86	vtable:__vt_18cSC3TransferSystem
01d092	cSC3TransferSystem::SetSC3Internet(cISC3Internet *)	SetSC3Internet__18cSC3TransferSystemP13cISC3Internet	sc3u_demo.x86	vtable:__vt_18cSC3TransferSystem
01d0b9	cSC3TransferSystem::SetParentWindow(cIGZWin *)	SetParentWindow__18cSC3TransferSystemP7cIGZWin	sc3u_demo.x86	vtable:__vt_18cSC3TransferSystem
01d0e0	cSC3TransferSystem::ShowImageBrowser(bool, bool, cIGZString *, bool)	ShowImageBrowser__18cSC3TransferSystembT1P10cIGZStringT1	sc3u_demo.x86	vtable:__vt_18cSC3TransferSystem
01d264	cSC3TransferSystem::IsImageBrowserShown(void)	IsImageBrowserShown__18cSC3TransferSystem	sc3u_demo.x86	vtable:__vt_18cSC3TransferSystem
01d28c	cSC3TransferSystem::GetImageBrowser(void)	GetImageBrowser__18cSC3TransferSystem	sc3u_demo.x86	vtable:__vt_18cSC3TransferSystem
01d29a	cSC3TransferSystem::TakeSnapshot(unsigned int)	TakeSnapshot__18cSC3TransferSystemUi	sc3u_demo.x86	vtable:__vt_18cSC3TransferSystem
01d2bc	cSC3TransferSystem::DoUserStringCommand(cIGZString const &, InternetUserCommand, vector<cRZString, allocator<cRZString> > const &)	DoUserStringCommand__18cSC3TransferSystemRC10cIGZString19InternetUserCommandRCt6vector2Z9cRZStringZt9allocator1Z9cRZString	sc3u_demo.x86	tokens:48.6
01dce4	cSC3TransferSystem::GetDownloadDirectory(cIGZString &)	GetDownloadDirectory__18cSC3TransferSystemR10cIGZString	sc3u_demo.x86	vtable:__vt_18cSC3TransferSystem
01dd00	cSC3TransferSystem::SetDownloadDirectory(cIGZString const &, bool)	SetDownloadDirectory__18cSC3TransferSystemRC10cIGZStringb	sc3u_demo.x86	vtable:__vt_18cSC3TransferSystem
01de32	cSC3TransferSystem::MakeSureDownloadDirectoryExists(bool)	MakeSureDownloadDirectoryExists__18cSC3TransferSystemb	sc3u_demo.x86	vtable:__vt_18cSC3TransferSystem
01df45	cSC3TransferSystem::CopyFileIntoViewerDirectory(cIGZString const &)	CopyFileIntoViewerDirectory__18cSC3TransferSystemRC10cIGZString	sc3u_demo.x86	vtable:__vt_18cSC3TransferSystem
01e048	cSC3TransferSystem::CopyFileFromViewerDirectoryToAnotherDirectory(cIGZString const &, cIGZString const &)	CopyFileFromViewerDirectoryToAnotherDirectory__18cSC3TransferSystemRC10cIGZStringT1	sc3u_demo.x86	vtable:__vt_18cSC3TransferSystem
01e100	cSC3TransferSystem::ProcessSendRecvRequest(bool, cISC3TransferSystem::TransferType, cIGZString const &, cIGZString const &, unsigned int, unsigned int, unsigned int)	ProcessSendRecvRequest__18cSC3TransferSystembQ219cISC3TransferSystem12TransferTypeRC10cIGZStringT3UiUiUi	sc3u_demo.x86	tokens:121.9
01e79d	cSC3TransferSystem::InitiateTransfer(bool, cISC3TransferSystem::TransferType, cIGZString const &, cIGZString const &, unsigned int, unsigned short, unsigned int)	InitiateTransfer__18cSC3TransferSystembQ219cISC3TransferSystem12TransferTypeRC10cIGZStringT3UiUsUi	sc3u_demo.x86	tokens:48.6
01eb0b	cSC3TransferSystem::SendFileSendRecvRequest(bool, cISC3TransferSystem::TransferType, cIGZString const &, cIGZString const &, unsigned int, unsigned int, unsigned int)	SendFileSendRecvRequest__18cSC3TransferSystembQ219cISC3TransferSystem12TransferTypeRC10cIGZStringT3UiUiUi	sc3u_demo.x86	tokens:58.3
01ece2	cSC3TransferSystem::SendClientServerInfo(cISC3TransferSystem::TransferType, cIGZString const &, cIGZString const &, unsigned int, unsigned int, unsigned int)	SendClientServerInfo__18cSC3TransferSystemQ219cISC3TransferSystem12TransferTypeRC10cIGZStringT2UiUiUi	sc3u_demo.x86	caller
01edb7	cSC3TransferSystem::DoIdleProcessing(void)	DoIdleProcessing__18cSC3TransferSystem	sc3u_demo.x86	vtable:__vt_18cSC3TransferSystem
01edcd	cSC3TransferSystem::GetScreen(cISC3TransferSystem::TransferType, bool)	GetScreen__18cSC3TransferSystemQ219cISC3TransferSystem12TransferTypeb	sc3u_demo.x86	vtable:__vt_18cSC3TransferSystem
01ee68	cSC3TransferSystem::GetNameOfScreen(cISC3TransferSystem::TransferType, cIGZString &)	GetNameOfScreen__18cSC3TransferSystemQ219cISC3TransferSystem12TransferTypeR10cIGZString	sc3u_demo.x86	tokens:19.4
01f15c	cRZTime::IsDST(void) const	IsDST__C7cRZTime	sc3u_demo.x86	tokens:17.1
01f371	cSC3TransferSystem::QueryInterface(unsigned int, void **)	QueryInterface__18cSC3TransferSystemUiPPv	sc3u_demo.x86	vtable:__vt_18cSC3TransferSystem
01f3ad	cSC3TransferSystem::AddRef(void)	AddRef__18cSC3TransferSystem	sc3u_demo.x86	vtable:__vt_18cSC3TransferSystem
01f3b4	cSC3TransferSystem::Release(void)	Release__18cSC3TransferSystem	sc3u_demo.x86	vtable:__vt_18cSC3TransferSystem
020274	virtual function thunk (delta:-4) for cSC3Internet::QueryInterface(unsigned int, void **)	__thunk_4_QueryInterface__12cSC3InternetUiPPv	sc3u_demo.x86	caller
02027c	virtual function thunk (delta:-4) for cSC3Internet::AddRef(void)	__thunk_4_AddRef__12cSC3Internet	sc3u_demo.x86	caller
020284	virtual function thunk (delta:-4) for cSC3Internet::Release(void)	__thunk_4_Release__12cSC3Internet	sc3u_demo.x86	caller
02028c	virtual function thunk (delta:-4) for cSC3ChatSystem::QueryInterface(unsigned int, void **)	__thunk_4_QueryInterface__14cSC3ChatSystemUiPPv	sc3u_demo.x86	caller
020294	virtual function thunk (delta:-4) for cSC3ChatSystem::AddRef(void)	__thunk_4_AddRef__14cSC3ChatSystem	sc3u_demo.x86	caller
02029c	virtual function thunk (delta:-4) for cSC3ChatSystem::Release(void)	__thunk_4_Release__14cSC3ChatSystem	sc3u_demo.x86	caller
0202a4	virtual function thunk (delta:-4) for cSC3TransferSystem::QueryInterface(unsigned int, void **)	__thunk_4_QueryInterface__18cSC3TransferSystemUiPPv	sc3u_demo.x86	caller
0202ac	virtual function thunk (delta:-4) for cSC3TransferSystem::AddRef(void)	__thunk_4_AddRef__18cSC3TransferSystem	sc3u_demo.x86	caller
0202b4	virtual function thunk (delta:-4) for cSC3TransferSystem::Release(void)	__thunk_4_Release__18cSC3TransferSystem	sc3u_demo.x86	caller
02041c	cGZWinTextTicker::SetSpeed(unsigned int)	SetSpeed__16cGZWinTextTickerUi	sc3u_demo.x86	vtable:__vt_12cSC3Newscast
020429	cGZWinTextTicker::SetFrequency(unsigned int)	SetFrequency__16cGZWinTextTickerUi	sc3u_demo.x86	vtable:__vt_12cSC3Newscast
020504	cSC3Newscast::QueryInterface(unsigned int, void **)	QueryInterface__12cSC3NewscastUiPPv	sc3u_demo.x86	tokens:9.7
02054f	cSC3Newscast::Init(void)	Init__12cSC3Newscast	sc3u_demo.x86	tokens:468.1
021e2b	cSC3Newscast::GetNextMessage(void)	GetNextMessage__12cSC3Newscast	sc3u_demo.x86	vtable:__vt_12cSC3Newscast
0223bb	cSC3Newscast::RemoveMessage(unsigned int)	RemoveMessage__12cSC3NewscastUi	sc3u_demo.x86	vtable:__vt_12cSC3Newscast
0224ca	cSC3Newscast::AsIGZWin(void)	AsIGZWin__12cSC3Newscast	sc3u_demo.x86	vtable:__vt_12cSC3Newscast
02252d	cSC3Newscast::tickerFileEnum(cRZString const &, cRZString const &, void *)	tickerFileEnum__12cSC3NewscastRC9cRZStringT1Pv	sc3u_demo.x86	tokens:27.4
0229e0	cSC3Newscast::LoadTickerInfo(void)	LoadTickerInfo__12cSC3Newscast	sc3u_demo.x86	tokens:28.0
0235bc	virtual function thunk (delta:-268) for cSC3Newscast::AsIGZWin(void)	__thunk_268_AsIGZWin__12cSC3Newscast	sc3u_demo.x86	caller
0235c7	virtual function thunk (delta:-268) for cSC3Newscast::RemoveMessage(unsigned int)	__thunk_268_RemoveMessage__12cSC3NewscastUi	sc3u_demo.x86	caller
0235e0	cRZLock::~cRZLock(void)	_._7cRZLock	sc3u_demo.x86	vtable:__vt_7cRZLock
023c90	cSC3OccupantManagerAnim::Init(cISC3City *, unsigned int)	Init__23cSC3OccupantManagerAnimP9cISC3CityUi	sc3u_demo.x86	vtable:__vt_23cSC3OccupantManagerAnim
023d30	cSC3OccupantManagerAnim::Shutdown(void)	Shutdown__23cSC3OccupantManagerAnim	sc3u_demo.x86	vtable:__vt_23cSC3OccupantManagerAnim
023da0	cSC3OccupantManagerAnim::GetCellsInX(void)	GetCellsInX__23cSC3OccupantManagerAnim	sc3u_demo.x86	vtable:__vt_23cSC3OccupantManagerAnim
023db0	cSC3OccupantManagerAnim::GetAnimCellsInX(void)	GetAnimCellsInX__23cSC3OccupantManagerAnim	sc3u_demo.x86	vtable:__vt_23cSC3OccupantManagerAnim
023dc0	cSC3OccupantManagerAnim::GetWorldUnitsInX(void)	GetWorldUnitsInX__23cSC3OccupantManagerAnim	sc3u_demo.x86	vtable:__vt_23cSC3OccupantManagerAnim
023de0	cSC3OccupantManagerAnim::GetCellsInZ(void)	GetCellsInZ__23cSC3OccupantManagerAnim	sc3u_demo.x86	vtable:__vt_23cSC3OccupantManagerAnim
023df0	cSC3OccupantManagerAnim::GetAnimCellsInZ(void)	GetAnimCellsInZ__23cSC3OccupantManagerAnim	sc3u_demo.x86	vtable:__vt_23cSC3OccupantManagerAnim
023e00	cSC3OccupantManagerAnim::GetWorldUnitsInZ(void)	GetWorldUnitsInZ__23cSC3OccupantManagerAnim	sc3u_demo.x86	vtable:__vt_23cSC3OccupantManagerAnim
023e20	cSC3OccupantManagerAnim::GetCellsInY(void)	GetCellsInY__23cSC3OccupantManagerAnim	sc3u_demo.x86	vtable:__vt_23cSC3OccupantManagerAnim
023e30	cSC3OccupantManagerAnim::GetAnimCellsInY(void)	GetAnimCellsInY__23cSC3OccupantManagerAnim	sc3u_demo.x86	vtable:__vt_23cSC3OccupantManagerAnim
023e40	cSC3OccupantManagerAnim::GetWorldUnitsInY(void)	GetWorldUnitsInY__23cSC3OccupantManagerAnim	sc3u_demo.x86	vtable:__vt_23cSC3OccupantManagerAnim
023ee0	cSC3OccupantManagerAnim::RegisterChangeReceiver(cISC3CityChangeReceiver *, unsigned int &, bool)	RegisterChangeReceiver__23cSC3OccupantManagerAnimP23cISC3CityChangeReceiverRUib	sc3u_demo.x86	vtable:__vt_23cSC3OccupantManagerAnim
023ff0	cSC3OccupantManagerAnim::UnregisterChangeReceiver(cISC3CityChangeReceiver *)	UnregisterChangeReceiver__23cSC3OccupantManagerAnimP23cISC3CityChangeReceiver	sc3u_demo.x86	vtable:__vt_23cSC3OccupantManagerAnim
0240f0	cSC3OccupantManagerAnim::UnregisterAllChangeReceivers(void)	UnregisterAllChangeReceivers__23cSC3OccupantManagerAnim	sc3u_demo.x86	vtable:__vt_23cSC3OccupantManagerAnim
0246b0	cSC3OccupantManagerAnim::RemoveOccupants(cSC3CityBounds const *, cISC3OccManIteratorTest *)	RemoveOccupants__23cSC3OccupantManagerAnimPC14cSC3CityBoundsP23cISC3OccManIteratorTest	sc3u_demo.x86	vtable:__vt_23cSC3OccupantManagerAnim
024a00	cSC3OccupantManagerAnim::RemoveAllOccupants(void)	RemoveAllOccupants__23cSC3OccupantManagerAnim	sc3u_demo.x86	vtable:__vt_23cSC3OccupantManagerAnim
025020	cSC3OccupantManagerAnim::SetTest(cISC3OccManIteratorTest *, bool)	SetTest__23cSC3OccupantManagerAnimP23cISC3OccManIteratorTestb	sc3u_demo.x86	vtable:__vt_23cSC3OccupantManagerAnim
0250c0	cSC3OccupantManagerAnim::ShowOrHideOccupants(cISC3OccManIteratorTest *)	ShowOrHideOccupants__23cSC3OccupantManagerAnimP23cISC3OccManIteratorTest	sc3u_demo.x86	vtable:__vt_23cSC3OccupantManagerAnim
0253b0	cSC3OccupantManagerAnim::SetShouldTick(cISC3Occupant *, bool)	SetShouldTick__23cSC3OccupantManagerAnimP13cISC3Occupantb	sc3u_demo.x86	vtable:__vt_23cSC3OccupantManagerAnim
025460	cSC3OccupantManagerAnim::GetShouldTick(cISC3Occupant *)	GetShouldTick__23cSC3OccupantManagerAnimP13cISC3Occupant	sc3u_demo.x86	vtable:__vt_23cSC3OccupantManagerAnim
0254d0	cSC3OccupantManagerAnim::IsInBoundsCell(unsigned int, unsigned int)	IsInBoundsCell__23cSC3OccupantManagerAnimUiUi	sc3u_demo.x86	vtable:__vt_23cSC3OccupantManagerAnim
025580	cSC3OccupantManagerAnim::DoDeferredAdditionsAndRemovals(void)	DoDeferredAdditionsAndRemovals__23cSC3OccupantManagerAnim	sc3u_demo.x86	vtable:__vt_23cSC3OccupantManagerAnim
025720	cSC3OccupantManagerAnim::IsInBoundsAnimCell(unsigned int, unsigned int)	IsInBoundsAnimCell__23cSC3OccupantManagerAnimUiUi	sc3u_demo.x86	vtable:__vt_23cSC3OccupantManagerAnim
025750	cSC3OccupantManagerAnim::IsInBoundsWorld(float, float)	IsInBoundsWorld__23cSC3OccupantManagerAnimff	sc3u_demo.x86	vtable:__vt_23cSC3OccupantManagerAnim
0257b0	cSC3OccupantManagerAnim::GetIterator(cISC3OccManIterator **)	GetIterator__23cSC3OccupantManagerAnimPP19cISC3OccManIterator	sc3u_demo.x86	vtable:__vt_23cSC3OccupantManagerAnim
025820	cSC3OccupantManagerAnim::GetOccupants(cISC3OccManIterator **, cSC3CityBounds const *, cISC3OccManIteratorTest *)	GetOccupants__23cSC3OccupantManagerAnimPP19cISC3OccManIteratorPC14cSC3CityBoundsP23cISC3OccManIteratorTest	sc3u_demo.x86	vtable:__vt_23cSC3OccupantManagerAnim
0258c0	cSC3OccupantManagerAnim::GetOccupantsInVolume(cSC3CityBounds const &, cISC3Occupant **, unsigned int &)	GetOccupantsInVolume__23cSC3OccupantManagerAnimRC14cSC3CityBoundsPP13cISC3OccupantRUi	sc3u_demo.x86	vtable:__vt_23cSC3OccupantManagerAnim
025b20	cSC3OccupantManagerAnim::QueryInterface(unsigned int, void **)	QueryInterface__23cSC3OccupantManagerAnimUiPPv	sc3u_demo.x86	tokens:29.1
025c10	cSC3OccupantManagerAnim::AddRef(void)	AddRef__23cSC3OccupantManagerAnim	sc3u_demo.x86	vtable:__vt_23cSC3OccupantManagerAnim
025c40	cSC3OccupantManagerAnim::Release(void)	Release__23cSC3OccupantManagerAnim	sc3u_demo.x86	vtable:__vt_23cSC3OccupantManagerAnim
026140	cSC3OccupantManagerAnim::DoAnimationTick(void)	DoAnimationTick__23cSC3OccupantManagerAnim	sc3u_demo.x86	tokens:52.9
026870	cSC3OccupantManagerAnim::GetSenderId(void) const	GetSenderId__C23cSC3OccupantManagerAnim	sc3u_demo.x86	vtable:__vt_23cSC3OccupantManagerAnim
0268a0	cSC3OccupantManagerAnim::~cSC3OccupantManagerAnim(void)	_._23cSC3OccupantManagerAnim	sc3u_demo.x86	vtable:__vt_23cSC3OccupantManagerAnim
0283e4	cSC3CheatCodeEntryDialog::Init(void)	Init__24cSC3CheatCodeEntryDialog	sc3u_demo.x86	tokens:27.6
028687	virtual function thunk (delta:-156) for cGZWinGenDlg::QueryInterface(unsigned int, void **)	__thunk_156_QueryInterface__12cGZWinGenDlgUiPPv	sc3u_demo.x86	caller
028801	cSC3WinCredits::Init(void)	Init__14cSC3WinCredits	sc3u_demo.x86	tokens:103.1
029e76	cSC3WinDancingBear::Init(void)	Init__18cSC3WinDancingBear	sc3u_demo.x86	tokens:9.7
029f21	cSC3WinDancingBear::GZOnMouseDownL(int, int, unsigned int)	GZOnMouseDownL__18cSC3WinDancingBeariiUi	sc3u_demo.x86	caller
02a3d2	cSC3WinDancingBear::QueryInterface(unsigned int, void **)	QueryInterface__18cSC3WinDancingBearUiPPv	sc3u_demo.x86	tokens:9.7
02a425	virtual function thunk (delta:-156) for cSC3WinDancingBear::QueryInterface(unsigned int, void **)	__thunk_156_QueryInterface__18cSC3WinDancingBearUiPPv	sc3u_demo.x86	caller
02aacb	cSC3WinGraphicsViewer::cSC3WinGraphicsViewer(void)	__21cSC3WinGraphicsViewer	sc3u_demo.x86	tokens:63.4
02ad54	cSC3WinGraphicsViewer::~cSC3WinGraphicsViewer(void)	_._21cSC3WinGraphicsViewer	sc3u_demo.x86	vtable:__vt_21cSC3WinGraphicsViewer
02ae62	cSC3WinGraphicsViewer::QueryInterface(unsigned int, void **)	QueryInterface__21cSC3WinGraphicsViewerUiPPv	sc3u_demo.x86	vtable:__vt_21cSC3WinGraphicsViewer
02ae84	cSC3WinGraphicsViewer::AddRef(void)	AddRef__21cSC3WinGraphicsViewer	sc3u_demo.x86	vtable:__vt_21cSC3WinGraphicsViewer
02ae8b	cSC3WinGraphicsViewer::Release(void)	Release__21cSC3WinGraphicsViewer	sc3u_demo.x86	vtable:__vt_21cSC3WinGraphicsViewer
02aea6	cSC3WinGraphicsViewer::CreateGraphicsViewerWindow(cIGZWin *&)	CreateGraphicsViewerWindow__21cSC3WinGraphicsViewerRP7cIGZWin	sc3u_demo.x86	tokens:26.3
02affa	cSC3WinGraphicsViewer::on_init(cIGZWin *)	on_init__21cSC3WinGraphicsViewerP7cIGZWin	sc3u_demo.x86	tokens:145.9
02bf70	cGZWinTextEditGVExtra::GZOnSetFocus(cIGZWin *)	GZOnSetFocus__21cGZWinTextEditGVExtraP7cIGZWin	sc3u_demo.x86	caller
02c112	cSC3WinGraphicsViewer::DoWinMsg(cIGZWin *, unsigned int, unsigned int, unsigned int, unsigned int)	DoWinMsg__21cSC3WinGraphicsViewerP7cIGZWinUiUiUiUi	sc3u_demo.x86	tokens:61.6
02d2a7	cSC3WinGraphicsViewer::AlbumExists(cRZString const &, unsigned int)	AlbumExists__21cSC3WinGraphicsViewerRC9cRZStringUi	sc3u_demo.x86	tokens:9.7
02d31d	cSC3WinGraphicsViewer::CreateAlbum(cRZString const &, unsigned int)	CreateAlbum__21cSC3WinGraphicsViewerRC9cRZStringUi	sc3u_demo.x86	tokens:17.2
02dae0	cSC3WinGraphicsViewer::DeleteAlbum(unsigned int)	DeleteAlbum__21cSC3WinGraphicsViewerUi	sc3u_demo.x86	tokens:36.3
02f2f2	cSC3WinGraphicsViewer::GetInformationOfTransferFile(cRZString const &, cRZString &)	GetInformationOfTransferFile__21cSC3WinGraphicsViewerRC9cRZStringR9cRZString	sc3u_demo.x86	tokens:9.7
03039b	cSC3WinGraphicsViewer::set_to_no_image_file(bool)	set_to_no_image_file__21cSC3WinGraphicsViewerb	sc3u_demo.x86	tokens:17.4
0309fc	cSC3WinGraphicsViewer::GetNewTempFileName(cRZString const &, cRZString &)	GetNewTempFileName__21cSC3WinGraphicsViewerRC9cRZStringR9cRZString	sc3u_demo.x86	tokens:18.2
030e6b	cSC3WinSnapshotTaker::Init(void)	Init__20cSC3WinSnapshotTaker	sc3u_demo.x86	tokens:18.7
03159c	cSC3WinSnapshotTaker::CreateWinSnapshotTaker(cIGZWin *, unsigned int)	CreateWinSnapshotTaker__20cSC3WinSnapshotTakerP7cIGZWinUi	sc3u_demo.x86	tokens:18.3
03191f	cSC3WinSnapshotTaker::DoMessage(cGZMessage &)	DoMessage__20cSC3WinSnapshotTakerR10cGZMessage	sc3u_demo.x86	caller
031a6e	cSC3WinSnapshotTaker::TakeSnapshot(bool)	TakeSnapshot__20cSC3WinSnapshotTakerb	sc3u_demo.x86	caller
031d78	cSC3WinSnapshotTaker::AddWatermarkToBuffer(cIGZBuffer *)	AddWatermarkToBuffer__20cSC3WinSnapshotTakerP10cIGZBuffer	sc3u_demo.x86	tokens:17.4
031ea7	cSC3WinSnapshotTaker::GetGraphicInfoForCurrentCity(cRZString &)	GetGraphicInfoForCurrentCity__20cSC3WinSnapshotTakerR9cRZString	sc3u_demo.x86	tokens:18.5
032527	cSC3WinSnapshotTaker::AddNewGraphicForCurrentCity(cISC3WinGraphicsViewer *, cRZString const &, bool)	AddNewGraphicForCurrentCity__20cSC3WinSnapshotTakerP22cISC3WinGraphicsViewerRC9cRZStringb	sc3u_demo.x86	caller
032f7f	virtual function thunk (delta:-4) for cSC3WinGraphicsViewer::DoWinMsg(cIGZWin *, unsigned int, unsigned int, unsigned int, unsigned int)	__thunk_4_DoWinMsg__21cSC3WinGraphicsViewerP7cIGZWinUiUiUiUi	sc3u_demo.x86	caller
032f87	cGZWinTextEdit::QueryInterface(unsigned int, void **)	QueryInterface__14cGZWinTextEditUiPPv	sc3u_demo.x86	tokens:9.7
032fd4	cWinBMPView::QueryInterface(unsigned int, void **)	QueryInterface__11cWinBMPViewUiPPv	sc3u_demo.x86	tokens:9.7
033041	cSC3WinHTMLView::~cSC3WinHTMLView(void)	_._15cSC3WinHTMLView	sc3u_demo.x86	vtable:__vt_15cSC3WinHTMLView
03306b	cSC3WinHTMLView::QueryInterface(unsigned int, void **)	QueryInterface__15cSC3WinHTMLViewUiPPv	sc3u_demo.x86	vtable:__vt_15cSC3WinHTMLView
03308d	cSC3WinHTMLView::AddRef(void)	AddRef__15cSC3WinHTMLView	sc3u_demo.x86	vtable:__vt_15cSC3WinHTMLView
033094	cSC3WinHTMLView::Release(void)	Release__15cSC3WinHTMLView	sc3u_demo.x86	vtable:__vt_15cSC3WinHTMLView
0330af	cSC3WinHTMLView::on_init(cIGZWin *)	on_init__15cSC3WinHTMLViewP7cIGZWin	sc3u_demo.x86	tokens:56.5
0333f2	cSC3WinHTMLView::LoadSpinningLogoBuffers(void)	LoadSpinningLogoBuffers__15cSC3WinHTMLView	sc3u_demo.x86	tokens:17.4
033557	cSC3WinHTMLView::CreateHTMLViewWindow(cIGZWin *&)	CreateHTMLViewWindow__15cSC3WinHTMLViewRP7cIGZWin	sc3u_demo.x86	tokens:25.6
033699	cSC3WinHTMLView::DoWinMsg(cIGZWin *, unsigned int, unsigned int, unsigned int, unsigned int)	DoWinMsg__15cSC3WinHTMLViewP7cIGZWinUiUiUiUi	sc3u_demo.x86	tokens:60.8
033a25	cISC3ListItem::~cISC3ListItem(void)	_._13cISC3ListItem	sc3u_demo.x86	vtable:__vt_13cISC3ListItem
033ab0	cISC3ListItem::QueryInterface(unsigned int, void **)	QueryInterface__13cISC3ListItemUiPPv	sc3u_demo.x86	vtable:__vt_13cISC3ListItem
033ab5	cISC3ListItem::AddRef(void)	AddRef__13cISC3ListItem	sc3u_demo.x86	vtable:__vt_13cISC3ListItem
033abe	cISC3ListItem::Release(void)	Release__13cISC3ListItem	sc3u_demo.x86	vtable:__vt_13cISC3ListItem
033d28	cSC3WinListView::QueryInterface(unsigned int, void **)	QueryInterface__15cSC3WinListViewUiPPv	sc3u_demo.x86	tokens:9.7
0343a4	cSC3WinListView::GZOnMouseDownL(int, int, unsigned int)	GZOnMouseDownL__15cSC3WinListViewiiUi	sc3u_demo.x86	tokens:9.7
0349d6	cSC3WinListView::select_item(int)	select_item__15cSC3WinListViewi	sc3u_demo.x86	tokens:19.4
03552d	virtual function thunk (delta:-156) for cSC3WinListView::QueryInterface(unsigned int, void **)	__thunk_156_QueryInterface__15cSC3WinListViewUiPPv	sc3u_demo.x86	caller
03689f	cSC3SysInfoWindow::~cSC3SysInfoWindow(void)	_._17cSC3SysInfoWindow	sc3u_demo.x86	vtable:__vt_17cSC3SysInfoWindow
0368c2	cSC3SysInfoWindow::QueryInterface(unsigned int, void **)	QueryInterface__17cSC3SysInfoWindowUiPPv	sc3u_demo.x86	tokens:18.5
0368f1	cSC3SysInfoWindow::AddRef(void)	AddRef__17cSC3SysInfoWindow	sc3u_demo.x86	vtable:__vt_17cSC3SysInfoWindow
036908	cSC3SysInfoWindow::Release(void)	Release__17cSC3SysInfoWindow	sc3u_demo.x86	vtable:__vt_17cSC3SysInfoWindow
036945	cSC3SysInfoWindow::CreateSysInfoWindow(cIGZWin *&)	CreateSysInfoWindow__17cSC3SysInfoWindowRP7cIGZWin	sc3u_demo.x86	tokens:26.3
0369db	cSC3SysInfoWindow::DoWinMsg(cIGZWin *, unsigned int, unsigned int, unsigned int, unsigned int)	DoWinMsg__17cSC3SysInfoWindowP7cIGZWinUiUiUiUi	sc3u_demo.x86	vtable:__vt_17cSC3SysInfoWindow
036a94	cSC3SysInfoWindow::on_init(cIGZWin *)	on_init__17cSC3SysInfoWindowP7cIGZWin	sc3u_demo.x86	tokens:63.6
036e10	cSC3SysInfoWindow::on_button_activated(cIGZWin *, unsigned int)	on_button_activated__17cSC3SysInfoWindowP7cIGZWinUi	sc3u_demo.x86	tokens:16.5
036f31	cSC3SysInfoWindow::PutInfoIntoTheInfoListBoxWindow(cGZInfoListBoxWindow *)	PutInfoIntoTheInfoListBoxWindow__17cSC3SysInfoWindowP20cGZInfoListBoxWindow	sc3u_demo.x86	tokens:35.4
039764	cGZWin::GZOnCommand(unsigned int, unsigned int)	GZOnCommand__6cGZWinUiUi	sc3u_demo.x86	vtable:__vt_21cGZWinTextEditGVExtra
039769	cGZWinTextEditGVExtra::~cGZWinTextEditGVExtra(void)	_._21cGZWinTextEditGVExtra	sc3u_demo.x86	vtable:__vt_21cGZWinTextEditGVExtra
03976a	cGZWinTextEdit::InitializeMemberVariables(int)	InitializeMemberVariables__14cGZWinTextEditi	sc3u_demo.x86	vtable:__vt_21cGZWinTextEditGVExtra
03976b	cGZWinTextEdit::Init(void)	Init__14cGZWinTextEdit	sc3u_demo.x86	vtable:__vt_21cGZWinTextEditGVExtra
0397e0	cSC3WinMainMenuLabel::IsPointInWindowWindowCoordinates(int, int) const	IsPointInWindowWindowCoordinates__C20cSC3WinMainMenuLabelii	sc3u_demo.x86	caller
03980b	cGZWinTextEdit::GZPaint(void)	GZPaint__14cGZWinTextEdit	sc3u_demo.x86	vtable:__vt_21cGZWinTextEditGVExtra
0398c1	cGZWinTextEdit::IncrementInsertionPositionByWord(int)	IncrementInsertionPositionByWord__14cGZWinTextEditi	sc3u_demo.x86	vtable:__vt_21cGZWinTextEditGVExtra
0399c1	cGZWinTextEdit::SetSelection(unsigned int, unsigned int)	SetSelection__14cGZWinTextEditUiUi	sc3u_demo.x86	vtable:__vt_21cGZWinTextEditGVExtra
03a31e	get_main_menu_buffer_info(map<unsigned int, cGZResourceKey, less<unsigned int>, allocator<cGZResourceKey> > &)	get_main_menu_buffer_info__FRt3map4ZUiZ14cGZResourceKeyZt4less1ZUiZt9allocator1Z14cGZResourceKey	sc3u_demo.x86	tokens:112.3
03a8b9	cSC3MainMenu::Init(void)	Init__12cSC3MainMenu	sc3u_demo.x86	tokens:253.6
03b5cc	cSC3MainMenu::do_prefs(cIGZWin *)	do_prefs__12cSC3MainMenuP7cIGZWin	sc3u_demo.x86	tokens:9.7
03b9df	cSCToolBar::SCToolBarInit(cIGZWin *)	SCToolBarInit__10cSCToolBarP7cIGZWin	sc3u_demo.x86	tokens:27.5
03baa0	cSCToolBar::SCToolBarShutdown(void)	SCToolBarShutdown__10cSCToolBar	sc3u_demo.x86	callee
03c52b	cWinBMPView::SetZoomRangeMinMax(float, float)	SetZoomRangeMinMax__11cWinBMPViewff	sc3u_demo.x86	tokens:17.9
03cb11	cWinBMPView::WriteBMPToFile(cIGZBuffer const *, unsigned int, cIGZString &, unsigned int, cRZString const &)	WriteBMPToFile__11cWinBMPViewPC10cIGZBufferUiR10cIGZStringUiRC9cRZString	sc3u_demo.x86	tokens:42.8
03d489	cSC3WinLogo::GZPaint(void)	GZPaint__11cSC3WinLogo	sc3u_demo.x86	tokens:18.5
03daf6	cWinSC3::cWinSC3(void)	__7cWinSC3	sc3u_demo.x86	vtable-user:__vt_7cWinSC3.12cISC3WinMain
03db7b	cWinSC3::~cWinSC3(void)	_._7cWinSC3	sc3u_demo.x86	caller
03dc11	cWinSC3::Init(void)	Init__7cWinSC3	sc3u_demo.x86	tokens:26.7
03dd08	cWinSC3::Shutdown(void)	Shutdown__7cWinSC3	sc3u_demo.x86	caller
03dd9d	cWinSC3::DoDancingBear(void)	DoDancingBear__7cWinSC3	sc3u_demo.x86	tokens:26.2
03de7e	cWinSC3::init_toolbar(bool)	init_toolbar__7cWinSC3b	sc3u_demo.x86	caller
03de98	cWinSC3::DoMessage(cGZMessage &)	DoMessage__7cWinSC3R10cGZMessage	sc3u_demo.x86	tokens:26.3
03e05b	cWinSC3::DoTitleBackgroundScreen(void)	DoTitleBackgroundScreen__7cWinSC3	sc3u_demo.x86	tokens:26.8
03e4a3	cWinSC3::DoCopyRightScreen(bool)	DoCopyRightScreen__7cWinSC3b	sc3u_demo.x86	tokens:45.9
03e858	cWinSC3::DoShowWinCityView(void)	DoShowWinCityView__7cWinSC3	sc3u_demo.x86	tokens:76.1
03e9d8	cWinSC3::ActivateMainMenu(void)	ActivateMainMenu__7cWinSC3	sc3u_demo.x86	tokens:72.4
040483	cGZWin::~cGZWin(void)	_._6cGZWin	sc3u_demo.x86	caller
040534	cGZWinTextEdit::AddRef(void)	AddRef__14cGZWinTextEdit	sc3u_demo.x86	vtable:__vt_21cGZWinTextEditGVExtra
04053b	cGZWinTextEdit::Release(void)	Release__14cGZWinTextEdit	sc3u_demo.x86	vtable:__vt_21cGZWinTextEditGVExtra
040589	cGZWinTextEdit::Shutdown(void)	Shutdown__14cGZWinTextEdit	sc3u_demo.x86	vtable:__vt_21cGZWinTextEditGVExtra
0405b4	cGZWinCombo::SetFlag(cIGZWin::tWinFlag, bool)	SetFlag__11cGZWinComboQ27cIGZWin8tWinFlagb	sc3u_demo.x86	vtable:__vt_11cGZWinCombo
040696	cGZWin::CalcAbsoluteArea(void)	CalcAbsoluteArea__6cGZWin	sc3u_demo.x86	vtable:__vt_11cGZWinCombo
04081d	cGZWin::GetParentWin(void) const	GetParentWin__C6cGZWin	sc3u_demo.x86	vtable:__vt_11cGZWinCombo
040821	cGZWin::SetParentWin(cIGZWin *)	SetParentWin__6cGZWinP7cIGZWin	sc3u_demo.x86	vtable:__vt_11cGZWinCombo
04083c	cGZWin::ChildAdd(cIGZWin *)	ChildAdd__6cGZWinP7cIGZWin	sc3u_demo.x86	vtable:__vt_11cGZWinCombo
040848	cGZWin::ChildRemove(cIGZWin *)	ChildRemove__6cGZWinP7cIGZWin	sc3u_demo.x86	vtable:__vt_11cGZWinCombo
040854	cGZWin::ChildDelete(cIGZWin *)	ChildDelete__6cGZWinP7cIGZWin	sc3u_demo.x86	vtable:__vt_11cGZWinCombo
040863	cGZWin::ChildDeleteAll(void)	ChildDeleteAll__6cGZWin	sc3u_demo.x86	vtable:__vt_11cGZWinCombo
040a25	cGZWin::ChildDeleteAbsolute(cIGZWin *)	ChildDeleteAbsolute__6cGZWinP7cIGZWin	sc3u_demo.x86	vtable:__vt_11cGZWinCombo
040b24	cGZWin::ChildToBack(cIGZWin *)	ChildToBack__6cGZWinP7cIGZWin	sc3u_demo.x86	vtable:__vt_11cGZWinCombo
040b90	cGZWin::PullToFront(void)	PullToFront__6cGZWin	sc3u_demo.x86	vtable:__vt_11cGZWinCombo
040ba3	cGZWin::SendToBack(void)	SendToBack__6cGZWin	sc3u_demo.x86	vtable:__vt_11cGZWinCombo
040bb6	cGZWin::GetChildCount(void) const	GetChildCount__C6cGZWin	sc3u_demo.x86	vtable:__vt_11cGZWinCombo
040c7d	cGZWin::GetChildWindowFromID(unsigned int)	GetChildWindowFromID__6cGZWinUi	sc3u_demo.x86	vtable:__vt_11cGZWinCombo
040ce6	cGZWin::GetChildWindowFromIDRecursive(unsigned int)	GetChildWindowFromIDRecursive__6cGZWinUi	sc3u_demo.x86	vtable:__vt_11cGZWinCombo
040d55	cGZWin::GetChildWindowFromPoint(int, int)	GetChildWindowFromPoint__6cGZWinii	sc3u_demo.x86	vtable:__vt_11cGZWinCombo
040de9	cGZWin::GetChildAs(unsigned int, unsigned int, void **)	GetChildAs__6cGZWinUiUiPPv	sc3u_demo.x86	vtable:__vt_11cGZWinCombo
040e10	cGZWin::GetChildAsRecursive(unsigned int, unsigned int, void **)	GetChildAsRecursive__6cGZWinUiUiPPv	sc3u_demo.x86	vtable:__vt_11cGZWinCombo
040e37	cGZWin::WindowToWindowCoordinates(cIGZWin *, int &, int &) const	WindowToWindowCoordinates__C6cGZWinP7cIGZWinRiT2	sc3u_demo.x86	vtable:__vt_11cGZWinCombo
040e6b	cGZWin::SetID(unsigned int)	SetID__6cGZWinUi	sc3u_demo.x86	vtable:__vt_11cGZWinCombo
040e75	cGZWin::IsWinInParentChain(cIGZWin *)	IsWinInParentChain__6cGZWinP7cIGZWin	sc3u_demo.x86	vtable:__vt_11cGZWinCombo
040e96	cGZWin::IsWinInChildChain(cIGZWin *)	IsWinInChildChain__6cGZWinP7cIGZWin	sc3u_demo.x86	vtable:__vt_11cGZWinCombo
040ee1	cGZWin::FitRectToWindow(cRZRect &, int)	FitRectToWindow__6cGZWinR7cRZRecti	sc3u_demo.x86	vtable:__vt_11cGZWinCombo
041182	cGZWin::GZOnCharacter(char)	GZOnCharacter__6cGZWinc	sc3u_demo.x86	vtable:__vt_11cGZWinCombo
041187	cGZWinOptGrp::GZOnKeyDown(unsigned int, unsigned int)	GZOnKeyDown__12cGZWinOptGrpUiUi	sc3u_demo.x86	vtable:__vt_12cGZWinOptGrp
04118c	cGZWinCombo::GZOnKeyUp(unsigned int, unsigned int)	GZOnKeyUp__11cGZWinComboUiUi	sc3u_demo.x86	vtable:__vt_11cGZWinCombo
04121c	cGZWin::GZOnSetFocus(cIGZWin *)	GZOnSetFocus__6cGZWinP7cIGZWin	sc3u_demo.x86	vtable:__vt_11cGZWinCombo
04123d	cGZWin::GZOnKillFocus(cIGZWin *)	GZOnKillFocus__6cGZWinP7cIGZWin	sc3u_demo.x86	vtable:__vt_11cGZWinCombo
041242	cGZWin::GZOnMouseMove(int, int, unsigned int)	GZOnMouseMove__6cGZWiniiUi	sc3u_demo.x86	vtable:__vt_11cGZWinCombo
041253	cGZWin::GetKeyboardAccelerator(void) const	GetKeyboardAccelerator__C6cGZWin	sc3u_demo.x86	vtable:__vt_11cGZWinCombo
041257	cGZWin::SetKeyboardAccelerator(cIGZWinKeyAccelerator *)	SetKeyboardAccelerator__6cGZWinP21cIGZWinKeyAccelerator	sc3u_demo.x86	vtable:__vt_11cGZWinCombo
04127a	cGZWin::AccelerateKeyboardMsg(cGZMessage &)	AccelerateKeyboardMsg__6cGZWinR10cGZMessage	sc3u_demo.x86	vtable:__vt_11cGZWinCombo
041291	cGZWin::UpdateCursor(void)	UpdateCursor__6cGZWin	sc3u_demo.x86	vtable:__vt_11cGZWinCombo
0412b5	cGZWin::SetCursor(cIGZCursor *, bool)	SetCursor__6cGZWinP10cIGZCursorb	sc3u_demo.x86	vtable:__vt_11cGZWinCombo
0412ce	cGZWin::ProcessCursorMessage(cGZMessage &)	ProcessCursorMessage__6cGZWinR10cGZMessage	sc3u_demo.x86	vtable:__vt_11cGZWinCombo
0413ef	cGZWin::Plot(void)	Plot__6cGZWin	sc3u_demo.x86	vtable:__vt_11cGZWinCombo
0414c9	cGZWin::SetBufferToDrawTo(void)	SetBufferToDrawTo__6cGZWin	sc3u_demo.x86	vtable:__vt_11cGZWinCombo
04152d	cGZWin::SetBufferToDrawToRecursive(void)	SetBufferToDrawToRecursive__6cGZWin	sc3u_demo.x86	vtable:__vt_11cGZWinCombo
041557	cGZWin::SetAreaToDrawTo(void)	SetAreaToDrawTo__6cGZWin	sc3u_demo.x86	vtable:__vt_11cGZWinCombo
04160a	cGZWin::SetAreaToDrawToRecursive(void)	SetAreaToDrawToRecursive__6cGZWin	sc3u_demo.x86	vtable:__vt_11cGZWinCombo
0416d2	cGZWin::IsChildKeyEquivalent(unsigned int, unsigned int)	IsChildKeyEquivalent__6cGZWinUiUi	sc3u_demo.x86	vtable:__vt_11cGZWinCombo
041725	cGZWin::PrivateBuffer(bool)	PrivateBuffer__6cGZWinb	sc3u_demo.x86	vtable:__vt_11cGZWinCombo
041b2a	cGZWin::EnumChildren(unsigned int, bool (*)(cIGZWin *, unsigned int, void *, void *), void *)	EnumChildren__6cGZWinUiPFP7cIGZWinUiPvPv_bPv	sc3u_demo.x86	vtable:__vt_11cGZWinCombo
041c0c	cGZWin::SortChildren(bool (*)(cIGZWin *, cIGZWin *, void *), void *, bool)	SortChildren__6cGZWinPFP7cIGZWinP7cIGZWinPv_bPvb	sc3u_demo.x86	vtable:__vt_11cGZWinCombo
041d14	cGZWin::GetW(void) const	GetW__C6cGZWin	sc3u_demo.x86	vtable:__vt_11cGZWinCombo
041d23	cGZWin::GetH(void) const	GetH__C6cGZWin	sc3u_demo.x86	vtable:__vt_11cGZWinCombo
041d30	cGZWin::GetL(void) const	GetL__C6cGZWin	sc3u_demo.x86	vtable:__vt_11cGZWinCombo
041d37	cGZWin::GetT(void) const	GetT__C6cGZWin	sc3u_demo.x86	vtable:__vt_11cGZWinCombo
041d3e	cGZWin::GetR(void) const	GetR__C6cGZWin	sc3u_demo.x86	vtable:__vt_11cGZWinCombo
041d45	cGZWin::GetB(void) const	GetB__C6cGZWin	sc3u_demo.x86	vtable:__vt_11cGZWinCombo
041df4	cGZWin::SetW(int)	SetW__6cGZWini	sc3u_demo.x86	vtable:__vt_11cGZWinCombo
041e1b	cGZWin::SetH(int)	SetH__6cGZWini	sc3u_demo.x86	vtable:__vt_11cGZWinCombo
041eb3	cGZWin::GZWinMoveTo(int, int)	GZWinMoveTo__6cGZWinii	sc3u_demo.x86	vtable:__vt_11cGZWinCombo
041ee3	cGZWin::GZWinOffset(int, int)	GZWinOffset__6cGZWinii	sc3u_demo.x86	vtable:__vt_11cGZWinCombo
041f1a	cGZWin::WindowToScreenCoordinates(int &, int &) const	WindowToScreenCoordinates__C6cGZWinRiT1	sc3u_demo.x86	vtable:__vt_11cGZWinCombo
041f62	cGZWin::ScreenToWindowCoordinates(int &, int &) const	ScreenToWindowCoordinates__C6cGZWinRiT1	sc3u_demo.x86	vtable:__vt_11cGZWinCombo
041f93	cGZWin::IsPointInWindowWindowCoordinates(int, int) const	IsPointInWindowWindowCoordinates__C6cGZWinii	sc3u_demo.x86	vtable:__vt_11cGZWinCombo
042004	cGZWin::IsPointInWindowParentCoordinates(int, int) const	IsPointInWindowParentCoordinates__C6cGZWinii	sc3u_demo.x86	vtable:__vt_11cGZWinCombo
042038	cGZWin::IsPointInWindowScreenCoordinates(int, int) const	IsPointInWindowScreenCoordinates__C6cGZWinii	sc3u_demo.x86	vtable:__vt_11cGZWinCombo
0420d7	cGZWin::GetFlag(cIGZWin::tWinFlag) const	GetFlag__C6cGZWinQ27cIGZWin8tWinFlag	sc3u_demo.x86	vtable:__vt_11cGZWinCombo
0420ea	cGZWin::ShowWindow(void)	ShowWindow__6cGZWin	sc3u_demo.x86	vtable:__vt_11cGZWinCombo
0420f7	cGZWin::HideWindow(void)	HideWindow__6cGZWin	sc3u_demo.x86	vtable:__vt_11cGZWinCombo
042104	cGZWin::IsVisible(void) const	IsVisible__C6cGZWin	sc3u_demo.x86	vtable:__vt_11cGZWinCombo
04210f	cGZWin::IsEnabled(void) const	IsEnabled__C6cGZWin	sc3u_demo.x86	vtable:__vt_11cGZWinCombo
04211a	cGZWin::SetFocus(void)	SetFocus__6cGZWin	sc3u_demo.x86	callee
042191	cGZWin::GetMainWindow(void)	GetMainWindow__6cGZWin	sc3u_demo.x86	vtable:__vt_11cGZWinCombo
0421a8	cGZWin::GetWindowFromPoint(int, int)	GetWindowFromPoint__6cGZWinii	sc3u_demo.x86	vtable:__vt_11cGZWinCombo
0421bb	cGZWin::SetNotificationTarget(cIGZWin *)	SetNotificationTarget__6cGZWinP7cIGZWin	sc3u_demo.x86	vtable:__vt_11cGZWinCombo
0421c5	cGZWin::GetNotificationTarget(void) const	GetNotificationTarget__C6cGZWin	sc3u_demo.x86	vtable:__vt_11cGZWinCombo
0421c9	cGZWin::SetParam(unsigned int, cIGZVariant *)	SetParam__6cGZWinUiP11cIGZVariant	sc3u_demo.x86	vtable:__vt_11cGZWinCombo
0421ce	cGZWin::GetParam(unsigned int, cIGZVariant **) const	GetParam__C6cGZWinUiPP11cIGZVariant	sc3u_demo.x86	vtable:__vt_11cGZWinCombo
0421d3	cGZWin::EnumParams(bool (*)(cIGZWin *, unsigned int, cIGZVariant *, void *))	EnumParams__6cGZWinPFP7cIGZWinUiP11cIGZVariantPv_b	sc3u_demo.x86	vtable:__vt_11cGZWinCombo
0421d8	cGZWin::GetCaption(void) const	GetCaption__C6cGZWin	sc3u_demo.x86	vtable:__vt_11cGZWinCombo
0421dc	cGZWin::SetCaption(cIGZString const &)	SetCaption__6cGZWinRC10cIGZString	sc3u_demo.x86	vtable:__vt_11cGZWinCombo
042232	cGZWin::GetID(void) const	GetID__C6cGZWin	sc3u_demo.x86	vtable:__vt_11cGZWinCombo
042236	cGZWin::GetKeyEquivalent(void)	GetKeyEquivalent__6cGZWin	sc3u_demo.x86	vtable:__vt_11cGZWinCombo
04223a	cGZWin::SetKeyEquivalent(unsigned int)	SetKeyEquivalent__6cGZWinUi	sc3u_demo.x86	vtable:__vt_11cGZWinCombo
042244	cGZWin::CheckKeyEquivalent(unsigned int, unsigned int)	CheckKeyEquivalent__6cGZWinUiUi	sc3u_demo.x86	vtable:__vt_11cGZWinCombo
042263	cGZWin::MakeKeyEquivalent(unsigned int, unsigned int)	MakeKeyEquivalent__6cGZWinUiUi	sc3u_demo.x86	vtable:__vt_11cGZWinCombo
042279	cGZWin::InvalidateSelf(void)	InvalidateSelf__6cGZWin	sc3u_demo.x86	vtable:__vt_11cGZWinCombo
04227e	cGZWin::InvalidateSelfAndParents(void)	InvalidateSelfAndParents__6cGZWin	sc3u_demo.x86	vtable:__vt_11cGZWinCombo
042292	cGZWin::GetBufferToDrawTo(void)	GetBufferToDrawTo__6cGZWin	sc3u_demo.x86	vtable:__vt_11cGZWinCombo
042296	cGZWin::GetPrivateBuffer(void)	GetPrivateBuffer__6cGZWin	sc3u_demo.x86	vtable:__vt_11cGZWinCombo
04229a	cGZWin::GetWindowManager(void)	GetWindowManager__6cGZWin	sc3u_demo.x86	vtable:__vt_11cGZWinCombo
04229e	cGZWin::SetWindowManager(cIGZWinMgr *)	SetWindowManager__6cGZWinP10cIGZWinMgr	sc3u_demo.x86	vtable:__vt_11cGZWinCombo
0422aa	cGZWin::GetKeyboard(void)	GetKeyboard__6cGZWin	sc3u_demo.x86	vtable:__vt_11cGZWinCombo
0422ae	cGZWin::SetKeyboard(cIGZKeyboard *)	SetKeyboard__6cGZWinP12cIGZKeyboard	sc3u_demo.x86	vtable:__vt_11cGZWinCombo
042361	cGZWin::MakeFillColor(unsigned char, unsigned char, unsigned char)	MakeFillColor__6cGZWinUcUcUc	sc3u_demo.x86	vtable:__vt_11cGZWinCombo
042388	cGZWin::GZOnMouseDownL(int, int, unsigned int)	GZOnMouseDownL__6cGZWiniiUi	sc3u_demo.x86	vtable:__vt_12cGZWinOptGrp
04238d	cGZWin::GZOnMouseDownR(int, int, unsigned int)	GZOnMouseDownR__6cGZWiniiUi	sc3u_demo.x86	vtable:__vt_11cGZWinCombo
042392	cGZWin::GZOnMouseDownM(int, int, unsigned int)	GZOnMouseDownM__6cGZWiniiUi	sc3u_demo.x86	vtable:__vt_11cGZWinCombo
042397	cGZWin::GZOnMouseUpL(int, int, unsigned int)	GZOnMouseUpL__6cGZWiniiUi	sc3u_demo.x86	vtable:__vt_11cGZWinCombo
0423a1	cGZWin::GZOnMouseUpR(int, int, unsigned int)	GZOnMouseUpR__6cGZWiniiUi	sc3u_demo.x86	vtable:__vt_11cGZWinCombo
0423a6	cGZWin::GZOnMouseWheel(int, int, unsigned int, int)	GZOnMouseWheel__6cGZWiniiUii	sc3u_demo.x86	vtable:__vt_11cGZWinCombo
0423ab	cGZWin::GZOnCaptureChanged(cIGZWin *)	GZOnCaptureChanged__6cGZWinP7cIGZWin	sc3u_demo.x86	vtable:__vt_11cGZWinCombo
042e26	cGZWinOptGrp::QueryInterface(unsigned int, void **)	QueryInterface__12cGZWinOptGrpUiPPv	sc3u_demo.x86	vtable:__vt_12cGZWinOptGrp
042e88	cGZWinOptGrp::Init(void)	Init__12cGZWinOptGrp	sc3u_demo.x86	vtable:__vt_12cGZWinOptGrp
042f2a	cGZWinOptGrp::Shutdown(void)	Shutdown__12cGZWinOptGrp	sc3u_demo.x86	vtable:__vt_12cGZWinOptGrp
042f80	cGZWinOptGrp::GZPaint(void)	GZPaint__12cGZWinOptGrp	sc3u_demo.x86	vtable:__vt_12cGZWinOptGrp
042fce	cGZWin::DoMessage(cGZMessage &)	DoMessage__6cGZWinR10cGZMessage	sc3u_demo.x86	vtable:__vt_12cGZWinOptGrp
04330b	cGZWinOptGrp::~cGZWinOptGrp(void)	_._12cGZWinOptGrp	sc3u_demo.x86	vtable:__vt_12cGZWinOptGrp
043331	cGZWinToolTip::update_offscreen_buffer(void)	update_offscreen_buffer__13cGZWinToolTip	sc3u_demo.x86	tokens:69.9
0436c0	cGZWinToolTipMgr::~cGZWinToolTipMgr(void)	_._16cGZWinToolTipMgr	sc3u_demo.x86	vtable:__vt_16cGZWinToolTipMgr
0436ea	cGZWinToolTipMgr::QueryInterface(unsigned int, void **)	QueryInterface__16cGZWinToolTipMgrUiPPv	sc3u_demo.x86	vtable:__vt_16cGZWinToolTipMgr
043710	cGZWinToolTipMgr::AddRef(void)	AddRef__16cGZWinToolTipMgr	sc3u_demo.x86	vtable:__vt_16cGZWinToolTipMgr
043717	cGZWinToolTipMgr::Release(void)	Release__16cGZWinToolTipMgr	sc3u_demo.x86	vtable:__vt_16cGZWinToolTipMgr
04372f	cGZWinToolTipMgr::Init(cIGZFont *, signed char, signed char)	Init__16cGZWinToolTipMgrP8cIGZFontScSc	sc3u_demo.x86	vtable:__vt_16cGZWinToolTipMgr
0438a8	cGZWinToolTipMgr::Shutdown(void)	Shutdown__16cGZWinToolTipMgr	sc3u_demo.x86	vtable:__vt_16cGZWinToolTipMgr
043952	cGZWinToolTipMgr::DoMessage(cGZMessage &)	DoMessage__16cGZWinToolTipMgrR10cGZMessage	sc3u_demo.x86	vtable:__vt_16cGZWinToolTipMgr
043cec	virtual function thunk (delta:-156) for cGZWinOptGrp::QueryInterface(unsigned int, void **)	__thunk_156_QueryInterface__12cGZWinOptGrpUiPPv	sc3u_demo.x86	caller
04401a	cGZWinTextTicker::QueryInterface(unsigned int, void **)	QueryInterface__16cGZWinTextTickerUiPPv	sc3u_demo.x86	tokens:9.7
04404e	cGZWinTextTicker::AddRef(void)	AddRef__16cGZWinTextTicker	sc3u_demo.x86	vtable:__vt_16cGZWinTextTicker
044056	cGZWinTextTicker::Release(void)	Release__16cGZWinTextTicker	sc3u_demo.x86	vtable:__vt_16cGZWinTextTicker
0441fb	cGZWinTextTicker::ClearQueue(void)	ClearQueue__16cGZWinTextTicker	sc3u_demo.x86	vtable:__vt_12cSC3Newscast
04487c	cGZWinTextTicker::AddMessageInternal(TickerMessage *)	AddMessageInternal__16cGZWinTextTickerP13TickerMessage	sc3u_demo.x86	vtable:__vt_12cSC3Newscast
044930	cGZWinTextTicker::GetNextMessage(void)	GetNextMessage__16cGZWinTextTicker	sc3u_demo.x86	vtable:__vt_16cGZWinTextTicker
044979	cGZWinTextTicker::RemoveMessage(unsigned int)	RemoveMessage__16cGZWinTextTickerUi	sc3u_demo.x86	vtable:__vt_16cGZWinTextTicker
0449c5	cGZWinTextTicker::SetFont(cIGZFont *)	SetFont__16cGZWinTextTickerP8cIGZFont	sc3u_demo.x86	vtable:__vt_12cSC3Newscast
044b8f	cGZWinTextTicker::AsIGZWin(void)	AsIGZWin__16cGZWinTextTicker	sc3u_demo.x86	vtable:__vt_16cGZWinTextTicker
044bc9	virtual function thunk (delta:-4) for cGZWinTextTicker::QueryInterface(unsigned int, void **)	__thunk_4_QueryInterface__16cGZWinTextTickerUiPPv	sc3u_demo.x86	caller
044d1d	cGZWinGenDlg::QueryInterface(unsigned int, void **)	QueryInterface__12cGZWinGenDlgUiPPv	sc3u_demo.x86	tokens:9.7
0467b8	cGZWinTextEdit::DoMessage(cGZMessage &)	DoMessage__14cGZWinTextEditR10cGZMessage	sc3u_demo.x86	tokens:18.6
0476e8	cGZWinTextEdit::GZOnSetFocus(cIGZWin *)	GZOnSetFocus__14cGZWinTextEditP7cIGZWin	sc3u_demo.x86	caller
04770b	cGZWinTextEdit::GZOnKillFocus(cIGZWin *)	GZOnKillFocus__14cGZWinTextEditP7cIGZWin	sc3u_demo.x86	caller
04a0c1	cGZWinTextEdit::TestForPossibleScrollBarAdditionOrRemoval(void)	TestForPossibleScrollBarAdditionOrRemoval__14cGZWinTextEdit	sc3u_demo.x86	caller
04a159	cGZWinTextEdit::AddScrollBar(bool, bool)	AddScrollBar__14cGZWinTextEditbT1	sc3u_demo.x86	caller
04b4e9	cGZWinListBox::QueryInterface(unsigned int, void **)	QueryInterface__13cGZWinListBoxUiPPv	sc3u_demo.x86	tokens:9.7
04bb83	cGZWinListBox::GZPaint(void)	GZPaint__13cGZWinListBox	sc3u_demo.x86	tokens:9.7
04d47d	cGZWinListBox::RemoveScrollBar(bool, bool)	RemoveScrollBar__13cGZWinListBoxbT1	sc3u_demo.x86	tokens:17.4
04d7ad	virtual function thunk (delta:-156) for cGZWinListBox::QueryInterface(unsigned int, void **)	__thunk_156_QueryInterface__13cGZWinListBoxUiPPv	sc3u_demo.x86	caller
04d9de	cGZInfoListBoxWindow::AddRef(void)	AddRef__20cGZInfoListBoxWindow	sc3u_demo.x86	vtable:__vt_20cGZInfoListBoxWindow
04d9e6	cGZInfoListBoxWindow::Release(void)	Release__20cGZInfoListBoxWindow	sc3u_demo.x86	vtable:__vt_20cGZInfoListBoxWindow
04d9ee	cGZInfoListBoxWindow::QueryInterface(unsigned int, void **)	QueryInterface__20cGZInfoListBoxWindowUiPPv	sc3u_demo.x86	tokens:9.7
04da1a	cGZInfoListBoxWindow::AsIGZWin(void)	AsIGZWin__20cGZInfoListBoxWindow	sc3u_demo.x86	vtable:__vt_20cGZInfoListBoxWindow
04dbb7	cGZInfoListBoxWindow::calculate_all_metrics(void)	calculate_all_metrics__20cGZInfoListBoxWindow	sc3u_demo.x86	vtable:__vt_20cGZInfoListBoxWindow
04e3a6	cGZInfoListBoxWindow::SetFlag(cIGZWin::tWinFlag, bool)	SetFlag__20cGZInfoListBoxWindowQ27cIGZWin8tWinFlagb	sc3u_demo.x86	caller
04e40b	cGZInfoListBoxWindow::SetOutlineDrawing(bool)	SetOutlineDrawing__20cGZInfoListBoxWindowb	sc3u_demo.x86	vtable:__vt_20cGZInfoListBoxWindow
04e42b	cGZInfoListBoxWindow::SetDrawSunkenRect(bool)	SetDrawSunkenRect__20cGZInfoListBoxWindowb	sc3u_demo.x86	vtable:__vt_20cGZInfoListBoxWindow
04e44b	cGZInfoListBoxWindow::SetSunkenRectColors(unsigned int, unsigned int)	SetSunkenRectColors__20cGZInfoListBoxWindowUiUi	sc3u_demo.x86	vtable:__vt_20cGZInfoListBoxWindow
04e462	cGZInfoListBoxWindow::SetFonts(cIGZFont *, cIGZFont *)	SetFonts__20cGZInfoListBoxWindowP8cIGZFontT1	sc3u_demo.x86	vtable:__vt_20cGZInfoListBoxWindow
04e4b9	cGZInfoListBoxWindow::SetFontColor(cIGZWinInfoListBox::tFontColorIdx, unsigned int)	SetFontColor__20cGZInfoListBoxWindowQ218cIGZWinInfoListBox13tFontColorIdxUi	sc3u_demo.x86	vtable:__vt_20cGZInfoListBoxWindow
04e4eb	cGZInfoListBoxWindow::GetFontColor(cIGZWinInfoListBox::tFontColorIdx, unsigned int &)	GetFontColor__20cGZInfoListBoxWindowQ218cIGZWinInfoListBox13tFontColorIdxRUi	sc3u_demo.x86	vtable:__vt_20cGZInfoListBoxWindow
04e50e	cGZInfoListBoxWindow::ClearFontColor(cIGZWinInfoListBox::tFontColorIdx)	ClearFontColor__20cGZInfoListBoxWindowQ218cIGZWinInfoListBox13tFontColorIdx	sc3u_demo.x86	vtable:__vt_20cGZInfoListBoxWindow
04e51f	cGZInfoListBoxWindow::SetHighlightColor(unsigned int)	SetHighlightColor__20cGZInfoListBoxWindowUi	sc3u_demo.x86	vtable:__vt_20cGZInfoListBoxWindow
04e53d	cGZInfoListBoxWindow::SetHighlightFillAlpha(float)	SetHighlightFillAlpha__20cGZInfoListBoxWindowf	sc3u_demo.x86	vtable:__vt_20cGZInfoListBoxWindow
04e585	cGZInfoListBoxWindow::SetJustification(bool)	SetJustification__20cGZInfoListBoxWindowb	sc3u_demo.x86	vtable:__vt_20cGZInfoListBoxWindow
04e592	cGZInfoListBoxWindow::SetOpaque(bool)	SetOpaque__20cGZInfoListBoxWindowb	sc3u_demo.x86	vtable:__vt_20cGZInfoListBoxWindow
04e59f	cGZInfoListBoxWindow::SetRightColumnTextStart(int)	SetRightColumnTextStart__20cGZInfoListBoxWindowi	sc3u_demo.x86	vtable:__vt_20cGZInfoListBoxWindow
04e5b4	cGZInfoListBoxWindow::ResizeWindowForExactLineHeights(void)	ResizeWindowForExactLineHeights__20cGZInfoListBoxWindow	sc3u_demo.x86	vtable:__vt_20cGZInfoListBoxWindow
04eace	cGZInfoListBoxWindow::InsertStringPairAtIndex(int, cRZString const &, cRZString const &, unsigned int, unsigned int)	InsertStringPairAtIndex__20cGZInfoListBoxWindowiRC9cRZStringT2UiUi	sc3u_demo.x86	vtable:__vt_20cGZInfoListBoxWindow
04eba8	cGZInfoListBoxWindow::GetStringPair(cIGZString &, cIGZString &, int)	GetStringPair__20cGZInfoListBoxWindowR10cIGZStringT1i	sc3u_demo.x86	vtable:__vt_20cGZInfoListBoxWindow
04ec1d	cGZInfoListBoxWindow::RemoveStringPair(int)	RemoveStringPair__20cGZInfoListBoxWindowi	sc3u_demo.x86	vtable:__vt_20cGZInfoListBoxWindow
04ec7c	cGZInfoListBoxWindow::RemoveAllStringPairs(void)	RemoveAllStringPairs__20cGZInfoListBoxWindow	sc3u_demo.x86	vtable:__vt_20cGZInfoListBoxWindow
04eca5	cGZInfoListBoxWindow::ModifyString(cIGZString const &, int, bool)	ModifyString__20cGZInfoListBoxWindowRC10cIGZStringib	sc3u_demo.x86	vtable:__vt_20cGZInfoListBoxWindow
04ed93	cGZInfoListBoxWindow::ModifyStringColor(unsigned int, int, bool)	ModifyStringColor__20cGZInfoListBoxWindowUiib	sc3u_demo.x86	vtable:__vt_20cGZInfoListBoxWindow
04ee48	cGZInfoListBoxWindow::SetSelection(int, bool)	SetSelection__20cGZInfoListBoxWindowib	sc3u_demo.x86	vtable:__vt_20cGZInfoListBoxWindow
04eeb6	cGZInfoListBoxWindow::GetSelection(void) const	GetSelection__C20cGZInfoListBoxWindow	sc3u_demo.x86	vtable:__vt_20cGZInfoListBoxWindow
04eebd	cGZInfoListBoxWindow::GetItemIndexFromCursorPosition(int, int, bool) const	GetItemIndexFromCursorPosition__C20cGZInfoListBoxWindowiib	sc3u_demo.x86	vtable:__vt_20cGZInfoListBoxWindow
04ef3a	cGZInfoListBoxWindow::GZCharacter(unsigned int)	GZCharacter__20cGZInfoListBoxWindowUi	sc3u_demo.x86	vtable:__vt_20cGZInfoListBoxWindow
04f21c	cGZInfoListBoxWindow::IsIndexInView(int)	IsIndexInView__20cGZInfoListBoxWindowi	sc3u_demo.x86	vtable:__vt_20cGZInfoListBoxWindow
04f240	cGZInfoListBoxWindow::PutIndexInView(int)	PutIndexInView__20cGZInfoListBoxWindowi	sc3u_demo.x86	vtable:__vt_20cGZInfoListBoxWindow
04f288	cGZInfoListBoxWindow::SetIndexOfTopLine(int)	SetIndexOfTopLine__20cGZInfoListBoxWindowi	sc3u_demo.x86	vtable:__vt_20cGZInfoListBoxWindow
04f2f4	cGZInfoListBoxWindow::ScrollToStart(void)	ScrollToStart__20cGZInfoListBoxWindow	sc3u_demo.x86	vtable:__vt_20cGZInfoListBoxWindow
04f311	cGZInfoListBoxWindow::ScrollToEnd(void)	ScrollToEnd__20cGZInfoListBoxWindow	sc3u_demo.x86	vtable:__vt_20cGZInfoListBoxWindow
04f340	cGZInfoListBoxWindow::MoveLineUp(void)	MoveLineUp__20cGZInfoListBoxWindow	sc3u_demo.x86	vtable:__vt_20cGZInfoListBoxWindow
04f350	cGZInfoListBoxWindow::MoveLineDown(void)	MoveLineDown__20cGZInfoListBoxWindow	sc3u_demo.x86	vtable:__vt_20cGZInfoListBoxWindow
04f360	cGZInfoListBoxWindow::ScrollPageUp(void)	ScrollPageUp__20cGZInfoListBoxWindow	sc3u_demo.x86	vtable:__vt_20cGZInfoListBoxWindow
04f38f	cGZInfoListBoxWindow::ScrollPageDown(void)	ScrollPageDown__20cGZInfoListBoxWindow	sc3u_demo.x86	vtable:__vt_20cGZInfoListBoxWindow
04f3c3	cGZInfoListBoxWindow::GetLineCount(void) const	GetLineCount__C20cGZInfoListBoxWindow	sc3u_demo.x86	vtable:__vt_20cGZInfoListBoxWindow
04f3ce	cGZInfoListBoxWindow::GetIndexOfTopLine(void) const	GetIndexOfTopLine__C20cGZInfoListBoxWindow	sc3u_demo.x86	vtable:__vt_20cGZInfoListBoxWindow
04f40c	cGZInfoListBoxWindow::get_scrollbar_h(void)	get_scrollbar_h__20cGZInfoListBoxWindow	sc3u_demo.x86	tokens:9.7
04f443	cGZInfoListBoxWindow::EnableScrollBar(bool, bool)	EnableScrollBar__20cGZInfoListBoxWindowbT1	sc3u_demo.x86	vtable:__vt_20cGZInfoListBoxWindow
04f45c	cGZInfoListBoxWindow::AddScrollbar(bool, bool)	AddScrollbar__20cGZInfoListBoxWindowbT1	sc3u_demo.x86	vtable:__vt_20cGZInfoListBoxWindow
04f4e4	cGZInfoListBoxWindow::RemoveScrollbar(bool, bool)	RemoveScrollbar__20cGZInfoListBoxWindowbT1	sc3u_demo.x86	vtable:__vt_20cGZInfoListBoxWindow
04f50f	cGZInfoListBoxWindow::set_scrollbar_value(void)	set_scrollbar_value__20cGZInfoListBoxWindow	sc3u_demo.x86	vtable:__vt_20cGZInfoListBoxWindow
04f5a3	cGZInfoListBoxWindow::set_scrollbar_sizes(void)	set_scrollbar_sizes__20cGZInfoListBoxWindow	sc3u_demo.x86	vtable:__vt_20cGZInfoListBoxWindow
04f898	virtual function thunk (delta:-4) for cGZInfoListBoxWindow::QueryInterface(unsigned int, void **)	__thunk_4_QueryInterface__20cGZInfoListBoxWindowUiPPv	sc3u_demo.x86	caller
04f8a0	virtual function thunk (delta:-4) for cGZInfoListBoxWindow::AddRef(void)	__thunk_4_AddRef__20cGZInfoListBoxWindow	sc3u_demo.x86	caller
04f8a8	virtual function thunk (delta:-4) for cGZInfoListBoxWindow::Release(void)	__thunk_4_Release__20cGZInfoListBoxWindow	sc3u_demo.x86	caller
0506fc	cGZWinCombo::create_line_input(void)	create_line_input__11cGZWinCombo	sc3u_demo.x86	tokens:26.3
0508a9	cGZWinCombo::do_drop_down(void)	do_drop_down__11cGZWinCombo	sc3u_demo.x86	tokens:9.7
051832	cGZGraph::CommitDefaultValues(void)	CommitDefaultValues__8cGZGraph	sc3u_demo.x86	tokens:51.1
052e77	cGZGraph::GetHighestAxisValue(Axis)	GetHighestAxisValue__8cGZGraph4Axis	sc3u_demo.x86	tokens:9.7
058160	cGZPieGraph::GetLineFromCenterOfDiskToEdge(float, cRZPoint &, cRZPoint &)	GetLineFromCenterOfDiskToEdge__11cGZPieGraphfR8cRZPointT2	sc3u_demo.x86	tokens:19.0
05831d	cGZPieGraph::GetPositionForPercentageText(float, float, cRZPoint &)	GetPositionForPercentageText__11cGZPieGraphffR8cRZPoint	sc3u_demo.x86	tokens:26.8
058590	cGZPieGraph::DrawGraphData(cIGZBuffer *)	DrawGraphData__11cGZPieGraphP10cIGZBuffer	sc3u_demo.x86	tokens:17.9
05d3bd	virtual function thunk (delta:-472) for cGZPieGraph::DrawGraphData(cIGZBuffer *)	__thunk_472_DrawGraphData__11cGZPieGraphP10cIGZBuffer	sc3u_demo.x86	caller
05d4fc	cGZSpanBlt::QueryInterface(unsigned int, void **)	QueryInterface__10cGZSpanBltUiPPv	sc3u_demo.x86	vtable:__vt_10cGZSpanBlt
05d532	cGZSpanBlt::Release(void)	Release__10cGZSpanBlt	sc3u_demo.x86	vtable:__vt_10cGZSpanBlt
05d77c	cGZFrameWork::IsInstall(void) const	IsInstall__C12cGZFrameWork	sc3u_demo.x86	vtable:__vt_15cGZFrameWorkSDL
05d812	cGZFrameWork::AppInit(void)	AppInit__12cGZFrameWork	sc3u_demo.x86	vtable:__vt_15cGZFrameWorkSDL
05d88b	cGZFrameWork::PostAppInit(void)	PostAppInit__12cGZFrameWork	sc3u_demo.x86	vtable:__vt_15cGZFrameWorkSDL
05d8fd	cGZFrameWork::SetApplication(cIGZApp *)	SetApplication__12cGZFrameWorkP7cIGZApp	sc3u_demo.x86	vtable:__vt_15cGZFrameWorkSDL
05d907	cGZFrameWork::SetCommandLine(cRZCmdLine const &)	SetCommandLine__12cGZFrameWorkRC10cRZCmdLine	sc3u_demo.x86	tokens:9.7
05d982	cGZFrameWork::OnInstall(void)	OnInstall__12cGZFrameWork	sc3u_demo.x86	vtable:__vt_15cGZFrameWorkSDL
05d9ae	cGZFrameWork::OnTick(unsigned int)	OnTick__12cGZFrameWorkUi	sc3u_demo.x86	vtable:__vt_15cGZFrameWorkSDL
05d9ce	cGZFrameWork::OnIdle(void)	OnIdle__12cGZFrameWork	sc3u_demo.x86	vtable:__vt_15cGZFrameWorkSDL
05da15	cGZFrameWork::SetOnIdleInterval(int)	SetOnIdleInterval__12cGZFrameWorki	sc3u_demo.x86	vtable:__vt_15cGZFrameWorkSDL
05da2c	cGZFrameWork::GetOnIdleInterval(void) const	GetOnIdleInterval__C12cGZFrameWork	sc3u_demo.x86	vtable:__vt_15cGZFrameWorkSDL
05da30	cGZFrameWork::AddSystemService(cIGZSystemService *)	AddSystemService__12cGZFrameWorkP17cIGZSystemService	sc3u_demo.x86	vtable:__vt_15cGZFrameWorkSDL
05db58	cGZFrameWork::GetSystemService(unsigned int, unsigned int, void **)	GetSystemService__12cGZFrameWorkUiUiPPv	sc3u_demo.x86	vtable:__vt_15cGZFrameWorkSDL
05db8d	cGZFrameWork::EnumSystemServices(cIGZUnknownEnumerator &, cIGZUnknown *, unsigned int)	EnumSystemServices__12cGZFrameWorkR21cIGZUnknownEnumeratorP11cIGZUnknownUi	sc3u_demo.x86	vtable:__vt_15cGZFrameWorkSDL
05dc10	cGZFrameWork::AddToTick(cIGZSystemService *)	AddToTick__12cGZFrameWorkP17cIGZSystemService	sc3u_demo.x86	vtable:__vt_15cGZFrameWorkSDL
05dd1c	cGZFrameWork::RemoveFromTick(cIGZSystemService *)	RemoveFromTick__12cGZFrameWorkP17cIGZSystemService	sc3u_demo.x86	vtable:__vt_15cGZFrameWorkSDL
05ddb6	cGZFrameWork::AddToOnIdle(cIGZSystemService *)	AddToOnIdle__12cGZFrameWorkP17cIGZSystemService	sc3u_demo.x86	vtable:__vt_15cGZFrameWorkSDL
05de6d	cGZFrameWork::RemoveFromOnIdle(cIGZSystemService *)	RemoveFromOnIdle__12cGZFrameWorkP17cIGZSystemService	sc3u_demo.x86	vtable:__vt_15cGZFrameWorkSDL
05df07	cGZFrameWork::AddHook(cIGZFrameWorkHooks *)	AddHook__12cGZFrameWorkP18cIGZFrameWorkHooks	sc3u_demo.x86	vtable:__vt_15cGZFrameWorkSDL
05dfbe	cGZFrameWork::RemoveHook(cIGZFrameWorkHooks *)	RemoveHook__12cGZFrameWorkP18cIGZFrameWorkHooks	sc3u_demo.x86	vtable:__vt_15cGZFrameWorkSDL
05e16a	cGZFrameWork::Application(void) const	Application__C12cGZFrameWork	sc3u_demo.x86	vtable:__vt_15cGZFrameWorkSDL
05e16e	cGZFrameWork::CommandLine(void)	CommandLine__12cGZFrameWork	sc3u_demo.x86	vtable:__vt_15cGZFrameWorkSDL
05e172	cGZFrameWork::PreAppShutdown(void)	PreAppShutdown__12cGZFrameWork	sc3u_demo.x86	vtable:__vt_15cGZFrameWorkSDL
05e26c	cGZFrameWork::AppShutdown(void)	AppShutdown__12cGZFrameWork	sc3u_demo.x86	vtable:__vt_15cGZFrameWorkSDL
05e355	cGZFrameWork::GetDebugStream(void)	GetDebugStream__12cGZFrameWork	sc3u_demo.x86	vtable:__vt_15cGZFrameWorkSDL
05e358	cGZFrameWork::DefaultDebugStream(void)	DefaultDebugStream__12cGZFrameWork	sc3u_demo.x86	vtable:__vt_15cGZFrameWorkSDL
05e35d	cGZFrameWork::DebugStream(void)	DebugStream__12cGZFrameWork	sc3u_demo.x86	vtable:__vt_15cGZFrameWorkSDL
05e362	cGZFrameWork::SetDebugStream(cIGZDebugStream *)	SetDebugStream__12cGZFrameWorkP15cIGZDebugStream	sc3u_demo.x86	vtable:__vt_15cGZFrameWorkSDL
05e3ac	cGZFrameWork::ExceptionNotificationObj(void) const	ExceptionNotificationObj__C12cGZFrameWork	sc3u_demo.x86	vtable:__vt_15cGZFrameWorkSDL
05e3b3	cGZFrameWork::StdOut(void)	StdOut__12cGZFrameWork	sc3u_demo.x86	vtable:__vt_15cGZFrameWorkSDL
05e42b	cGZFrameWork::StdErr(void)	StdErr__12cGZFrameWork	sc3u_demo.x86	vtable:__vt_15cGZFrameWorkSDL
05e4a3	cGZFrameWork::StdIn(void)	StdIn__12cGZFrameWork	sc3u_demo.x86	vtable:__vt_15cGZFrameWorkSDL
05e521	cGZFrameWork::GetStream(cIGZFrameWork::tStreamType, unsigned int, void **)	GetStream__12cGZFrameWorkQ213cIGZFrameWork11tStreamTypeUiPPv	sc3u_demo.x86	vtable:__vt_15cGZFrameWorkSDL
05e55d	cGZFrameWork::SetStream(cIGZFrameWork::tStreamType, cIGZUnknown *)	SetStream__12cGZFrameWorkQ213cIGZFrameWork11tStreamTypeP11cIGZUnknown	sc3u_demo.x86	vtable:__vt_15cGZFrameWorkSDL
05e68f	cGZFrameWork::Main(cRZCmdLine &, bool)	Main__12cGZFrameWorkR10cRZCmdLineb	sc3u_demo.x86	caller
05e6b2	cGZFrameWork::sInit(cRZCmdLine &, bool)	sInit__12cGZFrameWorkR10cRZCmdLineb	sc3u_demo.x86	caller
05f31c	RZGetCOMDllDirector(void)	RZGetCOMDllDirector__Fv	sc3u_demo.x86	caller
05f379	cGZCOMDirector::GetDirectorID(void) const	GetDirectorID__C14cGZCOMDirector	sc3u_demo.x86	tokens:9.7
05f37f	cGZCOMDirector::InitializeFrameWork(void)	InitializeFrameWork__14cGZCOMDirector	sc3u_demo.x86	vtable:__vt_14cGZCOMDirector
05f395	cGZCOMDirector::~cGZCOMDirector(void)	_._14cGZCOMDirector	sc3u_demo.x86	vtable:__vt_14cGZCOMDirector
05f994	cGZDebugStreamSDL::Init(void)	Init__17cGZDebugStreamSDL	sc3u_demo.x86	vtable:__vt_17cGZDebugStreamSDL
05fad3	cGZDebugStreamSDL::Shutdown(void)	Shutdown__17cGZDebugStreamSDL	sc3u_demo.x86	vtable:__vt_17cGZDebugStreamSDL
05fb17	cGZDebugStreamSDL::SetDisplayFont(cRZString const &, int)	SetDisplayFont__17cGZDebugStreamSDLRC9cRZStringi	sc3u_demo.x86	vtable:__vt_17cGZDebugStreamSDL
05fbcb	cGZDebugStreamSDL::ShowWindow(void)	ShowWindow__17cGZDebugStreamSDL	sc3u_demo.x86	vtable:__vt_17cGZDebugStreamSDL
05fbff	cGZDebugStreamSDL::HideWindow(void)	HideWindow__17cGZDebugStreamSDL	sc3u_demo.x86	vtable:__vt_17cGZDebugStreamSDL
060f8c	cRZResourceFactory::QueryInterface(unsigned int, void **)	QueryInterface__18cRZResourceFactoryUiPPv	sc3u_demo.x86	vtable:__vt_23cSLTokenResourceFactory
060f94	cRZResourceFactory::AddRef(void)	AddRef__18cRZResourceFactory	sc3u_demo.x86	vtable:__vt_23cSLTokenResourceFactory
060f9c	cRZResourceFactory::Release(void)	Release__18cRZResourceFactory	sc3u_demo.x86	vtable:__vt_23cSLTokenResourceFactory
060fd4	cGZDebugStream::QueryInterface(unsigned int, void **)	QueryInterface__14cGZDebugStreamUiPPv	sc3u_demo.x86	tokens:17.8
0610b5	cGZFrameWork::CreateFrameWork(void)	CreateFrameWork__12cGZFrameWork	sc3u_demo.x86	caller
0610fd	cGZFrameWorkSDL::cGZFrameWorkSDL(void)	__15cGZFrameWorkSDL	sc3u_demo.x86	caller
061187	cGZFrameWorkSDL::~cGZFrameWorkSDL(void)	_._15cGZFrameWorkSDL	sc3u_demo.x86	vtable:__vt_15cGZFrameWorkSDL
0611eb	cGZCOM::~cGZCOM(void)	_._6cGZCOM	sc3u_demo.x86	vtable-user:__vt_6cGZCOM
06127d	cGZCOM::SetServiceRunning(bool)	SetServiceRunning__6cGZCOMb	sc3u_demo.x86	vtable:__vt_6cGZCOM
0612b1	cGZFrameWorkSDL::QueryInterface(unsigned int, void **)	QueryInterface__15cGZFrameWorkSDLUiPPv	sc3u_demo.x86	vtable:__vt_15cGZFrameWorkSDL
0612ee	cGZFrameWorkSDL::AddRef(void)	AddRef__15cGZFrameWorkSDL	sc3u_demo.x86	vtable:__vt_15cGZFrameWorkSDL
061301	cGZFrameWorkSDL::Release(void)	Release__15cGZFrameWorkSDL	sc3u_demo.x86	vtable:__vt_15cGZFrameWorkSDL
06131e	cGZFrameWorkSDL::FinalRelease(void)	FinalRelease__15cGZFrameWorkSDL	sc3u_demo.x86	vtable:__vt_15cGZFrameWorkSDL
06133c	cGZFrameWorkSDL::PostAppShutdown(void)	PostAppShutdown__15cGZFrameWorkSDL	sc3u_demo.x86	vtable:__vt_15cGZFrameWorkSDL
061344	cGZFrameWorkSDL::ShutdownGZCOM(void)	ShutdownGZCOM__15cGZFrameWorkSDL	sc3u_demo.x86	vtable:__vt_15cGZFrameWorkSDL
061353	cGZFrameWorkSDL::GetCOMObject(void)	GetCOMObject__15cGZFrameWorkSDL	sc3u_demo.x86	vtable:__vt_15cGZFrameWorkSDL
06135a	cGZFrameWorkSDL::Run(void)	Run__15cGZFrameWorkSDL	sc3u_demo.x86	vtable:__vt_15cGZFrameWorkSDL
0613d8	cGZFrameWorkSDL::Quit(int)	Quit__15cGZFrameWorkSDLi	sc3u_demo.x86	vtable:__vt_15cGZFrameWorkSDL
0613fe	cGZFrameWorkSDL::AbortiveQuit(int)	AbortiveQuit__15cGZFrameWorkSDLi	sc3u_demo.x86	vtable:__vt_15cGZFrameWorkSDL
061429	cGZFrameWorkSDL::ReportException(char const *)	ReportException__15cGZFrameWorkSDLPCc	sc3u_demo.x86	vtable:__vt_15cGZFrameWorkSDL
0615bb	virtual function thunk (delta:-120) for cGZFrameWorkSDL::QueryInterface(unsigned int, void **)	__thunk_120_QueryInterface__15cGZFrameWorkSDLUiPPv	sc3u_demo.x86	caller
0615c6	virtual function thunk (delta:-120) for cGZFrameWorkSDL::AddRef(void)	__thunk_120_AddRef__15cGZFrameWorkSDL	sc3u_demo.x86	caller
0615d1	virtual function thunk (delta:-120) for cGZFrameWorkSDL::Release(void)	__thunk_120_Release__15cGZFrameWorkSDL	sc3u_demo.x86	caller
0615f4	virtual function thunk (delta:-4) for cGZCOM::SetServiceRunning(bool)	__thunk_4_SetServiceRunning__6cGZCOMb	sc3u_demo.x86	caller
0615fc	cGZCOM::QueryInterface(unsigned int, void **)	QueryInterface__6cGZCOMUiPPv	sc3u_demo.x86	tokens:9.7
061614	virtual function thunk (delta:-28) for cGZCOM::~cGZCOM(void)	__thunk_28__._6cGZCOM	sc3u_demo.x86	vtable:__vt_6cGZCOM.19cRZThreadSafeObject
061631	cRZThreadSafeObject::~cRZThreadSafeObject(void)	_._19cRZThreadSafeObject	sc3u_demo.x86	vtable:__vt_19cRZThreadSafeObject
061691	cGZCOMDirectorSDL::GetDirectorID(void) const	GetDirectorID__C17cGZCOMDirectorSDL	sc3u_demo.x86	tokens:9.7
061697	cGZCOMDirectorSDL::~cGZCOMDirectorSDL(void)	_._17cGZCOMDirectorSDL	sc3u_demo.x86	vtable:__vt_17cGZCOMDirectorSDL
061957	cSLTokenRecord::~cSLTokenRecord(void)	_._14cSLTokenRecord	sc3u_demo.x86	vtable:__vt_14cSLTokenRecord
0619b1	cSLTokenRecord::QueryInterface(unsigned int, void **)	QueryInterface__14cSLTokenRecordUiPPv	sc3u_demo.x86	tokens:9.7
0619d6	cSLTokenRecord::AddRef(void)	AddRef__14cSLTokenRecord	sc3u_demo.x86	vtable:__vt_14cSLTokenRecord
0619dd	cSLTokenRecord::Release(void)	Release__14cSLTokenRecord	sc3u_demo.x86	vtable:__vt_14cSLTokenRecord
0619fd	cSLTokenRecord::GetKey(cGZResourceKey &) const	GetKey__C14cSLTokenRecordR14cGZResourceKey	sc3u_demo.x86	vtable:__vt_14cSLTokenRecord
061a26	cSLTokenRecord::GetCookie(void) const	GetCookie__C14cSLTokenRecord	sc3u_demo.x86	vtable:__vt_14cSLTokenRecord
061b1d	cSLTokenSerialRecordIO::ReadTokenDef(cSLTokenDef &)	ReadTokenDef__22cSLTokenSerialRecordIOR11cSLTokenDef	sc3u_demo.x86	vtable:__vt_22cSLTokenSerialRecordIO
061c74	cSLTokenSerialRecordIO::WriteTokenDef(cRZString &, cSLTokenDef &)	WriteTokenDef__22cSLTokenSerialRecordIOR9cRZStringR11cSLTokenDef	sc3u_demo.x86	vtable:__vt_22cSLTokenSerialRecordIO
061d52	cSLTokenSerialRecordIO::~cSLTokenSerialRecordIO(void)	_._22cSLTokenSerialRecordIO	sc3u_demo.x86	vtable:__vt_22cSLTokenSerialRecordIO
061e4e	cSLTokenSerialRecordIO_Text::Read(long long &)	Read__27cSLTokenSerialRecordIO_TextRx	sc3u_demo.x86	tokens:9.7
061fc0	cSLTokenSerialRecordIO_Text::WriteTokenDef(cRZString &, cSLTokenDef &)	WriteTokenDef__27cSLTokenSerialRecordIO_TextR9cRZStringR11cSLTokenDef	sc3u_demo.x86	tokens:9.7
06215e	cSLTokenSerialRecordIO_Text::Write(unsigned int &)	Write__27cSLTokenSerialRecordIO_TextRUi	sc3u_demo.x86	tokens:9.7
0621cc	cSLTokenSerialRecordIO_Text::Write(int &)	Write__27cSLTokenSerialRecordIO_TextRi	sc3u_demo.x86	tokens:9.7
06223a	cSLTokenSerialRecordIO_Text::Write(long long &)	Write__27cSLTokenSerialRecordIO_TextRx	sc3u_demo.x86	tokens:9.7
0622ab	cSLTokenSerialRecordIO_Text::Write(float &)	Write__27cSLTokenSerialRecordIO_TextRf	sc3u_demo.x86	tokens:9.7
06231e	cSLTokenSerialRecordIO_Text::Write(cRZString &)	Write__27cSLTokenSerialRecordIO_TextR9cRZString	sc3u_demo.x86	tokens:9.7
0624cd	cSLTokenRecord::InitWriteText(cIGZDBSerialRecord &)	InitWriteText__14cSLTokenRecordR18cIGZDBSerialRecord	sc3u_demo.x86	vtable:__vt_14cSLTokenRecord
0624ff	cSLTokenRecord::InitWriteBinary(cIGZDBSerialRecord &)	InitWriteBinary__14cSLTokenRecordR18cIGZDBSerialRecord	sc3u_demo.x86	vtable:__vt_14cSLTokenRecord
062531	cSLTokenRecord::IsRecordFormatText(void) const	IsRecordFormatText__C14cSLTokenRecord	sc3u_demo.x86	vtable:__vt_14cSLTokenRecord
062b10	cSLTokenRecord::IsTokenAvailable(cSLTokenDef const &)	IsTokenAvailable__14cSLTokenRecordRC11cSLTokenDef	sc3u_demo.x86	vtable:__vt_14cSLTokenRecord
062b57	cSLTokenRecord::SetTokenString(cSLTokenDef const &, cIGZString &)	SetTokenString__14cSLTokenRecordRC11cSLTokenDefR10cIGZString	sc3u_demo.x86	vtable:__vt_14cSLTokenRecord
062bc6	cSLTokenRecord::GetFieldUint8(cSLTokenDef const &, unsigned char &, unsigned int)	GetFieldUint8__14cSLTokenRecordRC11cSLTokenDefRUcUi	sc3u_demo.x86	vtable:__vt_14cSLTokenRecord
062bf4	cSLTokenRecord::SetFieldUint8(cSLTokenDef const &, unsigned char const &, unsigned int)	SetFieldUint8__14cSLTokenRecordRC11cSLTokenDefRCUcUi	sc3u_demo.x86	vtable:__vt_14cSLTokenRecord
062c34	cSLTokenRecord::GetFieldUint16(cSLTokenDef const &, unsigned short &, unsigned int)	GetFieldUint16__14cSLTokenRecordRC11cSLTokenDefRUsUi	sc3u_demo.x86	vtable:__vt_14cSLTokenRecord
062c62	cSLTokenRecord::SetFieldUint16(cSLTokenDef const &, unsigned short const &, unsigned int)	SetFieldUint16__14cSLTokenRecordRC11cSLTokenDefRCUsUi	sc3u_demo.x86	vtable:__vt_14cSLTokenRecord
062ca2	cSLTokenRecord::GetFieldUint32(cSLTokenDef const &, unsigned int &, unsigned int)	GetFieldUint32__14cSLTokenRecordRC11cSLTokenDefRUiUi	sc3u_demo.x86	vtable:__vt_14cSLTokenRecord
062cd0	cSLTokenRecord::SetFieldUint32(cSLTokenDef const &, unsigned int const &, unsigned int)	SetFieldUint32__14cSLTokenRecordRC11cSLTokenDefRCUiUi	sc3u_demo.x86	vtable:__vt_14cSLTokenRecord
062d10	cSLTokenRecord::GetFieldSint32(cSLTokenDef const &, int &, unsigned int)	GetFieldSint32__14cSLTokenRecordRC11cSLTokenDefRiUi	sc3u_demo.x86	vtable:__vt_14cSLTokenRecord
062d3e	cSLTokenRecord::SetFieldSint32(cSLTokenDef const &, int const &, unsigned int)	SetFieldSint32__14cSLTokenRecordRC11cSLTokenDefRCiUi	sc3u_demo.x86	vtable:__vt_14cSLTokenRecord
062d7e	cSLTokenRecord::GetFieldSint64(cSLTokenDef const &, long long &, unsigned int)	GetFieldSint64__14cSLTokenRecordRC11cSLTokenDefRxUi	sc3u_demo.x86	vtable:__vt_14cSLTokenRecord
062dac	cSLTokenRecord::SetFieldSint64(cSLTokenDef const &, long long const &, unsigned int)	SetFieldSint64__14cSLTokenRecordRC11cSLTokenDefRCxUi	sc3u_demo.x86	vtable:__vt_14cSLTokenRecord
062dec	cSLTokenRecord::GetFieldFloat32(cSLTokenDef const &, float &, unsigned int)	GetFieldFloat32__14cSLTokenRecordRC11cSLTokenDefRfUi	sc3u_demo.x86	vtable:__vt_14cSLTokenRecord
062e1a	cSLTokenRecord::SetFieldFloat32(cSLTokenDef const &, float const &, unsigned int)	SetFieldFloat32__14cSLTokenRecordRC11cSLTokenDefRCfUi	sc3u_demo.x86	vtable:__vt_14cSLTokenRecord
062e5a	cSLTokenRecord::GetFieldString(cSLTokenDef const &, cIGZString &, unsigned int)	GetFieldString__14cSLTokenRecordRC11cSLTokenDefR10cIGZStringUi	sc3u_demo.x86	vtable:__vt_14cSLTokenRecord
062e88	cSLTokenRecord::SetFieldString(cSLTokenDef const &, cIGZString const &, unsigned int)	SetFieldString__14cSLTokenRecordRC11cSLTokenDefRC10cIGZStringUi	sc3u_demo.x86	vtable:__vt_14cSLTokenRecord
062ec8	cSLTokenRecord::GetFieldResKey(cSLTokenDef const &, cGZResourceKey &, unsigned int)	GetFieldResKey__14cSLTokenRecordRC11cSLTokenDefR14cGZResourceKeyUi	sc3u_demo.x86	vtable:__vt_14cSLTokenRecord
062ef6	cSLTokenRecord::SetFieldResKey(cSLTokenDef const &, cGZResourceKey const &, unsigned int)	SetFieldResKey__14cSLTokenRecordRC11cSLTokenDefRC14cGZResourceKeyUi	sc3u_demo.x86	vtable:__vt_14cSLTokenRecord
062fcd	cGZFontSys::Shutdown(void)	Shutdown__10cGZFontSys	sc3u_demo.x86	vtable:__vt_10cGZFontSys
062fe8	cGZFontSys::FontSetName(cIGZFontSys::tFontType, cIGZString const &)	FontSetName__10cGZFontSysQ211cIGZFontSys9tFontTypeRC10cIGZString	sc3u_demo.x86	vtable:__vt_10cGZFontSys
06308c	cGZFontSys::FontGetName(cIGZFontSys::tFontType, cIGZString &)	FontGetName__10cGZFontSysQ211cIGZFontSys9tFontTypeR10cIGZString	sc3u_demo.x86	vtable:__vt_10cGZFontSys
063131	cGZFontSys::~cGZFontSys(void)	_._10cGZFontSys	sc3u_demo.x86	vtable:__vt_10cGZFontSys
063286	cSLTokenField<cGZResourceKey>::ReadData(cSLTokenSerialRecordIO &)	ReadData__t13cSLTokenField1Z14cGZResourceKeyR22cSLTokenSerialRecordIO	sc3u_demo.x86	vtable:__vt_t13cSLTokenField1Z14cGZResourceKey
0632b9	cSLTokenField<cGZResourceKey>::WriteData(cSLTokenSerialRecordIO &)	WriteData__t13cSLTokenField1Z14cGZResourceKeyR22cSLTokenSerialRecordIO	sc3u_demo.x86	vtable:__vt_t13cSLTokenField1Z14cGZResourceKey
0633dd	cSLTokenField<cRZString>::ReadData(cSLTokenSerialRecordIO &)	ReadData__t13cSLTokenField1Z9cRZStringR22cSLTokenSerialRecordIO	sc3u_demo.x86	vtable:__vt_t13cSLTokenField1Z9cRZString
063411	cSLTokenField<cRZString>::WriteData(cSLTokenSerialRecordIO &)	WriteData__t13cSLTokenField1Z9cRZStringR22cSLTokenSerialRecordIO	sc3u_demo.x86	vtable:__vt_t13cSLTokenField1Z9cRZString
06350c	cSLTokenField<float>::ReadData(cSLTokenSerialRecordIO &)	ReadData__t13cSLTokenField1ZfR22cSLTokenSerialRecordIO	sc3u_demo.x86	vtable:__vt_t13cSLTokenField1Zf
063540	cSLTokenField<float>::WriteData(cSLTokenSerialRecordIO &)	WriteData__t13cSLTokenField1ZfR22cSLTokenSerialRecordIO	sc3u_demo.x86	vtable:__vt_t13cSLTokenField1Zf
063662	cSLTokenField<long long>::ReadData(cSLTokenSerialRecordIO &)	ReadData__t13cSLTokenField1ZxR22cSLTokenSerialRecordIO	sc3u_demo.x86	vtable:__vt_t13cSLTokenField1Zx
063696	cSLTokenField<long long>::WriteData(cSLTokenSerialRecordIO &)	WriteData__t13cSLTokenField1ZxR22cSLTokenSerialRecordIO	sc3u_demo.x86	vtable:__vt_t13cSLTokenField1Zx
0637ca	cSLTokenField<int>::ReadData(cSLTokenSerialRecordIO &)	ReadData__t13cSLTokenField1ZiR22cSLTokenSerialRecordIO	sc3u_demo.x86	vtable:__vt_t13cSLTokenField1Zi
0637fe	cSLTokenField<int>::WriteData(cSLTokenSerialRecordIO &)	WriteData__t13cSLTokenField1ZiR22cSLTokenSerialRecordIO	sc3u_demo.x86	vtable:__vt_t13cSLTokenField1Zi
063920	cSLTokenField<unsigned int>::ReadData(cSLTokenSerialRecordIO &)	ReadData__t13cSLTokenField1ZUiR22cSLTokenSerialRecordIO	sc3u_demo.x86	vtable:__vt_t13cSLTokenField1ZUi
063954	cSLTokenField<unsigned int>::WriteData(cSLTokenSerialRecordIO &)	WriteData__t13cSLTokenField1ZUiR22cSLTokenSerialRecordIO	sc3u_demo.x86	vtable:__vt_t13cSLTokenField1ZUi
063ac0	cSLTokenField<unsigned char>::ReadData(cSLTokenSerialRecordIO &)	ReadData__t13cSLTokenField1ZUcR22cSLTokenSerialRecordIO	sc3u_demo.x86	vtable:__vt_t13cSLTokenField1ZUc
063afa	cSLTokenField<unsigned char>::WriteData(cSLTokenSerialRecordIO &)	WriteData__t13cSLTokenField1ZUcR22cSLTokenSerialRecordIO	sc3u_demo.x86	vtable:__vt_t13cSLTokenField1ZUc
063caf	cSLTokenField<unsigned short>::ReadData(cSLTokenSerialRecordIO &)	ReadData__t13cSLTokenField1ZUsR22cSLTokenSerialRecordIO	sc3u_demo.x86	vtable:__vt_t13cSLTokenField1ZUs
063ce9	cSLTokenField<unsigned short>::WriteData(cSLTokenSerialRecordIO &)	WriteData__t13cSLTokenField1ZUsR22cSLTokenSerialRecordIO	sc3u_demo.x86	vtable:__vt_t13cSLTokenField1ZUs
063d69	cSLTokenField<cGZResourceKey>::~cSLTokenField(void)	_._t13cSLTokenField1Z14cGZResourceKey	sc3u_demo.x86	vtable:__vt_t13cSLTokenField1Z14cGZResourceKey
063da0	cSLTokenField<cRZString>::~cSLTokenField(void)	_._t13cSLTokenField1Z9cRZString	sc3u_demo.x86	vtable:__vt_t13cSLTokenField1Z9cRZString
063dd7	cSLTokenField<float>::~cSLTokenField(void)	_._t13cSLTokenField1Zf	sc3u_demo.x86	vtable:__vt_t13cSLTokenField1Zf
063df3	cSLTokenField<long long>::~cSLTokenField(void)	_._t13cSLTokenField1Zx	sc3u_demo.x86	vtable:__vt_t13cSLTokenField1Zx
063e2a	cSLTokenField<int>::~cSLTokenField(void)	_._t13cSLTokenField1Zi	sc3u_demo.x86	vtable:__vt_t13cSLTokenField1Zi
063e61	cSLTokenField<unsigned int>::~cSLTokenField(void)	_._t13cSLTokenField1ZUi	sc3u_demo.x86	vtable:__vt_t13cSLTokenField1ZUi
063e98	cSLTokenField<unsigned char>::~cSLTokenField(void)	_._t13cSLTokenField1ZUc	sc3u_demo.x86	vtable:__vt_t13cSLTokenField1ZUc
063ecf	cSLTokenField<unsigned short>::~cSLTokenField(void)	_._t13cSLTokenField1ZUs	sc3u_demo.x86	vtable:__vt_t13cSLTokenField1ZUs
064221	virtual function thunk (delta:-4) for cGZFontSys::QueryInterface(unsigned int, void **)	__thunk_4_QueryInterface__10cGZFontSysUiPPv	sc3u_demo.x86	caller
064229	virtual function thunk (delta:-4) for cGZFontSys::AddRef(void)	__thunk_4_AddRef__10cGZFontSys	sc3u_demo.x86	caller
064231	virtual function thunk (delta:-4) for cGZFontSys::Release(void)	__thunk_4_Release__10cGZFontSys	sc3u_demo.x86	caller
0654d0	cGZDBRecordIndexedFile::QueryInterface(unsigned int, void **)	QueryInterface__22cGZDBRecordIndexedFileUiPPv	sc3u_demo.x86	tokens:9.7
06566d	cGZDBRecordIndexedFile::Reset(cGZResourceKey const &, unsigned int, unsigned int)	Reset__22cGZDBRecordIndexedFileRC14cGZResourceKeyUiUi	sc3u_demo.x86	vtable:__vt_22cGZDBRecordIndexedFile
0656ae	cGZDBRecordIndexedFile::GetSize(unsigned int &)	GetSize__22cGZDBRecordIndexedFileRUi	sc3u_demo.x86	vtable:__vt_22cGZDBRecordIndexedFile
0656cc	cGZDBRecordIndexedFile::GetSizeOfAllWriteData(void)	GetSizeOfAllWriteData__22cGZDBRecordIndexedFile	sc3u_demo.x86	vtable:__vt_22cGZDBRecordIndexedFile
0656fa	cGZDBRecordIndexedFile::SkipBytes(unsigned int)	SkipBytes__22cGZDBRecordIndexedFileUi	sc3u_demo.x86	vtable:__vt_22cGZDBRecordIndexedFile
06605a	virtual function thunk (delta:-24) for cGZDBRecordIndexedFile::GetSize(unsigned int &)	__thunk_24_GetSize__22cGZDBRecordIndexedFileRUi	sc3u_demo.x86	caller
06667e	cRZDBSerialRecord::GetFieldString(cIGZString &)	GetFieldString__17cRZDBSerialRecordR10cIGZString	sc3u_demo.x86	vtable:__vt_22cGZDBRecordIndexedFile
0666ed	cRZDBSerialRecord::GetFieldResKey(cGZResourceKey &)	GetFieldResKey__17cRZDBSerialRecordR14cGZResourceKey	sc3u_demo.x86	vtable:__vt_22cGZDBRecordIndexedFile
066722	cRZDBSerialRecord::GetFieldVariant(cIGZVariant **)	GetFieldVariant__17cRZDBSerialRecordPP11cIGZVariant	sc3u_demo.x86	vtable:__vt_22cGZDBRecordIndexedFile
066ff7	cRZDBSerialRecord::SetFieldString(cIGZString const &)	SetFieldString__17cRZDBSerialRecordRC10cIGZString	sc3u_demo.x86	vtable:__vt_22cGZDBRecordIndexedFile
067036	cRZDBSerialRecord::SetFieldResKey(cGZResourceKey const &)	SetFieldResKey__17cRZDBSerialRecordRC14cGZResourceKey	sc3u_demo.x86	vtable:__vt_22cGZDBRecordIndexedFile
0670a2	cRZDBSerialRecord::SetFieldVariant(cIGZVariant const *)	SetFieldVariant__17cRZDBSerialRecordPC11cIGZVariant	sc3u_demo.x86	vtable:__vt_22cGZDBRecordIndexedFile
06770d	MPEGaction::Loop(bool)	Loop__10MPEGactionb	sc3u_demo.x86	vtable:__vt_15MPEGaudioaction
067739	MPEGaction::Time(void)	Time__10MPEGaction	sc3u_demo.x86	vtable:__vt_15MPEGaudioaction
0677dc	MPEGaudioaction::GetAudioInfo(MPEG_AudioInfo *)	GetAudioInfo__15MPEGaudioactionP14MPEG_AudioInfo	sc3u_demo.x86	vtable:__vt_15MPEGaudioaction
0677e0	MPEGaction::Pause(void)	Pause__10MPEGaction	sc3u_demo.x86	vtable:__vt_15MPEGaudioaction
067855	cRZResource::~cRZResource(void)	_._11cRZResource	sc3u_demo.x86	vtable:__vt_11cRZResource
067878	cRZResource::QueryInterface(unsigned int, void **)	QueryInterface__11cRZResourceUiPPv	sc3u_demo.x86	vtable:__vt_11cRZResource
06789d	cRZResource::Release(void)	Release__11cRZResource	sc3u_demo.x86	vtable:__vt_11cRZResource
0678d5	cRZResource::AddRef(void)	AddRef__11cRZResource	sc3u_demo.x86	vtable:__vt_11cRZResource
06791d	cRZResource::GetRefCount(void) const	GetRefCount__C11cRZResource	sc3u_demo.x86	vtable:__vt_11cRZResource
067921	cRZResource::DebugInstanceTag(cIGZString &)	DebugInstanceTag__11cRZResourceR10cIGZString	sc3u_demo.x86	vtable:__vt_11cRZResource
067926	cRZResource::DebugClassTag(cIGZString &)	DebugClassTag__11cRZResourceR10cIGZString	sc3u_demo.x86	vtable:__vt_11cRZResource
06792b	cRZResource::DebugTypeTag(cIGZString &)	DebugTypeTag__11cRZResourceR10cIGZString	sc3u_demo.x86	vtable:__vt_11cRZResource
06796d	cGZFontSys::QueryInterface(unsigned int, void **)	QueryInterface__10cGZFontSysUiPPv	sc3u_demo.x86	vtable:__vt_10cGZFontSys
067999	cGZFontSys::AddRef(void)	AddRef__10cGZFontSys	sc3u_demo.x86	vtable:__vt_10cGZFontSys
0679a1	cGZFontSys::Release(void)	Release__10cGZFontSys	sc3u_demo.x86	vtable:__vt_10cGZFontSys
067aa1	cGZFontSys::FontRelease(cIGZFont *)	FontRelease__10cGZFontSysP8cIGZFont	sc3u_demo.x86	vtable:__vt_10cGZFontSys
067aa6	cGZFontSys::Init(void)	Init__10cGZFontSys	sc3u_demo.x86	vtable:__vt_10cGZFontSys
06803a	virtual function thunk (delta:-4) for cGZDBSegmentIndexedFile::~cGZDBSegmentIndexedFile(void)	__thunk_4__._23cGZDBSegmentIndexedFile	sc3u_demo.x86	vtable:__vt_23cGZDBSegmentIndexedFile.19cRZThreadSafeObject
068809	cRZString::SprintfV(char const *, void *)	SprintfV__9cRZStringPCcPv	sc3u_demo.x86	tokens:29.1
068b7a	cRZString::loki_sprintf(char const *,...)	loki_sprintf__9cRZStringPCce	sc3u_demo.x86	callee
068c18	cRZCmdLine::~cRZCmdLine(void)	_._10cRZCmdLine	sc3u_demo.x86	vtable:__vt_10cRZCmdLine
069291	cRZCmdLine::GetCommandLineText(cIGZString &) const	GetCommandLineText__C10cRZCmdLineR10cIGZString	sc3u_demo.x86	vtable:__vt_10cRZCmdLine
0692a5	cRZCmdLine::operator[](int) const	__vc__C10cRZCmdLinei	sc3u_demo.x86	vtable:__vt_10cRZCmdLine
0692cc	cRZCmdLine::argv(int) const	argv__C10cRZCmdLinei	sc3u_demo.x86	vtable:__vt_10cRZCmdLine
0692f4	cRZCmdLine::argc(void) const	argc__C10cRZCmdLine	sc3u_demo.x86	vtable:__vt_10cRZCmdLine
069301	cRZCmdLine::Find(cIGZString const &, bool) const	Find__C10cRZCmdLineRC10cIGZStringb	sc3u_demo.x86	vtable:__vt_10cRZCmdLine
06941b	cRZCmdLine::FindSubString(cIGZString const &, bool) const	FindSubString__C10cRZCmdLineRC10cIGZStringb	sc3u_demo.x86	vtable:__vt_10cRZCmdLine
069c9b	cRZCmdLine::InsertArgument(cIGZString const &, int)	InsertArgument__10cRZCmdLineRC10cIGZStringi	sc3u_demo.x86	vtable:__vt_10cRZCmdLine
069d7d	cRZCmdLine::EraseArgument(int)	EraseArgument__10cRZCmdLinei	sc3u_demo.x86	vtable:__vt_10cRZCmdLine
069e20	cRZCmdLine::QueryInterface(unsigned int, void **)	QueryInterface__10cRZCmdLineUiPPv	sc3u_demo.x86	tokens:9.7
069e4c	cRZCmdLine::AddRef(void)	AddRef__10cRZCmdLine	sc3u_demo.x86	vtable:__vt_10cRZCmdLine
069e53	cRZCmdLine::Release(void)	Release__10cRZCmdLine	sc3u_demo.x86	vtable:__vt_10cRZCmdLine
069f44	cRZRefCount::RefCount(void)	RefCount__11cRZRefCount	sc3u_demo.x86	vtable:__vt_11cSC3CmdQuit.11cRZRefCount
069f58	cRZRefCount::RemoveRef(void)	RemoveRef__11cRZRefCount	sc3u_demo.x86	vtable:__vt_11cSC3CmdQuit.11cRZRefCount
069ff5	cRZUnknown::RemoveRef(void)	RemoveRef__10cRZUnknown	sc3u_demo.x86	vtable:__vt_11cGZRegistry.10cRZUnknown
06a00b	cRZUnknown::RefCount(void) const	RefCount__C10cRZUnknown	sc3u_demo.x86	vtable:__vt_11cGZRegistry.10cRZUnknown
06a039	cRZUnknownList::~cRZUnknownList(void)	_._14cRZUnknownList	sc3u_demo.x86	vtable:__vt_14cRZUnknownList
06a063	cRZUnknownList::QueryInterface(unsigned int, void **)	QueryInterface__14cRZUnknownListUiPPv	sc3u_demo.x86	vtable:__vt_14cRZUnknownList
06a088	cRZUnknownList::AddRef(void)	AddRef__14cRZUnknownList	sc3u_demo.x86	vtable:__vt_14cRZUnknownList
06a08f	cRZUnknownList::Release(void)	Release__14cRZUnknownList	sc3u_demo.x86	vtable:__vt_14cRZUnknownList
06a0aa	cRZUnknownList::Size(void) const	Size__C14cRZUnknownList	sc3u_demo.x86	vtable:__vt_14cRZUnknownList
06a0b2	cRZUnknownList::GetElement(unsigned int, unsigned int, void **) const	GetElement__C14cRZUnknownListUiUiPPv	sc3u_demo.x86	vtable:__vt_14cRZUnknownList
06a0ef	cRZUnknownList::EnumElements(cIGZUnknownEnumerator &, cIGZUnknown *, unsigned int)	EnumElements__14cRZUnknownListR21cIGZUnknownEnumeratorP11cIGZUnknownUi	sc3u_demo.x86	vtable:__vt_14cRZUnknownList
06a33f	cRZUnknownList::Peek_Front(unsigned int, void **) const	Peek_Front__C14cRZUnknownListUiPPv	sc3u_demo.x86	vtable:__vt_14cRZUnknownList
06a356	cRZUnknownList::Peek_Back(unsigned int, void **) const	Peek_Back__C14cRZUnknownListUiPPv	sc3u_demo.x86	vtable:__vt_14cRZUnknownList
06a36e	cRZUnknownList::Pop_Front(unsigned int, void **)	Pop_Front__14cRZUnknownListUiPPv	sc3u_demo.x86	vtable:__vt_14cRZUnknownList
06a3aa	cRZUnknownList::Pop_Back(unsigned int, void **)	Pop_Back__14cRZUnknownListUiPPv	sc3u_demo.x86	vtable:__vt_14cRZUnknownList
06a3f4	cRZUnknownList::Clear(void)	Clear__14cRZUnknownList	sc3u_demo.x86	vtable:__vt_14cRZUnknownList
06a3ff	cRZUnknownList::CopyFrom(cIGZUnknownList const &)	CopyFrom__14cRZUnknownListRC15cIGZUnknownList	sc3u_demo.x86	vtable:__vt_14cRZUnknownList
06a416	cRZUnknownList::CreateClone(cIGZUnknownList **) const	CreateClone__C14cRZUnknownListPP15cIGZUnknownList	sc3u_demo.x86	vtable:__vt_14cRZUnknownList
06a78a	cRZSystemService::Init(void)	Init__16cRZSystemService	sc3u_demo.x86	vtable:__vt_11cGZRegistry.16cRZSystemService
06a78d	cRZSystemService::Shutdown(void)	Shutdown__16cRZSystemService	sc3u_demo.x86	vtable:__vt_11cGZRegistry.16cRZSystemService
06a790	cRZSystemService::QueryInterface(unsigned int, void **)	QueryInterface__16cRZSystemServiceUiPPv	sc3u_demo.x86	vtable:__vt_21cSC3IdleStateDetector
06a7b9	cRZSystemService::AddRef(void)	AddRef__16cRZSystemService	sc3u_demo.x86	vtable:__vt_21cSC3IdleStateDetector
06a7c1	cRZSystemService::Release(void)	Release__16cRZSystemService	sc3u_demo.x86	vtable:__vt_21cSC3IdleStateDetector
06a7c9	cRZSystemService::GetServiceID(void) const	GetServiceID__C16cRZSystemService	sc3u_demo.x86	vtable:__vt_11cGZRegistry.16cRZSystemService
06a7cd	cRZSystemService::SetServiceID(unsigned int)	SetServiceID__16cRZSystemServiceUi	sc3u_demo.x86	vtable:__vt_11cGZRegistry.16cRZSystemService
06a7d7	cRZSystemService::GetServicePriority(void) const	GetServicePriority__C16cRZSystemService	sc3u_demo.x86	vtable:__vt_11cGZRegistry.16cRZSystemService
06a7db	cRZSystemService::IsServiceRunning(void) const	IsServiceRunning__C16cRZSystemService	sc3u_demo.x86	vtable:__vt_11cGZRegistry.16cRZSystemService
06a7df	cRZSystemService::SetServiceRunning(bool)	SetServiceRunning__16cRZSystemServiceb	sc3u_demo.x86	vtable:__vt_11cGZRegistry.16cRZSystemService
06a7e9	cRZSystemService::OnInstall(void)	OnInstall__16cRZSystemService	sc3u_demo.x86	vtable:__vt_11cGZRegistry.16cRZSystemService
06a7ec	cRZSystemService::OnIdle(unsigned int)	OnIdle__16cRZSystemServiceUi	sc3u_demo.x86	vtable:__vt_11cGZRegistry.16cRZSystemService
06a7f1	cRZSystemService::OnTick(unsigned int)	OnTick__16cRZSystemServiceUi	sc3u_demo.x86	vtable:__vt_11cGZRegistry.16cRZSystemService
06a886	cGZCheatCodeManager::AddRef(void)	AddRef__19cGZCheatCodeManager	sc3u_demo.x86	vtable:__vt_19cGZCheatCodeManager
06a889	cGZCheatCodeManager::Release(void)	Release__19cGZCheatCodeManager	sc3u_demo.x86	vtable:__vt_19cGZCheatCodeManager
06a88c	cGZCheatCodeManager::GetCheatCodeOccurrenceCount(void)	GetCheatCodeOccurrenceCount__19cGZCheatCodeManager	sc3u_demo.x86	vtable:__vt_19cGZCheatCodeManager
06a890	cGZCheatCodeManager::GetCheatCodesEnabled(void)	GetCheatCodesEnabled__19cGZCheatCodeManager	sc3u_demo.x86	vtable:__vt_19cGZCheatCodeManager
06a894	cGZCheatCodeManager::~cGZCheatCodeManager(void)	_._19cGZCheatCodeManager	sc3u_demo.x86	vtable:__vt_19cGZCheatCodeManager
06a955	cGZCheatCodeManager::QueryInterface(unsigned int, void **)	QueryInterface__19cGZCheatCodeManagerUiPPv	sc3u_demo.x86	tokens:9.7
06a97a	cGZCheatCodeManager::RegisterCheatCode(unsigned int, cIGZString const &)	RegisterCheatCode__19cGZCheatCodeManagerUiRC10cIGZString	sc3u_demo.x86	vtable:__vt_19cGZCheatCodeManager
06aa48	cGZCheatCodeManager::UnregisterCheatCode(unsigned int)	UnregisterCheatCode__19cGZCheatCodeManagerUi	sc3u_demo.x86	vtable:__vt_19cGZCheatCodeManager
06aa7d	cGZCheatCodeManager::AddNotification(cIGZMessageTarget *, unsigned int)	AddNotification__19cGZCheatCodeManagerP17cIGZMessageTargetUi	sc3u_demo.x86	vtable:__vt_19cGZCheatCodeManager
06aaf3	cGZCheatCodeManager::RemoveNotification(cIGZMessageTarget *, unsigned int)	RemoveNotification__19cGZCheatCodeManagerP17cIGZMessageTargetUi	sc3u_demo.x86	vtable:__vt_19cGZCheatCodeManager
06ab69	cGZCheatCodeManager::GetCheatHasBeenSet(unsigned int)	GetCheatHasBeenSet__19cGZCheatCodeManagerUi	sc3u_demo.x86	vtable:__vt_19cGZCheatCodeManager
06ab91	cGZCheatCodeManager::SetCheatHasBeenSet(unsigned int, bool)	SetCheatHasBeenSet__19cGZCheatCodeManagerUib	sc3u_demo.x86	vtable:__vt_19cGZCheatCodeManager
06abbc	cGZCheatCodeManager::GetSetCheatCodes(unsigned int *, unsigned int &)	GetSetCheatCodes__19cGZCheatCodeManagerPUiRUi	sc3u_demo.x86	vtable:__vt_19cGZCheatCodeManager
06ac27	cGZCheatCodeManager::SendCheatNotifications(cIGZString const &, unsigned int)	SendCheatNotifications__19cGZCheatCodeManagerRC10cIGZStringUi	sc3u_demo.x86	vtable:__vt_19cGZCheatCodeManager
06ac89	cGZCheatCodeManager::DoesCheatCodeMatch(cIGZString const &, unsigned int &)	DoesCheatCodeMatch__19cGZCheatCodeManagerRC10cIGZStringRUi	sc3u_demo.x86	vtable:__vt_19cGZCheatCodeManager
06adbe	cGZCheatCodeManager::DoDefaultCheatCodeProcessing(cIGZString const &, unsigned int &)	DoDefaultCheatCodeProcessing__19cGZCheatCodeManagerRC10cIGZStringRUi	sc3u_demo.x86	vtable:__vt_19cGZCheatCodeManager
06affa	cGZCheatCodeManager::GetListOfAllCheatStrings(cIGZString **, unsigned int &)	GetListOfAllCheatStrings__19cGZCheatCodeManagerPP10cIGZStringRUi	sc3u_demo.x86	vtable:__vt_19cGZCheatCodeManager
06b036	cGZCheatCodeManager::EnableCheatCodes(bool, cIGZString const &)	EnableCheatCodes__19cGZCheatCodeManagerbRC10cIGZString	sc3u_demo.x86	tokens:18.7
06b2a2	cGZCheatCodeManager::GetCheatCodePassword(unsigned char *, unsigned int &)	GetCheatCodePassword__19cGZCheatCodeManagerPUcRUi	sc3u_demo.x86	vtable:__vt_19cGZCheatCodeManager
06b2f2	cGZCheatCodeManager::SetCheatCodePassword(unsigned char *, unsigned int)	SetCheatCodePassword__19cGZCheatCodeManagerPUcUi	sc3u_demo.x86	vtable:__vt_19cGZCheatCodeManager
06b356	cGZCheatCodeManager::SetEnableDisableStrings(cIGZString const &, cIGZString const &)	SetEnableDisableStrings__19cGZCheatCodeManagerRC10cIGZStringT1	sc3u_demo.x86	vtable:__vt_19cGZCheatCodeManager
06bea2	cRZDiskRadioStation::SetRadio(cIGZRadio *)	SetRadio__19cRZDiskRadioStationP9cIGZRadio	sc3u_demo.x86	vtable:__vt_19cRZDiskRadioStation
06beba	cRZDiskRadioStation::IsOnTheAir(void)	IsOnTheAir__19cRZDiskRadioStation	sc3u_demo.x86	vtable:__vt_19cRZDiskRadioStation
06bebe	cRZDiskRadioStation::~cRZDiskRadioStation(void)	_._19cRZDiskRadioStation	sc3u_demo.x86	vtable:__vt_19cRZDiskRadioStation
06c081	cRZDiskRadioStation::QueryInterface(unsigned int, void **)	QueryInterface__19cRZDiskRadioStationUiPPv	sc3u_demo.x86	vtable:__vt_19cRZDiskRadioStation
06c0a6	cRZDiskRadioStation::AddRef(void)	AddRef__19cRZDiskRadioStation	sc3u_demo.x86	vtable:__vt_19cRZDiskRadioStation
06c0b9	cRZDiskRadioStation::Release(void)	Release__19cRZDiskRadioStation	sc3u_demo.x86	vtable:__vt_19cRZDiskRadioStation
06c0db	cRZDiskRadioStation::Init(void)	Init__19cRZDiskRadioStation	sc3u_demo.x86	vtable:__vt_19cRZDiskRadioStation
06c0de	cRZDiskRadioStation::Shutdown(void)	Shutdown__19cRZDiskRadioStation	sc3u_demo.x86	vtable:__vt_19cRZDiskRadioStation
06c0e1	cRZDiskRadioStation::SetStation(void)	SetStation__19cRZDiskRadioStation	sc3u_demo.x86	vtable:__vt_19cRZDiskRadioStation
06c106	cRZDiskRadioStation::UnsetStation(void)	UnsetStation__19cRZDiskRadioStation	sc3u_demo.x86	vtable:__vt_19cRZDiskRadioStation
06c107	cRZDiskRadioStation::PlayWelcome(void)	PlayWelcome__19cRZDiskRadioStation	sc3u_demo.x86	tokens:9.7
06c1d8	cRZDiskRadioStation::OnIdle(void)	OnIdle__19cRZDiskRadioStation	sc3u_demo.x86	vtable:__vt_19cRZDiskRadioStation
06c31f	cRZDiskRadioStation::StartPlayingNextSelectionOfGivenType(cRZDiskRadioStation::RadioStationCycleType)	StartPlayingNextSelectionOfGivenType__19cRZDiskRadioStationQ219cRZDiskRadioStation21RadioStationCycleType	sc3u_demo.x86	vtable:__vt_19cRZDiskRadioStation
06c62e	cRZDiskRadioStation::LoadAllPlaylists(void)	LoadAllPlaylists__19cRZDiskRadioStation	sc3u_demo.x86	vtable:__vt_19cRZDiskRadioStation
06c94c	cRZDiskRadioStation::ShufflePlaylist(void)	ShufflePlaylist__19cRZDiskRadioStation	sc3u_demo.x86	vtable:__vt_19cRZDiskRadioStation
06cd01	cRZDiskRadioStation::RandomizeStringList(list<cRZString, allocator<cRZString> > &)	RandomizeStringList__19cRZDiskRadioStationRt4list2Z9cRZStringZt9allocator1Z9cRZString	sc3u_demo.x86	vtable:__vt_19cRZDiskRadioStation
06cde2	cRZDiskRadioStation::ShuffleCycle(void)	ShuffleCycle__19cRZDiskRadioStation	sc3u_demo.x86	vtable:__vt_19cRZDiskRadioStation
06ce2e	cRZDiskRadioStation::GetStationCallSign(char *)	GetStationCallSign__19cRZDiskRadioStationPc	sc3u_demo.x86	vtable:__vt_19cRZDiskRadioStation
06ce4e	cRZDiskRadioStation::GetStationDescription(cIGZString *)	GetStationDescription__19cRZDiskRadioStationP10cIGZString	sc3u_demo.x86	vtable:__vt_19cRZDiskRadioStation
06ce76	cRZDiskRadioStation::IsCycleTypePresent(cRZDiskRadioStation::RadioStationCycleType)	IsCycleTypePresent__19cRZDiskRadioStationQ219cRZDiskRadioStation21RadioStationCycleType	sc3u_demo.x86	vtable:__vt_19cRZDiskRadioStation
06ceeb	cRZDiskRadioStation::MoveToNextPlaylistItem(cRZDiskRadioStation::RadioStationCycleType)	MoveToNextPlaylistItem__19cRZDiskRadioStationQ219cRZDiskRadioStation21RadioStationCycleType	sc3u_demo.x86	vtable:__vt_19cRZDiskRadioStation
06cf6b	cRZDiskRadioStation::ReadCallSignFromDisk(void)	ReadCallSignFromDisk__19cRZDiskRadioStation	sc3u_demo.x86	tokens:18.7
06d12a	cRZRadio::SetLanguageManager(cIGZLanguageManager *)	SetLanguageManager__8cRZRadioP19cIGZLanguageManager	sc3u_demo.x86	vtable:__vt_8cRZRadio
06d134	cRZRadio::SetSoundSystem(cIGZSndSys *)	SetSoundSystem__8cRZRadioP10cIGZSndSys	sc3u_demo.x86	vtable:__vt_8cRZRadio
06d13e	cRZRadio::GetRadioSound(void)	GetRadioSound__8cRZRadio	sc3u_demo.x86	vtable:__vt_8cRZRadio
06d142	cRZRadio::GetRadioDirectory(cIGZString &)	GetRadioDirectory__8cRZRadioR10cIGZString	sc3u_demo.x86	vtable:__vt_8cRZRadio
06d15e	cRZRadio::SetRadioDirectory(cIGZString const &)	SetRadioDirectory__8cRZRadioRC10cIGZString	sc3u_demo.x86	vtable:__vt_8cRZRadio
06d1d1	cRZRadio::~cRZRadio(void)	_._8cRZRadio	sc3u_demo.x86	vtable:__vt_8cRZRadio
06d245	cRZRadio::Init(void)	Init__8cRZRadio	sc3u_demo.x86	vtable:__vt_8cRZRadio
06d280	cRZRadio::Shutdown(void)	Shutdown__8cRZRadio	sc3u_demo.x86	vtable:__vt_8cRZRadio
06d2be	cRZRadio::QueryInterface(unsigned int, void **)	QueryInterface__8cRZRadioUiPPv	sc3u_demo.x86	vtable:__vt_8cRZRadio
06d2fc	cRZRadio::AddRef(void)	AddRef__8cRZRadio	sc3u_demo.x86	vtable:__vt_8cRZRadio
06d303	cRZRadio::Release(void)	Release__8cRZRadio	sc3u_demo.x86	vtable:__vt_8cRZRadio
06d314	cRZRadio::FinalRelease(void)	FinalRelease__8cRZRadio	sc3u_demo.x86	vtable:__vt_8cRZRadio
06d330	cRZRadio::ReadSettings(cIGZRadio::RadioSettings *)	ReadSettings__8cRZRadioPQ29cIGZRadio13RadioSettings	sc3u_demo.x86	vtable:__vt_8cRZRadio
06d38c	cRZRadio::WriteSettings(cIGZRadio::RadioSettings *)	WriteSettings__8cRZRadioPQ29cIGZRadio13RadioSettings	sc3u_demo.x86	vtable:__vt_8cRZRadio
06d3ba	cRZRadio::TurnOn(void)	TurnOn__8cRZRadio	sc3u_demo.x86	vtable:__vt_8cRZRadio
06d405	cRZRadio::TurnOff(void)	TurnOff__8cRZRadio	sc3u_demo.x86	vtable:__vt_8cRZRadio
06d41e	cRZRadio::IsOn(void)	IsOn__8cRZRadio	sc3u_demo.x86	vtable:__vt_8cRZRadio
06d422	cRZRadio::Mute(void)	Mute__8cRZRadio	sc3u_demo.x86	vtable:__vt_8cRZRadio
06d443	cRZRadio::UnMute(void)	UnMute__8cRZRadio	sc3u_demo.x86	vtable:__vt_8cRZRadio
06d46a	cRZRadio::SetOption(bool, cIGZRadio::RadioOption)	SetOption__8cRZRadiobQ29cIGZRadio11RadioOption	sc3u_demo.x86	vtable:__vt_8cRZRadio
06d499	cRZRadio::GetOption(cIGZRadio::RadioOption)	GetOption__8cRZRadioQ29cIGZRadio11RadioOption	sc3u_demo.x86	vtable:__vt_8cRZRadio
06d4bf	cRZRadio::GetVolume(void)	GetVolume__8cRZRadio	sc3u_demo.x86	vtable:__vt_8cRZRadio
06d4c3	cRZRadio::SetVolume(int)	SetVolume__8cRZRadioi	sc3u_demo.x86	vtable:__vt_8cRZRadio
06d7d7	cRZRadio::AddStation(cIGZRadioStation *)	AddStation__8cRZRadioP16cIGZRadioStation	sc3u_demo.x86	vtable:__vt_8cRZRadio
06d8af	cRZRadio::RemoveAllStations(bool)	RemoveAllStations__8cRZRadiob	sc3u_demo.x86	vtable:__vt_8cRZRadio
06d8ea	cRZRadio::IsStationAvailable(char const *)	IsStationAvailable__8cRZRadioPCc	sc3u_demo.x86	vtable:__vt_8cRZRadio
06d8fc	cRZRadio::GetStationCount(void)	GetStationCount__8cRZRadio	sc3u_demo.x86	vtable:__vt_8cRZRadio
06d906	cRZRadio::OnIdle(unsigned int)	OnIdle__8cRZRadioUi	sc3u_demo.x86	vtable:__vt_8cRZRadio
06d933	cRZRadio::GetLanguageDirectoryName(unsigned int, cRZString &)	GetLanguageDirectoryName__8cRZRadioUiR9cRZString	sc3u_demo.x86	vtable:__vt_8cRZRadio
06d95d	cRZRadio::SetupDiskStations(void)	SetupDiskStations__8cRZRadio	sc3u_demo.x86	tokens:48.2
06e275	cRZRadio::DoesAtLeastOneSoundEntryExistForTheGivenDirectory(cRZString const &)	DoesAtLeastOneSoundEntryExistForTheGivenDirectory__8cRZRadioRC9cRZString	sc3u_demo.x86	vtable:__vt_8cRZRadio
06e7ba	cGZWinCtrlMgr::QueryInterface(unsigned int, void **)	QueryInterface__13cGZWinCtrlMgrUiPPv	sc3u_demo.x86	vtable:__vt_13cGZWinCtrlMgr
06e7c2	cGZWinCtrlMgr::AddRef(void)	AddRef__13cGZWinCtrlMgr	sc3u_demo.x86	vtable:__vt_13cGZWinCtrlMgr
06e7ca	cGZWinCtrlMgr::Release(void)	Release__13cGZWinCtrlMgr	sc3u_demo.x86	vtable:__vt_13cGZWinCtrlMgr
06e7d2	cGZWinCtrlMgr::Init(void)	Init__13cGZWinCtrlMgr	sc3u_demo.x86	vtable:__vt_13cGZWinCtrlMgr
06e7da	cGZWinCtrlMgr::Shutdown(void)	Shutdown__13cGZWinCtrlMgr	sc3u_demo.x86	vtable:__vt_13cGZWinCtrlMgr
06e7e2	virtual function thunk (delta:-4) for cRZRadio::OnIdle(unsigned int)	__thunk_4_OnIdle__8cRZRadioUi	sc3u_demo.x86	caller
06e82d	cGZSoundRenderServer::AddRef(void)	AddRef__20cGZSoundRenderServer	sc3u_demo.x86	vtable:__vt_20cGZSoundRenderServer
06e830	cGZSoundRenderServer::Release(void)	Release__20cGZSoundRenderServer	sc3u_demo.x86	vtable:__vt_20cGZSoundRenderServer
06e833	cGZSoundRenderServer::GetSoundSystem(void)	GetSoundSystem__20cGZSoundRenderServer	sc3u_demo.x86	vtable:__vt_20cGZSoundRenderServer
06e845	cGZSoundRenderServer::GetServicePriority(void) const	GetServicePriority__C20cGZSoundRenderServer	sc3u_demo.x86	tokens:9.7
06e884	cGZSoundRenderServer::QueryInterface(unsigned int, void **)	QueryInterface__20cGZSoundRenderServerUiPPv	sc3u_demo.x86	vtable:__vt_20cGZSoundRenderServer
06e8c2	cGZSoundRenderServer::AddClient(cIGZSoundRenderClient *)	AddClient__20cGZSoundRenderServerP21cIGZSoundRenderClient	sc3u_demo.x86	vtable:__vt_20cGZSoundRenderServer
06e923	cGZSoundRenderServer::RemoveClient(cIGZSoundRenderClient *)	RemoveClient__20cGZSoundRenderServerP21cIGZSoundRenderClient	sc3u_demo.x86	vtable:__vt_20cGZSoundRenderServer
06e984	cGZSoundRenderServer::IsClientPresent(cIGZSoundRenderClient *)	IsClientPresent__20cGZSoundRenderServerP21cIGZSoundRenderClient	sc3u_demo.x86	vtable:__vt_20cGZSoundRenderServer
06e9d9	cGZSoundRenderServer::GetViewerPosition(float *, float *, float *)	GetViewerPosition__20cGZSoundRenderServerPfN21	sc3u_demo.x86	vtable:__vt_20cGZSoundRenderServer
06e9f0	cGZSoundRenderServer::GetViewerOrientation(float *, float *, float *, float *, float *, float *)	GetViewerOrientation__20cGZSoundRenderServerPfN51	sc3u_demo.x86	vtable:__vt_20cGZSoundRenderServer
06ea11	cGZSoundRenderServer::GetViewerVelocity(float *, float *, float *)	GetViewerVelocity__20cGZSoundRenderServerPfN21	sc3u_demo.x86	vtable:__vt_20cGZSoundRenderServer
06ea28	cGZSoundRenderServer::GetViewerAll(float *, float *, float *, float *, float *, float *, float *, float *, float *, float *, float *, float *)	GetViewerAll__20cGZSoundRenderServerPfN11_1	sc3u_demo.x86	vtable:__vt_20cGZSoundRenderServer
06ea5b	cGZSoundRenderServer::SetViewerPosition(float, float, float)	SetViewerPosition__20cGZSoundRenderServerfff	sc3u_demo.x86	vtable:__vt_20cGZSoundRenderServer
06ea7e	cGZSoundRenderServer::SetViewerOrientation(float, float, float, float, float, float)	SetViewerOrientation__20cGZSoundRenderServerffffff	sc3u_demo.x86	vtable:__vt_20cGZSoundRenderServer
06eab7	cGZSoundRenderServer::SetViewerVelocity(float, float, float)	SetViewerVelocity__20cGZSoundRenderServerfff	sc3u_demo.x86	vtable:__vt_20cGZSoundRenderServer
06eada	cGZSoundRenderServer::SetViewerAll(float, float, float, float, float, float, float, float, float, float, float, float)	SetViewerAll__20cGZSoundRenderServerffffffffffff	sc3u_demo.x86	vtable:__vt_20cGZSoundRenderServer
06eca8	virtual function thunk (delta:-4) for cGZSoundRenderServer::QueryInterface(unsigned int, void **)	__thunk_4_QueryInterface__20cGZSoundRenderServerUiPPv	sc3u_demo.x86	caller
06ecb0	virtual function thunk (delta:-4) for cGZSoundRenderServer::AddRef(void)	__thunk_4_AddRef__20cGZSoundRenderServer	sc3u_demo.x86	caller
06ecb8	virtual function thunk (delta:-4) for cGZSoundRenderServer::Release(void)	__thunk_4_Release__20cGZSoundRenderServer	sc3u_demo.x86	caller
06ecda	cRZVariant::GetType(void) const	GetType__C10cRZVariant	sc3u_demo.x86	vtable:__vt_15cRZTokenVariant
06ecde	cRZVariant::GetCount(void) const	GetCount__C10cRZVariant	sc3u_demo.x86	vtable:__vt_15cRZTokenVariant
06ece2	cRZVariant::AsUint8(void) const	AsUint8__C10cRZVariant	sc3u_demo.x86	vtable:__vt_15cRZTokenVariant
06ece6	cRZVariant::AsUint16(void) const	AsUint16__C10cRZVariant	sc3u_demo.x86	vtable:__vt_15cRZTokenVariant
06ecea	cRZVariant::AsUint32(void) const	AsUint32__C10cRZVariant	sc3u_demo.x86	vtable:__vt_15cRZTokenVariant
06ecee	cRZVariant::AsUint64(void) const	AsUint64__C10cRZVariant	sc3u_demo.x86	vtable:__vt_15cRZTokenVariant
06ecf2	cRZVariant::AsSint8(void) const	AsSint8__C10cRZVariant	sc3u_demo.x86	vtable:__vt_15cRZTokenVariant
06ecf6	cRZVariant::AsSint16(void) const	AsSint16__C10cRZVariant	sc3u_demo.x86	vtable:__vt_15cRZTokenVariant
06ecfa	cRZVariant::AsSint32(void) const	AsSint32__C10cRZVariant	sc3u_demo.x86	vtable:__vt_15cRZTokenVariant
06ecfe	cRZVariant::AsSint64(void) const	AsSint64__C10cRZVariant	sc3u_demo.x86	vtable:__vt_15cRZTokenVariant
06ed02	cRZVariant::AsFloat32(void) const	AsFloat32__C10cRZVariant	sc3u_demo.x86	vtable:__vt_15cRZTokenVariant
06ed06	cRZVariant::AsFloat64(void) const	AsFloat64__C10cRZVariant	sc3u_demo.x86	vtable:__vt_15cRZTokenVariant
06ed0a	cRZVariant::Asbool(void) const	Asbool__C10cRZVariant	sc3u_demo.x86	vtable:__vt_15cRZTokenVariant
06ed0e	cRZVariant::AsRZChar(void) const	AsRZChar__C10cRZVariant	sc3u_demo.x86	vtable:__vt_15cRZTokenVariant
06ed56	cRZVariant::~cRZVariant(void)	_._10cRZVariant	sc3u_demo.x86	vtable:__vt_10cRZVariant
06ed72	cRZVariant::Ctor(cIGZVariant const *)	Ctor__10cRZVariantPC11cIGZVariant	sc3u_demo.x86	vtable:__vt_15cRZTokenVariant
06f383	cRZVariant::Dtor(void)	Dtor__10cRZVariant	sc3u_demo.x86	vtable:__vt_15cRZTokenVariant
06f5c9	cRZVariant::QueryInterface(unsigned int, void **)	QueryInterface__10cRZVariantUiPPv	sc3u_demo.x86	vtable:__vt_10cRZVariant
06f5eb	cRZVariant::AddRef(void)	AddRef__10cRZVariant	sc3u_demo.x86	vtable:__vt_10cRZVariant
06f5f2	cRZVariant::Release(void)	Release__10cRZVariant	sc3u_demo.x86	vtable:__vt_10cRZVariant
06f6fb	cRZVariant::RefSint8(signed char const *, unsigned int)	RefSint8__10cRZVariantPCScUi	sc3u_demo.x86	tokens:9.7
06f76c	cRZVariant::RefSint32(int const *, unsigned int)	RefSint32__10cRZVariantPCiUi	sc3u_demo.x86	tokens:9.7
06f7e6	cRZVariant::RefFloat32(float const *, unsigned int)	RefFloat32__10cRZVariantPCfUi	sc3u_demo.x86	tokens:9.7
06f860	cRZVariant::Refbool(bool const *, unsigned int)	Refbool__10cRZVariantPCbUi	sc3u_demo.x86	tokens:9.7
06f8cc	cRZVariant::ReftagRZRect(tagRZRect const *)	ReftagRZRect__10cRZVariantPC9tagRZRect	sc3u_demo.x86	tokens:9.7
06f9ab	cRZVariant::Erase(void)	Erase__10cRZVariant	sc3u_demo.x86	vtable:__vt_15cRZTokenVariant
06f9c2	cRZVariant::CopyFrom(cIGZVariant const &)	CopyFrom__10cRZVariantRC11cIGZVariant	sc3u_demo.x86	vtable:__vt_15cRZTokenVariant
06f9d3	cRZVariant::CreateCopy(cIGZVariant **) const	CreateCopy__C10cRZVariantPP11cIGZVariant	sc3u_demo.x86	vtable:__vt_15cRZTokenVariant
06fa23	cRZVariant::GetValUint8(unsigned char &) const	GetValUint8__C10cRZVariantRUc	sc3u_demo.x86	vtable:__vt_15cRZTokenVariant
06fa2f	cRZVariant::SetValUint8(unsigned char)	SetValUint8__10cRZVariantUc	sc3u_demo.x86	vtable:__vt_15cRZTokenVariant
06fa3b	cRZVariant::GetValUint16(unsigned short &) const	GetValUint16__C10cRZVariantRUs	sc3u_demo.x86	vtable:__vt_15cRZTokenVariant
06fa47	cRZVariant::SetValUint16(unsigned short)	SetValUint16__10cRZVariantUs	sc3u_demo.x86	vtable:__vt_15cRZTokenVariant
06fa53	cRZVariant::GetValUint32(unsigned int &) const	GetValUint32__C10cRZVariantRUi	sc3u_demo.x86	vtable:__vt_15cRZTokenVariant
06fa5f	cRZVariant::SetValUint32(unsigned int)	SetValUint32__10cRZVariantUi	sc3u_demo.x86	vtable:__vt_15cRZTokenVariant
06fa6b	cRZVariant::GetValUint64(unsigned long long &) const	GetValUint64__C10cRZVariantRUx	sc3u_demo.x86	vtable:__vt_15cRZTokenVariant
06fa77	cRZVariant::SetValUint64(unsigned long long)	SetValUint64__10cRZVariantUx	sc3u_demo.x86	vtable:__vt_15cRZTokenVariant
06fa87	cRZVariant::GetValSint8(signed char &) const	GetValSint8__C10cRZVariantRSc	sc3u_demo.x86	vtable:__vt_15cRZTokenVariant
06fa93	cRZVariant::SetValSint8(signed char)	SetValSint8__10cRZVariantSc	sc3u_demo.x86	vtable:__vt_15cRZTokenVariant
06fa9f	cRZVariant::GetValSint16(short &) const	GetValSint16__C10cRZVariantRs	sc3u_demo.x86	vtable:__vt_15cRZTokenVariant
06faab	cRZVariant::SetValSint16(short)	SetValSint16__10cRZVariants	sc3u_demo.x86	vtable:__vt_15cRZTokenVariant
06fab7	cRZVariant::GetValSint32(int &) const	GetValSint32__C10cRZVariantRi	sc3u_demo.x86	vtable:__vt_15cRZTokenVariant
06fac3	cRZVariant::SetValSint32(int)	SetValSint32__10cRZVarianti	sc3u_demo.x86	vtable:__vt_15cRZTokenVariant
06facf	cRZVariant::GetValSint64(long long &) const	GetValSint64__C10cRZVariantRx	sc3u_demo.x86	vtable:__vt_15cRZTokenVariant
06fadb	cRZVariant::SetValSint64(long long)	SetValSint64__10cRZVariantx	sc3u_demo.x86	vtable:__vt_15cRZTokenVariant
06faeb	cRZVariant::GetValFloat32(float &) const	GetValFloat32__C10cRZVariantRf	sc3u_demo.x86	vtable:__vt_15cRZTokenVariant
06faf7	cRZVariant::SetValFloat32(float)	SetValFloat32__10cRZVariantf	sc3u_demo.x86	vtable:__vt_15cRZTokenVariant
06fb07	cRZVariant::GetValFloat64(double &) const	GetValFloat64__C10cRZVariantRd	sc3u_demo.x86	vtable:__vt_15cRZTokenVariant
06fb13	cRZVariant::SetValFloat64(double)	SetValFloat64__10cRZVariantd	sc3u_demo.x86	vtable:__vt_15cRZTokenVariant
06fb24	cRZVariant::GetValBool(bool &) const	GetValBool__C10cRZVariantRb	sc3u_demo.x86	vtable:__vt_15cRZTokenVariant
06fb30	cRZVariant::SetValBool(bool)	SetValBool__10cRZVariantb	sc3u_demo.x86	vtable:__vt_15cRZTokenVariant
06fb3c	cRZVariant::GetValRZChar(char &) const	GetValRZChar__C10cRZVariantRc	sc3u_demo.x86	vtable:__vt_15cRZTokenVariant
06fb48	cRZVariant::SetValRZChar(char)	SetValRZChar__10cRZVariantc	sc3u_demo.x86	vtable:__vt_15cRZTokenVariant
06fb54	cRZVariant::CreateValString(cIGZString **) const	CreateValString__C10cRZVariantPP10cIGZString	sc3u_demo.x86	vtable:__vt_15cRZTokenVariant
06fbce	cRZVariant::GetValString(cIGZString &) const	GetValString__C10cRZVariantR10cIGZString	sc3u_demo.x86	vtable:__vt_15cRZTokenVariant
06fbda	cRZVariant::SetValString(cIGZString const &)	SetValString__10cRZVariantRC10cIGZString	sc3u_demo.x86	vtable:__vt_15cRZTokenVariant
06fbe6	cRZVariant::GetValUnknown(unsigned int, void **)	GetValUnknown__10cRZVariantUiPPv	sc3u_demo.x86	vtable:__vt_15cRZTokenVariant
06fbf6	cRZVariant::SetValUnknown(cIGZUnknown *)	SetValUnknown__10cRZVariantP11cIGZUnknown	sc3u_demo.x86	vtable:__vt_15cRZTokenVariant
06ffcb	cRZTokenVariant::~cRZTokenVariant(void)	_._15cRZTokenVariant	sc3u_demo.x86	vtable:__vt_15cRZTokenVariant
06fff9	cRZTokenVariant::QueryInterface(unsigned int, void **)	QueryInterface__15cRZTokenVariantUiPPv	sc3u_demo.x86	tokens:9.7
070055	virtual function thunk (delta:-24) for cRZTokenVariant::QueryInterface(unsigned int, void **)	__thunk_24_QueryInterface__15cRZTokenVariantUiPPv	sc3u_demo.x86	caller
070511	RZ::MQM(void)	MQM__2RZ	sc3u_demo.x86	tokens:18.6
0705b7	RZ::RDD(void)	RDD__2RZ	sc3u_demo.x86	tokens:19.4
070663	RZ::R3D(void)	R3D__2RZ	sc3u_demo.x86	tokens:19.4
07070f	RZ::SS(void)	SS__2RZ	sc3u_demo.x86	tokens:18.6
070811	RZ::FS(void)	FS__2RZ	sc3u_demo.x86	tokens:18.0
070867	RZ::LM(void)	LM__2RZ	sc3u_demo.x86	tokens:18.6
0709cd	cRZCOMDllDirector::QueryInterface(unsigned int, void **)	QueryInterface__17cRZCOMDllDirectorUiPPv	sc3u_demo.x86	tokens:19.4
070a0e	cRZCOMDllDirector::FrameWork(void)	FrameWork__17cRZCOMDllDirector	sc3u_demo.x86	vtable:__vt_14cGZCOMDirector
070a12	cRZCOMDllDirector::AddRef(void)	AddRef__17cRZCOMDllDirector	sc3u_demo.x86	vtable:__vt_14cGZCOMDirector
070a19	cRZCOMDllDirector::Release(void)	Release__17cRZCOMDllDirector	sc3u_demo.x86	vtable:__vt_14cGZCOMDirector
070a1e	cRZCOMDllDirector::RemoveRef(void)	RemoveRef__17cRZCOMDllDirector	sc3u_demo.x86	vtable:__vt_14cGZCOMDirector
070a2d	cRZCOMDllDirector::RefCount(void)	RefCount__17cRZCOMDllDirector	sc3u_demo.x86	vtable:__vt_14cGZCOMDirector
070a31	cRZCOMDllDirector::InitializeCOM(cIGZCOM *, cIGZString &)	InitializeCOM__17cRZCOMDllDirectorP7cIGZCOMR10cIGZString	sc3u_demo.x86	vtable:__vt_14cGZCOMDirector
070aba	cRZCOMDllDirector::OnStart(cIGZCOM *)	OnStart__17cRZCOMDllDirectorP7cIGZCOM	sc3u_demo.x86	vtable:__vt_14cGZCOMDirector
070aff	cRZCOMDllDirector::GetClassObject(unsigned int, unsigned int, void **)	GetClassObject__17cRZCOMDllDirectorUiUiPPv	sc3u_demo.x86	vtable:__vt_14cGZCOMDirector
070b80	cRZCOMDllDirector::EnumClassObjects(void (*)(unsigned int, unsigned int, void *), void *)	EnumClassObjects__17cRZCOMDllDirectorPFUiUiPv_vPv	sc3u_demo.x86	vtable:__vt_14cGZCOMDirector
070bd4	cRZCOMDllDirector::ModuleName(cIGZString &)	ModuleName__17cRZCOMDllDirectorR10cIGZString	sc3u_demo.x86	vtable:__vt_14cGZCOMDirector
070be8	cRZCOMDllDirector::AddDirector(cRZCOMDllDirector *)	AddDirector__17cRZCOMDllDirectorP17cRZCOMDllDirector	sc3u_demo.x86	vtable:__vt_14cGZCOMDirector
070c32	cRZCOMDllDirector::CanUnloadNow(void)	CanUnloadNow__17cRZCOMDllDirector	sc3u_demo.x86	vtable:__vt_14cGZCOMDirector
070c89	cRZCOMDllDirector::AppRegister(cIGZRegistry *)	AppRegister__17cRZCOMDllDirectorP12cIGZRegistry	sc3u_demo.x86	vtable:__vt_14cGZCOMDirector
070cce	cRZCOMDllDirector::GZCOM(void)	GZCOM__17cRZCOMDllDirector	sc3u_demo.x86	vtable:__vt_14cGZCOMDirector
0710e3	cRZIniFile::~cRZIniFile(void)	_._10cRZIniFile	sc3u_demo.x86	vtable:__vt_10cRZIniFile
0711f4	cRZIniFile::GetPath(void) const	GetPath__C10cRZIniFile	sc3u_demo.x86	vtable:__vt_10cRZIniFile
0711f8	cRZIniFile::SetPath(cRZString const &)	SetPath__10cRZIniFileRC9cRZString	sc3u_demo.x86	vtable:__vt_10cRZIniFile
071216	cRZIniFile::Open(bool)	Open__10cRZIniFileb	sc3u_demo.x86	vtable:__vt_10cRZIniFile
0712ac	cRZIniFile::Close(void)	Close__10cRZIniFile	sc3u_demo.x86	vtable:__vt_10cRZIniFile
0712d7	cRZIniFile::WriteNumber(cRZString const &, cRZString const &, int)	WriteNumber__10cRZIniFileRC9cRZStringT1i	sc3u_demo.x86	vtable:__vt_10cRZIniFile
071365	cRZIniFile::WriteBinaryEntry(cRZString const &, cRZString const &, unsigned char const *, unsigned int)	WriteBinaryEntry__10cRZIniFileRC9cRZStringT1PCUcUi	sc3u_demo.x86	vtable:__vt_10cRZIniFile
07152a	cRZIniFile::ReadNumber(cRZString const &, cRZString const &, int &)	ReadNumber__10cRZIniFileRC9cRZStringT1Ri	sc3u_demo.x86	vtable:__vt_10cRZIniFile
0715ab	cRZIniFile::WriteEntry(cRZString const &, cRZString const &, cRZString const &)	WriteEntry__10cRZIniFileRC9cRZStringN21	sc3u_demo.x86	tokens:29.1
071f0d	cRZIniFile::ReadEntry(cRZString const &, cRZString const &, cRZString &)	ReadEntry__10cRZIniFileRC9cRZStringT1R9cRZString	sc3u_demo.x86	vtable:__vt_10cRZIniFile
0721aa	cRZIniFile::EnumEntries(cRZString const &, void (*)(cRZString const &, cRZString const &, void *), void *)	EnumEntries__10cRZIniFileRC9cRZStringPFRC9cRZStringRC9cRZStringPv_vPv	sc3u_demo.x86	vtable:__vt_10cRZIniFile
0724d7	cRZIniFile::EnumSections(void (*)(cRZString const &, cRZString const &, void *), void *)	EnumSections__10cRZIniFilePFRC9cRZStringRC9cRZStringPv_vPv	sc3u_demo.x86	vtable:__vt_10cRZIniFile
0725ba	cRZIniFile::LoadSectionNames(void)	LoadSectionNames__10cRZIniFile	sc3u_demo.x86	vtable:__vt_10cRZIniFile
07271f	cRZIniFile::GetFileLine(cRZString &)	GetFileLine__10cRZIniFileR9cRZString	sc3u_demo.x86	vtable:__vt_10cRZIniFile
072892	cRZIniFile::SectionExists(cIGZString const &)	SectionExists__10cRZIniFileRC10cIGZString	sc3u_demo.x86	vtable:__vt_10cRZIniFile
07291a	cRZIniFile::SetLeaveFileOpenBetweenOperations(bool)	SetLeaveFileOpenBetweenOperations__10cRZIniFileb	sc3u_demo.x86	vtable:__vt_10cRZIniFile
073156	cGZRegistry::Register(cIGZString const &)	Register__11cGZRegistryRC10cIGZString	sc3u_demo.x86	vtable:__vt_11cGZRegistry
07347d	cGZRegistry::Unregister(cIGZString const &)	Unregister__11cGZRegistryRC10cIGZString	sc3u_demo.x86	vtable:__vt_11cGZRegistry
0734e9	cGZRegistry::MakeRegistryName(char *, cIGZString const &, cIGZString const &, cIGZString &)	MakeRegistryName__11cGZRegistryPcRC10cIGZStringT2R10cIGZString	sc3u_demo.x86	vtable:__vt_11cGZRegistry
0735d0	cGZRegistry::Lookup(char *, cIGZString const &, cIGZString &)	Lookup__11cGZRegistryPcRC10cIGZStringR10cIGZString	sc3u_demo.x86	vtable:__vt_11cGZRegistry
07369c	cGZRegistry::EnumCategory(char *, void (*)(cIGZString const &, cIGZString const &, void *), void *)	EnumCategory__11cGZRegistryPcPFRC10cIGZStringRC10cIGZStringPv_vPv	sc3u_demo.x86	vtable:__vt_11cGZRegistry
07374a	cGZRegistry::QueryInterface(unsigned int, void **)	QueryInterface__11cGZRegistryUiPPv	sc3u_demo.x86	vtable:__vt_11cGZRegistry
073776	cGZRegistry::AddRef(void)	AddRef__11cGZRegistry	sc3u_demo.x86	vtable:__vt_11cGZRegistry
07377e	cGZRegistry::Release(void)	Release__11cGZRegistry	sc3u_demo.x86	vtable:__vt_11cGZRegistry
073786	cGZRegistry::cGZRegistry(void)	__11cGZRegistry	sc3u_demo.x86	tokens:9.7
0737ea	virtual function thunk (delta:-8) for cGZRegistry::~cGZRegistry(void)	__thunk_8__._11cGZRegistry	sc3u_demo.x86	caller
07380a	cGZRegistry::~cGZRegistry(void)	_._11cGZRegistry	sc3u_demo.x86	vtable-user:__vt_11cGZRegistry
074483	cRZGameCommand::QueryInterface(unsigned int, void **)	QueryInterface__14cRZGameCommandUiPPv	sc3u_demo.x86	vtable:__vt_11cSC3CmdQuit
0744a5	cRZGameCommand::AddRef(void)	AddRef__14cRZGameCommand	sc3u_demo.x86	vtable:__vt_11cSC3CmdQuit
0744ad	cRZGameCommand::Release(void)	Release__14cRZGameCommand	sc3u_demo.x86	vtable:__vt_11cSC3CmdQuit
0744b5	cRZGameCommand::PushBackInput(cIGZVariant *)	PushBackInput__14cRZGameCommandP11cIGZVariant	sc3u_demo.x86	vtable:__vt_11cSC3CmdQuit
0744d4	cRZGameCommand::PopFrontInput(cIGZVariant **)	PopFrontInput__14cRZGameCommandPP11cIGZVariant	sc3u_demo.x86	vtable:__vt_11cSC3CmdQuit
0744fa	cRZGameCommand::InputQueueSize(void)	InputQueueSize__14cRZGameCommand	sc3u_demo.x86	vtable:__vt_11cSC3CmdQuit
074507	cRZGameCommand::EnumInputParameters(void (*)(int, unsigned int, void *), void *)	EnumInputParameters__14cRZGameCommandPFiUiPv_vPv	sc3u_demo.x86	vtable:__vt_11cSC3CmdQuit
074574	cRZGameCommand::AddInputParameter(int, unsigned int)	AddInputParameter__14cRZGameCommandiUi	sc3u_demo.x86	vtable:__vt_11cSC3CmdQuit
074597	cRZGameCommand::PushBackOutput(cIGZVariant *)	PushBackOutput__14cRZGameCommandP11cIGZVariant	sc3u_demo.x86	vtable:__vt_11cSC3CmdQuit
0745b9	cRZGameCommand::PopFrontOutput(cIGZVariant **)	PopFrontOutput__14cRZGameCommandPP11cIGZVariant	sc3u_demo.x86	vtable:__vt_11cSC3CmdQuit
0745e8	cRZGameCommand::OutputQueueSize(void)	OutputQueueSize__14cRZGameCommand	sc3u_demo.x86	vtable:__vt_11cSC3CmdQuit
0745fb	cRZGameCommand::EnumOutputParameters(void (*)(int, unsigned int, void *), void *)	EnumOutputParameters__14cRZGameCommandPFiUiPv_vPv	sc3u_demo.x86	vtable:__vt_11cSC3CmdQuit
074668	cRZGameCommand::AddOutputParameter(int, unsigned int)	AddOutputParameter__14cRZGameCommandiUi	sc3u_demo.x86	vtable:__vt_11cSC3CmdQuit
074718	cRZGameCommandFactory::QueryInterface(unsigned int, void **)	QueryInterface__21cRZGameCommandFactoryUiPPv	sc3u_demo.x86	vtable:__vt_38cSC3CitySpriteViewFilterCommandFactory
07473a	cRZGameCommandFactory::AddRef(void)	AddRef__21cRZGameCommandFactory	sc3u_demo.x86	vtable:__vt_38cSC3CitySpriteViewFilterCommandFactory
074751	cRZGameCommandFactory::Release(void)	Release__21cRZGameCommandFactory	sc3u_demo.x86	vtable:__vt_38cSC3CitySpriteViewFilterCommandFactory
07477b	cRZGameCommandFactory::GetCommand(unsigned int, unsigned int, void **)	GetCommand__21cRZGameCommandFactoryUiUiPPv	sc3u_demo.x86	vtable:__vt_38cSC3CitySpriteViewFilterCommandFactory
0747bd	cRZGameCommandFactory::AddCommandFactory(cIGZGameCommandFactory *)	AddCommandFactory__21cRZGameCommandFactoryP22cIGZGameCommandFactory	sc3u_demo.x86	vtable:__vt_38cSC3CitySpriteViewFilterCommandFactory
0748a9	cGZGameCommandService::QueryInterface(unsigned int, void **)	QueryInterface__21cGZGameCommandServiceUiPPv	sc3u_demo.x86	tokens:9.7
0761c9	cRZDate::NameOfDayString(cRZString &, unsigned int) const	NameOfDayString__C7cRZDateR9cRZStringUi	sc3u_demo.x86	vtable:__vt_7cGZDate
0761cc	cRZDate::NameOfMonthString(cRZString &, unsigned int) const	NameOfMonthString__C7cRZDateR9cRZStringUi	sc3u_demo.x86	vtable:__vt_7cGZDate
0761cf	cRZDate::DateString(cRZString &, unsigned int) const	DateString__C7cRZDateR9cRZStringUi	sc3u_demo.x86	tokens:29.1
07635a	cGZDate::~cGZDate(void)	_._7cGZDate	sc3u_demo.x86	vtable:__vt_7cGZDate
076a08	cGZDate::DateString(cIGZString &, unsigned int) const	DateString__C7cGZDateR10cIGZStringUi	sc3u_demo.x86	caller
076b99	cRZCallbackTimer::IsRunning(void)	IsRunning__16cRZCallbackTimer	sc3u_demo.x86	vtable:__vt_16cRZCallbackTimer
076b9d	cRZCallbackTimer::~cRZCallbackTimer(void)	_._16cRZCallbackTimer	sc3u_demo.x86	vtable:__vt_16cRZCallbackTimer
076c31	cRZCallbackTimer::SetResolution(unsigned int)	SetResolution__16cRZCallbackTimerUi	sc3u_demo.x86	vtable:__vt_16cRZCallbackTimer
076c87	cRZCallbackTimer::GetResolution(unsigned int &)	GetResolution__16cRZCallbackTimerRUi	sc3u_demo.x86	vtable:__vt_16cRZCallbackTimer
076c95	cRZCallbackTimer::SetPeriod(unsigned int)	SetPeriod__16cRZCallbackTimerUi	sc3u_demo.x86	vtable:__vt_16cRZCallbackTimer
076ceb	cRZCallbackTimer::GetPeriod(unsigned int &)	GetPeriod__16cRZCallbackTimerRUi	sc3u_demo.x86	vtable:__vt_16cRZCallbackTimer
076cf9	cRZCallbackTimer::StartPeriodic(unsigned int, cIGZUnknown *)	StartPeriodic__16cRZCallbackTimerUiP11cIGZUnknown	sc3u_demo.x86	vtable:__vt_16cRZCallbackTimer
076d64	cRZCallbackTimer::StartOneShot(unsigned int, cIGZUnknown *)	StartOneShot__16cRZCallbackTimerUiP11cIGZUnknown	sc3u_demo.x86	vtable:__vt_16cRZCallbackTimer
076dda	cRZCallbackTimer::Stop(void)	Stop__16cRZCallbackTimer	sc3u_demo.x86	vtable:__vt_16cRZCallbackTimer
076ee0	cRZCallbackTimer::SetCallbackFunction(void (*)(unsigned int), unsigned int)	SetCallbackFunction__16cRZCallbackTimerPFUi_vUi	sc3u_demo.x86	vtable:__vt_16cRZCallbackTimer
07937b	cRZTextOStream::SetVoid(void const *, unsigned int)	SetVoid__14cRZTextOStreamPCvUi	sc3u_demo.x86	tokens:19.0
07aed7	cRZVersion::GetCPUDescription(cRZString &)	GetCPUDescription__10cRZVersionR9cRZString	sc3u_demo.x86	caller
07b032	cRZVersion::GetCPUFlags(cRZString &)	GetCPUFlags__10cRZVersionR9cRZString	sc3u_demo.x86	tokens:66.8
07b272	cRZFile::IsOpen(void) const	IsOpen__C7cRZFile	sc3u_demo.x86	vtable:__vt_7cRZFile
07b276	cRZFile::~cRZFile(void)	_._7cRZFile	sc3u_demo.x86	vtable:__vt_7cRZFile
07b3f0	cRZFile::QueryInterface(unsigned int, void **)	QueryInterface__7cRZFileUiPPv	sc3u_demo.x86	tokens:9.7
07b415	cRZFile::AddRef(void)	AddRef__7cRZFile	sc3u_demo.x86	vtable:__vt_7cRZFile
07b41c	cRZFile::Release(void)	Release__7cRZFile	sc3u_demo.x86	vtable:__vt_7cRZFile
07b437	cRZFile::Open(int, cIGZFile::eCreationDistribution, int)	Open__7cRZFileiQ28cIGZFile21eCreationDistributioni	sc3u_demo.x86	vtable:__vt_7cRZFile
07b532	cRZFile::Close(void)	Close__7cRZFile	sc3u_demo.x86	vtable:__vt_7cRZFile
07b55f	cRZFile::Position(void)	Position__7cRZFile	sc3u_demo.x86	vtable:__vt_7cRZFile
07b58d	cRZFile::Length(void)	Length__7cRZFile	sc3u_demo.x86	vtable:__vt_7cRZFile
07b5b8	cRZFile::SetLength(unsigned int)	SetLength__7cRZFileUi	sc3u_demo.x86	vtable:__vt_7cRZFile
07b5f4	cRZFile::SeekToBegin(void)	SeekToBegin__7cRZFile	sc3u_demo.x86	vtable:__vt_7cRZFile
07b5fe	cRZFile::SeekToEnd(void)	SeekToEnd__7cRZFile	sc3u_demo.x86	vtable:__vt_7cRZFile
07b608	cRZFile::SeekToRelativePosition(int)	SeekToRelativePosition__7cRZFilei	sc3u_demo.x86	vtable:__vt_7cRZFile
07b616	cRZFile::SeekToPosition(unsigned int)	SeekToPosition__7cRZFileUi	sc3u_demo.x86	vtable:__vt_7cRZFile
07b624	cRZFile::Read(void *, unsigned int)	Read__7cRZFilePvUi	sc3u_demo.x86	vtable:__vt_7cRZFile
07b668	cRZFile::ReadWithCount(void *, unsigned int &)	ReadWithCount__7cRZFilePvRUi	sc3u_demo.x86	vtable:__vt_7cRZFile
07b6a5	cRZFile::Write(void const *, unsigned int)	Write__7cRZFilePCvUi	sc3u_demo.x86	vtable:__vt_7cRZFile
07b6e9	cRZFile::WriteWithCount(void const *, unsigned int &)	WriteWithCount__7cRZFilePCvRUi	sc3u_demo.x86	vtable:__vt_7cRZFile
07b726	cRZFile::Flush(void)	Flush__7cRZFile	sc3u_demo.x86	vtable:__vt_7cRZFile
07b754	cRZFile::Remove(void)	Remove__7cRZFile	sc3u_demo.x86	vtable:__vt_7cRZFile
07b788	cRZFile::Rename(cIGZString const &)	Rename__7cRZFileRC10cIGZString	sc3u_demo.x86	vtable:__vt_7cRZFile
07b80e	cRZFile::Exists(void)	Exists__7cRZFile	sc3u_demo.x86	vtable:__vt_7cRZFile
07b84c	cRZFile::GetPathCStr(void) const	GetPathCStr__C7cRZFile	sc3u_demo.x86	vtable:__vt_7cRZFile
07b850	cRZFile::SetPath(cIGZString const &)	SetPath__7cRZFileRC10cIGZString	sc3u_demo.x86	callee
07b8d2	cRZFile::Seek(int, cIGZFile::eSeekMethod)	Seek__7cRZFileiQ28cIGZFile11eSeekMethod	sc3u_demo.x86	vtable:__vt_7cRZFile
07b98f	cRZFile::FileExists(cIGZString const &)	FileExists__7cRZFileRC10cIGZString	sc3u_demo.x86	callee
07bb47	cRZFile::Remove(cIGZString const &)	Remove__7cRZFileRC10cIGZString	sc3u_demo.x86	callee
07c3c6	cRZFile::Checksum(cIGZString const &)	Checksum__7cRZFileRC10cIGZString	sc3u_demo.x86	tokens:9.7
07c590	cRZFile::SaveLastError(void)	SaveLastError__7cRZFile	sc3u_demo.x86	tokens:19.4
07ccc9	cRZCursor::~cRZCursor(void)	_._9cRZCursor	sc3u_demo.x86	vtable:__vt_9cRZCursor
07cf0f	cRZCursor::LoadCursor(cIGZString &)	LoadCursor__9cRZCursorR10cIGZString	sc3u_demo.x86	vtable:__vt_9cRZCursor
07d159	cRZCursor::SetCursor(void)	SetCursor__9cRZCursor	sc3u_demo.x86	vtable:__vt_9cRZCursor
07d1a0	cRZCursor::GetHotSpot(int &, int &)	GetHotSpot__9cRZCursorRiT1	sc3u_demo.x86	vtable:__vt_9cRZCursor
07d1b7	cRZCursor::AddRef(void)	AddRef__9cRZCursor	sc3u_demo.x86	vtable:__vt_9cRZCursor
07d1be	cRZCursor::Release(void)	Release__9cRZCursor	sc3u_demo.x86	vtable:__vt_9cRZCursor
07d1d4	cRZCursor::QueryInterface(unsigned int, void **)	QueryInterface__9cRZCursorUiPPv	sc3u_demo.x86	vtable:__vt_9cRZCursor
07d2a1	cRZSystemCursorSDL::QueryInterface(unsigned int, void **)	QueryInterface__18cRZSystemCursorSDLUiPPv	sc3u_demo.x86	vtable:__vt_18cRZSystemCursorSDL
07d2b1	cRZSystemCursorSDL::LoadCursor(cIGZString &)	LoadCursor__18cRZSystemCursorSDLR10cIGZString	sc3u_demo.x86	vtable:__vt_18cRZSystemCursorSDL
07d2bb	cRZSystemCursorSDL::GetHotSpot(int &, int &)	GetHotSpot__18cRZSystemCursorSDLRiT1	sc3u_demo.x86	vtable:__vt_18cRZSystemCursorSDL
07d2be	cRZSystemCursorSDL::~cRZSystemCursorSDL(void)	_._18cRZSystemCursorSDL	sc3u_demo.x86	vtable:__vt_18cRZSystemCursorSDL
07d51e	cRZCursorManager::QueryInterface(unsigned int, void **)	QueryInterface__16cRZCursorManagerUiPPv	sc3u_demo.x86	tokens:9.7
07e4e4	cRZCriticalSection::Release(void)	Release__18cRZCriticalSection	sc3u_demo.x86	vtable:__vt_18cRZCriticalSection
07e4f2	cRZCriticalSection::GetCriticalSectionHandle(SDL_mutex **)	GetCriticalSectionHandle__18cRZCriticalSectionPP9SDL_mutex	sc3u_demo.x86	vtable:__vt_18cRZCriticalSection
07e508	cRZCriticalSection::IsValid(void)	IsValid__18cRZCriticalSection	sc3u_demo.x86	vtable:__vt_18cRZCriticalSection
07e50c	cRZCriticalSection::IsLocked(void)	IsLocked__18cRZCriticalSection	sc3u_demo.x86	vtable:__vt_18cRZCriticalSection
07e510	cRZCriticalSection::~cRZCriticalSection(void)	_._18cRZCriticalSection	sc3u_demo.x86	vtable:__vt_18cRZCriticalSection
07e53d	cRZCriticalSection::Lock(void)	Lock__18cRZCriticalSection	sc3u_demo.x86	vtable:__vt_18cRZCriticalSection
07e5db	cRZCriticalSection::TryLock(void)	TryLock__18cRZCriticalSection	sc3u_demo.x86	vtable:__vt_18cRZCriticalSection
07e60d	cRZCriticalSection::Unlock(void)	Unlock__18cRZCriticalSection	sc3u_demo.x86	vtable:__vt_18cRZCriticalSection
07e642	cRZMRSWLock::Release(void)	Release__11cRZMRSWLock	sc3u_demo.x86	vtable:__vt_11cRZMRSWLock
07e650	cRZMRSWLock::~cRZMRSWLock(void)	_._11cRZMRSWLock	sc3u_demo.x86	vtable:__vt_11cRZMRSWLock
07e673	cRZMRSWLock::Lock(cIGZMRSWLock::LockType, int)	Lock__11cRZMRSWLockQ212cIGZMRSWLock8LockTypei	sc3u_demo.x86	vtable:__vt_11cRZMRSWLock
07e7a5	cRZMRSWLock::Unlock(cIGZMRSWLock::LockType)	Unlock__11cRZMRSWLockQ212cIGZMRSWLock8LockType	sc3u_demo.x86	vtable:__vt_11cRZMRSWLock
07e7de	cRZMRSWLock::IsLocked(int)	IsLocked__11cRZMRSWLocki	sc3u_demo.x86	vtable:__vt_11cRZMRSWLock
07e811	cRZMRSWLock::GetWriterPriority(void)	GetWriterPriority__11cRZMRSWLock	sc3u_demo.x86	vtable:__vt_11cRZMRSWLock
07e815	cRZMRSWLock::SetWriterPriority(int)	SetWriterPriority__11cRZMRSWLocki	sc3u_demo.x86	vtable:__vt_11cRZMRSWLock
07e830	cRZMRSWLock::IsValid(void)	IsValid__11cRZMRSWLock	sc3u_demo.x86	vtable:__vt_11cRZMRSWLock
07e834	cRZMRSWLock::IntegrityCheck(void)	IntegrityCheck__11cRZMRSWLock	sc3u_demo.x86	vtable:__vt_11cRZMRSWLock
07e8ae	cRZSemaphore::Release(void)	Release__12cRZSemaphore	sc3u_demo.x86	vtable:__vt_12cRZSemaphore
07e8bc	cRZSemaphore::GetMaxReferenceCount(void)	GetMaxReferenceCount__12cRZSemaphore	sc3u_demo.x86	vtable:__vt_12cRZSemaphore
07e8c0	cRZSemaphore::IsValid(void)	IsValid__12cRZSemaphore	sc3u_demo.x86	vtable:__vt_12cRZSemaphore
07e8c4	cRZSemaphore::ReleaseSemaphoreAll(void)	ReleaseSemaphoreAll__12cRZSemaphore	sc3u_demo.x86	vtable:__vt_12cRZSemaphore
07e8cd	cRZSemaphore::GetSemaphoreHandle(SDL_semaphore **)	GetSemaphoreHandle__12cRZSemaphorePP13SDL_semaphore	sc3u_demo.x86	vtable:__vt_12cRZSemaphore
07e8dc	cRZSemaphore::~cRZSemaphore(void)	_._12cRZSemaphore	sc3u_demo.x86	vtable:__vt_12cRZSemaphore
07e97a	cRZSemaphore::Init(unsigned int)	Init__12cRZSemaphoreUi	sc3u_demo.x86	vtable:__vt_12cRZSemaphore
07e9c7	cRZSemaphore::GetSemaphore(void)	GetSemaphore__12cRZSemaphore	sc3u_demo.x86	vtable:__vt_12cRZSemaphore
07e9dd	cRZSemaphore::GetSemaphoreAll(void)	GetSemaphoreAll__12cRZSemaphore	sc3u_demo.x86	vtable:__vt_12cRZSemaphore
07ea03	cRZSemaphore::ReleaseSemaphore(unsigned int)	ReleaseSemaphore__12cRZSemaphoreUi	sc3u_demo.x86	vtable:__vt_12cRZSemaphore
07ea8a	cRZThreadSignal::Release(void)	Release__15cRZThreadSignal	sc3u_demo.x86	vtable:__vt_15cRZThreadSignal
07ea9b	cRZThreadSignal::GetEventHandle(SDL_cond **)	GetEventHandle__15cRZThreadSignalPP8SDL_cond	sc3u_demo.x86	vtable:__vt_15cRZThreadSignal
07eaaa	cRZThreadSignal::IsValid(void)	IsValid__15cRZThreadSignal	sc3u_demo.x86	vtable:__vt_15cRZThreadSignal
07ebbd	cRZThreadSignal::Broadcast(void)	Broadcast__15cRZThreadSignal	sc3u_demo.x86	vtable:__vt_15cRZThreadSignal
07ebc7	cRZThreadSignal::Signal(void)	Signal__15cRZThreadSignal	sc3u_demo.x86	vtable:__vt_15cRZThreadSignal
07ebde	cRZThreadSignal::Unsignal(void)	Unsignal__15cRZThreadSignal	sc3u_demo.x86	vtable:__vt_15cRZThreadSignal
07ebe8	cRZThreadSignal::TimedWait(unsigned int)	TimedWait__15cRZThreadSignalUi	sc3u_demo.x86	vtable:__vt_15cRZThreadSignal
080d66	cRZDirectory::CreateDirectory(cRZString const &)	CreateDirectory__12cRZDirectoryRC9cRZString	sc3u_demo.x86	tokens:18.6
081f1d	cGZFileSystem::cGZFileSystem(void)	__13cGZFileSystem	sc3u_demo.x86	tokens:17.8
08227a	cGZFileSystem::QueryInterface(unsigned int, void **)	QueryInterface__13cGZFileSystemUiPPv	sc3u_demo.x86	vtable:__vt_13cGZFileSystem
0822b8	cGZFileSystem::Init(void)	Init__13cGZFileSystem	sc3u_demo.x86	vtable:__vt_13cGZFileSystem
0822bb	cGZFileSystem::Shutdown(void)	Shutdown__13cGZFileSystem	sc3u_demo.x86	vtable:__vt_13cGZFileSystem
08273a	cGZFileSystem::GetAndSplitApplicationPath(void)	GetAndSplitApplicationPath__13cGZFileSystem	sc3u_demo.x86	vtable:__vt_13cGZFileSystem
082aee	cGZFileSystem::ValidateCDPath(void)	ValidateCDPath__13cGZFileSystem	sc3u_demo.x86	vtable:__vt_13cGZFileSystem
08323c	cGZFileSystem::SetDataDir(cIGZString const &)	SetDataDir__13cGZFileSystemRC10cIGZString	sc3u_demo.x86	vtable:__vt_13cGZFileSystem
08384b	cRZExceptionNotification::~cRZExceptionNotification(void)	_._24cRZExceptionNotification	sc3u_demo.x86	vtable:__vt_24cRZExceptionNotification
08386e	cRZExceptionNotification::QueryInterface(unsigned int, void **)	QueryInterface__24cRZExceptionNotificationUiPPv	sc3u_demo.x86	tokens:9.7
083893	cRZExceptionNotification::AddRef(void)	AddRef__24cRZExceptionNotification	sc3u_demo.x86	vtable:__vt_24cRZExceptionNotification
08389a	cRZExceptionNotification::Release(void)	Release__24cRZExceptionNotification	sc3u_demo.x86	vtable:__vt_24cRZExceptionNotification
0838b5	cRZExceptionNotification::Notify(char const *, int)	Notify__24cRZExceptionNotificationPCci	sc3u_demo.x86	tokens:28.7
083c02	SDL_CalculatePitch	SDL_CalculatePitch	sc3u_demo.x86	tokens:9.7
0846a7	SL::IM(void)	IM__2SL	sc3u_demo.x86	tokens:19.4
0846fd	SL::AB(void)	AB__2SL	sc3u_demo.x86	tokens:18.3
084753	SL::SB(void)	SB__2SL	sc3u_demo.x86	tokens:18.3
0847a9	SL::VM(void)	VM__2SL	sc3u_demo.x86	tokens:18.7
08482f	cSC3StringTokenData::cSC3StringTokenData(void)	__19cSC3StringTokenData	sc3u_demo.x86	tokens:9.7
084859	cSC3StringTokenData::~cSC3StringTokenData(void)	_._19cSC3StringTokenData	sc3u_demo.x86	vtable:__vt_19cSC3StringTokenData
084e6e	cSC3String::Detokenize(cIGZString &, bool (*)(cRZString const &, int, cSC3StringTokenData &, void *), void *)	Detokenize__10cSC3StringR10cIGZStringPFRC9cRZStringiR19cSC3StringTokenDataPv_bPv	sc3u_demo.x86	caller
085177	cSC3String::ReplaceParameters(cRZString &, bool (*)(cRZString const &, int, cSC3StringTokenData &, void *), void *)	ReplaceParameters__10cSC3StringR9cRZStringPFRC9cRZStringiR19cSC3StringTokenDataPv_bPv	sc3u_demo.x86	caller
086bb9	cSC3CompressibleINIFile::~cSC3CompressibleINIFile(void)	_._23cSC3CompressibleINIFile	sc3u_demo.x86	vtable:__vt_23cSC3CompressibleINIFile
086c3f	cSC3CompressibleINIFile::GetCompressedPath(void) const	GetCompressedPath__C23cSC3CompressibleINIFile	sc3u_demo.x86	vtable:__vt_23cSC3CompressibleINIFile
086c43	cSC3CompressibleINIFile::SetCompressedPath(cRZString const &)	SetCompressedPath__23cSC3CompressibleINIFileRC9cRZString	sc3u_demo.x86	vtable:__vt_23cSC3CompressibleINIFile
086c59	cSC3CompressibleINIFile::WriteEntry(cRZString const &, cRZString const &, cRZString const &)	WriteEntry__23cSC3CompressibleINIFileRC9cRZStringN21	sc3u_demo.x86	vtable:__vt_23cSC3CompressibleINIFile
086c5e	cSC3CompressibleINIFile::ReadEntry(cRZString const &, cRZString const &, cRZString &)	ReadEntry__23cSC3CompressibleINIFileRC9cRZStringT1R9cRZString	sc3u_demo.x86	vtable:__vt_23cSC3CompressibleINIFile
086f55	cSC3CompressibleINIFile::EnumEntries(cRZString const &, void (*)(cRZString const &, cRZString const &, void *), void *)	EnumEntries__23cSC3CompressibleINIFileRC9cRZStringPFRC9cRZStringRC9cRZStringPv_vPv	sc3u_demo.x86	vtable:__vt_23cSC3CompressibleINIFile
08721a	cSC3CompressibleINIFile::EnumEntriesOld(cRZString const &, void (*)(cRZString const &, cRZString const &, void *), void *)	EnumEntriesOld__23cSC3CompressibleINIFileRC9cRZStringPFRC9cRZStringRC9cRZStringPv_vPv	sc3u_demo.x86	vtable:__vt_23cSC3CompressibleINIFile
08721f	cSC3CompressibleINIFile::WriteNumber(cRZString const &, cRZString const &, int)	WriteNumber__23cSC3CompressibleINIFileRC9cRZStringT1i	sc3u_demo.x86	vtable:__vt_23cSC3CompressibleINIFile
087224	cSC3CompressibleINIFile::WriteBinaryEntry(cRZString const &, cRZString const &, unsigned char const *, unsigned int)	WriteBinaryEntry__23cSC3CompressibleINIFileRC9cRZStringT1PCUcUi	sc3u_demo.x86	vtable:__vt_23cSC3CompressibleINIFile
087229	cSC3CompressibleINIFile::ReadNumber(cRZString const &, cRZString const &, int &)	ReadNumber__23cSC3CompressibleINIFileRC9cRZStringT1Ri	sc3u_demo.x86	vtable:__vt_23cSC3CompressibleINIFile
087238	cSC3CompressibleINIFile::SectionExists(cIGZString const &)	SectionExists__23cSC3CompressibleINIFileRC10cIGZString	sc3u_demo.x86	vtable:__vt_23cSC3CompressibleINIFile
087553	cSC3Buffer::cSC3Buffer(unsigned int, unsigned int, cIGZBuffer::eVRAMRequestType, cGZBufferColorType const &)	__10cSC3BufferUiUiQ210cIGZBuffer16eVRAMRequestTypeRC18cGZBufferColorType	sc3u_demo.x86	tokens:16.5
0876a0	cSLCityViewSelectionHandler::CVOnKeyDown(unsigned int, unsigned int)	CVOnKeyDown__27cSLCityViewSelectionHandlerUiUi	sc3u_demo.x86	vtable:__vt_20cSC3CmdDispatchPlane
0876b3	cSLCityViewSelectionHandler::CVOnKeyUp(unsigned int, unsigned int)	CVOnKeyUp__27cSLCityViewSelectionHandlerUiUi	sc3u_demo.x86	vtable:__vt_20cSC3CmdDispatchPlane
0876f4	cSLCityViewSelectionHandler::CVOnMouseDownR(int, int, unsigned int)	CVOnMouseDownR__27cSLCityViewSelectionHandleriiUi	sc3u_demo.x86	vtable:__vt_20cSC3CmdDispatchPlane
08775f	cSLCityViewSelectionHandler::CVOnMouseUpR(int, int, unsigned int)	CVOnMouseUpR__27cSLCityViewSelectionHandleriiUi	sc3u_demo.x86	vtable:__vt_20cSC3CmdDispatchPlane
0877eb	cSLCityViewSelectionHandler::CVActiveCursor(unsigned int &)	CVActiveCursor__27cSLCityViewSelectionHandlerRUi	sc3u_demo.x86	tokens:9.7
087af3	cSLCityViewPointSelectionHandler::CVOnMouseDownL(int, int, unsigned int)	CVOnMouseDownL__32cSLCityViewPointSelectionHandleriiUi	sc3u_demo.x86	vtable:__vt_20cSC3CmdDispatchPlane
087bcd	cSLCityViewPointSelectionHandler::CVOnMouseUpL(int, int, unsigned int)	CVOnMouseUpL__32cSLCityViewPointSelectionHandleriiUi	sc3u_demo.x86	vtable:__vt_20cSC3CmdDispatchPlane
087cd3	cSLCityViewPointSelectionHandler::CVOnMouseMove(int, int, unsigned int)	CVOnMouseMove__32cSLCityViewPointSelectionHandleriiUi	sc3u_demo.x86	vtable:__vt_20cSC3CmdDispatchPlane
087e0c	cSLCityViewPointSelectionHandler::CVOnResetState(void)	CVOnResetState__32cSLCityViewPointSelectionHandler	sc3u_demo.x86	vtable:__vt_20cSC3CmdDispatchPlane
087e3d	cSLCityViewPointSelectionHandler::ExecuteOnMouseDown(cSC3CityCoord const &)	ExecuteOnMouseDown__32cSLCityViewPointSelectionHandlerRC13cSC3CityCoord	sc3u_demo.x86	vtable:__vt_20cSC3CmdDispatchPlane
087e47	cSLCityViewPointSelectionHandler::ExecuteOnMouseDrag(cSC3CityCoord const &)	ExecuteOnMouseDrag__32cSLCityViewPointSelectionHandlerRC13cSC3CityCoord	sc3u_demo.x86	vtable:__vt_20cSC3CmdDispatchPlane
087e4c	cSLCityViewPointSelectionHandler::ExecuteOnMouseMove(cSC3CityCoord const &)	ExecuteOnMouseMove__32cSLCityViewPointSelectionHandlerRC13cSC3CityCoord	sc3u_demo.x86	vtable:__vt_20cSC3CmdDispatchPlane
087e51	cSLCityViewPointSelectionHandler::ExecuteOnResetState(void)	ExecuteOnResetState__32cSLCityViewPointSelectionHandler	sc3u_demo.x86	vtable:__vt_20cSC3CmdDispatchPlane
087e52	cSLCityViewPointSelectionHandler::ExecuteCellDraw(cSC3CityCoord const &, cSC3CityBounds &)	ExecuteCellDraw__32cSLCityViewPointSelectionHandlerRC13cSC3CityCoordR14cSC3CityBounds	sc3u_demo.x86	vtable:__vt_20cSC3CmdDispatchPlane
087e6b	cSLCityViewPointSelectionHandler::DoMessage(cGZMessage &)	DoMessage__32cSLCityViewPointSelectionHandlerR10cGZMessage	sc3u_demo.x86	vtable:__vt_20cSC3CmdDispatchPlane
08884b	cSLCityViewOccupantSelectionHandler::CVOnMouseUpL(int, int, unsigned int)	CVOnMouseUpL__35cSLCityViewOccupantSelectionHandleriiUi	sc3u_demo.x86	tokens:9.7
08976b	cRZResourceFactory::Write(cIGZResource const &, cIGZDBRecord &)	Write__18cRZResourceFactoryRC12cIGZResourceR12cIGZDBRecord	sc3u_demo.x86	vtable:__vt_23cSLTokenResourceFactory
089787	cRZResourceFactory::Read(cIGZResource &, cIGZDBRecord &)	Read__18cRZResourceFactoryR12cIGZResourceR12cIGZDBRecord	sc3u_demo.x86	vtable:__vt_23cSLTokenResourceFactory
0897c4	cSLTokenResourceFactory::SerialRead(cIGZResource &, cIGZDBSerialRecord &)	SerialRead__23cSLTokenResourceFactoryR12cIGZResourceR18cIGZDBSerialRecord	sc3u_demo.x86	vtable:__vt_23cSLTokenResourceFactory
0897f0	cSLTokenResourceFactory::SerialWrite(cIGZResource &, cIGZDBSerialRecord &)	SerialWrite__23cSLTokenResourceFactoryR12cIGZResourceR18cIGZDBSerialRecord	sc3u_demo.x86	vtable:__vt_23cSLTokenResourceFactory
089a1f	cGZDebugStream::DisplayCommand(char const *)	DisplayCommand__14cGZDebugStreamPCc	sc3u_demo.x86	tokens:29.1
089c12	cGZDebugStream::ParseCommandLine(cRZString const &, vector<cRZString, allocator<cRZString> > &)	ParseCommandLine__14cGZDebugStreamRC9cRZStringRt6vector2Z9cRZStringZt9allocator1Z9cRZString	sc3u_demo.x86	vtable:__vt_14cGZDebugStream
089f44	cSLTokenResourceFactory::ReadCookie(cIGZDBSerialRecord &)	ReadCookie__23cSLTokenResourceFactoryR18cIGZDBSerialRecord	sc3u_demo.x86	vtable:__vt_23cSLTokenResourceFactory
08a575	cGZCOMLibrary::Load(void)	Load__13cGZCOMLibrary	sc3u_demo.x86	tokens:19.4
08a7e9	cGZCOM::cGZCOM(void)	__6cGZCOM	sc3u_demo.x86	tokens:19.4
08a885	cGZCOM::RealInit(void)	RealInit__6cGZCOM	sc3u_demo.x86	tokens:9.7
08a910	cGZCOM::RealShutdown(void)	RealShutdown__6cGZCOM	sc3u_demo.x86	vtable:__vt_6cGZCOM
08a920	cGZCOM::AddLibrary(cIGZString const &)	AddLibrary__6cGZCOMRC10cIGZString	sc3u_demo.x86	vtable:__vt_6cGZCOM
08aa95	cGZCOM::GetClassObject(unsigned int, unsigned int, void **)	GetClassObject__6cGZCOMUiUiPPv	sc3u_demo.x86	vtable:__vt_6cGZCOM
08ab9c	cGZCOM::FreeUnusedLibraries(void)	FreeUnusedLibraries__6cGZCOM	sc3u_demo.x86	vtable:__vt_6cGZCOM
08acf2	cGZCOM::CreateGuid(unsigned int *)	CreateGuid__6cGZCOMPUi	sc3u_demo.x86	vtable:__vt_6cGZCOM
08b7c8	cRZIRCClient::cRZIRCClient(void)	__12cRZIRCClient	sc3u_demo.x86	tokens:47.0
08bd7e	cRZIRCClient::~cRZIRCClient(void)	_._12cRZIRCClient	sc3u_demo.x86	vtable:__vt_12cRZIRCClient
08c023	cRZIRCClient::QueryInterface(unsigned int, void **)	QueryInterface__12cRZIRCClientUiPPv	sc3u_demo.x86	vtable:__vt_12cRZIRCClient
08c028	cRZIRCClient::AddRef(void)	AddRef__12cRZIRCClient	sc3u_demo.x86	vtable:__vt_12cRZIRCClient
08c02f	cRZIRCClient::Release(void)	Release__12cRZIRCClient	sc3u_demo.x86	vtable:__vt_12cRZIRCClient
08c521	cRZIRCClient::OpenConnection(void)	OpenConnection__12cRZIRCClient	sc3u_demo.x86	callee
08c833	cRZIRCClient::DoConnectionCompleted(bool)	DoConnectionCompleted__12cRZIRCClientb	sc3u_demo.x86	caller
08c8fa	cRZIRCClient::DoUserLogin(void)	DoUserLogin__12cRZIRCClient	sc3u_demo.x86	tokens:9.7
08cc16	cRZIRCClient::SetCurrentUserInfo(basic_string<char, string_char_traits<char>, __default_alloc_template<true, 0> > const &, basic_string<char, string_char_traits<char>, __default_alloc_template<true, 0> > const &, basic_string<char, string_char_traits<char>, __default_alloc_template<true, 0> > const &, basic_string<char, string_char_traits<char>, __default_alloc_template<true, 0> > const &, basic_string<char, string_char_traits<char>, __default_alloc_template<true, 0> > const &, basic_string<char, string_char_traits<char>, __default_alloc_template<true, 0> > const &, basic_string<char, string_char_traits<char>, __default_alloc_template<true, 0> > const &)	SetCurrentUserInfo__12cRZIRCClientRCt12basic_string3ZcZt18string_char_traits1ZcZt24__default_alloc_template2b1i0N61	sc3u_demo.x86	tokens:18.7
08cdbd	cRZIRCClient::ChangeNickName(basic_string<char, string_char_traits<char>, __default_alloc_template<true, 0> > const &)	ChangeNickName__12cRZIRCClientRCt12basic_string3ZcZt18string_char_traits1ZcZt24__default_alloc_template2b1i0	sc3u_demo.x86	tokens:9.7
08d1fd	cRZIRCClient::DoIdleProcessing(void)	DoIdleProcessing__12cRZIRCClient	sc3u_demo.x86	caller
08d53c	cRZIRCClient::SendUserCommandMessage(char const *, unsigned int)	SendUserCommandMessage__12cRZIRCClientPCcUi	sc3u_demo.x86	caller
08d67f	cRZIRCClient::SendUserCommandMessage(basic_string<char, string_char_traits<char>, __default_alloc_template<true, 0> > const &)	SendUserCommandMessage__12cRZIRCClientRCt12basic_string3ZcZt18string_char_traits1ZcZt24__default_alloc_template2b1i0	sc3u_demo.x86	caller
08d694	cRZIRCClient::BecomeChannelOperator(bool, basic_string<char, string_char_traits<char>, __default_alloc_template<true, 0> > const &)	BecomeChannelOperator__12cRZIRCClientbRCt12basic_string3ZcZt18string_char_traits1ZcZt24__default_alloc_template2b1i0	sc3u_demo.x86	tokens:19.4
08d877	cRZIRCClient::JoinChannel(basic_string<char, string_char_traits<char>, __default_alloc_template<true, 0> > const &)	JoinChannel__12cRZIRCClientRCt12basic_string3ZcZt18string_char_traits1ZcZt24__default_alloc_template2b1i0	sc3u_demo.x86	tokens:9.7
08d968	cRZIRCClient::LeaveChannel(basic_string<char, string_char_traits<char>, __default_alloc_template<true, 0> > const &)	LeaveChannel__12cRZIRCClientRCt12basic_string3ZcZt18string_char_traits1ZcZt24__default_alloc_template2b1i0	sc3u_demo.x86	tokens:9.7
08db8a	cRZIRCClient::NotifyAway(bool, basic_string<char, string_char_traits<char>, __default_alloc_template<true, 0> > const &)	NotifyAway__12cRZIRCClientbRCt12basic_string3ZcZt18string_char_traits1ZcZt24__default_alloc_template2b1i0	sc3u_demo.x86	tokens:29.1
08dc62	cRZIRCClient::Quit(basic_string<char, string_char_traits<char>, __default_alloc_template<true, 0> > const &)	Quit__12cRZIRCClientRCt12basic_string3ZcZt18string_char_traits1ZcZt24__default_alloc_template2b1i0	sc3u_demo.x86	tokens:9.7
08dd18	cRZIRCClient::BanUserFromChannel(bool, basic_string<char, string_char_traits<char>, __default_alloc_template<true, 0> > const &, basic_string<char, string_char_traits<char>, __default_alloc_template<true, 0> > const &)	BanUserFromChannel__12cRZIRCClientbRCt12basic_string3ZcZt18string_char_traits1ZcZt24__default_alloc_template2b1i0T2	sc3u_demo.x86	tokens:19.4
08de52	cRZIRCClient::KickOutMember(basic_string<char, string_char_traits<char>, __default_alloc_template<true, 0> > const &, basic_string<char, string_char_traits<char>, __default_alloc_template<true, 0> > const &, basic_string<char, string_char_traits<char>, __default_alloc_template<true, 0> > const &)	KickOutMember__12cRZIRCClientRCt12basic_string3ZcZt18string_char_traits1ZcZt24__default_alloc_template2b1i0N21	sc3u_demo.x86	tokens:19.4
08df9b	cRZIRCClient::InviteNewMember(basic_string<char, string_char_traits<char>, __default_alloc_template<true, 0> > const &, basic_string<char, string_char_traits<char>, __default_alloc_template<true, 0> > const &)	InviteNewMember__12cRZIRCClientRCt12basic_string3ZcZt18string_char_traits1ZcZt24__default_alloc_template2b1i0T1	sc3u_demo.x86	tokens:9.7
08e44c	cRZIRCClient::SetUserLimit(unsigned int, basic_string<char, string_char_traits<char>, __default_alloc_template<true, 0> > const &)	SetUserLimit__12cRZIRCClientUiRCt12basic_string3ZcZt18string_char_traits1ZcZt24__default_alloc_template2b1i0	sc3u_demo.x86	tokens:9.7
08e540	cRZIRCClient::GetChannelModeInternal(basic_string<char, string_char_traits<char>, __default_alloc_template<true, 0> > &)	GetChannelModeInternal__12cRZIRCClientRt12basic_string3ZcZt18string_char_traits1ZcZt24__default_alloc_template2b1i0	sc3u_demo.x86	tokens:9.7
08e73f	cRZIRCClient::GetChannelTopicInternal(basic_string<char, string_char_traits<char>, __default_alloc_template<true, 0> > &)	GetChannelTopicInternal__12cRZIRCClientRt12basic_string3ZcZt18string_char_traits1ZcZt24__default_alloc_template2b1i0	sc3u_demo.x86	tokens:9.7
08e7ce	cRZIRCClient::SetChannelTopic(basic_string<char, string_char_traits<char>, __default_alloc_template<true, 0> > const &, basic_string<char, string_char_traits<char>, __default_alloc_template<true, 0> > const &)	SetChannelTopic__12cRZIRCClientRCt12basic_string3ZcZt18string_char_traits1ZcZt24__default_alloc_template2b1i0T1	sc3u_demo.x86	tokens:9.7
08e8da	cRZIRCClient::SummonUser(basic_string<char, string_char_traits<char>, __default_alloc_template<true, 0> > const &, basic_string<char, string_char_traits<char>, __default_alloc_template<true, 0> > const &)	SummonUser__12cRZIRCClientRCt12basic_string3ZcZt18string_char_traits1ZcZt24__default_alloc_template2b1i0T1	sc3u_demo.x86	tokens:19.4
08e9f7	cRZIRCClient::RefreshAllUsersList(void)	RefreshAllUsersList__12cRZIRCClient	sc3u_demo.x86	tokens:9.7
08ec92	cRZIRCClient::RefreshOnlineNotificationList(void)	RefreshOnlineNotificationList__12cRZIRCClient	sc3u_demo.x86	callee
08f33d	cRZIRCClient::PingUser(basic_string<char, string_char_traits<char>, __default_alloc_template<true, 0> > const &)	PingUser__12cRZIRCClientRCt12basic_string3ZcZt18string_char_traits1ZcZt24__default_alloc_template2b1i0	sc3u_demo.x86	tokens:9.7
08f3bd	cRZIRCClient::PingServer(void)	PingServer__12cRZIRCClient	sc3u_demo.x86	tokens:9.7
08f4fb	cRZIRCClient::GetAllChannels(bool)	GetAllChannels__12cRZIRCClientb	sc3u_demo.x86	callee
08f570	cRZIRCClient::GetAllChannels(list<IRCChannelInfoBasic, allocator<IRCChannelInfoBasic> > **)	GetAllChannels__12cRZIRCClientPPt4list2Z19IRCChannelInfoBasicZt9allocator1Z19IRCChannelInfoBasic	sc3u_demo.x86	callee
08f746	cRZIRCClient::GetNamesForChannelInternal(basic_string<char, string_char_traits<char>, __default_alloc_template<true, 0> > const &)	GetNamesForChannelInternal__12cRZIRCClientRCt12basic_string3ZcZt18string_char_traits1ZcZt24__default_alloc_template2b1i0	sc3u_demo.x86	tokens:9.7
08f839	cRZIRCClient::SetChannelFlags(bool, int, basic_string<char, string_char_traits<char>, __default_alloc_template<true, 0> > const &)	SetChannelFlags__12cRZIRCClientbiRCt12basic_string3ZcZt18string_char_traits1ZcZt24__default_alloc_template2b1i0	sc3u_demo.x86	tokens:97.2
08fb00	cRZIRCClient::AppendOutgoingItem(char const *, unsigned int, int, unsigned int)	AppendOutgoingItem__12cRZIRCClientPCcUiiUi	sc3u_demo.x86	tokens:9.7
08fbec	cRZIRCClient::DoMessage(cGZMessage &)	DoMessage__12cRZIRCClientR10cGZMessage	sc3u_demo.x86	vtable:__vt_12cRZIRCClient
08fe52	cRZIRCClient::AttemptRead(void)	AttemptRead__12cRZIRCClient	sc3u_demo.x86	caller
08fec3	cRZIRCClient::AttemptWrite(void)	AttemptWrite__12cRZIRCClient	sc3u_demo.x86	callee
08ff4d	cRZIRCClient::SendData(cRZNetStreamSocket &, char const *, unsigned int &)	SendData__12cRZIRCClientR18cRZNetStreamSocketPCcRUi	sc3u_demo.x86	caller
0900c4	cRZIRCClient::ProcessReceivedLine(basic_string<char, string_char_traits<char>, __default_alloc_template<true, 0> > &)	ProcessReceivedLine__12cRZIRCClientRt12basic_string3ZcZt18string_char_traits1ZcZt24__default_alloc_template2b1i0	sc3u_demo.x86	tokens:19.4
091354	cRZIRCClient::ProcessServerError(vector<basic_string<char, string_char_traits<char>, __default_alloc_template<true, 0> >, allocator<basic_string<char, string_char_traits<char>, __default_alloc_template<true, 0> > > > const &, int)	ProcessServerError__12cRZIRCClientRCt6vector2Zt12basic_string3ZcZt18string_char_traits1ZcZt24__default_alloc_template2b1i0Zt9allocator1Zt12basic_string3ZcZt18string_char_traits1ZcZt24__default_alloc_template2b1i0i	sc3u_demo.x86	tokens:9.7
091ec0	ProcessServerMessage__12cRZIRCClientRCt6vector2Zt12basic_string3ZcZt18string_char_traits1ZcZt24__default_alloc_template2b1i0Zt9allocator1Zt12basic_string3ZcZt18string_char_traits1ZcZt24__default_alloc_template2b1i014IRCCommandType	ProcessServerMessage__12cRZIRCClientRCt6vector2Zt12basic_string3ZcZt18string_char_traits1ZcZt24__default_alloc_template2b1i0Zt9allocator1Zt12basic_string3ZcZt18string_char_traits1ZcZt24__default_alloc_template2b1i014IRCCommandType	sc3u_demo.x86	tokens:19.0
09284b	cRZIRCClient::GetLineInternalCommandType(vector<basic_string<char, string_char_traits<char>, __default_alloc_template<true, 0> >, allocator<basic_string<char, string_char_traits<char>, __default_alloc_template<true, 0> > > > const &)	GetLineInternalCommandType__12cRZIRCClientRCt6vector2Zt12basic_string3ZcZt18string_char_traits1ZcZt24__default_alloc_template2b1i0Zt9allocator1Zt12basic_string3ZcZt18string_char_traits1ZcZt24__default_alloc_template2b1i0	sc3u_demo.x86	tokens:19.4
0929d7	cRZIRCClient::GetCTCPMessageType(basic_string<char, string_char_traits<char>, __default_alloc_template<true, 0> > const &, IRCUserCTCPMessageType &)	GetCTCPMessageType__12cRZIRCClientRCt12basic_string3ZcZt18string_char_traits1ZcZt24__default_alloc_template2b1i0R22IRCUserCTCPMessageType	sc3u_demo.x86	tokens:109.5
092cb2	cRZIRCClient::GetStringAsCommand(basic_string<char, string_char_traits<char>, __default_alloc_template<true, 0> > const &, IRCCommandType &)	GetStringAsCommand__12cRZIRCClientRCt12basic_string3ZcZt18string_char_traits1ZcZt24__default_alloc_template2b1i0R14IRCCommandType	sc3u_demo.x86	tokens:349.4
095fdb	cRZURL::ChangeURL(cRZString const &, cRZString const *)	ChangeURL__6cRZURLRC9cRZStringPC9cRZString	sc3u_demo.x86	caller
09646a	cRZURL::CanonicalizePath(cRZString &)	CanonicalizePath__6cRZURLR9cRZString	sc3u_demo.x86	tokens:9.7
0965ae	cRZURL::ChangeURL(cRZString const &, cRZURL *)	ChangeURL__6cRZURLRC9cRZStringP6cRZURL	sc3u_demo.x86	caller
096911	cRZURL::MakeFileURLFromComponents(cRZString &, cRZString const &)	MakeFileURLFromComponents__6cRZURLR9cRZStringRC9cRZString	sc3u_demo.x86	tokens:9.7
096965	cRZURL::MakeFTPURLFromComponents(cRZString &, cRZString const &, unsigned int, cRZString const *, cRZString const *, cRZString const *, cRZString const *, cRZString const *)	MakeFTPURLFromComponents__6cRZURLR9cRZStringRC9cRZStringUiPC9cRZStringN44	sc3u_demo.x86	tokens:9.7
096aeb	cRZURL::MakeNNTPURLFromComponents(cRZString &, cRZString const &, unsigned int, cRZString const *, cRZString const *, cRZString const *, cRZString const *, cRZString const *)	MakeNNTPURLFromComponents__6cRZURLR9cRZStringRC9cRZStringUiPC9cRZStringN44	sc3u_demo.x86	tokens:9.7
096c46	cRZURL::MakeIRCURLFromComponents(cRZString &, cRZString const &, unsigned int, cRZString const *, cRZString const *, cRZString const *)	MakeIRCURLFromComponents__6cRZURLR9cRZStringRC9cRZStringUiPC9cRZStringN24	sc3u_demo.x86	tokens:9.7
09720f	cRZURL::ParseURL(cRZString &)	ParseURL__6cRZURLR9cRZString	sc3u_demo.x86	caller
097382	cRZURL::ParseScheme(cRZString &)	ParseScheme__6cRZURLR9cRZString	sc3u_demo.x86	tokens:122.0
098b95	cRZSimpleFileTransfer::CloseConnection(void)	CloseConnection__21cRZSimpleFileTransfer	sc3u_demo.x86	tokens:18.2
09995e	cRZNameLookup::~cRZNameLookup(void)	_._13cRZNameLookup	sc3u_demo.x86	vtable:__vt_13cRZNameLookup
0999b3	cRZNameLookup::Init(void)	Init__13cRZNameLookup	sc3u_demo.x86	vtable:__vt_13cRZNameLookup
0999c0	cRZNameLookup::Shutdown(void)	Shutdown__13cRZNameLookup	sc3u_demo.x86	vtable:__vt_13cRZNameLookup
0999e4	cRZNameLookup::AddRef(void)	AddRef__13cRZNameLookup	sc3u_demo.x86	vtable:__vt_13cRZNameLookup
0999eb	cRZNameLookup::Release(void)	Release__13cRZNameLookup	sc3u_demo.x86	vtable:__vt_13cRZNameLookup
09a2eb	cRZNameLookup::WorkerThreadFunction(void *)	WorkerThreadFunction__13cRZNameLookupPv	sc3u_demo.x86	tokens:9.7
09b33f	cRZNetManager::cRZNetManager(void)	__13cRZNetManager	sc3u_demo.x86	tokens:9.7
09b459	virtual function thunk (delta:-8) for cRZNetManager::~cRZNetManager(void)	__thunk_8__._13cRZNetManager	sc3u_demo.x86	caller
09b479	cRZNetManager::~cRZNetManager(void)	_._13cRZNetManager	sc3u_demo.x86	vtable-user:__vt_13cRZNetManager
09b659	cRZNetManager::AddRef(void)	AddRef__13cRZNetManager	sc3u_demo.x86	vtable:__vt_13cRZNetManager
09b661	cRZNetManager::Release(void)	Release__13cRZNetManager	sc3u_demo.x86	vtable:__vt_13cRZNetManager
09b669	cRZNetManager::QueryInterface(unsigned int, void **)	QueryInterface__13cRZNetManagerUiPPv	sc3u_demo.x86	vtable:__vt_13cRZNetManager
09b6a3	cRZNetManager::DoMessage(cGZMessage &)	DoMessage__13cRZNetManagerR10cGZMessage	sc3u_demo.x86	vtable:__vt_13cRZNetManager
09df30	cRZSocketError::SetErrorStringFromErrorID(int)	SetErrorStringFromErrorID__14cRZSocketErrori	sc3u_demo.x86	tokens:9.7
09e30e	cRZCookieManager::~cRZCookieManager(void)	_._16cRZCookieManager	sc3u_demo.x86	vtable:__vt_16cRZCookieManager
09e38d	cRZCookieManager::Init(void)	Init__16cRZCookieManager	sc3u_demo.x86	vtable:__vt_16cRZCookieManager
09e3ab	cRZCookieManager::Shutdown(void)	Shutdown__16cRZCookieManager	sc3u_demo.x86	vtable:__vt_16cRZCookieManager
09e3ce	cRZCookieManager::AddRef(void)	AddRef__16cRZCookieManager	sc3u_demo.x86	vtable:__vt_16cRZCookieManager
09e3ef	cRZCookieManager::Release(void)	Release__16cRZCookieManager	sc3u_demo.x86	vtable:__vt_16cRZCookieManager
09e431	cRZCookieManager::SetShouldEncryptCookieDataFile(bool)	SetShouldEncryptCookieDataFile__16cRZCookieManagerb	sc3u_demo.x86	vtable:__vt_16cRZCookieManager
09e43b	cRZCookieManager::GetCookieDataFilePath(cRZString &)	GetCookieDataFilePath__16cRZCookieManagerR9cRZString	sc3u_demo.x86	vtable:__vt_16cRZCookieManager
09e48d	cRZCookieManager::SetCookieDataFilePath(cRZString const &)	SetCookieDataFilePath__16cRZCookieManagerRC9cRZString	sc3u_demo.x86	vtable:__vt_16cRZCookieManager
09eb06	cRZCookieManager::RemoveAllCookies(void)	RemoveAllCookies__16cRZCookieManager	sc3u_demo.x86	vtable:__vt_16cRZCookieManager
09ee92	cRZCookieManager::EnumCookies(CookieData *, unsigned int &)	EnumCookies__16cRZCookieManagerP10CookieDataRUi	sc3u_demo.x86	vtable:__vt_16cRZCookieManager
09efd9	cRZCookieManager::ParseCookieText(CookieData &, cRZString const *)	ParseCookieText__16cRZCookieManagerR10CookieDataPC9cRZString	sc3u_demo.x86	vtable:__vt_16cRZCookieManager
09fb1c	cRZCookieManager::ClearCookieDataFile(void)	ClearCookieDataFile__16cRZCookieManager	sc3u_demo.x86	vtable:__vt_16cRZCookieManager
09fb7d	cRZCookieManager::ReadCookieDataFile(void)	ReadCookieDataFile__16cRZCookieManager	sc3u_demo.x86	vtable:__vt_16cRZCookieManager
09fe2b	cRZCookieManager::WriteCookieDataFile(void)	WriteCookieDataFile__16cRZCookieManager	sc3u_demo.x86	caller
0a0112	cGZWWWSystem::cGZWWWSystem(void)	__12cGZWWWSystem	sc3u_demo.x86	tokens:9.7
0a029d	cGZWWWSystem::SetCacheUsage(bool)	SetCacheUsage__12cGZWWWSystemb	sc3u_demo.x86	vtable:__vt_12cGZWWWSystem
0a02a7	cGZWWWSystem::GetCacheUsage(void)	GetCacheUsage__12cGZWWWSystem	sc3u_demo.x86	vtable:__vt_12cGZWWWSystem
0a02bb	virtual function thunk (delta:-12) for cGZWWWSystem::~cGZWWWSystem(void)	__thunk_12__._12cGZWWWSystem	sc3u_demo.x86	caller
0a02db	cGZWWWSystem::~cGZWWWSystem(void)	_._12cGZWWWSystem	sc3u_demo.x86	vtable-user:__vt_12cGZWWWSystem
0a03ad	cGZWWWSystem::QueryInterface(unsigned int, void **)	QueryInterface__12cGZWWWSystemUiPPv	sc3u_demo.x86	vtable:__vt_12cGZWWWSystem
0a03f6	cGZWWWSystem::AddRef(void)	AddRef__12cGZWWWSystem	sc3u_demo.x86	vtable:__vt_12cGZWWWSystem
0a0444	cGZWWWSystem::Release(void)	Release__12cGZWWWSystem	sc3u_demo.x86	vtable:__vt_12cGZWWWSystem
0a04d6	cGZWWWSystem::SetCacheDirectory(cRZString const &)	SetCacheDirectory__12cGZWWWSystemRC9cRZString	sc3u_demo.x86	tokens:17.5
0a061f	cGZWWWSystem::DoMessage(cGZMessage &)	DoMessage__12cGZWWWSystemR10cGZMessage	sc3u_demo.x86	tokens:35.9
0a066a	cGZWWWSystem::DoHTTPJobUpdateMessage(cGZMessage &)	DoHTTPJobUpdateMessage__12cGZWWWSystemR10cGZMessage	sc3u_demo.x86	vtable:__vt_12cGZWWWSystem
0a0701	cGZWWWSystem::DoHTTPJobResultMessage(cGZMessage &)	DoHTTPJobResultMessage__12cGZWWWSystemR10cGZMessage	sc3u_demo.x86	vtable:__vt_12cGZWWWSystem
0a0c72	cGZWWWSystem::DoFTPJobUpdateMessage(cGZMessage &)	DoFTPJobUpdateMessage__12cGZWWWSystemR10cGZMessage	sc3u_demo.x86	vtable:__vt_12cGZWWWSystem
0a0d0d	cGZWWWSystem::DoFTPJobResultMessage(cGZMessage &)	DoFTPJobResultMessage__12cGZWWWSystemR10cGZMessage	sc3u_demo.x86	vtable:__vt_12cGZWWWSystem
0a0f7c	cGZWWWSystem::AddHTTPJobToCache(cIGZWWWSystem::Job *, void *)	AddHTTPJobToCache__12cGZWWWSystemPQ213cIGZWWWSystem3JobPv	sc3u_demo.x86	tokens:57.2
0a163c	cGZWWWSystem::GetRAMDataPreferenceFromMIMEType(cRZURL &, cIGZWWWSystem::RAMDataPreference &)	GetRAMDataPreferenceFromMIMEType__12cGZWWWSystemR6cRZURLRQ213cIGZWWWSystem17RAMDataPreference	sc3u_demo.x86	tokens:47.8
0a1762	cGZWWWSystem::RetrieveAnyPresentCookies(HTTPMessage const &)	RetrieveAnyPresentCookies__12cGZWWWSystemRC11HTTPMessage	sc3u_demo.x86	vtable:__vt_12cGZWWWSystem
0a1a9d	cGZWWWSystem::LoadFileDocument(cRZURL &, cIGZMessageTarget *, cIGZWWWSystem::RAMDataPreference, void *)	LoadFileDocument__12cGZWWWSystemR6cRZURLP17cIGZMessageTargetQ213cIGZWWWSystem17RAMDataPreferencePv	sc3u_demo.x86	vtable:__vt_12cGZWWWSystem
0a1cff	cGZWWWSystem::LoadHTTPDocument(cRZURL &, cIGZMessageTarget *, cIGZWWWSystem::RAMDataPreference, void *, bool)	LoadHTTPDocument__12cGZWWWSystemR6cRZURLP17cIGZMessageTargetQ213cIGZWWWSystem17RAMDataPreferencePvb	sc3u_demo.x86	tokens:16.4
0a2306	cGZWWWSystem::LoadFTPDocument(cRZURL &, cIGZMessageTarget *, cIGZWWWSystem::RAMDataPreference, void *)	LoadFTPDocument__12cGZWWWSystemR6cRZURLP17cIGZMessageTargetQ213cIGZWWWSystem17RAMDataPreferencePv	sc3u_demo.x86	vtable:__vt_12cGZWWWSystem
0a2422	cGZWWWSystem::LoadNNTPDocument(cRZURL &, cIGZMessageTarget *, cIGZWWWSystem::RAMDataPreference, void *)	LoadNNTPDocument__12cGZWWWSystemR6cRZURLP17cIGZMessageTargetQ213cIGZWWWSystem17RAMDataPreferencePv	sc3u_demo.x86	vtable:__vt_12cGZWWWSystem
0a33f3	cGZWinCombo::get_line_input(void)	get_line_input__11cGZWinCombo	sc3u_demo.x86	vtable:__vt_11cGZWinCombo
0a33fa	cGZWin::GZOnMouseExit(cIGZWin *)	GZOnMouseExit__6cGZWinP7cIGZWin	sc3u_demo.x86	vtable:__vt_11cGZWinCombo
0a35b6	cGZWinCombo::get_string_address_from_index(int, cRZString const *&) const	get_string_address_from_index__C11cGZWinComboiRPC9cRZString	sc3u_demo.x86	vtable:__vt_11cGZWinCombo
0a35c5	cGZWinGZML::DoMessage(cGZMessage &)	DoMessage__10cGZWinGZMLR10cGZMessage	sc3u_demo.x86	tokens:16.0
0a3826	cGZWinCombo::send_combo_changed_msg(void)	send_combo_changed_msg__11cGZWinCombo	sc3u_demo.x86	vtable:__vt_11cGZWinCombo
0a382d	cGZWin::GZOnMouseEnter(cIGZWin *)	GZOnMouseEnter__6cGZWinP7cIGZWin	sc3u_demo.x86	vtable:__vt_11cGZWinCombo
0a387b	cGZWinCombo::GZOnKeyDown(unsigned int, unsigned int)	GZOnKeyDown__11cGZWinComboUiUi	sc3u_demo.x86	vtable:__vt_11cGZWinCombo
0a3b5a	cGZWinCombo::GZOnMouseDownL(int, int, unsigned int)	GZOnMouseDownL__11cGZWinComboiiUi	sc3u_demo.x86	vtable:__vt_11cGZWinCombo
0a3c05	cGZWin::GZOnMouseUpM(int, int, unsigned int)	GZOnMouseUpM__6cGZWiniiUi	sc3u_demo.x86	vtable:__vt_11cGZWinCombo
0a3c8a	cGZWinCombo::GZPaint(void)	GZPaint__11cGZWinCombo	sc3u_demo.x86	vtable:__vt_11cGZWinCombo
0a3f0c	cGZWinGZML::Init(void)	Init__10cGZWinGZML	sc3u_demo.x86	tokens:28.7
0a404a	cGZWinGZML::InitializeMemberVariables(int)	InitializeMemberVariables__10cGZWinGZMLi	sc3u_demo.x86	tokens:25.6
0a41ea	cGZWinCombo::QueryInterface(unsigned int, void **)	QueryInterface__11cGZWinComboUiPPv	sc3u_demo.x86	vtable:__vt_11cGZWinCombo
0a41fa	cGZWinCombo::~cGZWinCombo(void)	_._11cGZWinCombo	sc3u_demo.x86	vtable:__vt_11cGZWinCombo
0a4367	cGZWinGZML::SetURL(cRZString const &, bool)	SetURL__10cGZWinGZMLRC9cRZStringb	sc3u_demo.x86	caller
0a43c1	cGZWinGZML::SetURL(cRZURL const &, bool)	SetURL__10cGZWinGZMLRC6cRZURLb	sc3u_demo.x86	caller
0a44ea	cGZWinCombo::Shutdown(void)	Shutdown__11cGZWinCombo	sc3u_demo.x86	vtable:__vt_11cGZWinCombo
0a4571	cGZWinCombo::layout(int, int)	layout__11cGZWinComboii	sc3u_demo.x86	vtable:__vt_11cGZWinCombo
0a4619	NetworkFileCache::NetworkFileCache(void)	__16NetworkFileCache	sc3u_demo.x86	tokens:37.6
0a4689	NetworkFileCache::~NetworkFileCache(void)	_._16NetworkFileCache	sc3u_demo.x86	vtable:__vt_16NetworkFileCache
0a471b	NetworkFileCache::Init(void)	Init__16NetworkFileCache	sc3u_demo.x86	tokens:9.7
0a477f	NetworkFileCache::Shutdown(void)	Shutdown__16NetworkFileCache	sc3u_demo.x86	vtable:__vt_16NetworkFileCache
0a479c	NetworkFileCache::AddRef(void)	AddRef__16NetworkFileCache	sc3u_demo.x86	vtable:__vt_16NetworkFileCache
0a47a3	NetworkFileCache::Release(void)	Release__16NetworkFileCache	sc3u_demo.x86	vtable:__vt_16NetworkFileCache
0a47bd	NetworkFileCache::GetCacheDirectory(cRZString &)	GetCacheDirectory__16NetworkFileCacheR9cRZString	sc3u_demo.x86	vtable:__vt_16NetworkFileCache
0a47cf	NetworkFileCache::SetCacheDirectory(cRZString const &)	SetCacheDirectory__16NetworkFileCacheRC9cRZString	sc3u_demo.x86	vtable:__vt_16NetworkFileCache
0a4826	NetworkFileCache::GetCacheIniFileName(cRZString &)	GetCacheIniFileName__16NetworkFileCacheR9cRZString	sc3u_demo.x86	vtable:__vt_16NetworkFileCache
0a4838	NetworkFileCache::SetCacheIniFileName(cRZString const &)	SetCacheIniFileName__16NetworkFileCacheRC9cRZString	sc3u_demo.x86	vtable:__vt_16NetworkFileCache
0a48e2	NetworkFileCache::SetRAMCacheSize(unsigned int)	SetRAMCacheSize__16NetworkFileCacheUi	sc3u_demo.x86	vtable:__vt_16NetworkFileCache
0a48ee	NetworkFileCache::SetFileCacheSize(unsigned int)	SetFileCacheSize__16NetworkFileCacheUi	sc3u_demo.x86	vtable:__vt_16NetworkFileCache
0a48fa	NetworkFileCache::SetDefaultExpirationTime(unsigned int)	SetDefaultExpirationTime__16NetworkFileCacheUi	sc3u_demo.x86	vtable:__vt_16NetworkFileCache
0a4906	NetworkFileCache::IsCachedDataPresent(cRZString const &)	IsCachedDataPresent__16NetworkFileCacheRC9cRZString	sc3u_demo.x86	vtable:__vt_16NetworkFileCache
0a499c	NetworkFileCache::IsCachedDataPresentAsRAMData(cRZString const &)	IsCachedDataPresentAsRAMData__16NetworkFileCacheRC9cRZString	sc3u_demo.x86	vtable:__vt_16NetworkFileCache
0a4a0e	NetworkFileCache::IsCachedDataPresentAsFileData(cRZString const &)	IsCachedDataPresentAsFileData__16NetworkFileCacheRC9cRZString	sc3u_demo.x86	vtable:__vt_16NetworkFileCache
0a4a84	NetworkFileCache::GetCachedDataAsData(cRZString const &, CacheData **)	GetCachedDataAsData__16NetworkFileCacheRC9cRZStringPP9CacheData	sc3u_demo.x86	vtable:__vt_16NetworkFileCache
0a4caf	NetworkFileCache::GetCachedDataAsFile(cRZString const &, cRZString *)	GetCachedDataAsFile__16NetworkFileCacheRC9cRZStringP9cRZString	sc3u_demo.x86	vtable:__vt_16NetworkFileCache
0a4e60	NetworkFileCache::ForceCachedDataIntoFile(cRZString const &)	ForceCachedDataIntoFile__16NetworkFileCacheRC9cRZString	sc3u_demo.x86	vtable:__vt_16NetworkFileCache
0a4ebb	NetworkFileCache::GetCachedDataSize(cRZString const &)	GetCachedDataSize__16NetworkFileCacheRC9cRZString	sc3u_demo.x86	vtable:__vt_16NetworkFileCache
0a4edc	NetworkFileCache::GetTimeCreated(cRZString const &)	GetTimeCreated__16NetworkFileCacheRC9cRZString	sc3u_demo.x86	vtable:__vt_16NetworkFileCache
0a4efd	NetworkFileCache::GetTimeNow(void)	GetTimeNow__16NetworkFileCache	sc3u_demo.x86	vtable:__vt_16NetworkFileCache
0a53b9	NetworkFileCache::RemoveCachedData(cRZString const &)	RemoveCachedData__16NetworkFileCacheRC9cRZString	sc3u_demo.x86	vtable:__vt_16NetworkFileCache
0a54d4	NetworkFileCache::GetNewCacheFileName(cRZString const &, cRZString &)	GetNewCacheFileName__16NetworkFileCacheRC9cRZStringR9cRZString	sc3u_demo.x86	vtable:__vt_16NetworkFileCache
0a569f	NetworkFileCache::GetNewCacheFilePath(cRZString const &, cRZString &, cRZString const *)	GetNewCacheFilePath__16NetworkFileCacheRC9cRZStringR9cRZStringPC9cRZString	sc3u_demo.x86	vtable:__vt_16NetworkFileCache
0a588a	NetworkFileCache::ClearCacheMap(void)	ClearCacheMap__16NetworkFileCache	sc3u_demo.x86	callee
0a5b30	NetworkFileCache::UpdateCacheIniFile(void)	UpdateCacheIniFile__16NetworkFileCache	sc3u_demo.x86	tokens:28.5
0a5d3e	NetworkFileCache::WriteDataToFile(cRZString const &, unsigned char *, unsigned int)	WriteDataToFile__16NetworkFileCacheRC9cRZStringPUcUi	sc3u_demo.x86	callee
0a7719	cGZMLDocument::AddRef(void)	AddRef__13cGZMLDocument	sc3u_demo.x86	vtable:__vt_13cGZMLDocument
0a8204	cGZMLDocument::Body(void)	Body__13cGZMLDocument	sc3u_demo.x86	vtable:__vt_13cGZMLDocument
0a8208	cGZMLDocument::IsPageLayoutDone(void)	IsPageLayoutDone__13cGZMLDocument	sc3u_demo.x86	vtable:__vt_13cGZMLDocument
0a820c	cGZMLDocument::MarkPageLayoutStatus(bool)	MarkPageLayoutStatus__13cGZMLDocumentb	sc3u_demo.x86	vtable:__vt_13cGZMLDocument
0a8216	cGZMLDocument::~cGZMLDocument(void)	_._13cGZMLDocument	sc3u_demo.x86	vtable:__vt_13cGZMLDocument
0a83d0	cGZMLDocument::CreateBullet(cGZMLDocument::tBulletStyle)	CreateBullet__13cGZMLDocumentQ213cGZMLDocument12tBulletStyle	sc3u_demo.x86	tokens:9.7
0a87a0	cGZMLDocument::GetBaseURL(cRZString &)	GetBaseURL__13cGZMLDocumentR9cRZString	sc3u_demo.x86	vtable:__vt_13cGZMLDocument
0a89f6	cGZMLDocument::InitTagList(void)	InitTagList__13cGZMLDocument	sc3u_demo.x86	tokens:911.0
0ac84b	cGZMLDocument::MakeRelativeToTextAlignmentStyle(cRZString &)	MakeRelativeToTextAlignmentStyle__13cGZMLDocumentR9cRZString	sc3u_demo.x86	tokens:34.6
0ac8cb	cGZMLDocument::MakeULStyle(cRZString &)	MakeULStyle__13cGZMLDocumentR9cRZString	sc3u_demo.x86	tokens:27.8
0ac921	cGZMLDocument::ParseA(cGZMLContainerElement &)	ParseA__13cGZMLDocumentR21cGZMLContainerElement	sc3u_demo.x86	tokens:26.7
0acc5a	cGZMLDocument::ParseAREA(cGZMLContainerElement &)	ParseAREA__13cGZMLDocumentR21cGZMLContainerElement	sc3u_demo.x86	tokens:66.6
0acd81	cGZMLElement::Selectable(void)	Selectable__12cGZMLElement	sc3u_demo.x86	vtable:__vt_10cGZMLINPUT
0acd84	cGZMLElement::OnMouseDownL(cGZMLDrawContext &)	OnMouseDownL__12cGZMLElementR16cGZMLDrawContext	sc3u_demo.x86	vtable:__vt_10cGZMLINPUT
0acdaa	cGZMLContainerElement::IsContainer(void)	IsContainer__21cGZMLContainerElement	sc3u_demo.x86	vtable:__vt_11cGZMLAnchor
0acdc9	cGZMLAREA::~cGZMLAREA(void)	_._9cGZMLAREA	sc3u_demo.x86	vtable:__vt_9cGZMLAREA
0ad411	cGZMLDocument::ParseBODY(void)	ParseBODY__13cGZMLDocument	sc3u_demo.x86	tokens:55.8
0ad6f2	cGZMLElement::IsContainer(void)	IsContainer__12cGZMLElement	sc3u_demo.x86	vtable:__vt_10cGZMLINPUT
0ad6f5	cGZMLElement::ComposeDrawRect(void)	ComposeDrawRect__12cGZMLElement	sc3u_demo.x86	vtable:__vt_10cGZMLINPUT
0ad6f6	cGZMLElement::SetTextColor(unsigned int)	SetTextColor__12cGZMLElementUi	sc3u_demo.x86	vtable:__vt_10cGZMLINPUT
0ad71c	cGZMLElement::Draw(cGZMLDrawContext &)	Draw__12cGZMLElementR16cGZMLDrawContext	sc3u_demo.x86	vtable:__vt_10cGZMLINPUT
0ade24	cGZMLDocument::cGZMLDocument(void)	__13cGZMLDocument	sc3u_demo.x86	tokens:18.5
0ae6f9	cGZMLDocument::ParseHTMLDocument(void)	ParseHTMLDocument__13cGZMLDocument	sc3u_demo.x86	vtable:__vt_13cGZMLDocument
0ae727	cGZMLDocument::ParseHTMLElements(void)	ParseHTMLElements__13cGZMLDocument	sc3u_demo.x86	caller
0ae7b9	cGZMLDocument::ParseIMG(cGZMLContainerElement &)	ParseIMG__13cGZMLDocumentR21cGZMLContainerElement	sc3u_demo.x86	tokens:37.1
0aeb34	cGZMLDocument::ParseINPUT(cGZMLContainerElement &)	ParseINPUT__13cGZMLDocumentR21cGZMLContainerElement	sc3u_demo.x86	tokens:18.7
0aeb9b	cGZMLINPUT::~cGZMLINPUT(void)	_._10cGZMLINPUT	sc3u_demo.x86	vtable:__vt_10cGZMLINPUT
0aebcb	cGZMLDocument::ParseLI(cGZMLList &, int)	ParseLI__13cGZMLDocumentR9cGZMLListi	sc3u_demo.x86	tokens:9.7
0aed35	cGZMLDocument::ParseLINK(void)	ParseLINK__13cGZMLDocument	sc3u_demo.x86	tokens:17.6
0aef4b	cGZMLDocument::ParseMAP(cGZMLContainerElement &)	ParseMAP__13cGZMLDocumentR21cGZMLContainerElement	sc3u_demo.x86	tokens:18.0
0af154	cGZMLDocument::ParseMETA(void)	ParseMETA__13cGZMLDocument	sc3u_demo.x86	tokens:46.5
0af9ac	cGZMLDocument::ParseSGMLDocumentType(void)	ParseSGMLDocumentType__13cGZMLDocument	sc3u_demo.x86	vtable:__vt_13cGZMLDocument
0afbe2	cGZMLDocument::ParseSGMLElements(cRZString const &)	ParseSGMLElements__13cGZMLDocumentRC9cRZString	sc3u_demo.x86	vtable:__vt_13cGZMLDocument
0afd00	cGZMLDocument::ParseTABLE(cGZMLContainerElement &)	ParseTABLE__13cGZMLDocumentR21cGZMLContainerElement	sc3u_demo.x86	tokens:65.1
0affa6	cGZMLDocument::ParseTD(cGZMLTR &)	ParseTD__13cGZMLDocumentR7cGZMLTR	sc3u_demo.x86	tokens:73.9
0b045a	cGZMLDocument::ParseTR(cGZMLTABLE &)	ParseTR__13cGZMLDocumentR10cGZMLTABLE	sc3u_demo.x86	caller
0b06a9	cGZMLDocument::QueryInterface(unsigned int, void **)	QueryInterface__13cGZMLDocumentUiPPv	sc3u_demo.x86	tokens:9.7
0b06ea	cGZMLDocument::Release(void)	Release__13cGZMLDocument	sc3u_demo.x86	vtable:__vt_13cGZMLDocument
0b0705	cGZMLDocument::RequestImage(cGZMLImageRequester *, cRZString const &)	RequestImage__13cGZMLDocumentP19cGZMLImageRequesterRC9cRZString	sc3u_demo.x86	vtable:__vt_13cGZMLDocument
0b0957	cGZMLDocument::RestoreToken(void)	RestoreToken__13cGZMLDocument	sc3u_demo.x86	callee
0b2538	virtual function thunk (delta:-4) for cGZMLDocument::QueryInterface(unsigned int, void **)	__thunk_4_QueryInterface__13cGZMLDocumentUiPPv	sc3u_demo.x86	caller
0b2540	virtual function thunk (delta:-4) for cGZMLDocument::AddRef(void)	__thunk_4_AddRef__13cGZMLDocument	sc3u_demo.x86	caller
0b2548	virtual function thunk (delta:-4) for cGZMLDocument::Release(void)	__thunk_4_Release__13cGZMLDocument	sc3u_demo.x86	caller
0b2578	cGZMLAnchor::Selectable(void)	Selectable__11cGZMLAnchor	sc3u_demo.x86	vtable:__vt_11cGZMLAnchor
0b257b	cGZMLAnchor::~cGZMLAnchor(void)	_._11cGZMLAnchor	sc3u_demo.x86	vtable:__vt_11cGZMLAnchor
0b26d4	cGZMLContainerElement::Append(cGZMLElement *)	Append__21cGZMLContainerElementP12cGZMLElement	sc3u_demo.x86	vtable:__vt_11cGZMLAnchor
0b2763	cGZMLContainerElement::Pick(cGZMLElement *&, int, int)	Pick__21cGZMLContainerElementRP12cGZMLElementii	sc3u_demo.x86	vtable:__vt_11cGZMLAnchor
0b27c1	cGZMLContainerElement::ResetDrawRectRecursive(void)	ResetDrawRectRecursive__21cGZMLContainerElement	sc3u_demo.x86	vtable:__vt_11cGZMLAnchor
0b27ed	cGZMLContainerElement::SetTextColor(unsigned int)	SetTextColor__21cGZMLContainerElementUi	sc3u_demo.x86	vtable:__vt_11cGZMLAnchor
0b285f	cGZMLElement::Append(cGZMLElement *)	Append__12cGZMLElementP12cGZMLElement	sc3u_demo.x86	vtable:__vt_10cGZMLINPUT
0b2862	cGZMLElement::Pick(cGZMLElement *&, int, int)	Pick__12cGZMLElementRP12cGZMLElementii	sc3u_demo.x86	vtable:__vt_10cGZMLINPUT
0b289c	cGZMLElement::ResetDrawRectRecursive(void)	ResetDrawRectRecursive__12cGZMLElement	sc3u_demo.x86	vtable:__vt_10cGZMLINPUT
0b2d26	cGZMLTextSegment::cGZMLTextSegment(cRZString &, tFontAttributes const &, cIGZFontSys::tOutputStyleType)	__16cGZMLTextSegmentR9cRZStringRC15tFontAttributesQ211cIGZFontSys16tOutputStyleType	sc3u_demo.x86	tokens:29.1
0b2fe5	cGZMLTextSegment::~cGZMLTextSegment(void)	_._16cGZMLTextSegment	sc3u_demo.x86	vtable:__vt_16cGZMLTextSegment
0b3279	cGZMLTextSegment::SetTextColor(unsigned int)	SetTextColor__16cGZMLTextSegmentUi	sc3u_demo.x86	vtable:__vt_16cGZMLTextSegment
0b3517	cGZMLAnchor::OnMouseDownL(cGZMLDrawContext &)	OnMouseDownL__11cGZMLAnchorR16cGZMLDrawContext	sc3u_demo.x86	vtable:__vt_11cGZMLAnchor
0b3642	cGZMLContainerElement::ComposeDrawRect(void)	ComposeDrawRect__21cGZMLContainerElement	sc3u_demo.x86	vtable:__vt_11cGZMLAnchor
0b3672	cGZMLContainerElement::Draw(cGZMLDrawContext &)	Draw__21cGZMLContainerElementR16cGZMLDrawContext	sc3u_demo.x86	vtable:__vt_11cGZMLAnchor
0b3d8d	cGZMLTextSegment::Draw(cGZMLDrawContext &)	Draw__16cGZMLTextSegmentR16cGZMLDrawContext	sc3u_demo.x86	vtable:__vt_16cGZMLTextSegment
0b411c	cGZMLShared::SetColor(cRZString const &, cRZColor &)	SetColor__11cGZMLSharedRC9cRZStringR8cRZColor	sc3u_demo.x86	tokens:299.9
0b5d24	HTTPMessage::GetMessageStatusCodeReasonPhrase(basic_string<char, string_char_traits<char>, __default_alloc_template<true, 0> > &) const	GetMessageStatusCodeReasonPhrase__C11HTTPMessageRt12basic_string3ZcZt18string_char_traits1ZcZt24__default_alloc_template2b1i0	sc3u_demo.x86	tokens:9.7
0b61ff	HTTPMessage::MIMEStringToMIMETypes(char const *, int &, int &, unsigned int)	MIMEStringToMIMETypes__11HTTPMessagePCcRiT2Ui	sc3u_demo.x86	caller
0b6b89	HTTPMessage::MIMETypeStringToMIMEType(char const *, bool, unsigned int)	MIMETypeStringToMIMEType__11HTTPMessagePCcbUi	sc3u_demo.x86	tokens:558.8
0b71ec	HTTPMessage::EncodeBase64(char const *, unsigned int, char *, unsigned int &)	EncodeBase64__11HTTPMessagePCcUiPcRUi	sc3u_demo.x86	tokens:9.7
0b75af	HTTPMessage::EncodeBase64(cRZString const &, cRZString &)	EncodeBase64__11HTTPMessageRC9cRZStringR9cRZString	sc3u_demo.x86	caller
0b77b8	cRZHTTPClient::~cRZHTTPClient(void)	_._13cRZHTTPClient	sc3u_demo.x86	vtable:__vt_13cRZHTTPClient
0b795d	cRZHTTPClient::Init(void)	Init__13cRZHTTPClient	sc3u_demo.x86	vtable:__vt_13cRZHTTPClient
0b796a	cRZHTTPClient::Shutdown(void)	Shutdown__13cRZHTTPClient	sc3u_demo.x86	vtable:__vt_13cRZHTTPClient
0b79e2	cRZHTTPClient::AddRef(void)	AddRef__13cRZHTTPClient	sc3u_demo.x86	vtable:__vt_13cRZHTTPClient
0b79e9	cRZHTTPClient::Release(void)	Release__13cRZHTTPClient	sc3u_demo.x86	vtable:__vt_13cRZHTTPClient
0b7a04	cRZHTTPClient::QueryInterface(unsigned int, void **)	QueryInterface__13cRZHTTPClientUiPPv	sc3u_demo.x86	vtable:__vt_13cRZHTTPClient
0b836e	cRZHTTPClient::DoMessage(cGZMessage &)	DoMessage__13cRZHTTPClientR10cGZMessage	sc3u_demo.x86	vtable:__vt_13cRZHTTPClient
0b8628	cRZHTTPClient::BuildHeaderFromHeaderArray(HTTPMessage &)	BuildHeaderFromHeaderArray__13cRZHTTPClientR11HTTPMessage	sc3u_demo.x86	tokens:28.2
0b8c7a	cRZHTTPClient::WorkerThreadFunction(cRZHTTPClient::WorkerThreadInfo *)	WorkerThreadFunction__13cRZHTTPClientPQ213cRZHTTPClient16WorkerThreadInfo	sc3u_demo.x86	tokens:18.7
0bab68	cRZHTTPClient::GetDateTypeFromString(cRZString const &)	GetDateTypeFromString__13cRZHTTPClientRC9cRZString	sc3u_demo.x86	tokens:28.5
0bad31	cRZHTTPClient::MakeRFC1123DateTimeString(cRZString &, unsigned int)	MakeRFC1123DateTimeString__13cRZHTTPClientR9cRZStringUi	sc3u_demo.x86	tokens:9.7
0bad7e	cRZHTTPClient::MakeRFC1123DateTimeString(cRZString &, unsigned int, unsigned int, unsigned int, unsigned int, unsigned int, unsigned int, unsigned int, unsigned int)	MakeRFC1123DateTimeString__13cRZHTTPClientR9cRZStringUiUiUiUiUiUiUiUi	sc3u_demo.x86	tokens:9.7
0badbb	cRZHTTPClient::ParseDateTimeString(cRZString const &, unsigned int &, unsigned int &, unsigned int &, unsigned int &, unsigned int &, unsigned int &, unsigned int &, unsigned int &)	ParseDateTimeString__13cRZHTTPClientRC9cRZStringRUiN72	sc3u_demo.x86	tokens:19.4
0bb18e	cRZHTTPClient::TimeStringToSeconds(cRZString const &)	TimeStringToSeconds__13cRZHTTPClientRC9cRZString	sc3u_demo.x86	caller
0bb1e9	cRZHTTPClient::TimeToSeconds(unsigned int, unsigned int, unsigned int, unsigned int, unsigned int, unsigned int, unsigned int, unsigned int)	TimeToSeconds__13cRZHTTPClientUiUiUiUiUiUiUiUi	sc3u_demo.x86	callee
0bb243	cRZHTTPClient::WeekdayStringToInteger(char const *, bool)	WeekdayStringToInteger__13cRZHTTPClientPCcb	sc3u_demo.x86	tokens:58.3
0bb537	cRZFTPClientLowLevel::cRZFTPClientLowLevel(void)	__20cRZFTPClientLowLevel	sc3u_demo.x86	tokens:18.7
0bb786	cRZFTPClientLowLevel::~cRZFTPClientLowLevel(void)	_._20cRZFTPClientLowLevel	sc3u_demo.x86	vtable:__vt_20cRZFTPClientLowLevel
0bb984	cRZFTPClientLowLevel::DoMessage(cGZMessage &)	DoMessage__20cRZFTPClientLowLevelR10cGZMessage	sc3u_demo.x86	vtable:__vt_20cRZFTPClientLowLevel
0bb989	cRZFTPClientLowLevel::AddRef(void)	AddRef__20cRZFTPClientLowLevel	sc3u_demo.x86	vtable:__vt_20cRZFTPClientLowLevel
0bb990	cRZFTPClientLowLevel::Release(void)	Release__20cRZFTPClientLowLevel	sc3u_demo.x86	vtable:__vt_20cRZFTPClientLowLevel
0bb9ab	cRZFTPClientLowLevel::QueryInterface(unsigned int, void **)	QueryInterface__20cRZFTPClientLowLevelUiPPv	sc3u_demo.x86	vtable:__vt_20cRZFTPClientLowLevel
0bbd7a	cRZFTPClientLowLevel::FTPSendFile(cRZString const &, cRZString const *)	FTPSendFile__20cRZFTPClientLowLevelRC9cRZStringPC9cRZString	sc3u_demo.x86	tokens:46.8
0bc4c2	cRZFTPClientLowLevel::FTPRetrieveFile(cRZString const &, cRZString const *)	FTPRetrieveFile__20cRZFTPClientLowLevelRC9cRZStringPC9cRZString	sc3u_demo.x86	tokens:46.1
0bcb36	cRZFTPClientLowLevel::FTPGetDirectoryListing(cRZString const &, list<FTPDirEntry, allocator<FTPDirEntry> > *)	FTPGetDirectoryListing__20cRZFTPClientLowLevelRC9cRZStringPt4list2Z11FTPDirEntryZt9allocator1Z11FTPDirEntry	sc3u_demo.x86	tokens:37.8
0bd054	cRZFTPClientLowLevel::FTPGetCurrentDirectory(cRZString *)	FTPGetCurrentDirectory__20cRZFTPClientLowLevelP9cRZString	sc3u_demo.x86	tokens:19.4
0bd2cf	cRZFTPClientLowLevel::FTPSetCurrentDirectory(cRZString const &)	FTPSetCurrentDirectory__20cRZFTPClientLowLevelRC9cRZString	sc3u_demo.x86	tokens:19.4
0bd491	cRZFTPClientLowLevel::FTPChangeToParentDirectory(void)	FTPChangeToParentDirectory__20cRZFTPClientLowLevel	sc3u_demo.x86	tokens:19.4
0bd5f6	cRZFTPClientLowLevel::FTPCreateDirectory(cRZString const &)	FTPCreateDirectory__20cRZFTPClientLowLevelRC9cRZString	sc3u_demo.x86	tokens:19.4
0bd7b8	cRZFTPClientLowLevel::FTPDeleteDirectory(cRZString const &)	FTPDeleteDirectory__20cRZFTPClientLowLevelRC9cRZString	sc3u_demo.x86	tokens:19.4
0bd97a	cRZFTPClientLowLevel::FTPDeleteFile(cRZString const &)	FTPDeleteFile__20cRZFTPClientLowLevelRC9cRZString	sc3u_demo.x86	tokens:19.4
0bdb11	cRZFTPClientLowLevel::FTPRenameFile(cRZString const &, cRZString const &)	FTPRenameFile__20cRZFTPClientLowLevelRC9cRZStringT1	sc3u_demo.x86	tokens:29.1
0bdde7	cRZFTPClientLowLevel::OpenConnection(void)	OpenConnection__20cRZFTPClientLowLevel	sc3u_demo.x86	tokens:47.2
0be237	cRZFTPClientLowLevel::CloseConnectionInternal(bool)	CloseConnectionInternal__20cRZFTPClientLowLevelb	sc3u_demo.x86	tokens:18.7
0be74c	cRZFTPClientLowLevel::ShutdownDataSocket(void)	ShutdownDataSocket__20cRZFTPClientLowLevel	sc3u_demo.x86	callee
0bf608	cRZFTPClientLowLevel::SetServerTypeFromSYSTResponse(cRZString const &)	SetServerTypeFromSYSTResponse__20cRZFTPClientLowLevelRC9cRZString	sc3u_demo.x86	tokens:47.9
0bf7bb	cRZFTPClient::~cRZFTPClient(void)	_._12cRZFTPClient	sc3u_demo.x86	vtable:__vt_12cRZFTPClient
0bf87d	cRZFTPClient::AddRef(void)	AddRef__12cRZFTPClient	sc3u_demo.x86	vtable:__vt_12cRZFTPClient
0bf884	cRZFTPClient::Release(void)	Release__12cRZFTPClient	sc3u_demo.x86	vtable:__vt_12cRZFTPClient
0bf89f	cRZFTPClient::QueryInterface(unsigned int, void **)	QueryInterface__12cRZFTPClientUiPPv	sc3u_demo.x86	vtable:__vt_12cRZFTPClient
0bf930	cRZFTPClient::DoMessage(cGZMessage &)	DoMessage__12cRZFTPClientR10cGZMessage	sc3u_demo.x86	tokens:18.0
0bfe89	cRZFTPClient::WorkerThreadFunction(cRZFTPClient::WorkerThreadInfo *)	WorkerThreadFunction__12cRZFTPClientPQ212cRZFTPClient16WorkerThreadInfo	sc3u_demo.x86	caller
