addr	mangled	demangled
0003dcbc	_init	_init
0003fa74	RZGetCOMDllDirector_SimAdv__Fv	RZGetCOMDllDirector_SimAdv(void)
00041878	__15cSC3AdviceQueueP16cISC3BaseAdvisorUc	cSC3AdviceQueue::cSC3AdviceQueue(cISC3BaseAdvisor *, unsigned char)
00041a80	_._15cSC3AdviceQueue	cSC3AdviceQueue::~cSC3AdviceQueue(void)
00041b3c	RegisterAdviceWithQueue__15cSC3AdviceQueueP15AdviceStringSet	cSC3AdviceQueue::RegisterAdviceWithQueue(AdviceStringSet *)
00041dc8	SetStringToken__15cSC3AdviceQueueUiR19cSC3StringTokenData	cSC3AdviceQueue::SetStringToken(unsigned int, cSC3StringTokenData &)
00042050	CheckQueForString__15cSC3AdviceQueueUi	cSC3AdviceQueue::CheckQueForString(unsigned int)
00042148	UpdateString__15cSC3AdviceQueueUi	cSC3AdviceQueue::UpdateString(unsigned int)
00042274	RemoveAdviceFromQueue__15cSC3AdviceQueueUi	cSC3AdviceQueue::RemoveAdviceFromQueue(unsigned int)
000423e4	ClearMessageGroup__15cSC3AdviceQueueUi	cSC3AdviceQueue::ClearMessageGroup(unsigned int)
00042554	CleanAdviceQueue__15cSC3AdviceQueue	cSC3AdviceQueue::CleanAdviceQueue(void)
00042688	SetAdviceSeen__15cSC3AdviceQueueUi	cSC3AdviceQueue::SetAdviceSeen(unsigned int)
000427b0	GetAverageMood__15cSC3AdviceQueue	cSC3AdviceQueue::GetAverageMood(void)
00042838	GetHeaders__15cSC3AdviceQueueRUiPP24cISC3AdvisorHeaderRecord	cSC3AdviceQueue::GetHeaders(unsigned int &, cISC3AdvisorHeaderRecord **)
00042cc4	GetMessageFromID__15cSC3AdviceQueueUiR10cIGZString	cSC3AdviceQueue::GetMessageFromID(unsigned int, cIGZString &)
00043080	GetTitleFromID__15cSC3AdviceQueueUiR10cIGZString	cSC3AdviceQueue::GetTitleFromID(unsigned int, cIGZString &)
000433f0	GetStructureFromID__15cSC3AdviceQueueUiPP25cISC3AdvisorMessageRecord	cSC3AdviceQueue::GetStructureFromID(unsigned int, cISC3AdvisorMessageRecord **)
00043a74	GetOutdatedAdviceResponse__15cSC3AdviceQueuePP25cISC3AdvisorMessageRecord	cSC3AdviceQueue::GetOutdatedAdviceResponse(cISC3AdvisorMessageRecord **)
00043f90	GetStructureFromGroup__15cSC3AdviceQueueUiPP25cISC3AdvisorMessageRecord	cSC3AdviceQueue::GetStructureFromGroup(unsigned int, cISC3AdvisorMessageRecord **)
00044614	ClearCurrentFlags__15cSC3AdviceQueue	cSC3AdviceQueue::ClearCurrentFlags(void)
000446f0	DoHousekeeping__15cSC3AdviceQueue	cSC3AdviceQueue::DoHousekeeping(void)
00044994	SendMessageToTextTicker__15cSC3AdviceQueueUi	cSC3AdviceQueue::SendMessageToTextTicker(unsigned int)
00044bf0	ReplaceMessageInTextTicker__15cSC3AdviceQueueUi	cSC3AdviceQueue::ReplaceMessageInTextTicker(unsigned int)
00044f84	SerialWrite__15cSC3AdviceQueueP9cISC3CityR18cIGZDBSerialRecord	cSC3AdviceQueue::SerialWrite(cISC3City *, cIGZDBSerialRecord &)
00045070	SerialRead__15cSC3AdviceQueueP9cISC3CityUiR18cIGZDBSerialRecord	cSC3AdviceQueue::SerialRead(cISC3City *, unsigned int, cIGZDBSerialRecord &)
00045220	__15AdviceStringSet	AdviceStringSet::AdviceStringSet(void)
00045350	SerialWrite__15AdviceStringSetP9cISC3CityR18cIGZDBSerialRecord	AdviceStringSet::SerialWrite(cISC3City *, cIGZDBSerialRecord &)
00045534	SerialRead__15AdviceStringSetP9cISC3CityUiUiR18cIGZDBSerialRecord	AdviceStringSet::SerialRead(cISC3City *, unsigned int, unsigned int, cIGZDBSerialRecord &)
00045a40	Clear__15cSC3AdviceQueue	cSC3AdviceQueue::Clear(void)
00045a48	GetQueueSize__15cSC3AdviceQueue	cSC3AdviceQueue::GetQueueSize(void)
00045a74	GetSaveVersion__C15cSC3AdviceQueue	cSC3AdviceQueue::GetSaveVersion(void) const
00045a84	lock__15cSC3AdviceQueue	cSC3AdviceQueue::lock(void)
00045ab4	unlock__15cSC3AdviceQueue	cSC3AdviceQueue::unlock(void)
00045ae0	SetAdviceType__15cSC3AdviceQueueUc	cSC3AdviceQueue::SetAdviceType(unsigned char)
00045b40	RemoveMessageFromTextTicker__15cSC3AdviceQueueUi	cSC3AdviceQueue::RemoveMessageFromTextTicker(unsigned int)
00045b90	DeletePointers__15cSC3AdviceQueueP15AdviceStringSet	cSC3AdviceQueue::DeletePointers(AdviceStringSet *)
00045bbc	GetSaveVersion__15AdviceStringSet	AdviceStringSet::GetSaveVersion(void)
00045bd4	__20cSC3AdvisorForBudget	cSC3AdvisorForBudget::cSC3AdvisorForBudget(void)
000469b4	_._20cSC3AdvisorForBudget	cSC3AdvisorForBudget::~cSC3AdvisorForBudget(void)
00046a74	Init__20cSC3AdvisorForBudgetP9cISC3City	cSC3AdvisorForBudget::Init(cISC3City *)
00046f34	Shutdown__20cSC3AdvisorForBudget	cSC3AdvisorForBudget::Shutdown(void)
000472b4	LoadAdvisorINI__20cSC3AdvisorForBudget	cSC3AdvisorForBudget::LoadAdvisorINI(void)
000497b8	RegisterBusinessDeal__20cSC3AdvisorForBudgetRC9cRZStringT1	cSC3AdvisorForBudget::RegisterBusinessDeal(cRZString const &, cRZString const &)
0004a3a4	GetSimulationData__20cSC3AdvisorForBudget	cSC3AdvisorForBudget::GetSimulationData(void)
0004a634	CheckOnAdvice__20cSC3AdvisorForBudget	cSC3AdvisorForBudget::CheckOnAdvice(void)
0004acac	CheckForPetitioners__20cSC3AdvisorForBudget	cSC3AdvisorForBudget::CheckForPetitioners(void)
0004be04	OfferBusinessDeal__20cSC3AdvisorForBudgetUi	cSC3AdvisorForBudget::OfferBusinessDeal(unsigned int)
0004c438	IsBusinessDealActive__20cSC3AdvisorForBudgetUi	cSC3AdvisorForBudget::IsBusinessDealActive(unsigned int)
0004c4c0	SetDealEnabled__20cSC3AdvisorForBudgetUib	cSC3AdvisorForBudget::SetDealEnabled(unsigned int, bool)
0004c540	PetitionerCallback__20cSC3AdvisorForBudgetUiUi	cSC3AdvisorForBudget::PetitionerCallback(unsigned int, unsigned int)
0004c6c4	BusinessDealAvailableOrMade__20cSC3AdvisorForBudgetUi	cSC3AdvisorForBudget::BusinessDealAvailableOrMade(unsigned int)
0004c760	ActivateBusinessDeal__20cSC3AdvisorForBudgetUiP13cISC3Building	cSC3AdvisorForBudget::ActivateBusinessDeal(unsigned int, cISC3Building *)
0004c81c	RemoveBusinessDeal__20cSC3AdvisorForBudgetUi	cSC3AdvisorForBudget::RemoveBusinessDeal(unsigned int)
0004c8a8	RemoveBusinessDealBuildingFromCity__20cSC3AdvisorForBudgetUi	cSC3AdvisorForBudget::RemoveBusinessDealBuildingFromCity(unsigned int)
0004c9b4	DoMessage__20cSC3AdvisorForBudgetR10cGZMessage	cSC3AdvisorForBudget::DoMessage(cGZMessage &)
0004cc40	GetTotalMonthlyBusinessDealIncome__20cSC3AdvisorForBudget	cSC3AdvisorForBudget::GetTotalMonthlyBusinessDealIncome(void)
0004cd38	GetBusinessDealIncomeForBuildingType__20cSC3AdvisorForBudgetUi	cSC3AdvisorForBudget::GetBusinessDealIncomeForBuildingType(unsigned int)
0004cdb8	LoadBusinessDeals__20cSC3AdvisorForBudgetP12cISC3Catalog	cSC3AdvisorForBudget::LoadBusinessDeals(cISC3Catalog *)
0004cf1c	SetNameString__22cSC3BusinessDealRecordR10cIGZString	cSC3BusinessDealRecord::SetNameString(cIGZString &)
0004d154	__22cSC3BusinessDealRecord	cSC3BusinessDealRecord::cSC3BusinessDealRecord(void)
0004d20c	_._22cSC3BusinessDealRecord	cSC3BusinessDealRecord::~cSC3BusinessDealRecord(void)
0004d30c	Enabled__22cSC3BusinessDealRecord	cSC3BusinessDealRecord::Enabled(void)
0004d31c	GetAdvisorID__20cSC3AdvisorForBudget	cSC3AdvisorForBudget::GetAdvisorID(void)
0004d32c	AddRef__20cSC3AdvisorForBudget	cSC3AdvisorForBudget::AddRef(void)
0004d358	Release__20cSC3AdvisorForBudget	cSC3AdvisorForBudget::Release(void)
0004d384	Simulate__20cSC3AdvisorForBudgeti	cSC3AdvisorForBudget::Simulate(int)
0004d3b4	AgentType__20cSC3AdvisorForBudget	cSC3AdvisorForBudget::AgentType(void)
0004d3e0	SetAgentType__20cSC3AdvisorForBudgetP18cISC3CityAgentType	cSC3AdvisorForBudget::SetAgentType(cISC3CityAgentType *)
0004d40c	IsLockingCity__29cSC3MonthlyBudgetAdvisorManip	cSC3MonthlyBudgetAdvisorManip::IsLockingCity(void)
0004d418	IsLockingCity__28cSC3WeeklyBudgetAdvisorManip	cSC3WeeklyBudgetAdvisorManip::IsLockingCity(void)
0004d424	GetLayerType__20cSC3AdvisorForBudget	cSC3AdvisorForBudget::GetLayerType(void)
0004d434	Init__20cSC3AdvisorForBudgetP9cISC3CityP13cIGZDBSegment	cSC3AdvisorForBudget::Init(cISC3City *, cIGZDBSegment *)
0004d468	Save__20cSC3AdvisorForBudgetP9cISC3CityP13cIGZDBSegment	cSC3AdvisorForBudget::Save(cISC3City *, cIGZDBSegment *)
0004d49c	SimulationBegin__20cSC3AdvisorForBudget	cSC3AdvisorForBudget::SimulationBegin(void)
0004d564	SimulationEnd__20cSC3AdvisorForBudget	cSC3AdvisorForBudget::SimulationEnd(void)
0004d5d0	BusinessDealINIAdd__20cSC3AdvisorForBudgetRC9cRZStringT1Pv	cSC3AdvisorForBudget::BusinessDealINIAdd(cRZString const &, cRZString const &, void *)
0004d604	QueryInterface__20cSC3AdvisorForBudgetUiPPv	cSC3AdvisorForBudget::QueryInterface(unsigned int, void **)
0004d654	LoadHelpAdvice__20cSC3AdvisorForBudget	cSC3AdvisorForBudget::LoadHelpAdvice(void)
0004d708	DoAdvisorSimulation__20cSC3AdvisorForBudget	cSC3AdvisorForBudget::DoAdvisorSimulation(void)
0004d7cc	SetAdvisorSimulation__20cSC3AdvisorForBudget	cSC3AdvisorForBudget::SetAdvisorSimulation(void)
0004d7e4	NoCashPlayerLosesGame__20cSC3AdvisorForBudget	cSC3AdvisorForBudget::NoCashPlayerLosesGame(void)
0004d83c	DoQueryInfo__20cSC3AdvisorForBudgetR10cGZMessageP11cIGZUnknown	cSC3AdvisorForBudget::DoQueryInfo(cGZMessage &, cIGZUnknown *)
0004d8c4	DebugClassTag__20cSC3AdvisorForBudgetR10cIGZString	cSC3AdvisorForBudget::DebugClassTag(cIGZString &)
0004d8d0	DebugTypeTag__20cSC3AdvisorForBudgetR10cIGZString	cSC3AdvisorForBudget::DebugTypeTag(cIGZString &)
0004d8e0	__29cSC3MonthlyBudgetAdvisorManipP20cSC3AdvisorForBudget	cSC3MonthlyBudgetAdvisorManip::cSC3MonthlyBudgetAdvisorManip(cSC3AdvisorForBudget *)
0004d938	Shutdown__29cSC3MonthlyBudgetAdvisorManip	cSC3MonthlyBudgetAdvisorManip::Shutdown(void)
0004d94c	Apply__29cSC3MonthlyBudgetAdvisorManipR14cISC3CityAgent	cSC3MonthlyBudgetAdvisorManip::Apply(cISC3CityAgent &)
0004d968	QueryInterface__29cSC3MonthlyBudgetAdvisorManipUiPPv	cSC3MonthlyBudgetAdvisorManip::QueryInterface(unsigned int, void **)
0004d9c4	AddRef__29cSC3MonthlyBudgetAdvisorManip	cSC3MonthlyBudgetAdvisorManip::AddRef(void)
0004d9f0	Release__29cSC3MonthlyBudgetAdvisorManip	cSC3MonthlyBudgetAdvisorManip::Release(void)
0004da18	DebugInstanceTag__29cSC3MonthlyBudgetAdvisorManipR10cIGZString	cSC3MonthlyBudgetAdvisorManip::DebugInstanceTag(cIGZString &)
0004da24	DebugClassTag__29cSC3MonthlyBudgetAdvisorManipR10cIGZString	cSC3MonthlyBudgetAdvisorManip::DebugClassTag(cIGZString &)
0004da30	DebugTypeTag__29cSC3MonthlyBudgetAdvisorManipR10cIGZString	cSC3MonthlyBudgetAdvisorManip::DebugTypeTag(cIGZString &)
0004da40	__28cSC3WeeklyBudgetAdvisorManipP20cSC3AdvisorForBudget	cSC3WeeklyBudgetAdvisorManip::cSC3WeeklyBudgetAdvisorManip(cSC3AdvisorForBudget *)
0004da98	Shutdown__28cSC3WeeklyBudgetAdvisorManip	cSC3WeeklyBudgetAdvisorManip::Shutdown(void)
0004dab0	Apply__28cSC3WeeklyBudgetAdvisorManipR14cISC3CityAgent	cSC3WeeklyBudgetAdvisorManip::Apply(cISC3CityAgent &)
0004dae4	QueryInterface__28cSC3WeeklyBudgetAdvisorManipUiPPv	cSC3WeeklyBudgetAdvisorManip::QueryInterface(unsigned int, void **)
0004db40	AddRef__28cSC3WeeklyBudgetAdvisorManip	cSC3WeeklyBudgetAdvisorManip::AddRef(void)
0004db6c	Release__28cSC3WeeklyBudgetAdvisorManip	cSC3WeeklyBudgetAdvisorManip::Release(void)
0004db94	DebugInstanceTag__28cSC3WeeklyBudgetAdvisorManipR10cIGZString	cSC3WeeklyBudgetAdvisorManip::DebugInstanceTag(cIGZString &)
0004dba0	DebugClassTag__28cSC3WeeklyBudgetAdvisorManipR10cIGZString	cSC3WeeklyBudgetAdvisorManip::DebugClassTag(cIGZString &)
0004dbac	DebugTypeTag__28cSC3WeeklyBudgetAdvisorManipR10cIGZString	cSC3WeeklyBudgetAdvisorManip::DebugTypeTag(cIGZString &)
0004dbbc	QueryInterface__22cSC3BusinessDealRecordUiPPv	cSC3BusinessDealRecord::QueryInterface(unsigned int, void **)
0004dc10	AddRef__22cSC3BusinessDealRecord	cSC3BusinessDealRecord::AddRef(void)
0004dc2c	Release__22cSC3BusinessDealRecord	cSC3BusinessDealRecord::Release(void)
0004dc6c	DealID__22cSC3BusinessDealRecord	cSC3BusinessDealRecord::DealID(void)
0004dc7c	BuildingID__22cSC3BusinessDealRecord	cSC3BusinessDealRecord::BuildingID(void)
0004dc8c	DateAvailable__22cSC3BusinessDealRecord	cSC3BusinessDealRecord::DateAvailable(void)
0004dc9c	Contribution__22cSC3BusinessDealRecord	cSC3BusinessDealRecord::Contribution(void)
0004dcac	InUse__22cSC3BusinessDealRecord	cSC3BusinessDealRecord::InUse(void)
0004dcbc	GetNameString__22cSC3BusinessDealRecord	cSC3BusinessDealRecord::GetNameString(void)
0004dccc	GetBuilding__22cSC3BusinessDealRecord	cSC3BusinessDealRecord::GetBuilding(void)
0004dce0	SetBuilding__22cSC3BusinessDealRecordP25cISC3BusinessDealBuilding	cSC3BusinessDealRecord::SetBuilding(cISC3BusinessDealBuilding *)
0004dd64	__26cSC3AdvisorForCityPlanning	cSC3AdvisorForCityPlanning::cSC3AdvisorForCityPlanning(void)
0004efa8	Init__26cSC3AdvisorForCityPlanningP9cISC3City	cSC3AdvisorForCityPlanning::Init(cISC3City *)
0004f874	Init__26cSC3AdvisorForCityPlanningP9cISC3CityP13cIGZDBSegment	cSC3AdvisorForCityPlanning::Init(cISC3City *, cIGZDBSegment *)
0004fb84	Save__26cSC3AdvisorForCityPlanningP9cISC3CityP13cIGZDBSegment	cSC3AdvisorForCityPlanning::Save(cISC3City *, cIGZDBSegment *)
0004ff98	SimulationBegin__26cSC3AdvisorForCityPlanning	cSC3AdvisorForCityPlanning::SimulationBegin(void)
000500b8	Shutdown__26cSC3AdvisorForCityPlanning	cSC3AdvisorForCityPlanning::Shutdown(void)
000509e8	LoadAdvisorINI__26cSC3AdvisorForCityPlanning	cSC3AdvisorForCityPlanning::LoadAdvisorINI(void)
00059778	RegisterBuildingAdded__26cSC3AdvisorForCityPlanningQ226cSC3AdvisorForCityPlanning13BUILDING_TYPERC9cRZStringT2	cSC3AdvisorForCityPlanning::RegisterBuildingAdded(cSC3AdvisorForCityPlanning::BUILDING_TYPE, cRZString const &, cRZString const &)
0005ad98	AddLandmarkBuildings__26cSC3AdvisorForCityPlanning	cSC3AdvisorForCityPlanning::AddLandmarkBuildings(void)
0005bb08	ClearLandmarkBuildingList__26cSC3AdvisorForCityPlanning	cSC3AdvisorForCityPlanning::ClearLandmarkBuildingList(void)
0005bbf4	LoadHelpAdvice__26cSC3AdvisorForCityPlanning	cSC3AdvisorForCityPlanning::LoadHelpAdvice(void)
0005bd84	GetSimulationData__26cSC3AdvisorForCityPlanning	cSC3AdvisorForCityPlanning::GetSimulationData(void)
0005ca44	CheckOnAdvice__26cSC3AdvisorForCityPlanning	cSC3AdvisorForCityPlanning::CheckOnAdvice(void)
0005cf74	CheckForRewardBuildings__26cSC3AdvisorForCityPlanning	cSC3AdvisorForCityPlanning::CheckForRewardBuildings(void)
0005d7f4	CheckForPetitioners__26cSC3AdvisorForCityPlanning	cSC3AdvisorForCityPlanning::CheckForPetitioners(void)
0005db94	PetitionerCallback__26cSC3AdvisorForCityPlanningUiUi	cSC3AdvisorForCityPlanning::PetitionerCallback(unsigned int, unsigned int)
0005dea0	AddBusinessDealBuildingToRewardList__26cSC3AdvisorForCityPlanningUi	cSC3AdvisorForCityPlanning::AddBusinessDealBuildingToRewardList(unsigned int)
0005dfb0	IsBusinessDealBuildingInRewardList__26cSC3AdvisorForCityPlanningUi	cSC3AdvisorForCityPlanning::IsBusinessDealBuildingInRewardList(unsigned int)
0005e0e0	RemoveBusinessDealBuildingFromRewardList__26cSC3AdvisorForCityPlanningUi	cSC3AdvisorForCityPlanning::RemoveBusinessDealBuildingFromRewardList(unsigned int)
0005e1f0	DoMessage__26cSC3AdvisorForCityPlanningR10cGZMessage	cSC3AdvisorForCityPlanning::DoMessage(cGZMessage &)
0005e6a8	LoadLandmarkBuildingList__26cSC3AdvisorForCityPlanningP12cISC3Catalog	cSC3AdvisorForCityPlanning::LoadLandmarkBuildingList(cISC3Catalog *)
0005e87c	LoadRewardBuildingList__26cSC3AdvisorForCityPlanningP12cISC3Catalog	cSC3AdvisorForCityPlanning::LoadRewardBuildingList(cISC3Catalog *)
0005eb00	OccupantInserted__26cSC3AdvisorForCityPlanningP13cISC3Occupant	cSC3AdvisorForCityPlanning::OccupantInserted(cISC3Occupant *)
0005ed50	OccupantRemoved__26cSC3AdvisorForCityPlanningP13cISC3Occupant	cSC3AdvisorForCityPlanning::OccupantRemoved(cISC3Occupant *)
0005ef50	SetCostString__25cSC3SpecialBuildingRecordR10cIGZString	cSC3SpecialBuildingRecord::SetCostString(cIGZString &)
0005f184	SetRatingString__25cSC3SpecialBuildingRecordR10cIGZString	cSC3SpecialBuildingRecord::SetRatingString(cIGZString &)
0005f3c0	GetNameString__25cSC3SpecialBuildingRecord	cSC3SpecialBuildingRecord::GetNameString(void)
0005f594	SetDescriptionString__25cSC3SpecialBuildingRecordR10cIGZString	cSC3SpecialBuildingRecord::SetDescriptionString(cIGZString &)
0005f7d0	__25cSC3SpecialBuildingRecord	cSC3SpecialBuildingRecord::cSC3SpecialBuildingRecord(void)
0005fa84	_._25cSC3SpecialBuildingRecord	cSC3SpecialBuildingRecord::~cSC3SpecialBuildingRecord(void)
0005fc84	SetCastleCheatActive__26cSC3AdvisorForCityPlanning	cSC3AdvisorForCityPlanning::SetCastleCheatActive(void)
0005fc9c	Simulate__26cSC3AdvisorForCityPlanningi	cSC3AdvisorForCityPlanning::Simulate(int)
0005fccc	AgentType__26cSC3AdvisorForCityPlanning	cSC3AdvisorForCityPlanning::AgentType(void)
0005fcf8	SetAgentType__26cSC3AdvisorForCityPlanningP18cISC3CityAgentType	cSC3AdvisorForCityPlanning::SetAgentType(cISC3CityAgentType *)
0005fd24	GetOccAttribKey__25cSC3SpecialBuildingRecord	cSC3SpecialBuildingRecord::GetOccAttribKey(void)
0005fd34	IsLockingCity__35cSC3MonthlyCityPlanningAdvisorManip	cSC3MonthlyCityPlanningAdvisorManip::IsLockingCity(void)
0005fd40	IsLockingCity__34cSC3WeeklyCityPlanningAdvisorManip	cSC3WeeklyCityPlanningAdvisorManip::IsLockingCity(void)
0005fd50	_._26cSC3AdvisorForCityPlanning	cSC3AdvisorForCityPlanning::~cSC3AdvisorForCityPlanning(void)
0005fe00	RewardsLock__26cSC3AdvisorForCityPlanning	cSC3AdvisorForCityPlanning::RewardsLock(void)
0005fe34	RewardsUnlock__26cSC3AdvisorForCityPlanning	cSC3AdvisorForCityPlanning::RewardsUnlock(void)
0005fe64	AsISC3CityAgent__26cSC3AdvisorForCityPlanning	cSC3AdvisorForCityPlanning::AsISC3CityAgent(void)
0005fe74	AsISC3BaseAdvisor__26cSC3AdvisorForCityPlanning	cSC3AdvisorForCityPlanning::AsISC3BaseAdvisor(void)
0005fe84	GetAdvisorID__26cSC3AdvisorForCityPlanning	cSC3AdvisorForCityPlanning::GetAdvisorID(void)
0005fe90	GetLayerType__26cSC3AdvisorForCityPlanning	cSC3AdvisorForCityPlanning::GetLayerType(void)
0005fea0	SimulationEnd__26cSC3AdvisorForCityPlanning	cSC3AdvisorForCityPlanning::SimulationEnd(void)
0005ff3c	RewardBuildingAdd__26cSC3AdvisorForCityPlanningRC9cRZStringT1Pv	cSC3AdvisorForCityPlanning::RewardBuildingAdd(cRZString const &, cRZString const &, void *)
0005ff6c	BusinessDealBuildingAdd__26cSC3AdvisorForCityPlanningRC9cRZStringT1Pv	cSC3AdvisorForCityPlanning::BusinessDealBuildingAdd(cRZString const &, cRZString const &, void *)
0005ff9c	QueryInterface__26cSC3AdvisorForCityPlanningUiPPv	cSC3AdvisorForCityPlanning::QueryInterface(unsigned int, void **)
0005ffec	AddRef__26cSC3AdvisorForCityPlanning	cSC3AdvisorForCityPlanning::AddRef(void)
00060018	Release__26cSC3AdvisorForCityPlanning	cSC3AdvisorForCityPlanning::Release(void)
00060044	DoAdvisorSimulation__26cSC3AdvisorForCityPlanning	cSC3AdvisorForCityPlanning::DoAdvisorSimulation(void)
00060114	SetAdvisorSimulation__26cSC3AdvisorForCityPlanning	cSC3AdvisorForCityPlanning::SetAdvisorSimulation(void)
0006012c	GetResidentialZoneFailure__26cSC3AdvisorForCityPlanningQ214cISC3ZoneLayer10tDevResult	cSC3AdvisorForCityPlanning::GetResidentialZoneFailure(cISC3ZoneLayer::tDevResult)
000601b0	GetCommercialZoneFailure__26cSC3AdvisorForCityPlanningQ214cISC3ZoneLayer10tDevResult	cSC3AdvisorForCityPlanning::GetCommercialZoneFailure(cISC3ZoneLayer::tDevResult)
00060234	GetIndustrialZoneFailure__26cSC3AdvisorForCityPlanningQ214cISC3ZoneLayer10tDevResult	cSC3AdvisorForCityPlanning::GetIndustrialZoneFailure(cISC3ZoneLayer::tDevResult)
000602b8	DoQueryInfo__26cSC3AdvisorForCityPlanningR10cGZMessageP11cIGZUnknown	cSC3AdvisorForCityPlanning::DoQueryInfo(cGZMessage &, cIGZUnknown *)
00060368	DebugClassTag__26cSC3AdvisorForCityPlanningR10cIGZString	cSC3AdvisorForCityPlanning::DebugClassTag(cIGZString &)
00060374	DebugTypeTag__26cSC3AdvisorForCityPlanningR10cIGZString	cSC3AdvisorForCityPlanning::DebugTypeTag(cIGZString &)
00060384	__35cSC3MonthlyCityPlanningAdvisorManipP26cSC3AdvisorForCityPlanning	cSC3MonthlyCityPlanningAdvisorManip::cSC3MonthlyCityPlanningAdvisorManip(cSC3AdvisorForCityPlanning *)
000603dc	Shutdown__35cSC3MonthlyCityPlanningAdvisorManip	cSC3MonthlyCityPlanningAdvisorManip::Shutdown(void)
000603f0	Apply__35cSC3MonthlyCityPlanningAdvisorManipR14cISC3CityAgent	cSC3MonthlyCityPlanningAdvisorManip::Apply(cISC3CityAgent &)
0006040c	QueryInterface__35cSC3MonthlyCityPlanningAdvisorManipUiPPv	cSC3MonthlyCityPlanningAdvisorManip::QueryInterface(unsigned int, void **)
00060464	AddRef__35cSC3MonthlyCityPlanningAdvisorManip	cSC3MonthlyCityPlanningAdvisorManip::AddRef(void)
00060490	Release__35cSC3MonthlyCityPlanningAdvisorManip	cSC3MonthlyCityPlanningAdvisorManip::Release(void)
000604b8	DebugInstanceTag__35cSC3MonthlyCityPlanningAdvisorManipR10cIGZString	cSC3MonthlyCityPlanningAdvisorManip::DebugInstanceTag(cIGZString &)
000604c4	DebugClassTag__35cSC3MonthlyCityPlanningAdvisorManipR10cIGZString	cSC3MonthlyCityPlanningAdvisorManip::DebugClassTag(cIGZString &)
000604d0	DebugTypeTag__35cSC3MonthlyCityPlanningAdvisorManipR10cIGZString	cSC3MonthlyCityPlanningAdvisorManip::DebugTypeTag(cIGZString &)
000604e0	__34cSC3WeeklyCityPlanningAdvisorManipP26cSC3AdvisorForCityPlanning	cSC3WeeklyCityPlanningAdvisorManip::cSC3WeeklyCityPlanningAdvisorManip(cSC3AdvisorForCityPlanning *)
00060538	Shutdown__34cSC3WeeklyCityPlanningAdvisorManip	cSC3WeeklyCityPlanningAdvisorManip::Shutdown(void)
00060550	Apply__34cSC3WeeklyCityPlanningAdvisorManipR14cISC3CityAgent	cSC3WeeklyCityPlanningAdvisorManip::Apply(cISC3CityAgent &)
00060584	QueryInterface__34cSC3WeeklyCityPlanningAdvisorManipUiPPv	cSC3WeeklyCityPlanningAdvisorManip::QueryInterface(unsigned int, void **)
000605e0	AddRef__34cSC3WeeklyCityPlanningAdvisorManip	cSC3WeeklyCityPlanningAdvisorManip::AddRef(void)
0006060c	Release__34cSC3WeeklyCityPlanningAdvisorManip	cSC3WeeklyCityPlanningAdvisorManip::Release(void)
00060638	QueryInterface__25cSC3SpecialBuildingRecordUiPPv	cSC3SpecialBuildingRecord::QueryInterface(unsigned int, void **)
0006068c	AddRef__25cSC3SpecialBuildingRecord	cSC3SpecialBuildingRecord::AddRef(void)
000606a8	Release__25cSC3SpecialBuildingRecord	cSC3SpecialBuildingRecord::Release(void)
000606ec	GetCostString__25cSC3SpecialBuildingRecord	cSC3SpecialBuildingRecord::GetCostString(void)
000606fc	GetRatingString__25cSC3SpecialBuildingRecord	cSC3SpecialBuildingRecord::GetRatingString(void)
0006070c	GetDescriptionString__25cSC3SpecialBuildingRecord	cSC3SpecialBuildingRecord::GetDescriptionString(void)
0006071c	SetOccAttribKey__25cSC3SpecialBuildingRecordRC14cGZResourceKey	cSC3SpecialBuildingRecord::SetOccAttribKey(cGZResourceKey const &)
00060744	GetOccupantAttrib__25cSC3SpecialBuildingRecord	cSC3SpecialBuildingRecord::GetOccupantAttrib(void)
0006079c	PopAvailable__25cSC3SpecialBuildingRecord	cSC3SpecialBuildingRecord::PopAvailable(void)
000607ac	YearAvailable__25cSC3SpecialBuildingRecord	cSC3SpecialBuildingRecord::YearAvailable(void)
000607bc	PetitionerStringID__25cSC3SpecialBuildingRecord	cSC3SpecialBuildingRecord::PetitionerStringID(void)
000607cc	Available__25cSC3SpecialBuildingRecord	cSC3SpecialBuildingRecord::Available(void)
000607dc	Built__25cSC3SpecialBuildingRecord	cSC3SpecialBuildingRecord::Built(void)
000607ec	SpecialCase__25cSC3SpecialBuildingRecord	cSC3SpecialBuildingRecord::SpecialCase(void)
000607fc	RecordType__25cSC3SpecialBuildingRecord	cSC3SpecialBuildingRecord::RecordType(void)
0006080c	DebugInstanceTag__34cSC3WeeklyCityPlanningAdvisorManipR10cIGZString	cSC3WeeklyCityPlanningAdvisorManip::DebugInstanceTag(cIGZString &)
00060818	DebugClassTag__34cSC3WeeklyCityPlanningAdvisorManipR10cIGZString	cSC3WeeklyCityPlanningAdvisorManip::DebugClassTag(cIGZString &)
00060824	DebugTypeTag__34cSC3WeeklyCityPlanningAdvisorManipR10cIGZString	cSC3WeeklyCityPlanningAdvisorManip::DebugTypeTag(cIGZString &)
00060864	__23cSC3EducationDeptBudgetUiG9cRZString	cSC3EducationDeptBudget::cSC3EducationDeptBudget(unsigned int, cRZString)
00060c24	__20cSC3HealthDeptBudgetUiG9cRZString	cSC3HealthDeptBudget::cSC3HealthDeptBudget(unsigned int, cRZString)
00060fe4	__26cSC3AdvisorForDemographics	cSC3AdvisorForDemographics::cSC3AdvisorForDemographics(void)
00061d98	Init__26cSC3AdvisorForDemographicsP9cISC3City	cSC3AdvisorForDemographics::Init(cISC3City *)
000623a4	Shutdown__26cSC3AdvisorForDemographics	cSC3AdvisorForDemographics::Shutdown(void)
000625d4	LoadAdvisorINI__26cSC3AdvisorForDemographics	cSC3AdvisorForDemographics::LoadAdvisorINI(void)
0006b2cc	GetSimulationData__26cSC3AdvisorForDemographics	cSC3AdvisorForDemographics::GetSimulationData(void)
0006b628	CheckOnAdvice__26cSC3AdvisorForDemographics	cSC3AdvisorForDemographics::CheckOnAdvice(void)
0006bb9c	CheckForPetitioners__26cSC3AdvisorForDemographics	cSC3AdvisorForDemographics::CheckForPetitioners(void)
0006bfc8	DoMessage__26cSC3AdvisorForDemographicsR10cGZMessage	cSC3AdvisorForDemographics::DoMessage(cGZMessage &)
0006c2ac	GetAdvisorID__26cSC3AdvisorForDemographics	cSC3AdvisorForDemographics::GetAdvisorID(void)
0006c2bc	AddRef__26cSC3AdvisorForDemographics	cSC3AdvisorForDemographics::AddRef(void)
0006c2e8	Release__26cSC3AdvisorForDemographics	cSC3AdvisorForDemographics::Release(void)
0006c314	Simulate__26cSC3AdvisorForDemographicsi	cSC3AdvisorForDemographics::Simulate(int)
0006c344	AgentType__26cSC3AdvisorForDemographics	cSC3AdvisorForDemographics::AgentType(void)
0006c370	SetAgentType__26cSC3AdvisorForDemographicsP18cISC3CityAgentType	cSC3AdvisorForDemographics::SetAgentType(cISC3CityAgentType *)
0006c39c	IsLockingCity__35cSC3MonthlyDemographicsAdvisorManip	cSC3MonthlyDemographicsAdvisorManip::IsLockingCity(void)
0006c3a8	IsLockingCity__34cSC3WeeklyDemographicsAdvisorManip	cSC3WeeklyDemographicsAdvisorManip::IsLockingCity(void)
0006c3b8	AddRef__23cSC3EducationDeptBudget	cSC3EducationDeptBudget::AddRef(void)
0006c3e4	Release__23cSC3EducationDeptBudget	cSC3EducationDeptBudget::Release(void)
0006c410	_._23cSC3EducationDeptBudget	cSC3EducationDeptBudget::~cSC3EducationDeptBudget(void)
0006c4d8	GetDepartmentID__23cSC3EducationDeptBudget	cSC3EducationDeptBudget::GetDepartmentID(void)
0006c4e8	GetLastYearSurplus__23cSC3EducationDeptBudget	cSC3EducationDeptBudget::GetLastYearSurplus(void)
0006c4f4	GetTotalFundingNeeded__23cSC3EducationDeptBudget	cSC3EducationDeptBudget::GetTotalFundingNeeded(void)
0006c504	GetFundingPercentage__23cSC3EducationDeptBudget	cSC3EducationDeptBudget::GetFundingPercentage(void)
0006c514	GetDepartmentName__23cSC3EducationDeptBudget	cSC3EducationDeptBudget::GetDepartmentName(void)
0006c524	GetAdvisorID__23cSC3EducationDeptBudget	cSC3EducationDeptBudget::GetAdvisorID(void)
0006c530	GetAdvisorGroupID__23cSC3EducationDeptBudget	cSC3EducationDeptBudget::GetAdvisorGroupID(void)
0006c540	SetTotalFundingNeeded__23cSC3EducationDeptBudgetx	cSC3EducationDeptBudget::SetTotalFundingNeeded(long long)
0006c580	SetFundingPercentage__23cSC3EducationDeptBudgetUc	cSC3EducationDeptBudget::SetFundingPercentage(unsigned char)
0006c5d4	AddRef__20cSC3HealthDeptBudget	cSC3HealthDeptBudget::AddRef(void)
0006c600	Release__20cSC3HealthDeptBudget	cSC3HealthDeptBudget::Release(void)
0006c62c	_._20cSC3HealthDeptBudget	cSC3HealthDeptBudget::~cSC3HealthDeptBudget(void)
0006c6f0	GetDepartmentID__20cSC3HealthDeptBudget	cSC3HealthDeptBudget::GetDepartmentID(void)
0006c700	GetLastYearSurplus__20cSC3HealthDeptBudget	cSC3HealthDeptBudget::GetLastYearSurplus(void)
0006c70c	GetTotalFundingNeeded__20cSC3HealthDeptBudget	cSC3HealthDeptBudget::GetTotalFundingNeeded(void)
0006c71c	GetFundingPercentage__20cSC3HealthDeptBudget	cSC3HealthDeptBudget::GetFundingPercentage(void)
0006c72c	GetDepartmentName__20cSC3HealthDeptBudget	cSC3HealthDeptBudget::GetDepartmentName(void)
0006c73c	GetAdvisorID__20cSC3HealthDeptBudget	cSC3HealthDeptBudget::GetAdvisorID(void)
0006c748	GetAdvisorGroupID__20cSC3HealthDeptBudget	cSC3HealthDeptBudget::GetAdvisorGroupID(void)
0006c758	SetTotalFundingNeeded__20cSC3HealthDeptBudgetx	cSC3HealthDeptBudget::SetTotalFundingNeeded(long long)
0006c798	SetFundingPercentage__20cSC3HealthDeptBudgetUc	cSC3HealthDeptBudget::SetFundingPercentage(unsigned char)
0006c7ec	_._26cSC3AdvisorForDemographics	cSC3AdvisorForDemographics::~cSC3AdvisorForDemographics(void)
0006c858	GetLayerType__26cSC3AdvisorForDemographics	cSC3AdvisorForDemographics::GetLayerType(void)
0006c868	Init__26cSC3AdvisorForDemographicsP9cISC3CityP13cIGZDBSegment	cSC3AdvisorForDemographics::Init(cISC3City *, cIGZDBSegment *)
0006c89c	Save__26cSC3AdvisorForDemographicsP9cISC3CityP13cIGZDBSegment	cSC3AdvisorForDemographics::Save(cISC3City *, cIGZDBSegment *)
0006c8d0	SimulationBegin__26cSC3AdvisorForDemographics	cSC3AdvisorForDemographics::SimulationBegin(void)
0006c938	SimulationEnd__26cSC3AdvisorForDemographics	cSC3AdvisorForDemographics::SimulationEnd(void)
0006c9a0	QueryInterface__26cSC3AdvisorForDemographicsUiPPv	cSC3AdvisorForDemographics::QueryInterface(unsigned int, void **)
0006c9f0	LoadHelpAdvice__26cSC3AdvisorForDemographics	cSC3AdvisorForDemographics::LoadHelpAdvice(void)
0006ca74	DoAdvisorSimulation__26cSC3AdvisorForDemographics	cSC3AdvisorForDemographics::DoAdvisorSimulation(void)
0006cb38	SetAdvisorSimulation__26cSC3AdvisorForDemographics	cSC3AdvisorForDemographics::SetAdvisorSimulation(void)
0006cb50	PetitionerCallback__26cSC3AdvisorForDemographicsUiUi	cSC3AdvisorForDemographics::PetitionerCallback(unsigned int, unsigned int)
0006cc0c	DebugClassTag__26cSC3AdvisorForDemographicsR10cIGZString	cSC3AdvisorForDemographics::DebugClassTag(cIGZString &)
0006cc18	DebugTypeTag__26cSC3AdvisorForDemographicsR10cIGZString	cSC3AdvisorForDemographics::DebugTypeTag(cIGZString &)
0006cc28	QueryInterface__20cSC3HealthDeptBudgetUiPPv	cSC3HealthDeptBudget::QueryInterface(unsigned int, void **)
0006cc90	QueryInterface__23cSC3EducationDeptBudgetUiPPv	cSC3EducationDeptBudget::QueryInterface(unsigned int, void **)
0006ccf4	__35cSC3MonthlyDemographicsAdvisorManipP26cSC3AdvisorForDemographics	cSC3MonthlyDemographicsAdvisorManip::cSC3MonthlyDemographicsAdvisorManip(cSC3AdvisorForDemographics *)
0006cd4c	Shutdown__35cSC3MonthlyDemographicsAdvisorManip	cSC3MonthlyDemographicsAdvisorManip::Shutdown(void)
0006cd60	Apply__35cSC3MonthlyDemographicsAdvisorManipR14cISC3CityAgent	cSC3MonthlyDemographicsAdvisorManip::Apply(cISC3CityAgent &)
0006cd7c	QueryInterface__35cSC3MonthlyDemographicsAdvisorManipUiPPv	cSC3MonthlyDemographicsAdvisorManip::QueryInterface(unsigned int, void **)
0006cdd4	AddRef__35cSC3MonthlyDemographicsAdvisorManip	cSC3MonthlyDemographicsAdvisorManip::AddRef(void)
0006ce00	Release__35cSC3MonthlyDemographicsAdvisorManip	cSC3MonthlyDemographicsAdvisorManip::Release(void)
0006ce28	DebugInstanceTag__35cSC3MonthlyDemographicsAdvisorManipR10cIGZString	cSC3MonthlyDemographicsAdvisorManip::DebugInstanceTag(cIGZString &)
0006ce34	DebugClassTag__35cSC3MonthlyDemographicsAdvisorManipR10cIGZString	cSC3MonthlyDemographicsAdvisorManip::DebugClassTag(cIGZString &)
0006ce40	DebugTypeTag__35cSC3MonthlyDemographicsAdvisorManipR10cIGZString	cSC3MonthlyDemographicsAdvisorManip::DebugTypeTag(cIGZString &)
0006ce50	__34cSC3WeeklyDemographicsAdvisorManipP26cSC3AdvisorForDemographics	cSC3WeeklyDemographicsAdvisorManip::cSC3WeeklyDemographicsAdvisorManip(cSC3AdvisorForDemographics *)
0006cea8	Shutdown__34cSC3WeeklyDemographicsAdvisorManip	cSC3WeeklyDemographicsAdvisorManip::Shutdown(void)
0006cec0	Apply__34cSC3WeeklyDemographicsAdvisorManipR14cISC3CityAgent	cSC3WeeklyDemographicsAdvisorManip::Apply(cISC3CityAgent &)
0006cef4	QueryInterface__34cSC3WeeklyDemographicsAdvisorManipUiPPv	cSC3WeeklyDemographicsAdvisorManip::QueryInterface(unsigned int, void **)
0006cf50	AddRef__34cSC3WeeklyDemographicsAdvisorManip	cSC3WeeklyDemographicsAdvisorManip::AddRef(void)
0006cf7c	Release__34cSC3WeeklyDemographicsAdvisorManip	cSC3WeeklyDemographicsAdvisorManip::Release(void)
0006cfa4	DebugInstanceTag__34cSC3WeeklyDemographicsAdvisorManipR10cIGZString	cSC3WeeklyDemographicsAdvisorManip::DebugInstanceTag(cIGZString &)
0006cfb0	DebugClassTag__34cSC3WeeklyDemographicsAdvisorManipR10cIGZString	cSC3WeeklyDemographicsAdvisorManip::DebugClassTag(cIGZString &)
0006cfbc	DebugTypeTag__34cSC3WeeklyDemographicsAdvisorManipR10cIGZString	cSC3WeeklyDemographicsAdvisorManip::DebugTypeTag(cIGZString &)
0006cfd4	__25cSC3AdvisorForEnvironment	cSC3AdvisorForEnvironment::cSC3AdvisorForEnvironment(void)
0006dec8	_._25cSC3AdvisorForEnvironment	cSC3AdvisorForEnvironment::~cSC3AdvisorForEnvironment(void)
0006df88	Init__25cSC3AdvisorForEnvironmentP9cISC3City	cSC3AdvisorForEnvironment::Init(cISC3City *)
0006e5c4	Shutdown__25cSC3AdvisorForEnvironment	cSC3AdvisorForEnvironment::Shutdown(void)
0006e8a8	LoadAdvisorINI__25cSC3AdvisorForEnvironment	cSC3AdvisorForEnvironment::LoadAdvisorINI(void)
0007132c	RegisterBuildingAdded__25cSC3AdvisorForEnvironmentQ225cSC3AdvisorForEnvironment13BUILDING_TYPERC9cRZStringT2	cSC3AdvisorForEnvironment::RegisterBuildingAdded(cSC3AdvisorForEnvironment::BUILDING_TYPE, cRZString const &, cRZString const &)
00072138	GetSimulationData__25cSC3AdvisorForEnvironment	cSC3AdvisorForEnvironment::GetSimulationData(void)
00072588	CheckOnAdvice__25cSC3AdvisorForEnvironment	cSC3AdvisorForEnvironment::CheckOnAdvice(void)
00072e18	CheckInitialBuildingAvailibility__25cSC3AdvisorForEnvironment	cSC3AdvisorForEnvironment::CheckInitialBuildingAvailibility(void)
00072ebc	CheckGarbageBuildingAvailibility__25cSC3AdvisorForEnvironmentUi	cSC3AdvisorForEnvironment::CheckGarbageBuildingAvailibility(unsigned int)
00072f38	CheckForNewBuildings__25cSC3AdvisorForEnvironment	cSC3AdvisorForEnvironment::CheckForNewBuildings(void)
00073040	CheckForPetitioners__25cSC3AdvisorForEnvironment	cSC3AdvisorForEnvironment::CheckForPetitioners(void)
00073550	DoMessage__25cSC3AdvisorForEnvironmentR10cGZMessage	cSC3AdvisorForEnvironment::DoMessage(cGZMessage &)
000738f4	LoadGarbageBuildingWindowList__25cSC3AdvisorForEnvironmentP12cISC3Catalog	cSC3AdvisorForEnvironment::LoadGarbageBuildingWindowList(cISC3Catalog *)
00073ab4	SetCostString__25cSC3GarbageBuildingRecordR10cIGZString	cSC3GarbageBuildingRecord::SetCostString(cIGZString &)
00073cf0	SetRatingString__25cSC3GarbageBuildingRecordR10cIGZString	cSC3GarbageBuildingRecord::SetRatingString(cIGZString &)
00073f24	GetNameString__25cSC3GarbageBuildingRecord	cSC3GarbageBuildingRecord::GetNameString(void)
000740f4	SetDescriptionString__25cSC3GarbageBuildingRecordR10cIGZString	cSC3GarbageBuildingRecord::SetDescriptionString(cIGZString &)
00074330	__25cSC3GarbageBuildingRecord	cSC3GarbageBuildingRecord::cSC3GarbageBuildingRecord(void)
000745c4	_._25cSC3GarbageBuildingRecord	cSC3GarbageBuildingRecord::~cSC3GarbageBuildingRecord(void)
000747c4	GetOccAttribKey__25cSC3GarbageBuildingRecord	cSC3GarbageBuildingRecord::GetOccAttribKey(void)
000747d4	GetAdvisorID__25cSC3AdvisorForEnvironment	cSC3AdvisorForEnvironment::GetAdvisorID(void)
000747e4	AddRef__25cSC3AdvisorForEnvironment	cSC3AdvisorForEnvironment::AddRef(void)
00074810	Release__25cSC3AdvisorForEnvironment	cSC3AdvisorForEnvironment::Release(void)
0007483c	Simulate__25cSC3AdvisorForEnvironmenti	cSC3AdvisorForEnvironment::Simulate(int)
0007486c	AgentType__25cSC3AdvisorForEnvironment	cSC3AdvisorForEnvironment::AgentType(void)
00074898	SetAgentType__25cSC3AdvisorForEnvironmentP18cISC3CityAgentType	cSC3AdvisorForEnvironment::SetAgentType(cISC3CityAgentType *)
000748c4	IsLockingCity__34cSC3MonthlyEnvironmentAdvisorManip	cSC3MonthlyEnvironmentAdvisorManip::IsLockingCity(void)
000748d0	IsLockingCity__33cSC3WeeklyEnvironmentAdvisorManip	cSC3WeeklyEnvironmentAdvisorManip::IsLockingCity(void)
000748dc	GetLayerType__25cSC3AdvisorForEnvironment	cSC3AdvisorForEnvironment::GetLayerType(void)
000748ec	Init__25cSC3AdvisorForEnvironmentP9cISC3CityP13cIGZDBSegment	cSC3AdvisorForEnvironment::Init(cISC3City *, cIGZDBSegment *)
00074920	Save__25cSC3AdvisorForEnvironmentP9cISC3CityP13cIGZDBSegment	cSC3AdvisorForEnvironment::Save(cISC3City *, cIGZDBSegment *)
00074954	SimulationBegin__25cSC3AdvisorForEnvironment	cSC3AdvisorForEnvironment::SimulationBegin(void)
000749cc	SimulationEnd__25cSC3AdvisorForEnvironment	cSC3AdvisorForEnvironment::SimulationEnd(void)
00074a38	GarbageBuildingAdd__25cSC3AdvisorForEnvironmentRC9cRZStringT1Pv	cSC3AdvisorForEnvironment::GarbageBuildingAdd(cRZString const &, cRZString const &, void *)
00074a68	QueryInterface__25cSC3AdvisorForEnvironmentUiPPv	cSC3AdvisorForEnvironment::QueryInterface(unsigned int, void **)
00074abc	LoadHelpAdvice__25cSC3AdvisorForEnvironment	cSC3AdvisorForEnvironment::LoadHelpAdvice(void)
00074b60	DoAdvisorSimulation__25cSC3AdvisorForEnvironment	cSC3AdvisorForEnvironment::DoAdvisorSimulation(void)
00074c30	SetAdvisorSimulation__25cSC3AdvisorForEnvironment	cSC3AdvisorForEnvironment::SetAdvisorSimulation(void)
00074c48	DoQueryInfo__25cSC3AdvisorForEnvironmentR10cGZMessageP11cIGZUnknown	cSC3AdvisorForEnvironment::DoQueryInfo(cGZMessage &, cIGZUnknown *)
00074cd0	DebugClassTag__25cSC3AdvisorForEnvironmentR10cIGZString	cSC3AdvisorForEnvironment::DebugClassTag(cIGZString &)
00074cdc	DebugTypeTag__25cSC3AdvisorForEnvironmentR10cIGZString	cSC3AdvisorForEnvironment::DebugTypeTag(cIGZString &)
00074cec	__34cSC3MonthlyEnvironmentAdvisorManipP25cSC3AdvisorForEnvironment	cSC3MonthlyEnvironmentAdvisorManip::cSC3MonthlyEnvironmentAdvisorManip(cSC3AdvisorForEnvironment *)
00074d44	Shutdown__34cSC3MonthlyEnvironmentAdvisorManip	cSC3MonthlyEnvironmentAdvisorManip::Shutdown(void)
00074d58	Apply__34cSC3MonthlyEnvironmentAdvisorManipR14cISC3CityAgent	cSC3MonthlyEnvironmentAdvisorManip::Apply(cISC3CityAgent &)
00074d74	QueryInterface__34cSC3MonthlyEnvironmentAdvisorManipUiPPv	cSC3MonthlyEnvironmentAdvisorManip::QueryInterface(unsigned int, void **)
00074dd0	AddRef__34cSC3MonthlyEnvironmentAdvisorManip	cSC3MonthlyEnvironmentAdvisorManip::AddRef(void)
00074dfc	Release__34cSC3MonthlyEnvironmentAdvisorManip	cSC3MonthlyEnvironmentAdvisorManip::Release(void)
00074e24	DebugInstanceTag__34cSC3MonthlyEnvironmentAdvisorManipR10cIGZString	cSC3MonthlyEnvironmentAdvisorManip::DebugInstanceTag(cIGZString &)
00074e30	DebugClassTag__34cSC3MonthlyEnvironmentAdvisorManipR10cIGZString	cSC3MonthlyEnvironmentAdvisorManip::DebugClassTag(cIGZString &)
00074e3c	DebugTypeTag__34cSC3MonthlyEnvironmentAdvisorManipR10cIGZString	cSC3MonthlyEnvironmentAdvisorManip::DebugTypeTag(cIGZString &)
00074e4c	__33cSC3WeeklyEnvironmentAdvisorManipP25cSC3AdvisorForEnvironment	cSC3WeeklyEnvironmentAdvisorManip::cSC3WeeklyEnvironmentAdvisorManip(cSC3AdvisorForEnvironment *)
00074ea4	Shutdown__33cSC3WeeklyEnvironmentAdvisorManip	cSC3WeeklyEnvironmentAdvisorManip::Shutdown(void)
00074ebc	Apply__33cSC3WeeklyEnvironmentAdvisorManipR14cISC3CityAgent	cSC3WeeklyEnvironmentAdvisorManip::Apply(cISC3CityAgent &)
00074ef0	QueryInterface__33cSC3WeeklyEnvironmentAdvisorManipUiPPv	cSC3WeeklyEnvironmentAdvisorManip::QueryInterface(unsigned int, void **)
00074f50	AddRef__33cSC3WeeklyEnvironmentAdvisorManip	cSC3WeeklyEnvironmentAdvisorManip::AddRef(void)
00074f7c	Release__33cSC3WeeklyEnvironmentAdvisorManip	cSC3WeeklyEnvironmentAdvisorManip::Release(void)
00074fa4	QueryInterface__25cSC3GarbageBuildingRecordUiPPv	cSC3GarbageBuildingRecord::QueryInterface(unsigned int, void **)
00074fb0	AddRef__25cSC3GarbageBuildingRecord	cSC3GarbageBuildingRecord::AddRef(void)
00074fcc	Release__25cSC3GarbageBuildingRecord	cSC3GarbageBuildingRecord::Release(void)
0007500c	GetCostString__25cSC3GarbageBuildingRecord	cSC3GarbageBuildingRecord::GetCostString(void)
0007501c	GetRatingString__25cSC3GarbageBuildingRecord	cSC3GarbageBuildingRecord::GetRatingString(void)
0007502c	GetDescriptionString__25cSC3GarbageBuildingRecord	cSC3GarbageBuildingRecord::GetDescriptionString(void)
00075040	GetOccupantAttrib__25cSC3GarbageBuildingRecord	cSC3GarbageBuildingRecord::GetOccupantAttrib(void)
0007509c	SetOccAttribKey__25cSC3GarbageBuildingRecordRC14cGZResourceKey	cSC3GarbageBuildingRecord::SetOccAttribKey(cGZResourceKey const &)
000750c0	DateAvailable__25cSC3GarbageBuildingRecord	cSC3GarbageBuildingRecord::DateAvailable(void)
000750d0	MessageID__25cSC3GarbageBuildingRecord	cSC3GarbageBuildingRecord::MessageID(void)
000750e0	BuildingType__25cSC3GarbageBuildingRecord	cSC3GarbageBuildingRecord::BuildingType(void)
000750f0	Available__25cSC3GarbageBuildingRecord	cSC3GarbageBuildingRecord::Available(void)
00075100	DebugInstanceTag__33cSC3WeeklyEnvironmentAdvisorManipR10cIGZString	cSC3WeeklyEnvironmentAdvisorManip::DebugInstanceTag(cIGZString &)
0007510c	DebugClassTag__33cSC3WeeklyEnvironmentAdvisorManipR10cIGZString	cSC3WeeklyEnvironmentAdvisorManip::DebugClassTag(cIGZString &)
00075118	DebugTypeTag__33cSC3WeeklyEnvironmentAdvisorManipR10cIGZString	cSC3WeeklyEnvironmentAdvisorManip::DebugTypeTag(cIGZString &)
00075154	__18cSC3FireDeptBudgetUiG9cRZString	cSC3FireDeptBudget::cSC3FireDeptBudget(unsigned int, cRZString)
00075524	__20cSC3PoliceDeptBudgetUiG9cRZString	cSC3PoliceDeptBudget::cSC3PoliceDeptBudget(unsigned int, cRZString)
000758e4	__26cSC3AdvisorForPublicSafety	cSC3AdvisorForPublicSafety::cSC3AdvisorForPublicSafety(void)
000767d8	Init__26cSC3AdvisorForPublicSafetyP9cISC3City	cSC3AdvisorForPublicSafety::Init(cISC3City *)
00076fc4	Shutdown__26cSC3AdvisorForPublicSafety	cSC3AdvisorForPublicSafety::Shutdown(void)
0007742c	LoadAdvisorINI__26cSC3AdvisorForPublicSafety	cSC3AdvisorForPublicSafety::LoadAdvisorINI(void)
0007b118	DoAdvisorSimulation__26cSC3AdvisorForPublicSafety	cSC3AdvisorForPublicSafety::DoAdvisorSimulation(void)
0007b234	DisasterStarted__26cSC3AdvisorForPublicSafetyP21cISC3DisasterInstance	cSC3AdvisorForPublicSafety::DisasterStarted(cISC3DisasterInstance *)
0007b948	DisasterEnded__26cSC3AdvisorForPublicSafetyP21cISC3DisasterInstance	cSC3AdvisorForPublicSafety::DisasterEnded(cISC3DisasterInstance *)
0007c424	FillDisasterAdviceTokens__26cSC3AdvisorForPublicSafetyUiP21cISC3DisasterInstance	cSC3AdvisorForPublicSafety::FillDisasterAdviceTokens(unsigned int, cISC3DisasterInstance *)
0007cb48	DisasterClicked__26cSC3AdvisorForPublicSafetyR10cGZMessage	cSC3AdvisorForPublicSafety::DisasterClicked(cGZMessage &)
0007cc98	GoToNextDisaster__26cSC3AdvisorForPublicSafety	cSC3AdvisorForPublicSafety::GoToNextDisaster(void)
0007cd84	MoveDisasterFocus__26cSC3AdvisorForPublicSafetyP21cISC3DisasterInstance	cSC3AdvisorForPublicSafety::MoveDisasterFocus(cISC3DisasterInstance *)
0007cf54	MoveViewToDisaster__26cSC3AdvisorForPublicSafetyP21cISC3DisasterInstance	cSC3AdvisorForPublicSafety::MoveViewToDisaster(cISC3DisasterInstance *)
0007d068	ExistsDisasterOfType__26cSC3AdvisorForPublicSafetyUi	cSC3AdvisorForPublicSafety::ExistsDisasterOfType(unsigned int)
0007d1b8	LoadDisasterTicker__26cSC3AdvisorForPublicSafetyUiUiUiP21cISC3DisasterInstance	cSC3AdvisorForPublicSafety::LoadDisasterTicker(unsigned int, unsigned int, unsigned int, cISC3DisasterInstance *)
0007d3f0	GetSimulationData__26cSC3AdvisorForPublicSafety	cSC3AdvisorForPublicSafety::GetSimulationData(void)
0007d674	CheckOnAdvice__26cSC3AdvisorForPublicSafety	cSC3AdvisorForPublicSafety::CheckOnAdvice(void)
0007da18	CheckForPetitioners__26cSC3AdvisorForPublicSafety	cSC3AdvisorForPublicSafety::CheckForPetitioners(void)
0007ded0	DoMessage__26cSC3AdvisorForPublicSafetyR10cGZMessage	cSC3AdvisorForPublicSafety::DoMessage(cGZMessage &)
0007e30c	GetAdvisorID__26cSC3AdvisorForPublicSafety	cSC3AdvisorForPublicSafety::GetAdvisorID(void)
0007e31c	Init__26cSC3AdvisorForPublicSafetyP9cISC3CityP13cIGZDBSegment	cSC3AdvisorForPublicSafety::Init(cISC3City *, cIGZDBSegment *)
0007e350	Save__26cSC3AdvisorForPublicSafetyP9cISC3CityP13cIGZDBSegment	cSC3AdvisorForPublicSafety::Save(cISC3City *, cIGZDBSegment *)
0007e384	AddRef__26cSC3AdvisorForPublicSafety	cSC3AdvisorForPublicSafety::AddRef(void)
0007e3b0	Release__26cSC3AdvisorForPublicSafety	cSC3AdvisorForPublicSafety::Release(void)
0007e3dc	Simulate__26cSC3AdvisorForPublicSafetyi	cSC3AdvisorForPublicSafety::Simulate(int)
0007e40c	AgentType__26cSC3AdvisorForPublicSafety	cSC3AdvisorForPublicSafety::AgentType(void)
0007e438	SetAgentType__26cSC3AdvisorForPublicSafetyP18cISC3CityAgentType	cSC3AdvisorForPublicSafety::SetAgentType(cISC3CityAgentType *)
0007e464	IsLockingCity__35cSC3MonthlyPublicSafetyAdvisorManip	cSC3MonthlyPublicSafetyAdvisorManip::IsLockingCity(void)
0007e470	IsLockingCity__34cSC3WeeklyPublicSafetyAdvisorManip	cSC3WeeklyPublicSafetyAdvisorManip::IsLockingCity(void)
0007e480	AddRef__18cSC3FireDeptBudget	cSC3FireDeptBudget::AddRef(void)
0007e4ac	Release__18cSC3FireDeptBudget	cSC3FireDeptBudget::Release(void)
0007e4d8	_._18cSC3FireDeptBudget	cSC3FireDeptBudget::~cSC3FireDeptBudget(void)
0007e5b8	GetDepartmentID__18cSC3FireDeptBudget	cSC3FireDeptBudget::GetDepartmentID(void)
0007e5c8	GetLastYearSurplus__18cSC3FireDeptBudget	cSC3FireDeptBudget::GetLastYearSurplus(void)
0007e5d4	GetTotalFundingNeeded__18cSC3FireDeptBudget	cSC3FireDeptBudget::GetTotalFundingNeeded(void)
0007e5e4	GetFundingPercentage__18cSC3FireDeptBudget	cSC3FireDeptBudget::GetFundingPercentage(void)
0007e5f4	GetDepartmentName__18cSC3FireDeptBudget	cSC3FireDeptBudget::GetDepartmentName(void)
0007e604	GetAdvisorID__18cSC3FireDeptBudget	cSC3FireDeptBudget::GetAdvisorID(void)
0007e610	GetAdvisorGroupID__18cSC3FireDeptBudget	cSC3FireDeptBudget::GetAdvisorGroupID(void)
0007e620	SetTotalFundingNeeded__18cSC3FireDeptBudgetx	cSC3FireDeptBudget::SetTotalFundingNeeded(long long)
0007e660	SetFundingPercentage__18cSC3FireDeptBudgetUc	cSC3FireDeptBudget::SetFundingPercentage(unsigned char)
0007e6b4	AddRef__20cSC3PoliceDeptBudget	cSC3PoliceDeptBudget::AddRef(void)
0007e6e0	Release__20cSC3PoliceDeptBudget	cSC3PoliceDeptBudget::Release(void)
0007e70c	_._20cSC3PoliceDeptBudget	cSC3PoliceDeptBudget::~cSC3PoliceDeptBudget(void)
0007e7d0	GetDepartmentID__20cSC3PoliceDeptBudget	cSC3PoliceDeptBudget::GetDepartmentID(void)
0007e7e0	GetLastYearSurplus__20cSC3PoliceDeptBudget	cSC3PoliceDeptBudget::GetLastYearSurplus(void)
0007e7ec	GetTotalFundingNeeded__20cSC3PoliceDeptBudget	cSC3PoliceDeptBudget::GetTotalFundingNeeded(void)
0007e7fc	GetFundingPercentage__20cSC3PoliceDeptBudget	cSC3PoliceDeptBudget::GetFundingPercentage(void)
0007e80c	GetDepartmentName__20cSC3PoliceDeptBudget	cSC3PoliceDeptBudget::GetDepartmentName(void)
0007e81c	GetAdvisorID__20cSC3PoliceDeptBudget	cSC3PoliceDeptBudget::GetAdvisorID(void)
0007e828	GetAdvisorGroupID__20cSC3PoliceDeptBudget	cSC3PoliceDeptBudget::GetAdvisorGroupID(void)
0007e838	SetTotalFundingNeeded__20cSC3PoliceDeptBudgetx	cSC3PoliceDeptBudget::SetTotalFundingNeeded(long long)
0007e878	SetFundingPercentage__20cSC3PoliceDeptBudgetUc	cSC3PoliceDeptBudget::SetFundingPercentage(unsigned char)
0007e8cc	_._26cSC3AdvisorForPublicSafety	cSC3AdvisorForPublicSafety::~cSC3AdvisorForPublicSafety(void)
0007e94c	lockDstrList__26cSC3AdvisorForPublicSafety	cSC3AdvisorForPublicSafety::lockDstrList(void)
0007e980	unlockDstrList__26cSC3AdvisorForPublicSafety	cSC3AdvisorForPublicSafety::unlockDstrList(void)
0007e9b0	GetLayerType__26cSC3AdvisorForPublicSafety	cSC3AdvisorForPublicSafety::GetLayerType(void)
0007e9c0	SimulationBegin__26cSC3AdvisorForPublicSafety	cSC3AdvisorForPublicSafety::SimulationBegin(void)
0007ea2c	SimulationEnd__26cSC3AdvisorForPublicSafety	cSC3AdvisorForPublicSafety::SimulationEnd(void)
0007ea98	QueryInterface__26cSC3AdvisorForPublicSafetyUiPPv	cSC3AdvisorForPublicSafety::QueryInterface(unsigned int, void **)
0007eaec	LoadHelpAdvice__26cSC3AdvisorForPublicSafety	cSC3AdvisorForPublicSafety::LoadHelpAdvice(void)
0007eba8	SetAdvisorSimulation__26cSC3AdvisorForPublicSafety	cSC3AdvisorForPublicSafety::SetAdvisorSimulation(void)
0007ebc0	DisasterChangeNotification__26cSC3AdvisorForPublicSafetyP21cISC3DisasterInstance19tDisasterChangeTypePv	cSC3AdvisorForPublicSafety::DisasterChangeNotification(cISC3DisasterInstance *, tDisasterChangeType, void *)
0007ec2c	RemoveDisasterMessageFromTicker__26cSC3AdvisorForPublicSafetyUi	cSC3AdvisorForPublicSafety::RemoveDisasterMessageFromTicker(unsigned int)
0007ec7c	EWSSounded__26cSC3AdvisorForPublicSafetyUiUi	cSC3AdvisorForPublicSafety::EWSSounded(unsigned int, unsigned int)
0007ed08	EWSEnded__26cSC3AdvisorForPublicSafety	cSC3AdvisorForPublicSafety::EWSEnded(void)
0007ed8c	PetitionerCallback__26cSC3AdvisorForPublicSafetyUiUi	cSC3AdvisorForPublicSafety::PetitionerCallback(unsigned int, unsigned int)
0007ee40	DoParadeTick__26cSC3AdvisorForPublicSafety	cSC3AdvisorForPublicSafety::DoParadeTick(void)
0007eecc	DebugClassTag__26cSC3AdvisorForPublicSafetyR10cIGZString	cSC3AdvisorForPublicSafety::DebugClassTag(cIGZString &)
0007eed8	DebugTypeTag__26cSC3AdvisorForPublicSafetyR10cIGZString	cSC3AdvisorForPublicSafety::DebugTypeTag(cIGZString &)
0007eee8	QueryInterface__18cSC3FireDeptBudgetUiPPv	cSC3FireDeptBudget::QueryInterface(unsigned int, void **)
0007ef50	QueryInterface__20cSC3PoliceDeptBudgetUiPPv	cSC3PoliceDeptBudget::QueryInterface(unsigned int, void **)
0007efb4	__35cSC3MonthlyPublicSafetyAdvisorManipP26cSC3AdvisorForPublicSafety	cSC3MonthlyPublicSafetyAdvisorManip::cSC3MonthlyPublicSafetyAdvisorManip(cSC3AdvisorForPublicSafety *)
0007f00c	Shutdown__35cSC3MonthlyPublicSafetyAdvisorManip	cSC3MonthlyPublicSafetyAdvisorManip::Shutdown(void)
0007f020	Apply__35cSC3MonthlyPublicSafetyAdvisorManipR14cISC3CityAgent	cSC3MonthlyPublicSafetyAdvisorManip::Apply(cISC3CityAgent &)
0007f03c	QueryInterface__35cSC3MonthlyPublicSafetyAdvisorManipUiPPv	cSC3MonthlyPublicSafetyAdvisorManip::QueryInterface(unsigned int, void **)
0007f094	AddRef__35cSC3MonthlyPublicSafetyAdvisorManip	cSC3MonthlyPublicSafetyAdvisorManip::AddRef(void)
0007f0c0	Release__35cSC3MonthlyPublicSafetyAdvisorManip	cSC3MonthlyPublicSafetyAdvisorManip::Release(void)
0007f0e8	DebugInstanceTag__35cSC3MonthlyPublicSafetyAdvisorManipR10cIGZString	cSC3MonthlyPublicSafetyAdvisorManip::DebugInstanceTag(cIGZString &)
0007f0f4	DebugClassTag__35cSC3MonthlyPublicSafetyAdvisorManipR10cIGZString	cSC3MonthlyPublicSafetyAdvisorManip::DebugClassTag(cIGZString &)
0007f100	DebugTypeTag__35cSC3MonthlyPublicSafetyAdvisorManipR10cIGZString	cSC3MonthlyPublicSafetyAdvisorManip::DebugTypeTag(cIGZString &)
0007f110	__34cSC3WeeklyPublicSafetyAdvisorManipP26cSC3AdvisorForPublicSafety	cSC3WeeklyPublicSafetyAdvisorManip::cSC3WeeklyPublicSafetyAdvisorManip(cSC3AdvisorForPublicSafety *)
0007f168	Shutdown__34cSC3WeeklyPublicSafetyAdvisorManip	cSC3WeeklyPublicSafetyAdvisorManip::Shutdown(void)
0007f180	Apply__34cSC3WeeklyPublicSafetyAdvisorManipR14cISC3CityAgent	cSC3WeeklyPublicSafetyAdvisorManip::Apply(cISC3CityAgent &)
0007f1b4	QueryInterface__34cSC3WeeklyPublicSafetyAdvisorManipUiPPv	cSC3WeeklyPublicSafetyAdvisorManip::QueryInterface(unsigned int, void **)
0007f210	AddRef__34cSC3WeeklyPublicSafetyAdvisorManip	cSC3WeeklyPublicSafetyAdvisorManip::AddRef(void)
0007f23c	Release__34cSC3WeeklyPublicSafetyAdvisorManip	cSC3WeeklyPublicSafetyAdvisorManip::Release(void)
0007f264	DebugInstanceTag__34cSC3WeeklyPublicSafetyAdvisorManipR10cIGZString	cSC3WeeklyPublicSafetyAdvisorManip::DebugInstanceTag(cIGZString &)
0007f270	DebugClassTag__34cSC3WeeklyPublicSafetyAdvisorManipR10cIGZString	cSC3WeeklyPublicSafetyAdvisorManip::DebugClassTag(cIGZString &)
0007f27c	DebugTypeTag__34cSC3WeeklyPublicSafetyAdvisorManipR10cIGZString	cSC3WeeklyPublicSafetyAdvisorManip::DebugTypeTag(cIGZString &)
0007f294	__18cSC3RoadDeptBudgetUiG9cRZString	cSC3RoadDeptBudget::cSC3RoadDeptBudget(unsigned int, cRZString)
0007f664	__18cSC3RailDeptBudgetUiG9cRZString	cSC3RailDeptBudget::cSC3RailDeptBudget(unsigned int, cRZString)
0007fa34	__28cSC3AdvisorForTransportation	cSC3AdvisorForTransportation::cSC3AdvisorForTransportation(void)
000807a4	Init__28cSC3AdvisorForTransportationP9cISC3City	cSC3AdvisorForTransportation::Init(cISC3City *)
00080eb4	Shutdown__28cSC3AdvisorForTransportation	cSC3AdvisorForTransportation::Shutdown(void)
00081164	LoadAdvisorINI__28cSC3AdvisorForTransportation	cSC3AdvisorForTransportation::LoadAdvisorINI(void)
00087cec	GetSimulationData__28cSC3AdvisorForTransportation	cSC3AdvisorForTransportation::GetSimulationData(void)
00088028	CheckOnAdvice__28cSC3AdvisorForTransportation	cSC3AdvisorForTransportation::CheckOnAdvice(void)
00088354	CheckForNewTransport__28cSC3AdvisorForTransportation	cSC3AdvisorForTransportation::CheckForNewTransport(void)
000886ec	CheckTransportationStates__28cSC3AdvisorForTransportation	cSC3AdvisorForTransportation::CheckTransportationStates(void)
00088904	CheckForPetitioners__28cSC3AdvisorForTransportation	cSC3AdvisorForTransportation::CheckForPetitioners(void)
00088c0c	DoMessage__28cSC3AdvisorForTransportationR10cGZMessage	cSC3AdvisorForTransportation::DoMessage(cGZMessage &)
00088f04	AddRef__28cSC3AdvisorForTransportation	cSC3AdvisorForTransportation::AddRef(void)
00088f30	Release__28cSC3AdvisorForTransportation	cSC3AdvisorForTransportation::Release(void)
00088f5c	Simulate__28cSC3AdvisorForTransportationi	cSC3AdvisorForTransportation::Simulate(int)
00088f8c	AgentType__28cSC3AdvisorForTransportation	cSC3AdvisorForTransportation::AgentType(void)
00088fb8	SetAgentType__28cSC3AdvisorForTransportationP18cISC3CityAgentType	cSC3AdvisorForTransportation::SetAgentType(cISC3CityAgentType *)
00088fe4	IsLockingCity__37cSC3MonthlyTransportationAdvisorManip	cSC3MonthlyTransportationAdvisorManip::IsLockingCity(void)
00088ff0	IsLockingCity__36cSC3WeeklyTransportationAdvisorManip	cSC3WeeklyTransportationAdvisorManip::IsLockingCity(void)
00089000	AddRef__18cSC3RoadDeptBudget	cSC3RoadDeptBudget::AddRef(void)
0008902c	Release__18cSC3RoadDeptBudget	cSC3RoadDeptBudget::Release(void)
00089058	_._18cSC3RoadDeptBudget	cSC3RoadDeptBudget::~cSC3RoadDeptBudget(void)
00089138	GetDepartmentID__18cSC3RoadDeptBudget	cSC3RoadDeptBudget::GetDepartmentID(void)
00089148	GetLastYearSurplus__18cSC3RoadDeptBudget	cSC3RoadDeptBudget::GetLastYearSurplus(void)
00089154	GetTotalFundingNeeded__18cSC3RoadDeptBudget	cSC3RoadDeptBudget::GetTotalFundingNeeded(void)
00089164	GetFundingPercentage__18cSC3RoadDeptBudget	cSC3RoadDeptBudget::GetFundingPercentage(void)
00089174	GetDepartmentName__18cSC3RoadDeptBudget	cSC3RoadDeptBudget::GetDepartmentName(void)
00089184	GetAdvisorID__18cSC3RoadDeptBudget	cSC3RoadDeptBudget::GetAdvisorID(void)
00089190	GetAdvisorGroupID__18cSC3RoadDeptBudget	cSC3RoadDeptBudget::GetAdvisorGroupID(void)
000891a0	SetTotalFundingNeeded__18cSC3RoadDeptBudgetx	cSC3RoadDeptBudget::SetTotalFundingNeeded(long long)
000891e0	SetFundingPercentage__18cSC3RoadDeptBudgetUc	cSC3RoadDeptBudget::SetFundingPercentage(unsigned char)
00089234	QueryInterface__18cSC3RoadDeptBudgetUiPPv	cSC3RoadDeptBudget::QueryInterface(unsigned int, void **)
00089294	AddRef__18cSC3RailDeptBudget	cSC3RailDeptBudget::AddRef(void)
000892c0	Release__18cSC3RailDeptBudget	cSC3RailDeptBudget::Release(void)
000892ec	_._18cSC3RailDeptBudget	cSC3RailDeptBudget::~cSC3RailDeptBudget(void)
000893c8	GetDepartmentID__18cSC3RailDeptBudget	cSC3RailDeptBudget::GetDepartmentID(void)
000893d8	GetLastYearSurplus__18cSC3RailDeptBudget	cSC3RailDeptBudget::GetLastYearSurplus(void)
000893e4	GetTotalFundingNeeded__18cSC3RailDeptBudget	cSC3RailDeptBudget::GetTotalFundingNeeded(void)
000893f4	GetFundingPercentage__18cSC3RailDeptBudget	cSC3RailDeptBudget::GetFundingPercentage(void)
00089404	GetDepartmentName__18cSC3RailDeptBudget	cSC3RailDeptBudget::GetDepartmentName(void)
00089414	GetAdvisorID__18cSC3RailDeptBudget	cSC3RailDeptBudget::GetAdvisorID(void)
00089420	GetAdvisorGroupID__18cSC3RailDeptBudget	cSC3RailDeptBudget::GetAdvisorGroupID(void)
00089430	SetTotalFundingNeeded__18cSC3RailDeptBudgetx	cSC3RailDeptBudget::SetTotalFundingNeeded(long long)
00089470	SetFundingPercentage__18cSC3RailDeptBudgetUc	cSC3RailDeptBudget::SetFundingPercentage(unsigned char)
000894c4	QueryInterface__18cSC3RailDeptBudgetUiPPv	cSC3RailDeptBudget::QueryInterface(unsigned int, void **)
00089524	_._28cSC3AdvisorForTransportation	cSC3AdvisorForTransportation::~cSC3AdvisorForTransportation(void)
00089590	GetAdvisorID__28cSC3AdvisorForTransportation	cSC3AdvisorForTransportation::GetAdvisorID(void)
0008959c	GetLayerType__28cSC3AdvisorForTransportation	cSC3AdvisorForTransportation::GetLayerType(void)
000895ac	Init__28cSC3AdvisorForTransportationP9cISC3CityP13cIGZDBSegment	cSC3AdvisorForTransportation::Init(cISC3City *, cIGZDBSegment *)
000895e0	Save__28cSC3AdvisorForTransportationP9cISC3CityP13cIGZDBSegment	cSC3AdvisorForTransportation::Save(cISC3City *, cIGZDBSegment *)
00089614	SimulationBegin__28cSC3AdvisorForTransportation	cSC3AdvisorForTransportation::SimulationBegin(void)
000896cc	SimulationEnd__28cSC3AdvisorForTransportation	cSC3AdvisorForTransportation::SimulationEnd(void)
00089738	QueryInterface__28cSC3AdvisorForTransportationUiPPv	cSC3AdvisorForTransportation::QueryInterface(unsigned int, void **)
0008978c	LoadHelpAdvice__28cSC3AdvisorForTransportation	cSC3AdvisorForTransportation::LoadHelpAdvice(void)
00089800	DoAdvisorSimulation__28cSC3AdvisorForTransportation	cSC3AdvisorForTransportation::DoAdvisorSimulation(void)
000898d0	SetAdvisorSimulation__28cSC3AdvisorForTransportation	cSC3AdvisorForTransportation::SetAdvisorSimulation(void)
000898e8	PetitionerCallback__28cSC3AdvisorForTransportationUiUi	cSC3AdvisorForTransportation::PetitionerCallback(unsigned int, unsigned int)
0008996c	InventionAvailable__C28cSC3AdvisorForTransportationUi	cSC3AdvisorForTransportation::InventionAvailable(unsigned int) const
000899d8	DebugClassTag__28cSC3AdvisorForTransportationR10cIGZString	cSC3AdvisorForTransportation::DebugClassTag(cIGZString &)
000899e4	DebugTypeTag__28cSC3AdvisorForTransportationR10cIGZString	cSC3AdvisorForTransportation::DebugTypeTag(cIGZString &)
000899f4	__37cSC3MonthlyTransportationAdvisorManipP28cSC3AdvisorForTransportation	cSC3MonthlyTransportationAdvisorManip::cSC3MonthlyTransportationAdvisorManip(cSC3AdvisorForTransportation *)
00089a4c	Shutdown__37cSC3MonthlyTransportationAdvisorManip	cSC3MonthlyTransportationAdvisorManip::Shutdown(void)
00089a60	Apply__37cSC3MonthlyTransportationAdvisorManipR14cISC3CityAgent	cSC3MonthlyTransportationAdvisorManip::Apply(cISC3CityAgent &)
00089a7c	QueryInterface__37cSC3MonthlyTransportationAdvisorManipUiPPv	cSC3MonthlyTransportationAdvisorManip::QueryInterface(unsigned int, void **)
00089ad4	AddRef__37cSC3MonthlyTransportationAdvisorManip	cSC3MonthlyTransportationAdvisorManip::AddRef(void)
00089b00	Release__37cSC3MonthlyTransportationAdvisorManip	cSC3MonthlyTransportationAdvisorManip::Release(void)
00089b28	DebugInstanceTag__37cSC3MonthlyTransportationAdvisorManipR10cIGZString	cSC3MonthlyTransportationAdvisorManip::DebugInstanceTag(cIGZString &)
00089b34	DebugClassTag__37cSC3MonthlyTransportationAdvisorManipR10cIGZString	cSC3MonthlyTransportationAdvisorManip::DebugClassTag(cIGZString &)
00089b40	DebugTypeTag__37cSC3MonthlyTransportationAdvisorManipR10cIGZString	cSC3MonthlyTransportationAdvisorManip::DebugTypeTag(cIGZString &)
00089b50	__36cSC3WeeklyTransportationAdvisorManipP28cSC3AdvisorForTransportation	cSC3WeeklyTransportationAdvisorManip::cSC3WeeklyTransportationAdvisorManip(cSC3AdvisorForTransportation *)
00089ba8	Shutdown__36cSC3WeeklyTransportationAdvisorManip	cSC3WeeklyTransportationAdvisorManip::Shutdown(void)
00089bc0	Apply__36cSC3WeeklyTransportationAdvisorManipR14cISC3CityAgent	cSC3WeeklyTransportationAdvisorManip::Apply(cISC3CityAgent &)
00089bf4	QueryInterface__36cSC3WeeklyTransportationAdvisorManipUiPPv	cSC3WeeklyTransportationAdvisorManip::QueryInterface(unsigned int, void **)
00089c50	AddRef__36cSC3WeeklyTransportationAdvisorManip	cSC3WeeklyTransportationAdvisorManip::AddRef(void)
00089c7c	Release__36cSC3WeeklyTransportationAdvisorManip	cSC3WeeklyTransportationAdvisorManip::Release(void)
00089ca4	DebugInstanceTag__36cSC3WeeklyTransportationAdvisorManipR10cIGZString	cSC3WeeklyTransportationAdvisorManip::DebugInstanceTag(cIGZString &)
00089cb0	DebugClassTag__36cSC3WeeklyTransportationAdvisorManipR10cIGZString	cSC3WeeklyTransportationAdvisorManip::DebugClassTag(cIGZString &)
00089cbc	DebugTypeTag__36cSC3WeeklyTransportationAdvisorManipR10cIGZString	cSC3WeeklyTransportationAdvisorManip::DebugTypeTag(cIGZString &)
00089cd4	__23cSC3AdvisorForUtilities	cSC3AdvisorForUtilities::cSC3AdvisorForUtilities(void)
0008ad14	_._23cSC3AdvisorForUtilities	cSC3AdvisorForUtilities::~cSC3AdvisorForUtilities(void)
0008ae34	Init__23cSC3AdvisorForUtilitiesP9cISC3City	cSC3AdvisorForUtilities::Init(cISC3City *)
0008b4a0	Init__23cSC3AdvisorForUtilitiesP9cISC3CityP13cIGZDBSegment	cSC3AdvisorForUtilities::Init(cISC3City *, cIGZDBSegment *)
0008b5f0	Save__23cSC3AdvisorForUtilitiesP9cISC3CityP13cIGZDBSegment	cSC3AdvisorForUtilities::Save(cISC3City *, cIGZDBSegment *)
0008b714	SimulationBegin__23cSC3AdvisorForUtilities	cSC3AdvisorForUtilities::SimulationBegin(void)
0008b820	Shutdown__23cSC3AdvisorForUtilities	cSC3AdvisorForUtilities::Shutdown(void)
0008bc28	LoadAdvisorINI__23cSC3AdvisorForUtilities	cSC3AdvisorForUtilities::LoadAdvisorINI(void)
00090c8c	RegisterBuildingAdded__23cSC3AdvisorForUtilitiesQ223cSC3AdvisorForUtilities13BUILDING_TYPERC9cRZStringT2	cSC3AdvisorForUtilities::RegisterBuildingAdded(cSC3AdvisorForUtilities::BUILDING_TYPE, cRZString const &, cRZString const &)
000921a4	GetSimulationData__23cSC3AdvisorForUtilities	cSC3AdvisorForUtilities::GetSimulationData(void)
00092680	CheckOnAdvice__23cSC3AdvisorForUtilities	cSC3AdvisorForUtilities::CheckOnAdvice(void)
00092de0	CheckInitialBuildingAvailibility__23cSC3AdvisorForUtilities	cSC3AdvisorForUtilities::CheckInitialBuildingAvailibility(void)
00092edc	CheckPowerBuildingAvailibility__23cSC3AdvisorForUtilitiesUi	cSC3AdvisorForUtilities::CheckPowerBuildingAvailibility(unsigned int)
00092f58	CheckWaterBuildingAvailibility__23cSC3AdvisorForUtilitiesUi	cSC3AdvisorForUtilities::CheckWaterBuildingAvailibility(unsigned int)
00092fd8	CheckForNewBuildings__23cSC3AdvisorForUtilities	cSC3AdvisorForUtilities::CheckForNewBuildings(void)
00093154	CheckForPetitioners__23cSC3AdvisorForUtilities	cSC3AdvisorForUtilities::CheckForPetitioners(void)
00093520	CheckForNeighborDeals__23cSC3AdvisorForUtilities	cSC3AdvisorForUtilities::CheckForNeighborDeals(void)
0009569c	LoadNeighborDealTokens__23cSC3AdvisorForUtilitiesUiGQ219cISC3NeighborsLayer11tDealRecord	cSC3AdvisorForUtilities::LoadNeighborDealTokens(unsigned int, cISC3NeighborsLayer::tDealRecord)
00096f04	PetitionerCallback__23cSC3AdvisorForUtilitiesUiUi	cSC3AdvisorForUtilities::PetitionerCallback(unsigned int, unsigned int)
0009753c	DoMessage__23cSC3AdvisorForUtilitiesR10cGZMessage	cSC3AdvisorForUtilities::DoMessage(cGZMessage &)
00097848	LoadPowerPlantWindowList__23cSC3AdvisorForUtilitiesP12cISC3Catalog	cSC3AdvisorForUtilities::LoadPowerPlantWindowList(cISC3Catalog *)
00097a40	LoadWaterBuildingWindowList__23cSC3AdvisorForUtilitiesP12cISC3Catalog	cSC3AdvisorForUtilities::LoadWaterBuildingWindowList(cISC3Catalog *)
00097c00	SetCostString__25cSC3UtilityBuildingRecordR10cIGZString	cSC3UtilityBuildingRecord::SetCostString(cIGZString &)
00097e34	SetRatingString__25cSC3UtilityBuildingRecordR10cIGZString	cSC3UtilityBuildingRecord::SetRatingString(cIGZString &)
00098070	GetNameString__25cSC3UtilityBuildingRecord	cSC3UtilityBuildingRecord::GetNameString(void)
00098244	SetDescriptionString__25cSC3UtilityBuildingRecordR10cIGZString	cSC3UtilityBuildingRecord::SetDescriptionString(cIGZString &)
00098480	__25cSC3UtilityBuildingRecord	cSC3UtilityBuildingRecord::cSC3UtilityBuildingRecord(void)
00098714	_._25cSC3UtilityBuildingRecord	cSC3UtilityBuildingRecord::~cSC3UtilityBuildingRecord(void)
00098940	GetOccAttribKey__25cSC3UtilityBuildingRecord	cSC3UtilityBuildingRecord::GetOccAttribKey(void)
00098950	GetAdvisorID__23cSC3AdvisorForUtilities	cSC3AdvisorForUtilities::GetAdvisorID(void)
0009895c	GetLayerType__23cSC3AdvisorForUtilities	cSC3AdvisorForUtilities::GetLayerType(void)
00098968	GetPowerFundingPercentage__23cSC3AdvisorForUtilities	cSC3AdvisorForUtilities::GetPowerFundingPercentage(void)
0009897c	Simulate__23cSC3AdvisorForUtilitiesi	cSC3AdvisorForUtilities::Simulate(int)
000989ac	AgentType__23cSC3AdvisorForUtilities	cSC3AdvisorForUtilities::AgentType(void)
000989d8	SetAgentType__23cSC3AdvisorForUtilitiesP18cISC3CityAgentType	cSC3AdvisorForUtilities::SetAgentType(cISC3CityAgentType *)
00098a04	IsLockingCity__30cSC3MonthlyUtilityAdvisorManip	cSC3MonthlyUtilityAdvisorManip::IsLockingCity(void)
00098a14	AddRef__30cSC3MonthlyUtilityAdvisorManip	cSC3MonthlyUtilityAdvisorManip::AddRef(void)
00098a40	Release__30cSC3MonthlyUtilityAdvisorManip	cSC3MonthlyUtilityAdvisorManip::Release(void)
00098a68	IsLockingCity__29cSC3WeeklyUtilityAdvisorManip	cSC3WeeklyUtilityAdvisorManip::IsLockingCity(void)
00098a78	AddRef__29cSC3WeeklyUtilityAdvisorManip	cSC3WeeklyUtilityAdvisorManip::AddRef(void)
00098aa4	Release__29cSC3WeeklyUtilityAdvisorManip	cSC3WeeklyUtilityAdvisorManip::Release(void)
00098ad0	AddRef__21cSC3UtilityDeptBudget	cSC3UtilityDeptBudget::AddRef(void)
00098afc	Release__21cSC3UtilityDeptBudget	cSC3UtilityDeptBudget::Release(void)
00098b28	__21cSC3UtilityDeptBudgetUiG9cRZString	cSC3UtilityDeptBudget::cSC3UtilityDeptBudget(unsigned int, cRZString)
00098ea4	_._21cSC3UtilityDeptBudget	cSC3UtilityDeptBudget::~cSC3UtilityDeptBudget(void)
00098f68	GetDepartmentID__21cSC3UtilityDeptBudget	cSC3UtilityDeptBudget::GetDepartmentID(void)
00098f78	GetLastYearSurplus__21cSC3UtilityDeptBudget	cSC3UtilityDeptBudget::GetLastYearSurplus(void)
00098f84	GetTotalFundingNeeded__21cSC3UtilityDeptBudget	cSC3UtilityDeptBudget::GetTotalFundingNeeded(void)
00098f94	SetTotalFundingNeeded__21cSC3UtilityDeptBudgetx	cSC3UtilityDeptBudget::SetTotalFundingNeeded(long long)
00098fac	GetDepartmentName__21cSC3UtilityDeptBudget	cSC3UtilityDeptBudget::GetDepartmentName(void)
00098fc0	SimulationEnd__23cSC3AdvisorForUtilities	cSC3AdvisorForUtilities::SimulationEnd(void)
00099024	PowerBuildingAdd__23cSC3AdvisorForUtilitiesRC9cRZStringT1Pv	cSC3AdvisorForUtilities::PowerBuildingAdd(cRZString const &, cRZString const &, void *)
00099054	WaterBuildingAdd__23cSC3AdvisorForUtilitiesRC9cRZStringT1Pv	cSC3AdvisorForUtilities::WaterBuildingAdd(cRZString const &, cRZString const &, void *)
00099080	AsISC3BaseAdvisor__23cSC3AdvisorForUtilities	cSC3AdvisorForUtilities::AsISC3BaseAdvisor(void)
00099090	AsISC3CityAgent__23cSC3AdvisorForUtilities	cSC3AdvisorForUtilities::AsISC3CityAgent(void)
000990a4	QueryInterface__23cSC3AdvisorForUtilitiesUiPPv	cSC3AdvisorForUtilities::QueryInterface(unsigned int, void **)
000990f4	AddRef__23cSC3AdvisorForUtilities	cSC3AdvisorForUtilities::AddRef(void)
00099120	Release__23cSC3AdvisorForUtilities	cSC3AdvisorForUtilities::Release(void)
0009914c	LoadHelpAdvice__23cSC3AdvisorForUtilities	cSC3AdvisorForUtilities::LoadHelpAdvice(void)
0009922c	DoAdvisorSimulation__23cSC3AdvisorForUtilities	cSC3AdvisorForUtilities::DoAdvisorSimulation(void)
00099308	SetAdvisorSimulation__23cSC3AdvisorForUtilities	cSC3AdvisorForUtilities::SetAdvisorSimulation(void)
0009931c	DisableNewDealsOfType__23cSC3AdvisorForUtilitiesi	cSC3AdvisorForUtilities::DisableNewDealsOfType(int)
00099360	EnableNewDealsOfType__23cSC3AdvisorForUtilitiesi	cSC3AdvisorForUtilities::EnableNewDealsOfType(int)
000993a0	NewDealsEnabled__23cSC3AdvisorForUtilitiesUi	cSC3AdvisorForUtilities::NewDealsEnabled(unsigned int)
000993c4	DoQueryInfo__23cSC3AdvisorForUtilitiesR10cGZMessageP11cIGZUnknown	cSC3AdvisorForUtilities::DoQueryInfo(cGZMessage &, cIGZUnknown *)
000994b0	DebugInstanceTag__23cSC3AdvisorForUtilitiesR10cIGZString	cSC3AdvisorForUtilities::DebugInstanceTag(cIGZString &)
000994bc	DebugClassTag__23cSC3AdvisorForUtilitiesR10cIGZString	cSC3AdvisorForUtilities::DebugClassTag(cIGZString &)
000994c8	DebugTypeTag__23cSC3AdvisorForUtilitiesR10cIGZString	cSC3AdvisorForUtilities::DebugTypeTag(cIGZString &)
000994d8	QueryInterface__21cSC3UtilityDeptBudgetUiPPv	cSC3UtilityDeptBudget::QueryInterface(unsigned int, void **)
00099540	__30cSC3MonthlyUtilityAdvisorManipP23cSC3AdvisorForUtilities	cSC3MonthlyUtilityAdvisorManip::cSC3MonthlyUtilityAdvisorManip(cSC3AdvisorForUtilities *)
00099598	Shutdown__30cSC3MonthlyUtilityAdvisorManip	cSC3MonthlyUtilityAdvisorManip::Shutdown(void)
000995ac	Apply__30cSC3MonthlyUtilityAdvisorManipR14cISC3CityAgent	cSC3MonthlyUtilityAdvisorManip::Apply(cISC3CityAgent &)
000995c8	QueryInterface__30cSC3MonthlyUtilityAdvisorManipUiPPv	cSC3MonthlyUtilityAdvisorManip::QueryInterface(unsigned int, void **)
0009960c	DebugInstanceTag__30cSC3MonthlyUtilityAdvisorManipR10cIGZString	cSC3MonthlyUtilityAdvisorManip::DebugInstanceTag(cIGZString &)
00099618	DebugClassTag__30cSC3MonthlyUtilityAdvisorManipR10cIGZString	cSC3MonthlyUtilityAdvisorManip::DebugClassTag(cIGZString &)
00099624	DebugTypeTag__30cSC3MonthlyUtilityAdvisorManipR10cIGZString	cSC3MonthlyUtilityAdvisorManip::DebugTypeTag(cIGZString &)
00099634	__29cSC3WeeklyUtilityAdvisorManipP23cSC3AdvisorForUtilities	cSC3WeeklyUtilityAdvisorManip::cSC3WeeklyUtilityAdvisorManip(cSC3AdvisorForUtilities *)
0009968c	Shutdown__29cSC3WeeklyUtilityAdvisorManip	cSC3WeeklyUtilityAdvisorManip::Shutdown(void)
000996a4	Apply__29cSC3WeeklyUtilityAdvisorManipR14cISC3CityAgent	cSC3WeeklyUtilityAdvisorManip::Apply(cISC3CityAgent &)
000996d8	QueryInterface__29cSC3WeeklyUtilityAdvisorManipUiPPv	cSC3WeeklyUtilityAdvisorManip::QueryInterface(unsigned int, void **)
0009971c	DebugInstanceTag__29cSC3WeeklyUtilityAdvisorManipR10cIGZString	cSC3WeeklyUtilityAdvisorManip::DebugInstanceTag(cIGZString &)
00099728	DebugClassTag__29cSC3WeeklyUtilityAdvisorManipR10cIGZString	cSC3WeeklyUtilityAdvisorManip::DebugClassTag(cIGZString &)
00099734	DebugTypeTag__29cSC3WeeklyUtilityAdvisorManipR10cIGZString	cSC3WeeklyUtilityAdvisorManip::DebugTypeTag(cIGZString &)
00099740	QueryInterface__25cSC3UtilityBuildingRecordUiPPv	cSC3UtilityBuildingRecord::QueryInterface(unsigned int, void **)
0009974c	AddRef__25cSC3UtilityBuildingRecord	cSC3UtilityBuildingRecord::AddRef(void)
00099768	Release__25cSC3UtilityBuildingRecord	cSC3UtilityBuildingRecord::Release(void)
000997a8	GetCostString__25cSC3UtilityBuildingRecord	cSC3UtilityBuildingRecord::GetCostString(void)
000997b8	GetRatingString__25cSC3UtilityBuildingRecord	cSC3UtilityBuildingRecord::GetRatingString(void)
000997c8	GetDescriptionString__25cSC3UtilityBuildingRecord	cSC3UtilityBuildingRecord::GetDescriptionString(void)
000997d8	SetOccAttribKey__25cSC3UtilityBuildingRecordRC14cGZResourceKey	cSC3UtilityBuildingRecord::SetOccAttribKey(cGZResourceKey const &)
00099800	GetOccupantAttrib__25cSC3UtilityBuildingRecord	cSC3UtilityBuildingRecord::GetOccupantAttrib(void)
0009985c	DateAvailable__25cSC3UtilityBuildingRecord	cSC3UtilityBuildingRecord::DateAvailable(void)
0009986c	MessageID__25cSC3UtilityBuildingRecord	cSC3UtilityBuildingRecord::MessageID(void)
0009987c	BuildingType__25cSC3UtilityBuildingRecord	cSC3UtilityBuildingRecord::BuildingType(void)
0009988c	Available__25cSC3UtilityBuildingRecord	cSC3UtilityBuildingRecord::Available(void)
00099904	__15cSC3BaseAdvisor	cSC3BaseAdvisor::cSC3BaseAdvisor(void)
0009a050	_._15cSC3BaseAdvisor	cSC3BaseAdvisor::~cSC3BaseAdvisor(void)
0009a3bc	Shutdown__15cSC3BaseAdvisor	cSC3BaseAdvisor::Shutdown(void)
0009a480	Init__15cSC3BaseAdvisorP9cISC3CityP13cIGZDBSegment	cSC3BaseAdvisor::Init(cISC3City *, cIGZDBSegment *)
0009a5d0	Save__15cSC3BaseAdvisorP9cISC3CityP13cIGZDBSegment	cSC3BaseAdvisor::Save(cISC3City *, cIGZDBSegment *)
0009a730	GetNameAdvice__15cSC3BaseAdvisorR10cIGZString	cSC3BaseAdvisor::GetNameAdvice(cIGZString &)
0009a9d4	GetNameOrdinance__15cSC3BaseAdvisorR10cIGZString	cSC3BaseAdvisor::GetNameOrdinance(cIGZString &)
0009ac74	GetNameBriefings__15cSC3BaseAdvisorR10cIGZString	cSC3BaseAdvisor::GetNameBriefings(cIGZString &)
0009af14	GetPersonalName__15cSC3BaseAdvisorR10cIGZString	cSC3BaseAdvisor::GetPersonalName(cIGZString &)
0009b1b0	GetOrdinanceQueueSize__15cSC3BaseAdvisor	cSC3BaseAdvisor::GetOrdinanceQueueSize(void)
0009b1e8	GetHelpQueueSize__15cSC3BaseAdvisor	cSC3BaseAdvisor::GetHelpQueueSize(void)
0009b22c	SetAdvisorTokenData__15cSC3BaseAdvisorUiG19cSC3StringTokenData	cSC3BaseAdvisor::SetAdvisorTokenData(unsigned int, cSC3StringTokenData)
0009b3a8	GetAdviceQueueSize__15cSC3BaseAdvisor	cSC3BaseAdvisor::GetAdviceQueueSize(void)
0009b3ec	SetPetitionerTokenData__15cSC3BaseAdvisorUiG19cSC3StringTokenData	cSC3BaseAdvisor::SetPetitionerTokenData(unsigned int, cSC3StringTokenData)
0009b57c	LoadTNTNewstickerMessage__15cSC3BaseAdvisorUi	cSC3BaseAdvisor::LoadTNTNewstickerMessage(unsigned int)
0009b760	AddToCheatAdviceList__15cSC3BaseAdvisorUi	cSC3BaseAdvisor::AddToCheatAdviceList(unsigned int)
0009b894	CheckForCheatAdvice__15cSC3BaseAdvisor	cSC3BaseAdvisor::CheckForCheatAdvice(void)
0009b900	ClearCheatAdviceList__15cSC3BaseAdvisor	cSC3BaseAdvisor::ClearCheatAdviceList(void)
0009b9d8	__23cSC3AdvisorHeaderRecord	cSC3AdvisorHeaderRecord::cSC3AdvisorHeaderRecord(void)
0009ba6c	_._23cSC3AdvisorHeaderRecord	cSC3AdvisorHeaderRecord::~cSC3AdvisorHeaderRecord(void)
0009bb30	GetHeaderString__C23cSC3AdvisorHeaderRecordPP10cIGZString	cSC3AdvisorHeaderRecord::GetHeaderString(cIGZString **) const
0009bc40	SetHeaderString__23cSC3AdvisorHeaderRecordRC9cRZString	cSC3AdvisorHeaderRecord::SetHeaderString(cRZString const &)
0009bd10	__24cSC3AdvisorMessageRecord	cSC3AdvisorMessageRecord::cSC3AdvisorMessageRecord(void)
0009bec0	__24cSC3AdvisorMessageRecordUiUiRC14cGZResourceKeyR9cRZStringT4	cSC3AdvisorMessageRecord::cSC3AdvisorMessageRecord(unsigned int, unsigned int, cGZResourceKey const &, cRZString &, cRZString &)
0009c0a0	_._24cSC3AdvisorMessageRecord	cSC3AdvisorMessageRecord::~cSC3AdvisorMessageRecord(void)
0009c1e4	GetHeaderString__C24cSC3AdvisorMessageRecordPP10cIGZString	cSC3AdvisorMessageRecord::GetHeaderString(cIGZString **) const
0009c2f0	GetMessageString__C24cSC3AdvisorMessageRecordPP10cIGZString	cSC3AdvisorMessageRecord::GetMessageString(cIGZString **) const
0009c400	SetHeaderString__24cSC3AdvisorMessageRecordRC9cRZString	cSC3AdvisorMessageRecord::SetHeaderString(cRZString const &)
0009c4d0	SetMessageString__24cSC3AdvisorMessageRecordRC9cRZString	cSC3AdvisorMessageRecord::SetMessageString(cRZString const &)
0009d9dc	AddRef__15cSC3BaseAdvisor	cSC3BaseAdvisor::AddRef(void)
0009da08	Release__15cSC3BaseAdvisor	cSC3BaseAdvisor::Release(void)
0009da30	SetOutdatedResponseID__15cSC3BaseAdvisorUi	cSC3BaseAdvisor::SetOutdatedResponseID(unsigned int)
0009da40	GetOutdatedResponseID__15cSC3BaseAdvisor	cSC3BaseAdvisor::GetOutdatedResponseID(void)
0009da50	GetSimulationData__15cSC3BaseAdvisor	cSC3BaseAdvisor::GetSimulationData(void)
0009da58	CheckOnAdvice__15cSC3BaseAdvisor	cSC3BaseAdvisor::CheckOnAdvice(void)
0009da64	DoQueryInfo__15cSC3BaseAdvisorR10cGZMessageP11cIGZUnknown	cSC3BaseAdvisor::DoQueryInfo(cGZMessage &, cIGZUnknown *)
0009da70	AsISC3CityAgent__15cSC3BaseAdvisor	cSC3BaseAdvisor::AsISC3CityAgent(void)
0009da80	StaticInit__15cSC3BaseAdvisorP19cISC3CityDefinition	cSC3BaseAdvisor::StaticInit(cISC3CityDefinition *)
0009da8c	StaticShutdown__15cSC3BaseAdvisor	cSC3BaseAdvisor::StaticShutdown(void)
0009da9c	Init__15cSC3BaseAdvisorP9cISC3City	cSC3BaseAdvisor::Init(cISC3City *)
0009dad4	Init__15cSC3BaseAdvisorP9cISC3CityP13cISC2Importer	cSC3BaseAdvisor::Init(cISC3City *, cISC2Importer *)
0009dae0	GetManipulator__15cSC3BaseAdvisorRC18cISC3CityAgentTypePP25cISC3CityLayerManipulatorRi	cSC3BaseAdvisor::GetManipulator(cISC3CityAgentType const &, cISC3CityLayerManipulator **, int &)
0009daec	SimulationEnd__15cSC3BaseAdvisor	cSC3BaseAdvisor::SimulationEnd(void)
0009dafc	SimulationBegin__15cSC3BaseAdvisor	cSC3BaseAdvisor::SimulationBegin(void)
0009db40	QueryInterface__15cSC3BaseAdvisorUiPPv	cSC3BaseAdvisor::QueryInterface(unsigned int, void **)
0009dbf0	SetName__15cSC3BaseAdvisorR10cIGZString	cSC3BaseAdvisor::SetName(cIGZString &)
0009dc20	GetName__15cSC3BaseAdvisorR10cIGZString	cSC3BaseAdvisor::GetName(cIGZString &)
0009dc50	SetNameAdvice__15cSC3BaseAdvisorR10cIGZString	cSC3BaseAdvisor::SetNameAdvice(cIGZString &)
0009dc84	SetNameOrdinance__15cSC3BaseAdvisorR10cIGZString	cSC3BaseAdvisor::SetNameOrdinance(cIGZString &)
0009dcb8	SetNameBriefings__15cSC3BaseAdvisorR10cIGZString	cSC3BaseAdvisor::SetNameBriefings(cIGZString &)
0009dcec	SetPersonalName__15cSC3BaseAdvisorR10cIGZString	cSC3BaseAdvisor::SetPersonalName(cIGZString &)
0009dd1c	GetSmallAdvisorPicture__15cSC3BaseAdvisor	cSC3BaseAdvisor::GetSmallAdvisorPicture(void)
0009dd38	GetLargeAdvisorPicture__15cSC3BaseAdvisor	cSC3BaseAdvisor::GetLargeAdvisorPicture(void)
0009dd58	SetSmallAdvisorPicture__15cSC3BaseAdvisorRC14cGZResourceKey	cSC3BaseAdvisor::SetSmallAdvisorPicture(cGZResourceKey const &)
0009dd80	SetLargeAdvisorPicture__15cSC3BaseAdvisorRC14cGZResourceKey	cSC3BaseAdvisor::SetLargeAdvisorPicture(cGZResourceKey const &)
0009ddac	LoadOrdinanceHelp__15cSC3BaseAdvisorUi	cSC3BaseAdvisor::LoadOrdinanceHelp(unsigned int)
0009de80	GetOrdinanceHeaders__15cSC3BaseAdvisorRUiPP24cISC3AdvisorHeaderRecord	cSC3BaseAdvisor::GetOrdinanceHeaders(unsigned int &, cISC3AdvisorHeaderRecord **)
0009dec0	GetOrdinanceTitleFromID__15cSC3BaseAdvisorUiR10cIGZString	cSC3BaseAdvisor::GetOrdinanceTitleFromID(unsigned int, cIGZString &)
0009df00	GetOrdinanceMessageFromID__15cSC3BaseAdvisorUiR10cIGZString	cSC3BaseAdvisor::GetOrdinanceMessageFromID(unsigned int, cIGZString &)
0009df40	LoadHelp__15cSC3BaseAdvisorUi	cSC3BaseAdvisor::LoadHelp(unsigned int)
0009e010	GetHelpHeaders__15cSC3BaseAdvisorRUiPP24cISC3AdvisorHeaderRecord	cSC3BaseAdvisor::GetHelpHeaders(unsigned int &, cISC3AdvisorHeaderRecord **)
0009e050	GetHelpTitleFromID__15cSC3BaseAdvisorUiR10cIGZString	cSC3BaseAdvisor::GetHelpTitleFromID(unsigned int, cIGZString &)
0009e090	GetHelpMessageFromID__15cSC3BaseAdvisorUiR10cIGZString	cSC3BaseAdvisor::GetHelpMessageFromID(unsigned int, cIGZString &)
0009e0d0	CheckQueForAdvice__15cSC3BaseAdvisorUi	cSC3BaseAdvisor::CheckQueForAdvice(unsigned int)
0009e100	UpdateAdvice__15cSC3BaseAdvisorUi	cSC3BaseAdvisor::UpdateAdvice(unsigned int)
0009e130	LoadAdviceOnce__15cSC3BaseAdvisorUiUiUc	cSC3BaseAdvisor::LoadAdviceOnce(unsigned int, unsigned int, unsigned char)
0009e17c	LoadAdviceLimited__15cSC3BaseAdvisorUiUiUc	cSC3BaseAdvisor::LoadAdviceLimited(unsigned int, unsigned int, unsigned char)
0009e1c8	LoadAnnouncement__15cSC3BaseAdvisorUiUiUc	cSC3BaseAdvisor::LoadAnnouncement(unsigned int, unsigned int, unsigned char)
0009e214	LoadAdvice__15cSC3BaseAdvisorUi	cSC3BaseAdvisor::LoadAdvice(unsigned int)
0009e258	LoadAdvice__15cSC3BaseAdvisorUiUi	cSC3BaseAdvisor::LoadAdvice(unsigned int, unsigned int)
0009e29c	LoadAdvice__15cSC3BaseAdvisorUiUiUc	cSC3BaseAdvisor::LoadAdvice(unsigned int, unsigned int, unsigned char)
0009e2e8	LoadAdvice__15cSC3BaseAdvisorUiUiUcbUc	cSC3BaseAdvisor::LoadAdvice(unsigned int, unsigned int, unsigned char, bool, unsigned char)
0009e338	LoadAdvice__15cSC3BaseAdvisorUiUiUcbT4Uc	cSC3BaseAdvisor::LoadAdvice(unsigned int, unsigned int, unsigned char, bool, bool, unsigned char)
0009e450	ReplaceAdvisorMessageInTextTicker__15cSC3BaseAdvisorUi	cSC3BaseAdvisor::ReplaceAdvisorMessageInTextTicker(unsigned int)
0009e480	GetAdviceHeaders__15cSC3BaseAdvisorRUiPP24cISC3AdvisorHeaderRecord	cSC3BaseAdvisor::GetAdviceHeaders(unsigned int &, cISC3AdvisorHeaderRecord **)
0009e4c0	GetAdviceMessageFromID__15cSC3BaseAdvisorUiR10cIGZString	cSC3BaseAdvisor::GetAdviceMessageFromID(unsigned int, cIGZString &)
0009e510	GetAdviceStructureFromID__15cSC3BaseAdvisorUiPP25cISC3AdvisorMessageRecord	cSC3BaseAdvisor::GetAdviceStructureFromID(unsigned int, cISC3AdvisorMessageRecord **)
0009e584	AdviceSeen__15cSC3BaseAdvisorUi	cSC3BaseAdvisor::AdviceSeen(unsigned int)
0009e5b4	GetAdvisorAverageMood__15cSC3BaseAdvisor	cSC3BaseAdvisor::GetAdvisorAverageMood(void)
0009e5e0	LoadPetitionerOnce__15cSC3BaseAdvisorUiUi	cSC3BaseAdvisor::LoadPetitionerOnce(unsigned int, unsigned int)
0009e620	LoadPetitionerLimited__15cSC3BaseAdvisorUiUiUi	cSC3BaseAdvisor::LoadPetitionerLimited(unsigned int, unsigned int, unsigned int)
0009e660	LoadPetitioner__15cSC3BaseAdvisorUiUiUi	cSC3BaseAdvisor::LoadPetitioner(unsigned int, unsigned int, unsigned int)
0009e6a0	LoadPetitioner__15cSC3BaseAdvisorUiUi	cSC3BaseAdvisor::LoadPetitioner(unsigned int, unsigned int)
0009e6e0	RemovePetitioner__15cSC3BaseAdvisorUi	cSC3BaseAdvisor::RemovePetitioner(unsigned int)
0009e714	CheckPetitionersForMessageGroup__15cSC3BaseAdvisorUi	cSC3BaseAdvisor::CheckPetitionersForMessageGroup(unsigned int)
0009e748	CheckPetitionersForUnseenPetitioner__15cSC3BaseAdvisorUi	cSC3BaseAdvisor::CheckPetitionersForUnseenPetitioner(unsigned int)
0009e77c	UpdatePetitioner__15cSC3BaseAdvisorUi	cSC3BaseAdvisor::UpdatePetitioner(unsigned int)
0009e7b0	SetPetitionerSeen__15cSC3BaseAdvisorUi	cSC3BaseAdvisor::SetPetitionerSeen(unsigned int)
0009e7e4	ReplacePetitionerMessageInTextTicker__15cSC3BaseAdvisorUiQ222cISC3PetitionerManager21tPetitionerStringType	cSC3BaseAdvisor::ReplacePetitionerMessageInTextTicker(unsigned int, cISC3PetitionerManager::tPetitionerStringType)
0009e81c	DebugInstanceTag__15cSC3BaseAdvisorR10cIGZString	cSC3BaseAdvisor::DebugInstanceTag(cIGZString &)
0009e848	DebugClassTag__15cSC3BaseAdvisorR10cIGZString	cSC3BaseAdvisor::DebugClassTag(cIGZString &)
0009e854	DebugTypeTag__15cSC3BaseAdvisorR10cIGZString	cSC3BaseAdvisor::DebugTypeTag(cIGZString &)
0009e864	QueryInterface__23cSC3AdvisorHeaderRecordUiPPv	cSC3AdvisorHeaderRecord::QueryInterface(unsigned int, void **)
0009e8c0	AddRef__23cSC3AdvisorHeaderRecord	cSC3AdvisorHeaderRecord::AddRef(void)
0009e8fc	Release__23cSC3AdvisorHeaderRecord	cSC3AdvisorHeaderRecord::Release(void)
0009e95c	GetHeaderString__C23cSC3AdvisorHeaderRecordR10cIGZString	cSC3AdvisorHeaderRecord::GetHeaderString(cIGZString &) const
0009e98c	HeaderString__C23cSC3AdvisorHeaderRecord	cSC3AdvisorHeaderRecord::HeaderString(void) const
0009e99c	MessageID__C23cSC3AdvisorHeaderRecord	cSC3AdvisorHeaderRecord::MessageID(void) const
0009e9ac	SetMessageID__23cSC3AdvisorHeaderRecordUi	cSC3AdvisorHeaderRecord::SetMessageID(unsigned int)
0009e9c0	QueryInterface__24cSC3AdvisorMessageRecordUiPPv	cSC3AdvisorMessageRecord::QueryInterface(unsigned int, void **)
0009ea20	AddRef__24cSC3AdvisorMessageRecord	cSC3AdvisorMessageRecord::AddRef(void)
0009ea5c	Release__24cSC3AdvisorMessageRecord	cSC3AdvisorMessageRecord::Release(void)
0009eab8	GetMessageID__C24cSC3AdvisorMessageRecord	cSC3AdvisorMessageRecord::GetMessageID(void) const
0009eac8	GetMessageMood__C24cSC3AdvisorMessageRecord	cSC3AdvisorMessageRecord::GetMessageMood(void) const
0009ead8	GetGraphicsKey__C24cSC3AdvisorMessageRecord	cSC3AdvisorMessageRecord::GetGraphicsKey(void) const
0009eaec	GetHeaderString__C24cSC3AdvisorMessageRecordR10cIGZString	cSC3AdvisorMessageRecord::GetHeaderString(cIGZString &) const
0009eb1c	GetHeaderString__C24cSC3AdvisorMessageRecord	cSC3AdvisorMessageRecord::GetHeaderString(void) const
0009eb30	GetMessageString__C24cSC3AdvisorMessageRecordR10cIGZString	cSC3AdvisorMessageRecord::GetMessageString(cIGZString &) const
0009eb60	GetMessageString__C24cSC3AdvisorMessageRecord	cSC3AdvisorMessageRecord::GetMessageString(void) const
0009eb70	SetMessageID__24cSC3AdvisorMessageRecordUi	cSC3AdvisorMessageRecord::SetMessageID(unsigned int)
0009eb80	SetMessageMood__24cSC3AdvisorMessageRecordUi	cSC3AdvisorMessageRecord::SetMessageMood(unsigned int)
0009eb90	SetGraphicsKey__24cSC3AdvisorMessageRecordRC14cGZResourceKey	cSC3AdvisorMessageRecord::SetGraphicsKey(cGZResourceKey const &)
0009ec14	__21cSC3PetitionerManager	cSC3PetitionerManager::cSC3PetitionerManager(void)
0009eec0	_._21cSC3PetitionerManager	cSC3PetitionerManager::~cSC3PetitionerManager(void)
0009f09c	Init__21cSC3PetitionerManagerP9cISC3City	cSC3PetitionerManager::Init(cISC3City *)
0009f420	Init__21cSC3PetitionerManagerP9cISC3CityP13cIGZDBSegment	cSC3PetitionerManager::Init(cISC3City *, cIGZDBSegment *)
0009f560	Save__21cSC3PetitionerManagerP9cISC3CityP13cIGZDBSegment	cSC3PetitionerManager::Save(cISC3City *, cIGZDBSegment *)
0009f6a0	Shutdown__21cSC3PetitionerManager	cSC3PetitionerManager::Shutdown(void)
0009f970	QueryInterface__21cSC3PetitionerManagerUiPPv	cSC3PetitionerManager::QueryInterface(unsigned int, void **)
0009fa54	LoadPetitionerINI__21cSC3PetitionerManager	cSC3PetitionerManager::LoadPetitionerINI(void)
000a8018	stringGroupCallback__21cSC3PetitionerManagerRC9cRZStringT1Pv	cSC3PetitionerManager::stringGroupCallback(cRZString const &, cRZString const &, void *)
000a80a0	petitionerExtraInfoCallback__21cSC3PetitionerManagerRC9cRZStringT1Pv	cSC3PetitionerManager::petitionerExtraInfoCallback(cRZString const &, cRZString const &, void *)
000a8154	AdvanceMonth__21cSC3PetitionerManager	cSC3PetitionerManager::AdvanceMonth(void)
000a8224	CheckForNewPetitioners__21cSC3PetitionerManager	cSC3PetitionerManager::CheckForNewPetitioners(void)
000a8da8	SetPetitionerTokenData__21cSC3PetitionerManagerUiG19cSC3StringTokenData	cSC3PetitionerManager::SetPetitionerTokenData(unsigned int, cSC3StringTokenData)
000a8f24	PetitionerButtonPressed__21cSC3PetitionerManagerUiUi	cSC3PetitionerManager::PetitionerButtonPressed(unsigned int, unsigned int)
000a9e84	PlayPetitionerResponseSound__21cSC3PetitionerManagerUiUi	cSC3PetitionerManager::PlayPetitionerResponseSound(unsigned int, unsigned int)
000aa190	GetNeighborDealPetitioner__21cSC3PetitionerManagerUcPQ222cISC3PetitionerManager17tPetitionerRecord	cSC3PetitionerManager::GetNeighborDealPetitioner(unsigned char, cISC3PetitionerManager::tPetitionerRecord *)
000ac898	DoMessage__21cSC3PetitionerManagerR10cGZMessage	cSC3PetitionerManager::DoMessage(cGZMessage &)
000acbd0	AddToCheatPetitionerList__21cSC3PetitionerManagerUi	cSC3PetitionerManager::AddToCheatPetitionerList(unsigned int)
000accd0	CheckForCheatPetitioners__21cSC3PetitionerManager	cSC3PetitionerManager::CheckForCheatPetitioners(void)
000acd40	ClearCheatPetitionerList__21cSC3PetitionerManager	cSC3PetitionerManager::ClearCheatPetitionerList(void)
000acdfc	GetPetitionerQueueSize__21cSC3PetitionerManager	cSC3PetitionerManager::GetPetitionerQueueSize(void)
000ace3c	GetPetitionerStructure__21cSC3PetitionerManagerUiPQ222cISC3PetitionerManager17tPetitionerRecord	cSC3PetitionerManager::GetPetitionerStructure(unsigned int, cISC3PetitionerManager::tPetitionerRecord *)
000aea40	GetAdvisorID__21cSC3PetitionerManager	cSC3PetitionerManager::GetAdvisorID(void)
000aea4c	DoQueryInfo__21cSC3PetitionerManagerR10cGZMessageP11cIGZUnknown	cSC3PetitionerManager::DoQueryInfo(cGZMessage &, cIGZUnknown *)
000aea5c	RemovePetitioner__21cSC3PetitionerManagerUi	cSC3PetitionerManager::RemovePetitioner(unsigned int)
000aea8c	CheckForMessageGroup__21cSC3PetitionerManagerUi	cSC3PetitionerManager::CheckForMessageGroup(unsigned int)
000aeabc	CheckForPetitioner__21cSC3PetitionerManagerUi	cSC3PetitionerManager::CheckForPetitioner(unsigned int)
000aeaec	UpdatePetitionerQueue__21cSC3PetitionerManagerUi	cSC3PetitionerManager::UpdatePetitionerQueue(unsigned int)
000aeb1c	ReplacePetitionerMessageInTextTicker__21cSC3PetitionerManagerUiQ222cISC3PetitionerManager21tPetitionerStringType	cSC3PetitionerManager::ReplacePetitionerMessageInTextTicker(unsigned int, cISC3PetitionerManager::tPetitionerStringType)
000aeb50	SetPetitionerSeen__21cSC3PetitionerManagerUi	cSC3PetitionerManager::SetPetitionerSeen(unsigned int)
000aeb80	SetPetitionerUsed__21cSC3PetitionerManagerUi	cSC3PetitionerManager::SetPetitionerUsed(unsigned int)
000aebac	IsAgentLocking__21cSC3PetitionerManager	cSC3PetitionerManager::IsAgentLocking(void)
000aebbc	AddStringGroup__21cSC3PetitionerManagerQ222cISC3PetitionerManager21tPetitionerStringTypeUi	cSC3PetitionerManager::AddStringGroup(cISC3PetitionerManager::tPetitionerStringType, unsigned int)
000aec1c	AddPetitionerExtraInfoFilename__21cSC3PetitionerManagerRC9cRZString	cSC3PetitionerManager::AddPetitionerExtraInfoFilename(cRZString const &)
000aecc8	GetCurrentStringType__21cSC3PetitionerManager	cSC3PetitionerManager::GetCurrentStringType(void)
000aecd8	GetPetitionerExtraInfoFilenameCount__21cSC3PetitionerManager	cSC3PetitionerManager::GetPetitionerExtraInfoFilenameCount(void)
000aecfc	GetPetitionerExtraInfoFilename__21cSC3PetitionerManagerUi	cSC3PetitionerManager::GetPetitionerExtraInfoFilename(unsigned int)
000aed18	AsISC3CityAgent__21cSC3PetitionerManager	cSC3PetitionerManager::AsISC3CityAgent(void)
000aed28	StaticInit__21cSC3PetitionerManagerP19cISC3CityDefinition	cSC3PetitionerManager::StaticInit(cISC3CityDefinition *)
000aed34	StaticShutdown__21cSC3PetitionerManager	cSC3PetitionerManager::StaticShutdown(void)
000aed40	Init__21cSC3PetitionerManagerP9cISC3CityP13cISC2Importer	cSC3PetitionerManager::Init(cISC3City *, cISC2Importer *)
000aed50	SimulationBegin__21cSC3PetitionerManager	cSC3PetitionerManager::SimulationBegin(void)
000aedb0	SimulationEnd__21cSC3PetitionerManager	cSC3PetitionerManager::SimulationEnd(void)
000aee00	GetManipulator__21cSC3PetitionerManagerRC18cISC3CityAgentTypePP25cISC3CityLayerManipulatorRi	cSC3PetitionerManager::GetManipulator(cISC3CityAgentType const &, cISC3CityLayerManipulator **, int &)
000aee0c	GetLayerType__21cSC3PetitionerManager	cSC3PetitionerManager::GetLayerType(void)
000aee1c	AddRef__21cSC3PetitionerManager	cSC3PetitionerManager::AddRef(void)
000aee60	Release__21cSC3PetitionerManager	cSC3PetitionerManager::Release(void)
000aeedc	GetPetitionerStringGroup__21cSC3PetitionerManagerQ222cISC3PetitionerManager21tPetitionerStringTypeUi	cSC3PetitionerManager::GetPetitionerStringGroup(cISC3PetitionerManager::tPetitionerStringType, unsigned int)
000aef94	GetPetitionerString__21cSC3PetitionerManagerUiQ222cISC3PetitionerManager21tPetitionerStringTypeR10cSC3String	cSC3PetitionerManager::GetPetitionerString(unsigned int, cISC3PetitionerManager::tPetitionerStringType, cSC3String &)
000af090	Simulate__21cSC3PetitionerManageri	cSC3PetitionerManager::Simulate(int)
000af0d4	AgentType__21cSC3PetitionerManager	cSC3PetitionerManager::AgentType(void)
000af0e0	SetAgentType__21cSC3PetitionerManagerP18cISC3CityAgentType	cSC3PetitionerManager::SetAgentType(cISC3CityAgentType *)
000af0ec	MinimumExecutionInterval__21cSC3PetitionerManager	cSC3PetitionerManager::MinimumExecutionInterval(void)
000af0f8	TypeId__C21cSC3PetitionerManager	cSC3PetitionerManager::TypeId(void) const
000af104	DebugInstanceTag__21cSC3PetitionerManagerR10cIGZString	cSC3PetitionerManager::DebugInstanceTag(cIGZString &)
000af110	DebugClassTag__21cSC3PetitionerManagerR10cIGZString	cSC3PetitionerManager::DebugClassTag(cIGZString &)
000af11c	DebugTypeTag__21cSC3PetitionerManagerR10cIGZString	cSC3PetitionerManager::DebugTypeTag(cIGZString &)
000af12c	DoAdvisorSimulation__21cSC3PetitionerManager	cSC3PetitionerManager::DoAdvisorSimulation(void)
000af1d4	SetAdvisorSimulation__21cSC3PetitionerManager	cSC3PetitionerManager::SetAdvisorSimulation(void)
000af1ec	LoadPetitionerOnce__21cSC3PetitionerManagerUiUi	cSC3PetitionerManager::LoadPetitionerOnce(unsigned int, unsigned int)
000af230	LoadPetitionerLimited__21cSC3PetitionerManagerUiUiUi	cSC3PetitionerManager::LoadPetitionerLimited(unsigned int, unsigned int, unsigned int)
000af278	LoadPetitioner__21cSC3PetitionerManagerUiUi	cSC3PetitionerManager::LoadPetitioner(unsigned int, unsigned int)
000af2bc	LoadPetitioner__21cSC3PetitionerManagerUiUiUi	cSC3PetitionerManager::LoadPetitioner(unsigned int, unsigned int, unsigned int)
000af304	LoadPetitioner__21cSC3PetitionerManagerUiUibUi	cSC3PetitionerManager::LoadPetitioner(unsigned int, unsigned int, bool, unsigned int)
000af350	LoadPetitioner__21cSC3PetitionerManagerUiUibT3Ui	cSC3PetitionerManager::LoadPetitioner(unsigned int, unsigned int, bool, bool, unsigned int)
000af444	GetPetitionerHeaders__21cSC3PetitionerManagerPPQ222cISC3PetitionerManager13tHeaderRecord	cSC3PetitionerManager::GetPetitionerHeaders(cISC3PetitionerManager::tHeaderRecord **)
000af480	GetPetitionerStructureFromID__21cSC3PetitionerManagerUiPQ222cISC3PetitionerManager17tPetitionerRecord	cSC3PetitionerManager::GetPetitionerStructureFromID(unsigned int, cISC3PetitionerManager::tPetitionerRecord *)
000af4c4	GetPnAGraphicsResKeysByID__19cSC3PetitionerQueueUiR14cGZResourceKeyT2	cSC3PetitionerQueue::GetPnAGraphicsResKeysByID(unsigned int, cGZResourceKey &, cGZResourceKey &)
000b0448	__19cSC3PetitionerQueueP21cSC3PetitionerManager	cSC3PetitionerQueue::cSC3PetitionerQueue(cSC3PetitionerManager *)
000b0634	_._19cSC3PetitionerQueue	cSC3PetitionerQueue::~cSC3PetitionerQueue(void)
000b0710	RegisterPetitionerWithQueue__19cSC3PetitionerQueueP19PetitionerStringSet	cSC3PetitionerQueue::RegisterPetitionerWithQueue(PetitionerStringSet *)
000b08b8	SetStringToken__19cSC3PetitionerQueueUiR19cSC3StringTokenData	cSC3PetitionerQueue::SetStringToken(unsigned int, cSC3StringTokenData &)
000b0b44	UpdatePetitionerQueue__19cSC3PetitionerQueueUi	cSC3PetitionerQueue::UpdatePetitionerQueue(unsigned int)
000b0c4c	CheckQueueForPetitioner__19cSC3PetitionerQueueUi	cSC3PetitionerQueue::CheckQueueForPetitioner(unsigned int)
000b0d4c	CheckQueueForMessageGroup__19cSC3PetitionerQueueUi	cSC3PetitionerQueue::CheckQueueForMessageGroup(unsigned int)
000b0e5c	ClearMessageGroup__19cSC3PetitionerQueueUi	cSC3PetitionerQueue::ClearMessageGroup(unsigned int)
000b0fe4	SetPetitionerSeen__19cSC3PetitionerQueueUi	cSC3PetitionerQueue::SetPetitionerSeen(unsigned int)
000b1120	SetPetitionerUsed__19cSC3PetitionerQueueUi	cSC3PetitionerQueue::SetPetitionerUsed(unsigned int)
000b1234	RemovePetitionerFromQueue__19cSC3PetitionerQueueUi	cSC3PetitionerQueue::RemovePetitionerFromQueue(unsigned int)
000b13b4	CleanPetitionerQueue__19cSC3PetitionerQueue	cSC3PetitionerQueue::CleanPetitionerQueue(void)
000b1508	GetHeaders__19cSC3PetitionerQueuePPQ222cISC3PetitionerManager13tHeaderRecord	cSC3PetitionerQueue::GetHeaders(cISC3PetitionerManager::tHeaderRecord **)
000b17e0	GetPetitionerStructureFromID__19cSC3PetitionerQueueUiPQ222cISC3PetitionerManager17tPetitionerRecord	cSC3PetitionerQueue::GetPetitionerStructureFromID(unsigned int, cISC3PetitionerManager::tPetitionerRecord *)
000b25f4	GetOutdatedPetitionerResponse__19cSC3PetitionerQueuePQ222cISC3PetitionerManager17tPetitionerRecord	cSC3PetitionerQueue::GetOutdatedPetitionerResponse(cISC3PetitionerManager::tPetitionerRecord *)
000b29a0	SendMessageToTextTicker__19cSC3PetitionerQueueUiQ222cISC3PetitionerManager21tPetitionerStringTypeP19PetitionerStringSet	cSC3PetitionerQueue::SendMessageToTextTicker(unsigned int, cISC3PetitionerManager::tPetitionerStringType, PetitionerStringSet *)
000b2d00	ReplaceMessageInTextTicker__19cSC3PetitionerQueueUiQ222cISC3PetitionerManager21tPetitionerStringType	cSC3PetitionerQueue::ReplaceMessageInTextTicker(unsigned int, cISC3PetitionerManager::tPetitionerStringType)
000b30f4	CleanPetitionerFlags__19cSC3PetitionerQueue	cSC3PetitionerQueue::CleanPetitionerFlags(void)
000b3210	DoHouseKeeping__19cSC3PetitionerQueue	cSC3PetitionerQueue::DoHouseKeeping(void)
000b3540	SerialWrite__19cSC3PetitionerQueueP9cISC3CityR18cIGZDBSerialRecord	cSC3PetitionerQueue::SerialWrite(cISC3City *, cIGZDBSerialRecord &)
000b3644	SerialRead__19cSC3PetitionerQueueP9cISC3CityUiR18cIGZDBSerialRecord	cSC3PetitionerQueue::SerialRead(cISC3City *, unsigned int, cIGZDBSerialRecord &)
000b37e0	__19PetitionerStringSet	PetitionerStringSet::PetitionerStringSet(void)
000b3910	SerialWrite__19PetitionerStringSetP9cISC3CityR18cIGZDBSerialRecord	PetitionerStringSet::SerialWrite(cISC3City *, cIGZDBSerialRecord &)
000b3af4	SerialRead__19PetitionerStringSetP9cISC3CityUiUiR18cIGZDBSerialRecord	PetitionerStringSet::SerialRead(cISC3City *, unsigned int, unsigned int, cIGZDBSerialRecord &)
000b4000	Clear__19cSC3PetitionerQueue	cSC3PetitionerQueue::Clear(void)
000b4008	GetQueueSize__19cSC3PetitionerQueue	cSC3PetitionerQueue::GetQueueSize(void)
000b4034	GetSaveVersion__C19cSC3PetitionerQueue	cSC3PetitionerQueue::GetSaveVersion(void) const
000b4044	lock__19cSC3PetitionerQueue	cSC3PetitionerQueue::lock(void)
000b4074	unlock__19cSC3PetitionerQueue	cSC3PetitionerQueue::unlock(void)
000b40a4	RemoveMessageFromTextTicker__19cSC3PetitionerQueueUi	cSC3PetitionerQueue::RemoveMessageFromTextTicker(unsigned int)
000b40f4	LoadTickerMessageForButton__19cSC3PetitionerQueueUiUi	cSC3PetitionerQueue::LoadTickerMessageForButton(unsigned int, unsigned int)
000b4150	DeletePointers__19cSC3PetitionerQueueP19PetitionerStringSet	cSC3PetitionerQueue::DeletePointers(PetitionerStringSet *)
000b41a8	GetIDForPetitoner__19cSC3PetitionerQueueUi	cSC3PetitionerQueue::GetIDForPetitoner(unsigned int)
000b4204	GetSaveVersion__19PetitionerStringSet	PetitionerStringSet::GetSaveVersion(void)
000b4214	__17cRZCOMDllDirector	cRZCOMDllDirector::cRZCOMDllDirector(void)
000b44a4	_._17cRZCOMDllDirector	cRZCOMDllDirector::~cRZCOMDllDirector(void)
000b45e4	InitializeCOM__17cRZCOMDllDirectorP7cIGZCOMR10cIGZString	cRZCOMDllDirector::InitializeCOM(cIGZCOM *, cIGZString &)
000b48d4	OnStart__17cRZCOMDllDirectorP7cIGZCOM	cRZCOMDllDirector::OnStart(cIGZCOM *)
000b4a30	GetClassObject__17cRZCOMDllDirectorUiUiPPv	cRZCOMDllDirector::GetClassObject(unsigned int, unsigned int, void **)
000b4b48	EnumClassObjects__17cRZCOMDllDirectorPFUiUiPv_vPv	cRZCOMDllDirector::EnumClassObjects(void (*)(unsigned int, unsigned int, void *), void *)
000b4c28	AddDirector__17cRZCOMDllDirectorP17cRZCOMDllDirector	cRZCOMDllDirector::AddDirector(cRZCOMDllDirector *)
000b4cd0	OnUnload__17cRZCOMDllDirector	cRZCOMDllDirector::OnUnload(void)
000b4ce0	GZCOM__Fv	GZCOM(void)
000b4d10	GZDllGetGZCOMDirector	GZDllGetGZCOMDirector
000b4d30	QueryInterface__17cRZCOMDllDirectorUiPPv	cRZCOMDllDirector::QueryInterface(unsigned int, void **)
000b4dac	FrameWork__17cRZCOMDllDirector	cRZCOMDllDirector::FrameWork(void)
000b4dbc	AddRef__17cRZCOMDllDirector	cRZCOMDllDirector::AddRef(void)
000b4dd8	Release__17cRZCOMDllDirector	cRZCOMDllDirector::Release(void)
000b4e00	RemoveRef__17cRZCOMDllDirector	cRZCOMDllDirector::RemoveRef(void)
000b4e18	RefCount__17cRZCOMDllDirector	cRZCOMDllDirector::RefCount(void)
000b4e2c	ModuleName__17cRZCOMDllDirectorR10cIGZString	cRZCOMDllDirector::ModuleName(cIGZString &)
000b4e60	CanUnloadNow__17cRZCOMDllDirector	cRZCOMDllDirector::CanUnloadNow(void)
000b4eb8	AddCls__17cRZCOMDllDirectorUiPFv_P11cIGZUnknownUi	cRZCOMDllDirector::AddCls(unsigned int, cIGZUnknown *(*)(void), unsigned int)
000b4f0c	AppRegister__17cRZCOMDllDirectorP12cIGZRegistry	cRZCOMDllDirector::AppRegister(cIGZRegistry *)
000b4f64	PreFrameWorkInit__17cRZCOMDllDirector	cRZCOMDllDirector::PreFrameWorkInit(void)
000b4f70	PreAppInit__17cRZCOMDllDirector	cRZCOMDllDirector::PreAppInit(void)
000b4f7c	PostAppInit__17cRZCOMDllDirector	cRZCOMDllDirector::PostAppInit(void)
000b4f88	PreAppShutdown__17cRZCOMDllDirector	cRZCOMDllDirector::PreAppShutdown(void)
000b4f94	PostAppShutdown__17cRZCOMDllDirector	cRZCOMDllDirector::PostAppShutdown(void)
000b4fa0	PostSystemServiceShutdown__17cRZCOMDllDirector	cRZCOMDllDirector::PostSystemServiceShutdown(void)
000b4fac	AbortiveQuit__17cRZCOMDllDirector	cRZCOMDllDirector::AbortiveQuit(void)
000b4fb8	OnInstall__17cRZCOMDllDirector	cRZCOMDllDirector::OnInstall(void)
000b4fc4	GZCOM__17cRZCOMDllDirector	cRZCOMDllDirector::GZCOM(void)
000b4fe0	__out_of_range__FPCc	__out_of_range(char const *)
000b5248	__length_error__FPCc	__length_error(char const *)
000b54a8	__11logic_errorRCt12basic_string3ZcZt18string_char_traits1ZcZt24__default_alloc_template2b1i0	logic_error::logic_error(basic_string<char, string_char_traits<char>, __default_alloc_template<true, 0> > const &)
000b5504	what__C11logic_error	logic_error::what(void) const
000b552c	__12domain_errorRCt12basic_string3ZcZt18string_char_traits1ZcZt24__default_alloc_template2b1i0	domain_error::domain_error(basic_string<char, string_char_traits<char>, __default_alloc_template<true, 0> > const &)
000b558c	__16invalid_argumentRCt12basic_string3ZcZt18string_char_traits1ZcZt24__default_alloc_template2b1i0	invalid_argument::invalid_argument(basic_string<char, string_char_traits<char>, __default_alloc_template<true, 0> > const &)
000b55ec	__12length_errorRCt12basic_string3ZcZt18string_char_traits1ZcZt24__default_alloc_template2b1i0	length_error::length_error(basic_string<char, string_char_traits<char>, __default_alloc_template<true, 0> > const &)
000b564c	__12out_of_rangeRCt12basic_string3ZcZt18string_char_traits1ZcZt24__default_alloc_template2b1i0	out_of_range::out_of_range(basic_string<char, string_char_traits<char>, __default_alloc_template<true, 0> > const &)
000b56ac	__13runtime_errorRCt12basic_string3ZcZt18string_char_traits1ZcZt24__default_alloc_template2b1i0	runtime_error::runtime_error(basic_string<char, string_char_traits<char>, __default_alloc_template<true, 0> > const &)
000b570c	what__C13runtime_error	runtime_error::what(void) const
000b5730	__13runtime_error	runtime_error::runtime_error(void)
000b5794	__11range_errorRCt12basic_string3ZcZt18string_char_traits1ZcZt24__default_alloc_template2b1i0	range_error::range_error(basic_string<char, string_char_traits<char>, __default_alloc_template<true, 0> > const &)
000b57ec	__14overflow_errorRCt12basic_string3ZcZt18string_char_traits1ZcZt24__default_alloc_template2b1i0	overflow_error::overflow_error(basic_string<char, string_char_traits<char>, __default_alloc_template<true, 0> > const &)
000b584c	__15underflow_errorRCt12basic_string3ZcZt18string_char_traits1ZcZt24__default_alloc_template2b1i0	underflow_error::underflow_error(basic_string<char, string_char_traits<char>, __default_alloc_template<true, 0> > const &)
000b58b0	__7istreamiP9streambufP7ostream	istream::istream(int, streambuf *, ostream *)
000b5964	skip_ws__FP9streambuf	skip_ws(streambuf *)
000b5998	get__7istreamRc	istream::get(char &)
000b5a78	peek__7istream	istream::peek(void)
000b5ad4	ignore__7istreamii	istream::ignore(int, int)
000b5bcc	read__7istreamPci	istream::read(char *, int)
000b5ca4	sync__7istream	istream::sync(void)
000b5ce4	seekg__7istreamx	istream::seekg(long long)
000b5d1c	seekg__7istreamxQ23ios8seek_dir	istream::seekg(long long, ios::seek_dir)
000b5d5c	tellg__7istream	istream::tellg(void)
000b5d9c	__rs__7istreamRc	istream::operator>>(char &)
000b5e84	__rs__7istreamPc	istream::operator>>(char *)
000b62a0	__rs__7istreamRs	istream::operator>>(short &)
000b62e4	__rs__7istreamRUs	istream::operator>>(unsigned short &)
000b6328	__rs__7istreamRi	istream::operator>>(int &)
000b6368	__rs__7istreamRUi	istream::operator>>(unsigned int &)
000b63a8	__rs__7istreamRl	istream::operator>>(long &)
000b63e8	__rs__7istreamRUl	istream::operator>>(unsigned long &)
000b6428	__rs__7istreamRx	istream::operator>>(long long &)
000b6470	__rs__7istreamRUx	istream::operator>>(unsigned long long &)
000b64b8	__rs__7istreamRb	istream::operator>>(bool &)
000b6504	__rs__7istreamRr	istream::operator>>(long double &)
000b65d8	__rs__7istreamRd	istream::operator>>(double &)
000b66a8	__rs__7istreamRf	istream::operator>>(float &)
000b6778	__rs__7istreamP9streambuf	istream::operator>>(streambuf *)
000b687c	__ls__7ostreamc	ostream::operator<<(char)
000b6bec	__ls__7ostreami	ostream::operator<<(int)
000b6c98	__ls__7ostreamUi	ostream::operator<<(unsigned int)
000b6d28	__ls__7ostreaml	ostream::operator<<(long)
000b6dd4	__ls__7ostreamUl	ostream::operator<<(unsigned long)
000b6e64	__ls__7ostreamx	ostream::operator<<(long long)
000b6f18	__ls__7ostreamUx	ostream::operator<<(unsigned long long)
000b6fa8	__ls__7ostreamd	ostream::operator<<(double)
000b7158	__ls__7ostreamr	ostream::operator<<(long double)
000b730c	__ls__7ostreamPCc	ostream::operator<<(char const *)
000b7498	__ls__7ostreamP9streambuf	ostream::operator<<(streambuf *)
000b75b0	__7ostreamiP9streambufP7ostream	ostream::ostream(int, streambuf *, ostream *)
000b765c	seekp__7ostreamx	ostream::seekp(long long)
000b7694	seekp__7ostreamxQ23ios8seek_dir	ostream::seekp(long long, ios::seek_dir)
000b76d4	tellp__7ostream	ostream::tellp(void)
000b7714	flush__7ostream	ostream::flush(void)
000b7744	flush__FR7ostream	flush(ostream &)
000b775c	ws__FR7istream	ws(istream &)
000b7838	_skip_ws__7istream	istream::_skip_ws(void)
000b7880	ends__FR7ostream	ends(ostream &)
000b78a4	endl__FR7ostream	endl(ostream &)
000b78d0	lock__FR7istream	lock(istream &)
000b78f0	unlock__FR7istream	unlock(istream &)
000b7910	lock__FR7ostream	lock(ostream &)
000b7930	unlock__FR7ostream	unlock(ostream &)
000b7950	write__7ostreamPCci	ostream::write(char const *, int)
000b7a24	do_osfx__7ostream	ostream::do_osfx(void)
000b7a70	__8iostreamiP9streambufP7ostream	iostream::iostream(int, streambuf *, ostream *)
000b7b34	close__3ios	ios::close(void)
000b7b78	skip__7istreami	istream::skip(int)
000b7ba0	__7ostreami	ostream::ostream(int)
000b7c00	opfx__7ostream	ostream::opfx(void)
000b7c44	osfx__7ostream	ostream::osfx(void)
000b7c78	put__7ostreamc	ostream::put(char)
000b7ca0	put__7ostreamUc	ostream::put(unsigned char)
000b7cc8	put__7ostreamSc	ostream::put(signed char)
000b7cf0	write__7ostreamPCUci	ostream::write(unsigned char const *, int)
000b7d10	write__7ostreamPCSci	ostream::write(signed char const *, int)
000b7d30	write__7ostreamPCvi	ostream::write(void const *, int)
000b7d50	__ls__7ostreamUc	ostream::operator<<(unsigned char)
000b7d6c	__ls__7ostreamSc	ostream::operator<<(signed char)
000b7d88	__ls__7ostreamPCUc	ostream::operator<<(unsigned char const *)
000b7da4	__ls__7ostreamPCSc	ostream::operator<<(signed char const *)
000b7dc0	__ls__7ostreams	ostream::operator<<(short)
000b7ddc	__ls__7ostreamUs	ostream::operator<<(unsigned short)
000b7df8	__ls__7ostreamb	ostream::operator<<(bool)
000b7e14	__ls__7ostreamf	ostream::operator<<(float)
000b7e34	__ls__7ostreamPFR7ostream_R7ostream	ostream::operator<<(ostream &(*)(ostream &))
000b7e4c	__ls__7ostreamPFR3ios_R3ios	ostream::operator<<(ios &(*)(ios &))
000b7e6c	ostreambuf__C7ostream	ostream::ostreambuf(void) const
000b7e7c	__7istreami	istream::istream(int)
000b7ee4	get__7istreamPUcic	istream::get(unsigned char *, int, char)
000b7f08	get__7istreamRUc	istream::get(unsigned char &)
000b7f24	getline__7istreamPUcic	istream::getline(unsigned char *, int, char)
000b7f48	get__7istreamRSc	istream::get(signed char &)
000b7f64	get__7istreamPScic	istream::get(signed char *, int, char)
000b7f88	getline__7istreamPScic	istream::getline(signed char *, int, char)
000b7fac	read__7istreamPUci	istream::read(unsigned char *, int)
000b7fcc	read__7istreamPSci	istream::read(signed char *, int)
000b7fec	read__7istreamPvi	istream::read(void *, int)
000b800c	ipfx__7istreami	istream::ipfx(int)
000b8090	ipfx0__7istream	istream::ipfx0(void)
000b80f4	ipfx1__7istream	istream::ipfx1(void)
000b8148	isfx__7istream	istream::isfx(void)
000b8164	get__7istream	istream::get(void)
000b81e8	gcount__7istream	istream::gcount(void)
000b81f8	putback__7istreamc	istream::putback(char)
000b8230	unget__7istream	istream::unget(void)
000b8264	unget__7istreamc	istream::unget(char)
000b829c	istreambuf__C7istream	istream::istreambuf(void) const
000b82ac	__rs__7istreamPUc	istream::operator>>(unsigned char *)
000b82c8	__rs__7istreamPSc	istream::operator>>(signed char *)
000b82e4	__rs__7istreamRUc	istream::operator>>(unsigned char &)
000b8300	__rs__7istreamRSc	istream::operator>>(signed char &)
000b831c	__rs__7istreamPFR3ios_R3ios	istream::operator>>(ios &(*)(ios &))
000b833c	__rs__7istreamPFR7istream_R7istream	istream::operator>>(istream &(*)(istream &))
000b8354	__8iostreami	iostream::iostream(int)
000b83d4	__as__22_IO_istream_withassignR22_IO_istream_withassign	_IO_istream_withassign::operator=(_IO_istream_withassign &)
000b83f0	__as__22_IO_ostream_withassignR22_IO_ostream_withassign	_IO_ostream_withassign::operator=(_IO_ostream_withassign &)
000b840c	dec__FR3ios	dec(ios &)
000b8424	hex__FR3ios	hex(ios &)
000b843c	oct__FR3ios	oct(ios &)
000b8460	getline__7istreamPcic	istream::getline(char *, int, char)
000b85cc	get__7istreamPcic	istream::get(char *, int, char)
000b86d8	_sb_readline__FP9streambufRlc	_sb_readline(streambuf *, long &, char)
000b87f4	gets__7istreamPPcc	istream::gets(char **, char)
000b8900	scan__7istreamPCce	istream::scan(char const *,...)
000b89d8	vscan__7istreamPCcPv	istream::vscan(char const *, void *)
000b8aa8	vscan__9streambufPCcPvP3ios	streambuf::vscan(char const *, void *, ios *)
000b8ae4	scan__9streambufPCce	streambuf::scan(char const *,...)
000b8b04	sync_with_stdio__3iosi	ios::sync_with_stdio(int)
000b8b10	_un_link__9streambuf	streambuf::_un_link(void)
000b8b28	_link_in__9streambuf	streambuf::_link_in(void)
000b8b40	switch_to_get_mode__9streambuf	streambuf::switch_to_get_mode(void)
000b8b58	free_backup_area__9streambuf	streambuf::free_backup_area(void)
000b8b70	__overflow__FP9streambufi	__overflow(streambuf *, int)
000b8b90	underflow__9streambuf	streambuf::underflow(void)
000b8b9c	uflow__9streambuf	streambuf::uflow(void)
000b8bb4	overflow__9streambufi	streambuf::overflow(int)
000b8bc0	xsputn__9streambufPCci	streambuf::xsputn(char const *, int)
000b8be0	xsgetn__9streambufPci	streambuf::xsgetn(char *, int)
000b8c00	ignore__9streambufi	streambuf::ignore(int)
000b8c50	sync__9streambuf	streambuf::sync(void)
000b8c5c	pbackfail__9streambufi	streambuf::pbackfail(int)
000b8c78	setbuf__9streambufPci	streambuf::setbuf(char *, int)
000b8d18	seekpos__9streambufxi	streambuf::seekpos(long long, int)
000b8d48	sseekpos__9streambufxi	streambuf::sseekpos(long long, int)
000b8d68	setb__9streambufPcT1i	streambuf::setb(char *, char *, int)
000b8d8c	doallocate__9streambuf	streambuf::doallocate(void)
000b8da4	doallocbuf__9streambuf	streambuf::doallocbuf(void)
000b8dbc	__9streambufi	streambuf::streambuf(int)
000b8df8	_._9streambuf	streambuf::~streambuf(void)
000b8e58	seekoff__9streambufxQ23ios8seek_diri	streambuf::seekoff(long long, ios::seek_dir, int)
000b8e6c	sseekoff__9streambufxQ23ios8seek_diri	streambuf::sseekoff(long long, ios::seek_dir, int)
000b8e94	sputbackc__9streambufc	streambuf::sputbackc(char)
000b8eb0	sungetc__9streambuf	streambuf::sungetc(void)
000b8ec8	get_column__9streambuf	streambuf::get_column(void)
000b8efc	set_column__9streambufi	streambuf::set_column(int)
000b8f10	flush_all__9streambuf	streambuf::flush_all(void)
000b8f20	flush_all_linebuffered__9streambuf	streambuf::flush_all_linebuffered(void)
000b8f30	sys_stat__9streambufPv	streambuf::sys_stat(void *)
000b8f4c	sys_read__9streambufPci	streambuf::sys_read(char *, int)
000b8f58	sys_write__9streambufPCci	streambuf::sys_write(char const *, int)
000b8f64	sys_seek__9streambufxQ23ios8seek_dir	streambuf::sys_seek(long long, ios::seek_dir)
000b8f78	sys_close__9streambuf	streambuf::sys_close(void)
000b8f84	showmanyc__9streambuf	streambuf::showmanyc(void)
000b8f90	imbue__9streambufPv	streambuf::imbue(void *)
000b8f98	__12streammarkerP9streambuf	streammarker::streammarker(streambuf *)
000b8fb8	_._12streammarker	streammarker::~streammarker(void)
000b8fec	delta__12streammarkerR12streammarker	streammarker::delta(streammarker &)
000b9008	delta__12streammarker	streammarker::delta(void)
000b9020	seekmark__9streambufR12streammarkeri	streambuf::seekmark(streammarker &, int)
000b9040	unsave_markers__9streambuf	streambuf::unsave_markers(void)
000b9058	readable__3ios	ios::readable(void)
000b9070	writable__3ios	ios::writable(void)
000b9088	is_open__3ios	ios::is_open(void)
000b90ac	tie__C3ios	ios::tie(void) const
000b90bc	tie__3iosP7ostream	ios::tie(ostream *)
000b90d4	fill__C3ios	ios::fill(void) const
000b90e4	fill__3iosw	ios::fill(wchar_t)
000b90fc	flags__C3ios	ios::flags(void) const
000b910c	flags__3iosUl	ios::flags(unsigned long)
000b9124	precision__C3ios	ios::precision(void) const
000b9134	precision__3iosi	ios::precision(int)
000b914c	setf__3iosUl	ios::setf(unsigned long)
000b9164	setf__3iosUlUl	ios::setf(unsigned long, unsigned long)
000b9188	unsetf__3iosUl	ios::unsetf(unsigned long)
000b91a4	width__C3ios	ios::width(void) const
000b91b4	width__3iosi	ios::width(int)
000b91cc	_throw_failure__C3ios	ios::_throw_failure(void) const
000b91d4	clear__3iosi	ios::clear(int)
000b91f0	set__3iosi	ios::set(int)
000b9200	setstate__3iosi	ios::setstate(int)
000b9210	good__C3ios	ios::good(void) const
000b9224	eof__C3ios	ios::eof(void) const
000b9238	fail__C3ios	ios::fail(void) const
000b924c	bad__C3ios	ios::bad(void) const
000b9260	rdstate__C3ios	ios::rdstate(void) const
000b9270	__opPv__C3ios	ios::operator void *(void) const
000b928c	__nt__C3ios	ios::operator!(void) const
000b92a0	exceptions__C3ios	ios::exceptions(void) const
000b92b0	exceptions__3iosi	ios::exceptions(int)
000b92c0	rdbuf__C3ios	ios::rdbuf(void) const
000b92cc	rdbuf__3iosP9streambuf	ios::rdbuf(streambuf *)
000b92ec	sync_with_stdio__3ios	ios::sync_with_stdio(void)
000b9300	unset__3ios11state_value	ios::unset(state_value)
000b9314	__Q23ios4Init	ios::Init::Init(void)
000b9320	set_offset__12streammarkeri	streammarker::set_offset(int)
000b9330	saving__12streammarker	streammarker::saving(void)
000b933c	_vtable__9streambuf	streambuf::_vtable(void)
000b934c	xchain__9streambuf	streambuf::xchain(void)
000b935c	gptr__C9streambuf	streambuf::gptr(void) const
000b9378	pptr__C9streambuf	streambuf::pptr(void) const
000b9388	egptr__C9streambuf	streambuf::egptr(void) const
000b93a8	epptr__C9streambuf	streambuf::epptr(void) const
000b93b8	pbase__C9streambuf	streambuf::pbase(void) const
000b93c8	eback__C9streambuf	streambuf::eback(void) const
000b93e8	base__C9streambuf	streambuf::base(void) const
000b93f8	ebuf__C9streambuf	streambuf::ebuf(void) const
000b9408	blen__C9streambuf	streambuf::blen(void) const
000b941c	xput_char__9streambufc	streambuf::xput_char(char)
000b9434	xflags__9streambuf	streambuf::xflags(void)
000b9440	xflags__9streambufi	streambuf::xflags(int)
000b9454	xsetflags__9streambufi	streambuf::xsetflags(int)
000b9464	xsetflags__9streambufii	streambuf::xsetflags(int, int)
000b9480	gbump__9streambufi	streambuf::gbump(int)
000b949c	pbump__9streambufi	streambuf::pbump(int)
000b94b0	setp__9streambufPcT1	streambuf::setp(char *, char *)
000b94cc	setg__9streambufPcN21	streambuf::setg(char *, char *, char *)
000b9500	shortbuf__9streambuf	streambuf::shortbuf(void)
000b9510	in_backup__9streambuf	streambuf::in_backup(void)
000b9524	Gbase__9streambuf	streambuf::Gbase(void)
000b953c	eGptr__9streambuf	streambuf::eGptr(void)
000b9558	Bbase__9streambuf	streambuf::Bbase(void)
000b9578	Bptr__9streambuf	streambuf::Bptr(void)
000b9588	eBptr__9streambuf	streambuf::eBptr(void)
000b95a8	Nbase__9streambuf	streambuf::Nbase(void)
000b95b8	eNptr__9streambuf	streambuf::eNptr(void)
000b95c8	have_backup__9streambuf	streambuf::have_backup(void)
000b95dc	have_markers__9streambuf	streambuf::have_markers(void)
000b95f0	put_mode__9streambuf	streambuf::put_mode(void)
000b9604	pubseekoff__9streambufxQ23ios8seek_diri	streambuf::pubseekoff(long long, ios::seek_dir, int)
000b962c	pubseekpos__9streambufxi	streambuf::pubseekpos(long long, int)
000b964c	unbuffered__9streambuf	streambuf::unbuffered(void)
000b9660	linebuffered__9streambuf	streambuf::linebuffered(void)
000b9674	unbuffered__9streambufi	streambuf::unbuffered(int)
000b968c	linebuffered__9streambufi	streambuf::linebuffered(int)
000b96a8	allocate__9streambuf	streambuf::allocate(void)
000b96d4	allocbuf__9streambuf	streambuf::allocbuf(void)
000b96f0	in_avail__9streambuf	streambuf::in_avail(void)
000b9704	out_waiting__9streambuf	streambuf::out_waiting(void)
000b9718	sputn__9streambufPCci	streambuf::sputn(char const *, int)
000b9740	padn__9streambufci	streambuf::padn(char, int)
000b9760	sgetn__9streambufPci	streambuf::sgetn(char *, int)
000b9780	sputc__9streambufi	streambuf::sputc(int)
000b979c	sbumpc__9streambuf	streambuf::sbumpc(void)
000b97b4	sgetc__9streambuf	streambuf::sgetc(void)
000b97cc	snextc__9streambuf	streambuf::snextc(void)
000b9804	stossc__9streambuf	streambuf::stossc(void)
000b981c	is_open__C7filebuf	filebuf::is_open(void) const
000b9830	fd__C7filebuf	filebuf::fd(void) const
000b984c	is_reading__7filebuf	filebuf::is_reading(void)
000b9880	cur_ptr__7filebuf	filebuf::cur_ptr(void)
000b98c0	file_ptr__7filebuf	filebuf::file_ptr(void)
000b98d8	init__3iosP9streambufP7ostream	ios::init(streambuf *, ostream *)
000b9928	__3iosP9streambufP7ostream	ios::ios(streambuf *, ostream *)
000b997c	_._3ios	ios::~ios(void)
000b99c0	init__7filebuf	filebuf::init(void)
000b99d8	__7filebuf	filebuf::filebuf(void)
000b9a38	__7filebufi	filebuf::filebuf(int)
000b9a9c	__7filebufiPci	filebuf::filebuf(int, char *, int)
000b9b1c	_._7filebuf	filebuf::~filebuf(void)
000b9b78	open__7filebufPCcii	filebuf::open(char const *, int, int)
000b9c28	open__7filebufPCcT1	filebuf::open(char const *, char const *)
000b9c48	attach__7filebufi	filebuf::attach(int)
000b9c64	setbuf__7filebufPci	filebuf::setbuf(char *, int)
000b9c84	doallocate__7filebuf	filebuf::doallocate(void)
000b9c9c	overflow__7filebufi	filebuf::overflow(int)
000b9cb8	underflow__7filebuf	filebuf::underflow(void)
000b9cd0	sync__7filebuf	filebuf::sync(void)
000b9ce8	seekoff__7filebufxQ23ios8seek_diri	filebuf::seekoff(long long, ios::seek_dir, int)
000b9d10	close__7filebuf	filebuf::close(void)
000b9d34	sys_read__7filebufPci	filebuf::sys_read(char *, int)
000b9d54	sys_seek__7filebufxQ23ios8seek_dir	filebuf::sys_seek(long long, ios::seek_dir)
000b9d74	sys_write__7filebufPCci	filebuf::sys_write(char const *, int)
000b9d94	sys_stat__7filebufPv	filebuf::sys_stat(void *)
000b9db0	sys_close__7filebuf	filebuf::sys_close(void)
000b9dc8	xsputn__7filebufPCci	filebuf::xsputn(char const *, int)
000b9de8	xsgetn__7filebufPci	filebuf::xsgetn(char *, int)
000b9e10	__as__22_IO_istream_withassignR7istream	_IO_istream_withassign::operator=(istream &)
000b9e74	__as__22_IO_ostream_withassignR7ostream	_IO_ostream_withassign::operator=(ostream &)
000b9ed0	__divdi3	__divdi3
000ba074	__default_terminate	__default_terminate
000ba090	__terminate	__terminate
000ba0b8	__throw_type_match	__throw_type_match
000ba0ec	__empty	__empty
000ba148	__get_eh_context	__get_eh_context
000ba16c	__get_eh_info	__get_eh_info
000ba21c	__get_dynamic_handler_chain	__get_dynamic_handler_chain
000ba244	__sjthrow	__sjthrow
000ba354	__sjpopnthrow	__sjpopnthrow
000ba44c	__eh_rtime_match	__eh_rtime_match
000ba4a4	__get_eh_table_version	__get_eh_table_version
000ba4b4	__get_eh_table_language	__get_eh_table_language
000ba758	__unwinding_cleanup	__unwinding_cleanup
000baac8	__throw	__throw
000bab88	__rethrow	__rethrow
000bac54	__pure_virtual	__pure_virtual
000bac90	__udivdi3	__udivdi3
000badb0	__umoddi3	__umoddi3
000baf44	terminate__Fv	terminate(void)
000baf64	__default_unexpected__Fv	__default_unexpected(void)
000baf80	set_terminate__FPFv_v	set_terminate(void (*)(void))
000bafa8	set_unexpected__FPFv_v	set_unexpected(void (*)(void))
000bafd4	unexpected__Fv	unexpected(void)
000baff4	__cp_exception_info	__cp_exception_info
000bb01c	__cp_eh_info	__cp_eh_info
000bb040	__start_cp_handler	__start_cp_handler
000bb06c	__eh_alloc	__eh_alloc
000bb0a4	__eh_free	__eh_free
000bb0d0	__cplus_type_matcher	__cplus_type_matcher
000bb13c	__cp_push_exception	__cp_push_exception
000bb1b0	__cp_pop_exception	__cp_pop_exception
000bb260	__uncatch_exception	__uncatch_exception
000bb290	__check_eh_spec	__check_eh_spec
000bb464	__throw_bad_cast	__throw_bad_cast
000bb508	__throw_bad_typeid	__throw_bad_typeid
000bb5a8	uncaught_exception__Fv	uncaught_exception(void)
000bb5dc	what__C9exception	exception::what(void) const
000bb604	__9exception	exception::exception(void)
000bb62c	_._9exception	exception::~exception(void)
000bb664	__13bad_exception	bad_exception::bad_exception(void)
000bb694	_._13bad_exception	bad_exception::~bad_exception(void)
000bc154	__register_frame_info	__register_frame_info
000bc1a0	__register_frame	__register_frame
000bc1d8	__register_frame_info_table	__register_frame_info_table
000bc220	__register_frame_table	__register_frame_table
000bc258	__deregister_frame_info	__deregister_frame_info
000bc2c0	__deregister_frame	__deregister_frame
000bc2f4	__frame_state_for	__frame_state_for
000bc574	__builtin_delete	__builtin_delete
000bc614	__builtin_new	__builtin_new
000bc774	__builtin_vec_delete	__builtin_vec_delete
000bc814	__builtin_vec_new	__builtin_vec_new
000bc8c4	_._9type_info	type_info::~type_info(void)
000bc8fc	__eq__C9type_infoRC9type_info	type_info::operator==(type_info const &) const
000bc940	__rtti_class	__rtti_class
000bc98c	__rtti_si	__rtti_si
000bc9d4	__rtti_user	__rtti_user
000bca0c	dcast__C16__user_type_infoRC9type_infoiPvPC9type_infoT3	__user_type_info::dcast(type_info const &, int, void *, type_info const *, void *) const
000bca44	dcast__C14__si_type_infoRC9type_infoiPvPC9type_infoT3	__si_type_info::dcast(type_info const &, int, void *, type_info const *, void *) const
000bcaa4	dcast__C17__class_type_infoRC9type_infoiPvPC9type_infoT3	__class_type_info::dcast(type_info const &, int, void *, type_info const *, void *) const
000bcbf4	__9type_infoPCc	type_info::type_info(char const *)
000bcc1c	name__C9type_info	type_info::name(void) const
000bcc2c	__ne__C9type_infoRC9type_info	type_info::operator!=(type_info const &) const
000bcc5c	__8bad_cast	bad_cast::bad_cast(void)
000bcc8c	_._8bad_cast	bad_cast::~bad_cast(void)
000bcccc	__10bad_typeid	bad_typeid::bad_typeid(void)
000bccfc	_._10bad_typeid	bad_typeid::~bad_typeid(void)
000bcd3c	__16__user_type_infoPCc	__user_type_info::__user_type_info(char const *)
000bcd70	__14__si_type_infoPCcRC16__user_type_info	__si_type_info::__si_type_info(char const *, __user_type_info const &)
000bcdb8	__17__class_type_infoPCcPCQ217__class_type_info9base_infoUi	__class_type_info::__class_type_info(char const *, __class_type_info::base_info const *, unsigned int)
000bce14	before__C9type_infoRC9type_info	type_info::before(type_info const &) const
000bce48	__throw_type_match_rtti	__throw_type_match_rtti
000bd2e0	__is_pointer__FPv	__is_pointer(void *)
000bd334	__rtti_ptr	__rtti_ptr
000bd370	__rtti_attr	__rtti_attr
000bd3b4	__rtti_func	__rtti_func
000bd3ec	__rtti_ptmf	__rtti_ptmf
000bd424	__rtti_ptmd	__rtti_ptmd
000bd45c	__rtti_array	__rtti_array
000bd494	__dynamic_cast	__dynamic_cast
000bd4e8	__tfv	void type_info function
000bd530	__tfx	long long type_info function
000bd578	__tfl	long type_info function
000bd5c0	__tfi	int type_info function
000bd608	__tfs	short type_info function
000bd650	__tfb	bool type_info function
000bd698	__tfc	char type_info function
000bd6e0	__tfw	wchar_t type_info function
000bd728	__tfr	long double type_info function
000bd770	__tfd	double type_info function
000bd7b8	__tff	float type_info function
000bd800	__tfUi	unsigned int type_info function
000bd848	__tfUl	unsigned long type_info function
000bd890	__tfUx	unsigned long long type_info function
000bd8d8	__tfUs	unsigned short type_info function
000bd920	__tfUc	unsigned char type_info function
000bd968	__tfSc	signed char type_info function
000bd9b0	set_new_handler__FPFv_v	set_new_handler(void (*)(void))
000bd9d8	what__C9bad_alloc	bad_alloc::what(void) const
000bd9f8	__nw__FUiPv	operator new(unsigned int, void *)
000bda14	__vn__FUiPv	operator new [](unsigned int, void *)
000bdaa4	_S_chunk_alloc__t24__default_alloc_template2b1i0UiRi	__default_alloc_template<true, 0>::_S_chunk_alloc(unsigned int, int &)
000bdc54	clone__Q2t12basic_string3ZcZt18string_char_traits1ZcZt24__default_alloc_template2b1i0_3Rep	basic_string<char, string_char_traits<char>, __default_alloc_template<true, 0> >::Rep::clone(void)
000bde74	alloc__t12basic_string3ZcZt18string_char_traits1ZcZt24__default_alloc_template2b1i0Uib	basic_string<char, string_char_traits<char>, __default_alloc_template<true, 0> >::alloc(unsigned int, bool)
000be154	replace__t12basic_string3ZcZt18string_char_traits1ZcZt24__default_alloc_template2b1i0UiUiUic	basic_string<char, string_char_traits<char>, __default_alloc_template<true, 0> >::replace(unsigned int, unsigned int, unsigned int, char)
000be524	replace__t12basic_string3ZcZt18string_char_traits1ZcZt24__default_alloc_template2b1i0UiUiPCcUi	basic_string<char, string_char_traits<char>, __default_alloc_template<true, 0> >::replace(unsigned int, unsigned int, char const *, unsigned int)
000be904	replace__t12basic_string3ZcZt18string_char_traits1ZcZt24__default_alloc_template2b1i0UiUiRCt12basic_string3ZcZt18string_char_traits1ZcZt24__default_alloc_template2b1i0UiUi	basic_string<char, string_char_traits<char>, __default_alloc_template<true, 0> >::replace(unsigned int, unsigned int, basic_string<char, string_char_traits<char>, __default_alloc_template<true, 0> > const &, unsigned int, unsigned int)
000bea64	replace__H1ZPCc_t12basic_string3ZcZt18string_char_traits1ZcZt24__default_alloc_template2b1i0PcT1X00X00_Rt12basic_string3ZcZt18string_char_traits1ZcZt24__default_alloc_template2b1i0	basic_string<char, string_char_traits<char>, __default_alloc_template<true, 0> > & basic_string<char, string_char_traits<char>, __default_alloc_template<true, 0> >::replace<char const *>(char *, char *, char const *, char const *)
000bee64	compare__Ct12basic_string3ZcZt18string_char_traits1ZcZt24__default_alloc_template2b1i0RCt12basic_string3ZcZt18string_char_traits1ZcZt24__default_alloc_template2b1i0UiUi	basic_string<char, string_char_traits<char>, __default_alloc_template<true, 0> >::compare(basic_string<char, string_char_traits<char>, __default_alloc_template<true, 0> > const &, unsigned int, unsigned int) const
000bef14	_M_insert_aux__t6vector2ZUiZt9allocator1ZUiPUiRCUi	vector<unsigned int, allocator<unsigned int> >::_M_insert_aux(unsigned int *, unsigned int const &)
000bf2d4	__uninitialized_copy_aux__H2ZP9cRZStringZP9cRZString_X01X01X11G12__false_type_X11	cRZString * __uninitialized_copy_aux<cRZString *, cRZString *>(cRZString *, cRZString *, cRZString *, __false_type)
000bf3f4	_M_insert_aux__t6vector2Z9cRZStringZt9allocator1Z9cRZStringP9cRZStringRC9cRZString	vector<cRZString, allocator<cRZString> >::_M_insert_aux(cRZString *, cRZString const &)
000bfbcc	GetDirectorID__C14cSACOMDirector	cSACOMDirector::GetDirectorID(void) const
000bfbdc	_._14cSACOMDirector	cSACOMDirector::~cSACOMDirector(void)
000bfc24	CreatecSC3AdvisorForBudget__14cSACOMDirector	cSACOMDirector::CreatecSC3AdvisorForBudget(void)
000bfca4	CreatecSC3AdvisorForCityPlanning__14cSACOMDirector	cSACOMDirector::CreatecSC3AdvisorForCityPlanning(void)
000bfd24	CreatecSC3AdvisorForDemographics__14cSACOMDirector	cSACOMDirector::CreatecSC3AdvisorForDemographics(void)
000bfda4	CreatecSC3AdvisorForEnvironment__14cSACOMDirector	cSACOMDirector::CreatecSC3AdvisorForEnvironment(void)
000bfe24	CreatecSC3AdvisorForPublicSafety__14cSACOMDirector	cSACOMDirector::CreatecSC3AdvisorForPublicSafety(void)
000bfea4	CreatecSC3AdvisorForTransportation__14cSACOMDirector	cSACOMDirector::CreatecSC3AdvisorForTransportation(void)
000bff24	CreatecSC3AdvisorForUtilities__14cSACOMDirector	cSACOMDirector::CreatecSC3AdvisorForUtilities(void)
000bffa4	CreatecSC3PetitionerManager__14cSACOMDirector	cSACOMDirector::CreatecSC3PetitionerManager(void)
000c0014	clear__t10_List_base2ZP15AdviceStringSetZt9allocator1ZP15AdviceStringSet	_List_base<AdviceStringSet *, allocator<AdviceStringSet *> >::clear(void)
000c0094	clear__t10_List_base2Z19cSC3StringTokenDataZt9allocator1Z19cSC3StringTokenData	_List_base<cSC3StringTokenData, allocator<cSC3StringTokenData> >::clear(void)
000c0134	__19cSC3StringTokenDataRC19cSC3StringTokenData	cSC3StringTokenData::cSC3StringTokenData(cSC3StringTokenData const &)
000c01e4	_._19cSC3StringTokenData	cSC3StringTokenData::~cSC3StringTokenData(void)
000c02a4	_._15AdviceStringSet	AdviceStringSet::~AdviceStringSet(void)
000c0324	_._7cRZLock	cRZLock::~cRZLock(void)
000c0384	_S_oom_malloc__t23__malloc_alloc_template1i0Ui	__malloc_alloc_template<0>::_S_oom_malloc(unsigned int)
000c0404	_S_refill__t24__default_alloc_template2b1i0Ui	__default_alloc_template<true, 0>::_S_refill(unsigned int)
000c0494	clear__t10_List_base2ZP23cISC3BusinessDealRecordZt9allocator1ZP23cISC3BusinessDealRecord	_List_base<cISC3BusinessDealRecord *, allocator<cISC3BusinessDealRecord *> >::clear(void)
000c0510	__thunk_4__._28cSC3WeeklyBudgetAdvisorManip	virtual function thunk (delta:-4) for cSC3WeeklyBudgetAdvisorManip::~cSC3WeeklyBudgetAdvisorManip(void)
000c052c	__thunk_4_Release__28cSC3WeeklyBudgetAdvisorManip	virtual function thunk (delta:-4) for cSC3WeeklyBudgetAdvisorManip::Release(void)
000c0548	__thunk_4_AddRef__28cSC3WeeklyBudgetAdvisorManip	virtual function thunk (delta:-4) for cSC3WeeklyBudgetAdvisorManip::AddRef(void)
000c0564	__thunk_4__._29cSC3MonthlyBudgetAdvisorManip	virtual function thunk (delta:-4) for cSC3MonthlyBudgetAdvisorManip::~cSC3MonthlyBudgetAdvisorManip(void)
000c0580	__thunk_4_Release__29cSC3MonthlyBudgetAdvisorManip	virtual function thunk (delta:-4) for cSC3MonthlyBudgetAdvisorManip::Release(void)
000c059c	__thunk_4_AddRef__29cSC3MonthlyBudgetAdvisorManip	virtual function thunk (delta:-4) for cSC3MonthlyBudgetAdvisorManip::AddRef(void)
000c05b8	__thunk_20_QueryInterface__20cSC3AdvisorForBudgetUiPPv	virtual function thunk (delta:-20) for cSC3AdvisorForBudget::QueryInterface(unsigned int, void **)
000c05d4	__thunk_20_AddRef__20cSC3AdvisorForBudget	virtual function thunk (delta:-20) for cSC3AdvisorForBudget::AddRef(void)
000c05f0	__thunk_20_Release__20cSC3AdvisorForBudget	virtual function thunk (delta:-20) for cSC3AdvisorForBudget::Release(void)
000c060c	__thunk_20_DoMessage__20cSC3AdvisorForBudgetR10cGZMessage	virtual function thunk (delta:-20) for cSC3AdvisorForBudget::DoMessage(cGZMessage &)
000c0628	__thunk_20_DoQueryInfo__20cSC3AdvisorForBudgetR10cGZMessageP11cIGZUnknown	virtual function thunk (delta:-20) for cSC3AdvisorForBudget::DoQueryInfo(cGZMessage &, cIGZUnknown *)
000c0644	__thunk_16_StaticInit__15cSC3BaseAdvisorP19cISC3CityDefinition	virtual function thunk (delta:-16) for cSC3BaseAdvisor::StaticInit(cISC3CityDefinition *)
000c0660	__thunk_16_StaticShutdown__15cSC3BaseAdvisor	virtual function thunk (delta:-16) for cSC3BaseAdvisor::StaticShutdown(void)
000c067c	__thunk_20_Init__20cSC3AdvisorForBudgetP9cISC3City	virtual function thunk (delta:-20) for cSC3AdvisorForBudget::Init(cISC3City *)
000c0698	__thunk_16_Init__15cSC3BaseAdvisorP9cISC3CityP13cISC2Importer	virtual function thunk (delta:-16) for cSC3BaseAdvisor::Init(cISC3City *, cISC2Importer *)
000c06b4	__thunk_20_Init__20cSC3AdvisorForBudgetP9cISC3CityP13cIGZDBSegment	virtual function thunk (delta:-20) for cSC3AdvisorForBudget::Init(cISC3City *, cIGZDBSegment *)
000c06d0	__thunk_20_Save__20cSC3AdvisorForBudgetP9cISC3CityP13cIGZDBSegment	virtual function thunk (delta:-20) for cSC3AdvisorForBudget::Save(cISC3City *, cIGZDBSegment *)
000c06ec	__thunk_20_SimulationBegin__20cSC3AdvisorForBudget	virtual function thunk (delta:-20) for cSC3AdvisorForBudget::SimulationBegin(void)
000c0708	__thunk_20_SimulationEnd__20cSC3AdvisorForBudget	virtual function thunk (delta:-20) for cSC3AdvisorForBudget::SimulationEnd(void)
000c0724	__thunk_20_Shutdown__20cSC3AdvisorForBudget	virtual function thunk (delta:-20) for cSC3AdvisorForBudget::Shutdown(void)
000c0740	__thunk_16_GetManipulator__15cSC3BaseAdvisorRC18cISC3CityAgentTypePP25cISC3CityLayerManipulatorRi	virtual function thunk (delta:-16) for cSC3BaseAdvisor::GetManipulator(cISC3CityAgentType const &, cISC3CityLayerManipulator **, int &)
000c075c	__thunk_20_GetLayerType__20cSC3AdvisorForBudget	virtual function thunk (delta:-20) for cSC3AdvisorForBudget::GetLayerType(void)
000c0778	__thunk_20_DebugClassTag__20cSC3AdvisorForBudgetR10cIGZString	virtual function thunk (delta:-20) for cSC3AdvisorForBudget::DebugClassTag(cIGZString &)
000c0794	__thunk_20_DebugTypeTag__20cSC3AdvisorForBudgetR10cIGZString	virtual function thunk (delta:-20) for cSC3AdvisorForBudget::DebugTypeTag(cIGZString &)
000c07b0	__thunk_4_QueryInterface__20cSC3AdvisorForBudgetUiPPv	virtual function thunk (delta:-4) for cSC3AdvisorForBudget::QueryInterface(unsigned int, void **)
000c07cc	__thunk_4_AddRef__20cSC3AdvisorForBudget	virtual function thunk (delta:-4) for cSC3AdvisorForBudget::AddRef(void)
000c07e8	__thunk_4_Release__20cSC3AdvisorForBudget	virtual function thunk (delta:-4) for cSC3AdvisorForBudget::Release(void)
000c0804	__thunk_4_DoAdvisorSimulation__20cSC3AdvisorForBudget	virtual function thunk (delta:-4) for cSC3AdvisorForBudget::DoAdvisorSimulation(void)
000c0820	__thunk_4_GetAdvisorID__20cSC3AdvisorForBudget	virtual function thunk (delta:-4) for cSC3AdvisorForBudget::GetAdvisorID(void)
000c083c	__thunk_4_DoMessage__20cSC3AdvisorForBudgetR10cGZMessage	virtual function thunk (delta:-4) for cSC3AdvisorForBudget::DoMessage(cGZMessage &)
000c0858	__thunk_4_DoQueryInfo__20cSC3AdvisorForBudgetR10cGZMessageP11cIGZUnknown	virtual function thunk (delta:-4) for cSC3AdvisorForBudget::DoQueryInfo(cGZMessage &, cIGZUnknown *)
000c0874	__thunk_4_GetSimulationData__20cSC3AdvisorForBudget	virtual function thunk (delta:-4) for cSC3AdvisorForBudget::GetSimulationData(void)
000c0890	__thunk_4_CheckOnAdvice__20cSC3AdvisorForBudget	virtual function thunk (delta:-4) for cSC3AdvisorForBudget::CheckOnAdvice(void)
000c08ac	__thunk_8_QueryInterface__20cSC3AdvisorForBudgetUiPPv	virtual function thunk (delta:-8) for cSC3AdvisorForBudget::QueryInterface(unsigned int, void **)
000c08c8	__thunk_8_AddRef__20cSC3AdvisorForBudget	virtual function thunk (delta:-8) for cSC3AdvisorForBudget::AddRef(void)
000c08e4	__thunk_8_Release__20cSC3AdvisorForBudget	virtual function thunk (delta:-8) for cSC3AdvisorForBudget::Release(void)
000c0900	__thunk_8_Simulate__20cSC3AdvisorForBudgeti	virtual function thunk (delta:-8) for cSC3AdvisorForBudget::Simulate(int)
000c091c	__thunk_8_AgentType__20cSC3AdvisorForBudget	virtual function thunk (delta:-8) for cSC3AdvisorForBudget::AgentType(void)
000c0938	__thunk_8_SetAgentType__20cSC3AdvisorForBudgetP18cISC3CityAgentType	virtual function thunk (delta:-8) for cSC3AdvisorForBudget::SetAgentType(cISC3CityAgentType *)
000c0954	__thunk_4_DebugInstanceTag__15cSC3BaseAdvisorR10cIGZString	virtual function thunk (delta:-4) for cSC3BaseAdvisor::DebugInstanceTag(cIGZString &)
000c0970	__thunk_8_DebugClassTag__20cSC3AdvisorForBudgetR10cIGZString	virtual function thunk (delta:-8) for cSC3AdvisorForBudget::DebugClassTag(cIGZString &)
000c098c	__thunk_8_DebugTypeTag__20cSC3AdvisorForBudgetR10cIGZString	virtual function thunk (delta:-8) for cSC3AdvisorForBudget::DebugTypeTag(cIGZString &)
000c09a8	__thunk_8__._20cSC3AdvisorForBudget	virtual function thunk (delta:-8) for cSC3AdvisorForBudget::~cSC3AdvisorForBudget(void)
000c09c8	_._29cSC3MonthlyBudgetAdvisorManip	cSC3MonthlyBudgetAdvisorManip::~cSC3MonthlyBudgetAdvisorManip(void)
000c0a24	_._28cSC3WeeklyBudgetAdvisorManip	cSC3WeeklyBudgetAdvisorManip::~cSC3WeeklyBudgetAdvisorManip(void)
000c0a84	_M_erase__t8_Rb_tree5Z14cGZResourceKeyZt4pair2ZC14cGZResourceKeyZP26cISC3SpecialBuildingRecordZt10_Select1st1Zt4pair2ZC14cGZResourceKeyZP26cISC3SpecialBuildingRecordZt4less1Z14cGZResourceKeyZt9allocator1ZP26cISC3SpecialBuildingRecordPt13_Rb_tree_node1Zt4pair2ZC14cGZResourceKeyZP26cISC3SpecialBuildingRecord	_Rb_tree<cGZResourceKey, pair<cGZResourceKey const, cISC3SpecialBuildingRecord *>, _Select1st<pair<cGZResourceKey const, cISC3SpecialBuildingRecord *> >, less<cGZResourceKey>, allocator<cISC3SpecialBuildingRecord *> >::_M_erase(_Rb_tree_node<pair<cGZResourceKey const, cISC3SpecialBuildingRecord *> > *)
000c0b04	_M_erase__t8_Rb_tree5ZUiZt4pair2ZCUiZP26cISC3SpecialBuildingRecordZt10_Select1st1Zt4pair2ZCUiZP26cISC3SpecialBuildingRecordZt4less1ZUiZt9allocator1ZP26cISC3SpecialBuildingRecordPt13_Rb_tree_node1Zt4pair2ZCUiZP26cISC3SpecialBuildingRecord	_Rb_tree<unsigned int, pair<unsigned int const, cISC3SpecialBuildingRecord *>, _Select1st<pair<unsigned int const, cISC3SpecialBuildingRecord *> >, less<unsigned int>, allocator<cISC3SpecialBuildingRecord *> >::_M_erase(_Rb_tree_node<pair<unsigned int const, cISC3SpecialBuildingRecord *> > *)
000c0b84	_M_insert_aux__t6vector2ZP26cISC3SpecialBuildingRecordZt9allocator1ZP26cISC3SpecialBuildingRecordPP26cISC3SpecialBuildingRecordRCP26cISC3SpecialBuildingRecord	vector<cISC3SpecialBuildingRecord *, allocator<cISC3SpecialBuildingRecord *> >::_M_insert_aux(cISC3SpecialBuildingRecord **, cISC3SpecialBuildingRecord *const &)
000c0eb4	_M_insert__t8_Rb_tree5ZUiZt4pair2ZCUiZP26cISC3SpecialBuildingRecordZt10_Select1st1Zt4pair2ZCUiZP26cISC3SpecialBuildingRecordZt4less1ZUiZt9allocator1ZP26cISC3SpecialBuildingRecordP18_Rb_tree_node_baseT1RCt4pair2ZCUiZP26cISC3SpecialBuildingRecord	_Rb_tree<unsigned int, pair<unsigned int const, cISC3SpecialBuildingRecord *>, _Select1st<pair<unsigned int const, cISC3SpecialBuildingRecord *> >, less<unsigned int>, allocator<cISC3SpecialBuildingRecord *> >::_M_insert(_Rb_tree_node_base *, _Rb_tree_node_base *, pair<unsigned int const, cISC3SpecialBuildingRecord *> const &)
000c1294	insert_unique__t8_Rb_tree5ZUiZt4pair2ZCUiZP26cISC3SpecialBuildingRecordZt10_Select1st1Zt4pair2ZCUiZP26cISC3SpecialBuildingRecordZt4less1ZUiZt9allocator1ZP26cISC3SpecialBuildingRecordRCt4pair2ZCUiZP26cISC3SpecialBuildingRecord	_Rb_tree<unsigned int, pair<unsigned int const, cISC3SpecialBuildingRecord *>, _Select1st<pair<unsigned int const, cISC3SpecialBuildingRecord *> >, less<unsigned int>, allocator<cISC3SpecialBuildingRecord *> >::insert_unique(pair<unsigned int const, cISC3SpecialBuildingRecord *> const &)
000c1384	insert_unique__t8_Rb_tree5ZUiZt4pair2ZCUiZP26cISC3SpecialBuildingRecordZt10_Select1st1Zt4pair2ZCUiZP26cISC3SpecialBuildingRecordZt4less1ZUiZt9allocator1ZP26cISC3SpecialBuildingRecordGt17_Rb_tree_iterator3Zt4pair2ZCUiZP26cISC3SpecialBuildingRecordZRt4pair2ZCUiZP26cISC3SpecialBuildingRecordZPt4pair2ZCUiZP26cISC3SpecialBuildingRecordRCt4pair2ZCUiZP26cISC3SpecialBuildingRecord	_Rb_tree<unsigned int, pair<unsigned int const, cISC3SpecialBuildingRecord *>, _Select1st<pair<unsigned int const, cISC3SpecialBuildingRecord *> >, less<unsigned int>, allocator<cISC3SpecialBuildingRecord *> >::insert_unique(_Rb_tree_iterator<pair<unsigned int const, cISC3SpecialBuildingRecord *>, pair<unsigned int const, cISC3SpecialBuildingRecord *> &, pair<unsigned int const, cISC3SpecialBuildingRecord *> *>, pair<unsigned int const, cISC3SpecialBuildingRecord *> const &)
000c1500	find__t8_Rb_tree5Z14cGZResourceKeyZt4pair2ZC14cGZResourceKeyZP26cISC3SpecialBuildingRecordZt10_Select1st1Zt4pair2ZC14cGZResourceKeyZP26cISC3SpecialBuildingRecordZt4less1Z14cGZResourceKeyZt9allocator1ZP26cISC3SpecialBuildingRecordRC14cGZResourceKey	_Rb_tree<cGZResourceKey, pair<cGZResourceKey const, cISC3SpecialBuildingRecord *>, _Select1st<pair<cGZResourceKey const, cISC3SpecialBuildingRecord *> >, less<cGZResourceKey>, allocator<cISC3SpecialBuildingRecord *> >::find(cGZResourceKey const &)
000c15d4	_M_insert__t8_Rb_tree5Z14cGZResourceKeyZt4pair2ZC14cGZResourceKeyZP26cISC3SpecialBuildingRecordZt10_Select1st1Zt4pair2ZC14cGZResourceKeyZP26cISC3SpecialBuildingRecordZt4less1Z14cGZResourceKeyZt9allocator1ZP26cISC3SpecialBuildingRecordP18_Rb_tree_node_baseT1RCt4pair2ZC14cGZResourceKeyZP26cISC3SpecialBuildingRecord	_Rb_tree<cGZResourceKey, pair<cGZResourceKey const, cISC3SpecialBuildingRecord *>, _Select1st<pair<cGZResourceKey const, cISC3SpecialBuildingRecord *> >, less<cGZResourceKey>, allocator<cISC3SpecialBuildingRecord *> >::_M_insert(_Rb_tree_node_base *, _Rb_tree_node_base *, pair<cGZResourceKey const, cISC3SpecialBuildingRecord *> const &)
000c1a04	insert_unique__t8_Rb_tree5Z14cGZResourceKeyZt4pair2ZC14cGZResourceKeyZP26cISC3SpecialBuildingRecordZt10_Select1st1Zt4pair2ZC14cGZResourceKeyZP26cISC3SpecialBuildingRecordZt4less1Z14cGZResourceKeyZt9allocator1ZP26cISC3SpecialBuildingRecordRCt4pair2ZC14cGZResourceKeyZP26cISC3SpecialBuildingRecord	_Rb_tree<cGZResourceKey, pair<cGZResourceKey const, cISC3SpecialBuildingRecord *>, _Select1st<pair<cGZResourceKey const, cISC3SpecialBuildingRecord *> >, less<cGZResourceKey>, allocator<cISC3SpecialBuildingRecord *> >::insert_unique(pair<cGZResourceKey const, cISC3SpecialBuildingRecord *> const &)
000c1b94	insert_unique__t8_Rb_tree5Z14cGZResourceKeyZt4pair2ZC14cGZResourceKeyZP26cISC3SpecialBuildingRecordZt10_Select1st1Zt4pair2ZC14cGZResourceKeyZP26cISC3SpecialBuildingRecordZt4less1Z14cGZResourceKeyZt9allocator1ZP26cISC3SpecialBuildingRecordGt17_Rb_tree_iterator3Zt4pair2ZC14cGZResourceKeyZP26cISC3SpecialBuildingRecordZRt4pair2ZC14cGZResourceKeyZP26cISC3SpecialBuildingRecordZPt4pair2ZC14cGZResourceKeyZP26cISC3SpecialBuildingRecordRCt4pair2ZC14cGZResourceKeyZP26cISC3SpecialBuildingRecord	_Rb_tree<cGZResourceKey, pair<cGZResourceKey const, cISC3SpecialBuildingRecord *>, _Select1st<pair<cGZResourceKey const, cISC3SpecialBuildingRecord *> >, less<cGZResourceKey>, allocator<cISC3SpecialBuildingRecord *> >::insert_unique(_Rb_tree_iterator<pair<cGZResourceKey const, cISC3SpecialBuildingRecord *>, pair<cGZResourceKey const, cISC3SpecialBuildingRecord *> &, pair<cGZResourceKey const, cISC3SpecialBuildingRecord *> *>, pair<cGZResourceKey const, cISC3SpecialBuildingRecord *> const &)
000c1e04	_M_copy__t8_Rb_tree5Z14cGZResourceKeyZt4pair2ZC14cGZResourceKeyZP26cISC3SpecialBuildingRecordZt10_Select1st1Zt4pair2ZC14cGZResourceKeyZP26cISC3SpecialBuildingRecordZt4less1Z14cGZResourceKeyZt9allocator1ZP26cISC3SpecialBuildingRecordPt13_Rb_tree_node1Zt4pair2ZC14cGZResourceKeyZP26cISC3SpecialBuildingRecordT1	_Rb_tree<cGZResourceKey, pair<cGZResourceKey const, cISC3SpecialBuildingRecord *>, _Select1st<pair<cGZResourceKey const, cISC3SpecialBuildingRecord *> >, less<cGZResourceKey>, allocator<cISC3SpecialBuildingRecord *> >::_M_copy(_Rb_tree_node<pair<cGZResourceKey const, cISC3SpecialBuildingRecord *> > *, _Rb_tree_node<pair<cGZResourceKey const, cISC3SpecialBuildingRecord *> > *)
000c20f4	__as__t8_Rb_tree5Z14cGZResourceKeyZt4pair2ZC14cGZResourceKeyZP26cISC3SpecialBuildingRecordZt10_Select1st1Zt4pair2ZC14cGZResourceKeyZP26cISC3SpecialBuildingRecordZt4less1Z14cGZResourceKeyZt9allocator1ZP26cISC3SpecialBuildingRecordRCt8_Rb_tree5Z14cGZResourceKeyZt4pair2ZC14cGZResourceKeyZP26cISC3SpecialBuildingRecordZt10_Select1st1Zt4pair2ZC14cGZResourceKeyZP26cISC3SpecialBuildingRecordZt4less1Z14cGZResourceKeyZt9allocator1ZP26cISC3SpecialBuildingRecord	_Rb_tree<cGZResourceKey, pair<cGZResourceKey const, cISC3SpecialBuildingRecord *>, _Select1st<pair<cGZResourceKey const, cISC3SpecialBuildingRecord *> >, less<cGZResourceKey>, allocator<cISC3SpecialBuildingRecord *> >::operator=(_Rb_tree<cGZResourceKey, pair<cGZResourceKey const, cISC3SpecialBuildingRecord *>, _Select1st<pair<cGZResourceKey const, cISC3SpecialBuildingRecord *> >, less<cGZResourceKey>, allocator<cISC3SpecialBuildingRecord *> > const &)
000c21d0	find__t8_Rb_tree5ZUiZt4pair2ZCUiZP26cISC3SpecialBuildingRecordZt10_Select1st1Zt4pair2ZCUiZP26cISC3SpecialBuildingRecordZt4less1ZUiZt9allocator1ZP26cISC3SpecialBuildingRecordRCUi	_Rb_tree<unsigned int, pair<unsigned int const, cISC3SpecialBuildingRecord *>, _Select1st<pair<unsigned int const, cISC3SpecialBuildingRecord *> >, less<unsigned int>, allocator<cISC3SpecialBuildingRecord *> >::find(unsigned int const &)
000c2230	__thunk_4__._34cSC3WeeklyCityPlanningAdvisorManip	virtual function thunk (delta:-4) for cSC3WeeklyCityPlanningAdvisorManip::~cSC3WeeklyCityPlanningAdvisorManip(void)
000c224c	__thunk_4_Release__34cSC3WeeklyCityPlanningAdvisorManip	virtual function thunk (delta:-4) for cSC3WeeklyCityPlanningAdvisorManip::Release(void)
000c2268	__thunk_4_AddRef__34cSC3WeeklyCityPlanningAdvisorManip	virtual function thunk (delta:-4) for cSC3WeeklyCityPlanningAdvisorManip::AddRef(void)
000c2284	__thunk_4__._35cSC3MonthlyCityPlanningAdvisorManip	virtual function thunk (delta:-4) for cSC3MonthlyCityPlanningAdvisorManip::~cSC3MonthlyCityPlanningAdvisorManip(void)
000c22a0	__thunk_4_Release__35cSC3MonthlyCityPlanningAdvisorManip	virtual function thunk (delta:-4) for cSC3MonthlyCityPlanningAdvisorManip::Release(void)
000c22bc	__thunk_4_AddRef__35cSC3MonthlyCityPlanningAdvisorManip	virtual function thunk (delta:-4) for cSC3MonthlyCityPlanningAdvisorManip::AddRef(void)
000c22d8	__thunk_20_QueryInterface__26cSC3AdvisorForCityPlanningUiPPv	virtual function thunk (delta:-20) for cSC3AdvisorForCityPlanning::QueryInterface(unsigned int, void **)
000c22f4	__thunk_20_AddRef__26cSC3AdvisorForCityPlanning	virtual function thunk (delta:-20) for cSC3AdvisorForCityPlanning::AddRef(void)
000c2310	__thunk_20_Release__26cSC3AdvisorForCityPlanning	virtual function thunk (delta:-20) for cSC3AdvisorForCityPlanning::Release(void)
000c232c	__thunk_20_DoMessage__26cSC3AdvisorForCityPlanningR10cGZMessage	virtual function thunk (delta:-20) for cSC3AdvisorForCityPlanning::DoMessage(cGZMessage &)
000c2348	__thunk_20_DoQueryInfo__26cSC3AdvisorForCityPlanningR10cGZMessageP11cIGZUnknown	virtual function thunk (delta:-20) for cSC3AdvisorForCityPlanning::DoQueryInfo(cGZMessage &, cIGZUnknown *)
000c2364	__thunk_20_Init__26cSC3AdvisorForCityPlanningP9cISC3City	virtual function thunk (delta:-20) for cSC3AdvisorForCityPlanning::Init(cISC3City *)
000c2380	__thunk_20_Init__26cSC3AdvisorForCityPlanningP9cISC3CityP13cIGZDBSegment	virtual function thunk (delta:-20) for cSC3AdvisorForCityPlanning::Init(cISC3City *, cIGZDBSegment *)
000c239c	__thunk_20_Save__26cSC3AdvisorForCityPlanningP9cISC3CityP13cIGZDBSegment	virtual function thunk (delta:-20) for cSC3AdvisorForCityPlanning::Save(cISC3City *, cIGZDBSegment *)
000c23b8	__thunk_20_SimulationBegin__26cSC3AdvisorForCityPlanning	virtual function thunk (delta:-20) for cSC3AdvisorForCityPlanning::SimulationBegin(void)
000c23d4	__thunk_20_SimulationEnd__26cSC3AdvisorForCityPlanning	virtual function thunk (delta:-20) for cSC3AdvisorForCityPlanning::SimulationEnd(void)
000c23f0	__thunk_20_Shutdown__26cSC3AdvisorForCityPlanning	virtual function thunk (delta:-20) for cSC3AdvisorForCityPlanning::Shutdown(void)
000c240c	__thunk_20_GetLayerType__26cSC3AdvisorForCityPlanning	virtual function thunk (delta:-20) for cSC3AdvisorForCityPlanning::GetLayerType(void)
000c2428	__thunk_20_DebugClassTag__26cSC3AdvisorForCityPlanningR10cIGZString	virtual function thunk (delta:-20) for cSC3AdvisorForCityPlanning::DebugClassTag(cIGZString &)
000c2444	__thunk_20_DebugTypeTag__26cSC3AdvisorForCityPlanningR10cIGZString	virtual function thunk (delta:-20) for cSC3AdvisorForCityPlanning::DebugTypeTag(cIGZString &)
000c2460	__thunk_4_QueryInterface__26cSC3AdvisorForCityPlanningUiPPv	virtual function thunk (delta:-4) for cSC3AdvisorForCityPlanning::QueryInterface(unsigned int, void **)
000c247c	__thunk_4_AddRef__26cSC3AdvisorForCityPlanning	virtual function thunk (delta:-4) for cSC3AdvisorForCityPlanning::AddRef(void)
000c2498	__thunk_4_Release__26cSC3AdvisorForCityPlanning	virtual function thunk (delta:-4) for cSC3AdvisorForCityPlanning::Release(void)
000c24b4	__thunk_4_AsISC3CityAgent__26cSC3AdvisorForCityPlanning	virtual function thunk (delta:-4) for cSC3AdvisorForCityPlanning::AsISC3CityAgent(void)
000c24d0	__thunk_4_DoAdvisorSimulation__26cSC3AdvisorForCityPlanning	virtual function thunk (delta:-4) for cSC3AdvisorForCityPlanning::DoAdvisorSimulation(void)
000c24ec	__thunk_4_GetAdvisorID__26cSC3AdvisorForCityPlanning	virtual function thunk (delta:-4) for cSC3AdvisorForCityPlanning::GetAdvisorID(void)
000c2508	__thunk_4_DoMessage__26cSC3AdvisorForCityPlanningR10cGZMessage	virtual function thunk (delta:-4) for cSC3AdvisorForCityPlanning::DoMessage(cGZMessage &)
000c2524	__thunk_4_DoQueryInfo__26cSC3AdvisorForCityPlanningR10cGZMessageP11cIGZUnknown	virtual function thunk (delta:-4) for cSC3AdvisorForCityPlanning::DoQueryInfo(cGZMessage &, cIGZUnknown *)
000c2540	__thunk_4_GetSimulationData__26cSC3AdvisorForCityPlanning	virtual function thunk (delta:-4) for cSC3AdvisorForCityPlanning::GetSimulationData(void)
000c255c	__thunk_4_CheckOnAdvice__26cSC3AdvisorForCityPlanning	virtual function thunk (delta:-4) for cSC3AdvisorForCityPlanning::CheckOnAdvice(void)
000c2578	__thunk_8_QueryInterface__26cSC3AdvisorForCityPlanningUiPPv	virtual function thunk (delta:-8) for cSC3AdvisorForCityPlanning::QueryInterface(unsigned int, void **)
000c2594	__thunk_8_AddRef__26cSC3AdvisorForCityPlanning	virtual function thunk (delta:-8) for cSC3AdvisorForCityPlanning::AddRef(void)
000c25b0	__thunk_8_Release__26cSC3AdvisorForCityPlanning	virtual function thunk (delta:-8) for cSC3AdvisorForCityPlanning::Release(void)
000c25cc	__thunk_8_Simulate__26cSC3AdvisorForCityPlanningi	virtual function thunk (delta:-8) for cSC3AdvisorForCityPlanning::Simulate(int)
000c25e8	__thunk_8_AgentType__26cSC3AdvisorForCityPlanning	virtual function thunk (delta:-8) for cSC3AdvisorForCityPlanning::AgentType(void)
000c2604	__thunk_8_SetAgentType__26cSC3AdvisorForCityPlanningP18cISC3CityAgentType	virtual function thunk (delta:-8) for cSC3AdvisorForCityPlanning::SetAgentType(cISC3CityAgentType *)
000c2620	__thunk_8_DebugClassTag__26cSC3AdvisorForCityPlanningR10cIGZString	virtual function thunk (delta:-8) for cSC3AdvisorForCityPlanning::DebugClassTag(cIGZString &)
000c263c	__thunk_8_DebugTypeTag__26cSC3AdvisorForCityPlanningR10cIGZString	virtual function thunk (delta:-8) for cSC3AdvisorForCityPlanning::DebugTypeTag(cIGZString &)
000c2658	__thunk_8__._26cSC3AdvisorForCityPlanning	virtual function thunk (delta:-8) for cSC3AdvisorForCityPlanning::~cSC3AdvisorForCityPlanning(void)
000c2678	_._t3map4Z14cGZResourceKeyZP26cISC3SpecialBuildingRecordZt4less1Z14cGZResourceKeyZt9allocator1ZP26cISC3SpecialBuildingRecord	map<cGZResourceKey, cISC3SpecialBuildingRecord *, less<cGZResourceKey>, allocator<cISC3SpecialBuildingRecord *> >::~map(void)
000c2720	_._t3map4ZUiZP26cISC3SpecialBuildingRecordZt4less1ZUiZt9allocator1ZP26cISC3SpecialBuildingRecord	map<unsigned int, cISC3SpecialBuildingRecord *, less<unsigned int>, allocator<cISC3SpecialBuildingRecord *> >::~map(void)
000c27c8	_._35cSC3MonthlyCityPlanningAdvisorManip	cSC3MonthlyCityPlanningAdvisorManip::~cSC3MonthlyCityPlanningAdvisorManip(void)
000c2824	_._34cSC3WeeklyCityPlanningAdvisorManip	cSC3WeeklyCityPlanningAdvisorManip::~cSC3WeeklyCityPlanningAdvisorManip(void)
000c2880	lower_bound__t8_Rb_tree5ZUiZt4pair2ZCUiZP26cISC3SpecialBuildingRecordZt10_Select1st1Zt4pair2ZCUiZP26cISC3SpecialBuildingRecordZt4less1ZUiZt9allocator1ZP26cISC3SpecialBuildingRecordRCUi	_Rb_tree<unsigned int, pair<unsigned int const, cISC3SpecialBuildingRecord *>, _Select1st<pair<unsigned int const, cISC3SpecialBuildingRecord *> >, less<unsigned int>, allocator<cISC3SpecialBuildingRecord *> >::lower_bound(unsigned int const &)
000c28c0	lower_bound__t8_Rb_tree5Z14cGZResourceKeyZt4pair2ZC14cGZResourceKeyZP26cISC3SpecialBuildingRecordZt10_Select1st1Zt4pair2ZC14cGZResourceKeyZP26cISC3SpecialBuildingRecordZt4less1Z14cGZResourceKeyZt9allocator1ZP26cISC3SpecialBuildingRecordRC14cGZResourceKey	_Rb_tree<cGZResourceKey, pair<cGZResourceKey const, cISC3SpecialBuildingRecord *>, _Select1st<pair<cGZResourceKey const, cISC3SpecialBuildingRecord *> >, less<cGZResourceKey>, allocator<cISC3SpecialBuildingRecord *> >::lower_bound(cGZResourceKey const &)
000c2930	__thunk_8_QueryInterface__20cSC3HealthDeptBudgetUiPPv	virtual function thunk (delta:-8) for cSC3HealthDeptBudget::QueryInterface(unsigned int, void **)
000c294c	__thunk_8_AddRef__20cSC3HealthDeptBudget	virtual function thunk (delta:-8) for cSC3HealthDeptBudget::AddRef(void)
000c2968	__thunk_8_Release__20cSC3HealthDeptBudget	virtual function thunk (delta:-8) for cSC3HealthDeptBudget::Release(void)
000c2984	__thunk_8_GetDepartmentID__20cSC3HealthDeptBudget	virtual function thunk (delta:-8) for cSC3HealthDeptBudget::GetDepartmentID(void)
000c29a0	__thunk_8_GetLastYearSurplus__20cSC3HealthDeptBudget	virtual function thunk (delta:-8) for cSC3HealthDeptBudget::GetLastYearSurplus(void)
000c29bc	__thunk_8_GetTotalFundingNeeded__20cSC3HealthDeptBudget	virtual function thunk (delta:-8) for cSC3HealthDeptBudget::GetTotalFundingNeeded(void)
000c29d8	__thunk_8_SetTotalFundingNeeded__20cSC3HealthDeptBudgetx	virtual function thunk (delta:-8) for cSC3HealthDeptBudget::SetTotalFundingNeeded(long long)
000c29f4	__thunk_8_GetDepartmentName__20cSC3HealthDeptBudget	virtual function thunk (delta:-8) for cSC3HealthDeptBudget::GetDepartmentName(void)
000c2a10	__thunk_8_SetFundingPercentage__20cSC3HealthDeptBudgetUc	virtual function thunk (delta:-8) for cSC3HealthDeptBudget::SetFundingPercentage(unsigned char)
000c2a2c	__thunk_8_GetFundingPercentage__20cSC3HealthDeptBudget	virtual function thunk (delta:-8) for cSC3HealthDeptBudget::GetFundingPercentage(void)
000c2a48	__thunk_8_GetAdvisorID__20cSC3HealthDeptBudget	virtual function thunk (delta:-8) for cSC3HealthDeptBudget::GetAdvisorID(void)
000c2a64	__thunk_8_GetAdvisorGroupID__20cSC3HealthDeptBudget	virtual function thunk (delta:-8) for cSC3HealthDeptBudget::GetAdvisorGroupID(void)
000c2a80	__thunk_8_QueryInterface__23cSC3EducationDeptBudgetUiPPv	virtual function thunk (delta:-8) for cSC3EducationDeptBudget::QueryInterface(unsigned int, void **)
000c2a9c	__thunk_8_AddRef__23cSC3EducationDeptBudget	virtual function thunk (delta:-8) for cSC3EducationDeptBudget::AddRef(void)
000c2ab8	__thunk_8_Release__23cSC3EducationDeptBudget	virtual function thunk (delta:-8) for cSC3EducationDeptBudget::Release(void)
000c2ad4	__thunk_8_GetDepartmentID__23cSC3EducationDeptBudget	virtual function thunk (delta:-8) for cSC3EducationDeptBudget::GetDepartmentID(void)
000c2af0	__thunk_8_GetLastYearSurplus__23cSC3EducationDeptBudget	virtual function thunk (delta:-8) for cSC3EducationDeptBudget::GetLastYearSurplus(void)
000c2b0c	__thunk_8_GetTotalFundingNeeded__23cSC3EducationDeptBudget	virtual function thunk (delta:-8) for cSC3EducationDeptBudget::GetTotalFundingNeeded(void)
000c2b28	__thunk_8_SetTotalFundingNeeded__23cSC3EducationDeptBudgetx	virtual function thunk (delta:-8) for cSC3EducationDeptBudget::SetTotalFundingNeeded(long long)
000c2b44	__thunk_8_GetDepartmentName__23cSC3EducationDeptBudget	virtual function thunk (delta:-8) for cSC3EducationDeptBudget::GetDepartmentName(void)
000c2b60	__thunk_8_SetFundingPercentage__23cSC3EducationDeptBudgetUc	virtual function thunk (delta:-8) for cSC3EducationDeptBudget::SetFundingPercentage(unsigned char)
000c2b7c	__thunk_8_GetFundingPercentage__23cSC3EducationDeptBudget	virtual function thunk (delta:-8) for cSC3EducationDeptBudget::GetFundingPercentage(void)
000c2b98	__thunk_8_GetAdvisorID__23cSC3EducationDeptBudget	virtual function thunk (delta:-8) for cSC3EducationDeptBudget::GetAdvisorID(void)
000c2bb4	__thunk_8_GetAdvisorGroupID__23cSC3EducationDeptBudget	virtual function thunk (delta:-8) for cSC3EducationDeptBudget::GetAdvisorGroupID(void)
000c2bd0	__thunk_4__._34cSC3WeeklyDemographicsAdvisorManip	virtual function thunk (delta:-4) for cSC3WeeklyDemographicsAdvisorManip::~cSC3WeeklyDemographicsAdvisorManip(void)
000c2bec	__thunk_4_Release__34cSC3WeeklyDemographicsAdvisorManip	virtual function thunk (delta:-4) for cSC3WeeklyDemographicsAdvisorManip::Release(void)
000c2c08	__thunk_4_AddRef__34cSC3WeeklyDemographicsAdvisorManip	virtual function thunk (delta:-4) for cSC3WeeklyDemographicsAdvisorManip::AddRef(void)
000c2c24	__thunk_4__._35cSC3MonthlyDemographicsAdvisorManip	virtual function thunk (delta:-4) for cSC3MonthlyDemographicsAdvisorManip::~cSC3MonthlyDemographicsAdvisorManip(void)
000c2c40	__thunk_4_Release__35cSC3MonthlyDemographicsAdvisorManip	virtual function thunk (delta:-4) for cSC3MonthlyDemographicsAdvisorManip::Release(void)
000c2c5c	__thunk_4_AddRef__35cSC3MonthlyDemographicsAdvisorManip	virtual function thunk (delta:-4) for cSC3MonthlyDemographicsAdvisorManip::AddRef(void)
000c2c78	__thunk_20_QueryInterface__26cSC3AdvisorForDemographicsUiPPv	virtual function thunk (delta:-20) for cSC3AdvisorForDemographics::QueryInterface(unsigned int, void **)
000c2c94	__thunk_20_AddRef__26cSC3AdvisorForDemographics	virtual function thunk (delta:-20) for cSC3AdvisorForDemographics::AddRef(void)
000c2cb0	__thunk_20_Release__26cSC3AdvisorForDemographics	virtual function thunk (delta:-20) for cSC3AdvisorForDemographics::Release(void)
000c2ccc	__thunk_20_DoMessage__26cSC3AdvisorForDemographicsR10cGZMessage	virtual function thunk (delta:-20) for cSC3AdvisorForDemographics::DoMessage(cGZMessage &)
000c2ce8	__thunk_16_DoQueryInfo__15cSC3BaseAdvisorR10cGZMessageP11cIGZUnknown	virtual function thunk (delta:-16) for cSC3BaseAdvisor::DoQueryInfo(cGZMessage &, cIGZUnknown *)
000c2d04	__thunk_20_Init__26cSC3AdvisorForDemographicsP9cISC3City	virtual function thunk (delta:-20) for cSC3AdvisorForDemographics::Init(cISC3City *)
000c2d20	__thunk_20_Init__26cSC3AdvisorForDemographicsP9cISC3CityP13cIGZDBSegment	virtual function thunk (delta:-20) for cSC3AdvisorForDemographics::Init(cISC3City *, cIGZDBSegment *)
000c2d3c	__thunk_20_Save__26cSC3AdvisorForDemographicsP9cISC3CityP13cIGZDBSegment	virtual function thunk (delta:-20) for cSC3AdvisorForDemographics::Save(cISC3City *, cIGZDBSegment *)
000c2d58	__thunk_20_SimulationBegin__26cSC3AdvisorForDemographics	virtual function thunk (delta:-20) for cSC3AdvisorForDemographics::SimulationBegin(void)
000c2d74	__thunk_20_SimulationEnd__26cSC3AdvisorForDemographics	virtual function thunk (delta:-20) for cSC3AdvisorForDemographics::SimulationEnd(void)
000c2d90	__thunk_20_Shutdown__26cSC3AdvisorForDemographics	virtual function thunk (delta:-20) for cSC3AdvisorForDemographics::Shutdown(void)
000c2dac	__thunk_20_GetLayerType__26cSC3AdvisorForDemographics	virtual function thunk (delta:-20) for cSC3AdvisorForDemographics::GetLayerType(void)
000c2dc8	__thunk_20_DebugClassTag__26cSC3AdvisorForDemographicsR10cIGZString	virtual function thunk (delta:-20) for cSC3AdvisorForDemographics::DebugClassTag(cIGZString &)
000c2de4	__thunk_20_DebugTypeTag__26cSC3AdvisorForDemographicsR10cIGZString	virtual function thunk (delta:-20) for cSC3AdvisorForDemographics::DebugTypeTag(cIGZString &)
000c2e00	__thunk_4_QueryInterface__26cSC3AdvisorForDemographicsUiPPv	virtual function thunk (delta:-4) for cSC3AdvisorForDemographics::QueryInterface(unsigned int, void **)
000c2e1c	__thunk_4_AddRef__26cSC3AdvisorForDemographics	virtual function thunk (delta:-4) for cSC3AdvisorForDemographics::AddRef(void)
000c2e38	__thunk_4_Release__26cSC3AdvisorForDemographics	virtual function thunk (delta:-4) for cSC3AdvisorForDemographics::Release(void)
000c2e54	__thunk_4_DoAdvisorSimulation__26cSC3AdvisorForDemographics	virtual function thunk (delta:-4) for cSC3AdvisorForDemographics::DoAdvisorSimulation(void)
000c2e70	__thunk_4_GetAdvisorID__26cSC3AdvisorForDemographics	virtual function thunk (delta:-4) for cSC3AdvisorForDemographics::GetAdvisorID(void)
000c2e8c	__thunk_4_DoMessage__26cSC3AdvisorForDemographicsR10cGZMessage	virtual function thunk (delta:-4) for cSC3AdvisorForDemographics::DoMessage(cGZMessage &)
000c2ea8	__thunk_4_GetSimulationData__26cSC3AdvisorForDemographics	virtual function thunk (delta:-4) for cSC3AdvisorForDemographics::GetSimulationData(void)
000c2ec4	__thunk_4_CheckOnAdvice__26cSC3AdvisorForDemographics	virtual function thunk (delta:-4) for cSC3AdvisorForDemographics::CheckOnAdvice(void)
000c2ee0	__thunk_8_QueryInterface__26cSC3AdvisorForDemographicsUiPPv	virtual function thunk (delta:-8) for cSC3AdvisorForDemographics::QueryInterface(unsigned int, void **)
000c2efc	__thunk_8_AddRef__26cSC3AdvisorForDemographics	virtual function thunk (delta:-8) for cSC3AdvisorForDemographics::AddRef(void)
000c2f18	__thunk_8_Release__26cSC3AdvisorForDemographics	virtual function thunk (delta:-8) for cSC3AdvisorForDemographics::Release(void)
000c2f34	__thunk_8_Simulate__26cSC3AdvisorForDemographicsi	virtual function thunk (delta:-8) for cSC3AdvisorForDemographics::Simulate(int)
000c2f50	__thunk_8_AgentType__26cSC3AdvisorForDemographics	virtual function thunk (delta:-8) for cSC3AdvisorForDemographics::AgentType(void)
000c2f6c	__thunk_8_SetAgentType__26cSC3AdvisorForDemographicsP18cISC3CityAgentType	virtual function thunk (delta:-8) for cSC3AdvisorForDemographics::SetAgentType(cISC3CityAgentType *)
000c2f88	__thunk_8_DebugClassTag__26cSC3AdvisorForDemographicsR10cIGZString	virtual function thunk (delta:-8) for cSC3AdvisorForDemographics::DebugClassTag(cIGZString &)
000c2fa4	__thunk_8_DebugTypeTag__26cSC3AdvisorForDemographicsR10cIGZString	virtual function thunk (delta:-8) for cSC3AdvisorForDemographics::DebugTypeTag(cIGZString &)
000c2fc0	__thunk_8__._26cSC3AdvisorForDemographics	virtual function thunk (delta:-8) for cSC3AdvisorForDemographics::~cSC3AdvisorForDemographics(void)
000c2fe0	_._35cSC3MonthlyDemographicsAdvisorManip	cSC3MonthlyDemographicsAdvisorManip::~cSC3MonthlyDemographicsAdvisorManip(void)
000c303c	_._34cSC3WeeklyDemographicsAdvisorManip	cSC3WeeklyDemographicsAdvisorManip::~cSC3WeeklyDemographicsAdvisorManip(void)
000c30a4	clear__t10_List_base2ZP26cISC3GarbageBuildingRecordZt9allocator1ZP26cISC3GarbageBuildingRecord	_List_base<cISC3GarbageBuildingRecord *, allocator<cISC3GarbageBuildingRecord *> >::clear(void)
000c3124	erase__t4list2ZP26cISC3GarbageBuildingRecordZt9allocator1ZP26cISC3GarbageBuildingRecordGt14_List_iterator3ZP26cISC3GarbageBuildingRecordZRP26cISC3GarbageBuildingRecordZPP26cISC3GarbageBuildingRecordT1	list<cISC3GarbageBuildingRecord *, allocator<cISC3GarbageBuildingRecord *> >::erase(_List_iterator<cISC3GarbageBuildingRecord *, cISC3GarbageBuildingRecord *&, cISC3GarbageBuildingRecord **>, _List_iterator<cISC3GarbageBuildingRecord *, cISC3GarbageBuildingRecord *&, cISC3GarbageBuildingRecord **>)
000c31c4	__thunk_4__._33cSC3WeeklyEnvironmentAdvisorManip	virtual function thunk (delta:-4) for cSC3WeeklyEnvironmentAdvisorManip::~cSC3WeeklyEnvironmentAdvisorManip(void)
000c31e0	__thunk_4_Release__33cSC3WeeklyEnvironmentAdvisorManip	virtual function thunk (delta:-4) for cSC3WeeklyEnvironmentAdvisorManip::Release(void)
000c31fc	__thunk_4_AddRef__33cSC3WeeklyEnvironmentAdvisorManip	virtual function thunk (delta:-4) for cSC3WeeklyEnvironmentAdvisorManip::AddRef(void)
000c3218	__thunk_4__._34cSC3MonthlyEnvironmentAdvisorManip	virtual function thunk (delta:-4) for cSC3MonthlyEnvironmentAdvisorManip::~cSC3MonthlyEnvironmentAdvisorManip(void)
000c3234	__thunk_4_Release__34cSC3MonthlyEnvironmentAdvisorManip	virtual function thunk (delta:-4) for cSC3MonthlyEnvironmentAdvisorManip::Release(void)
000c3250	__thunk_4_AddRef__34cSC3MonthlyEnvironmentAdvisorManip	virtual function thunk (delta:-4) for cSC3MonthlyEnvironmentAdvisorManip::AddRef(void)
000c326c	__thunk_20_QueryInterface__25cSC3AdvisorForEnvironmentUiPPv	virtual function thunk (delta:-20) for cSC3AdvisorForEnvironment::QueryInterface(unsigned int, void **)
000c3288	__thunk_20_AddRef__25cSC3AdvisorForEnvironment	virtual function thunk (delta:-20) for cSC3AdvisorForEnvironment::AddRef(void)
000c32a4	__thunk_20_Release__25cSC3AdvisorForEnvironment	virtual function thunk (delta:-20) for cSC3AdvisorForEnvironment::Release(void)
000c32c0	__thunk_20_DoMessage__25cSC3AdvisorForEnvironmentR10cGZMessage	virtual function thunk (delta:-20) for cSC3AdvisorForEnvironment::DoMessage(cGZMessage &)
000c32dc	__thunk_20_DoQueryInfo__25cSC3AdvisorForEnvironmentR10cGZMessageP11cIGZUnknown	virtual function thunk (delta:-20) for cSC3AdvisorForEnvironment::DoQueryInfo(cGZMessage &, cIGZUnknown *)
000c32f8	__thunk_20_Init__25cSC3AdvisorForEnvironmentP9cISC3City	virtual function thunk (delta:-20) for cSC3AdvisorForEnvironment::Init(cISC3City *)
000c3314	__thunk_20_Init__25cSC3AdvisorForEnvironmentP9cISC3CityP13cIGZDBSegment	virtual function thunk (delta:-20) for cSC3AdvisorForEnvironment::Init(cISC3City *, cIGZDBSegment *)
000c3330	__thunk_20_Save__25cSC3AdvisorForEnvironmentP9cISC3CityP13cIGZDBSegment	virtual function thunk (delta:-20) for cSC3AdvisorForEnvironment::Save(cISC3City *, cIGZDBSegment *)
000c334c	__thunk_20_SimulationBegin__25cSC3AdvisorForEnvironment	virtual function thunk (delta:-20) for cSC3AdvisorForEnvironment::SimulationBegin(void)
000c3368	__thunk_20_SimulationEnd__25cSC3AdvisorForEnvironment	virtual function thunk (delta:-20) for cSC3AdvisorForEnvironment::SimulationEnd(void)
000c3384	__thunk_20_Shutdown__25cSC3AdvisorForEnvironment	virtual function thunk (delta:-20) for cSC3AdvisorForEnvironment::Shutdown(void)
000c33a0	__thunk_20_GetLayerType__25cSC3AdvisorForEnvironment	virtual function thunk (delta:-20) for cSC3AdvisorForEnvironment::GetLayerType(void)
000c33bc	__thunk_20_DebugClassTag__25cSC3AdvisorForEnvironmentR10cIGZString	virtual function thunk (delta:-20) for cSC3AdvisorForEnvironment::DebugClassTag(cIGZString &)
000c33d8	__thunk_20_DebugTypeTag__25cSC3AdvisorForEnvironmentR10cIGZString	virtual function thunk (delta:-20) for cSC3AdvisorForEnvironment::DebugTypeTag(cIGZString &)
000c33f4	__thunk_4_QueryInterface__25cSC3AdvisorForEnvironmentUiPPv	virtual function thunk (delta:-4) for cSC3AdvisorForEnvironment::QueryInterface(unsigned int, void **)
000c3410	__thunk_4_AddRef__25cSC3AdvisorForEnvironment	virtual function thunk (delta:-4) for cSC3AdvisorForEnvironment::AddRef(void)
000c342c	__thunk_4_Release__25cSC3AdvisorForEnvironment	virtual function thunk (delta:-4) for cSC3AdvisorForEnvironment::Release(void)
000c3448	__thunk_4_DoAdvisorSimulation__25cSC3AdvisorForEnvironment	virtual function thunk (delta:-4) for cSC3AdvisorForEnvironment::DoAdvisorSimulation(void)
000c3464	__thunk_4_GetAdvisorID__25cSC3AdvisorForEnvironment	virtual function thunk (delta:-4) for cSC3AdvisorForEnvironment::GetAdvisorID(void)
000c3480	__thunk_4_DoMessage__25cSC3AdvisorForEnvironmentR10cGZMessage	virtual function thunk (delta:-4) for cSC3AdvisorForEnvironment::DoMessage(cGZMessage &)
000c349c	__thunk_4_DoQueryInfo__25cSC3AdvisorForEnvironmentR10cGZMessageP11cIGZUnknown	virtual function thunk (delta:-4) for cSC3AdvisorForEnvironment::DoQueryInfo(cGZMessage &, cIGZUnknown *)
000c34b8	__thunk_4_GetSimulationData__25cSC3AdvisorForEnvironment	virtual function thunk (delta:-4) for cSC3AdvisorForEnvironment::GetSimulationData(void)
000c34d4	__thunk_4_CheckOnAdvice__25cSC3AdvisorForEnvironment	virtual function thunk (delta:-4) for cSC3AdvisorForEnvironment::CheckOnAdvice(void)
000c34f0	__thunk_8_QueryInterface__25cSC3AdvisorForEnvironmentUiPPv	virtual function thunk (delta:-8) for cSC3AdvisorForEnvironment::QueryInterface(unsigned int, void **)
000c350c	__thunk_8_AddRef__25cSC3AdvisorForEnvironment	virtual function thunk (delta:-8) for cSC3AdvisorForEnvironment::AddRef(void)
000c3528	__thunk_8_Release__25cSC3AdvisorForEnvironment	virtual function thunk (delta:-8) for cSC3AdvisorForEnvironment::Release(void)
000c3544	__thunk_8_Simulate__25cSC3AdvisorForEnvironmenti	virtual function thunk (delta:-8) for cSC3AdvisorForEnvironment::Simulate(int)
000c3560	__thunk_8_AgentType__25cSC3AdvisorForEnvironment	virtual function thunk (delta:-8) for cSC3AdvisorForEnvironment::AgentType(void)
000c357c	__thunk_8_SetAgentType__25cSC3AdvisorForEnvironmentP18cISC3CityAgentType	virtual function thunk (delta:-8) for cSC3AdvisorForEnvironment::SetAgentType(cISC3CityAgentType *)
000c3598	__thunk_8_DebugClassTag__25cSC3AdvisorForEnvironmentR10cIGZString	virtual function thunk (delta:-8) for cSC3AdvisorForEnvironment::DebugClassTag(cIGZString &)
000c35b4	__thunk_8_DebugTypeTag__25cSC3AdvisorForEnvironmentR10cIGZString	virtual function thunk (delta:-8) for cSC3AdvisorForEnvironment::DebugTypeTag(cIGZString &)
000c35d0	__thunk_8__._25cSC3AdvisorForEnvironment	virtual function thunk (delta:-8) for cSC3AdvisorForEnvironment::~cSC3AdvisorForEnvironment(void)
000c35f0	_._34cSC3MonthlyEnvironmentAdvisorManip	cSC3MonthlyEnvironmentAdvisorManip::~cSC3MonthlyEnvironmentAdvisorManip(void)
000c364c	_._33cSC3WeeklyEnvironmentAdvisorManip	cSC3WeeklyEnvironmentAdvisorManip::~cSC3WeeklyEnvironmentAdvisorManip(void)
000c36b4	_M_erase__t8_Rb_tree5ZP21cISC3DisasterInstanceZt4pair2ZCP21cISC3DisasterInstanceZQ226cSC3AdvisorForPublicSafety15tDisasterRecordZt10_Select1st1Zt4pair2ZCP21cISC3DisasterInstanceZQ226cSC3AdvisorForPublicSafety15tDisasterRecordZt4less1ZP21cISC3DisasterInstanceZt9allocator1ZQ226cSC3AdvisorForPublicSafety15tDisasterRecordPt13_Rb_tree_node1Zt4pair2ZCP21cISC3DisasterInstanceZQ226cSC3AdvisorForPublicSafety15tDisasterRecord	_Rb_tree<cISC3DisasterInstance *, pair<cISC3DisasterInstance *const, cSC3AdvisorForPublicSafety::tDisasterRecord>, _Select1st<pair<cISC3DisasterInstance *const, cSC3AdvisorForPublicSafety::tDisasterRecord> >, less<cISC3DisasterInstance *>, allocator<cSC3AdvisorForPublicSafety::tDisasterRecord> >::_M_erase(_Rb_tree_node<pair<cISC3DisasterInstance *const, cSC3AdvisorForPublicSafety::tDisasterRecord> > *)
000c3734	erase__t8_Rb_tree5ZP21cISC3DisasterInstanceZt4pair2ZCP21cISC3DisasterInstanceZQ226cSC3AdvisorForPublicSafety15tDisasterRecordZt10_Select1st1Zt4pair2ZCP21cISC3DisasterInstanceZQ226cSC3AdvisorForPublicSafety15tDisasterRecordZt4less1ZP21cISC3DisasterInstanceZt9allocator1ZQ226cSC3AdvisorForPublicSafety15tDisasterRecordGt17_Rb_tree_iterator3Zt4pair2ZCP21cISC3DisasterInstanceZQ226cSC3AdvisorForPublicSafety15tDisasterRecordZRt4pair2ZCP21cISC3DisasterInstanceZQ226cSC3AdvisorForPublicSafety15tDisasterRecordZPt4pair2ZCP21cISC3DisasterInstanceZQ226cSC3AdvisorForPublicSafety15tDisasterRecordT1	_Rb_tree<cISC3DisasterInstance *, pair<cISC3DisasterInstance *const, cSC3AdvisorForPublicSafety::tDisasterRecord>, _Select1st<pair<cISC3DisasterInstance *const, cSC3AdvisorForPublicSafety::tDisasterRecord> >, less<cISC3DisasterInstance *>, allocator<cSC3AdvisorForPublicSafety::tDisasterRecord> >::erase(_Rb_tree_iterator<pair<cISC3DisasterInstance *const, cSC3AdvisorForPublicSafety::tDisasterRecord>, pair<cISC3DisasterInstance *const, cSC3AdvisorForPublicSafety::tDisasterRecord> &, pair<cISC3DisasterInstance *const, cSC3AdvisorForPublicSafety::tDisasterRecord> *>, _Rb_tree_iterator<pair<cISC3DisasterInstance *const, cSC3AdvisorForPublicSafety::tDisasterRecord>, pair<cISC3DisasterInstance *const, cSC3AdvisorForPublicSafety::tDisasterRecord> &, pair<cISC3DisasterInstance *const, cSC3AdvisorForPublicSafety::tDisasterRecord> *>)
000c3c44	_M_insert__t8_Rb_tree5ZP21cISC3DisasterInstanceZt4pair2ZCP21cISC3DisasterInstanceZQ226cSC3AdvisorForPublicSafety15tDisasterRecordZt10_Select1st1Zt4pair2ZCP21cISC3DisasterInstanceZQ226cSC3AdvisorForPublicSafety15tDisasterRecordZt4less1ZP21cISC3DisasterInstanceZt9allocator1ZQ226cSC3AdvisorForPublicSafety15tDisasterRecordP18_Rb_tree_node_baseT1RCt4pair2ZCP21cISC3DisasterInstanceZQ226cSC3AdvisorForPublicSafety15tDisasterRecord	_Rb_tree<cISC3DisasterInstance *, pair<cISC3DisasterInstance *const, cSC3AdvisorForPublicSafety::tDisasterRecord>, _Select1st<pair<cISC3DisasterInstance *const, cSC3AdvisorForPublicSafety::tDisasterRecord> >, less<cISC3DisasterInstance *>, allocator<cSC3AdvisorForPublicSafety::tDisasterRecord> >::_M_insert(_Rb_tree_node_base *, _Rb_tree_node_base *, pair<cISC3DisasterInstance *const, cSC3AdvisorForPublicSafety::tDisasterRecord> const &)
000c4044	insert_unique__t8_Rb_tree5ZP21cISC3DisasterInstanceZt4pair2ZCP21cISC3DisasterInstanceZQ226cSC3AdvisorForPublicSafety15tDisasterRecordZt10_Select1st1Zt4pair2ZCP21cISC3DisasterInstanceZQ226cSC3AdvisorForPublicSafety15tDisasterRecordZt4less1ZP21cISC3DisasterInstanceZt9allocator1ZQ226cSC3AdvisorForPublicSafety15tDisasterRecordRCt4pair2ZCP21cISC3DisasterInstanceZQ226cSC3AdvisorForPublicSafety15tDisasterRecord	_Rb_tree<cISC3DisasterInstance *, pair<cISC3DisasterInstance *const, cSC3AdvisorForPublicSafety::tDisasterRecord>, _Select1st<pair<cISC3DisasterInstance *const, cSC3AdvisorForPublicSafety::tDisasterRecord> >, less<cISC3DisasterInstance *>, allocator<cSC3AdvisorForPublicSafety::tDisasterRecord> >::insert_unique(pair<cISC3DisasterInstance *const, cSC3AdvisorForPublicSafety::tDisasterRecord> const &)
000c4134	insert_unique__t8_Rb_tree5ZP21cISC3DisasterInstanceZt4pair2ZCP21cISC3DisasterInstanceZQ226cSC3AdvisorForPublicSafety15tDisasterRecordZt10_Select1st1Zt4pair2ZCP21cISC3DisasterInstanceZQ226cSC3AdvisorForPublicSafety15tDisasterRecordZt4less1ZP21cISC3DisasterInstanceZt9allocator1ZQ226cSC3AdvisorForPublicSafety15tDisasterRecordGt17_Rb_tree_iterator3Zt4pair2ZCP21cISC3DisasterInstanceZQ226cSC3AdvisorForPublicSafety15tDisasterRecordZRt4pair2ZCP21cISC3DisasterInstanceZQ226cSC3AdvisorForPublicSafety15tDisasterRecordZPt4pair2ZCP21cISC3DisasterInstanceZQ226cSC3AdvisorForPublicSafety15tDisasterRecordRCt4pair2ZCP21cISC3DisasterInstanceZQ226cSC3AdvisorForPublicSafety15tDisasterRecord	_Rb_tree<cISC3DisasterInstance *, pair<cISC3DisasterInstance *const, cSC3AdvisorForPublicSafety::tDisasterRecord>, _Select1st<pair<cISC3DisasterInstance *const, cSC3AdvisorForPublicSafety::tDisasterRecord> >, less<cISC3DisasterInstance *>, allocator<cSC3AdvisorForPublicSafety::tDisasterRecord> >::insert_unique(_Rb_tree_iterator<pair<cISC3DisasterInstance *const, cSC3AdvisorForPublicSafety::tDisasterRecord>, pair<cISC3DisasterInstance *const, cSC3AdvisorForPublicSafety::tDisasterRecord> &, pair<cISC3DisasterInstance *const, cSC3AdvisorForPublicSafety::tDisasterRecord> *>, pair<cISC3DisasterInstance *const, cSC3AdvisorForPublicSafety::tDisasterRecord> const &)
000c42b0	find__t8_Rb_tree5ZP21cISC3DisasterInstanceZt4pair2ZCP21cISC3DisasterInstanceZQ226cSC3AdvisorForPublicSafety15tDisasterRecordZt10_Select1st1Zt4pair2ZCP21cISC3DisasterInstanceZQ226cSC3AdvisorForPublicSafety15tDisasterRecordZt4less1ZP21cISC3DisasterInstanceZt9allocator1ZQ226cSC3AdvisorForPublicSafety15tDisasterRecordRCP21cISC3DisasterInstance	_Rb_tree<cISC3DisasterInstance *, pair<cISC3DisasterInstance *const, cSC3AdvisorForPublicSafety::tDisasterRecord>, _Select1st<pair<cISC3DisasterInstance *const, cSC3AdvisorForPublicSafety::tDisasterRecord> >, less<cISC3DisasterInstance *>, allocator<cSC3AdvisorForPublicSafety::tDisasterRecord> >::find(cISC3DisasterInstance *const &)
000c4310	__thunk_8_QueryInterface__20cSC3PoliceDeptBudgetUiPPv	virtual function thunk (delta:-8) for cSC3PoliceDeptBudget::QueryInterface(unsigned int, void **)
000c432c	__thunk_8_AddRef__20cSC3PoliceDeptBudget	virtual function thunk (delta:-8) for cSC3PoliceDeptBudget::AddRef(void)
000c4348	__thunk_8_Release__20cSC3PoliceDeptBudget	virtual function thunk (delta:-8) for cSC3PoliceDeptBudget::Release(void)
000c4364	__thunk_8_GetDepartmentID__20cSC3PoliceDeptBudget	virtual function thunk (delta:-8) for cSC3PoliceDeptBudget::GetDepartmentID(void)
000c4380	__thunk_8_GetLastYearSurplus__20cSC3PoliceDeptBudget	virtual function thunk (delta:-8) for cSC3PoliceDeptBudget::GetLastYearSurplus(void)
000c439c	__thunk_8_GetTotalFundingNeeded__20cSC3PoliceDeptBudget	virtual function thunk (delta:-8) for cSC3PoliceDeptBudget::GetTotalFundingNeeded(void)
000c43b8	__thunk_8_SetTotalFundingNeeded__20cSC3PoliceDeptBudgetx	virtual function thunk (delta:-8) for cSC3PoliceDeptBudget::SetTotalFundingNeeded(long long)
000c43d4	__thunk_8_GetDepartmentName__20cSC3PoliceDeptBudget	virtual function thunk (delta:-8) for cSC3PoliceDeptBudget::GetDepartmentName(void)
000c43f0	__thunk_8_SetFundingPercentage__20cSC3PoliceDeptBudgetUc	virtual function thunk (delta:-8) for cSC3PoliceDeptBudget::SetFundingPercentage(unsigned char)
000c440c	__thunk_8_GetFundingPercentage__20cSC3PoliceDeptBudget	virtual function thunk (delta:-8) for cSC3PoliceDeptBudget::GetFundingPercentage(void)
000c4428	__thunk_8_GetAdvisorID__20cSC3PoliceDeptBudget	virtual function thunk (delta:-8) for cSC3PoliceDeptBudget::GetAdvisorID(void)
000c4444	__thunk_8_GetAdvisorGroupID__20cSC3PoliceDeptBudget	virtual function thunk (delta:-8) for cSC3PoliceDeptBudget::GetAdvisorGroupID(void)
000c4460	__thunk_8_QueryInterface__18cSC3FireDeptBudgetUiPPv	virtual function thunk (delta:-8) for cSC3FireDeptBudget::QueryInterface(unsigned int, void **)
000c447c	__thunk_8_AddRef__18cSC3FireDeptBudget	virtual function thunk (delta:-8) for cSC3FireDeptBudget::AddRef(void)
000c4498	__thunk_8_Release__18cSC3FireDeptBudget	virtual function thunk (delta:-8) for cSC3FireDeptBudget::Release(void)
000c44b4	__thunk_8_GetDepartmentID__18cSC3FireDeptBudget	virtual function thunk (delta:-8) for cSC3FireDeptBudget::GetDepartmentID(void)
000c44d0	__thunk_8_GetLastYearSurplus__18cSC3FireDeptBudget	virtual function thunk (delta:-8) for cSC3FireDeptBudget::GetLastYearSurplus(void)
000c44ec	__thunk_8_GetTotalFundingNeeded__18cSC3FireDeptBudget	virtual function thunk (delta:-8) for cSC3FireDeptBudget::GetTotalFundingNeeded(void)
000c4508	__thunk_8_SetTotalFundingNeeded__18cSC3FireDeptBudgetx	virtual function thunk (delta:-8) for cSC3FireDeptBudget::SetTotalFundingNeeded(long long)
000c4524	__thunk_8_GetDepartmentName__18cSC3FireDeptBudget	virtual function thunk (delta:-8) for cSC3FireDeptBudget::GetDepartmentName(void)
000c4540	__thunk_8_SetFundingPercentage__18cSC3FireDeptBudgetUc	virtual function thunk (delta:-8) for cSC3FireDeptBudget::SetFundingPercentage(unsigned char)
000c455c	__thunk_8_GetFundingPercentage__18cSC3FireDeptBudget	virtual function thunk (delta:-8) for cSC3FireDeptBudget::GetFundingPercentage(void)
000c4578	__thunk_8_GetAdvisorID__18cSC3FireDeptBudget	virtual function thunk (delta:-8) for cSC3FireDeptBudget::GetAdvisorID(void)
000c4594	__thunk_8_GetAdvisorGroupID__18cSC3FireDeptBudget	virtual function thunk (delta:-8) for cSC3FireDeptBudget::GetAdvisorGroupID(void)
000c45b0	__thunk_4__._34cSC3WeeklyPublicSafetyAdvisorManip	virtual function thunk (delta:-4) for cSC3WeeklyPublicSafetyAdvisorManip::~cSC3WeeklyPublicSafetyAdvisorManip(void)
000c45cc	__thunk_4_Release__34cSC3WeeklyPublicSafetyAdvisorManip	virtual function thunk (delta:-4) for cSC3WeeklyPublicSafetyAdvisorManip::Release(void)
000c45e8	__thunk_4_AddRef__34cSC3WeeklyPublicSafetyAdvisorManip	virtual function thunk (delta:-4) for cSC3WeeklyPublicSafetyAdvisorManip::AddRef(void)
000c4604	__thunk_4__._35cSC3MonthlyPublicSafetyAdvisorManip	virtual function thunk (delta:-4) for cSC3MonthlyPublicSafetyAdvisorManip::~cSC3MonthlyPublicSafetyAdvisorManip(void)
000c4620	__thunk_4_Release__35cSC3MonthlyPublicSafetyAdvisorManip	virtual function thunk (delta:-4) for cSC3MonthlyPublicSafetyAdvisorManip::Release(void)
000c463c	__thunk_4_AddRef__35cSC3MonthlyPublicSafetyAdvisorManip	virtual function thunk (delta:-4) for cSC3MonthlyPublicSafetyAdvisorManip::AddRef(void)
000c4658	__thunk_20_QueryInterface__26cSC3AdvisorForPublicSafetyUiPPv	virtual function thunk (delta:-20) for cSC3AdvisorForPublicSafety::QueryInterface(unsigned int, void **)
000c4674	__thunk_20_AddRef__26cSC3AdvisorForPublicSafety	virtual function thunk (delta:-20) for cSC3AdvisorForPublicSafety::AddRef(void)
000c4690	__thunk_20_Release__26cSC3AdvisorForPublicSafety	virtual function thunk (delta:-20) for cSC3AdvisorForPublicSafety::Release(void)
000c46ac	__thunk_20_DoMessage__26cSC3AdvisorForPublicSafetyR10cGZMessage	virtual function thunk (delta:-20) for cSC3AdvisorForPublicSafety::DoMessage(cGZMessage &)
000c46c8	__thunk_20_Init__26cSC3AdvisorForPublicSafetyP9cISC3City	virtual function thunk (delta:-20) for cSC3AdvisorForPublicSafety::Init(cISC3City *)
000c46e4	__thunk_20_Init__26cSC3AdvisorForPublicSafetyP9cISC3CityP13cIGZDBSegment	virtual function thunk (delta:-20) for cSC3AdvisorForPublicSafety::Init(cISC3City *, cIGZDBSegment *)
000c4700	__thunk_20_Save__26cSC3AdvisorForPublicSafetyP9cISC3CityP13cIGZDBSegment	virtual function thunk (delta:-20) for cSC3AdvisorForPublicSafety::Save(cISC3City *, cIGZDBSegment *)
000c471c	__thunk_20_SimulationBegin__26cSC3AdvisorForPublicSafety	virtual function thunk (delta:-20) for cSC3AdvisorForPublicSafety::SimulationBegin(void)
000c4738	__thunk_20_SimulationEnd__26cSC3AdvisorForPublicSafety	virtual function thunk (delta:-20) for cSC3AdvisorForPublicSafety::SimulationEnd(void)
000c4754	__thunk_20_Shutdown__26cSC3AdvisorForPublicSafety	virtual function thunk (delta:-20) for cSC3AdvisorForPublicSafety::Shutdown(void)
000c4770	__thunk_20_GetLayerType__26cSC3AdvisorForPublicSafety	virtual function thunk (delta:-20) for cSC3AdvisorForPublicSafety::GetLayerType(void)
000c478c	__thunk_20_DebugClassTag__26cSC3AdvisorForPublicSafetyR10cIGZString	virtual function thunk (delta:-20) for cSC3AdvisorForPublicSafety::DebugClassTag(cIGZString &)
000c47a8	__thunk_20_DebugTypeTag__26cSC3AdvisorForPublicSafetyR10cIGZString	virtual function thunk (delta:-20) for cSC3AdvisorForPublicSafety::DebugTypeTag(cIGZString &)
000c47c4	__thunk_4_QueryInterface__26cSC3AdvisorForPublicSafetyUiPPv	virtual function thunk (delta:-4) for cSC3AdvisorForPublicSafety::QueryInterface(unsigned int, void **)
000c47e0	__thunk_4_AddRef__26cSC3AdvisorForPublicSafety	virtual function thunk (delta:-4) for cSC3AdvisorForPublicSafety::AddRef(void)
000c47fc	__thunk_4_Release__26cSC3AdvisorForPublicSafety	virtual function thunk (delta:-4) for cSC3AdvisorForPublicSafety::Release(void)
000c4818	__thunk_4_DoAdvisorSimulation__26cSC3AdvisorForPublicSafety	virtual function thunk (delta:-4) for cSC3AdvisorForPublicSafety::DoAdvisorSimulation(void)
000c4834	__thunk_4_GetAdvisorID__26cSC3AdvisorForPublicSafety	virtual function thunk (delta:-4) for cSC3AdvisorForPublicSafety::GetAdvisorID(void)
000c4850	__thunk_4_DoMessage__26cSC3AdvisorForPublicSafetyR10cGZMessage	virtual function thunk (delta:-4) for cSC3AdvisorForPublicSafety::DoMessage(cGZMessage &)
000c486c	__thunk_4_GetSimulationData__26cSC3AdvisorForPublicSafety	virtual function thunk (delta:-4) for cSC3AdvisorForPublicSafety::GetSimulationData(void)
000c4888	__thunk_4_CheckOnAdvice__26cSC3AdvisorForPublicSafety	virtual function thunk (delta:-4) for cSC3AdvisorForPublicSafety::CheckOnAdvice(void)
000c48a4	__thunk_8_QueryInterface__26cSC3AdvisorForPublicSafetyUiPPv	virtual function thunk (delta:-8) for cSC3AdvisorForPublicSafety::QueryInterface(unsigned int, void **)
000c48c0	__thunk_8_AddRef__26cSC3AdvisorForPublicSafety	virtual function thunk (delta:-8) for cSC3AdvisorForPublicSafety::AddRef(void)
000c48dc	__thunk_8_Release__26cSC3AdvisorForPublicSafety	virtual function thunk (delta:-8) for cSC3AdvisorForPublicSafety::Release(void)
000c48f8	__thunk_8_Simulate__26cSC3AdvisorForPublicSafetyi	virtual function thunk (delta:-8) for cSC3AdvisorForPublicSafety::Simulate(int)
000c4914	__thunk_8_AgentType__26cSC3AdvisorForPublicSafety	virtual function thunk (delta:-8) for cSC3AdvisorForPublicSafety::AgentType(void)
000c4930	__thunk_8_SetAgentType__26cSC3AdvisorForPublicSafetyP18cISC3CityAgentType	virtual function thunk (delta:-8) for cSC3AdvisorForPublicSafety::SetAgentType(cISC3CityAgentType *)
000c494c	__thunk_8_DebugClassTag__26cSC3AdvisorForPublicSafetyR10cIGZString	virtual function thunk (delta:-8) for cSC3AdvisorForPublicSafety::DebugClassTag(cIGZString &)
000c4968	__thunk_8_DebugTypeTag__26cSC3AdvisorForPublicSafetyR10cIGZString	virtual function thunk (delta:-8) for cSC3AdvisorForPublicSafety::DebugTypeTag(cIGZString &)
000c4984	__thunk_8__._26cSC3AdvisorForPublicSafety	virtual function thunk (delta:-8) for cSC3AdvisorForPublicSafety::~cSC3AdvisorForPublicSafety(void)
000c49a4	_._t3map4ZP21cISC3DisasterInstanceZQ226cSC3AdvisorForPublicSafety15tDisasterRecordZt4less1ZP21cISC3DisasterInstanceZt9allocator1ZQ226cSC3AdvisorForPublicSafety15tDisasterRecord	map<cISC3DisasterInstance *, cSC3AdvisorForPublicSafety::tDisasterRecord, less<cISC3DisasterInstance *>, allocator<cSC3AdvisorForPublicSafety::tDisasterRecord> >::~map(void)
000c4a4c	_._35cSC3MonthlyPublicSafetyAdvisorManip	cSC3MonthlyPublicSafetyAdvisorManip::~cSC3MonthlyPublicSafetyAdvisorManip(void)
000c4aa8	_._34cSC3WeeklyPublicSafetyAdvisorManip	cSC3WeeklyPublicSafetyAdvisorManip::~cSC3WeeklyPublicSafetyAdvisorManip(void)
000c4b00	lower_bound__t8_Rb_tree5ZP21cISC3DisasterInstanceZt4pair2ZCP21cISC3DisasterInstanceZQ226cSC3AdvisorForPublicSafety15tDisasterRecordZt10_Select1st1Zt4pair2ZCP21cISC3DisasterInstanceZQ226cSC3AdvisorForPublicSafety15tDisasterRecordZt4less1ZP21cISC3DisasterInstanceZt9allocator1ZQ226cSC3AdvisorForPublicSafety15tDisasterRecordRCP21cISC3DisasterInstance	_Rb_tree<cISC3DisasterInstance *, pair<cISC3DisasterInstance *const, cSC3AdvisorForPublicSafety::tDisasterRecord>, _Select1st<pair<cISC3DisasterInstance *const, cSC3AdvisorForPublicSafety::tDisasterRecord> >, less<cISC3DisasterInstance *>, allocator<cSC3AdvisorForPublicSafety::tDisasterRecord> >::lower_bound(cISC3DisasterInstance *const &)
000c4b38	__thunk_8_QueryInterface__18cSC3RailDeptBudgetUiPPv	virtual function thunk (delta:-8) for cSC3RailDeptBudget::QueryInterface(unsigned int, void **)
000c4b54	__thunk_8_AddRef__18cSC3RailDeptBudget	virtual function thunk (delta:-8) for cSC3RailDeptBudget::AddRef(void)
000c4b70	__thunk_8_Release__18cSC3RailDeptBudget	virtual function thunk (delta:-8) for cSC3RailDeptBudget::Release(void)
000c4b8c	__thunk_8_GetDepartmentID__18cSC3RailDeptBudget	virtual function thunk (delta:-8) for cSC3RailDeptBudget::GetDepartmentID(void)
000c4ba8	__thunk_8_GetLastYearSurplus__18cSC3RailDeptBudget	virtual function thunk (delta:-8) for cSC3RailDeptBudget::GetLastYearSurplus(void)
000c4bc4	__thunk_8_GetTotalFundingNeeded__18cSC3RailDeptBudget	virtual function thunk (delta:-8) for cSC3RailDeptBudget::GetTotalFundingNeeded(void)
000c4be0	__thunk_8_SetTotalFundingNeeded__18cSC3RailDeptBudgetx	virtual function thunk (delta:-8) for cSC3RailDeptBudget::SetTotalFundingNeeded(long long)
000c4bfc	__thunk_8_GetDepartmentName__18cSC3RailDeptBudget	virtual function thunk (delta:-8) for cSC3RailDeptBudget::GetDepartmentName(void)
000c4c18	__thunk_8_SetFundingPercentage__18cSC3RailDeptBudgetUc	virtual function thunk (delta:-8) for cSC3RailDeptBudget::SetFundingPercentage(unsigned char)
000c4c34	__thunk_8_GetFundingPercentage__18cSC3RailDeptBudget	virtual function thunk (delta:-8) for cSC3RailDeptBudget::GetFundingPercentage(void)
000c4c50	__thunk_8_GetAdvisorID__18cSC3RailDeptBudget	virtual function thunk (delta:-8) for cSC3RailDeptBudget::GetAdvisorID(void)
000c4c6c	__thunk_8_GetAdvisorGroupID__18cSC3RailDeptBudget	virtual function thunk (delta:-8) for cSC3RailDeptBudget::GetAdvisorGroupID(void)
000c4c88	__thunk_8_QueryInterface__18cSC3RoadDeptBudgetUiPPv	virtual function thunk (delta:-8) for cSC3RoadDeptBudget::QueryInterface(unsigned int, void **)
000c4ca4	__thunk_8_AddRef__18cSC3RoadDeptBudget	virtual function thunk (delta:-8) for cSC3RoadDeptBudget::AddRef(void)
000c4cc0	__thunk_8_Release__18cSC3RoadDeptBudget	virtual function thunk (delta:-8) for cSC3RoadDeptBudget::Release(void)
000c4cdc	__thunk_8_GetDepartmentID__18cSC3RoadDeptBudget	virtual function thunk (delta:-8) for cSC3RoadDeptBudget::GetDepartmentID(void)
000c4cf8	__thunk_8_GetLastYearSurplus__18cSC3RoadDeptBudget	virtual function thunk (delta:-8) for cSC3RoadDeptBudget::GetLastYearSurplus(void)
000c4d14	__thunk_8_GetTotalFundingNeeded__18cSC3RoadDeptBudget	virtual function thunk (delta:-8) for cSC3RoadDeptBudget::GetTotalFundingNeeded(void)
000c4d30	__thunk_8_SetTotalFundingNeeded__18cSC3RoadDeptBudgetx	virtual function thunk (delta:-8) for cSC3RoadDeptBudget::SetTotalFundingNeeded(long long)
000c4d4c	__thunk_8_GetDepartmentName__18cSC3RoadDeptBudget	virtual function thunk (delta:-8) for cSC3RoadDeptBudget::GetDepartmentName(void)
000c4d68	__thunk_8_SetFundingPercentage__18cSC3RoadDeptBudgetUc	virtual function thunk (delta:-8) for cSC3RoadDeptBudget::SetFundingPercentage(unsigned char)
000c4d84	__thunk_8_GetFundingPercentage__18cSC3RoadDeptBudget	virtual function thunk (delta:-8) for cSC3RoadDeptBudget::GetFundingPercentage(void)
000c4da0	__thunk_8_GetAdvisorID__18cSC3RoadDeptBudget	virtual function thunk (delta:-8) for cSC3RoadDeptBudget::GetAdvisorID(void)
000c4dbc	__thunk_8_GetAdvisorGroupID__18cSC3RoadDeptBudget	virtual function thunk (delta:-8) for cSC3RoadDeptBudget::GetAdvisorGroupID(void)
000c4dd8	__thunk_4__._36cSC3WeeklyTransportationAdvisorManip	virtual function thunk (delta:-4) for cSC3WeeklyTransportationAdvisorManip::~cSC3WeeklyTransportationAdvisorManip(void)
000c4df4	__thunk_4_Release__36cSC3WeeklyTransportationAdvisorManip	virtual function thunk (delta:-4) for cSC3WeeklyTransportationAdvisorManip::Release(void)
000c4e10	__thunk_4_AddRef__36cSC3WeeklyTransportationAdvisorManip	virtual function thunk (delta:-4) for cSC3WeeklyTransportationAdvisorManip::AddRef(void)
000c4e2c	__thunk_4__._37cSC3MonthlyTransportationAdvisorManip	virtual function thunk (delta:-4) for cSC3MonthlyTransportationAdvisorManip::~cSC3MonthlyTransportationAdvisorManip(void)
000c4e48	__thunk_4_Release__37cSC3MonthlyTransportationAdvisorManip	virtual function thunk (delta:-4) for cSC3MonthlyTransportationAdvisorManip::Release(void)
000c4e64	__thunk_4_AddRef__37cSC3MonthlyTransportationAdvisorManip	virtual function thunk (delta:-4) for cSC3MonthlyTransportationAdvisorManip::AddRef(void)
000c4e80	__thunk_20_QueryInterface__28cSC3AdvisorForTransportationUiPPv	virtual function thunk (delta:-20) for cSC3AdvisorForTransportation::QueryInterface(unsigned int, void **)
000c4e9c	__thunk_20_AddRef__28cSC3AdvisorForTransportation	virtual function thunk (delta:-20) for cSC3AdvisorForTransportation::AddRef(void)
000c4eb8	__thunk_20_Release__28cSC3AdvisorForTransportation	virtual function thunk (delta:-20) for cSC3AdvisorForTransportation::Release(void)
000c4ed4	__thunk_20_DoMessage__28cSC3AdvisorForTransportationR10cGZMessage	virtual function thunk (delta:-20) for cSC3AdvisorForTransportation::DoMessage(cGZMessage &)
000c4ef0	__thunk_20_Init__28cSC3AdvisorForTransportationP9cISC3City	virtual function thunk (delta:-20) for cSC3AdvisorForTransportation::Init(cISC3City *)
000c4f0c	__thunk_20_Init__28cSC3AdvisorForTransportationP9cISC3CityP13cIGZDBSegment	virtual function thunk (delta:-20) for cSC3AdvisorForTransportation::Init(cISC3City *, cIGZDBSegment *)
000c4f28	__thunk_20_Save__28cSC3AdvisorForTransportationP9cISC3CityP13cIGZDBSegment	virtual function thunk (delta:-20) for cSC3AdvisorForTransportation::Save(cISC3City *, cIGZDBSegment *)
000c4f44	__thunk_20_SimulationBegin__28cSC3AdvisorForTransportation	virtual function thunk (delta:-20) for cSC3AdvisorForTransportation::SimulationBegin(void)
000c4f60	__thunk_20_SimulationEnd__28cSC3AdvisorForTransportation	virtual function thunk (delta:-20) for cSC3AdvisorForTransportation::SimulationEnd(void)
000c4f7c	__thunk_20_Shutdown__28cSC3AdvisorForTransportation	virtual function thunk (delta:-20) for cSC3AdvisorForTransportation::Shutdown(void)
000c4f98	__thunk_20_GetLayerType__28cSC3AdvisorForTransportation	virtual function thunk (delta:-20) for cSC3AdvisorForTransportation::GetLayerType(void)
000c4fb4	__thunk_20_DebugClassTag__28cSC3AdvisorForTransportationR10cIGZString	virtual function thunk (delta:-20) for cSC3AdvisorForTransportation::DebugClassTag(cIGZString &)
000c4fd0	__thunk_20_DebugTypeTag__28cSC3AdvisorForTransportationR10cIGZString	virtual function thunk (delta:-20) for cSC3AdvisorForTransportation::DebugTypeTag(cIGZString &)
000c4fec	__thunk_4_QueryInterface__28cSC3AdvisorForTransportationUiPPv	virtual function thunk (delta:-4) for cSC3AdvisorForTransportation::QueryInterface(unsigned int, void **)
000c5008	__thunk_4_AddRef__28cSC3AdvisorForTransportation	virtual function thunk (delta:-4) for cSC3AdvisorForTransportation::AddRef(void)
000c5024	__thunk_4_Release__28cSC3AdvisorForTransportation	virtual function thunk (delta:-4) for cSC3AdvisorForTransportation::Release(void)
000c5040	__thunk_4_DoAdvisorSimulation__28cSC3AdvisorForTransportation	virtual function thunk (delta:-4) for cSC3AdvisorForTransportation::DoAdvisorSimulation(void)
000c505c	__thunk_4_GetAdvisorID__28cSC3AdvisorForTransportation	virtual function thunk (delta:-4) for cSC3AdvisorForTransportation::GetAdvisorID(void)
000c5078	__thunk_4_DoMessage__28cSC3AdvisorForTransportationR10cGZMessage	virtual function thunk (delta:-4) for cSC3AdvisorForTransportation::DoMessage(cGZMessage &)
000c5094	__thunk_4_GetSimulationData__28cSC3AdvisorForTransportation	virtual function thunk (delta:-4) for cSC3AdvisorForTransportation::GetSimulationData(void)
000c50b0	__thunk_4_CheckOnAdvice__28cSC3AdvisorForTransportation	virtual function thunk (delta:-4) for cSC3AdvisorForTransportation::CheckOnAdvice(void)
000c50cc	__thunk_8_QueryInterface__28cSC3AdvisorForTransportationUiPPv	virtual function thunk (delta:-8) for cSC3AdvisorForTransportation::QueryInterface(unsigned int, void **)
000c50e8	__thunk_8_AddRef__28cSC3AdvisorForTransportation	virtual function thunk (delta:-8) for cSC3AdvisorForTransportation::AddRef(void)
000c5104	__thunk_8_Release__28cSC3AdvisorForTransportation	virtual function thunk (delta:-8) for cSC3AdvisorForTransportation::Release(void)
000c5120	__thunk_8_Simulate__28cSC3AdvisorForTransportationi	virtual function thunk (delta:-8) for cSC3AdvisorForTransportation::Simulate(int)
000c513c	__thunk_8_AgentType__28cSC3AdvisorForTransportation	virtual function thunk (delta:-8) for cSC3AdvisorForTransportation::AgentType(void)
000c5158	__thunk_8_SetAgentType__28cSC3AdvisorForTransportationP18cISC3CityAgentType	virtual function thunk (delta:-8) for cSC3AdvisorForTransportation::SetAgentType(cISC3CityAgentType *)
000c5174	__thunk_8_DebugClassTag__28cSC3AdvisorForTransportationR10cIGZString	virtual function thunk (delta:-8) for cSC3AdvisorForTransportation::DebugClassTag(cIGZString &)
000c5190	__thunk_8_DebugTypeTag__28cSC3AdvisorForTransportationR10cIGZString	virtual function thunk (delta:-8) for cSC3AdvisorForTransportation::DebugTypeTag(cIGZString &)
000c51ac	__thunk_8__._28cSC3AdvisorForTransportation	virtual function thunk (delta:-8) for cSC3AdvisorForTransportation::~cSC3AdvisorForTransportation(void)
000c51cc	_._37cSC3MonthlyTransportationAdvisorManip	cSC3MonthlyTransportationAdvisorManip::~cSC3MonthlyTransportationAdvisorManip(void)
000c5228	_._36cSC3WeeklyTransportationAdvisorManip	cSC3WeeklyTransportationAdvisorManip::~cSC3WeeklyTransportationAdvisorManip(void)
000c5284	clear__t10_List_base2ZP26cISC3UtilityBuildingRecordZt9allocator1ZP26cISC3UtilityBuildingRecord	_List_base<cISC3UtilityBuildingRecord *, allocator<cISC3UtilityBuildingRecord *> >::clear(void)
000c5304	erase__t4list2ZP26cISC3UtilityBuildingRecordZt9allocator1ZP26cISC3UtilityBuildingRecordGt14_List_iterator3ZP26cISC3UtilityBuildingRecordZRP26cISC3UtilityBuildingRecordZPP26cISC3UtilityBuildingRecordT1	list<cISC3UtilityBuildingRecord *, allocator<cISC3UtilityBuildingRecord *> >::erase(_List_iterator<cISC3UtilityBuildingRecord *, cISC3UtilityBuildingRecord *&, cISC3UtilityBuildingRecord **>, _List_iterator<cISC3UtilityBuildingRecord *, cISC3UtilityBuildingRecord *&, cISC3UtilityBuildingRecord **>)
000c53a4	__thunk_8_QueryInterface__21cSC3UtilityDeptBudgetUiPPv	virtual function thunk (delta:-8) for cSC3UtilityDeptBudget::QueryInterface(unsigned int, void **)
000c53c0	__thunk_8_AddRef__21cSC3UtilityDeptBudget	virtual function thunk (delta:-8) for cSC3UtilityDeptBudget::AddRef(void)
000c53dc	__thunk_8_Release__21cSC3UtilityDeptBudget	virtual function thunk (delta:-8) for cSC3UtilityDeptBudget::Release(void)
000c53f8	__thunk_8_GetDepartmentID__21cSC3UtilityDeptBudget	virtual function thunk (delta:-8) for cSC3UtilityDeptBudget::GetDepartmentID(void)
000c5414	__thunk_8_GetLastYearSurplus__21cSC3UtilityDeptBudget	virtual function thunk (delta:-8) for cSC3UtilityDeptBudget::GetLastYearSurplus(void)
000c5430	__thunk_8_GetTotalFundingNeeded__21cSC3UtilityDeptBudget	virtual function thunk (delta:-8) for cSC3UtilityDeptBudget::GetTotalFundingNeeded(void)
000c544c	__thunk_8_SetTotalFundingNeeded__21cSC3UtilityDeptBudgetx	virtual function thunk (delta:-8) for cSC3UtilityDeptBudget::SetTotalFundingNeeded(long long)
000c5468	__thunk_8_GetDepartmentName__21cSC3UtilityDeptBudget	virtual function thunk (delta:-8) for cSC3UtilityDeptBudget::GetDepartmentName(void)
000c5484	__thunk_4__._29cSC3WeeklyUtilityAdvisorManip	virtual function thunk (delta:-4) for cSC3WeeklyUtilityAdvisorManip::~cSC3WeeklyUtilityAdvisorManip(void)
000c54a0	__thunk_4_Release__29cSC3WeeklyUtilityAdvisorManip	virtual function thunk (delta:-4) for cSC3WeeklyUtilityAdvisorManip::Release(void)
000c54bc	__thunk_4_AddRef__29cSC3WeeklyUtilityAdvisorManip	virtual function thunk (delta:-4) for cSC3WeeklyUtilityAdvisorManip::AddRef(void)
000c54d8	__thunk_4__._30cSC3MonthlyUtilityAdvisorManip	virtual function thunk (delta:-4) for cSC3MonthlyUtilityAdvisorManip::~cSC3MonthlyUtilityAdvisorManip(void)
000c54f4	__thunk_4_Release__30cSC3MonthlyUtilityAdvisorManip	virtual function thunk (delta:-4) for cSC3MonthlyUtilityAdvisorManip::Release(void)
000c5510	__thunk_4_AddRef__30cSC3MonthlyUtilityAdvisorManip	virtual function thunk (delta:-4) for cSC3MonthlyUtilityAdvisorManip::AddRef(void)
000c552c	__thunk_20_QueryInterface__23cSC3AdvisorForUtilitiesUiPPv	virtual function thunk (delta:-20) for cSC3AdvisorForUtilities::QueryInterface(unsigned int, void **)
000c5548	__thunk_20_AddRef__23cSC3AdvisorForUtilities	virtual function thunk (delta:-20) for cSC3AdvisorForUtilities::AddRef(void)
000c5564	__thunk_20_Release__23cSC3AdvisorForUtilities	virtual function thunk (delta:-20) for cSC3AdvisorForUtilities::Release(void)
000c5580	__thunk_20_DoMessage__23cSC3AdvisorForUtilitiesR10cGZMessage	virtual function thunk (delta:-20) for cSC3AdvisorForUtilities::DoMessage(cGZMessage &)
000c559c	__thunk_20_DoQueryInfo__23cSC3AdvisorForUtilitiesR10cGZMessageP11cIGZUnknown	virtual function thunk (delta:-20) for cSC3AdvisorForUtilities::DoQueryInfo(cGZMessage &, cIGZUnknown *)
000c55b8	__thunk_20_Init__23cSC3AdvisorForUtilitiesP9cISC3City	virtual function thunk (delta:-20) for cSC3AdvisorForUtilities::Init(cISC3City *)
000c55d4	__thunk_20_Init__23cSC3AdvisorForUtilitiesP9cISC3CityP13cIGZDBSegment	virtual function thunk (delta:-20) for cSC3AdvisorForUtilities::Init(cISC3City *, cIGZDBSegment *)
000c55f0	__thunk_20_Save__23cSC3AdvisorForUtilitiesP9cISC3CityP13cIGZDBSegment	virtual function thunk (delta:-20) for cSC3AdvisorForUtilities::Save(cISC3City *, cIGZDBSegment *)
000c560c	__thunk_20_SimulationBegin__23cSC3AdvisorForUtilities	virtual function thunk (delta:-20) for cSC3AdvisorForUtilities::SimulationBegin(void)
000c5628	__thunk_20_SimulationEnd__23cSC3AdvisorForUtilities	virtual function thunk (delta:-20) for cSC3AdvisorForUtilities::SimulationEnd(void)
000c5644	__thunk_20_Shutdown__23cSC3AdvisorForUtilities	virtual function thunk (delta:-20) for cSC3AdvisorForUtilities::Shutdown(void)
000c5660	__thunk_20_GetLayerType__23cSC3AdvisorForUtilities	virtual function thunk (delta:-20) for cSC3AdvisorForUtilities::GetLayerType(void)
000c567c	__thunk_20_DebugClassTag__23cSC3AdvisorForUtilitiesR10cIGZString	virtual function thunk (delta:-20) for cSC3AdvisorForUtilities::DebugClassTag(cIGZString &)
000c5698	__thunk_20_DebugTypeTag__23cSC3AdvisorForUtilitiesR10cIGZString	virtual function thunk (delta:-20) for cSC3AdvisorForUtilities::DebugTypeTag(cIGZString &)
000c56b4	__thunk_4_QueryInterface__23cSC3AdvisorForUtilitiesUiPPv	virtual function thunk (delta:-4) for cSC3AdvisorForUtilities::QueryInterface(unsigned int, void **)
000c56d0	__thunk_4_AddRef__23cSC3AdvisorForUtilities	virtual function thunk (delta:-4) for cSC3AdvisorForUtilities::AddRef(void)
000c56ec	__thunk_4_Release__23cSC3AdvisorForUtilities	virtual function thunk (delta:-4) for cSC3AdvisorForUtilities::Release(void)
000c5708	__thunk_4_AsISC3CityAgent__23cSC3AdvisorForUtilities	virtual function thunk (delta:-4) for cSC3AdvisorForUtilities::AsISC3CityAgent(void)
000c5724	__thunk_4_DoAdvisorSimulation__23cSC3AdvisorForUtilities	virtual function thunk (delta:-4) for cSC3AdvisorForUtilities::DoAdvisorSimulation(void)
000c5740	__thunk_4_GetAdvisorID__23cSC3AdvisorForUtilities	virtual function thunk (delta:-4) for cSC3AdvisorForUtilities::GetAdvisorID(void)
000c575c	__thunk_4_DoMessage__23cSC3AdvisorForUtilitiesR10cGZMessage	virtual function thunk (delta:-4) for cSC3AdvisorForUtilities::DoMessage(cGZMessage &)
000c5778	__thunk_4_DoQueryInfo__23cSC3AdvisorForUtilitiesR10cGZMessageP11cIGZUnknown	virtual function thunk (delta:-4) for cSC3AdvisorForUtilities::DoQueryInfo(cGZMessage &, cIGZUnknown *)
000c5794	__thunk_4_GetSimulationData__23cSC3AdvisorForUtilities	virtual function thunk (delta:-4) for cSC3AdvisorForUtilities::GetSimulationData(void)
000c57b0	__thunk_4_CheckOnAdvice__23cSC3AdvisorForUtilities	virtual function thunk (delta:-4) for cSC3AdvisorForUtilities::CheckOnAdvice(void)
000c57cc	__thunk_8_QueryInterface__23cSC3AdvisorForUtilitiesUiPPv	virtual function thunk (delta:-8) for cSC3AdvisorForUtilities::QueryInterface(unsigned int, void **)
000c57e8	__thunk_8_AddRef__23cSC3AdvisorForUtilities	virtual function thunk (delta:-8) for cSC3AdvisorForUtilities::AddRef(void)
000c5804	__thunk_8_Release__23cSC3AdvisorForUtilities	virtual function thunk (delta:-8) for cSC3AdvisorForUtilities::Release(void)
000c5820	__thunk_8_Simulate__23cSC3AdvisorForUtilitiesi	virtual function thunk (delta:-8) for cSC3AdvisorForUtilities::Simulate(int)
000c583c	__thunk_8_AgentType__23cSC3AdvisorForUtilities	virtual function thunk (delta:-8) for cSC3AdvisorForUtilities::AgentType(void)
000c5858	__thunk_8_SetAgentType__23cSC3AdvisorForUtilitiesP18cISC3CityAgentType	virtual function thunk (delta:-8) for cSC3AdvisorForUtilities::SetAgentType(cISC3CityAgentType *)
000c5874	__thunk_8_DebugInstanceTag__23cSC3AdvisorForUtilitiesR10cIGZString	virtual function thunk (delta:-8) for cSC3AdvisorForUtilities::DebugInstanceTag(cIGZString &)
000c5890	__thunk_8_DebugClassTag__23cSC3AdvisorForUtilitiesR10cIGZString	virtual function thunk (delta:-8) for cSC3AdvisorForUtilities::DebugClassTag(cIGZString &)
000c58ac	__thunk_8_DebugTypeTag__23cSC3AdvisorForUtilitiesR10cIGZString	virtual function thunk (delta:-8) for cSC3AdvisorForUtilities::DebugTypeTag(cIGZString &)
000c58c8	__thunk_8__._23cSC3AdvisorForUtilities	virtual function thunk (delta:-8) for cSC3AdvisorForUtilities::~cSC3AdvisorForUtilities(void)
000c58e8	_._30cSC3MonthlyUtilityAdvisorManip	cSC3MonthlyUtilityAdvisorManip::~cSC3MonthlyUtilityAdvisorManip(void)
000c5944	_._29cSC3WeeklyUtilityAdvisorManip	cSC3WeeklyUtilityAdvisorManip::~cSC3WeeklyUtilityAdvisorManip(void)
000c59a4	clear__t10_List_base2ZUiZt9allocator1ZUi	_List_base<unsigned int, allocator<unsigned int> >::clear(void)
000c5a20	__thunk_16_QueryInterface__15cSC3BaseAdvisorUiPPv	virtual function thunk (delta:-16) for cSC3BaseAdvisor::QueryInterface(unsigned int, void **)
000c5a3c	__thunk_16_AddRef__15cSC3BaseAdvisor	virtual function thunk (delta:-16) for cSC3BaseAdvisor::AddRef(void)
000c5a58	__thunk_16_Release__15cSC3BaseAdvisor	virtual function thunk (delta:-16) for cSC3BaseAdvisor::Release(void)
000c5a74	__thunk_16_Init__15cSC3BaseAdvisorP9cISC3City	virtual function thunk (delta:-16) for cSC3BaseAdvisor::Init(cISC3City *)
000c5a90	__thunk_16_Init__15cSC3BaseAdvisorP9cISC3CityP13cIGZDBSegment	virtual function thunk (delta:-16) for cSC3BaseAdvisor::Init(cISC3City *, cIGZDBSegment *)
000c5aac	__thunk_16_Save__15cSC3BaseAdvisorP9cISC3CityP13cIGZDBSegment	virtual function thunk (delta:-16) for cSC3BaseAdvisor::Save(cISC3City *, cIGZDBSegment *)
000c5ac8	__thunk_16_SimulationBegin__15cSC3BaseAdvisor	virtual function thunk (delta:-16) for cSC3BaseAdvisor::SimulationBegin(void)
000c5ae4	__thunk_16_SimulationEnd__15cSC3BaseAdvisor	virtual function thunk (delta:-16) for cSC3BaseAdvisor::SimulationEnd(void)
000c5b00	__thunk_16_Shutdown__15cSC3BaseAdvisor	virtual function thunk (delta:-16) for cSC3BaseAdvisor::Shutdown(void)
000c5b1c	__thunk_16_DebugClassTag__15cSC3BaseAdvisorR10cIGZString	virtual function thunk (delta:-16) for cSC3BaseAdvisor::DebugClassTag(cIGZString &)
000c5b38	__thunk_16_DebugTypeTag__15cSC3BaseAdvisorR10cIGZString	virtual function thunk (delta:-16) for cSC3BaseAdvisor::DebugTypeTag(cIGZString &)
000c5b54	__thunk_4_QueryInterface__15cSC3BaseAdvisorUiPPv	virtual function thunk (delta:-4) for cSC3BaseAdvisor::QueryInterface(unsigned int, void **)
000c5b70	__thunk_4_AddRef__15cSC3BaseAdvisor	virtual function thunk (delta:-4) for cSC3BaseAdvisor::AddRef(void)
000c5b8c	__thunk_4_Release__15cSC3BaseAdvisor	virtual function thunk (delta:-4) for cSC3BaseAdvisor::Release(void)
000c5ba8	__thunk_4_DebugClassTag__15cSC3BaseAdvisorR10cIGZString	virtual function thunk (delta:-4) for cSC3BaseAdvisor::DebugClassTag(cIGZString &)
000c5bc4	__thunk_4_DebugTypeTag__15cSC3BaseAdvisorR10cIGZString	virtual function thunk (delta:-4) for cSC3BaseAdvisor::DebugTypeTag(cIGZString &)
000c5be0	__thunk_4__._15cSC3BaseAdvisor	virtual function thunk (delta:-4) for cSC3BaseAdvisor::~cSC3BaseAdvisor(void)
000c5bfc	__thunk_4_QueryInterface__21cSC3PetitionerManagerUiPPv	virtual function thunk (delta:-4) for cSC3PetitionerManager::QueryInterface(unsigned int, void **)
000c5c18	__thunk_4_AddRef__21cSC3PetitionerManager	virtual function thunk (delta:-4) for cSC3PetitionerManager::AddRef(void)
000c5c34	__thunk_4_Release__21cSC3PetitionerManager	virtual function thunk (delta:-4) for cSC3PetitionerManager::Release(void)
000c5c50	__thunk_4_Simulate__21cSC3PetitionerManageri	virtual function thunk (delta:-4) for cSC3PetitionerManager::Simulate(int)
000c5c6c	__thunk_4_MinimumExecutionInterval__21cSC3PetitionerManager	virtual function thunk (delta:-4) for cSC3PetitionerManager::MinimumExecutionInterval(void)
000c5c88	__thunk_4_IsAgentLocking__21cSC3PetitionerManager	virtual function thunk (delta:-4) for cSC3PetitionerManager::IsAgentLocking(void)
000c5ca4	__thunk_4_TypeId__C21cSC3PetitionerManager	virtual function thunk (delta:-4) for cSC3PetitionerManager::TypeId(void) const
000c5cc0	__thunk_4_AgentType__21cSC3PetitionerManager	virtual function thunk (delta:-4) for cSC3PetitionerManager::AgentType(void)
000c5cdc	__thunk_4_SetAgentType__21cSC3PetitionerManagerP18cISC3CityAgentType	virtual function thunk (delta:-4) for cSC3PetitionerManager::SetAgentType(cISC3CityAgentType *)
000c5cf8	__thunk_4_DebugInstanceTag__21cSC3PetitionerManagerR10cIGZString	virtual function thunk (delta:-4) for cSC3PetitionerManager::DebugInstanceTag(cIGZString &)
000c5d14	__thunk_4_DebugClassTag__21cSC3PetitionerManagerR10cIGZString	virtual function thunk (delta:-4) for cSC3PetitionerManager::DebugClassTag(cIGZString &)
000c5d30	__thunk_4_DebugTypeTag__21cSC3PetitionerManagerR10cIGZString	virtual function thunk (delta:-4) for cSC3PetitionerManager::DebugTypeTag(cIGZString &)
000c5d4c	__thunk_8_QueryInterface__21cSC3PetitionerManagerUiPPv	virtual function thunk (delta:-8) for cSC3PetitionerManager::QueryInterface(unsigned int, void **)
000c5d68	__thunk_8_AddRef__21cSC3PetitionerManager	virtual function thunk (delta:-8) for cSC3PetitionerManager::AddRef(void)
000c5d84	__thunk_8_Release__21cSC3PetitionerManager	virtual function thunk (delta:-8) for cSC3PetitionerManager::Release(void)
000c5da0	__thunk_8_DoMessage__21cSC3PetitionerManagerR10cGZMessage	virtual function thunk (delta:-8) for cSC3PetitionerManager::DoMessage(cGZMessage &)
000c5dbc	__thunk_8_DoQueryInfo__21cSC3PetitionerManagerR10cGZMessageP11cIGZUnknown	virtual function thunk (delta:-8) for cSC3PetitionerManager::DoQueryInfo(cGZMessage &, cIGZUnknown *)
000c5dd8	__thunk_8_StaticInit__21cSC3PetitionerManagerP19cISC3CityDefinition	virtual function thunk (delta:-8) for cSC3PetitionerManager::StaticInit(cISC3CityDefinition *)
000c5df4	__thunk_8_StaticShutdown__21cSC3PetitionerManager	virtual function thunk (delta:-8) for cSC3PetitionerManager::StaticShutdown(void)
000c5e10	__thunk_8_Init__21cSC3PetitionerManagerP9cISC3City	virtual function thunk (delta:-8) for cSC3PetitionerManager::Init(cISC3City *)
000c5e2c	__thunk_8_Init__21cSC3PetitionerManagerP9cISC3CityP13cISC2Importer	virtual function thunk (delta:-8) for cSC3PetitionerManager::Init(cISC3City *, cISC2Importer *)
000c5e48	__thunk_8_Init__21cSC3PetitionerManagerP9cISC3CityP13cIGZDBSegment	virtual function thunk (delta:-8) for cSC3PetitionerManager::Init(cISC3City *, cIGZDBSegment *)
000c5e64	__thunk_8_Save__21cSC3PetitionerManagerP9cISC3CityP13cIGZDBSegment	virtual function thunk (delta:-8) for cSC3PetitionerManager::Save(cISC3City *, cIGZDBSegment *)
000c5e80	__thunk_8_SimulationBegin__21cSC3PetitionerManager	virtual function thunk (delta:-8) for cSC3PetitionerManager::SimulationBegin(void)
000c5e9c	__thunk_8_SimulationEnd__21cSC3PetitionerManager	virtual function thunk (delta:-8) for cSC3PetitionerManager::SimulationEnd(void)
000c5eb8	__thunk_8_Shutdown__21cSC3PetitionerManager	virtual function thunk (delta:-8) for cSC3PetitionerManager::Shutdown(void)
000c5ed4	__thunk_8_GetManipulator__21cSC3PetitionerManagerRC18cISC3CityAgentTypePP25cISC3CityLayerManipulatorRi	virtual function thunk (delta:-8) for cSC3PetitionerManager::GetManipulator(cISC3CityAgentType const &, cISC3CityLayerManipulator **, int &)
000c5ef0	__thunk_8_GetLayerType__21cSC3PetitionerManager	virtual function thunk (delta:-8) for cSC3PetitionerManager::GetLayerType(void)
000c5f0c	__thunk_8_DebugClassTag__21cSC3PetitionerManagerR10cIGZString	virtual function thunk (delta:-8) for cSC3PetitionerManager::DebugClassTag(cIGZString &)
000c5f28	__thunk_8_DebugTypeTag__21cSC3PetitionerManagerR10cIGZString	virtual function thunk (delta:-8) for cSC3PetitionerManager::DebugTypeTag(cIGZString &)
000c5f54	clear__t10_List_base2ZP19PetitionerStringSetZt9allocator1ZP19PetitionerStringSet	_List_base<PetitionerStringSet *, allocator<PetitionerStringSet *> >::clear(void)
000c5fd4	erase__t4list2Z19cSC3StringTokenDataZt9allocator1Z19cSC3StringTokenDataGt14_List_iterator3Z19cSC3StringTokenDataZR19cSC3StringTokenDataZP19cSC3StringTokenDataT1	list<cSC3StringTokenData, allocator<cSC3StringTokenData> >::erase(_List_iterator<cSC3StringTokenData, cSC3StringTokenData &, cSC3StringTokenData *>, _List_iterator<cSC3StringTokenData, cSC3StringTokenData &, cSC3StringTokenData *>)
000c6090	_._19PetitionerStringSet	PetitionerStringSet::~PetitionerStringSet(void)
000c6114	_M_erase__t8_Rb_tree5Zt4pair2ZCUiZUiZt4pair2ZCt4pair2ZCUiZUiZPFv_P11cIGZUnknownZt10_Select1st1Zt4pair2ZCt4pair2ZCUiZUiZPFv_P11cIGZUnknownZt4less1Zt4pair2ZCUiZUiZt9allocator1ZPFv_P11cIGZUnknownPt13_Rb_tree_node1Zt4pair2ZCt4pair2ZCUiZUiZPFv_P11cIGZUnknown	_Rb_tree<pair<unsigned int const, unsigned int>, pair<pair<unsigned int const, unsigned int> const, cIGZUnknown *(*)(void)>, _Select1st<pair<pair<unsigned int const, unsigned int> const, cIGZUnknown *(*)(void)> >, less<pair<unsigned int const, unsigned int> >, allocator<cIGZUnknown *(*)(void)> >::_M_erase(_Rb_tree_node<pair<pair<unsigned int const, unsigned int> const, cIGZUnknown *(*)(void)> > *)
000c6194	_M_insert_aux__t6vector2ZP17cRZCOMDllDirectorZt9allocator1ZP17cRZCOMDllDirectorPP17cRZCOMDllDirectorRCP17cRZCOMDllDirector	vector<cRZCOMDllDirector *, allocator<cRZCOMDllDirector *> >::_M_insert_aux(cRZCOMDllDirector **, cRZCOMDllDirector *const &)
000c64c4	_M_insert__t8_Rb_tree5Zt4pair2ZCUiZUiZt4pair2ZCt4pair2ZCUiZUiZPFv_P11cIGZUnknownZt10_Select1st1Zt4pair2ZCt4pair2ZCUiZUiZPFv_P11cIGZUnknownZt4less1Zt4pair2ZCUiZUiZt9allocator1ZPFv_P11cIGZUnknownP18_Rb_tree_node_baseT1RCt4pair2ZCt4pair2ZCUiZUiZPFv_P11cIGZUnknown	_Rb_tree<pair<unsigned int const, unsigned int>, pair<pair<unsigned int const, unsigned int> const, cIGZUnknown *(*)(void)>, _Select1st<pair<pair<unsigned int const, unsigned int> const, cIGZUnknown *(*)(void)> >, less<pair<unsigned int const, unsigned int> >, allocator<cIGZUnknown *(*)(void)> >::_M_insert(_Rb_tree_node_base *, _Rb_tree_node_base *, pair<pair<unsigned int const, unsigned int> const, cIGZUnknown *(*)(void)> const &)
000c68e4	insert_unique__t8_Rb_tree5Zt4pair2ZCUiZUiZt4pair2ZCt4pair2ZCUiZUiZPFv_P11cIGZUnknownZt10_Select1st1Zt4pair2ZCt4pair2ZCUiZUiZPFv_P11cIGZUnknownZt4less1Zt4pair2ZCUiZUiZt9allocator1ZPFv_P11cIGZUnknownRCt4pair2ZCt4pair2ZCUiZUiZPFv_P11cIGZUnknown	_Rb_tree<pair<unsigned int const, unsigned int>, pair<pair<unsigned int const, unsigned int> const, cIGZUnknown *(*)(void)>, _Select1st<pair<pair<unsigned int const, unsigned int> const, cIGZUnknown *(*)(void)> >, less<pair<unsigned int const, unsigned int> >, allocator<cIGZUnknown *(*)(void)> >::insert_unique(pair<pair<unsigned int const, unsigned int> const, cIGZUnknown *(*)(void)> const &)
000c6a3c	__thunk_4_QueryInterface__17cRZCOMDllDirectorUiPPv	virtual function thunk (delta:-4) for cRZCOMDllDirector::QueryInterface(unsigned int, void **)
000c6a58	__thunk_4_AddRef__17cRZCOMDllDirector	virtual function thunk (delta:-4) for cRZCOMDllDirector::AddRef(void)
000c6a74	__thunk_4_Release__17cRZCOMDllDirector	virtual function thunk (delta:-4) for cRZCOMDllDirector::Release(void)
000c6a90	__thunk_4_PreFrameWorkInit__17cRZCOMDllDirector	virtual function thunk (delta:-4) for cRZCOMDllDirector::PreFrameWorkInit(void)
000c6aac	__thunk_4_PreAppInit__17cRZCOMDllDirector	virtual function thunk (delta:-4) for cRZCOMDllDirector::PreAppInit(void)
000c6ac8	__thunk_4_PostAppInit__17cRZCOMDllDirector	virtual function thunk (delta:-4) for cRZCOMDllDirector::PostAppInit(void)
000c6ae4	__thunk_4_PreAppShutdown__17cRZCOMDllDirector	virtual function thunk (delta:-4) for cRZCOMDllDirector::PreAppShutdown(void)
000c6b00	__thunk_4_PostAppShutdown__17cRZCOMDllDirector	virtual function thunk (delta:-4) for cRZCOMDllDirector::PostAppShutdown(void)
000c6b1c	__thunk_4_PostSystemServiceShutdown__17cRZCOMDllDirector	virtual function thunk (delta:-4) for cRZCOMDllDirector::PostSystemServiceShutdown(void)
000c6b38	__thunk_4_AbortiveQuit__17cRZCOMDllDirector	virtual function thunk (delta:-4) for cRZCOMDllDirector::AbortiveQuit(void)
000c6b54	__thunk_4_OnInstall__17cRZCOMDllDirector	virtual function thunk (delta:-4) for cRZCOMDllDirector::OnInstall(void)
000c6b74	_._t3map4Zt4pair2ZCUiZUiZPFv_P11cIGZUnknownZt4less1Zt4pair2ZCUiZUiZt9allocator1ZPFv_P11cIGZUnknown	map<pair<unsigned int const, unsigned int>, cIGZUnknown *(*)(void), less<pair<unsigned int const, unsigned int> >, allocator<cIGZUnknown *(*)(void)> >::~map(void)
000c6c20	_._11logic_error	logic_error::~logic_error(void)
000c6cd0	__11logic_errorRC11logic_error	logic_error::logic_error(logic_error const &)
000c6d2c	__tf11logic_error	logic_error type_info function
000c6d64	_._12domain_error	domain_error::~domain_error(void)
000c6d80	__tf12domain_error	domain_error type_info function
000c6dd8	_._16invalid_argument	invalid_argument::~invalid_argument(void)
000c6df4	__tf16invalid_argument	invalid_argument type_info function
000c6e4c	_._12length_error	length_error::~length_error(void)
000c6e68	__tf12length_error	length_error type_info function
000c6ec0	_._12out_of_range	out_of_range::~out_of_range(void)
000c6edc	__tf12out_of_range	out_of_range type_info function
000c6f40	_._13runtime_error	runtime_error::~runtime_error(void)
000c6fe4	__tf13runtime_error	runtime_error type_info function
000c701c	_._11range_error	range_error::~range_error(void)
000c7038	__tf11range_error	range_error type_info function
000c7090	_._14overflow_error	overflow_error::~overflow_error(void)
000c70ac	__tf14overflow_error	overflow_error type_info function
000c7104	_._15underflow_error	underflow_error::~underflow_error(void)
000c7120	__tf15underflow_error	underflow_error type_info function
000c7178	__thunk_4__._22_IO_ostream_withassign	virtual function thunk (delta:-4) for _IO_ostream_withassign::~_IO_ostream_withassign(void)
000c7184	__thunk_8__._22_IO_istream_withassign	virtual function thunk (delta:-8) for _IO_istream_withassign::~_IO_istream_withassign(void)
000c7190	__thunk_12__._8iostream	virtual function thunk (delta:-12) for iostream::~iostream(void)
000c719c	__thunk_8__._7istream	virtual function thunk (delta:-8) for istream::~istream(void)
000c71a8	__thunk_4__._7ostream	virtual function thunk (delta:-4) for ostream::~ostream(void)
000c71b4	_._8iostream	iostream::~iostream(void)
000c7218	_._7ostream	ostream::~ostream(void)
000c726c	__tf7ostream	ostream type_info function
000c72a4	_._7istream	istream::~istream(void)
000c72f8	__tf7istream	istream type_info function
000c7330	__tf8iostream	iostream type_info function
000c73ac	_._22_IO_istream_withassign	_IO_istream_withassign::~_IO_istream_withassign(void)
000c7408	__tf22_IO_istream_withassign	_IO_istream_withassign type_info function
000c7460	_._22_IO_ostream_withassign	_IO_ostream_withassign::~_IO_ostream_withassign(void)
000c74bc	__tf22_IO_ostream_withassign	_IO_ostream_withassign type_info function
000c7514	__tf3ios	ios type_info function
000c754c	__tf9streambuf	streambuf type_info function
000c7584	__tf7filebuf	filebuf type_info function
000c75dc	__tf11_ios_fields	_ios_fields type_info function
000c7608	__tf8_IO_FILE	_IO_FILE type_info function
000c7638	__tf9exception	exception type_info function
000c7678	__tf13bad_exception	bad_exception type_info function
000c76e4	__tf9type_info	type_info type_info function
000c7724	__tf8bad_cast	bad_cast type_info function
000c7770	__tf10bad_typeid	bad_typeid type_info function
000c77bc	_._16__user_type_info	__user_type_info::~__user_type_info(void)
000c77ec	__tf16__user_type_info	__user_type_info type_info function
000c7858	_._14__si_type_info	__si_type_info::~__si_type_info(void)
000c7888	__tf14__si_type_info	__si_type_info type_info function
000c7924	_._17__class_type_info	__class_type_info::~__class_type_info(void)
000c7954	__tf17__class_type_info	__class_type_info type_info function
000c79f0	_._19__pointer_type_info	__pointer_type_info::~__pointer_type_info(void)
000c7a20	__tf19__pointer_type_info	__pointer_type_info type_info function
000c7a6c	_._16__attr_type_info	__attr_type_info::~__attr_type_info(void)
000c7a9c	__tf16__attr_type_info	__attr_type_info type_info function
000c7ae8	_._19__builtin_type_info	__builtin_type_info::~__builtin_type_info(void)
000c7b18	__tf19__builtin_type_info	__builtin_type_info type_info function
000c7b64	_._16__func_type_info	__func_type_info::~__func_type_info(void)
000c7b94	__tf16__func_type_info	__func_type_info type_info function
000c7be0	_._16__ptmf_type_info	__ptmf_type_info::~__ptmf_type_info(void)
000c7c10	__tf16__ptmf_type_info	__ptmf_type_info type_info function
000c7c5c	_._16__ptmd_type_info	__ptmd_type_info::~__ptmd_type_info(void)
000c7c8c	__tf16__ptmd_type_info	__ptmd_type_info type_info function
000c7cd8	_._17__array_type_info	__array_type_info::~__array_type_info(void)
000c7d08	__tf17__array_type_info	__array_type_info type_info function
000c7d54	_._9bad_alloc	bad_alloc::~bad_alloc(void)
000c7d8c	__tf9bad_alloc	bad_alloc type_info function
000c7dd4	_fini	_fini
