addr	mangled	demangled
0005f73c	_init	_init
00061fcc	__19cSC3AgDeveloperRule	cSC3AgDeveloperRule::cSC3AgDeveloperRule(void)
00062c14	_._19cSC3AgDeveloperRule	cSC3AgDeveloperRule::~cSC3AgDeveloperRule(void)
000637c0	RegisterBuildingFamily__19cSC3AgDeveloperRuleP19cISC3BuildingFamily	cSC3AgDeveloperRule::RegisterBuildingFamily(cISC3BuildingFamily *)
00063ab4	Apply__19cSC3AgDeveloperRuleRC14sIGZRectUint32Uiii	cSC3AgDeveloperRule::Apply(sIGZRectUint32 const &, unsigned int, int, int)
00064c2c	AddRef__19cSC3AgDeveloperRule	cSC3AgDeveloperRule::AddRef(void)
00064c58	Release__19cSC3AgDeveloperRule	cSC3AgDeveloperRule::Release(void)
00064c80	SetTransportLimit__19cSC3AgDeveloperRuleUi	cSC3AgDeveloperRule::SetTransportLimit(unsigned int)
00064c94	Init__19cSC3AgDeveloperRuleP9cISC3City	cSC3AgDeveloperRule::Init(cISC3City *)
00064d20	Shutdown__19cSC3AgDeveloperRule	cSC3AgDeveloperRule::Shutdown(void)
00064d68	checkFamily__19cSC3AgDeveloperRuleRQ219cSC3AgDeveloperRule7tFamily	cSC3AgDeveloperRule::checkFamily(cSC3AgDeveloperRule::tFamily &)
00064dbc	QueryInterface__19cSC3AgDeveloperRuleUiPPv	cSC3AgDeveloperRule::QueryInterface(unsigned int, void **)
000650cc	__24cSC3AirparkDeveloperRule	cSC3AirparkDeveloperRule::cSC3AirparkDeveloperRule(void)
00065260	_._24cSC3AirparkDeveloperRule	cSC3AirparkDeveloperRule::~cSC3AirparkDeveloperRule(void)
00066364	RegisterBuildingFamily__24cSC3AirparkDeveloperRuleP19cISC3BuildingFamily	cSC3AirparkDeveloperRule::RegisterBuildingFamily(cISC3BuildingFamily *)
00066704	Apply__24cSC3AirparkDeveloperRuleRC14sIGZRectUint32Uiii	cSC3AirparkDeveloperRule::Apply(sIGZRectUint32 const &, unsigned int, int, int)
000668c4	buildHangar__24cSC3AirparkDeveloperRuleRC14sIGZRectUint32	cSC3AirparkDeveloperRule::buildHangar(sIGZRectUint32 const &)
00066c30	buildTower__24cSC3AirparkDeveloperRuleRC14sIGZRectUint32	cSC3AirparkDeveloperRule::buildTower(sIGZRectUint32 const &)
00066e20	buildTerminalStrip__24cSC3AirparkDeveloperRuleRC14sIGZRectUint32	cSC3AirparkDeveloperRule::buildTerminalStrip(sIGZRectUint32 const &)
000671cc	getTowerWeight__24cSC3AirparkDeveloperRuleUiUiUc	cSC3AirparkDeveloperRule::getTowerWeight(unsigned int, unsigned int, unsigned char)
00067390	getTerminalWeight__24cSC3AirparkDeveloperRuleUiUiUc	cSC3AirparkDeveloperRule::getTerminalWeight(unsigned int, unsigned int, unsigned char)
0006754c	getHangarWeight__24cSC3AirparkDeveloperRuleUiUiUc	cSC3AirparkDeveloperRule::getHangarWeight(unsigned int, unsigned int, unsigned char)
000676fc	AddRef__24cSC3AirparkDeveloperRule	cSC3AirparkDeveloperRule::AddRef(void)
00067728	Release__24cSC3AirparkDeveloperRule	cSC3AirparkDeveloperRule::Release(void)
00067750	SetTransportLimit__24cSC3AirparkDeveloperRuleUi	cSC3AirparkDeveloperRule::SetTransportLimit(unsigned int)
00067764	Init__24cSC3AirparkDeveloperRuleP9cISC3City	cSC3AirparkDeveloperRule::Init(cISC3City *)
00067818	Shutdown__24cSC3AirparkDeveloperRule	cSC3AirparkDeveloperRule::Shutdown(void)
00067864	QueryInterface__24cSC3AirparkDeveloperRuleUiPPv	cSC3AirparkDeveloperRule::QueryInterface(unsigned int, void **)
000678f4	__24cSC3AirportZoneDeveloper	cSC3AirportZoneDeveloper::cSC3AirportZoneDeveloper(void)
00067aa0	_._24cSC3AirportZoneDeveloper	cSC3AirportZoneDeveloper::~cSC3AirportZoneDeveloper(void)
00067b70	Init__24cSC3AirportZoneDeveloperP9cISC3CityPCc	cSC3AirportZoneDeveloper::Init(cISC3City *, char const *)
00067d0c	AddRule__24cSC3AirportZoneDeveloperP18cISC3DeveloperRule	cSC3AirportZoneDeveloper::AddRule(cISC3DeveloperRule *)
00067d8c	Shutdown__24cSC3AirportZoneDeveloper	cSC3AirportZoneDeveloper::Shutdown(void)
00067eac	UpdateCell__24cSC3AirportZoneDeveloperRC17sIGZPointXZUint32	cSC3AirportZoneDeveloper::UpdateCell(sIGZPointXZUint32 const &)
00068240	checkAreaDevRules__24cSC3AirportZoneDeveloperRC14sIGZRectUint32ii	cSC3AirportZoneDeveloper::checkAreaDevRules(sIGZRectUint32 const &, int, int)
00068690	AddRef__24cSC3AirportZoneDeveloper	cSC3AirportZoneDeveloper::AddRef(void)
000686bc	Release__24cSC3AirportZoneDeveloper	cSC3AirportZoneDeveloper::Release(void)
000686e4	SerialRead__24cSC3AirportZoneDeveloperP9cISC3CityR18cIGZDBSerialRecord	cSC3AirportZoneDeveloper::SerialRead(cISC3City *, cIGZDBSerialRecord &)
000686f0	SerialWrite__C24cSC3AirportZoneDeveloperP9cISC3CityR18cIGZDBSerialRecord	cSC3AirportZoneDeveloper::SerialWrite(cISC3City *, cIGZDBSerialRecord &) const
00068700	QueryInterface__24cSC3AirportZoneDeveloperUiPPv	cSC3AirportZoneDeveloper::QueryInterface(unsigned int, void **)
00068754	SimulationBegin__24cSC3AirportZoneDeveloper	cSC3AirportZoneDeveloper::SimulationBegin(void)
000687e4	AddBuildingType__24cSC3AirportZoneDeveloperUi	cSC3AirportZoneDeveloper::AddBuildingType(unsigned int)
000687f0	changeBuildingState__24cSC3AirportZoneDeveloperP13cISC3BuildingRC17sIGZPointXZUint32Ui	cSC3AirportZoneDeveloper::changeBuildingState(cISC3Building *, sIGZPointXZUint32 const &, unsigned int)
00068934	__19cSC3BuildingCollege	cSC3BuildingCollege::cSC3BuildingCollege(void)
0006b594	SetFundingPercentage__19cSC3BuildingCollegeUc	cSC3BuildingCollege::SetFundingPercentage(unsigned char)
0006b684	DoStandardQueryViewInfo__19cSC3BuildingCollegeR10cGZMessageP21cISC3WinQueryListView	cSC3BuildingCollege::DoStandardQueryViewInfo(cGZMessage &, cISC3WinQueryListView *)
0006e558	DoQueryViews__19cSC3BuildingCollegeR10cGZMessageP13cISC3WinQuery	cSC3BuildingCollege::DoQueryViews(cGZMessage &, cISC3WinQuery *)
0006e9e8	_._19cSC3BuildingCollege	cSC3BuildingCollege::~cSC3BuildingCollege(void)
0006ea64	SystemMembership__19cSC3BuildingCollege	cSC3BuildingCollege::SystemMembership(void)
0006ea70	NumberOfEducators__19cSC3BuildingCollege	cSC3BuildingCollege::NumberOfEducators(void)
0006ea80	GetMonthlyUpkeep__19cSC3BuildingCollege	cSC3BuildingCollege::GetMonthlyUpkeep(void)
0006ea90	AsISC3Building__19cSC3BuildingCollege	cSC3BuildingCollege::AsISC3Building(void)
0006eaa0	AsISC3Occupant__19cSC3BuildingCollege	cSC3BuildingCollege::AsISC3Occupant(void)
0006eab4	AddRef__19cSC3BuildingCollege	cSC3BuildingCollege::AddRef(void)
0006eae0	Release__19cSC3BuildingCollege	cSC3BuildingCollege::Release(void)
0006eb0c	QueryInterface__19cSC3BuildingCollegeUiPPv	cSC3BuildingCollege::QueryInterface(unsigned int, void **)
0006ebac	Init__19cSC3BuildingCollegeP9cISC3CityP19cISC3OccPersistInfo	cSC3BuildingCollege::Init(cISC3City *, cISC3OccPersistInfo *)
0006ec40	Save__19cSC3BuildingCollegeP9cISC3CityR19cISC3OccPersistInfo	cSC3BuildingCollege::Save(cISC3City *, cISC3OccPersistInfo &)
0006ecd8	SerialRead__19cSC3BuildingCollegeP9cISC3CityR18cIGZDBSerialRecord	cSC3BuildingCollege::SerialRead(cISC3City *, cIGZDBSerialRecord &)
0006ed54	SerialWrite__19cSC3BuildingCollegeP9cISC3CityR18cIGZDBSerialRecord	cSC3BuildingCollege::SerialWrite(cISC3City *, cIGZDBSerialRecord &)
0006ede0	NumberOfSimsServed__19cSC3BuildingCollege	cSC3BuildingCollege::NumberOfSimsServed(void)
0006ee00	MinAgeServed__19cSC3BuildingCollege	cSC3BuildingCollege::MinAgeServed(void)
0006ee24	MaxAgeServed__19cSC3BuildingCollege	cSC3BuildingCollege::MaxAgeServed(void)
0006ee44	EQEffect__19cSC3BuildingCollege	cSC3BuildingCollege::EQEffect(void)
0006ee58	DoDebugQueryViewInfo__19cSC3BuildingCollegeR10cGZMessageP21cISC3WinQueryListView	cSC3BuildingCollege::DoDebugQueryViewInfo(cGZMessage &, cISC3WinQueryListView *)
0006ee88	GetDebugInfoStringCount__19cSC3BuildingCollege	cSC3BuildingCollege::GetDebugInfoStringCount(void)
0006ee94	GetDebugInfoStrings__19cSC3BuildingCollegeR9cRZStringT1Ui	cSC3BuildingCollege::GetDebugInfoStrings(cRZString &, cRZString &, unsigned int)
0006eed4	__20cSC3BuildingHospital	cSC3BuildingHospital::cSC3BuildingHospital(void)
00071274	SetFundingPercentage__20cSC3BuildingHospitalUc	cSC3BuildingHospital::SetFundingPercentage(unsigned char)
00071370	DoStandardQueryViewInfo__20cSC3BuildingHospitalR10cGZMessageP21cISC3WinQueryListView	cSC3BuildingHospital::DoStandardQueryViewInfo(cGZMessage &, cISC3WinQueryListView *)
00073d94	DoQueryViews__20cSC3BuildingHospitalR10cGZMessageP13cISC3WinQuery	cSC3BuildingHospital::DoQueryViews(cGZMessage &, cISC3WinQuery *)
00074220	_._20cSC3BuildingHospital	cSC3BuildingHospital::~cSC3BuildingHospital(void)
0007429c	GetMonthlyUpkeep__20cSC3BuildingHospital	cSC3BuildingHospital::GetMonthlyUpkeep(void)
000742ac	NumberOfDoctors__20cSC3BuildingHospital	cSC3BuildingHospital::NumberOfDoctors(void)
000742bc	AsISC3Building__20cSC3BuildingHospital	cSC3BuildingHospital::AsISC3Building(void)
000742cc	AsISC3Occupant__20cSC3BuildingHospital	cSC3BuildingHospital::AsISC3Occupant(void)
000742e0	AddRef__20cSC3BuildingHospital	cSC3BuildingHospital::AddRef(void)
0007430c	Release__20cSC3BuildingHospital	cSC3BuildingHospital::Release(void)
00074338	QueryInterface__20cSC3BuildingHospitalUiPPv	cSC3BuildingHospital::QueryInterface(unsigned int, void **)
000743dc	Init__20cSC3BuildingHospitalP9cISC3CityP19cISC3OccPersistInfo	cSC3BuildingHospital::Init(cISC3City *, cISC3OccPersistInfo *)
000744cc	Save__20cSC3BuildingHospitalP9cISC3CityR19cISC3OccPersistInfo	cSC3BuildingHospital::Save(cISC3City *, cISC3OccPersistInfo &)
00074584	SerialRead__20cSC3BuildingHospitalP9cISC3CityR18cIGZDBSerialRecord	cSC3BuildingHospital::SerialRead(cISC3City *, cIGZDBSerialRecord &)
00074600	SerialWrite__20cSC3BuildingHospitalP9cISC3CityR18cIGZDBSerialRecord	cSC3BuildingHospital::SerialWrite(cISC3City *, cIGZDBSerialRecord &)
00074688	NumberOfSimsServed__20cSC3BuildingHospital	cSC3BuildingHospital::NumberOfSimsServed(void)
00074698	HQEffect__20cSC3BuildingHospital	cSC3BuildingHospital::HQEffect(void)
000746ac	DoDebugQueryViewInfo__20cSC3BuildingHospitalR10cGZMessageP21cISC3WinQueryListView	cSC3BuildingHospital::DoDebugQueryViewInfo(cGZMessage &, cISC3WinQueryListView *)
00074714	__19cSC3BuildingLibrary	cSC3BuildingLibrary::cSC3BuildingLibrary(void)
000765f4	DoStandardQueryViewInfo__19cSC3BuildingLibraryR10cGZMessageP21cISC3WinQueryListView	cSC3BuildingLibrary::DoStandardQueryViewInfo(cGZMessage &, cISC3WinQueryListView *)
000790a4	_._19cSC3BuildingLibrary	cSC3BuildingLibrary::~cSC3BuildingLibrary(void)
00079120	SystemMembership__19cSC3BuildingLibrary	cSC3BuildingLibrary::SystemMembership(void)
0007912c	NumberOfEducators__19cSC3BuildingLibrary	cSC3BuildingLibrary::NumberOfEducators(void)
0007913c	GetMonthlyUpkeep__19cSC3BuildingLibrary	cSC3BuildingLibrary::GetMonthlyUpkeep(void)
00079158	AsISC3Building__19cSC3BuildingLibrary	cSC3BuildingLibrary::AsISC3Building(void)
00079168	AsISC3Occupant__19cSC3BuildingLibrary	cSC3BuildingLibrary::AsISC3Occupant(void)
0007917c	AddRef__19cSC3BuildingLibrary	cSC3BuildingLibrary::AddRef(void)
000791a8	Release__19cSC3BuildingLibrary	cSC3BuildingLibrary::Release(void)
000791d4	QueryInterface__19cSC3BuildingLibraryUiPPv	cSC3BuildingLibrary::QueryInterface(unsigned int, void **)
0007927c	Init__19cSC3BuildingLibraryP9cISC3CityP19cISC3OccPersistInfo	cSC3BuildingLibrary::Init(cISC3City *, cISC3OccPersistInfo *)
000792e4	Save__19cSC3BuildingLibraryP9cISC3CityR19cISC3OccPersistInfo	cSC3BuildingLibrary::Save(cISC3City *, cISC3OccPersistInfo &)
0007933c	SerialRead__19cSC3BuildingLibraryP9cISC3CityR18cIGZDBSerialRecord	cSC3BuildingLibrary::SerialRead(cISC3City *, cIGZDBSerialRecord &)
00079370	SerialWrite__19cSC3BuildingLibraryP9cISC3CityR18cIGZDBSerialRecord	cSC3BuildingLibrary::SerialWrite(cISC3City *, cIGZDBSerialRecord &)
000793a4	NumberOfSimsServed__19cSC3BuildingLibrary	cSC3BuildingLibrary::NumberOfSimsServed(void)
000793c4	MinAgeServed__19cSC3BuildingLibrary	cSC3BuildingLibrary::MinAgeServed(void)
000793e8	MaxAgeServed__19cSC3BuildingLibrary	cSC3BuildingLibrary::MaxAgeServed(void)
00079408	EQEffect__19cSC3BuildingLibrary	cSC3BuildingLibrary::EQEffect(void)
0007941c	SetFundingPercentage__19cSC3BuildingLibraryUc	cSC3BuildingLibrary::SetFundingPercentage(unsigned char)
00079480	DoDebugQueryViewInfo__19cSC3BuildingLibraryR10cGZMessageP21cISC3WinQueryListView	cSC3BuildingLibrary::DoDebugQueryViewInfo(cGZMessage &, cISC3WinQueryListView *)
000794b0	GetDebugInfoStringCount__19cSC3BuildingLibrary	cSC3BuildingLibrary::GetDebugInfoStringCount(void)
000794bc	GetDebugInfoStrings__19cSC3BuildingLibraryR10cIGZStringT1Ui	cSC3BuildingLibrary::GetDebugInfoStrings(cIGZString &, cIGZString &, unsigned int)
00079504	__18cSC3BuildingMuseum	cSC3BuildingMuseum::cSC3BuildingMuseum(void)
0007b3d4	DoStandardQueryViewInfo__18cSC3BuildingMuseumR10cGZMessageP21cISC3WinQueryListView	cSC3BuildingMuseum::DoStandardQueryViewInfo(cGZMessage &, cISC3WinQueryListView *)
0007de04	_._18cSC3BuildingMuseum	cSC3BuildingMuseum::~cSC3BuildingMuseum(void)
0007de80	SystemMembership__18cSC3BuildingMuseum	cSC3BuildingMuseum::SystemMembership(void)
0007de8c	NumberOfEducators__18cSC3BuildingMuseum	cSC3BuildingMuseum::NumberOfEducators(void)
0007de9c	GetMonthlyUpkeep__18cSC3BuildingMuseum	cSC3BuildingMuseum::GetMonthlyUpkeep(void)
0007deb8	AsISC3Building__18cSC3BuildingMuseum	cSC3BuildingMuseum::AsISC3Building(void)
0007dec8	AsISC3Occupant__18cSC3BuildingMuseum	cSC3BuildingMuseum::AsISC3Occupant(void)
0007dedc	AddRef__18cSC3BuildingMuseum	cSC3BuildingMuseum::AddRef(void)
0007df08	Release__18cSC3BuildingMuseum	cSC3BuildingMuseum::Release(void)
0007df34	QueryInterface__18cSC3BuildingMuseumUiPPv	cSC3BuildingMuseum::QueryInterface(unsigned int, void **)
0007dfdc	Init__18cSC3BuildingMuseumP9cISC3CityP19cISC3OccPersistInfo	cSC3BuildingMuseum::Init(cISC3City *, cISC3OccPersistInfo *)
0007e044	Save__18cSC3BuildingMuseumP9cISC3CityR19cISC3OccPersistInfo	cSC3BuildingMuseum::Save(cISC3City *, cISC3OccPersistInfo &)
0007e09c	SerialRead__18cSC3BuildingMuseumP9cISC3CityR18cIGZDBSerialRecord	cSC3BuildingMuseum::SerialRead(cISC3City *, cIGZDBSerialRecord &)
0007e0d0	SerialWrite__18cSC3BuildingMuseumP9cISC3CityR18cIGZDBSerialRecord	cSC3BuildingMuseum::SerialWrite(cISC3City *, cIGZDBSerialRecord &)
0007e104	NumberOfSimsServed__18cSC3BuildingMuseum	cSC3BuildingMuseum::NumberOfSimsServed(void)
0007e124	MinAgeServed__18cSC3BuildingMuseum	cSC3BuildingMuseum::MinAgeServed(void)
0007e148	MaxAgeServed__18cSC3BuildingMuseum	cSC3BuildingMuseum::MaxAgeServed(void)
0007e16c	EQEffect__18cSC3BuildingMuseum	cSC3BuildingMuseum::EQEffect(void)
0007e18c	SetFundingPercentage__18cSC3BuildingMuseumUc	cSC3BuildingMuseum::SetFundingPercentage(unsigned char)
0007e1f0	DoDebugQueryViewInfo__18cSC3BuildingMuseumR10cGZMessageP21cISC3WinQueryListView	cSC3BuildingMuseum::DoDebugQueryViewInfo(cGZMessage &, cISC3WinQueryListView *)
0007e254	doWeeklySim__16cSC3BuildingPier	cSC3BuildingPier::doWeeklySim(void)
0007e534	__16cSC3BuildingPier	cSC3BuildingPier::cSC3BuildingPier(void)
0007e57c	_._16cSC3BuildingPier	cSC3BuildingPier::~cSC3BuildingPier(void)
0007e5c4	Init__16cSC3BuildingPierP9cISC3CityP19cISC3OccPersistInfo	cSC3BuildingPier::Init(cISC3City *, cISC3OccPersistInfo *)
0007e5f8	Save__16cSC3BuildingPierP9cISC3CityR19cISC3OccPersistInfo	cSC3BuildingPier::Save(cISC3City *, cISC3OccPersistInfo &)
0007e628	SerialRead__16cSC3BuildingPierP9cISC3CityR18cIGZDBSerialRecord	cSC3BuildingPier::SerialRead(cISC3City *, cIGZDBSerialRecord &)
0007e634	SerialWrite__16cSC3BuildingPierP9cISC3CityR18cIGZDBSerialRecord	cSC3BuildingPier::SerialWrite(cISC3City *, cIGZDBSerialRecord &)
0007e644	MinimumExecutionInterval__16cSC3BuildingPier	cSC3BuildingPier::MinimumExecutionInterval(void)
0007e678	Simulate__16cSC3BuildingPieri	cSC3BuildingPier::Simulate(int)
0007e6d8	doMonthlySim__16cSC3BuildingPier	cSC3BuildingPier::doMonthlySim(void)
0007e6e0	AsISC3Building__16cSC3BuildingPier	cSC3BuildingPier::AsISC3Building(void)
0007e6ec	AsISC3Occupant__16cSC3BuildingPier	cSC3BuildingPier::AsISC3Occupant(void)
0007e700	AddRef__16cSC3BuildingPier	cSC3BuildingPier::AddRef(void)
0007e72c	Release__16cSC3BuildingPier	cSC3BuildingPier::Release(void)
0007e758	QueryInterface__16cSC3BuildingPierUiPPv	cSC3BuildingPier::QueryInterface(unsigned int, void **)
0007e7c4	__18cSC3BuildingSchool	cSC3BuildingSchool::cSC3BuildingSchool(void)
00081424	SetFundingPercentage__18cSC3BuildingSchoolUc	cSC3BuildingSchool::SetFundingPercentage(unsigned char)
0008152c	DoStandardQueryViewInfo__18cSC3BuildingSchoolR10cGZMessageP21cISC3WinQueryListView	cSC3BuildingSchool::DoStandardQueryViewInfo(cGZMessage &, cISC3WinQueryListView *)
00084a28	DoQueryViews__18cSC3BuildingSchoolR10cGZMessageP13cISC3WinQuery	cSC3BuildingSchool::DoQueryViews(cGZMessage &, cISC3WinQuery *)
00084eb8	_._18cSC3BuildingSchool	cSC3BuildingSchool::~cSC3BuildingSchool(void)
00084f34	SystemMembership__18cSC3BuildingSchool	cSC3BuildingSchool::SystemMembership(void)
00084f40	NumberOfEducators__18cSC3BuildingSchool	cSC3BuildingSchool::NumberOfEducators(void)
00084f50	GetMonthlyUpkeep__18cSC3BuildingSchool	cSC3BuildingSchool::GetMonthlyUpkeep(void)
00084f60	AsISC3Building__18cSC3BuildingSchool	cSC3BuildingSchool::AsISC3Building(void)
00084f70	AsISC3Occupant__18cSC3BuildingSchool	cSC3BuildingSchool::AsISC3Occupant(void)
00084f84	AddRef__18cSC3BuildingSchool	cSC3BuildingSchool::AddRef(void)
00084fb0	Release__18cSC3BuildingSchool	cSC3BuildingSchool::Release(void)
00084fdc	QueryInterface__18cSC3BuildingSchoolUiPPv	cSC3BuildingSchool::QueryInterface(unsigned int, void **)
0008507c	Init__18cSC3BuildingSchoolP9cISC3CityP19cISC3OccPersistInfo	cSC3BuildingSchool::Init(cISC3City *, cISC3OccPersistInfo *)
000850fc	Save__18cSC3BuildingSchoolP9cISC3CityR19cISC3OccPersistInfo	cSC3BuildingSchool::Save(cISC3City *, cISC3OccPersistInfo &)
00085174	SerialRead__18cSC3BuildingSchoolP9cISC3CityR18cIGZDBSerialRecord	cSC3BuildingSchool::SerialRead(cISC3City *, cIGZDBSerialRecord &)
000851dc	SerialWrite__18cSC3BuildingSchoolP9cISC3CityR18cIGZDBSerialRecord	cSC3BuildingSchool::SerialWrite(cISC3City *, cIGZDBSerialRecord &)
00085248	NumberOfSimsServed__18cSC3BuildingSchool	cSC3BuildingSchool::NumberOfSimsServed(void)
00085268	MinAgeServed__18cSC3BuildingSchool	cSC3BuildingSchool::MinAgeServed(void)
0008528c	MaxAgeServed__18cSC3BuildingSchool	cSC3BuildingSchool::MaxAgeServed(void)
000852ac	EQEffect__18cSC3BuildingSchool	cSC3BuildingSchool::EQEffect(void)
000852c0	DoDebugQueryViewInfo__18cSC3BuildingSchoolR10cGZMessageP21cISC3WinQueryListView	cSC3BuildingSchool::DoDebugQueryViewInfo(cGZMessage &, cISC3WinQueryListView *)
000852f0	GetDebugInfoStringCount__18cSC3BuildingSchool	cSC3BuildingSchool::GetDebugInfoStringCount(void)
000852fc	GetDebugInfoStrings__18cSC3BuildingSchoolR10cIGZStringT1Ui	cSC3BuildingSchool::GetDebugInfoStrings(cIGZString &, cIGZString &, unsigned int)
00085344	Execute__21cSC3CityToolPlaceZone	cSC3CityToolPlaceZone::Execute(void)
00085414	ExecuteOnMouseUp__21cSC3CityToolPlaceZoneRC14cSC3CityBounds	cSC3CityToolPlaceZone::ExecuteOnMouseUp(cSC3CityBounds const &)
00085688	CreateCommand__17cSC3RCICmdFactoryUiUiPPv	cSC3RCICmdFactory::CreateCommand(unsigned int, unsigned int, void **)
00086460	CVOnActivate__21cSC3CityToolPlaceZone	cSC3CityToolPlaceZone::CVOnActivate(void)
0008649c	ExecuteOnMouseDrag__21cSC3CityToolPlaceZoneRC14cSC3CityBounds	cSC3CityToolPlaceZone::ExecuteOnMouseDrag(cSC3CityBounds const &)
00086504	ExecuteOnMouseMove__21cSC3CityToolPlaceZoneRC13cSC3CityCoord	cSC3CityToolPlaceZone::ExecuteOnMouseMove(cSC3CityCoord const &)
0008658c	ExecuteRectDraw__21cSC3CityToolPlaceZoneRC14cSC3CityBoundsR14cSC3CityBounds	cSC3CityToolPlaceZone::ExecuteRectDraw(cSC3CityBounds const &, cSC3CityBounds &)
000865e8	CVActiveCursor__21cSC3CityToolPlaceZoneRUi	cSC3CityToolPlaceZone::CVActiveCursor(unsigned int &)
00086600	CVIsValidHandlerByView__C21cSC3CityToolPlaceZoneiUi	cSC3CityToolPlaceZone::CVIsValidHandlerByView(int, unsigned int) const
0008661c	QueryInterface__21cSC3CityToolPlaceZoneUiPPv	cSC3CityToolPlaceZone::QueryInterface(unsigned int, void **)
0008666c	AddRef__21cSC3CityToolPlaceZone	cSC3CityToolPlaceZone::AddRef(void)
00086698	Release__21cSC3CityToolPlaceZone	cSC3CityToolPlaceZone::Release(void)
000866c4	__21cSC3CityToolPlaceZoneUiiUsUs	cSC3CityToolPlaceZone::cSC3CityToolPlaceZone(unsigned int, int, unsigned short, unsigned short)
00086790	_._21cSC3CityToolPlaceZone	cSC3CityToolPlaceZone::~cSC3CityToolPlaceZone(void)
0008690c	__22cSC3ComHDDeveloperRule	cSC3ComHDDeveloperRule::cSC3ComHDDeveloperRule(void)
00087b84	_._22cSC3ComHDDeveloperRule	cSC3ComHDDeveloperRule::~cSC3ComHDDeveloperRule(void)
000881b0	RegisterBuildingFamily__22cSC3ComHDDeveloperRuleP19cISC3BuildingFamily	cSC3ComHDDeveloperRule::RegisterBuildingFamily(cISC3BuildingFamily *)
000883c4	Apply__22cSC3ComHDDeveloperRuleRC14sIGZRectUint32Uiii	cSC3ComHDDeveloperRule::Apply(sIGZRectUint32 const &, unsigned int, int, int)
00088950	AddRef__22cSC3ComHDDeveloperRule	cSC3ComHDDeveloperRule::AddRef(void)
0008897c	Release__22cSC3ComHDDeveloperRule	cSC3ComHDDeveloperRule::Release(void)
000889a4	SetTransportLimit__22cSC3ComHDDeveloperRuleUi	cSC3ComHDDeveloperRule::SetTransportLimit(unsigned int)
000889b8	Init__22cSC3ComHDDeveloperRuleP9cISC3City	cSC3ComHDDeveloperRule::Init(cISC3City *)
00088a10	Shutdown__22cSC3ComHDDeveloperRule	cSC3ComHDDeveloperRule::Shutdown(void)
00088a2c	checkFamily__22cSC3ComHDDeveloperRuleRQ222cSC3ComHDDeveloperRule7tFamily	cSC3ComHDDeveloperRule::checkFamily(cSC3ComHDDeveloperRule::tFamily &)
00088a60	QueryInterface__22cSC3ComHDDeveloperRuleUiPPv	cSC3ComHDDeveloperRule::QueryInterface(unsigned int, void **)
00088c4c	__22cSC3ComLDDeveloperRule	cSC3ComLDDeveloperRule::cSC3ComLDDeveloperRule(void)
00089eb4	_._22cSC3ComLDDeveloperRule	cSC3ComLDDeveloperRule::~cSC3ComLDDeveloperRule(void)
0008a7b0	RegisterBuildingFamily__22cSC3ComLDDeveloperRuleP19cISC3BuildingFamily	cSC3ComLDDeveloperRule::RegisterBuildingFamily(cISC3BuildingFamily *)
0008aa24	Apply__22cSC3ComLDDeveloperRuleRC14sIGZRectUint32Uiii	cSC3ComLDDeveloperRule::Apply(sIGZRectUint32 const &, unsigned int, int, int)
0008b2a0	AddRef__22cSC3ComLDDeveloperRule	cSC3ComLDDeveloperRule::AddRef(void)
0008b2cc	Release__22cSC3ComLDDeveloperRule	cSC3ComLDDeveloperRule::Release(void)
0008b2f4	SetTransportLimit__22cSC3ComLDDeveloperRuleUi	cSC3ComLDDeveloperRule::SetTransportLimit(unsigned int)
0008b308	Init__22cSC3ComLDDeveloperRuleP9cISC3City	cSC3ComLDDeveloperRule::Init(cISC3City *)
0008b360	Shutdown__22cSC3ComLDDeveloperRule	cSC3ComLDDeveloperRule::Shutdown(void)
0008b37c	checkFamily__22cSC3ComLDDeveloperRuleRQ222cSC3ComLDDeveloperRule7tFamily	cSC3ComLDDeveloperRule::checkFamily(cSC3ComLDDeveloperRule::tFamily &)
0008b3c0	QueryInterface__22cSC3ComLDDeveloperRuleUiPPv	cSC3ComLDDeveloperRule::QueryInterface(unsigned int, void **)
0008b5ac	__22cSC3ComMDDeveloperRule	cSC3ComMDDeveloperRule::cSC3ComMDDeveloperRule(void)
0008c814	_._22cSC3ComMDDeveloperRule	cSC3ComMDDeveloperRule::~cSC3ComMDDeveloperRule(void)
0008d110	RegisterBuildingFamily__22cSC3ComMDDeveloperRuleP19cISC3BuildingFamily	cSC3ComMDDeveloperRule::RegisterBuildingFamily(cISC3BuildingFamily *)
0008d384	Apply__22cSC3ComMDDeveloperRuleRC14sIGZRectUint32Uiii	cSC3ComMDDeveloperRule::Apply(sIGZRectUint32 const &, unsigned int, int, int)
0008e0ac	AddRef__22cSC3ComMDDeveloperRule	cSC3ComMDDeveloperRule::AddRef(void)
0008e0d8	Release__22cSC3ComMDDeveloperRule	cSC3ComMDDeveloperRule::Release(void)
0008e100	SetTransportLimit__22cSC3ComMDDeveloperRuleUi	cSC3ComMDDeveloperRule::SetTransportLimit(unsigned int)
0008e114	Init__22cSC3ComMDDeveloperRuleP9cISC3City	cSC3ComMDDeveloperRule::Init(cISC3City *)
0008e16c	Shutdown__22cSC3ComMDDeveloperRule	cSC3ComMDDeveloperRule::Shutdown(void)
0008e188	checkFamily__22cSC3ComMDDeveloperRuleRQ222cSC3ComMDDeveloperRule7tFamily	cSC3ComMDDeveloperRule::checkFamily(cSC3ComMDDeveloperRule::tFamily &)
0008e1cc	QueryInterface__22cSC3ComMDDeveloperRuleUiPPv	cSC3ComMDDeveloperRule::QueryInterface(unsigned int, void **)
0008e264	__20cSC3ComZoneDeveloper	cSC3ComZoneDeveloper::cSC3ComZoneDeveloper(void)
00090dc8	_._20cSC3ComZoneDeveloper	cSC3ComZoneDeveloper::~cSC3ComZoneDeveloper(void)
00090ecc	Init__20cSC3ComZoneDeveloperP9cISC3CityPCc	cSC3ComZoneDeveloper::Init(cISC3City *, char const *)
000921b8	AddRule__20cSC3ComZoneDeveloperP18cISC3DeveloperRule	cSC3ComZoneDeveloper::AddRule(cISC3DeveloperRule *)
0009223c	AddBuildingType__20cSC3ComZoneDeveloperUiUcUcUc	cSC3ComZoneDeveloper::AddBuildingType(unsigned int, unsigned char, unsigned char, unsigned char)
0009234c	Shutdown__20cSC3ComZoneDeveloper	cSC3ComZoneDeveloper::Shutdown(void)
000925fc	UpdateCell__20cSC3ComZoneDeveloperRC17sIGZPointXZUint32	cSC3ComZoneDeveloper::UpdateCell(sIGZPointXZUint32 const &)
00093074	findBestLandUse__20cSC3ComZoneDeveloperUcb	cSC3ComZoneDeveloper::findBestLandUse(unsigned char, bool)
000932d8	growSomething__20cSC3ComZoneDeveloperRC17sIGZPointXZUint32UiUiUi	cSC3ComZoneDeveloper::growSomething(sIGZPointXZUint32 const &, unsigned int, unsigned int, unsigned int)
00093468	findRicherLandUse__20cSC3ComZoneDeveloperUiUcb	cSC3ComZoneDeveloper::findRicherLandUse(unsigned int, unsigned char, bool)
00093830	findCheaperLandUse__20cSC3ComZoneDeveloperUiUcb	cSC3ComZoneDeveloper::findCheaperLandUse(unsigned int, unsigned char, bool)
00093ae8	findDenserLandUse__20cSC3ComZoneDeveloperUiUc	cSC3ComZoneDeveloper::findDenserLandUse(unsigned int, unsigned char)
00093d98	checkAreaDevRules__20cSC3ComZoneDeveloperRC14sIGZRectUint32Uiii	cSC3ComZoneDeveloper::checkAreaDevRules(sIGZRectUint32 const &, unsigned int, int, int)
000941b0	getLandUse__20cSC3ComZoneDeveloperUi	cSC3ComZoneDeveloper::getLandUse(unsigned int)
000942d4	AddRef__20cSC3ComZoneDeveloper	cSC3ComZoneDeveloper::AddRef(void)
00094300	Release__20cSC3ComZoneDeveloper	cSC3ComZoneDeveloper::Release(void)
00094328	SerialRead__20cSC3ComZoneDeveloperP9cISC3CityR18cIGZDBSerialRecord	cSC3ComZoneDeveloper::SerialRead(cISC3City *, cIGZDBSerialRecord &)
00094334	SerialWrite__C20cSC3ComZoneDeveloperP9cISC3CityR18cIGZDBSerialRecord	cSC3ComZoneDeveloper::SerialWrite(cISC3City *, cIGZDBSerialRecord &) const
00094344	QueryInterface__20cSC3ComZoneDeveloperUiPPv	cSC3ComZoneDeveloper::QueryInterface(unsigned int, void **)
00094398	SimulationBegin__20cSC3ComZoneDeveloper	cSC3ComZoneDeveloper::SimulationBegin(void)
00094444	changeBuildingState__20cSC3ComZoneDeveloperP13cISC3BuildingRC17sIGZPointXZUint32Ui	cSC3ComZoneDeveloper::changeBuildingState(cISC3Building *, sIGZPointXZUint32 const &, unsigned int)
00094584	Init__19cSC3CommercialLayerP9cISC3City	cSC3CommercialLayer::Init(cISC3City *)
00094704	Init__19cSC3CommercialLayerP9cISC3CityP13cISC2Importer	cSC3CommercialLayer::Init(cISC3City *, cISC2Importer *)
0009480c	Init__19cSC3CommercialLayerP9cISC3CityP13cIGZDBSegment	cSC3CommercialLayer::Init(cISC3City *, cIGZDBSegment *)
00094df4	Save__19cSC3CommercialLayerP9cISC3CityP13cIGZDBSegment	cSC3CommercialLayer::Save(cISC3City *, cIGZDBSegment *)
00094fa0	LoadINI__19cSC3CommercialLayer	cSC3CommercialLayer::LoadINI(void)
000958f8	GetManipulator__19cSC3CommercialLayerRC18cISC3CityAgentTypePP25cISC3CityLayerManipulatorRi	cSC3CommercialLayer::GetManipulator(cISC3CityAgentType const &, cISC3CityLayerManipulator **, int &)
000959e0	_._19cSC3CommercialLayer	cSC3CommercialLayer::~cSC3CommercialLayer(void)
00095a4c	SimulationEnd__19cSC3CommercialLayer	cSC3CommercialLayer::SimulationEnd(void)
00095a58	DoMessage__19cSC3CommercialLayerR10cGZMessage	cSC3CommercialLayer::DoMessage(cGZMessage &)
00095a64	DoQueryInfo__19cSC3CommercialLayerR10cGZMessageP11cIGZUnknown	cSC3CommercialLayer::DoQueryInfo(cGZMessage &, cIGZUnknown *)
00095a74	AddRef__19cSC3CommercialLayer	cSC3CommercialLayer::AddRef(void)
00095aa0	Release__19cSC3CommercialLayer	cSC3CommercialLayer::Release(void)
00095ac8	GetLayerType__19cSC3CommercialLayer	cSC3CommercialLayer::GetLayerType(void)
00095ad8	GetDevelopmentCap__19cSC3CommercialLayer	cSC3CommercialLayer::GetDevelopmentCap(void)
00095b0c	AddRef__22cSC3ComAreaManipulator	cSC3ComAreaManipulator::AddRef(void)
00095b38	Release__22cSC3ComAreaManipulator	cSC3ComAreaManipulator::Release(void)
00095b64	__22cSC3ComAreaManipulator	cSC3ComAreaManipulator::cSC3ComAreaManipulator(void)
00095bb8	_._22cSC3ComAreaManipulator	cSC3ComAreaManipulator::~cSC3ComAreaManipulator(void)
00095c1c	IsLockingCity__22cSC3ComAreaManipulator	cSC3ComAreaManipulator::IsLockingCity(void)
00095c2c	__19cSC3CommercialLayer	cSC3CommercialLayer::cSC3CommercialLayer(void)
00095cc8	StaticInit__19cSC3CommercialLayerP19cISC3CityDefinition	cSC3CommercialLayer::StaticInit(cISC3CityDefinition *)
00095cf0	StaticShutdown__19cSC3CommercialLayer	cSC3CommercialLayer::StaticShutdown(void)
00095d00	Shutdown__19cSC3CommercialLayer	cSC3CommercialLayer::Shutdown(void)
00095d90	SimulationBegin__19cSC3CommercialLayer	cSC3CommercialLayer::SimulationBegin(void)
00095da0	EndOfMonth__19cSC3CommercialLayer	cSC3CommercialLayer::EndOfMonth(void)
00095e10	QueryInterface__19cSC3CommercialLayerUiPPv	cSC3CommercialLayer::QueryInterface(unsigned int, void **)
00095e8c	DebugClassTag__19cSC3CommercialLayerR10cIGZString	cSC3CommercialLayer::DebugClassTag(cIGZString &)
00095e98	DebugTypeTag__19cSC3CommercialLayerR10cIGZString	cSC3CommercialLayer::DebugTypeTag(cIGZString &)
00095ea8	Init__22cSC3ComAreaManipulatorP19cSC3CommercialLayer	cSC3ComAreaManipulator::Init(cSC3CommercialLayer *)
00095edc	Shutdown__22cSC3ComAreaManipulator	cSC3ComAreaManipulator::Shutdown(void)
00095f1c	Apply__22cSC3ComAreaManipulatorR14cISC3CityAgent	cSC3ComAreaManipulator::Apply(cISC3CityAgent &)
00095f98	QueryInterface__22cSC3ComAreaManipulatorUiPPv	cSC3ComAreaManipulator::QueryInterface(unsigned int, void **)
00095ff0	DebugInstanceTag__22cSC3ComAreaManipulatorR10cIGZString	cSC3ComAreaManipulator::DebugInstanceTag(cIGZString &)
00095ffc	DebugClassTag__22cSC3ComAreaManipulatorR10cIGZString	cSC3ComAreaManipulator::DebugClassTag(cIGZString &)
00096008	DebugTypeTag__22cSC3ComAreaManipulatorR10cIGZString	cSC3ComAreaManipulator::DebugTypeTag(cIGZString &)
0009660c	__23cSC3EstateDeveloperRule	cSC3EstateDeveloperRule::cSC3EstateDeveloperRule(void)
000967a4	_._23cSC3EstateDeveloperRule	cSC3EstateDeveloperRule::~cSC3EstateDeveloperRule(void)
00099514	RegisterBuildingFamily__23cSC3EstateDeveloperRuleP19cISC3BuildingFamily	cSC3EstateDeveloperRule::RegisterBuildingFamily(cISC3BuildingFamily *)
00099a98	checkFamily__23cSC3EstateDeveloperRuleRQ223cSC3EstateDeveloperRule7tFamily	cSC3EstateDeveloperRule::checkFamily(cSC3EstateDeveloperRule::tFamily &)
00099e20	Apply__23cSC3EstateDeveloperRuleRC14sIGZRectUint32Uiii	cSC3EstateDeveloperRule::Apply(sIGZRectUint32 const &, unsigned int, int, int)
0009a8e4	AddRef__23cSC3EstateDeveloperRule	cSC3EstateDeveloperRule::AddRef(void)
0009a910	Release__23cSC3EstateDeveloperRule	cSC3EstateDeveloperRule::Release(void)
0009a938	SetTransportLimit__23cSC3EstateDeveloperRuleUi	cSC3EstateDeveloperRule::SetTransportLimit(unsigned int)
0009a94c	Init__23cSC3EstateDeveloperRuleP9cISC3City	cSC3EstateDeveloperRule::Init(cISC3City *)
0009a9bc	Shutdown__23cSC3EstateDeveloperRule	cSC3EstateDeveloperRule::Shutdown(void)
0009a9e4	placeBuilding__23cSC3EstateDeveloperRuleP19cISC3BuildingAttribRC17sIGZPointXZUint32b	cSC3EstateDeveloperRule::placeBuilding(cISC3BuildingAttrib *, sIGZPointXZUint32 const &, bool)
0009aa5c	QueryInterface__23cSC3EstateDeveloperRuleUiPPv	cSC3EstateDeveloperRule::QueryInterface(unsigned int, void **)
0009abec	__31cSC3HousingProjectDeveloperRule	cSC3HousingProjectDeveloperRule::cSC3HousingProjectDeveloperRule(void)
0009ad84	_._31cSC3HousingProjectDeveloperRule	cSC3HousingProjectDeveloperRule::~cSC3HousingProjectDeveloperRule(void)
0009b3b0	RegisterBuildingFamily__31cSC3HousingProjectDeveloperRuleP19cISC3BuildingFamily	cSC3HousingProjectDeveloperRule::RegisterBuildingFamily(cISC3BuildingFamily *)
0009b5f0	Apply__31cSC3HousingProjectDeveloperRuleRC14sIGZRectUint32Uiii	cSC3HousingProjectDeveloperRule::Apply(sIGZRectUint32 const &, unsigned int, int, int)
0009b700	buildCornerConfig__31cSC3HousingProjectDeveloperRuleRC14sIGZRectUint32UiP19cISC3BuildingAttrib	cSC3HousingProjectDeveloperRule::buildCornerConfig(sIGZRectUint32 const &, unsigned int, cISC3BuildingAttrib *)
0009bc8c	buildAlternatingConfig__31cSC3HousingProjectDeveloperRuleRC14sIGZRectUint32UiP19cISC3BuildingAttrib	cSC3HousingProjectDeveloperRule::buildAlternatingConfig(sIGZRectUint32 const &, unsigned int, cISC3BuildingAttrib *)
0009c5b4	buildOpposingConfig__31cSC3HousingProjectDeveloperRuleRC14sIGZRectUint32UiP19cISC3BuildingAttrib	cSC3HousingProjectDeveloperRule::buildOpposingConfig(sIGZRectUint32 const &, unsigned int, cISC3BuildingAttrib *)
0009cafc	AddRef__31cSC3HousingProjectDeveloperRule	cSC3HousingProjectDeveloperRule::AddRef(void)
0009cb28	Release__31cSC3HousingProjectDeveloperRule	cSC3HousingProjectDeveloperRule::Release(void)
0009cb50	SetTransportLimit__31cSC3HousingProjectDeveloperRuleUi	cSC3HousingProjectDeveloperRule::SetTransportLimit(unsigned int)
0009cb64	Init__31cSC3HousingProjectDeveloperRuleP9cISC3City	cSC3HousingProjectDeveloperRule::Init(cISC3City *)
0009cbd4	Shutdown__31cSC3HousingProjectDeveloperRule	cSC3HousingProjectDeveloperRule::Shutdown(void)
0009cbf8	checkFamily__31cSC3HousingProjectDeveloperRuleRQ231cSC3HousingProjectDeveloperRule7tFamily	cSC3HousingProjectDeveloperRule::checkFamily(cSC3HousingProjectDeveloperRule::tFamily &)
0009cc2c	placeBuilding__31cSC3HousingProjectDeveloperRuleP19cISC3BuildingAttribRC17sIGZPointXZUint32b	cSC3HousingProjectDeveloperRule::placeBuilding(cISC3BuildingAttrib *, sIGZPointXZUint32 const &, bool)
0009cca4	QueryInterface__31cSC3HousingProjectDeveloperRuleUiPPv	cSC3HousingProjectDeveloperRule::QueryInterface(unsigned int, void **)
0009ce3c	__22cSC3IndHDDeveloperRule	cSC3IndHDDeveloperRule::cSC3IndHDDeveloperRule(void)
0009e0b4	_._22cSC3IndHDDeveloperRule	cSC3IndHDDeveloperRule::~cSC3IndHDDeveloperRule(void)
0009e6e0	RegisterBuildingFamily__22cSC3IndHDDeveloperRuleP19cISC3BuildingFamily	cSC3IndHDDeveloperRule::RegisterBuildingFamily(cISC3BuildingFamily *)
0009e8f4	Apply__22cSC3IndHDDeveloperRuleRC14sIGZRectUint32Uiii	cSC3IndHDDeveloperRule::Apply(sIGZRectUint32 const &, unsigned int, int, int)
0009ee80	AddRef__22cSC3IndHDDeveloperRule	cSC3IndHDDeveloperRule::AddRef(void)
0009eeac	Release__22cSC3IndHDDeveloperRule	cSC3IndHDDeveloperRule::Release(void)
0009eed4	SetTransportLimit__22cSC3IndHDDeveloperRuleUi	cSC3IndHDDeveloperRule::SetTransportLimit(unsigned int)
0009eee8	Init__22cSC3IndHDDeveloperRuleP9cISC3City	cSC3IndHDDeveloperRule::Init(cISC3City *)
0009ef40	Shutdown__22cSC3IndHDDeveloperRule	cSC3IndHDDeveloperRule::Shutdown(void)
0009ef5c	checkFamily__22cSC3IndHDDeveloperRuleRQ222cSC3IndHDDeveloperRule7tFamily	cSC3IndHDDeveloperRule::checkFamily(cSC3IndHDDeveloperRule::tFamily &)
0009ef90	QueryInterface__22cSC3IndHDDeveloperRuleUiPPv	cSC3IndHDDeveloperRule::QueryInterface(unsigned int, void **)
0009f11c	__22cSC3IndLDDeveloperRule	cSC3IndLDDeveloperRule::cSC3IndLDDeveloperRule(void)
000a0394	_._22cSC3IndLDDeveloperRule	cSC3IndLDDeveloperRule::~cSC3IndLDDeveloperRule(void)
000a09c0	RegisterBuildingFamily__22cSC3IndLDDeveloperRuleP19cISC3BuildingFamily	cSC3IndLDDeveloperRule::RegisterBuildingFamily(cISC3BuildingFamily *)
000a0bd4	Apply__22cSC3IndLDDeveloperRuleRC14sIGZRectUint32Uiii	cSC3IndLDDeveloperRule::Apply(sIGZRectUint32 const &, unsigned int, int, int)
000a1160	AddRef__22cSC3IndLDDeveloperRule	cSC3IndLDDeveloperRule::AddRef(void)
000a118c	Release__22cSC3IndLDDeveloperRule	cSC3IndLDDeveloperRule::Release(void)
000a11b4	SetTransportLimit__22cSC3IndLDDeveloperRuleUi	cSC3IndLDDeveloperRule::SetTransportLimit(unsigned int)
000a11c8	Init__22cSC3IndLDDeveloperRuleP9cISC3City	cSC3IndLDDeveloperRule::Init(cISC3City *)
000a1220	Shutdown__22cSC3IndLDDeveloperRule	cSC3IndLDDeveloperRule::Shutdown(void)
000a123c	checkFamily__22cSC3IndLDDeveloperRuleRQ222cSC3IndLDDeveloperRule7tFamily	cSC3IndLDDeveloperRule::checkFamily(cSC3IndLDDeveloperRule::tFamily &)
000a1270	QueryInterface__22cSC3IndLDDeveloperRuleUiPPv	cSC3IndLDDeveloperRule::QueryInterface(unsigned int, void **)
000a13fc	__22cSC3IndMDDeveloperRule	cSC3IndMDDeveloperRule::cSC3IndMDDeveloperRule(void)
000a2674	_._22cSC3IndMDDeveloperRule	cSC3IndMDDeveloperRule::~cSC3IndMDDeveloperRule(void)
000a2ca0	RegisterBuildingFamily__22cSC3IndMDDeveloperRuleP19cISC3BuildingFamily	cSC3IndMDDeveloperRule::RegisterBuildingFamily(cISC3BuildingFamily *)
000a2eb4	Apply__22cSC3IndMDDeveloperRuleRC14sIGZRectUint32Uiii	cSC3IndMDDeveloperRule::Apply(sIGZRectUint32 const &, unsigned int, int, int)
000a3440	AddRef__22cSC3IndMDDeveloperRule	cSC3IndMDDeveloperRule::AddRef(void)
000a346c	Release__22cSC3IndMDDeveloperRule	cSC3IndMDDeveloperRule::Release(void)
000a3494	SetTransportLimit__22cSC3IndMDDeveloperRuleUi	cSC3IndMDDeveloperRule::SetTransportLimit(unsigned int)
000a34a8	Init__22cSC3IndMDDeveloperRuleP9cISC3City	cSC3IndMDDeveloperRule::Init(cISC3City *)
000a3500	Shutdown__22cSC3IndMDDeveloperRule	cSC3IndMDDeveloperRule::Shutdown(void)
000a351c	checkFamily__22cSC3IndMDDeveloperRuleRQ222cSC3IndMDDeveloperRule7tFamily	cSC3IndMDDeveloperRule::checkFamily(cSC3IndMDDeveloperRule::tFamily &)
000a3550	QueryInterface__22cSC3IndMDDeveloperRuleUiPPv	cSC3IndMDDeveloperRule::QueryInterface(unsigned int, void **)
000a35e4	__20cSC3IndZoneDeveloper	cSC3IndZoneDeveloper::cSC3IndZoneDeveloper(void)
000ac9fc	_._20cSC3IndZoneDeveloper	cSC3IndZoneDeveloper::~cSC3IndZoneDeveloper(void)
000acb50	Init__20cSC3IndZoneDeveloperP9cISC3CityPCc	cSC3IndZoneDeveloper::Init(cISC3City *, char const *)
000ae2c4	SimulationBegin__20cSC3IndZoneDeveloper	cSC3IndZoneDeveloper::SimulationBegin(void)
000ae39c	AddRule__20cSC3IndZoneDeveloperP18cISC3DeveloperRule	cSC3IndZoneDeveloper::AddRule(cISC3DeveloperRule *)
000ae420	AddBuildingType__20cSC3IndZoneDeveloperUiUcUcUcUc	cSC3IndZoneDeveloper::AddBuildingType(unsigned int, unsigned char, unsigned char, unsigned char, unsigned char)
000ae5ec	Shutdown__20cSC3IndZoneDeveloper	cSC3IndZoneDeveloper::Shutdown(void)
000ae99c	UpdateCell__20cSC3IndZoneDeveloperRC17sIGZPointXZUint32	cSC3IndZoneDeveloper::UpdateCell(sIGZPointXZUint32 const &)
000af6b8	findBestLandUse__20cSC3IndZoneDeveloperUcbT2	cSC3IndZoneDeveloper::findBestLandUse(unsigned char, bool, bool)
000afc68	growSomething__20cSC3IndZoneDeveloperRC17sIGZPointXZUint32UiUiUi	cSC3IndZoneDeveloper::growSomething(sIGZPointXZUint32 const &, unsigned int, unsigned int, unsigned int)
000afeb4	findRicherLandUse__20cSC3IndZoneDeveloperUiUcb	cSC3IndZoneDeveloper::findRicherLandUse(unsigned int, unsigned char, bool)
000b035c	findCheaperLandUse__20cSC3IndZoneDeveloperUiUcb	cSC3IndZoneDeveloper::findCheaperLandUse(unsigned int, unsigned char, bool)
000b07e8	findDenserLandUse__20cSC3IndZoneDeveloperUiUc	cSC3IndZoneDeveloper::findDenserLandUse(unsigned int, unsigned char)
000b0b7c	checkAreaDevRules__20cSC3IndZoneDeveloperRC14sIGZRectUint32Uiii	cSC3IndZoneDeveloper::checkAreaDevRules(sIGZRectUint32 const &, unsigned int, int, int)
000b0f90	getLandUse__20cSC3IndZoneDeveloperUi	cSC3IndZoneDeveloper::getLandUse(unsigned int)
000b11e4	AddRef__20cSC3IndZoneDeveloper	cSC3IndZoneDeveloper::AddRef(void)
000b1210	Release__20cSC3IndZoneDeveloper	cSC3IndZoneDeveloper::Release(void)
000b123c	QueryInterface__20cSC3IndZoneDeveloperUiPPv	cSC3IndZoneDeveloper::QueryInterface(unsigned int, void **)
000b128c	SerialRead__20cSC3IndZoneDeveloperP9cISC3CityR18cIGZDBSerialRecord	cSC3IndZoneDeveloper::SerialRead(cISC3City *, cIGZDBSerialRecord &)
000b1298	SerialWrite__C20cSC3IndZoneDeveloperP9cISC3CityR18cIGZDBSerialRecord	cSC3IndZoneDeveloper::SerialWrite(cISC3City *, cIGZDBSerialRecord &) const
000b12a8	calcCleanIndPct__20cSC3IndZoneDeveloperUi	cSC3IndZoneDeveloper::calcCleanIndPct(unsigned int)
000b1388	changeBuildingState__20cSC3IndZoneDeveloperP13cISC3BuildingRC17sIGZPointXZUint32Ui	cSC3IndZoneDeveloper::changeBuildingState(cISC3Building *, sIGZPointXZUint32 const &, unsigned int)
000b14d4	Init__19cSC3IndustrialLayerP9cISC3City	cSC3IndustrialLayer::Init(cISC3City *)
000b1660	Init__19cSC3IndustrialLayerP9cISC3CityP13cISC2Importer	cSC3IndustrialLayer::Init(cISC3City *, cISC2Importer *)
000b1764	Init__19cSC3IndustrialLayerP9cISC3CityP13cIGZDBSegment	cSC3IndustrialLayer::Init(cISC3City *, cIGZDBSegment *)
000b1c58	Save__19cSC3IndustrialLayerP9cISC3CityP13cIGZDBSegment	cSC3IndustrialLayer::Save(cISC3City *, cIGZDBSegment *)
000b1e00	LoadINI__19cSC3IndustrialLayer	cSC3IndustrialLayer::LoadINI(void)
000b3024	EndOfMonth__19cSC3IndustrialLayer	cSC3IndustrialLayer::EndOfMonth(void)
000b3150	GetManipulator__19cSC3IndustrialLayerRC18cISC3CityAgentTypePP25cISC3CityLayerManipulatorRi	cSC3IndustrialLayer::GetManipulator(cISC3CityAgentType const &, cISC3CityLayerManipulator **, int &)
000b3234	_._19cSC3IndustrialLayer	cSC3IndustrialLayer::~cSC3IndustrialLayer(void)
000b32a0	SimulationEnd__19cSC3IndustrialLayer	cSC3IndustrialLayer::SimulationEnd(void)
000b32ac	DoMessage__19cSC3IndustrialLayerR10cGZMessage	cSC3IndustrialLayer::DoMessage(cGZMessage &)
000b32b8	DoQueryInfo__19cSC3IndustrialLayerR10cGZMessageP11cIGZUnknown	cSC3IndustrialLayer::DoQueryInfo(cGZMessage &, cIGZUnknown *)
000b32c8	AddRef__19cSC3IndustrialLayer	cSC3IndustrialLayer::AddRef(void)
000b32f4	Release__19cSC3IndustrialLayer	cSC3IndustrialLayer::Release(void)
000b331c	GetLayerType__19cSC3IndustrialLayer	cSC3IndustrialLayer::GetLayerType(void)
000b332c	GetDevelopmentCap__19cSC3IndustrialLayer	cSC3IndustrialLayer::GetDevelopmentCap(void)
000b3360	AddRef__22cSC3IndAreaManipulator	cSC3IndAreaManipulator::AddRef(void)
000b338c	Release__22cSC3IndAreaManipulator	cSC3IndAreaManipulator::Release(void)
000b33b8	__22cSC3IndAreaManipulator	cSC3IndAreaManipulator::cSC3IndAreaManipulator(void)
000b340c	_._22cSC3IndAreaManipulator	cSC3IndAreaManipulator::~cSC3IndAreaManipulator(void)
000b3470	IsLockingCity__22cSC3IndAreaManipulator	cSC3IndAreaManipulator::IsLockingCity(void)
000b3480	__19cSC3IndustrialLayer	cSC3IndustrialLayer::cSC3IndustrialLayer(void)
000b3524	StaticInit__19cSC3IndustrialLayerP19cISC3CityDefinition	cSC3IndustrialLayer::StaticInit(cISC3CityDefinition *)
000b354c	StaticShutdown__19cSC3IndustrialLayer	cSC3IndustrialLayer::StaticShutdown(void)
000b3558	SimulationBegin__19cSC3IndustrialLayer	cSC3IndustrialLayer::SimulationBegin(void)
000b3568	Shutdown__19cSC3IndustrialLayer	cSC3IndustrialLayer::Shutdown(void)
000b3618	QueryInterface__19cSC3IndustrialLayerUiPPv	cSC3IndustrialLayer::QueryInterface(unsigned int, void **)
000b3690	DebugClassTag__19cSC3IndustrialLayerR10cIGZString	cSC3IndustrialLayer::DebugClassTag(cIGZString &)
000b369c	DebugTypeTag__19cSC3IndustrialLayerR10cIGZString	cSC3IndustrialLayer::DebugTypeTag(cIGZString &)
000b36ac	Init__22cSC3IndAreaManipulatorP19cSC3IndustrialLayer	cSC3IndAreaManipulator::Init(cSC3IndustrialLayer *)
000b36e0	Shutdown__22cSC3IndAreaManipulator	cSC3IndAreaManipulator::Shutdown(void)
000b3720	Apply__22cSC3IndAreaManipulatorR14cISC3CityAgent	cSC3IndAreaManipulator::Apply(cISC3CityAgent &)
000b3750	QueryInterface__22cSC3IndAreaManipulatorUiPPv	cSC3IndAreaManipulator::QueryInterface(unsigned int, void **)
000b37ac	DebugInstanceTag__22cSC3IndAreaManipulatorR10cIGZString	cSC3IndAreaManipulator::DebugInstanceTag(cIGZString &)
000b37b8	DebugClassTag__22cSC3IndAreaManipulatorR10cIGZString	cSC3IndAreaManipulator::DebugClassTag(cIGZString &)
000b37c4	DebugTypeTag__22cSC3IndAreaManipulatorR10cIGZString	cSC3IndAreaManipulator::DebugTypeTag(cIGZString &)
000b37d4	__18cSC3LandValueLayer	cSC3LandValueLayer::cSC3LandValueLayer(void)
000b3a00	StaticInit__18cSC3LandValueLayerP19cISC3CityDefinition	cSC3LandValueLayer::StaticInit(cISC3CityDefinition *)
000b92a4	parseCityCenterEntry__18cSC3LandValueLayerR9cRZStringc	cSC3LandValueLayer::parseCityCenterEntry(cRZString &, char)
000ba7f4	registerAgentModifier__18cSC3LandValueLayerRC9cRZStringT1Pv	cSC3LandValueLayer::registerAgentModifier(cRZString const &, cRZString const &, void *)
000bb584	StaticShutdown__18cSC3LandValueLayer	cSC3LandValueLayer::StaticShutdown(void)
000bb650	Init__18cSC3LandValueLayerP9cISC3City	cSC3LandValueLayer::Init(cISC3City *)
000bc030	Init__18cSC3LandValueLayerP9cISC3CityP13cIGZDBSegment	cSC3LandValueLayer::Init(cISC3City *, cIGZDBSegment *)
000bc2e0	Save__18cSC3LandValueLayerP9cISC3CityP13cIGZDBSegment	cSC3LandValueLayer::Save(cISC3City *, cIGZDBSegment *)
000bc5a0	Shutdown__18cSC3LandValueLayer	cSC3LandValueLayer::Shutdown(void)
000bc76c	SimulationBegin__18cSC3LandValueLayer	cSC3LandValueLayer::SimulationBegin(void)
000bc848	doCCMaxCalc__18cSC3LandValueLayerRt3map4ZUiZQ218cSC3LandValueLayer9tCCEffectZt4less1ZUiZt9allocator1ZQ218cSC3LandValueLayer9tCCEffectUi	cSC3LandValueLayer::doCCMaxCalc(map<unsigned int, cSC3LandValueLayer::tCCEffect, less<unsigned int>, allocator<cSC3LandValueLayer::tCCEffect> > &, unsigned int)
000bca08	recalcModMaps__18cSC3LandValueLayer	cSC3LandValueLayer::recalcModMaps(void)
000bcd14	EndOfMonth__18cSC3LandValueLayer	cSC3LandValueLayer::EndOfMonth(void)
000bcdec	QueryInterface__18cSC3LandValueLayerUiPPv	cSC3LandValueLayer::QueryInterface(unsigned int, void **)
000bcf10	occupantChanged__18cSC3LandValueLayerQ218cSC3LandValueLayer11tChangeTypeP13cISC3Occupant	cSC3LandValueLayer::occupantChanged(cSC3LandValueLayer::tChangeType, cISC3Occupant *)
000bd424	Init__29cSC3DailyLandValueManipulatorP9cISC3City	cSC3DailyLandValueManipulator::Init(cISC3City *)
000bd768	Shutdown__29cSC3DailyLandValueManipulator	cSC3DailyLandValueManipulator::Shutdown(void)
000bd8c8	Apply__29cSC3DailyLandValueManipulatorR14cISC3CityAgent	cSC3DailyLandValueManipulator::Apply(cISC3CityAgent &)
000be4cc	generateDistanceMap__18cSC3LandValueLayer	cSC3LandValueLayer::generateDistanceMap(void)
000bedb0	_._18cSC3LandValueLayer	cSC3LandValueLayer::~cSC3LandValueLayer(void)
000bee50	SimulationEnd__18cSC3LandValueLayer	cSC3LandValueLayer::SimulationEnd(void)
000bee5c	GetAverageValue__18cSC3LandValueLayer	cSC3LandValueLayer::GetAverageValue(void)
000bee70	GetLayerType__18cSC3LandValueLayer	cSC3LandValueLayer::GetLayerType(void)
000bee80	Init__18cSC3LandValueLayerP9cISC3CityRCUc	cSC3LandValueLayer::Init(cISC3City *, unsigned char const &)
000beeb4	CellCountX__C18cSC3LandValueLayer	cSC3LandValueLayer::CellCountX(void) const
000beee0	CellCountZ__C18cSC3LandValueLayer	cSC3LandValueLayer::CellCountZ(void) const
000bef0c	GetValueSint32__C18cSC3LandValueLayerUiUiRi	cSC3LandValueLayer::GetValueSint32(unsigned int, unsigned int, int &) const
000bef54	SetValue__18cSC3LandValueLayerUiUiRCUc	cSC3LandValueLayer::SetValue(unsigned int, unsigned int, unsigned char const &)
000bef8c	SetValue__18cSC3LandValueLayerUiUiUiUiRCUc	cSC3LandValueLayer::SetValue(unsigned int, unsigned int, unsigned int, unsigned int, unsigned char const &)
000befd0	SetAllCells__18cSC3LandValueLayerRCUc	cSC3LandValueLayer::SetAllCells(unsigned char const &)
000bf000	InBounds__C18cSC3LandValueLayerUiUi	cSC3LandValueLayer::InBounds(unsigned int, unsigned int) const
000bf034	InBounds__C18cSC3LandValueLayerUiUiUiUi	cSC3LandValueLayer::InBounds(unsigned int, unsigned int, unsigned int, unsigned int) const
000bf074	ValidRect__C18cSC3LandValueLayerUiUiUiUi	cSC3LandValueLayer::ValidRect(unsigned int, unsigned int, unsigned int, unsigned int) const
000bf0b4	SerialRead__18cSC3LandValueLayerR18cIGZDBSerialRecord	cSC3LandValueLayer::SerialRead(cIGZDBSerialRecord &)
000bf0e4	SerialWrite__C18cSC3LandValueLayerR18cIGZDBSerialRecord	cSC3LandValueLayer::SerialWrite(cIGZDBSerialRecord &) const
000bf110	OccupantMoved__18cSC3LandValueLayerUiP13cISC3OccupantRC13cSC3CityCoord	cSC3LandValueLayer::OccupantMoved(unsigned int, cISC3Occupant *, cSC3CityCoord const &)
000bf11c	CellChangedAll__18cSC3LandValueLayerUi	cSC3LandValueLayer::CellChangedAll(unsigned int)
000bf128	CellChanged__18cSC3LandValueLayerUiUiUi	cSC3LandValueLayer::CellChanged(unsigned int, unsigned int, unsigned int)
000bf134	CellChanged__18cSC3LandValueLayerUiUiUiUiUi	cSC3LandValueLayer::CellChanged(unsigned int, unsigned int, unsigned int, unsigned int, unsigned int)
000bf144	_._29cSC3DailyLandValueManipulator	cSC3DailyLandValueManipulator::~cSC3DailyLandValueManipulator(void)
000bf1a8	IsLockingCity__29cSC3DailyLandValueManipulator	cSC3DailyLandValueManipulator::IsLockingCity(void)
000bf1b8	AddRef__29cSC3DailyLandValueManipulator	cSC3DailyLandValueManipulator::AddRef(void)
000bf1e4	Release__29cSC3DailyLandValueManipulator	cSC3DailyLandValueManipulator::Release(void)
000bf210	Init__18cSC3LandValueLayerP9cISC3CityP13cISC2Importer	cSC3LandValueLayer::Init(cISC3City *, cISC2Importer *)
000bf330	calcCCMaximums__18cSC3LandValueLayer	cSC3LandValueLayer::calcCCMaximums(void)
000bf3b0	EndOfCycle__18cSC3LandValueLayer	cSC3LandValueLayer::EndOfCycle(void)
000bf4a8	DoMessage__18cSC3LandValueLayerR10cGZMessage	cSC3LandValueLayer::DoMessage(cGZMessage &)
000bf4e4	GetValue__C18cSC3LandValueLayerUiUiRUc	cSC3LandValueLayer::GetValue(unsigned int, unsigned int, unsigned char &) const
000bf51c	AddRef__18cSC3LandValueLayer	cSC3LandValueLayer::AddRef(void)
000bf548	Release__18cSC3LandValueLayer	cSC3LandValueLayer::Release(void)
000bf574	GetManipulator__18cSC3LandValueLayerRC18cISC3CityAgentTypePP25cISC3CityLayerManipulatorRi	cSC3LandValueLayer::GetManipulator(cISC3CityAgentType const &, cISC3CityLayerManipulator **, int &)
000bf670	OccupantInserted__18cSC3LandValueLayerUiP13cISC3Occupant	cSC3LandValueLayer::OccupantInserted(unsigned int, cISC3Occupant *)
000bf6a0	OccupantRemoved__18cSC3LandValueLayerUiP13cISC3Occupant	cSC3LandValueLayer::OccupantRemoved(unsigned int, cISC3Occupant *)
000bf6cc	OccupantChanged__18cSC3LandValueLayerUiP13cISC3OccupantiPv	cSC3LandValueLayer::OccupantChanged(unsigned int, cISC3Occupant *, int, void *)
000bf6dc	__29cSC3DailyLandValueManipulator	cSC3DailyLandValueManipulator::cSC3DailyLandValueManipulator(void)
000bf7a0	QueryInterface__29cSC3DailyLandValueManipulatorUiPPv	cSC3DailyLandValueManipulator::QueryInterface(unsigned int, void **)
000bf7dc	DebugInstanceTag__29cSC3DailyLandValueManipulatorR10cIGZString	cSC3DailyLandValueManipulator::DebugInstanceTag(cIGZString &)
000bf7e8	DebugClassTag__29cSC3DailyLandValueManipulatorR10cIGZString	cSC3DailyLandValueManipulator::DebugClassTag(cIGZString &)
000bf7f4	DebugTypeTag__29cSC3DailyLandValueManipulatorR10cIGZString	cSC3DailyLandValueManipulator::DebugTypeTag(cIGZString &)
000bf804	getDistanceFromWater__18cSC3LandValueLayerUiUi	cSC3LandValueLayer::getDistanceFromWater(unsigned int, unsigned int)
000bf8a4	on_window_create__18cSC3LandValueLayerR10cGZMessageP11cIGZUnknown	cSC3LandValueLayer::on_window_create(cGZMessage &, cIGZUnknown *)
000bfc58	DoStandardQueryViewInfo__18cSC3LandValueLayerR10cGZMessageP21cISC3WinQueryListView	cSC3LandValueLayer::DoStandardQueryViewInfo(cGZMessage &, cISC3WinQueryListView *)
000c0104	GetInfoStrings__18cSC3LandValueLayerUiUiR10cIGZStringT3Ui	cSC3LandValueLayer::GetInfoStrings(unsigned int, unsigned int, cIGZString &, cIGZString &, unsigned int)
000c12e8	CreateMapSprite__18cSC3LandValueLayerUiUiPPv	cSC3LandValueLayer::CreateMapSprite(unsigned int, unsigned int, void **)
000c15b0	DebugClassTag__18cSC3LandValueLayerR10cIGZString	cSC3LandValueLayer::DebugClassTag(cIGZString &)
000c15bc	DebugTypeTag__18cSC3LandValueLayerR10cIGZString	cSC3LandValueLayer::DebugTypeTag(cIGZString &)
000c15cc	DoQueryInfo__18cSC3LandValueLayerR10cGZMessageP11cIGZUnknown	cSC3LandValueLayer::DoQueryInfo(cGZMessage &, cIGZUnknown *)
000c1688	DoQueryViews__18cSC3LandValueLayerR10cGZMessageP13cISC3WinQuery	cSC3LandValueLayer::DoQueryViews(cGZMessage &, cISC3WinQuery *)
000c1694	DoDebugQueryViewInfo__18cSC3LandValueLayerR10cGZMessageP21cISC3WinQueryListView	cSC3LandValueLayer::DoDebugQueryViewInfo(cGZMessage &, cISC3WinQueryListView *)
000c16a0	GetInfoStringCount__18cSC3LandValueLayer	cSC3LandValueLayer::GetInfoStringCount(void)
000c16ac	GetDebugInfoStringCount__18cSC3LandValueLayer	cSC3LandValueLayer::GetDebugInfoStringCount(void)
000c16b8	GetDebugInfoStrings__18cSC3LandValueLayerUiUiR10cIGZStringT3Ui	cSC3LandValueLayer::GetDebugInfoStrings(unsigned int, unsigned int, cIGZString &, cIGZString &, unsigned int)
000c16c4	GetMapSpriteCount__18cSC3LandValueLayer	cSC3LandValueLayer::GetMapSpriteCount(void)
000c16d4	GetSpriteIdFromIndex__18cSC3LandValueLayerUiRUi	cSC3LandValueLayer::GetSpriteIdFromIndex(unsigned int, unsigned int &)
000c1754	__22cSC3LandValueMapSpriteR18cSC3LandValueLayerP14cISC3ZoneLayer	cSC3LandValueMapSprite::cSC3LandValueMapSprite(cSC3LandValueLayer &, cISC3ZoneLayer *)
000c1850	_._22cSC3LandValueMapSprite	cSC3LandValueMapSprite::~cSC3LandValueMapSprite(void)
000c18c0	GetColor__22cSC3LandValueMapSpriteUiUiRUi	cSC3LandValueMapSprite::GetColor(unsigned int, unsigned int, unsigned int &)
000c19c4	__30cSC3LandValueModifierMapSpriteUiRt20cSC3CityCellMapSized1ZsP10cIGZString	cSC3LandValueModifierMapSprite::cSC3LandValueModifierMapSprite(unsigned int, cSC3CityCellMapSized<short> &, cIGZString *)
000c1a80	_._30cSC3LandValueModifierMapSprite	cSC3LandValueModifierMapSprite::~cSC3LandValueModifierMapSprite(void)
000c1ab8	GetColor__30cSC3LandValueModifierMapSpriteUiUiRUi	cSC3LandValueModifierMapSprite::GetColor(unsigned int, unsigned int, unsigned int &)
000c1b64	__25cSC3LandfillZoneDeveloper	cSC3LandfillZoneDeveloper::cSC3LandfillZoneDeveloper(void)
000c29e8	_._25cSC3LandfillZoneDeveloper	cSC3LandfillZoneDeveloper::~cSC3LandfillZoneDeveloper(void)
000c2aac	Init__25cSC3LandfillZoneDeveloperP9cISC3CityPCc	cSC3LandfillZoneDeveloper::Init(cISC3City *, char const *)
000c4f98	Shutdown__25cSC3LandfillZoneDeveloper	cSC3LandfillZoneDeveloper::Shutdown(void)
000c50c8	UpdateCell__25cSC3LandfillZoneDeveloperRC17sIGZPointXZUint32	cSC3LandfillZoneDeveloper::UpdateCell(sIGZPointXZUint32 const &)
000c5980	insertLandfillTile__25cSC3LandfillZoneDeveloperRC17sIGZPointXZUint32R18cTileIdentityArray	cSC3LandfillZoneDeveloper::insertLandfillTile(sIGZPointXZUint32 const &, cTileIdentityArray &)
000c5abc	createTileNeighborhood__25cSC3LandfillZoneDeveloperPP17cTileNeighborhoodRC17sIGZPointXZUint32	cSC3LandfillZoneDeveloper::createTileNeighborhood(cTileNeighborhood **, sIGZPointXZUint32 const &)
000c5ce4	createNewHeap__25cSC3LandfillZoneDeveloperRC17sIGZPointXZUint32	cSC3LandfillZoneDeveloper::createNewHeap(sIGZPointXZUint32 const &)
000c5f50	decay__25cSC3LandfillZoneDeveloperRC17sIGZPointXZUint32	cSC3LandfillZoneDeveloper::decay(sIGZPointXZUint32 const &)
000c6100	findNewDumpPoint__25cSC3LandfillZoneDeveloperRC17sIGZPointXZUint32R17sIGZPointXZUint32	cSC3LandfillZoneDeveloper::findNewDumpPoint(sIGZPointXZUint32 const &, sIGZPointXZUint32 &)
000c6538	fillConnectionMap__25cSC3LandfillZoneDeveloperUiUi	cSC3LandfillZoneDeveloper::fillConnectionMap(unsigned int, unsigned int)
000c6658	isCellActive__25cSC3LandfillZoneDeveloperRC17sIGZPointXZUint32RQ214cISC3ZoneLayer10tDevResult	cSC3LandfillZoneDeveloper::isCellActive(sIGZPointXZUint32 const &, cISC3ZoneLayer::tDevResult &)
000c6a80	AddRef__25cSC3LandfillZoneDeveloper	cSC3LandfillZoneDeveloper::AddRef(void)
000c6aac	Release__25cSC3LandfillZoneDeveloper	cSC3LandfillZoneDeveloper::Release(void)
000c6ad4	SerialRead__25cSC3LandfillZoneDeveloperP9cISC3CityR18cIGZDBSerialRecord	cSC3LandfillZoneDeveloper::SerialRead(cISC3City *, cIGZDBSerialRecord &)
000c6ae0	SerialWrite__C25cSC3LandfillZoneDeveloperP9cISC3CityR18cIGZDBSerialRecord	cSC3LandfillZoneDeveloper::SerialWrite(cISC3City *, cIGZDBSerialRecord &) const
000c6af0	GetLandfillDecayRate__25cSC3LandfillZoneDeveloper	cSC3LandfillZoneDeveloper::GetLandfillDecayRate(void)
000c6b10	QueryInterface__25cSC3LandfillZoneDeveloperUiPPv	cSC3LandfillZoneDeveloper::QueryInterface(unsigned int, void **)
000c6b74	SimulationBegin__25cSC3LandfillZoneDeveloper	cSC3LandfillZoneDeveloper::SimulationBegin(void)
000c6c0c	AddRule__25cSC3LandfillZoneDeveloperP18cISC3DeveloperRule	cSC3LandfillZoneDeveloper::AddRule(cISC3DeveloperRule *)
000c6c18	__lt__FRC17sIGZPointXZUint32T0	operator<(sIGZPointXZUint32 const &, sIGZPointXZUint32 const &)
000c6c4c	createTileIdentity__25cSC3LandfillZoneDeveloperR13cTileIdentityRC17sIGZPointXZUint32P13cISC3Occupant	cSC3LandfillZoneDeveloper::createTileIdentity(cTileIdentity &, sIGZPointXZUint32 const &, cISC3Occupant *)
000c6d38	getAvailableCapacity__25cSC3LandfillZoneDeveloperRC17sIGZPointXZUint32	cSC3LandfillZoneDeveloper::getAvailableCapacity(sIGZPointXZUint32 const &)
000c6d8c	setCellActive__25cSC3LandfillZoneDeveloperRC17sIGZPointXZUint32sb	cSC3LandfillZoneDeveloper::setCellActive(sIGZPointXZUint32 const &, short, bool)
000c6f8c	__22cSC3ResHDDeveloperRule	cSC3ResHDDeveloperRule::cSC3ResHDDeveloperRule(void)
000c8204	_._22cSC3ResHDDeveloperRule	cSC3ResHDDeveloperRule::~cSC3ResHDDeveloperRule(void)
000c8830	RegisterBuildingFamily__22cSC3ResHDDeveloperRuleP19cISC3BuildingFamily	cSC3ResHDDeveloperRule::RegisterBuildingFamily(cISC3BuildingFamily *)
000c8a44	Apply__22cSC3ResHDDeveloperRuleRC14sIGZRectUint32Uiii	cSC3ResHDDeveloperRule::Apply(sIGZRectUint32 const &, unsigned int, int, int)
000c8fd0	AddRef__22cSC3ResHDDeveloperRule	cSC3ResHDDeveloperRule::AddRef(void)
000c8ffc	Release__22cSC3ResHDDeveloperRule	cSC3ResHDDeveloperRule::Release(void)
000c9024	SetTransportLimit__22cSC3ResHDDeveloperRuleUi	cSC3ResHDDeveloperRule::SetTransportLimit(unsigned int)
000c9038	Init__22cSC3ResHDDeveloperRuleP9cISC3City	cSC3ResHDDeveloperRule::Init(cISC3City *)
000c9090	Shutdown__22cSC3ResHDDeveloperRule	cSC3ResHDDeveloperRule::Shutdown(void)
000c90ac	checkFamily__22cSC3ResHDDeveloperRuleRQ222cSC3ResHDDeveloperRule7tFamily	cSC3ResHDDeveloperRule::checkFamily(cSC3ResHDDeveloperRule::tFamily &)
000c90e0	QueryInterface__22cSC3ResHDDeveloperRuleUiPPv	cSC3ResHDDeveloperRule::QueryInterface(unsigned int, void **)
000c926c	__22cSC3ResLDDeveloperRule	cSC3ResLDDeveloperRule::cSC3ResLDDeveloperRule(void)
000ca4e4	_._22cSC3ResLDDeveloperRule	cSC3ResLDDeveloperRule::~cSC3ResLDDeveloperRule(void)
000cab10	RegisterBuildingFamily__22cSC3ResLDDeveloperRuleP19cISC3BuildingFamily	cSC3ResLDDeveloperRule::RegisterBuildingFamily(cISC3BuildingFamily *)
000cad24	Apply__22cSC3ResLDDeveloperRuleRC14sIGZRectUint32Uiii	cSC3ResLDDeveloperRule::Apply(sIGZRectUint32 const &, unsigned int, int, int)
000cb280	AddRef__22cSC3ResLDDeveloperRule	cSC3ResLDDeveloperRule::AddRef(void)
000cb2ac	Release__22cSC3ResLDDeveloperRule	cSC3ResLDDeveloperRule::Release(void)
000cb2d4	SetTransportLimit__22cSC3ResLDDeveloperRuleUi	cSC3ResLDDeveloperRule::SetTransportLimit(unsigned int)
000cb2e8	Init__22cSC3ResLDDeveloperRuleP9cISC3City	cSC3ResLDDeveloperRule::Init(cISC3City *)
000cb340	Shutdown__22cSC3ResLDDeveloperRule	cSC3ResLDDeveloperRule::Shutdown(void)
000cb35c	checkFamily__22cSC3ResLDDeveloperRuleRQ222cSC3ResLDDeveloperRule7tFamily	cSC3ResLDDeveloperRule::checkFamily(cSC3ResLDDeveloperRule::tFamily &)
000cb390	QueryInterface__22cSC3ResLDDeveloperRuleUiPPv	cSC3ResLDDeveloperRule::QueryInterface(unsigned int, void **)
000cb57c	__22cSC3ResMDDeveloperRule	cSC3ResMDDeveloperRule::cSC3ResMDDeveloperRule(void)
000cc7e4	_._22cSC3ResMDDeveloperRule	cSC3ResMDDeveloperRule::~cSC3ResMDDeveloperRule(void)
000cd0e0	RegisterBuildingFamily__22cSC3ResMDDeveloperRuleP19cISC3BuildingFamily	cSC3ResMDDeveloperRule::RegisterBuildingFamily(cISC3BuildingFamily *)
000cd374	Apply__22cSC3ResMDDeveloperRuleRC14sIGZRectUint32Uiii	cSC3ResMDDeveloperRule::Apply(sIGZRectUint32 const &, unsigned int, int, int)
000ce0bc	AddRef__22cSC3ResMDDeveloperRule	cSC3ResMDDeveloperRule::AddRef(void)
000ce0e8	Release__22cSC3ResMDDeveloperRule	cSC3ResMDDeveloperRule::Release(void)
000ce110	SetTransportLimit__22cSC3ResMDDeveloperRuleUi	cSC3ResMDDeveloperRule::SetTransportLimit(unsigned int)
000ce124	Init__22cSC3ResMDDeveloperRuleP9cISC3City	cSC3ResMDDeveloperRule::Init(cISC3City *)
000ce17c	Shutdown__22cSC3ResMDDeveloperRule	cSC3ResMDDeveloperRule::Shutdown(void)
000ce198	checkFamily__22cSC3ResMDDeveloperRuleRQ222cSC3ResMDDeveloperRule7tFamily	cSC3ResMDDeveloperRule::checkFamily(cSC3ResMDDeveloperRule::tFamily &)
000ce1cc	QueryInterface__22cSC3ResMDDeveloperRuleUiPPv	cSC3ResMDDeveloperRule::QueryInterface(unsigned int, void **)
000ce264	__20cSC3ResZoneDeveloper	cSC3ResZoneDeveloper::cSC3ResZoneDeveloper(void)
000d0dc8	_._20cSC3ResZoneDeveloper	cSC3ResZoneDeveloper::~cSC3ResZoneDeveloper(void)
000d0ecc	Init__20cSC3ResZoneDeveloperP9cISC3CityPCc	cSC3ResZoneDeveloper::Init(cISC3City *, char const *)
000d22d4	AddRule__20cSC3ResZoneDeveloperP18cISC3DeveloperRule	cSC3ResZoneDeveloper::AddRule(cISC3DeveloperRule *)
000d2354	AddBuildingType__20cSC3ResZoneDeveloperUiUcUcUc	cSC3ResZoneDeveloper::AddBuildingType(unsigned int, unsigned char, unsigned char, unsigned char)
000d2464	Shutdown__20cSC3ResZoneDeveloper	cSC3ResZoneDeveloper::Shutdown(void)
000d2714	UpdateCell__20cSC3ResZoneDeveloperRC17sIGZPointXZUint32	cSC3ResZoneDeveloper::UpdateCell(sIGZPointXZUint32 const &)
000d31a4	findBestLandUse__20cSC3ResZoneDeveloperUcb	cSC3ResZoneDeveloper::findBestLandUse(unsigned char, bool)
000d3408	growSomething__20cSC3ResZoneDeveloperRC17sIGZPointXZUint32UiUiUi	cSC3ResZoneDeveloper::growSomething(sIGZPointXZUint32 const &, unsigned int, unsigned int, unsigned int)
000d358c	findRicherLandUse__20cSC3ResZoneDeveloperUiUcb	cSC3ResZoneDeveloper::findRicherLandUse(unsigned int, unsigned char, bool)
000d3958	findCheaperLandUse__20cSC3ResZoneDeveloperUiUcb	cSC3ResZoneDeveloper::findCheaperLandUse(unsigned int, unsigned char, bool)
000d3c18	findDenserLandUse__20cSC3ResZoneDeveloperUiUc	cSC3ResZoneDeveloper::findDenserLandUse(unsigned int, unsigned char)
000d3ec8	checkAreaDevRules__20cSC3ResZoneDeveloperRC14sIGZRectUint32Uiii	cSC3ResZoneDeveloper::checkAreaDevRules(sIGZRectUint32 const &, unsigned int, int, int)
000d42e0	getLandUse__20cSC3ResZoneDeveloperUi	cSC3ResZoneDeveloper::getLandUse(unsigned int)
000d4404	AddRef__20cSC3ResZoneDeveloper	cSC3ResZoneDeveloper::AddRef(void)
000d4430	Release__20cSC3ResZoneDeveloper	cSC3ResZoneDeveloper::Release(void)
000d4458	SerialRead__20cSC3ResZoneDeveloperP9cISC3CityR18cIGZDBSerialRecord	cSC3ResZoneDeveloper::SerialRead(cISC3City *, cIGZDBSerialRecord &)
000d4464	SerialWrite__C20cSC3ResZoneDeveloperP9cISC3CityR18cIGZDBSerialRecord	cSC3ResZoneDeveloper::SerialWrite(cISC3City *, cIGZDBSerialRecord &) const
000d4474	QueryInterface__20cSC3ResZoneDeveloperUiPPv	cSC3ResZoneDeveloper::QueryInterface(unsigned int, void **)
000d44c8	SimulationBegin__20cSC3ResZoneDeveloper	cSC3ResZoneDeveloper::SimulationBegin(void)
000d4570	changeBuildingState__20cSC3ResZoneDeveloperP13cISC3BuildingRC17sIGZPointXZUint32Ui	cSC3ResZoneDeveloper::changeBuildingState(cISC3Building *, sIGZPointXZUint32 const &, unsigned int)
000d46b4	__20cSC3ResidentialLayer	cSC3ResidentialLayer::cSC3ResidentialLayer(void)
000d51e4	Init__20cSC3ResidentialLayerP9cISC3City	cSC3ResidentialLayer::Init(cISC3City *)
000d5674	createHistoryObjects__20cSC3ResidentialLayer	cSC3ResidentialLayer::createHistoryObjects(void)
000d6948	Init__20cSC3ResidentialLayerP9cISC3CityP13cISC2Importer	cSC3ResidentialLayer::Init(cISC3City *, cISC2Importer *)
000d6aa0	Init__20cSC3ResidentialLayerP9cISC3CityP13cIGZDBSegment	cSC3ResidentialLayer::Init(cISC3City *, cIGZDBSegment *)
000d7400	Save__20cSC3ResidentialLayerP9cISC3CityP13cIGZDBSegment	cSC3ResidentialLayer::Save(cISC3City *, cIGZDBSegment *)
000d79a0	SimulationBegin__20cSC3ResidentialLayer	cSC3ResidentialLayer::SimulationBegin(void)
000d7a80	updateHistoryObjects__20cSC3ResidentialLayer	cSC3ResidentialLayer::updateHistoryObjects(void)
000d8374	Shutdown__20cSC3ResidentialLayer	cSC3ResidentialLayer::Shutdown(void)
000d85f8	LoadINI__20cSC3ResidentialLayer	cSC3ResidentialLayer::LoadINI(void)
000e2c08	ChanceOfSchoolStrike__20cSC3ResidentialLayer	cSC3ResidentialLayer::ChanceOfSchoolStrike(void)
000e2c98	ChanceOfHealthStrike__20cSC3ResidentialLayer	cSC3ResidentialLayer::ChanceOfHealthStrike(void)
000e2d28	ChanceOfCollegeStrike__20cSC3ResidentialLayer	cSC3ResidentialLayer::ChanceOfCollegeStrike(void)
000e2db8	GetManipulator__20cSC3ResidentialLayerRC18cISC3CityAgentTypePP25cISC3CityLayerManipulatorRi	cSC3ResidentialLayer::GetManipulator(cISC3CityAgentType const &, cISC3CityLayerManipulator **, int &)
000e2e94	EndOfMonth__20cSC3ResidentialLayer	cSC3ResidentialLayer::EndOfMonth(void)
000e45bc	resetDemographics__20cSC3ResidentialLayer	cSC3ResidentialLayer::resetDemographics(void)
000e4760	SetEducationFundingPercentage__20cSC3ResidentialLayerUc	cSC3ResidentialLayer::SetEducationFundingPercentage(unsigned char)
000e48bc	SetHealthFundingPercentage__20cSC3ResidentialLayerUc	cSC3ResidentialLayer::SetHealthFundingPercentage(unsigned char)
000e496c	GetStrikingSchoolBuildings__20cSC3ResidentialLayerPP13cISC3OccupantUiRUi	cSC3ResidentialLayer::GetStrikingSchoolBuildings(cISC3Occupant **, unsigned int, unsigned int &)
000e4a4c	GetStrikingCollegeBuildings__20cSC3ResidentialLayerPP13cISC3OccupantUiRUi	cSC3ResidentialLayer::GetStrikingCollegeBuildings(cISC3Occupant **, unsigned int, unsigned int &)
000e4b2c	GetStrikingHealthBuildings__20cSC3ResidentialLayerPP13cISC3OccupantUiRUi	cSC3ResidentialLayer::GetStrikingHealthBuildings(cISC3Occupant **, unsigned int, unsigned int &)
000e4f5c	occupantChanged__20cSC3ResidentialLayerQ220cSC3ResidentialLayer11tChangeTypeP13cISC3Occupant	cSC3ResidentialLayer::occupantChanged(cSC3ResidentialLayer::tChangeType, cISC3Occupant *)
000e5d24	DoQueryInfo__20cSC3ResidentialLayerR10cGZMessageP11cIGZUnknown	cSC3ResidentialLayer::DoQueryInfo(cGZMessage &, cIGZUnknown *)
000e5e88	_._20cSC3ResidentialLayer	cSC3ResidentialLayer::~cSC3ResidentialLayer(void)
000e6244	SimulationEnd__20cSC3ResidentialLayer	cSC3ResidentialLayer::SimulationEnd(void)
000e6254	AddRef__20cSC3ResidentialLayer	cSC3ResidentialLayer::AddRef(void)
000e6280	Release__20cSC3ResidentialLayer	cSC3ResidentialLayer::Release(void)
000e62a8	GetLayerType__20cSC3ResidentialLayer	cSC3ResidentialLayer::GetLayerType(void)
000e62b4	SchoolIsOnStrike__20cSC3ResidentialLayer	cSC3ResidentialLayer::SchoolIsOnStrike(void)
000e62c4	CollegeIsOnStrike__20cSC3ResidentialLayer	cSC3ResidentialLayer::CollegeIsOnStrike(void)
000e62d4	HealthIsOnStrike__20cSC3ResidentialLayer	cSC3ResidentialLayer::HealthIsOnStrike(void)
000e62e4	GetHealthSystemRating__20cSC3ResidentialLayer	cSC3ResidentialLayer::GetHealthSystemRating(void)
000e62f8	GetSchoolSystemRating__20cSC3ResidentialLayer	cSC3ResidentialLayer::GetSchoolSystemRating(void)
000e630c	GetCollegeSystemRating__20cSC3ResidentialLayer	cSC3ResidentialLayer::GetCollegeSystemRating(void)
000e6320	GetPatientCount__20cSC3ResidentialLayer	cSC3ResidentialLayer::GetPatientCount(void)
000e6330	GetDoctorCount__20cSC3ResidentialLayer	cSC3ResidentialLayer::GetDoctorCount(void)
000e6340	GetSchoolStudentCount__20cSC3ResidentialLayer	cSC3ResidentialLayer::GetSchoolStudentCount(void)
000e6350	GetTeacherCount__20cSC3ResidentialLayer	cSC3ResidentialLayer::GetTeacherCount(void)
000e6360	GetCollegeStudentCount__20cSC3ResidentialLayer	cSC3ResidentialLayer::GetCollegeStudentCount(void)
000e6370	GetProfessorCount__20cSC3ResidentialLayer	cSC3ResidentialLayer::GetProfessorCount(void)
000e6380	GetHealthSystemCapacity__20cSC3ResidentialLayer	cSC3ResidentialLayer::GetHealthSystemCapacity(void)
000e6390	GetSchoolSystemCapacity__20cSC3ResidentialLayer	cSC3ResidentialLayer::GetSchoolSystemCapacity(void)
000e63a0	GetCollegeSystemCapacity__20cSC3ResidentialLayer	cSC3ResidentialLayer::GetCollegeSystemCapacity(void)
000e63b0	GetLibrarySystemCapacity__20cSC3ResidentialLayer	cSC3ResidentialLayer::GetLibrarySystemCapacity(void)
000e63c0	GetMuseumSystemCapacity__20cSC3ResidentialLayer	cSC3ResidentialLayer::GetMuseumSystemCapacity(void)
000e63d4	GetDevelopmentCap__20cSC3ResidentialLayer	cSC3ResidentialLayer::GetDevelopmentCap(void)
000e6404	GetTotalCityEducationUpkeep__20cSC3ResidentialLayer	cSC3ResidentialLayer::GetTotalCityEducationUpkeep(void)
000e6414	GetTotalCityHealthUpkeep__20cSC3ResidentialLayer	cSC3ResidentialLayer::GetTotalCityHealthUpkeep(void)
000e6424	OccupantMoved__20cSC3ResidentialLayerUiP13cISC3OccupantRC13cSC3CityCoord	cSC3ResidentialLayer::OccupantMoved(unsigned int, cISC3Occupant *, cSC3CityCoord const &)
000e6430	CellChangedAll__20cSC3ResidentialLayerUi	cSC3ResidentialLayer::CellChangedAll(unsigned int)
000e643c	CellChanged__20cSC3ResidentialLayerUiUiUi	cSC3ResidentialLayer::CellChanged(unsigned int, unsigned int, unsigned int)
000e6448	CellChanged__20cSC3ResidentialLayerUiUiUiUiUi	cSC3ResidentialLayer::CellChanged(unsigned int, unsigned int, unsigned int, unsigned int, unsigned int)
000e6458	__22cSC3ResAreaManipulator	cSC3ResAreaManipulator::cSC3ResAreaManipulator(void)
000e64ac	_._22cSC3ResAreaManipulator	cSC3ResAreaManipulator::~cSC3ResAreaManipulator(void)
000e6510	IsLockingCity__22cSC3ResAreaManipulator	cSC3ResAreaManipulator::IsLockingCity(void)
000e6520	AddRef__22cSC3ResAreaManipulator	cSC3ResAreaManipulator::AddRef(void)
000e654c	Release__22cSC3ResAreaManipulator	cSC3ResAreaManipulator::Release(void)
000e6578	_._20cSC3ResidentialValve	cSC3ResidentialValve::~cSC3ResidentialValve(void)
000e65dc	StaticInit__20cSC3ResidentialLayerP19cISC3CityDefinition	cSC3ResidentialLayer::StaticInit(cISC3CityDefinition *)
000e6604	StaticShutdown__20cSC3ResidentialLayer	cSC3ResidentialLayer::StaticShutdown(void)
000e6614	EndSchoolStrike__20cSC3ResidentialLayer	cSC3ResidentialLayer::EndSchoolStrike(void)
000e6680	EndCollegeStrike__20cSC3ResidentialLayer	cSC3ResidentialLayer::EndCollegeStrike(void)
000e66ec	EndHealthStrike__20cSC3ResidentialLayer	cSC3ResidentialLayer::EndHealthStrike(void)
000e6758	QueryInterface__20cSC3ResidentialLayerUiPPv	cSC3ResidentialLayer::QueryInterface(unsigned int, void **)
000e67d4	GetPopulation__20cSC3ResidentialLayer	cSC3ResidentialLayer::GetPopulation(void)
000e6810	GetWorkforcePopPct__20cSC3ResidentialLayer	cSC3ResidentialLayer::GetWorkforcePopPct(void)
000e6840	GetAgeCohortPopPct__20cSC3ResidentialLayerUcUc	cSC3ResidentialLayer::GetAgeCohortPopPct(unsigned char, unsigned char)
000e6888	GetWorkforceEQ__20cSC3ResidentialLayer	cSC3ResidentialLayer::GetWorkforceEQ(void)
000e68c0	GetAgeCohortEQ__20cSC3ResidentialLayerUcUc	cSC3ResidentialLayer::GetAgeCohortEQ(unsigned char, unsigned char)
000e6980	GetWorkforceLE__20cSC3ResidentialLayer	cSC3ResidentialLayer::GetWorkforceLE(void)
000e69b8	GetAgeCohortLE__20cSC3ResidentialLayerUcUc	cSC3ResidentialLayer::GetAgeCohortLE(unsigned char, unsigned char)
000e6a80	OccupantInserted__20cSC3ResidentialLayerUiP13cISC3Occupant	cSC3ResidentialLayer::OccupantInserted(unsigned int, cISC3Occupant *)
000e6ab0	OccupantRemoved__20cSC3ResidentialLayerUiP13cISC3Occupant	cSC3ResidentialLayer::OccupantRemoved(unsigned int, cISC3Occupant *)
000e6adc	OccupantChanged__20cSC3ResidentialLayerUiP13cISC3OccupantiPv	cSC3ResidentialLayer::OccupantChanged(unsigned int, cISC3Occupant *, int, void *)
000e6ae8	DoMessage__20cSC3ResidentialLayerR10cGZMessage	cSC3ResidentialLayer::DoMessage(cGZMessage &)
000e6af4	DebugClassTag__20cSC3ResidentialLayerR10cIGZString	cSC3ResidentialLayer::DebugClassTag(cIGZString &)
000e6b00	DebugTypeTag__20cSC3ResidentialLayerR10cIGZString	cSC3ResidentialLayer::DebugTypeTag(cIGZString &)
000e6b10	on_window_create__20cSC3ResidentialLayerR10cGZMessageP11cIGZUnknown	cSC3ResidentialLayer::on_window_create(cGZMessage &, cIGZUnknown *)
000e6bf4	Init__22cSC3ResAreaManipulatorP20cSC3ResidentialLayer	cSC3ResAreaManipulator::Init(cSC3ResidentialLayer *)
000e6c28	Shutdown__22cSC3ResAreaManipulator	cSC3ResAreaManipulator::Shutdown(void)
000e6c64	Apply__22cSC3ResAreaManipulatorR14cISC3CityAgent	cSC3ResAreaManipulator::Apply(cISC3CityAgent &)
000e6c94	QueryInterface__22cSC3ResAreaManipulatorUiPPv	cSC3ResAreaManipulator::QueryInterface(unsigned int, void **)
000e6cec	DebugInstanceTag__22cSC3ResAreaManipulatorR10cIGZString	cSC3ResAreaManipulator::DebugInstanceTag(cIGZString &)
000e6cf8	DebugClassTag__22cSC3ResAreaManipulatorR10cIGZString	cSC3ResAreaManipulator::DebugClassTag(cIGZString &)
000e6d04	DebugTypeTag__22cSC3ResAreaManipulatorR10cIGZString	cSC3ResAreaManipulator::DebugTypeTag(cIGZString &)
000e6d14	__20cSC3ResidentialValve	cSC3ResidentialValve::cSC3ResidentialValve(void)
000e6d60	Init__20cSC3ResidentialValveP9cISC3CityUiP14cISC3CityLayer	cSC3ResidentialValve::Init(cISC3City *, unsigned int, cISC3CityLayer *)
000e6e70	Shutdown__20cSC3ResidentialValve	cSC3ResidentialValve::Shutdown(void)
000e6ee8	SimulationBegin__20cSC3ResidentialValve	cSC3ResidentialValve::SimulationBegin(void)
000e6f40	SerialRead__20cSC3ResidentialValveP9cISC3CityR18cIGZDBSerialRecord	cSC3ResidentialValve::SerialRead(cISC3City *, cIGZDBSerialRecord &)
000e6f74	SerialWrite__C20cSC3ResidentialValveP9cISC3CityR18cIGZDBSerialRecord	cSC3ResidentialValve::SerialWrite(cISC3City *, cIGZDBSerialRecord &) const
000e6fa8	EndOfMonth__20cSC3ResidentialValve	cSC3ResidentialValve::EndOfMonth(void)
000e6fd4	AddToSupplyValue__20cSC3ResidentialValvei	cSC3ResidentialValve::AddToSupplyValue(int)
000e7050	AddToDemandValue__20cSC3ResidentialValvei	cSC3ResidentialValve::AddToDemandValue(int)
000e744c	__25cSC3RowHouseDeveloperRule	cSC3RowHouseDeveloperRule::cSC3RowHouseDeveloperRule(void)
000e75e0	_._25cSC3RowHouseDeveloperRule	cSC3RowHouseDeveloperRule::~cSC3RowHouseDeveloperRule(void)
000e9034	RegisterBuildingFamily__25cSC3RowHouseDeveloperRuleP19cISC3BuildingFamily	cSC3RowHouseDeveloperRule::RegisterBuildingFamily(cISC3BuildingFamily *)
000e93d4	checkFamily__25cSC3RowHouseDeveloperRuleRQ225cSC3RowHouseDeveloperRule7tFamily	cSC3RowHouseDeveloperRule::checkFamily(cSC3RowHouseDeveloperRule::tFamily &)
000e9584	Apply__25cSC3RowHouseDeveloperRuleRC14sIGZRectUint32Uiii	cSC3RowHouseDeveloperRule::Apply(sIGZRectUint32 const &, unsigned int, int, int)
000e9db0	AddRef__25cSC3RowHouseDeveloperRule	cSC3RowHouseDeveloperRule::AddRef(void)
000e9ddc	Release__25cSC3RowHouseDeveloperRule	cSC3RowHouseDeveloperRule::Release(void)
000e9e04	SetTransportLimit__25cSC3RowHouseDeveloperRuleUi	cSC3RowHouseDeveloperRule::SetTransportLimit(unsigned int)
000e9e18	Init__25cSC3RowHouseDeveloperRuleP9cISC3City	cSC3RowHouseDeveloperRule::Init(cISC3City *)
000e9e70	Shutdown__25cSC3RowHouseDeveloperRule	cSC3RowHouseDeveloperRule::Shutdown(void)
000e9e90	QueryInterface__25cSC3RowHouseDeveloperRuleUiPPv	cSC3RowHouseDeveloperRule::QueryInterface(unsigned int, void **)
000e9fbc	__23cSC3RunwayDeveloperRule	cSC3RunwayDeveloperRule::cSC3RunwayDeveloperRule(void)
000ea150	_._23cSC3RunwayDeveloperRule	cSC3RunwayDeveloperRule::~cSC3RunwayDeveloperRule(void)
000ea4e4	RegisterBuildingFamily__23cSC3RunwayDeveloperRuleP19cISC3BuildingFamily	cSC3RunwayDeveloperRule::RegisterBuildingFamily(cISC3BuildingFamily *)
000ea810	isUsable__23cSC3RunwayDeveloperRuleRQ223cSC3RunwayDeveloperRule7tFamily	cSC3RunwayDeveloperRule::isUsable(cSC3RunwayDeveloperRule::tFamily &)
000ea9d0	Apply__23cSC3RunwayDeveloperRuleRC14sIGZRectUint32Uiii	cSC3RunwayDeveloperRule::Apply(sIGZRectUint32 const &, unsigned int, int, int)
000eac54	findWeight__23cSC3RunwayDeveloperRuleRiRC14sIGZRectUint32Ui	cSC3RunwayDeveloperRule::findWeight(int &, sIGZRectUint32 const &, unsigned int)
000ead9c	buildRunway__23cSC3RunwayDeveloperRuleUiiRC14sIGZRectUint32	cSC3RunwayDeveloperRule::buildRunway(unsigned int, int, sIGZRectUint32 const &)
000eb5c8	AddRef__23cSC3RunwayDeveloperRule	cSC3RunwayDeveloperRule::AddRef(void)
000eb5f4	Release__23cSC3RunwayDeveloperRule	cSC3RunwayDeveloperRule::Release(void)
000eb61c	SetTransportLimit__23cSC3RunwayDeveloperRuleUi	cSC3RunwayDeveloperRule::SetTransportLimit(unsigned int)
000eb630	Init__23cSC3RunwayDeveloperRuleP9cISC3City	cSC3RunwayDeveloperRule::Init(cISC3City *)
000eb6e4	Shutdown__23cSC3RunwayDeveloperRule	cSC3RunwayDeveloperRule::Shutdown(void)
000eb730	QueryInterface__23cSC3RunwayDeveloperRuleUiPPv	cSC3RunwayDeveloperRule::QueryInterface(unsigned int, void **)
000eb8bc	__28cSC3SeaportYardDeveloperRule	cSC3SeaportYardDeveloperRule::cSC3SeaportYardDeveloperRule(void)
000ecb44	_._28cSC3SeaportYardDeveloperRule	cSC3SeaportYardDeveloperRule::~cSC3SeaportYardDeveloperRule(void)
000ecc30	Init__28cSC3SeaportYardDeveloperRuleP9cISC3City	cSC3SeaportYardDeveloperRule::Init(cISC3City *)
000ed260	RegisterBuildingFamily__28cSC3SeaportYardDeveloperRuleP19cISC3BuildingFamily	cSC3SeaportYardDeveloperRule::RegisterBuildingFamily(cISC3BuildingFamily *)
000ed474	Apply__28cSC3SeaportYardDeveloperRuleRC14sIGZRectUint32Uiii	cSC3SeaportYardDeveloperRule::Apply(sIGZRectUint32 const &, unsigned int, int, int)
000ed8d8	AddRef__28cSC3SeaportYardDeveloperRule	cSC3SeaportYardDeveloperRule::AddRef(void)
000ed904	Release__28cSC3SeaportYardDeveloperRule	cSC3SeaportYardDeveloperRule::Release(void)
000ed92c	SetTransportLimit__28cSC3SeaportYardDeveloperRuleUi	cSC3SeaportYardDeveloperRule::SetTransportLimit(unsigned int)
000ed940	Shutdown__28cSC3SeaportYardDeveloperRule	cSC3SeaportYardDeveloperRule::Shutdown(void)
000ed988	checkFamily__28cSC3SeaportYardDeveloperRuleRQ228cSC3SeaportYardDeveloperRule7tFamily	cSC3SeaportYardDeveloperRule::checkFamily(cSC3SeaportYardDeveloperRule::tFamily &)
000ed9bc	QueryInterface__28cSC3SeaportYardDeveloperRuleUiPPv	cSC3SeaportYardDeveloperRule::QueryInterface(unsigned int, void **)
000eda44	__24cSC3SeaportZoneDeveloper	cSC3SeaportZoneDeveloper::cSC3SeaportZoneDeveloper(void)
000edbe0	_._24cSC3SeaportZoneDeveloper	cSC3SeaportZoneDeveloper::~cSC3SeaportZoneDeveloper(void)
000edcb0	Init__24cSC3SeaportZoneDeveloperP9cISC3CityPCc	cSC3SeaportZoneDeveloper::Init(cISC3City *, char const *)
000edec4	AddRule__24cSC3SeaportZoneDeveloperP18cISC3DeveloperRule	cSC3SeaportZoneDeveloper::AddRule(cISC3DeveloperRule *)
000edf3c	Shutdown__24cSC3SeaportZoneDeveloper	cSC3SeaportZoneDeveloper::Shutdown(void)
000ee048	UpdateCell__24cSC3SeaportZoneDeveloperRC17sIGZPointXZUint32	cSC3SeaportZoneDeveloper::UpdateCell(sIGZPointXZUint32 const &)
000ee40c	checkAreaDevRules__24cSC3SeaportZoneDeveloperRC14sIGZRectUint32	cSC3SeaportZoneDeveloper::checkAreaDevRules(sIGZRectUint32 const &)
000ee880	AddRef__24cSC3SeaportZoneDeveloper	cSC3SeaportZoneDeveloper::AddRef(void)
000ee8ac	Release__24cSC3SeaportZoneDeveloper	cSC3SeaportZoneDeveloper::Release(void)
000ee8d4	SerialRead__24cSC3SeaportZoneDeveloperP9cISC3CityR18cIGZDBSerialRecord	cSC3SeaportZoneDeveloper::SerialRead(cISC3City *, cIGZDBSerialRecord &)
000ee8e0	SerialWrite__C24cSC3SeaportZoneDeveloperP9cISC3CityR18cIGZDBSerialRecord	cSC3SeaportZoneDeveloper::SerialWrite(cISC3City *, cIGZDBSerialRecord &) const
000ee8f0	QueryInterface__24cSC3SeaportZoneDeveloperUiPPv	cSC3SeaportZoneDeveloper::QueryInterface(unsigned int, void **)
000ee944	SimulationBegin__24cSC3SeaportZoneDeveloper	cSC3SeaportZoneDeveloper::SimulationBegin(void)
000ee9d8	changeBuildingState__24cSC3SeaportZoneDeveloperP13cISC3BuildingRC17sIGZPointXZUint32Ui	cSC3SeaportZoneDeveloper::changeBuildingState(cISC3Building *, sIGZPointXZUint32 const &, unsigned int)
000eed8c	__24cSC3SeawallDeveloperRule	cSC3SeawallDeveloperRule::cSC3SeawallDeveloperRule(void)
000eef20	_._24cSC3SeawallDeveloperRule	cSC3SeawallDeveloperRule::~cSC3SeawallDeveloperRule(void)
000ef000	Init__24cSC3SeawallDeveloperRuleP9cISC3City	cSC3SeawallDeveloperRule::Init(cISC3City *)
000f0134	RegisterBuildingFamily__24cSC3SeawallDeveloperRuleP19cISC3BuildingFamily	cSC3SeawallDeveloperRule::RegisterBuildingFamily(cISC3BuildingFamily *)
000f055c	isUsable__24cSC3SeawallDeveloperRuleRQ224cSC3SeawallDeveloperRule7tFamily	cSC3SeawallDeveloperRule::isUsable(cSC3SeawallDeveloperRule::tFamily &)
000f05d0	Apply__24cSC3SeawallDeveloperRuleRC14sIGZRectUint32Uiii	cSC3SeawallDeveloperRule::Apply(sIGZRectUint32 const &, unsigned int, int, int)
000f11c4	AddRef__24cSC3SeawallDeveloperRule	cSC3SeawallDeveloperRule::AddRef(void)
000f11f0	Release__24cSC3SeawallDeveloperRule	cSC3SeawallDeveloperRule::Release(void)
000f1218	SetTransportLimit__24cSC3SeawallDeveloperRuleUi	cSC3SeawallDeveloperRule::SetTransportLimit(unsigned int)
000f122c	Shutdown__24cSC3SeawallDeveloperRule	cSC3SeawallDeveloperRule::Shutdown(void)
000f1280	QueryInterface__24cSC3SeawallDeveloperRuleUiPPv	cSC3SeawallDeveloperRule::QueryInterface(unsigned int, void **)
000f1304	__14cSC3ValveLayer	cSC3ValveLayer::cSC3ValveLayer(void)
000f1610	StaticInit__14cSC3ValveLayerP19cISC3CityDefinition	cSC3ValveLayer::StaticInit(cISC3CityDefinition *)
000f21c8	AddToOrdEffectMap__14cSC3ValveLayerRC9cRZStringT1Pv	cSC3ValveLayer::AddToOrdEffectMap(cRZString const &, cRZString const &, void *)
000f39b8	AddToAgentEffectMap__14cSC3ValveLayerRC9cRZStringT1Pv	cSC3ValveLayer::AddToAgentEffectMap(cRZString const &, cRZString const &, void *)
000f5258	StaticShutdown__14cSC3ValveLayer	cSC3ValveLayer::StaticShutdown(void)
000f52fc	Init__14cSC3ValveLayerP9cISC3City	cSC3ValveLayer::Init(cISC3City *)
000f5534	Init__14cSC3ValveLayerP9cISC3CityP13cIGZDBSegment	cSC3ValveLayer::Init(cISC3City *, cIGZDBSegment *)
000f5a98	Save__14cSC3ValveLayerP9cISC3CityP13cIGZDBSegment	cSC3ValveLayer::Save(cISC3City *, cIGZDBSegment *)
000f5c70	SimulationBegin__14cSC3ValveLayer	cSC3ValveLayer::SimulationBegin(void)
000f5d14	Shutdown__14cSC3ValveLayer	cSC3ValveLayer::Shutdown(void)
000f6760	CreateNewValve__14cSC3ValveLayerUiUiPPv	cSC3ValveLayer::CreateNewValve(unsigned int, unsigned int, void **)
000f68b0	AddValveToLayer__14cSC3ValveLayerP10cISC3Valve	cSC3ValveLayer::AddValveToLayer(cISC3Valve *)
000f69dc	GetAgentSupplyEffect__14cSC3ValveLayerUiUi	cSC3ValveLayer::GetAgentSupplyEffect(unsigned int, unsigned int)
000f6a64	GetAgentDemandEffect__14cSC3ValveLayerUiUi	cSC3ValveLayer::GetAgentDemandEffect(unsigned int, unsigned int)
000f6af4	EndOfMonth__14cSC3ValveLayer	cSC3ValveLayer::EndOfMonth(void)
000f7094	GetManipulator__14cSC3ValveLayerRC18cISC3CityAgentTypePP25cISC3CityLayerManipulatorRi	cSC3ValveLayer::GetManipulator(cISC3CityAgentType const &, cISC3CityLayerManipulator **, int &)
000f72c4	__20cSC3ValveManipulator	cSC3ValveManipulator::cSC3ValveManipulator(void)
000f73f0	Shutdown__20cSC3ValveManipulator	cSC3ValveManipulator::Shutdown(void)
000f74ac	SetID__20cSC3ValveManipulatorUi	cSC3ValveManipulator::SetID(unsigned int)
000f768c	Apply__20cSC3ValveManipulatorR14cISC3CityAgent	cSC3ValveManipulator::Apply(cISC3CityAgent &)
000f7e2c	_._14cSC3ValveLayer	cSC3ValveLayer::~cSC3ValveLayer(void)
000f7ea0	SimulationEnd__14cSC3ValveLayer	cSC3ValveLayer::SimulationEnd(void)
000f7eac	DoMessage__14cSC3ValveLayerR10cGZMessage	cSC3ValveLayer::DoMessage(cGZMessage &)
000f7eb8	GetLayerType__14cSC3ValveLayer	cSC3ValveLayer::GetLayerType(void)
000f7ec4	GetTaxableResidentialDensity__14cSC3ValveLayer	cSC3ValveLayer::GetTaxableResidentialDensity(void)
000f7ed4	GetTaxableCommercialDensity__14cSC3ValveLayer	cSC3ValveLayer::GetTaxableCommercialDensity(void)
000f7ee4	GetTaxableIndustrialDensity__14cSC3ValveLayer	cSC3ValveLayer::GetTaxableIndustrialDensity(void)
000f7ef4	IsLockingCity__24cSC3ValveAreaManipulator	cSC3ValveAreaManipulator::IsLockingCity(void)
000f7f04	_._20cSC3ValveManipulator	cSC3ValveManipulator::~cSC3ValveManipulator(void)
000f7f8c	IsLockingCity__20cSC3ValveManipulator	cSC3ValveManipulator::IsLockingCity(void)
000f7f98	DebugSetValve__14cSC3ValveLayerP10cIGZStringN21	cSC3ValveLayer::DebugSetValve(cIGZString *, cIGZString *, cIGZString *)
000f7fa4	GetDensity__14cSC3ValveLayerUiUiRUc	cSC3ValveLayer::GetDensity(unsigned int, unsigned int, unsigned char &)
000f7fdc	Init__14cSC3ValveLayerP9cISC3CityP13cISC2Importer	cSC3ValveLayer::Init(cISC3City *, cISC2Importer *)
000f7fec	GetValvePointer__14cSC3ValveLayerUiUiPPv	cSC3ValveLayer::GetValvePointer(unsigned int, unsigned int, void **)
000f8050	QueryInterface__14cSC3ValveLayerUiPPv	cSC3ValveLayer::QueryInterface(unsigned int, void **)
000f8104	AddRef__14cSC3ValveLayer	cSC3ValveLayer::AddRef(void)
000f8140	Release__14cSC3ValveLayer	cSC3ValveLayer::Release(void)
000f819c	DebugClassTag__14cSC3ValveLayerR10cIGZString	cSC3ValveLayer::DebugClassTag(cIGZString &)
000f81a8	DebugTypeTag__14cSC3ValveLayerR10cIGZString	cSC3ValveLayer::DebugTypeTag(cIGZString &)
000f81b8	Init__24cSC3ValveAreaManipulatorP14cSC3ValveLayer	cSC3ValveAreaManipulator::Init(cSC3ValveLayer *)
000f81f4	Shutdown__24cSC3ValveAreaManipulator	cSC3ValveAreaManipulator::Shutdown(void)
000f8234	Apply__24cSC3ValveAreaManipulatorR14cISC3CityAgent	cSC3ValveAreaManipulator::Apply(cISC3CityAgent &)
000f8264	QueryInterface__24cSC3ValveAreaManipulatorUiPPv	cSC3ValveAreaManipulator::QueryInterface(unsigned int, void **)
000f82c0	AddRef__24cSC3ValveAreaManipulator	cSC3ValveAreaManipulator::AddRef(void)
000f82fc	Release__24cSC3ValveAreaManipulator	cSC3ValveAreaManipulator::Release(void)
000f8358	DebugInstanceTag__24cSC3ValveAreaManipulatorR10cIGZString	cSC3ValveAreaManipulator::DebugInstanceTag(cIGZString &)
000f8364	DebugClassTag__24cSC3ValveAreaManipulatorR10cIGZString	cSC3ValveAreaManipulator::DebugClassTag(cIGZString &)
000f8370	DebugTypeTag__24cSC3ValveAreaManipulatorR10cIGZString	cSC3ValveAreaManipulator::DebugTypeTag(cIGZString &)
000f8380	__24cSC3ValveAreaManipulator	cSC3ValveAreaManipulator::cSC3ValveAreaManipulator(void)
000f83c4	_._24cSC3ValveAreaManipulator	cSC3ValveAreaManipulator::~cSC3ValveAreaManipulator(void)
000f83fc	Init__20cSC3ValveManipulatorP14cSC3ValveLayer	cSC3ValveManipulator::Init(cSC3ValveLayer *)
000f8458	QueryInterface__20cSC3ValveManipulatorUiPPv	cSC3ValveManipulator::QueryInterface(unsigned int, void **)
000f84b4	AddRef__20cSC3ValveManipulator	cSC3ValveManipulator::AddRef(void)
000f84f0	Release__20cSC3ValveManipulator	cSC3ValveManipulator::Release(void)
000f854c	DebugInstanceTag__20cSC3ValveManipulatorR10cIGZString	cSC3ValveManipulator::DebugInstanceTag(cIGZString &)
000f8558	DebugClassTag__20cSC3ValveManipulatorR10cIGZString	cSC3ValveManipulator::DebugClassTag(cIGZString &)
000f8564	DebugTypeTag__20cSC3ValveManipulatorR10cIGZString	cSC3ValveManipulator::DebugTypeTag(cIGZString &)
000f85d4	on_window_create__14cSC3ValveLayerR10cGZMessageP11cIGZUnknown	cSC3ValveLayer::on_window_create(cGZMessage &, cIGZUnknown *)
000f87f4	__20cSC3DensityMapSpriteP9cISC3CityP14cSC3ValveLayer	cSC3DensityMapSprite::cSC3DensityMapSprite(cISC3City *, cSC3ValveLayer *)
000f8900	DoQueryInfo__14cSC3ValveLayerR10cGZMessageP11cIGZUnknown	cSC3ValveLayer::DoQueryInfo(cGZMessage &, cIGZUnknown *)
000f8938	DoQueryViews__14cSC3ValveLayerR10cGZMessageP13cISC3WinQuery	cSC3ValveLayer::DoQueryViews(cGZMessage &, cISC3WinQuery *)
000f8944	DoStandardQueryViewInfo__14cSC3ValveLayerR10cGZMessageP21cISC3WinQueryListView	cSC3ValveLayer::DoStandardQueryViewInfo(cGZMessage &, cISC3WinQueryListView *)
000f8950	DoDebugQueryViewInfo__14cSC3ValveLayerR10cGZMessageP21cISC3WinQueryListView	cSC3ValveLayer::DoDebugQueryViewInfo(cGZMessage &, cISC3WinQueryListView *)
000f895c	GetInfoStringCount__14cSC3ValveLayer	cSC3ValveLayer::GetInfoStringCount(void)
000f8968	GetInfoStrings__14cSC3ValveLayerUiUiR10cIGZStringT3Ui	cSC3ValveLayer::GetInfoStrings(unsigned int, unsigned int, cIGZString &, cIGZString &, unsigned int)
000f8974	GetDebugInfoStringCount__14cSC3ValveLayer	cSC3ValveLayer::GetDebugInfoStringCount(void)
000f8980	GetDebugInfoStrings__14cSC3ValveLayerUiUiR10cIGZStringT3Ui	cSC3ValveLayer::GetDebugInfoStrings(unsigned int, unsigned int, cIGZString &, cIGZString &, unsigned int)
000f898c	IsReady__20cSC3DensityMapSprite	cSC3DensityMapSprite::IsReady(void)
000f89a0	CreateMapSprite__14cSC3ValveLayerUiUiPPv	cSC3ValveLayer::CreateMapSprite(unsigned int, unsigned int, void **)
000f8a70	_._20cSC3DensityMapSprite	cSC3DensityMapSprite::~cSC3DensityMapSprite(void)
000f8ae0	GetColor__20cSC3DensityMapSpriteUiUiRUi	cSC3DensityMapSprite::GetColor(unsigned int, unsigned int, unsigned int &)
000f8bd4	CreateDeveloper__13cSC3ZoneLayerRC9cRZStringT1Pv	cSC3ZoneLayer::CreateDeveloper(cRZString const &, cRZString const &, void *)
000f8fa4	CreateDeveloperRule__13cSC3ZoneLayerRC9cRZStringT1Pv	cSC3ZoneLayer::CreateDeveloperRule(cRZString const &, cRZString const &, void *)
000fa64c	__13cSC3ZoneLayer	cSC3ZoneLayer::cSC3ZoneLayer(void)
000fad14	_._13cSC3ZoneLayer	cSC3ZoneLayer::~cSC3ZoneLayer(void)
000fae58	Init__13cSC3ZoneLayerP9cISC3City	cSC3ZoneLayer::Init(cISC3City *)
000fb8f4	Init__13cSC3ZoneLayerP9cISC3CityP13cIGZDBSegment	cSC3ZoneLayer::Init(cISC3City *, cIGZDBSegment *)
000fc26c	Save__13cSC3ZoneLayerP9cISC3CityP13cIGZDBSegment	cSC3ZoneLayer::Save(cISC3City *, cIGZDBSegment *)
000fc8d8	QueryInterface__13cSC3ZoneLayerUiPPv	cSC3ZoneLayer::QueryInterface(unsigned int, void **)
000fca48	ReadZoneDeveloperDescriptions__13cSC3ZoneLayerb	cSC3ZoneLayer::ReadZoneDeveloperDescriptions(bool)
000fd2c8	Shutdown__13cSC3ZoneLayer	cSC3ZoneLayer::Shutdown(void)
000fd4f0	SimulationBegin__13cSC3ZoneLayer	cSC3ZoneLayer::SimulationBegin(void)
000fd7a4	GetDevelopmentFailureCount__13cSC3ZoneLayerUcQ214cISC3ZoneLayer10tDevResult	cSC3ZoneLayer::GetDevelopmentFailureCount(unsigned char, cISC3ZoneLayer::tDevResult)
000fd87c	occupantChanged__13cSC3ZoneLayerQ213cSC3ZoneLayer11tChangeTypeP13cISC3Occupant	cSC3ZoneLayer::occupantChanged(cSC3ZoneLayer::tChangeType, cISC3Occupant *)
000fda88	PlaceBuilding__13cSC3ZoneLayerP19cISC3BuildingAttribRC17sIGZPointXZUint32Q218cISC3BuildingLayer19tOccupancyStateFlagUsb	cSC3ZoneLayer::PlaceBuilding(cISC3BuildingAttrib *, sIGZPointXZUint32 const &, cISC3BuildingLayer::tOccupancyStateFlag, unsigned short, bool)
000fdeac	IsNearTransport__13cSC3ZoneLayerRC17sIGZPointXZUint32Ui	cSC3ZoneLayer::IsNearTransport(sIGZPointXZUint32 const &, unsigned int)
000fdff0	GetRoadCount__13cSC3ZoneLayerRC17sIGZPointXZUint32T1	cSC3ZoneLayer::GetRoadCount(sIGZPointXZUint32 const &, sIGZPointXZUint32 const &)
000fe190	checkEverything__13cSC3ZoneLayerRUcR17sIGZPointXZUint32UcUiUcUib	cSC3ZoneLayer::checkEverything(unsigned char &, sIGZPointXZUint32 &, unsigned char, unsigned int, unsigned char, unsigned int, bool)
000fe498	widenRect__13cSC3ZoneLayerR14sIGZRectUint32UcUiUcUib	cSC3ZoneLayer::widenRect(sIGZRectUint32 &, unsigned char, unsigned int, unsigned char, unsigned int, bool)
000fe618	heightenRect__13cSC3ZoneLayerR14sIGZRectUint32UcUiUcUib	cSC3ZoneLayer::heightenRect(sIGZRectUint32 &, unsigned char, unsigned int, unsigned char, unsigned int, bool)
000fe788	GetFilledDemand__13cSC3ZoneLayerUi	cSC3ZoneLayer::GetFilledDemand(unsigned int)
000fe828	AddToFilledDemand__13cSC3ZoneLayerUii	cSC3ZoneLayer::AddToFilledDemand(unsigned int, int)
000fe8cc	doDailySim__13cSC3ZoneLayer	cSC3ZoneLayer::doDailySim(void)
000ff1c0	AddRef__13cSC3ZoneLayer	cSC3ZoneLayer::AddRef(void)
000ff1fc	Release__13cSC3ZoneLayer	cSC3ZoneLayer::Release(void)
000ff258	DebugInstanceTag__13cSC3ZoneLayerR10cIGZString	cSC3ZoneLayer::DebugInstanceTag(cIGZString &)
000ff264	GetUndevelopedTileCount__13cSC3ZoneLayer	cSC3ZoneLayer::GetUndevelopedTileCount(void)
000ff274	GetAbandonedTileCount__13cSC3ZoneLayer	cSC3ZoneLayer::GetAbandonedTileCount(void)
000ff284	NerdsRule__13cSC3ZoneLayer	cSC3ZoneLayer::NerdsRule(void)
000ff294	GetLayerType__13cSC3ZoneLayer	cSC3ZoneLayer::GetLayerType(void)
000ff2a0	TypeId__C13cSC3ZoneLayer	cSC3ZoneLayer::TypeId(void) const
000ff2ac	AgentType__13cSC3ZoneLayer	cSC3ZoneLayer::AgentType(void)
000ff2b8	SetAgentType__13cSC3ZoneLayerP18cISC3CityAgentType	cSC3ZoneLayer::SetAgentType(cISC3CityAgentType *)
000ff2c4	IsAgentLocking__13cSC3ZoneLayer	cSC3ZoneLayer::IsAgentLocking(void)
000ff2d4	CellCountX__C13cSC3ZoneLayer	cSC3ZoneLayer::CellCountX(void) const
000ff300	CellCountZ__C13cSC3ZoneLayer	cSC3ZoneLayer::CellCountZ(void) const
000ff32c	GetValueSint32__C13cSC3ZoneLayerUiUiRi	cSC3ZoneLayer::GetValueSint32(unsigned int, unsigned int, int &) const
000ff370	GetValue__C13cSC3ZoneLayerUiUiRUc	cSC3ZoneLayer::GetValue(unsigned int, unsigned int, unsigned char &) const
000ff3a8	InBounds__C13cSC3ZoneLayerUiUi	cSC3ZoneLayer::InBounds(unsigned int, unsigned int) const
000ff3fc	InBounds__C13cSC3ZoneLayerUiUiUiUi	cSC3ZoneLayer::InBounds(unsigned int, unsigned int, unsigned int, unsigned int) const
000ff458	ValidRect__C13cSC3ZoneLayerUiUiUiUi	cSC3ZoneLayer::ValidRect(unsigned int, unsigned int, unsigned int, unsigned int) const
000ff478	SerialRead__13cSC3ZoneLayerR18cIGZDBSerialRecord	cSC3ZoneLayer::SerialRead(cIGZDBSerialRecord &)
000ff4dc	SerialWrite__C13cSC3ZoneLayerR18cIGZDBSerialRecord	cSC3ZoneLayer::SerialWrite(cIGZDBSerialRecord &) const
000ff538	OccupantMoved__13cSC3ZoneLayerUiP13cISC3OccupantRC13cSC3CityCoord	cSC3ZoneLayer::OccupantMoved(unsigned int, cISC3Occupant *, cSC3CityCoord const &)
000ff544	CellChangedAll__13cSC3ZoneLayerUi	cSC3ZoneLayer::CellChangedAll(unsigned int)
000ff550	CellChanged__13cSC3ZoneLayerUiUiUi	cSC3ZoneLayer::CellChanged(unsigned int, unsigned int, unsigned int)
000ff55c	CellChanged__13cSC3ZoneLayerUiUiUiUiUi	cSC3ZoneLayer::CellChanged(unsigned int, unsigned int, unsigned int, unsigned int, unsigned int)
000ff56c	Init__13cSC3ZoneLayerP9cISC3CityRCUc	cSC3ZoneLayer::Init(cISC3City *, unsigned char const &)
000ff650	RegisterZoneDeveloperRule__13cSC3ZoneLayerUcP18cISC3DeveloperRule	cSC3ZoneLayer::RegisterZoneDeveloperRule(unsigned char, cISC3DeveloperRule *)
000ff694	DebugClassTag__13cSC3ZoneLayerR10cIGZString	cSC3ZoneLayer::DebugClassTag(cIGZString &)
000ff6a0	DebugTypeTag__13cSC3ZoneLayerR10cIGZString	cSC3ZoneLayer::DebugTypeTag(cIGZString &)
000ff6b0	StaticInit__13cSC3ZoneLayerP19cISC3CityDefinition	cSC3ZoneLayer::StaticInit(cISC3CityDefinition *)
000ff710	StaticShutdown__13cSC3ZoneLayer	cSC3ZoneLayer::StaticShutdown(void)
000ff758	GetManipulator__13cSC3ZoneLayerRC18cISC3CityAgentTypePP25cISC3CityLayerManipulatorRi	cSC3ZoneLayer::GetManipulator(cISC3CityAgentType const &, cISC3CityLayerManipulator **, int &)
000ff770	Simulate__13cSC3ZoneLayeri	cSC3ZoneLayer::Simulate(int)
000ff7a0	MinimumExecutionInterval__13cSC3ZoneLayer	cSC3ZoneLayer::MinimumExecutionInterval(void)
000ff7b0	DoMessage__13cSC3ZoneLayerR10cGZMessage	cSC3ZoneLayer::DoMessage(cGZMessage &)
000ff820	Init__13cSC3ZoneLayerP9cISC3CityP13cISC2Importer	cSC3ZoneLayer::Init(cISC3City *, cISC2Importer *)
000ff918	RegisterZoneDeveloper__13cSC3ZoneLayerUcP18cISC3ZoneDeveloperUi	cSC3ZoneLayer::RegisterZoneDeveloper(unsigned char, cISC3ZoneDeveloper *, unsigned int)
000ff990	UnregisterZoneDeveloper__13cSC3ZoneLayerUc	cSC3ZoneLayer::UnregisterZoneDeveloper(unsigned char)
000ff9ec	GetZoneDeveloper__13cSC3ZoneLayerUc	cSC3ZoneLayer::GetZoneDeveloper(unsigned char)
000ffa08	SimulationEnd__13cSC3ZoneLayer	cSC3ZoneLayer::SimulationEnd(void)
000ffaa8	SetValue__13cSC3ZoneLayerUiUiRCUc	cSC3ZoneLayer::SetValue(unsigned int, unsigned int, unsigned char const &)
000ffb40	SetValue__13cSC3ZoneLayerUiUiUiUiRCUc	cSC3ZoneLayer::SetValue(unsigned int, unsigned int, unsigned int, unsigned int, unsigned char const &)
000ffc64	SetAllCells__13cSC3ZoneLayerRCUc	cSC3ZoneLayer::SetAllCells(unsigned char const &)
000ffd18	GetZoneCount__13cSC3ZoneLayerUc	cSC3ZoneLayer::GetZoneCount(unsigned char)
000ffd38	GetUndevelopedTileCount__13cSC3ZoneLayerUc	cSC3ZoneLayer::GetUndevelopedTileCount(unsigned char)
000ffd5c	OccupantInserted__13cSC3ZoneLayerUiP13cISC3Occupant	cSC3ZoneLayer::OccupantInserted(unsigned int, cISC3Occupant *)
000ffd8c	OccupantRemoved__13cSC3ZoneLayerUiP13cISC3Occupant	cSC3ZoneLayer::OccupantRemoved(unsigned int, cISC3Occupant *)
000ffdb8	OccupantChanged__13cSC3ZoneLayerUiP13cISC3OccupantiPv	cSC3ZoneLayer::OccupantChanged(unsigned int, cISC3Occupant *, int, void *)
000ffdc8	PlaceBuilding__13cSC3ZoneLayerRC14cGZResourceKeyRC17sIGZPointXZUint32Q218cISC3BuildingLayer19tOccupancyStateFlagUsb	cSC3ZoneLayer::PlaceBuilding(cGZResourceKey const &, sIGZPointXZUint32 const &, cISC3BuildingLayer::tOccupancyStateFlag, unsigned short, bool)
000ffe60	FindBuildableRect__13cSC3ZoneLayerR14sIGZRectUint32UiUiUiUcUib	cSC3ZoneLayer::FindBuildableRect(sIGZRectUint32 &, unsigned int, unsigned int, unsigned int, unsigned char, unsigned int, bool)
000fff84	static_init_RCIui__13cSC3ZoneLayer	cSC3ZoneLayer::static_init_RCIui(void)
00100150	DoQueryInfo__13cSC3ZoneLayerR10cGZMessageP11cIGZUnknown	cSC3ZoneLayer::DoQueryInfo(cGZMessage &, cIGZUnknown *)
00100380	DoStandardQueryViewInfo__13cSC3ZoneLayerR10cGZMessageP21cISC3WinQueryListView	cSC3ZoneLayer::DoStandardQueryViewInfo(cGZMessage &, cISC3WinQueryListView *)
001007a0	GetInfoStrings__13cSC3ZoneLayerUiUiR10cIGZStringT3P13cISC3OccupantQ213cSC3ZoneLayer9tInfoType	cSC3ZoneLayer::GetInfoStrings(unsigned int, unsigned int, cIGZString &, cIGZString &, cISC3Occupant *, cSC3ZoneLayer::tInfoType)
001031d4	CanZone__13cSC3ZoneLayeriRC14cSC3CityBoundsRi	cSC3ZoneLayer::CanZone(int, cSC3CityBounds const &, int &)
00103784	PlaceZone__13cSC3ZoneLayeriRC14cSC3CityBoundsRib	cSC3ZoneLayer::PlaceZone(int, cSC3CityBounds const &, int &, bool)
0010436c	__17cSC3ZoneMapSpriteR13cSC3ZoneLayer	cSC3ZoneMapSprite::cSC3ZoneMapSprite(cSC3ZoneLayer &)
001044dc	static_shutdown_RCIui__13cSC3ZoneLayer	cSC3ZoneLayer::static_shutdown_RCIui(void)
001044e8	DoQueryViews__13cSC3ZoneLayerR10cGZMessageP13cISC3WinQuery	cSC3ZoneLayer::DoQueryViews(cGZMessage &, cISC3WinQuery *)
001044f4	DoDebugQueryViewInfo__13cSC3ZoneLayerR10cGZMessageP21cISC3WinQueryListView	cSC3ZoneLayer::DoDebugQueryViewInfo(cGZMessage &, cISC3WinQueryListView *)
00104500	GetInfoStringCount__13cSC3ZoneLayer	cSC3ZoneLayer::GetInfoStringCount(void)
0010450c	GetDebugInfoStringCount__13cSC3ZoneLayer	cSC3ZoneLayer::GetDebugInfoStringCount(void)
00104518	GetDebugInfoStrings__13cSC3ZoneLayerUiUiR10cIGZStringT3Ui	cSC3ZoneLayer::GetDebugInfoStrings(unsigned int, unsigned int, cIGZString &, cIGZString &, unsigned int)
00104528	GetZoneColor__13cSC3ZoneLayerUiUiRUcRUs	cSC3ZoneLayer::GetZoneColor(unsigned int, unsigned int, unsigned char &, unsigned short &)
001046d4	GetMapSpriteCount__13cSC3ZoneLayer	cSC3ZoneLayer::GetMapSpriteCount(void)
001046e0	GetSpriteIdFromIndex__13cSC3ZoneLayerUiRUi	cSC3ZoneLayer::GetSpriteIdFromIndex(unsigned int, unsigned int &)
00104704	CreateMapSprite__13cSC3ZoneLayerUiUiPPv	cSC3ZoneLayer::CreateMapSprite(unsigned int, unsigned int, void **)
001047d0	_._17cSC3ZoneMapSprite	cSC3ZoneMapSprite::~cSC3ZoneMapSprite(void)
00104824	GetColor__17cSC3ZoneMapSpriteUiUiRUi	cSC3ZoneMapSprite::GetColor(unsigned int, unsigned int, unsigned int &)
001048b4	RZGetCOMDllDirector_SimRCI__Fv	RZGetCOMDllDirector_SimRCI(void)
00104db4	__17cRZCOMDllDirector	cRZCOMDllDirector::cRZCOMDllDirector(void)
00105044	_._17cRZCOMDllDirector	cRZCOMDllDirector::~cRZCOMDllDirector(void)
00105184	InitializeCOM__17cRZCOMDllDirectorP7cIGZCOMR10cIGZString	cRZCOMDllDirector::InitializeCOM(cIGZCOM *, cIGZString &)
00105474	OnStart__17cRZCOMDllDirectorP7cIGZCOM	cRZCOMDllDirector::OnStart(cIGZCOM *)
001055d0	GetClassObject__17cRZCOMDllDirectorUiUiPPv	cRZCOMDllDirector::GetClassObject(unsigned int, unsigned int, void **)
001056e8	EnumClassObjects__17cRZCOMDllDirectorPFUiUiPv_vPv	cRZCOMDllDirector::EnumClassObjects(void (*)(unsigned int, unsigned int, void *), void *)
001057c8	AddDirector__17cRZCOMDllDirectorP17cRZCOMDllDirector	cRZCOMDllDirector::AddDirector(cRZCOMDllDirector *)
00105870	OnUnload__17cRZCOMDllDirector	cRZCOMDllDirector::OnUnload(void)
00105880	GZCOM__Fv	GZCOM(void)
001058b0	GZDllGetGZCOMDirector	GZDllGetGZCOMDirector
001058d0	QueryInterface__17cRZCOMDllDirectorUiPPv	cRZCOMDllDirector::QueryInterface(unsigned int, void **)
0010594c	FrameWork__17cRZCOMDllDirector	cRZCOMDllDirector::FrameWork(void)
0010595c	AddRef__17cRZCOMDllDirector	cRZCOMDllDirector::AddRef(void)
00105978	Release__17cRZCOMDllDirector	cRZCOMDllDirector::Release(void)
001059a0	RemoveRef__17cRZCOMDllDirector	cRZCOMDllDirector::RemoveRef(void)
001059b8	RefCount__17cRZCOMDllDirector	cRZCOMDllDirector::RefCount(void)
001059cc	ModuleName__17cRZCOMDllDirectorR10cIGZString	cRZCOMDllDirector::ModuleName(cIGZString &)
00105a00	CanUnloadNow__17cRZCOMDllDirector	cRZCOMDllDirector::CanUnloadNow(void)
00105a58	AddCls__17cRZCOMDllDirectorUiPFv_P11cIGZUnknownUi	cRZCOMDllDirector::AddCls(unsigned int, cIGZUnknown *(*)(void), unsigned int)
00105aac	AppRegister__17cRZCOMDllDirectorP12cIGZRegistry	cRZCOMDllDirector::AppRegister(cIGZRegistry *)
00105b04	PreFrameWorkInit__17cRZCOMDllDirector	cRZCOMDllDirector::PreFrameWorkInit(void)
00105b10	PreAppInit__17cRZCOMDllDirector	cRZCOMDllDirector::PreAppInit(void)
00105b1c	PostAppInit__17cRZCOMDllDirector	cRZCOMDllDirector::PostAppInit(void)
00105b28	PreAppShutdown__17cRZCOMDllDirector	cRZCOMDllDirector::PreAppShutdown(void)
00105b34	PostAppShutdown__17cRZCOMDllDirector	cRZCOMDllDirector::PostAppShutdown(void)
00105b40	PostSystemServiceShutdown__17cRZCOMDllDirector	cRZCOMDllDirector::PostSystemServiceShutdown(void)
00105b4c	AbortiveQuit__17cRZCOMDllDirector	cRZCOMDllDirector::AbortiveQuit(void)
00105b58	OnInstall__17cRZCOMDllDirector	cRZCOMDllDirector::OnInstall(void)
00105b64	GZCOM__17cRZCOMDllDirector	cRZCOMDllDirector::GZCOM(void)
00105b80	__out_of_range__FPCc	__out_of_range(char const *)
00105de8	__length_error__FPCc	__length_error(char const *)
00106048	__11logic_errorRCt12basic_string3ZcZt18string_char_traits1ZcZt24__default_alloc_template2b1i0	logic_error::logic_error(basic_string<char, string_char_traits<char>, __default_alloc_template<true, 0> > const &)
001060a4	what__C11logic_error	logic_error::what(void) const
001060cc	__12domain_errorRCt12basic_string3ZcZt18string_char_traits1ZcZt24__default_alloc_template2b1i0	domain_error::domain_error(basic_string<char, string_char_traits<char>, __default_alloc_template<true, 0> > const &)
0010612c	__16invalid_argumentRCt12basic_string3ZcZt18string_char_traits1ZcZt24__default_alloc_template2b1i0	invalid_argument::invalid_argument(basic_string<char, string_char_traits<char>, __default_alloc_template<true, 0> > const &)
0010618c	__12length_errorRCt12basic_string3ZcZt18string_char_traits1ZcZt24__default_alloc_template2b1i0	length_error::length_error(basic_string<char, string_char_traits<char>, __default_alloc_template<true, 0> > const &)
001061ec	__12out_of_rangeRCt12basic_string3ZcZt18string_char_traits1ZcZt24__default_alloc_template2b1i0	out_of_range::out_of_range(basic_string<char, string_char_traits<char>, __default_alloc_template<true, 0> > const &)
0010624c	__13runtime_errorRCt12basic_string3ZcZt18string_char_traits1ZcZt24__default_alloc_template2b1i0	runtime_error::runtime_error(basic_string<char, string_char_traits<char>, __default_alloc_template<true, 0> > const &)
001062ac	what__C13runtime_error	runtime_error::what(void) const
001062d0	__13runtime_error	runtime_error::runtime_error(void)
00106334	__11range_errorRCt12basic_string3ZcZt18string_char_traits1ZcZt24__default_alloc_template2b1i0	range_error::range_error(basic_string<char, string_char_traits<char>, __default_alloc_template<true, 0> > const &)
0010638c	__14overflow_errorRCt12basic_string3ZcZt18string_char_traits1ZcZt24__default_alloc_template2b1i0	overflow_error::overflow_error(basic_string<char, string_char_traits<char>, __default_alloc_template<true, 0> > const &)
001063ec	__15underflow_errorRCt12basic_string3ZcZt18string_char_traits1ZcZt24__default_alloc_template2b1i0	underflow_error::underflow_error(basic_string<char, string_char_traits<char>, __default_alloc_template<true, 0> > const &)
00106450	__7istreamiP9streambufP7ostream	istream::istream(int, streambuf *, ostream *)
00106504	skip_ws__FP9streambuf	skip_ws(streambuf *)
00106538	get__7istreamRc	istream::get(char &)
00106618	peek__7istream	istream::peek(void)
00106674	ignore__7istreamii	istream::ignore(int, int)
0010676c	read__7istreamPci	istream::read(char *, int)
00106844	sync__7istream	istream::sync(void)
00106884	seekg__7istreamx	istream::seekg(long long)
001068bc	seekg__7istreamxQ23ios8seek_dir	istream::seekg(long long, ios::seek_dir)
001068fc	tellg__7istream	istream::tellg(void)
0010693c	__rs__7istreamRc	istream::operator>>(char &)
00106a24	__rs__7istreamPc	istream::operator>>(char *)
00106e40	__rs__7istreamRs	istream::operator>>(short &)
00106e84	__rs__7istreamRUs	istream::operator>>(unsigned short &)
00106ec8	__rs__7istreamRi	istream::operator>>(int &)
00106f08	__rs__7istreamRUi	istream::operator>>(unsigned int &)
00106f48	__rs__7istreamRl	istream::operator>>(long &)
00106f88	__rs__7istreamRUl	istream::operator>>(unsigned long &)
00106fc8	__rs__7istreamRx	istream::operator>>(long long &)
00107010	__rs__7istreamRUx	istream::operator>>(unsigned long long &)
00107058	__rs__7istreamRb	istream::operator>>(bool &)
001070a4	__rs__7istreamRr	istream::operator>>(long double &)
00107178	__rs__7istreamRd	istream::operator>>(double &)
00107248	__rs__7istreamRf	istream::operator>>(float &)
00107318	__rs__7istreamP9streambuf	istream::operator>>(streambuf *)
0010741c	__ls__7ostreamc	ostream::operator<<(char)
0010778c	__ls__7ostreami	ostream::operator<<(int)
00107838	__ls__7ostreamUi	ostream::operator<<(unsigned int)
001078c8	__ls__7ostreaml	ostream::operator<<(long)
00107974	__ls__7ostreamUl	ostream::operator<<(unsigned long)
00107a04	__ls__7ostreamx	ostream::operator<<(long long)
00107ab8	__ls__7ostreamUx	ostream::operator<<(unsigned long long)
00107b48	__ls__7ostreamd	ostream::operator<<(double)
00107cf8	__ls__7ostreamr	ostream::operator<<(long double)
00107eac	__ls__7ostreamPCc	ostream::operator<<(char const *)
00108038	__ls__7ostreamP9streambuf	ostream::operator<<(streambuf *)
00108150	__7ostreamiP9streambufP7ostream	ostream::ostream(int, streambuf *, ostream *)
001081fc	seekp__7ostreamx	ostream::seekp(long long)
00108234	seekp__7ostreamxQ23ios8seek_dir	ostream::seekp(long long, ios::seek_dir)
00108274	tellp__7ostream	ostream::tellp(void)
001082b4	flush__7ostream	ostream::flush(void)
001082e4	flush__FR7ostream	flush(ostream &)
001082fc	ws__FR7istream	ws(istream &)
001083d8	_skip_ws__7istream	istream::_skip_ws(void)
00108420	ends__FR7ostream	ends(ostream &)
00108444	endl__FR7ostream	endl(ostream &)
00108470	lock__FR7istream	lock(istream &)
00108490	unlock__FR7istream	unlock(istream &)
001084b0	lock__FR7ostream	lock(ostream &)
001084d0	unlock__FR7ostream	unlock(ostream &)
001084f0	write__7ostreamPCci	ostream::write(char const *, int)
001085c4	do_osfx__7ostream	ostream::do_osfx(void)
00108610	__8iostreamiP9streambufP7ostream	iostream::iostream(int, streambuf *, ostream *)
001086d4	close__3ios	ios::close(void)
00108718	skip__7istreami	istream::skip(int)
00108740	__7ostreami	ostream::ostream(int)
001087a0	opfx__7ostream	ostream::opfx(void)
001087e4	osfx__7ostream	ostream::osfx(void)
00108818	put__7ostreamc	ostream::put(char)
00108840	put__7ostreamUc	ostream::put(unsigned char)
00108868	put__7ostreamSc	ostream::put(signed char)
00108890	write__7ostreamPCUci	ostream::write(unsigned char const *, int)
001088b0	write__7ostreamPCSci	ostream::write(signed char const *, int)
001088d0	write__7ostreamPCvi	ostream::write(void const *, int)
001088f0	__ls__7ostreamUc	ostream::operator<<(unsigned char)
0010890c	__ls__7ostreamSc	ostream::operator<<(signed char)
00108928	__ls__7ostreamPCUc	ostream::operator<<(unsigned char const *)
00108944	__ls__7ostreamPCSc	ostream::operator<<(signed char const *)
00108960	__ls__7ostreams	ostream::operator<<(short)
0010897c	__ls__7ostreamUs	ostream::operator<<(unsigned short)
00108998	__ls__7ostreamb	ostream::operator<<(bool)
001089b4	__ls__7ostreamf	ostream::operator<<(float)
001089d4	__ls__7ostreamPFR7ostream_R7ostream	ostream::operator<<(ostream &(*)(ostream &))
001089ec	__ls__7ostreamPFR3ios_R3ios	ostream::operator<<(ios &(*)(ios &))
00108a0c	ostreambuf__C7ostream	ostream::ostreambuf(void) const
00108a1c	__7istreami	istream::istream(int)
00108a84	get__7istreamPUcic	istream::get(unsigned char *, int, char)
00108aa8	get__7istreamRUc	istream::get(unsigned char &)
00108ac4	getline__7istreamPUcic	istream::getline(unsigned char *, int, char)
00108ae8	get__7istreamRSc	istream::get(signed char &)
00108b04	get__7istreamPScic	istream::get(signed char *, int, char)
00108b28	getline__7istreamPScic	istream::getline(signed char *, int, char)
00108b4c	read__7istreamPUci	istream::read(unsigned char *, int)
00108b6c	read__7istreamPSci	istream::read(signed char *, int)
00108b8c	read__7istreamPvi	istream::read(void *, int)
00108bac	ipfx__7istreami	istream::ipfx(int)
00108c30	ipfx0__7istream	istream::ipfx0(void)
00108c94	ipfx1__7istream	istream::ipfx1(void)
00108ce8	isfx__7istream	istream::isfx(void)
00108d04	get__7istream	istream::get(void)
00108d88	gcount__7istream	istream::gcount(void)
00108d98	putback__7istreamc	istream::putback(char)
00108dd0	unget__7istream	istream::unget(void)
00108e04	unget__7istreamc	istream::unget(char)
00108e3c	istreambuf__C7istream	istream::istreambuf(void) const
00108e4c	__rs__7istreamPUc	istream::operator>>(unsigned char *)
00108e68	__rs__7istreamPSc	istream::operator>>(signed char *)
00108e84	__rs__7istreamRUc	istream::operator>>(unsigned char &)
00108ea0	__rs__7istreamRSc	istream::operator>>(signed char &)
00108ebc	__rs__7istreamPFR3ios_R3ios	istream::operator>>(ios &(*)(ios &))
00108edc	__rs__7istreamPFR7istream_R7istream	istream::operator>>(istream &(*)(istream &))
00108ef4	__8iostreami	iostream::iostream(int)
00108f74	__as__22_IO_istream_withassignR22_IO_istream_withassign	_IO_istream_withassign::operator=(_IO_istream_withassign &)
00108f90	__as__22_IO_ostream_withassignR22_IO_ostream_withassign	_IO_ostream_withassign::operator=(_IO_ostream_withassign &)
00108fac	dec__FR3ios	dec(ios &)
00108fc4	hex__FR3ios	hex(ios &)
00108fdc	oct__FR3ios	oct(ios &)
00109000	getline__7istreamPcic	istream::getline(char *, int, char)
0010916c	get__7istreamPcic	istream::get(char *, int, char)
00109278	_sb_readline__FP9streambufRlc	_sb_readline(streambuf *, long &, char)
00109394	gets__7istreamPPcc	istream::gets(char **, char)
001094a0	scan__7istreamPCce	istream::scan(char const *,...)
00109578	vscan__7istreamPCcPv	istream::vscan(char const *, void *)
00109648	vscan__9streambufPCcPvP3ios	streambuf::vscan(char const *, void *, ios *)
00109684	scan__9streambufPCce	streambuf::scan(char const *,...)
001096a4	sync_with_stdio__3iosi	ios::sync_with_stdio(int)
001096b0	_un_link__9streambuf	streambuf::_un_link(void)
001096c8	_link_in__9streambuf	streambuf::_link_in(void)
001096e0	switch_to_get_mode__9streambuf	streambuf::switch_to_get_mode(void)
001096f8	free_backup_area__9streambuf	streambuf::free_backup_area(void)
00109710	__overflow__FP9streambufi	__overflow(streambuf *, int)
00109730	underflow__9streambuf	streambuf::underflow(void)
0010973c	uflow__9streambuf	streambuf::uflow(void)
00109754	overflow__9streambufi	streambuf::overflow(int)
00109760	xsputn__9streambufPCci	streambuf::xsputn(char const *, int)
00109780	xsgetn__9streambufPci	streambuf::xsgetn(char *, int)
001097a0	ignore__9streambufi	streambuf::ignore(int)
001097f0	sync__9streambuf	streambuf::sync(void)
001097fc	pbackfail__9streambufi	streambuf::pbackfail(int)
00109818	setbuf__9streambufPci	streambuf::setbuf(char *, int)
001098b8	seekpos__9streambufxi	streambuf::seekpos(long long, int)
001098e8	sseekpos__9streambufxi	streambuf::sseekpos(long long, int)
00109908	setb__9streambufPcT1i	streambuf::setb(char *, char *, int)
0010992c	doallocate__9streambuf	streambuf::doallocate(void)
00109944	doallocbuf__9streambuf	streambuf::doallocbuf(void)
0010995c	__9streambufi	streambuf::streambuf(int)
00109998	_._9streambuf	streambuf::~streambuf(void)
001099f8	seekoff__9streambufxQ23ios8seek_diri	streambuf::seekoff(long long, ios::seek_dir, int)
00109a0c	sseekoff__9streambufxQ23ios8seek_diri	streambuf::sseekoff(long long, ios::seek_dir, int)
00109a34	sputbackc__9streambufc	streambuf::sputbackc(char)
00109a50	sungetc__9streambuf	streambuf::sungetc(void)
00109a68	get_column__9streambuf	streambuf::get_column(void)
00109a9c	set_column__9streambufi	streambuf::set_column(int)
00109ab0	flush_all__9streambuf	streambuf::flush_all(void)
00109ac0	flush_all_linebuffered__9streambuf	streambuf::flush_all_linebuffered(void)
00109ad0	sys_stat__9streambufPv	streambuf::sys_stat(void *)
00109aec	sys_read__9streambufPci	streambuf::sys_read(char *, int)
00109af8	sys_write__9streambufPCci	streambuf::sys_write(char const *, int)
00109b04	sys_seek__9streambufxQ23ios8seek_dir	streambuf::sys_seek(long long, ios::seek_dir)
00109b18	sys_close__9streambuf	streambuf::sys_close(void)
00109b24	showmanyc__9streambuf	streambuf::showmanyc(void)
00109b30	imbue__9streambufPv	streambuf::imbue(void *)
00109b38	__12streammarkerP9streambuf	streammarker::streammarker(streambuf *)
00109b58	_._12streammarker	streammarker::~streammarker(void)
00109b8c	delta__12streammarkerR12streammarker	streammarker::delta(streammarker &)
00109ba8	delta__12streammarker	streammarker::delta(void)
00109bc0	seekmark__9streambufR12streammarkeri	streambuf::seekmark(streammarker &, int)
00109be0	unsave_markers__9streambuf	streambuf::unsave_markers(void)
00109bf8	readable__3ios	ios::readable(void)
00109c10	writable__3ios	ios::writable(void)
00109c28	is_open__3ios	ios::is_open(void)
00109c4c	tie__C3ios	ios::tie(void) const
00109c5c	tie__3iosP7ostream	ios::tie(ostream *)
00109c74	fill__C3ios	ios::fill(void) const
00109c84	fill__3iosw	ios::fill(wchar_t)
00109c9c	flags__C3ios	ios::flags(void) const
00109cac	flags__3iosUl	ios::flags(unsigned long)
00109cc4	precision__C3ios	ios::precision(void) const
00109cd4	precision__3iosi	ios::precision(int)
00109cec	setf__3iosUl	ios::setf(unsigned long)
00109d04	setf__3iosUlUl	ios::setf(unsigned long, unsigned long)
00109d28	unsetf__3iosUl	ios::unsetf(unsigned long)
00109d44	width__C3ios	ios::width(void) const
00109d54	width__3iosi	ios::width(int)
00109d6c	_throw_failure__C3ios	ios::_throw_failure(void) const
00109d74	clear__3iosi	ios::clear(int)
00109d90	set__3iosi	ios::set(int)
00109da0	setstate__3iosi	ios::setstate(int)
00109db0	good__C3ios	ios::good(void) const
00109dc4	eof__C3ios	ios::eof(void) const
00109dd8	fail__C3ios	ios::fail(void) const
00109dec	bad__C3ios	ios::bad(void) const
00109e00	rdstate__C3ios	ios::rdstate(void) const
00109e10	__opPv__C3ios	ios::operator void *(void) const
00109e2c	__nt__C3ios	ios::operator!(void) const
00109e40	exceptions__C3ios	ios::exceptions(void) const
00109e50	exceptions__3iosi	ios::exceptions(int)
00109e60	rdbuf__C3ios	ios::rdbuf(void) const
00109e6c	rdbuf__3iosP9streambuf	ios::rdbuf(streambuf *)
00109e8c	sync_with_stdio__3ios	ios::sync_with_stdio(void)
00109ea0	unset__3ios11state_value	ios::unset(state_value)
00109eb4	__Q23ios4Init	ios::Init::Init(void)
00109ec0	set_offset__12streammarkeri	streammarker::set_offset(int)
00109ed0	saving__12streammarker	streammarker::saving(void)
00109edc	_vtable__9streambuf	streambuf::_vtable(void)
00109eec	xchain__9streambuf	streambuf::xchain(void)
00109efc	gptr__C9streambuf	streambuf::gptr(void) const
00109f18	pptr__C9streambuf	streambuf::pptr(void) const
00109f28	egptr__C9streambuf	streambuf::egptr(void) const
00109f48	epptr__C9streambuf	streambuf::epptr(void) const
00109f58	pbase__C9streambuf	streambuf::pbase(void) const
00109f68	eback__C9streambuf	streambuf::eback(void) const
00109f88	base__C9streambuf	streambuf::base(void) const
00109f98	ebuf__C9streambuf	streambuf::ebuf(void) const
00109fa8	blen__C9streambuf	streambuf::blen(void) const
00109fbc	xput_char__9streambufc	streambuf::xput_char(char)
00109fd4	xflags__9streambuf	streambuf::xflags(void)
00109fe0	xflags__9streambufi	streambuf::xflags(int)
00109ff4	xsetflags__9streambufi	streambuf::xsetflags(int)
0010a004	xsetflags__9streambufii	streambuf::xsetflags(int, int)
0010a020	gbump__9streambufi	streambuf::gbump(int)
0010a03c	pbump__9streambufi	streambuf::pbump(int)
0010a050	setp__9streambufPcT1	streambuf::setp(char *, char *)
0010a06c	setg__9streambufPcN21	streambuf::setg(char *, char *, char *)
0010a0a0	shortbuf__9streambuf	streambuf::shortbuf(void)
0010a0b0	in_backup__9streambuf	streambuf::in_backup(void)
0010a0c4	Gbase__9streambuf	streambuf::Gbase(void)
0010a0dc	eGptr__9streambuf	streambuf::eGptr(void)
0010a0f8	Bbase__9streambuf	streambuf::Bbase(void)
0010a118	Bptr__9streambuf	streambuf::Bptr(void)
0010a128	eBptr__9streambuf	streambuf::eBptr(void)
0010a148	Nbase__9streambuf	streambuf::Nbase(void)
0010a158	eNptr__9streambuf	streambuf::eNptr(void)
0010a168	have_backup__9streambuf	streambuf::have_backup(void)
0010a17c	have_markers__9streambuf	streambuf::have_markers(void)
0010a190	put_mode__9streambuf	streambuf::put_mode(void)
0010a1a4	pubseekoff__9streambufxQ23ios8seek_diri	streambuf::pubseekoff(long long, ios::seek_dir, int)
0010a1cc	pubseekpos__9streambufxi	streambuf::pubseekpos(long long, int)
0010a1ec	unbuffered__9streambuf	streambuf::unbuffered(void)
0010a200	linebuffered__9streambuf	streambuf::linebuffered(void)
0010a214	unbuffered__9streambufi	streambuf::unbuffered(int)
0010a22c	linebuffered__9streambufi	streambuf::linebuffered(int)
0010a248	allocate__9streambuf	streambuf::allocate(void)
0010a274	allocbuf__9streambuf	streambuf::allocbuf(void)
0010a290	in_avail__9streambuf	streambuf::in_avail(void)
0010a2a4	out_waiting__9streambuf	streambuf::out_waiting(void)
0010a2b8	sputn__9streambufPCci	streambuf::sputn(char const *, int)
0010a2e0	padn__9streambufci	streambuf::padn(char, int)
0010a300	sgetn__9streambufPci	streambuf::sgetn(char *, int)
0010a320	sputc__9streambufi	streambuf::sputc(int)
0010a33c	sbumpc__9streambuf	streambuf::sbumpc(void)
0010a354	sgetc__9streambuf	streambuf::sgetc(void)
0010a36c	snextc__9streambuf	streambuf::snextc(void)
0010a3a4	stossc__9streambuf	streambuf::stossc(void)
0010a3bc	is_open__C7filebuf	filebuf::is_open(void) const
0010a3d0	fd__C7filebuf	filebuf::fd(void) const
0010a3ec	is_reading__7filebuf	filebuf::is_reading(void)
0010a420	cur_ptr__7filebuf	filebuf::cur_ptr(void)
0010a460	file_ptr__7filebuf	filebuf::file_ptr(void)
0010a478	init__3iosP9streambufP7ostream	ios::init(streambuf *, ostream *)
0010a4c8	__3iosP9streambufP7ostream	ios::ios(streambuf *, ostream *)
0010a51c	_._3ios	ios::~ios(void)
0010a560	init__7filebuf	filebuf::init(void)
0010a578	__7filebuf	filebuf::filebuf(void)
0010a5d8	__7filebufi	filebuf::filebuf(int)
0010a63c	__7filebufiPci	filebuf::filebuf(int, char *, int)
0010a6bc	_._7filebuf	filebuf::~filebuf(void)
0010a718	open__7filebufPCcii	filebuf::open(char const *, int, int)
0010a7c8	open__7filebufPCcT1	filebuf::open(char const *, char const *)
0010a7e8	attach__7filebufi	filebuf::attach(int)
0010a804	setbuf__7filebufPci	filebuf::setbuf(char *, int)
0010a824	doallocate__7filebuf	filebuf::doallocate(void)
0010a83c	overflow__7filebufi	filebuf::overflow(int)
0010a858	underflow__7filebuf	filebuf::underflow(void)
0010a870	sync__7filebuf	filebuf::sync(void)
0010a888	seekoff__7filebufxQ23ios8seek_diri	filebuf::seekoff(long long, ios::seek_dir, int)
0010a8b0	close__7filebuf	filebuf::close(void)
0010a8d4	sys_read__7filebufPci	filebuf::sys_read(char *, int)
0010a8f4	sys_seek__7filebufxQ23ios8seek_dir	filebuf::sys_seek(long long, ios::seek_dir)
0010a914	sys_write__7filebufPCci	filebuf::sys_write(char const *, int)
0010a934	sys_stat__7filebufPv	filebuf::sys_stat(void *)
0010a950	sys_close__7filebuf	filebuf::sys_close(void)
0010a968	xsputn__7filebufPCci	filebuf::xsputn(char const *, int)
0010a988	xsgetn__7filebufPci	filebuf::xsgetn(char *, int)
0010a9b0	__as__22_IO_istream_withassignR7istream	_IO_istream_withassign::operator=(istream &)
0010aa14	__as__22_IO_ostream_withassignR7ostream	_IO_ostream_withassign::operator=(ostream &)
0010aa70	__divdi3	__divdi3
0010ac14	__default_terminate	__default_terminate
0010ac30	__terminate	__terminate
0010ac58	__throw_type_match	__throw_type_match
0010ac8c	__empty	__empty
0010ace8	__get_eh_context	__get_eh_context
0010ad0c	__get_eh_info	__get_eh_info
0010adbc	__get_dynamic_handler_chain	__get_dynamic_handler_chain
0010ade4	__sjthrow	__sjthrow
0010aef4	__sjpopnthrow	__sjpopnthrow
0010afec	__eh_rtime_match	__eh_rtime_match
0010b044	__get_eh_table_version	__get_eh_table_version
0010b054	__get_eh_table_language	__get_eh_table_language
0010b2f8	__unwinding_cleanup	__unwinding_cleanup
0010b668	__throw	__throw
0010b728	__rethrow	__rethrow
0010b7f4	__pure_virtual	__pure_virtual
0010b830	__udivdi3	__udivdi3
0010b950	__umoddi3	__umoddi3
0010bae4	terminate__Fv	terminate(void)
0010bb04	__default_unexpected__Fv	__default_unexpected(void)
0010bb20	set_terminate__FPFv_v	set_terminate(void (*)(void))
0010bb48	set_unexpected__FPFv_v	set_unexpected(void (*)(void))
0010bb74	unexpected__Fv	unexpected(void)
0010bb94	__cp_exception_info	__cp_exception_info
0010bbbc	__cp_eh_info	__cp_eh_info
0010bbe0	__start_cp_handler	__start_cp_handler
0010bc0c	__eh_alloc	__eh_alloc
0010bc44	__eh_free	__eh_free
0010bc70	__cplus_type_matcher	__cplus_type_matcher
0010bcdc	__cp_push_exception	__cp_push_exception
0010bd50	__cp_pop_exception	__cp_pop_exception
0010be00	__uncatch_exception	__uncatch_exception
0010be30	__check_eh_spec	__check_eh_spec
0010c004	__throw_bad_cast	__throw_bad_cast
0010c0a8	__throw_bad_typeid	__throw_bad_typeid
0010c148	uncaught_exception__Fv	uncaught_exception(void)
0010c17c	what__C9exception	exception::what(void) const
0010c1a4	__9exception	exception::exception(void)
0010c1cc	_._9exception	exception::~exception(void)
0010c204	__13bad_exception	bad_exception::bad_exception(void)
0010c234	_._13bad_exception	bad_exception::~bad_exception(void)
0010ccf4	__register_frame_info	__register_frame_info
0010cd40	__register_frame	__register_frame
0010cd78	__register_frame_info_table	__register_frame_info_table
0010cdc0	__register_frame_table	__register_frame_table
0010cdf8	__deregister_frame_info	__deregister_frame_info
0010ce60	__deregister_frame	__deregister_frame
0010ce94	__frame_state_for	__frame_state_for
0010d114	__builtin_delete	__builtin_delete
0010d1b4	__builtin_new	__builtin_new
0010d314	__builtin_vec_delete	__builtin_vec_delete
0010d3b4	__builtin_vec_new	__builtin_vec_new
0010d464	_._9type_info	type_info::~type_info(void)
0010d49c	__eq__C9type_infoRC9type_info	type_info::operator==(type_info const &) const
0010d4e0	__rtti_class	__rtti_class
0010d52c	__rtti_si	__rtti_si
0010d574	__rtti_user	__rtti_user
0010d5ac	dcast__C16__user_type_infoRC9type_infoiPvPC9type_infoT3	__user_type_info::dcast(type_info const &, int, void *, type_info const *, void *) const
0010d5e4	dcast__C14__si_type_infoRC9type_infoiPvPC9type_infoT3	__si_type_info::dcast(type_info const &, int, void *, type_info const *, void *) const
0010d644	dcast__C17__class_type_infoRC9type_infoiPvPC9type_infoT3	__class_type_info::dcast(type_info const &, int, void *, type_info const *, void *) const
0010d794	__9type_infoPCc	type_info::type_info(char const *)
0010d7bc	name__C9type_info	type_info::name(void) const
0010d7cc	__ne__C9type_infoRC9type_info	type_info::operator!=(type_info const &) const
0010d7fc	__8bad_cast	bad_cast::bad_cast(void)
0010d82c	_._8bad_cast	bad_cast::~bad_cast(void)
0010d86c	__10bad_typeid	bad_typeid::bad_typeid(void)
0010d89c	_._10bad_typeid	bad_typeid::~bad_typeid(void)
0010d8dc	__16__user_type_infoPCc	__user_type_info::__user_type_info(char const *)
0010d910	__14__si_type_infoPCcRC16__user_type_info	__si_type_info::__si_type_info(char const *, __user_type_info const &)
0010d958	__17__class_type_infoPCcPCQ217__class_type_info9base_infoUi	__class_type_info::__class_type_info(char const *, __class_type_info::base_info const *, unsigned int)
0010d9b4	before__C9type_infoRC9type_info	type_info::before(type_info const &) const
0010d9e8	__throw_type_match_rtti	__throw_type_match_rtti
0010de80	__is_pointer__FPv	__is_pointer(void *)
0010ded4	__rtti_ptr	__rtti_ptr
0010df10	__rtti_attr	__rtti_attr
0010df54	__rtti_func	__rtti_func
0010df8c	__rtti_ptmf	__rtti_ptmf
0010dfc4	__rtti_ptmd	__rtti_ptmd
0010dffc	__rtti_array	__rtti_array
0010e034	__dynamic_cast	__dynamic_cast
0010e088	__tfv	void type_info function
0010e0d0	__tfx	long long type_info function
0010e118	__tfl	long type_info function
0010e160	__tfi	int type_info function
0010e1a8	__tfs	short type_info function
0010e1f0	__tfb	bool type_info function
0010e238	__tfc	char type_info function
0010e280	__tfw	wchar_t type_info function
0010e2c8	__tfr	long double type_info function
0010e310	__tfd	double type_info function
0010e358	__tff	float type_info function
0010e3a0	__tfUi	unsigned int type_info function
0010e3e8	__tfUl	unsigned long type_info function
0010e430	__tfUx	unsigned long long type_info function
0010e478	__tfUs	unsigned short type_info function
0010e4c0	__tfUc	unsigned char type_info function
0010e508	__tfSc	signed char type_info function
0010e550	set_new_handler__FPFv_v	set_new_handler(void (*)(void))
0010e578	what__C9bad_alloc	bad_alloc::what(void) const
0010e598	__nw__FUiPv	operator new(unsigned int, void *)
0010e5b4	__vn__FUiPv	operator new [](unsigned int, void *)
0010e644	clone__Q2t12basic_string3ZcZt18string_char_traits1ZcZt24__default_alloc_template2b1i0_3Rep	basic_string<char, string_char_traits<char>, __default_alloc_template<true, 0> >::Rep::clone(void)
0010e7b4	alloc__t12basic_string3ZcZt18string_char_traits1ZcZt24__default_alloc_template2b1i0Uib	basic_string<char, string_char_traits<char>, __default_alloc_template<true, 0> >::alloc(unsigned int, bool)
0010e9f4	replace__t12basic_string3ZcZt18string_char_traits1ZcZt24__default_alloc_template2b1i0UiUiUic	basic_string<char, string_char_traits<char>, __default_alloc_template<true, 0> >::replace(unsigned int, unsigned int, unsigned int, char)
0010ed34	replace__t12basic_string3ZcZt18string_char_traits1ZcZt24__default_alloc_template2b1i0UiUiPCcUi	basic_string<char, string_char_traits<char>, __default_alloc_template<true, 0> >::replace(unsigned int, unsigned int, char const *, unsigned int)
0010f084	replace__t12basic_string3ZcZt18string_char_traits1ZcZt24__default_alloc_template2b1i0UiUiRCt12basic_string3ZcZt18string_char_traits1ZcZt24__default_alloc_template2b1i0UiUi	basic_string<char, string_char_traits<char>, __default_alloc_template<true, 0> >::replace(unsigned int, unsigned int, basic_string<char, string_char_traits<char>, __default_alloc_template<true, 0> > const &, unsigned int, unsigned int)
0010f1e4	replace__H1ZPCc_t12basic_string3ZcZt18string_char_traits1ZcZt24__default_alloc_template2b1i0PcT1X00X00_Rt12basic_string3ZcZt18string_char_traits1ZcZt24__default_alloc_template2b1i0	basic_string<char, string_char_traits<char>, __default_alloc_template<true, 0> > & basic_string<char, string_char_traits<char>, __default_alloc_template<true, 0> >::replace<char const *>(char *, char *, char const *, char const *)
0010f544	compare__Ct12basic_string3ZcZt18string_char_traits1ZcZt24__default_alloc_template2b1i0RCt12basic_string3ZcZt18string_char_traits1ZcZt24__default_alloc_template2b1i0UiUi	basic_string<char, string_char_traits<char>, __default_alloc_template<true, 0> >::compare(basic_string<char, string_char_traits<char>, __default_alloc_template<true, 0> > const &, unsigned int, unsigned int) const
0010f5f4	_M_insert_aux__t6vector2ZP19cISC3BuildingAttribZt9allocator1ZP19cISC3BuildingAttribPP19cISC3BuildingAttribRCP19cISC3BuildingAttrib	vector<cISC3BuildingAttrib *, allocator<cISC3BuildingAttrib *> >::_M_insert_aux(cISC3BuildingAttrib **, cISC3BuildingAttrib *const &)
0010f924	_S_chunk_alloc__t24__default_alloc_template2b1i0UiRi	__default_alloc_template<true, 0>::_S_chunk_alloc(unsigned int, int &)
0010fa84	__as__t6vector2ZP19cISC3BuildingAttribZt9allocator1ZP19cISC3BuildingAttribRCt6vector2ZP19cISC3BuildingAttribZt9allocator1ZP19cISC3BuildingAttrib	vector<cISC3BuildingAttrib *, allocator<cISC3BuildingAttrib *> >::operator=(vector<cISC3BuildingAttrib *, allocator<cISC3BuildingAttrib *> > const &)
0010fdd4	__uninitialized_copy_aux__H2ZPQ219cSC3AgDeveloperRule7tFamilyZPQ219cSC3AgDeveloperRule7tFamily_X01X01X11G12__false_type_X11	cSC3AgDeveloperRule::tFamily * __uninitialized_copy_aux<cSC3AgDeveloperRule::tFamily *, cSC3AgDeveloperRule::tFamily *>(cSC3AgDeveloperRule::tFamily *, cSC3AgDeveloperRule::tFamily *, cSC3AgDeveloperRule::tFamily *, __false_type)
0010feb4	_M_insert_aux__t6vector2ZQ219cSC3AgDeveloperRule7tFamilyZt9allocator1ZQ219cSC3AgDeveloperRule7tFamilyPQ219cSC3AgDeveloperRule7tFamilyRCQ219cSC3AgDeveloperRule7tFamily	vector<cSC3AgDeveloperRule::tFamily, allocator<cSC3AgDeveloperRule::tFamily> >::_M_insert_aux(cSC3AgDeveloperRule::tFamily *, cSC3AgDeveloperRule::tFamily const &)
00110380	__thunk_12_QueryInterface__19cSC3AgDeveloperRuleUiPPv	virtual function thunk (delta:-12) for cSC3AgDeveloperRule::QueryInterface(unsigned int, void **)
0011039c	__thunk_12_AddRef__19cSC3AgDeveloperRule	virtual function thunk (delta:-12) for cSC3AgDeveloperRule::AddRef(void)
001103b8	__thunk_12_Release__19cSC3AgDeveloperRule	virtual function thunk (delta:-12) for cSC3AgDeveloperRule::Release(void)
001103d4	__thunk_8_QueryInterface__19cSC3AgDeveloperRuleUiPPv	virtual function thunk (delta:-8) for cSC3AgDeveloperRule::QueryInterface(unsigned int, void **)
001103f0	__thunk_8_AddRef__19cSC3AgDeveloperRule	virtual function thunk (delta:-8) for cSC3AgDeveloperRule::AddRef(void)
0011040c	__thunk_8_Release__19cSC3AgDeveloperRule	virtual function thunk (delta:-8) for cSC3AgDeveloperRule::Release(void)
00110428	__thunk_8_Init__19cSC3AgDeveloperRuleP9cISC3City	virtual function thunk (delta:-8) for cSC3AgDeveloperRule::Init(cISC3City *)
00110444	__thunk_8_Shutdown__19cSC3AgDeveloperRule	virtual function thunk (delta:-8) for cSC3AgDeveloperRule::Shutdown(void)
00110460	__thunk_8_RegisterBuildingFamily__19cSC3AgDeveloperRuleP19cISC3BuildingFamily	virtual function thunk (delta:-8) for cSC3AgDeveloperRule::RegisterBuildingFamily(cISC3BuildingFamily *)
0011047c	__thunk_8_SetTransportLimit__19cSC3AgDeveloperRuleUi	virtual function thunk (delta:-8) for cSC3AgDeveloperRule::SetTransportLimit(unsigned int)
00110498	__thunk_8_Apply__19cSC3AgDeveloperRuleRC14sIGZRectUint32Uiii	virtual function thunk (delta:-8) for cSC3AgDeveloperRule::Apply(sIGZRectUint32 const &, unsigned int, int, int)
001104c4	_S_oom_malloc__t23__malloc_alloc_template1i0Ui	__malloc_alloc_template<0>::_S_oom_malloc(unsigned int)
00110544	_S_refill__t24__default_alloc_template2b1i0Ui	__default_alloc_template<true, 0>::_S_refill(unsigned int)
001105d4	_M_insert_aux__t6vector2ZP15cISC3PortAttribZt9allocator1ZP15cISC3PortAttribPP15cISC3PortAttribRCP15cISC3PortAttrib	vector<cISC3PortAttrib *, allocator<cISC3PortAttrib *> >::_M_insert_aux(cISC3PortAttrib **, cISC3PortAttrib *const &)
00110904	__as__t6vector2ZP15cISC3PortAttribZt9allocator1ZP15cISC3PortAttribRCt6vector2ZP15cISC3PortAttribZt9allocator1ZP15cISC3PortAttrib	vector<cISC3PortAttrib *, allocator<cISC3PortAttrib *> >::operator=(vector<cISC3PortAttrib *, allocator<cISC3PortAttrib *> > const &)
00110c54	__uninitialized_copy_aux__H2ZPQ224cSC3AirparkDeveloperRule7tFamilyZPQ224cSC3AirparkDeveloperRule7tFamily_X01X01X11G12__false_type_X11	cSC3AirparkDeveloperRule::tFamily * __uninitialized_copy_aux<cSC3AirparkDeveloperRule::tFamily *, cSC3AirparkDeveloperRule::tFamily *>(cSC3AirparkDeveloperRule::tFamily *, cSC3AirparkDeveloperRule::tFamily *, cSC3AirparkDeveloperRule::tFamily *, __false_type)
00110d34	_M_insert_aux__t6vector2ZQ224cSC3AirparkDeveloperRule7tFamilyZt9allocator1ZQ224cSC3AirparkDeveloperRule7tFamilyPQ224cSC3AirparkDeveloperRule7tFamilyRCQ224cSC3AirparkDeveloperRule7tFamily	vector<cSC3AirparkDeveloperRule::tFamily, allocator<cSC3AirparkDeveloperRule::tFamily> >::_M_insert_aux(cSC3AirparkDeveloperRule::tFamily *, cSC3AirparkDeveloperRule::tFamily const &)
00111290	__thunk_12_QueryInterface__24cSC3AirparkDeveloperRuleUiPPv	virtual function thunk (delta:-12) for cSC3AirparkDeveloperRule::QueryInterface(unsigned int, void **)
001112ac	__thunk_12_AddRef__24cSC3AirparkDeveloperRule	virtual function thunk (delta:-12) for cSC3AirparkDeveloperRule::AddRef(void)
001112c8	__thunk_12_Release__24cSC3AirparkDeveloperRule	virtual function thunk (delta:-12) for cSC3AirparkDeveloperRule::Release(void)
001112e4	__thunk_8_QueryInterface__24cSC3AirparkDeveloperRuleUiPPv	virtual function thunk (delta:-8) for cSC3AirparkDeveloperRule::QueryInterface(unsigned int, void **)
00111300	__thunk_8_AddRef__24cSC3AirparkDeveloperRule	virtual function thunk (delta:-8) for cSC3AirparkDeveloperRule::AddRef(void)
0011131c	__thunk_8_Release__24cSC3AirparkDeveloperRule	virtual function thunk (delta:-8) for cSC3AirparkDeveloperRule::Release(void)
00111338	__thunk_8_Init__24cSC3AirparkDeveloperRuleP9cISC3City	virtual function thunk (delta:-8) for cSC3AirparkDeveloperRule::Init(cISC3City *)
00111354	__thunk_8_Shutdown__24cSC3AirparkDeveloperRule	virtual function thunk (delta:-8) for cSC3AirparkDeveloperRule::Shutdown(void)
00111370	__thunk_8_RegisterBuildingFamily__24cSC3AirparkDeveloperRuleP19cISC3BuildingFamily	virtual function thunk (delta:-8) for cSC3AirparkDeveloperRule::RegisterBuildingFamily(cISC3BuildingFamily *)
0011138c	__thunk_8_SetTransportLimit__24cSC3AirparkDeveloperRuleUi	virtual function thunk (delta:-8) for cSC3AirparkDeveloperRule::SetTransportLimit(unsigned int)
001113a8	__thunk_8_Apply__24cSC3AirparkDeveloperRuleRC14sIGZRectUint32Uiii	virtual function thunk (delta:-8) for cSC3AirparkDeveloperRule::Apply(sIGZRectUint32 const &, unsigned int, int, int)
001113d4	_M_insert_aux__t6vector2ZP18cISC3DeveloperRuleZt9allocator1ZP18cISC3DeveloperRulePP18cISC3DeveloperRuleRCP18cISC3DeveloperRule	vector<cISC3DeveloperRule *, allocator<cISC3DeveloperRule *> >::_M_insert_aux(cISC3DeveloperRule **, cISC3DeveloperRule *const &)
001116fc	__thunk_4__._24cSC3AirportZoneDeveloper	virtual function thunk (delta:-4) for cSC3AirportZoneDeveloper::~cSC3AirportZoneDeveloper(void)
00111718	__thunk_4_Release__24cSC3AirportZoneDeveloper	virtual function thunk (delta:-4) for cSC3AirportZoneDeveloper::Release(void)
00111734	__thunk_4_AddRef__24cSC3AirportZoneDeveloper	virtual function thunk (delta:-4) for cSC3AirportZoneDeveloper::AddRef(void)
00111750	fill_n__H3ZPiZUiZi_X01X11RCX21_X01	int * fill_n<int *, unsigned int, int>(int *, unsigned int, int const &)
00111774	__thunk_16_QueryInterface__19cSC3BuildingCollegeUiPPv	virtual function thunk (delta:-16) for cSC3BuildingCollege::QueryInterface(unsigned int, void **)
00111790	__thunk_16_AddRef__19cSC3BuildingCollege	virtual function thunk (delta:-16) for cSC3BuildingCollege::AddRef(void)
001117ac	__thunk_16_Release__19cSC3BuildingCollege	virtual function thunk (delta:-16) for cSC3BuildingCollege::Release(void)
001117c8	__thunk_4_Simulate__12cSC3Buildingi	virtual function thunk (delta:-4) for cSC3Building::Simulate(int)
001117e4	__thunk_4_MinimumExecutionInterval__12cSC3Building	virtual function thunk (delta:-4) for cSC3Building::MinimumExecutionInterval(void)
00111800	__thunk_4_IsAgentLocking__12cSC3Building	virtual function thunk (delta:-4) for cSC3Building::IsAgentLocking(void)
0011181c	__thunk_4_TypeId__C12cSC3Building	virtual function thunk (delta:-4) for cSC3Building::TypeId(void) const
00111838	__thunk_4_AgentType__12cSC3Building	virtual function thunk (delta:-4) for cSC3Building::AgentType(void)
00111854	__thunk_4_SetAgentType__12cSC3BuildingP18cISC3CityAgentType	virtual function thunk (delta:-4) for cSC3Building::SetAgentType(cISC3CityAgentType *)
00111870	__thunk_4_DebugInstanceTag__12cSC3BuildingR10cIGZString	virtual function thunk (delta:-4) for cSC3Building::DebugInstanceTag(cIGZString &)
0011188c	__thunk_4_DebugClassTag__12cSC3BuildingR10cIGZString	virtual function thunk (delta:-4) for cSC3Building::DebugClassTag(cIGZString &)
001118a8	__thunk_4_DebugTypeTag__12cSC3BuildingR10cIGZString	virtual function thunk (delta:-4) for cSC3Building::DebugTypeTag(cIGZString &)
001118c4	__thunk_4_QueryInterface__19cSC3BuildingCollegeUiPPv	virtual function thunk (delta:-4) for cSC3BuildingCollege::QueryInterface(unsigned int, void **)
001118e0	__thunk_4_AddRef__19cSC3BuildingCollege	virtual function thunk (delta:-4) for cSC3BuildingCollege::AddRef(void)
001118fc	__thunk_4_Release__19cSC3BuildingCollege	virtual function thunk (delta:-4) for cSC3BuildingCollege::Release(void)
00111918	__thunk_4_SystemMembership__19cSC3BuildingCollege	virtual function thunk (delta:-4) for cSC3BuildingCollege::SystemMembership(void)
00111934	__thunk_4_NumberOfSimsServed__19cSC3BuildingCollege	virtual function thunk (delta:-4) for cSC3BuildingCollege::NumberOfSimsServed(void)
00111950	__thunk_4_NumberOfEducators__19cSC3BuildingCollege	virtual function thunk (delta:-4) for cSC3BuildingCollege::NumberOfEducators(void)
0011196c	__thunk_4_MinAgeServed__19cSC3BuildingCollege	virtual function thunk (delta:-4) for cSC3BuildingCollege::MinAgeServed(void)
00111988	__thunk_4_MaxAgeServed__19cSC3BuildingCollege	virtual function thunk (delta:-4) for cSC3BuildingCollege::MaxAgeServed(void)
001119a4	__thunk_4_EQEffect__19cSC3BuildingCollege	virtual function thunk (delta:-4) for cSC3BuildingCollege::EQEffect(void)
001119c0	__thunk_12_QueryInterface__19cSC3BuildingCollegeUiPPv	virtual function thunk (delta:-12) for cSC3BuildingCollege::QueryInterface(unsigned int, void **)
001119dc	__thunk_12_AddRef__19cSC3BuildingCollege	virtual function thunk (delta:-12) for cSC3BuildingCollege::AddRef(void)
001119f8	__thunk_12_Release__19cSC3BuildingCollege	virtual function thunk (delta:-12) for cSC3BuildingCollege::Release(void)
00111a14	__thunk_12_AsISC3Occupant__19cSC3BuildingCollege	virtual function thunk (delta:-12) for cSC3BuildingCollege::AsISC3Occupant(void)
00111a30	__thunk_12_Init__19cSC3BuildingCollegeP9cISC3CityP19cISC3OccPersistInfo	virtual function thunk (delta:-12) for cSC3BuildingCollege::Init(cISC3City *, cISC3OccPersistInfo *)
00111a4c	__thunk_12_Save__19cSC3BuildingCollegeP9cISC3CityR19cISC3OccPersistInfo	virtual function thunk (delta:-12) for cSC3BuildingCollege::Save(cISC3City *, cISC3OccPersistInfo &)
00111a68	__thunk_8_QueryInterface__19cSC3BuildingCollegeUiPPv	virtual function thunk (delta:-8) for cSC3BuildingCollege::QueryInterface(unsigned int, void **)
00111a84	__thunk_8_AddRef__19cSC3BuildingCollege	virtual function thunk (delta:-8) for cSC3BuildingCollege::AddRef(void)
00111aa0	__thunk_8_Release__19cSC3BuildingCollege	virtual function thunk (delta:-8) for cSC3BuildingCollege::Release(void)
00111abc	__thunk_8_AsISC3Occupant__19cSC3BuildingCollege	virtual function thunk (delta:-8) for cSC3BuildingCollege::AsISC3Occupant(void)
00111ad8	__thunk_8_GetMonthlyUpkeep__19cSC3BuildingCollege	virtual function thunk (delta:-8) for cSC3BuildingCollege::GetMonthlyUpkeep(void)
00111af4	__thunk_8_SetFundingPercentage__19cSC3BuildingCollegeUc	virtual function thunk (delta:-8) for cSC3BuildingCollege::SetFundingPercentage(unsigned char)
00111b10	__thunk_20_QueryInterface__19cSC3BuildingCollegeUiPPv	virtual function thunk (delta:-20) for cSC3BuildingCollege::QueryInterface(unsigned int, void **)
00111b2c	__thunk_20_AddRef__19cSC3BuildingCollege	virtual function thunk (delta:-20) for cSC3BuildingCollege::AddRef(void)
00111b48	__thunk_20_Release__19cSC3BuildingCollege	virtual function thunk (delta:-20) for cSC3BuildingCollege::Release(void)
00111b64	__thunk_8_DoMessage__12cSC3BuildingR10cGZMessage	virtual function thunk (delta:-8) for cSC3Building::DoMessage(cGZMessage &)
00111b80	__thunk_8_DoQueryInfo__12cSC3BuildingR10cGZMessageP11cIGZUnknown	virtual function thunk (delta:-8) for cSC3Building::DoQueryInfo(cGZMessage &, cIGZUnknown *)
00111b9c	__thunk_8_Init__12cSC3BuildingP19cISC3OccupantAttrib	virtual function thunk (delta:-8) for cSC3Building::Init(cISC3OccupantAttrib *)
00111bb8	__thunk_8_Init__12cSC3BuildingR14cGZResourceKey	virtual function thunk (delta:-8) for cSC3Building::Init(cGZResourceKey &)
00111bd4	__thunk_20_Init__19cSC3BuildingCollegeP9cISC3CityP19cISC3OccPersistInfo	virtual function thunk (delta:-20) for cSC3BuildingCollege::Init(cISC3City *, cISC3OccPersistInfo *)
00111bf0	__thunk_8_Shutdown__12cSC3Building	virtual function thunk (delta:-8) for cSC3Building::Shutdown(void)
00111c0c	__thunk_20_Save__19cSC3BuildingCollegeP9cISC3CityR19cISC3OccPersistInfo	virtual function thunk (delta:-20) for cSC3BuildingCollege::Save(cISC3City *, cISC3OccPersistInfo &)
00111c28	__thunk_8_GetGeomFlag__12cSC3Building	virtual function thunk (delta:-8) for cSC3Building::GetGeomFlag(void)
00111c44	__thunk_8_GetName__12cSC3BuildingR10cIGZString	virtual function thunk (delta:-8) for cSC3Building::GetName(cIGZString &)
00111c60	__thunk_8_GetAttribData__12cSC3Building	virtual function thunk (delta:-8) for cSC3Building::GetAttribData(void)
00111c7c	__thunk_8_TypeId__C12cSC3Building	virtual function thunk (delta:-8) for cSC3Building::TypeId(void) const
00111c98	__thunk_8_GetSpriteAttrib__12cSC3BuildingUi	virtual function thunk (delta:-8) for cSC3Building::GetSpriteAttrib(unsigned int)
00111cb4	__thunk_8_GetSpriteAttrib__12cSC3Building	virtual function thunk (delta:-8) for cSC3Building::GetSpriteAttrib(void)
00111cd0	__thunk_8_GetMemUse__C12cSC3Building	virtual function thunk (delta:-8) for cSC3Building::GetMemUse(void) const
00111cec	__thunk_8_DebugInstanceTag__12cSC3BuildingR10cIGZString	virtual function thunk (delta:-8) for cSC3Building::DebugInstanceTag(cIGZString &)
00111d08	__thunk_8_DebugClassTag__12cSC3BuildingR10cIGZString	virtual function thunk (delta:-8) for cSC3Building::DebugClassTag(cIGZString &)
00111d24	__thunk_8_DebugTypeTag__12cSC3BuildingR10cIGZString	virtual function thunk (delta:-8) for cSC3Building::DebugTypeTag(cIGZString &)
00111d40	__thunk_20_DoQueryViews__19cSC3BuildingCollegeR10cGZMessageP13cISC3WinQuery	virtual function thunk (delta:-20) for cSC3BuildingCollege::DoQueryViews(cGZMessage &, cISC3WinQuery *)
00111d5c	__thunk_20_DoStandardQueryViewInfo__19cSC3BuildingCollegeR10cGZMessageP21cISC3WinQueryListView	virtual function thunk (delta:-20) for cSC3BuildingCollege::DoStandardQueryViewInfo(cGZMessage &, cISC3WinQueryListView *)
00111d78	__thunk_20_DoDebugQueryViewInfo__19cSC3BuildingCollegeR10cGZMessageP21cISC3WinQueryListView	virtual function thunk (delta:-20) for cSC3BuildingCollege::DoDebugQueryViewInfo(cGZMessage &, cISC3WinQueryListView *)
00111d94	__thunk_8_DoExitQueryWindow__12cSC3BuildingR10cGZMessageP13cISC3WinQuery	virtual function thunk (delta:-8) for cSC3Building::DoExitQueryWindow(cGZMessage &, cISC3WinQuery *)
00111db0	__thunk_20_SerialRead__19cSC3BuildingCollegeP9cISC3CityR18cIGZDBSerialRecord	virtual function thunk (delta:-20) for cSC3BuildingCollege::SerialRead(cISC3City *, cIGZDBSerialRecord &)
00111dcc	__thunk_20_SerialWrite__19cSC3BuildingCollegeP9cISC3CityR18cIGZDBSerialRecord	virtual function thunk (delta:-20) for cSC3BuildingCollege::SerialWrite(cISC3City *, cIGZDBSerialRecord &)
00111de8	__thunk_20__._19cSC3BuildingCollege	virtual function thunk (delta:-20) for cSC3BuildingCollege::~cSC3BuildingCollege(void)
00111e04	__thunk_16_QueryInterface__20cSC3BuildingHospitalUiPPv	virtual function thunk (delta:-16) for cSC3BuildingHospital::QueryInterface(unsigned int, void **)
00111e20	__thunk_16_AddRef__20cSC3BuildingHospital	virtual function thunk (delta:-16) for cSC3BuildingHospital::AddRef(void)
00111e3c	__thunk_16_Release__20cSC3BuildingHospital	virtual function thunk (delta:-16) for cSC3BuildingHospital::Release(void)
00111e58	__thunk_8_QueryInterface__20cSC3BuildingHospitalUiPPv	virtual function thunk (delta:-8) for cSC3BuildingHospital::QueryInterface(unsigned int, void **)
00111e74	__thunk_8_AddRef__20cSC3BuildingHospital	virtual function thunk (delta:-8) for cSC3BuildingHospital::AddRef(void)
00111e90	__thunk_8_Release__20cSC3BuildingHospital	virtual function thunk (delta:-8) for cSC3BuildingHospital::Release(void)
00111eac	__thunk_8_NumberOfSimsServed__20cSC3BuildingHospital	virtual function thunk (delta:-8) for cSC3BuildingHospital::NumberOfSimsServed(void)
00111ec8	__thunk_8_NumberOfDoctors__20cSC3BuildingHospital	virtual function thunk (delta:-8) for cSC3BuildingHospital::NumberOfDoctors(void)
00111ee4	__thunk_8_HQEffect__20cSC3BuildingHospital	virtual function thunk (delta:-8) for cSC3BuildingHospital::HQEffect(void)
00111f00	__thunk_12_QueryInterface__20cSC3BuildingHospitalUiPPv	virtual function thunk (delta:-12) for cSC3BuildingHospital::QueryInterface(unsigned int, void **)
00111f1c	__thunk_12_AddRef__20cSC3BuildingHospital	virtual function thunk (delta:-12) for cSC3BuildingHospital::AddRef(void)
00111f38	__thunk_12_Release__20cSC3BuildingHospital	virtual function thunk (delta:-12) for cSC3BuildingHospital::Release(void)
00111f54	__thunk_12_AsISC3Occupant__20cSC3BuildingHospital	virtual function thunk (delta:-12) for cSC3BuildingHospital::AsISC3Occupant(void)
00111f70	__thunk_12_Init__20cSC3BuildingHospitalP9cISC3CityP19cISC3OccPersistInfo	virtual function thunk (delta:-12) for cSC3BuildingHospital::Init(cISC3City *, cISC3OccPersistInfo *)
00111f8c	__thunk_12_Save__20cSC3BuildingHospitalP9cISC3CityR19cISC3OccPersistInfo	virtual function thunk (delta:-12) for cSC3BuildingHospital::Save(cISC3City *, cISC3OccPersistInfo &)
00111fa8	__thunk_4_QueryInterface__20cSC3BuildingHospitalUiPPv	virtual function thunk (delta:-4) for cSC3BuildingHospital::QueryInterface(unsigned int, void **)
00111fc4	__thunk_4_AddRef__20cSC3BuildingHospital	virtual function thunk (delta:-4) for cSC3BuildingHospital::AddRef(void)
00111fe0	__thunk_4_Release__20cSC3BuildingHospital	virtual function thunk (delta:-4) for cSC3BuildingHospital::Release(void)
00111ffc	__thunk_4_AsISC3Occupant__20cSC3BuildingHospital	virtual function thunk (delta:-4) for cSC3BuildingHospital::AsISC3Occupant(void)
00112018	__thunk_4_GetMonthlyUpkeep__20cSC3BuildingHospital	virtual function thunk (delta:-4) for cSC3BuildingHospital::GetMonthlyUpkeep(void)
00112034	__thunk_4_SetFundingPercentage__20cSC3BuildingHospitalUc	virtual function thunk (delta:-4) for cSC3BuildingHospital::SetFundingPercentage(unsigned char)
00112050	__thunk_20_QueryInterface__20cSC3BuildingHospitalUiPPv	virtual function thunk (delta:-20) for cSC3BuildingHospital::QueryInterface(unsigned int, void **)
0011206c	__thunk_20_AddRef__20cSC3BuildingHospital	virtual function thunk (delta:-20) for cSC3BuildingHospital::AddRef(void)
00112088	__thunk_20_Release__20cSC3BuildingHospital	virtual function thunk (delta:-20) for cSC3BuildingHospital::Release(void)
001120a4	__thunk_20_Init__20cSC3BuildingHospitalP9cISC3CityP19cISC3OccPersistInfo	virtual function thunk (delta:-20) for cSC3BuildingHospital::Init(cISC3City *, cISC3OccPersistInfo *)
001120c0	__thunk_20_Save__20cSC3BuildingHospitalP9cISC3CityR19cISC3OccPersistInfo	virtual function thunk (delta:-20) for cSC3BuildingHospital::Save(cISC3City *, cISC3OccPersistInfo &)
001120dc	__thunk_20_DoQueryViews__20cSC3BuildingHospitalR10cGZMessageP13cISC3WinQuery	virtual function thunk (delta:-20) for cSC3BuildingHospital::DoQueryViews(cGZMessage &, cISC3WinQuery *)
001120f8	__thunk_20_DoStandardQueryViewInfo__20cSC3BuildingHospitalR10cGZMessageP21cISC3WinQueryListView	virtual function thunk (delta:-20) for cSC3BuildingHospital::DoStandardQueryViewInfo(cGZMessage &, cISC3WinQueryListView *)
00112114	__thunk_20_DoDebugQueryViewInfo__20cSC3BuildingHospitalR10cGZMessageP21cISC3WinQueryListView	virtual function thunk (delta:-20) for cSC3BuildingHospital::DoDebugQueryViewInfo(cGZMessage &, cISC3WinQueryListView *)
00112130	__thunk_20_SerialRead__20cSC3BuildingHospitalP9cISC3CityR18cIGZDBSerialRecord	virtual function thunk (delta:-20) for cSC3BuildingHospital::SerialRead(cISC3City *, cIGZDBSerialRecord &)
0011214c	__thunk_20_SerialWrite__20cSC3BuildingHospitalP9cISC3CityR18cIGZDBSerialRecord	virtual function thunk (delta:-20) for cSC3BuildingHospital::SerialWrite(cISC3City *, cIGZDBSerialRecord &)
00112168	__thunk_20__._20cSC3BuildingHospital	virtual function thunk (delta:-20) for cSC3BuildingHospital::~cSC3BuildingHospital(void)
00112184	__thunk_16_QueryInterface__19cSC3BuildingLibraryUiPPv	virtual function thunk (delta:-16) for cSC3BuildingLibrary::QueryInterface(unsigned int, void **)
001121a0	__thunk_16_AddRef__19cSC3BuildingLibrary	virtual function thunk (delta:-16) for cSC3BuildingLibrary::AddRef(void)
001121bc	__thunk_16_Release__19cSC3BuildingLibrary	virtual function thunk (delta:-16) for cSC3BuildingLibrary::Release(void)
001121d8	__thunk_4_QueryInterface__19cSC3BuildingLibraryUiPPv	virtual function thunk (delta:-4) for cSC3BuildingLibrary::QueryInterface(unsigned int, void **)
001121f4	__thunk_4_AddRef__19cSC3BuildingLibrary	virtual function thunk (delta:-4) for cSC3BuildingLibrary::AddRef(void)
00112210	__thunk_4_Release__19cSC3BuildingLibrary	virtual function thunk (delta:-4) for cSC3BuildingLibrary::Release(void)
0011222c	__thunk_4_SystemMembership__19cSC3BuildingLibrary	virtual function thunk (delta:-4) for cSC3BuildingLibrary::SystemMembership(void)
00112248	__thunk_4_NumberOfSimsServed__19cSC3BuildingLibrary	virtual function thunk (delta:-4) for cSC3BuildingLibrary::NumberOfSimsServed(void)
00112264	__thunk_4_NumberOfEducators__19cSC3BuildingLibrary	virtual function thunk (delta:-4) for cSC3BuildingLibrary::NumberOfEducators(void)
00112280	__thunk_4_MinAgeServed__19cSC3BuildingLibrary	virtual function thunk (delta:-4) for cSC3BuildingLibrary::MinAgeServed(void)
0011229c	__thunk_4_MaxAgeServed__19cSC3BuildingLibrary	virtual function thunk (delta:-4) for cSC3BuildingLibrary::MaxAgeServed(void)
001122b8	__thunk_4_EQEffect__19cSC3BuildingLibrary	virtual function thunk (delta:-4) for cSC3BuildingLibrary::EQEffect(void)
001122d4	__thunk_12_QueryInterface__19cSC3BuildingLibraryUiPPv	virtual function thunk (delta:-12) for cSC3BuildingLibrary::QueryInterface(unsigned int, void **)
001122f0	__thunk_12_AddRef__19cSC3BuildingLibrary	virtual function thunk (delta:-12) for cSC3BuildingLibrary::AddRef(void)
0011230c	__thunk_12_Release__19cSC3BuildingLibrary	virtual function thunk (delta:-12) for cSC3BuildingLibrary::Release(void)
00112328	__thunk_12_AsISC3Occupant__19cSC3BuildingLibrary	virtual function thunk (delta:-12) for cSC3BuildingLibrary::AsISC3Occupant(void)
00112344	__thunk_12_Init__19cSC3BuildingLibraryP9cISC3CityP19cISC3OccPersistInfo	virtual function thunk (delta:-12) for cSC3BuildingLibrary::Init(cISC3City *, cISC3OccPersistInfo *)
00112360	__thunk_12_Save__19cSC3BuildingLibraryP9cISC3CityR19cISC3OccPersistInfo	virtual function thunk (delta:-12) for cSC3BuildingLibrary::Save(cISC3City *, cISC3OccPersistInfo &)
0011237c	__thunk_8_QueryInterface__19cSC3BuildingLibraryUiPPv	virtual function thunk (delta:-8) for cSC3BuildingLibrary::QueryInterface(unsigned int, void **)
00112398	__thunk_8_AddRef__19cSC3BuildingLibrary	virtual function thunk (delta:-8) for cSC3BuildingLibrary::AddRef(void)
001123b4	__thunk_8_Release__19cSC3BuildingLibrary	virtual function thunk (delta:-8) for cSC3BuildingLibrary::Release(void)
001123d0	__thunk_8_AsISC3Occupant__19cSC3BuildingLibrary	virtual function thunk (delta:-8) for cSC3BuildingLibrary::AsISC3Occupant(void)
001123ec	__thunk_8_GetMonthlyUpkeep__19cSC3BuildingLibrary	virtual function thunk (delta:-8) for cSC3BuildingLibrary::GetMonthlyUpkeep(void)
00112408	__thunk_8_SetFundingPercentage__19cSC3BuildingLibraryUc	virtual function thunk (delta:-8) for cSC3BuildingLibrary::SetFundingPercentage(unsigned char)
00112424	__thunk_20_QueryInterface__19cSC3BuildingLibraryUiPPv	virtual function thunk (delta:-20) for cSC3BuildingLibrary::QueryInterface(unsigned int, void **)
00112440	__thunk_20_AddRef__19cSC3BuildingLibrary	virtual function thunk (delta:-20) for cSC3BuildingLibrary::AddRef(void)
0011245c	__thunk_20_Release__19cSC3BuildingLibrary	virtual function thunk (delta:-20) for cSC3BuildingLibrary::Release(void)
00112478	__thunk_20_Init__19cSC3BuildingLibraryP9cISC3CityP19cISC3OccPersistInfo	virtual function thunk (delta:-20) for cSC3BuildingLibrary::Init(cISC3City *, cISC3OccPersistInfo *)
00112494	__thunk_20_Save__19cSC3BuildingLibraryP9cISC3CityR19cISC3OccPersistInfo	virtual function thunk (delta:-20) for cSC3BuildingLibrary::Save(cISC3City *, cISC3OccPersistInfo &)
001124b0	__thunk_8_DoQueryViews__12cSC3BuildingR10cGZMessageP13cISC3WinQuery	virtual function thunk (delta:-8) for cSC3Building::DoQueryViews(cGZMessage &, cISC3WinQuery *)
001124cc	__thunk_20_DoStandardQueryViewInfo__19cSC3BuildingLibraryR10cGZMessageP21cISC3WinQueryListView	virtual function thunk (delta:-20) for cSC3BuildingLibrary::DoStandardQueryViewInfo(cGZMessage &, cISC3WinQueryListView *)
001124e8	__thunk_20_DoDebugQueryViewInfo__19cSC3BuildingLibraryR10cGZMessageP21cISC3WinQueryListView	virtual function thunk (delta:-20) for cSC3BuildingLibrary::DoDebugQueryViewInfo(cGZMessage &, cISC3WinQueryListView *)
00112504	__thunk_20_SerialRead__19cSC3BuildingLibraryP9cISC3CityR18cIGZDBSerialRecord	virtual function thunk (delta:-20) for cSC3BuildingLibrary::SerialRead(cISC3City *, cIGZDBSerialRecord &)
00112520	__thunk_20_SerialWrite__19cSC3BuildingLibraryP9cISC3CityR18cIGZDBSerialRecord	virtual function thunk (delta:-20) for cSC3BuildingLibrary::SerialWrite(cISC3City *, cIGZDBSerialRecord &)
0011253c	__thunk_20__._19cSC3BuildingLibrary	virtual function thunk (delta:-20) for cSC3BuildingLibrary::~cSC3BuildingLibrary(void)
00112558	__thunk_16_QueryInterface__18cSC3BuildingMuseumUiPPv	virtual function thunk (delta:-16) for cSC3BuildingMuseum::QueryInterface(unsigned int, void **)
00112574	__thunk_16_AddRef__18cSC3BuildingMuseum	virtual function thunk (delta:-16) for cSC3BuildingMuseum::AddRef(void)
00112590	__thunk_16_Release__18cSC3BuildingMuseum	virtual function thunk (delta:-16) for cSC3BuildingMuseum::Release(void)
001125ac	__thunk_4_QueryInterface__18cSC3BuildingMuseumUiPPv	virtual function thunk (delta:-4) for cSC3BuildingMuseum::QueryInterface(unsigned int, void **)
001125c8	__thunk_4_AddRef__18cSC3BuildingMuseum	virtual function thunk (delta:-4) for cSC3BuildingMuseum::AddRef(void)
001125e4	__thunk_4_Release__18cSC3BuildingMuseum	virtual function thunk (delta:-4) for cSC3BuildingMuseum::Release(void)
00112600	__thunk_4_SystemMembership__18cSC3BuildingMuseum	virtual function thunk (delta:-4) for cSC3BuildingMuseum::SystemMembership(void)
0011261c	__thunk_4_NumberOfSimsServed__18cSC3BuildingMuseum	virtual function thunk (delta:-4) for cSC3BuildingMuseum::NumberOfSimsServed(void)
00112638	__thunk_4_NumberOfEducators__18cSC3BuildingMuseum	virtual function thunk (delta:-4) for cSC3BuildingMuseum::NumberOfEducators(void)
00112654	__thunk_4_MinAgeServed__18cSC3BuildingMuseum	virtual function thunk (delta:-4) for cSC3BuildingMuseum::MinAgeServed(void)
00112670	__thunk_4_MaxAgeServed__18cSC3BuildingMuseum	virtual function thunk (delta:-4) for cSC3BuildingMuseum::MaxAgeServed(void)
0011268c	__thunk_4_EQEffect__18cSC3BuildingMuseum	virtual function thunk (delta:-4) for cSC3BuildingMuseum::EQEffect(void)
001126a8	__thunk_12_QueryInterface__18cSC3BuildingMuseumUiPPv	virtual function thunk (delta:-12) for cSC3BuildingMuseum::QueryInterface(unsigned int, void **)
001126c4	__thunk_12_AddRef__18cSC3BuildingMuseum	virtual function thunk (delta:-12) for cSC3BuildingMuseum::AddRef(void)
001126e0	__thunk_12_Release__18cSC3BuildingMuseum	virtual function thunk (delta:-12) for cSC3BuildingMuseum::Release(void)
001126fc	__thunk_12_AsISC3Occupant__18cSC3BuildingMuseum	virtual function thunk (delta:-12) for cSC3BuildingMuseum::AsISC3Occupant(void)
00112718	__thunk_12_Init__18cSC3BuildingMuseumP9cISC3CityP19cISC3OccPersistInfo	virtual function thunk (delta:-12) for cSC3BuildingMuseum::Init(cISC3City *, cISC3OccPersistInfo *)
00112734	__thunk_12_Save__18cSC3BuildingMuseumP9cISC3CityR19cISC3OccPersistInfo	virtual function thunk (delta:-12) for cSC3BuildingMuseum::Save(cISC3City *, cISC3OccPersistInfo &)
00112750	__thunk_8_QueryInterface__18cSC3BuildingMuseumUiPPv	virtual function thunk (delta:-8) for cSC3BuildingMuseum::QueryInterface(unsigned int, void **)
0011276c	__thunk_8_AddRef__18cSC3BuildingMuseum	virtual function thunk (delta:-8) for cSC3BuildingMuseum::AddRef(void)
00112788	__thunk_8_Release__18cSC3BuildingMuseum	virtual function thunk (delta:-8) for cSC3BuildingMuseum::Release(void)
001127a4	__thunk_8_AsISC3Occupant__18cSC3BuildingMuseum	virtual function thunk (delta:-8) for cSC3BuildingMuseum::AsISC3Occupant(void)
001127c0	__thunk_8_GetMonthlyUpkeep__18cSC3BuildingMuseum	virtual function thunk (delta:-8) for cSC3BuildingMuseum::GetMonthlyUpkeep(void)
001127dc	__thunk_8_SetFundingPercentage__18cSC3BuildingMuseumUc	virtual function thunk (delta:-8) for cSC3BuildingMuseum::SetFundingPercentage(unsigned char)
001127f8	__thunk_20_QueryInterface__18cSC3BuildingMuseumUiPPv	virtual function thunk (delta:-20) for cSC3BuildingMuseum::QueryInterface(unsigned int, void **)
00112814	__thunk_20_AddRef__18cSC3BuildingMuseum	virtual function thunk (delta:-20) for cSC3BuildingMuseum::AddRef(void)
00112830	__thunk_20_Release__18cSC3BuildingMuseum	virtual function thunk (delta:-20) for cSC3BuildingMuseum::Release(void)
0011284c	__thunk_20_Init__18cSC3BuildingMuseumP9cISC3CityP19cISC3OccPersistInfo	virtual function thunk (delta:-20) for cSC3BuildingMuseum::Init(cISC3City *, cISC3OccPersistInfo *)
00112868	__thunk_20_Save__18cSC3BuildingMuseumP9cISC3CityR19cISC3OccPersistInfo	virtual function thunk (delta:-20) for cSC3BuildingMuseum::Save(cISC3City *, cISC3OccPersistInfo &)
00112884	__thunk_20_DoStandardQueryViewInfo__18cSC3BuildingMuseumR10cGZMessageP21cISC3WinQueryListView	virtual function thunk (delta:-20) for cSC3BuildingMuseum::DoStandardQueryViewInfo(cGZMessage &, cISC3WinQueryListView *)
001128a0	__thunk_20_DoDebugQueryViewInfo__18cSC3BuildingMuseumR10cGZMessageP21cISC3WinQueryListView	virtual function thunk (delta:-20) for cSC3BuildingMuseum::DoDebugQueryViewInfo(cGZMessage &, cISC3WinQueryListView *)
001128bc	__thunk_20_SerialRead__18cSC3BuildingMuseumP9cISC3CityR18cIGZDBSerialRecord	virtual function thunk (delta:-20) for cSC3BuildingMuseum::SerialRead(cISC3City *, cIGZDBSerialRecord &)
001128d8	__thunk_20_SerialWrite__18cSC3BuildingMuseumP9cISC3CityR18cIGZDBSerialRecord	virtual function thunk (delta:-20) for cSC3BuildingMuseum::SerialWrite(cISC3City *, cIGZDBSerialRecord &)
001128f4	__thunk_20__._18cSC3BuildingMuseum	virtual function thunk (delta:-20) for cSC3BuildingMuseum::~cSC3BuildingMuseum(void)
00112910	__thunk_4_QueryInterface__16cSC3BuildingPierUiPPv	virtual function thunk (delta:-4) for cSC3BuildingPier::QueryInterface(unsigned int, void **)
0011292c	__thunk_4_AddRef__16cSC3BuildingPier	virtual function thunk (delta:-4) for cSC3BuildingPier::AddRef(void)
00112948	__thunk_4_Release__16cSC3BuildingPier	virtual function thunk (delta:-4) for cSC3BuildingPier::Release(void)
00112964	__thunk_4_Simulate__16cSC3BuildingPieri	virtual function thunk (delta:-4) for cSC3BuildingPier::Simulate(int)
00112980	__thunk_4_MinimumExecutionInterval__16cSC3BuildingPier	virtual function thunk (delta:-4) for cSC3BuildingPier::MinimumExecutionInterval(void)
0011299c	__thunk_8_QueryInterface__16cSC3BuildingPierUiPPv	virtual function thunk (delta:-8) for cSC3BuildingPier::QueryInterface(unsigned int, void **)
001129b8	__thunk_8_AddRef__16cSC3BuildingPier	virtual function thunk (delta:-8) for cSC3BuildingPier::AddRef(void)
001129d4	__thunk_8_Release__16cSC3BuildingPier	virtual function thunk (delta:-8) for cSC3BuildingPier::Release(void)
001129f0	__thunk_8_Init__16cSC3BuildingPierP9cISC3CityP19cISC3OccPersistInfo	virtual function thunk (delta:-8) for cSC3BuildingPier::Init(cISC3City *, cISC3OccPersistInfo *)
00112a0c	__thunk_8_Save__16cSC3BuildingPierP9cISC3CityR19cISC3OccPersistInfo	virtual function thunk (delta:-8) for cSC3BuildingPier::Save(cISC3City *, cISC3OccPersistInfo &)
00112a28	__thunk_8_DoStandardQueryViewInfo__12cSC3BuildingR10cGZMessageP21cISC3WinQueryListView	virtual function thunk (delta:-8) for cSC3Building::DoStandardQueryViewInfo(cGZMessage &, cISC3WinQueryListView *)
00112a44	__thunk_8_DoDebugQueryViewInfo__12cSC3BuildingR10cGZMessageP21cISC3WinQueryListView	virtual function thunk (delta:-8) for cSC3Building::DoDebugQueryViewInfo(cGZMessage &, cISC3WinQueryListView *)
00112a60	__thunk_8_SerialRead__16cSC3BuildingPierP9cISC3CityR18cIGZDBSerialRecord	virtual function thunk (delta:-8) for cSC3BuildingPier::SerialRead(cISC3City *, cIGZDBSerialRecord &)
00112a7c	__thunk_8_SerialWrite__16cSC3BuildingPierP9cISC3CityR18cIGZDBSerialRecord	virtual function thunk (delta:-8) for cSC3BuildingPier::SerialWrite(cISC3City *, cIGZDBSerialRecord &)
00112a98	__thunk_8__._16cSC3BuildingPier	virtual function thunk (delta:-8) for cSC3BuildingPier::~cSC3BuildingPier(void)
00112ab4	__thunk_16_QueryInterface__18cSC3BuildingSchoolUiPPv	virtual function thunk (delta:-16) for cSC3BuildingSchool::QueryInterface(unsigned int, void **)
00112ad0	__thunk_16_AddRef__18cSC3BuildingSchool	virtual function thunk (delta:-16) for cSC3BuildingSchool::AddRef(void)
00112aec	__thunk_16_Release__18cSC3BuildingSchool	virtual function thunk (delta:-16) for cSC3BuildingSchool::Release(void)
00112b08	__thunk_4_QueryInterface__18cSC3BuildingSchoolUiPPv	virtual function thunk (delta:-4) for cSC3BuildingSchool::QueryInterface(unsigned int, void **)
00112b24	__thunk_4_AddRef__18cSC3BuildingSchool	virtual function thunk (delta:-4) for cSC3BuildingSchool::AddRef(void)
00112b40	__thunk_4_Release__18cSC3BuildingSchool	virtual function thunk (delta:-4) for cSC3BuildingSchool::Release(void)
00112b5c	__thunk_4_SystemMembership__18cSC3BuildingSchool	virtual function thunk (delta:-4) for cSC3BuildingSchool::SystemMembership(void)
00112b78	__thunk_4_NumberOfSimsServed__18cSC3BuildingSchool	virtual function thunk (delta:-4) for cSC3BuildingSchool::NumberOfSimsServed(void)
00112b94	__thunk_4_NumberOfEducators__18cSC3BuildingSchool	virtual function thunk (delta:-4) for cSC3BuildingSchool::NumberOfEducators(void)
00112bb0	__thunk_4_MinAgeServed__18cSC3BuildingSchool	virtual function thunk (delta:-4) for cSC3BuildingSchool::MinAgeServed(void)
00112bcc	__thunk_4_MaxAgeServed__18cSC3BuildingSchool	virtual function thunk (delta:-4) for cSC3BuildingSchool::MaxAgeServed(void)
00112be8	__thunk_4_EQEffect__18cSC3BuildingSchool	virtual function thunk (delta:-4) for cSC3BuildingSchool::EQEffect(void)
00112c04	__thunk_12_QueryInterface__18cSC3BuildingSchoolUiPPv	virtual function thunk (delta:-12) for cSC3BuildingSchool::QueryInterface(unsigned int, void **)
00112c20	__thunk_12_AddRef__18cSC3BuildingSchool	virtual function thunk (delta:-12) for cSC3BuildingSchool::AddRef(void)
00112c3c	__thunk_12_Release__18cSC3BuildingSchool	virtual function thunk (delta:-12) for cSC3BuildingSchool::Release(void)
00112c58	__thunk_12_AsISC3Occupant__18cSC3BuildingSchool	virtual function thunk (delta:-12) for cSC3BuildingSchool::AsISC3Occupant(void)
00112c74	__thunk_12_Init__18cSC3BuildingSchoolP9cISC3CityP19cISC3OccPersistInfo	virtual function thunk (delta:-12) for cSC3BuildingSchool::Init(cISC3City *, cISC3OccPersistInfo *)
00112c90	__thunk_12_Save__18cSC3BuildingSchoolP9cISC3CityR19cISC3OccPersistInfo	virtual function thunk (delta:-12) for cSC3BuildingSchool::Save(cISC3City *, cISC3OccPersistInfo &)
00112cac	__thunk_8_QueryInterface__18cSC3BuildingSchoolUiPPv	virtual function thunk (delta:-8) for cSC3BuildingSchool::QueryInterface(unsigned int, void **)
00112cc8	__thunk_8_AddRef__18cSC3BuildingSchool	virtual function thunk (delta:-8) for cSC3BuildingSchool::AddRef(void)
00112ce4	__thunk_8_Release__18cSC3BuildingSchool	virtual function thunk (delta:-8) for cSC3BuildingSchool::Release(void)
00112d00	__thunk_8_AsISC3Occupant__18cSC3BuildingSchool	virtual function thunk (delta:-8) for cSC3BuildingSchool::AsISC3Occupant(void)
00112d1c	__thunk_8_GetMonthlyUpkeep__18cSC3BuildingSchool	virtual function thunk (delta:-8) for cSC3BuildingSchool::GetMonthlyUpkeep(void)
00112d38	__thunk_8_SetFundingPercentage__18cSC3BuildingSchoolUc	virtual function thunk (delta:-8) for cSC3BuildingSchool::SetFundingPercentage(unsigned char)
00112d54	__thunk_20_QueryInterface__18cSC3BuildingSchoolUiPPv	virtual function thunk (delta:-20) for cSC3BuildingSchool::QueryInterface(unsigned int, void **)
00112d70	__thunk_20_AddRef__18cSC3BuildingSchool	virtual function thunk (delta:-20) for cSC3BuildingSchool::AddRef(void)
00112d8c	__thunk_20_Release__18cSC3BuildingSchool	virtual function thunk (delta:-20) for cSC3BuildingSchool::Release(void)
00112da8	__thunk_20_Init__18cSC3BuildingSchoolP9cISC3CityP19cISC3OccPersistInfo	virtual function thunk (delta:-20) for cSC3BuildingSchool::Init(cISC3City *, cISC3OccPersistInfo *)
00112dc4	__thunk_20_Save__18cSC3BuildingSchoolP9cISC3CityR19cISC3OccPersistInfo	virtual function thunk (delta:-20) for cSC3BuildingSchool::Save(cISC3City *, cISC3OccPersistInfo &)
00112de0	__thunk_20_DoQueryViews__18cSC3BuildingSchoolR10cGZMessageP13cISC3WinQuery	virtual function thunk (delta:-20) for cSC3BuildingSchool::DoQueryViews(cGZMessage &, cISC3WinQuery *)
00112dfc	__thunk_20_DoStandardQueryViewInfo__18cSC3BuildingSchoolR10cGZMessageP21cISC3WinQueryListView	virtual function thunk (delta:-20) for cSC3BuildingSchool::DoStandardQueryViewInfo(cGZMessage &, cISC3WinQueryListView *)
00112e18	__thunk_20_DoDebugQueryViewInfo__18cSC3BuildingSchoolR10cGZMessageP21cISC3WinQueryListView	virtual function thunk (delta:-20) for cSC3BuildingSchool::DoDebugQueryViewInfo(cGZMessage &, cISC3WinQueryListView *)
00112e34	__thunk_20_SerialRead__18cSC3BuildingSchoolP9cISC3CityR18cIGZDBSerialRecord	virtual function thunk (delta:-20) for cSC3BuildingSchool::SerialRead(cISC3City *, cIGZDBSerialRecord &)
00112e50	__thunk_20_SerialWrite__18cSC3BuildingSchoolP9cISC3CityR18cIGZDBSerialRecord	virtual function thunk (delta:-20) for cSC3BuildingSchool::SerialWrite(cISC3City *, cIGZDBSerialRecord &)
00112e6c	__thunk_20__._18cSC3BuildingSchool	virtual function thunk (delta:-20) for cSC3BuildingSchool::~cSC3BuildingSchool(void)
00112e88	__thunk_116__._21cSC3CityToolPlaceZone	virtual function thunk (delta:-116) for cSC3CityToolPlaceZone::~cSC3CityToolPlaceZone(void)
00112ea4	__thunk_116_Release__21cSC3CityToolPlaceZone	virtual function thunk (delta:-116) for cSC3CityToolPlaceZone::Release(void)
00112ec0	__thunk_116_AddRef__21cSC3CityToolPlaceZone	virtual function thunk (delta:-116) for cSC3CityToolPlaceZone::AddRef(void)
00112edc	__thunk_112_QueryInterface__21cSC3CityToolPlaceZoneUiPPv	virtual function thunk (delta:-112) for cSC3CityToolPlaceZone::QueryInterface(unsigned int, void **)
00112ef8	__thunk_112_AddRef__21cSC3CityToolPlaceZone	virtual function thunk (delta:-112) for cSC3CityToolPlaceZone::AddRef(void)
00112f14	__thunk_112_Release__21cSC3CityToolPlaceZone	virtual function thunk (delta:-112) for cSC3CityToolPlaceZone::Release(void)
00112f30	__thunk_112_Execute__21cSC3CityToolPlaceZone	virtual function thunk (delta:-112) for cSC3CityToolPlaceZone::Execute(void)
00112f50	_._17cSC3RCICmdFactory	cSC3RCICmdFactory::~cSC3RCICmdFactory(void)
00112f84	__uninitialized_copy_aux__H2ZPQ222cSC3ComHDDeveloperRule7tFamilyZPQ222cSC3ComHDDeveloperRule7tFamily_X01X01X11G12__false_type_X11	cSC3ComHDDeveloperRule::tFamily * __uninitialized_copy_aux<cSC3ComHDDeveloperRule::tFamily *, cSC3ComHDDeveloperRule::tFamily *>(cSC3ComHDDeveloperRule::tFamily *, cSC3ComHDDeveloperRule::tFamily *, cSC3ComHDDeveloperRule::tFamily *, __false_type)
00113064	_M_insert_aux__t6vector2ZQ222cSC3ComHDDeveloperRule7tFamilyZt9allocator1ZQ222cSC3ComHDDeveloperRule7tFamilyPQ222cSC3ComHDDeveloperRule7tFamilyRCQ222cSC3ComHDDeveloperRule7tFamily	vector<cSC3ComHDDeveloperRule::tFamily, allocator<cSC3ComHDDeveloperRule::tFamily> >::_M_insert_aux(cSC3ComHDDeveloperRule::tFamily *, cSC3ComHDDeveloperRule::tFamily const &)
001134ec	__thunk_12_QueryInterface__22cSC3ComHDDeveloperRuleUiPPv	virtual function thunk (delta:-12) for cSC3ComHDDeveloperRule::QueryInterface(unsigned int, void **)
00113508	__thunk_12_AddRef__22cSC3ComHDDeveloperRule	virtual function thunk (delta:-12) for cSC3ComHDDeveloperRule::AddRef(void)
00113524	__thunk_12_Release__22cSC3ComHDDeveloperRule	virtual function thunk (delta:-12) for cSC3ComHDDeveloperRule::Release(void)
00113540	__thunk_8_QueryInterface__22cSC3ComHDDeveloperRuleUiPPv	virtual function thunk (delta:-8) for cSC3ComHDDeveloperRule::QueryInterface(unsigned int, void **)
0011355c	__thunk_8_AddRef__22cSC3ComHDDeveloperRule	virtual function thunk (delta:-8) for cSC3ComHDDeveloperRule::AddRef(void)
00113578	__thunk_8_Release__22cSC3ComHDDeveloperRule	virtual function thunk (delta:-8) for cSC3ComHDDeveloperRule::Release(void)
00113594	__thunk_8_Init__22cSC3ComHDDeveloperRuleP9cISC3City	virtual function thunk (delta:-8) for cSC3ComHDDeveloperRule::Init(cISC3City *)
001135b0	__thunk_8_Shutdown__22cSC3ComHDDeveloperRule	virtual function thunk (delta:-8) for cSC3ComHDDeveloperRule::Shutdown(void)
001135cc	__thunk_8_RegisterBuildingFamily__22cSC3ComHDDeveloperRuleP19cISC3BuildingFamily	virtual function thunk (delta:-8) for cSC3ComHDDeveloperRule::RegisterBuildingFamily(cISC3BuildingFamily *)
001135e8	__thunk_8_SetTransportLimit__22cSC3ComHDDeveloperRuleUi	virtual function thunk (delta:-8) for cSC3ComHDDeveloperRule::SetTransportLimit(unsigned int)
00113604	__thunk_8_Apply__22cSC3ComHDDeveloperRuleRC14sIGZRectUint32Uiii	virtual function thunk (delta:-8) for cSC3ComHDDeveloperRule::Apply(sIGZRectUint32 const &, unsigned int, int, int)
00113624	__uninitialized_copy_aux__H2ZPQ222cSC3ComLDDeveloperRule7tFamilyZPQ222cSC3ComLDDeveloperRule7tFamily_X01X01X11G12__false_type_X11	cSC3ComLDDeveloperRule::tFamily * __uninitialized_copy_aux<cSC3ComLDDeveloperRule::tFamily *, cSC3ComLDDeveloperRule::tFamily *>(cSC3ComLDDeveloperRule::tFamily *, cSC3ComLDDeveloperRule::tFamily *, cSC3ComLDDeveloperRule::tFamily *, __false_type)
00113704	_M_insert_aux__t6vector2ZQ222cSC3ComLDDeveloperRule7tFamilyZt9allocator1ZQ222cSC3ComLDDeveloperRule7tFamilyPQ222cSC3ComLDDeveloperRule7tFamilyRCQ222cSC3ComLDDeveloperRule7tFamily	vector<cSC3ComLDDeveloperRule::tFamily, allocator<cSC3ComLDDeveloperRule::tFamily> >::_M_insert_aux(cSC3ComLDDeveloperRule::tFamily *, cSC3ComLDDeveloperRule::tFamily const &)
00113bbc	__thunk_12_QueryInterface__22cSC3ComLDDeveloperRuleUiPPv	virtual function thunk (delta:-12) for cSC3ComLDDeveloperRule::QueryInterface(unsigned int, void **)
00113bd8	__thunk_12_AddRef__22cSC3ComLDDeveloperRule	virtual function thunk (delta:-12) for cSC3ComLDDeveloperRule::AddRef(void)
00113bf4	__thunk_12_Release__22cSC3ComLDDeveloperRule	virtual function thunk (delta:-12) for cSC3ComLDDeveloperRule::Release(void)
00113c10	__thunk_8_QueryInterface__22cSC3ComLDDeveloperRuleUiPPv	virtual function thunk (delta:-8) for cSC3ComLDDeveloperRule::QueryInterface(unsigned int, void **)
00113c2c	__thunk_8_AddRef__22cSC3ComLDDeveloperRule	virtual function thunk (delta:-8) for cSC3ComLDDeveloperRule::AddRef(void)
00113c48	__thunk_8_Release__22cSC3ComLDDeveloperRule	virtual function thunk (delta:-8) for cSC3ComLDDeveloperRule::Release(void)
00113c64	__thunk_8_Init__22cSC3ComLDDeveloperRuleP9cISC3City	virtual function thunk (delta:-8) for cSC3ComLDDeveloperRule::Init(cISC3City *)
00113c80	__thunk_8_Shutdown__22cSC3ComLDDeveloperRule	virtual function thunk (delta:-8) for cSC3ComLDDeveloperRule::Shutdown(void)
00113c9c	__thunk_8_RegisterBuildingFamily__22cSC3ComLDDeveloperRuleP19cISC3BuildingFamily	virtual function thunk (delta:-8) for cSC3ComLDDeveloperRule::RegisterBuildingFamily(cISC3BuildingFamily *)
00113cb8	__thunk_8_SetTransportLimit__22cSC3ComLDDeveloperRuleUi	virtual function thunk (delta:-8) for cSC3ComLDDeveloperRule::SetTransportLimit(unsigned int)
00113cd4	__thunk_8_Apply__22cSC3ComLDDeveloperRuleRC14sIGZRectUint32Uiii	virtual function thunk (delta:-8) for cSC3ComLDDeveloperRule::Apply(sIGZRectUint32 const &, unsigned int, int, int)
00113cf4	__uninitialized_copy_aux__H2ZPQ222cSC3ComMDDeveloperRule7tFamilyZPQ222cSC3ComMDDeveloperRule7tFamily_X01X01X11G12__false_type_X11	cSC3ComMDDeveloperRule::tFamily * __uninitialized_copy_aux<cSC3ComMDDeveloperRule::tFamily *, cSC3ComMDDeveloperRule::tFamily *>(cSC3ComMDDeveloperRule::tFamily *, cSC3ComMDDeveloperRule::tFamily *, cSC3ComMDDeveloperRule::tFamily *, __false_type)
00113dd4	_M_insert_aux__t6vector2ZQ222cSC3ComMDDeveloperRule7tFamilyZt9allocator1ZQ222cSC3ComMDDeveloperRule7tFamilyPQ222cSC3ComMDDeveloperRule7tFamilyRCQ222cSC3ComMDDeveloperRule7tFamily	vector<cSC3ComMDDeveloperRule::tFamily, allocator<cSC3ComMDDeveloperRule::tFamily> >::_M_insert_aux(cSC3ComMDDeveloperRule::tFamily *, cSC3ComMDDeveloperRule::tFamily const &)
0011428c	__thunk_12_QueryInterface__22cSC3ComMDDeveloperRuleUiPPv	virtual function thunk (delta:-12) for cSC3ComMDDeveloperRule::QueryInterface(unsigned int, void **)
001142a8	__thunk_12_AddRef__22cSC3ComMDDeveloperRule	virtual function thunk (delta:-12) for cSC3ComMDDeveloperRule::AddRef(void)
001142c4	__thunk_12_Release__22cSC3ComMDDeveloperRule	virtual function thunk (delta:-12) for cSC3ComMDDeveloperRule::Release(void)
001142e0	__thunk_8_QueryInterface__22cSC3ComMDDeveloperRuleUiPPv	virtual function thunk (delta:-8) for cSC3ComMDDeveloperRule::QueryInterface(unsigned int, void **)
001142fc	__thunk_8_AddRef__22cSC3ComMDDeveloperRule	virtual function thunk (delta:-8) for cSC3ComMDDeveloperRule::AddRef(void)
00114318	__thunk_8_Release__22cSC3ComMDDeveloperRule	virtual function thunk (delta:-8) for cSC3ComMDDeveloperRule::Release(void)
00114334	__thunk_8_Init__22cSC3ComMDDeveloperRuleP9cISC3City	virtual function thunk (delta:-8) for cSC3ComMDDeveloperRule::Init(cISC3City *)
00114350	__thunk_8_Shutdown__22cSC3ComMDDeveloperRule	virtual function thunk (delta:-8) for cSC3ComMDDeveloperRule::Shutdown(void)
0011436c	__thunk_8_RegisterBuildingFamily__22cSC3ComMDDeveloperRuleP19cISC3BuildingFamily	virtual function thunk (delta:-8) for cSC3ComMDDeveloperRule::RegisterBuildingFamily(cISC3BuildingFamily *)
00114388	__thunk_8_SetTransportLimit__22cSC3ComMDDeveloperRuleUi	virtual function thunk (delta:-8) for cSC3ComMDDeveloperRule::SetTransportLimit(unsigned int)
001143a4	__thunk_8_Apply__22cSC3ComMDDeveloperRuleRC14sIGZRectUint32Uiii	virtual function thunk (delta:-8) for cSC3ComMDDeveloperRule::Apply(sIGZRectUint32 const &, unsigned int, int, int)
001143c4	_M_erase__t8_Rb_tree5ZUiZt4pair2ZCUiZUiZt10_Select1st1Zt4pair2ZCUiZUiZt4less1ZUiZt9allocator1ZUiPt13_Rb_tree_node1Zt4pair2ZCUiZUi	_Rb_tree<unsigned int, pair<unsigned int const, unsigned int>, _Select1st<pair<unsigned int const, unsigned int> >, less<unsigned int>, allocator<unsigned int> >::_M_erase(_Rb_tree_node<pair<unsigned int const, unsigned int> > *)
00114444	_M_erase__t8_Rb_tree5ZUiZt4pair2ZCUiZQ220cSC3ComZoneDeveloper12tLandUseInfoZt10_Select1st1Zt4pair2ZCUiZQ220cSC3ComZoneDeveloper12tLandUseInfoZt4less1ZUiZt9allocator1ZQ220cSC3ComZoneDeveloper12tLandUseInfoPt13_Rb_tree_node1Zt4pair2ZCUiZQ220cSC3ComZoneDeveloper12tLandUseInfo	_Rb_tree<unsigned int, pair<unsigned int const, cSC3ComZoneDeveloper::tLandUseInfo>, _Select1st<pair<unsigned int const, cSC3ComZoneDeveloper::tLandUseInfo> >, less<unsigned int>, allocator<cSC3ComZoneDeveloper::tLandUseInfo> >::_M_erase(_Rb_tree_node<pair<unsigned int const, cSC3ComZoneDeveloper::tLandUseInfo> > *)
001144c4	_M_insert__t8_Rb_tree5ZUiZt4pair2ZCUiZUiZt10_Select1st1Zt4pair2ZCUiZUiZt4less1ZUiZt9allocator1ZUiP18_Rb_tree_node_baseT1RCt4pair2ZCUiZUi	_Rb_tree<unsigned int, pair<unsigned int const, unsigned int>, _Select1st<pair<unsigned int const, unsigned int> >, less<unsigned int>, allocator<unsigned int> >::_M_insert(_Rb_tree_node_base *, _Rb_tree_node_base *, pair<unsigned int const, unsigned int> const &)
001148a4	_M_insert__t8_Rb_tree5ZUiZt4pair2ZCUiZQ220cSC3ComZoneDeveloper12tLandUseInfoZt10_Select1st1Zt4pair2ZCUiZQ220cSC3ComZoneDeveloper12tLandUseInfoZt4less1ZUiZt9allocator1ZQ220cSC3ComZoneDeveloper12tLandUseInfoP18_Rb_tree_node_baseT1RCt4pair2ZCUiZQ220cSC3ComZoneDeveloper12tLandUseInfo	_Rb_tree<unsigned int, pair<unsigned int const, cSC3ComZoneDeveloper::tLandUseInfo>, _Select1st<pair<unsigned int const, cSC3ComZoneDeveloper::tLandUseInfo> >, less<unsigned int>, allocator<cSC3ComZoneDeveloper::tLandUseInfo> >::_M_insert(_Rb_tree_node_base *, _Rb_tree_node_base *, pair<unsigned int const, cSC3ComZoneDeveloper::tLandUseInfo> const &)
00114c84	insert_unique__t8_Rb_tree5ZUiZt4pair2ZCUiZQ220cSC3ComZoneDeveloper12tLandUseInfoZt10_Select1st1Zt4pair2ZCUiZQ220cSC3ComZoneDeveloper12tLandUseInfoZt4less1ZUiZt9allocator1ZQ220cSC3ComZoneDeveloper12tLandUseInfoRCt4pair2ZCUiZQ220cSC3ComZoneDeveloper12tLandUseInfo	_Rb_tree<unsigned int, pair<unsigned int const, cSC3ComZoneDeveloper::tLandUseInfo>, _Select1st<pair<unsigned int const, cSC3ComZoneDeveloper::tLandUseInfo> >, less<unsigned int>, allocator<cSC3ComZoneDeveloper::tLandUseInfo> >::insert_unique(pair<unsigned int const, cSC3ComZoneDeveloper::tLandUseInfo> const &)
00114d74	insert_unique__t8_Rb_tree5ZUiZt4pair2ZCUiZQ220cSC3ComZoneDeveloper12tLandUseInfoZt10_Select1st1Zt4pair2ZCUiZQ220cSC3ComZoneDeveloper12tLandUseInfoZt4less1ZUiZt9allocator1ZQ220cSC3ComZoneDeveloper12tLandUseInfoGt17_Rb_tree_iterator3Zt4pair2ZCUiZQ220cSC3ComZoneDeveloper12tLandUseInfoZRt4pair2ZCUiZQ220cSC3ComZoneDeveloper12tLandUseInfoZPt4pair2ZCUiZQ220cSC3ComZoneDeveloper12tLandUseInfoRCt4pair2ZCUiZQ220cSC3ComZoneDeveloper12tLandUseInfo	_Rb_tree<unsigned int, pair<unsigned int const, cSC3ComZoneDeveloper::tLandUseInfo>, _Select1st<pair<unsigned int const, cSC3ComZoneDeveloper::tLandUseInfo> >, less<unsigned int>, allocator<cSC3ComZoneDeveloper::tLandUseInfo> >::insert_unique(_Rb_tree_iterator<pair<unsigned int const, cSC3ComZoneDeveloper::tLandUseInfo>, pair<unsigned int const, cSC3ComZoneDeveloper::tLandUseInfo> &, pair<unsigned int const, cSC3ComZoneDeveloper::tLandUseInfo> *>, pair<unsigned int const, cSC3ComZoneDeveloper::tLandUseInfo> const &)
00114ef4	erase__t8_Rb_tree5ZUiZt4pair2ZCUiZUiZt10_Select1st1Zt4pair2ZCUiZUiZt4less1ZUiZt9allocator1ZUiGt17_Rb_tree_iterator3Zt4pair2ZCUiZUiZRt4pair2ZCUiZUiZPt4pair2ZCUiZUiT1	_Rb_tree<unsigned int, pair<unsigned int const, unsigned int>, _Select1st<pair<unsigned int const, unsigned int> >, less<unsigned int>, allocator<unsigned int> >::erase(_Rb_tree_iterator<pair<unsigned int const, unsigned int>, pair<unsigned int const, unsigned int> &, pair<unsigned int const, unsigned int> *>, _Rb_tree_iterator<pair<unsigned int const, unsigned int>, pair<unsigned int const, unsigned int> &, pair<unsigned int const, unsigned int> *>)
00115404	erase__t8_Rb_tree5ZUiZt4pair2ZCUiZQ220cSC3ComZoneDeveloper12tLandUseInfoZt10_Select1st1Zt4pair2ZCUiZQ220cSC3ComZoneDeveloper12tLandUseInfoZt4less1ZUiZt9allocator1ZQ220cSC3ComZoneDeveloper12tLandUseInfoGt17_Rb_tree_iterator3Zt4pair2ZCUiZQ220cSC3ComZoneDeveloper12tLandUseInfoZRt4pair2ZCUiZQ220cSC3ComZoneDeveloper12tLandUseInfoZPt4pair2ZCUiZQ220cSC3ComZoneDeveloper12tLandUseInfoT1	_Rb_tree<unsigned int, pair<unsigned int const, cSC3ComZoneDeveloper::tLandUseInfo>, _Select1st<pair<unsigned int const, cSC3ComZoneDeveloper::tLandUseInfo> >, less<unsigned int>, allocator<cSC3ComZoneDeveloper::tLandUseInfo> >::erase(_Rb_tree_iterator<pair<unsigned int const, cSC3ComZoneDeveloper::tLandUseInfo>, pair<unsigned int const, cSC3ComZoneDeveloper::tLandUseInfo> &, pair<unsigned int const, cSC3ComZoneDeveloper::tLandUseInfo> *>, _Rb_tree_iterator<pair<unsigned int const, cSC3ComZoneDeveloper::tLandUseInfo>, pair<unsigned int const, cSC3ComZoneDeveloper::tLandUseInfo> &, pair<unsigned int const, cSC3ComZoneDeveloper::tLandUseInfo> *>)
00115910	find__t8_Rb_tree5ZUiZt4pair2ZCUiZQ220cSC3ComZoneDeveloper12tLandUseInfoZt10_Select1st1Zt4pair2ZCUiZQ220cSC3ComZoneDeveloper12tLandUseInfoZt4less1ZUiZt9allocator1ZQ220cSC3ComZoneDeveloper12tLandUseInfoRCUi	_Rb_tree<unsigned int, pair<unsigned int const, cSC3ComZoneDeveloper::tLandUseInfo>, _Select1st<pair<unsigned int const, cSC3ComZoneDeveloper::tLandUseInfo> >, less<unsigned int>, allocator<cSC3ComZoneDeveloper::tLandUseInfo> >::find(unsigned int const &)
00115970	find__t8_Rb_tree5ZUiZt4pair2ZCUiZUiZt10_Select1st1Zt4pair2ZCUiZUiZt4less1ZUiZt9allocator1ZUiRCUi	_Rb_tree<unsigned int, pair<unsigned int const, unsigned int>, _Select1st<pair<unsigned int const, unsigned int> >, less<unsigned int>, allocator<unsigned int> >::find(unsigned int const &)
001159d0	__thunk_4__._20cSC3ComZoneDeveloper	virtual function thunk (delta:-4) for cSC3ComZoneDeveloper::~cSC3ComZoneDeveloper(void)
001159ec	__thunk_4_Release__20cSC3ComZoneDeveloper	virtual function thunk (delta:-4) for cSC3ComZoneDeveloper::Release(void)
00115a08	__thunk_4_AddRef__20cSC3ComZoneDeveloper	virtual function thunk (delta:-4) for cSC3ComZoneDeveloper::AddRef(void)
00115a28	_._t8multimap4ZUiZUiZt4less1ZUiZt9allocator1ZUi	multimap<unsigned int, unsigned int, less<unsigned int>, allocator<unsigned int> >::~multimap(void)
00115ad0	_._t3map4ZUiZQ220cSC3ComZoneDeveloper12tLandUseInfoZt4less1ZUiZt9allocator1ZQ220cSC3ComZoneDeveloper12tLandUseInfo	map<unsigned int, cSC3ComZoneDeveloper::tLandUseInfo, less<unsigned int>, allocator<cSC3ComZoneDeveloper::tLandUseInfo> >::~map(void)
00115b84	insert_equal__t8_Rb_tree5ZUiZt4pair2ZCUiZUiZt10_Select1st1Zt4pair2ZCUiZUiZt4less1ZUiZt9allocator1ZUiRCt4pair2ZCUiZUi	_Rb_tree<unsigned int, pair<unsigned int const, unsigned int>, _Select1st<pair<unsigned int const, unsigned int> >, less<unsigned int>, allocator<unsigned int> >::insert_equal(pair<unsigned int const, unsigned int> const &)
00115bf0	lower_bound__t8_Rb_tree5ZUiZt4pair2ZCUiZQ220cSC3ComZoneDeveloper12tLandUseInfoZt10_Select1st1Zt4pair2ZCUiZQ220cSC3ComZoneDeveloper12tLandUseInfoZt4less1ZUiZt9allocator1ZQ220cSC3ComZoneDeveloper12tLandUseInfoRCUi	_Rb_tree<unsigned int, pair<unsigned int const, cSC3ComZoneDeveloper::tLandUseInfo>, _Select1st<pair<unsigned int const, cSC3ComZoneDeveloper::tLandUseInfo> >, less<unsigned int>, allocator<cSC3ComZoneDeveloper::tLandUseInfo> >::lower_bound(unsigned int const &)
00115c28	__thunk_4__._22cSC3ComAreaManipulator	virtual function thunk (delta:-4) for cSC3ComAreaManipulator::~cSC3ComAreaManipulator(void)
00115c44	__thunk_4_Release__22cSC3ComAreaManipulator	virtual function thunk (delta:-4) for cSC3ComAreaManipulator::Release(void)
00115c60	__thunk_4_AddRef__22cSC3ComAreaManipulator	virtual function thunk (delta:-4) for cSC3ComAreaManipulator::AddRef(void)
00115c7c	__thunk_12_QueryInterface__19cSC3CommercialLayerUiPPv	virtual function thunk (delta:-12) for cSC3CommercialLayer::QueryInterface(unsigned int, void **)
00115c98	__thunk_12_AddRef__19cSC3CommercialLayer	virtual function thunk (delta:-12) for cSC3CommercialLayer::AddRef(void)
00115cb4	__thunk_12_Release__19cSC3CommercialLayer	virtual function thunk (delta:-12) for cSC3CommercialLayer::Release(void)
00115cd0	__thunk_12_DoMessage__19cSC3CommercialLayerR10cGZMessage	virtual function thunk (delta:-12) for cSC3CommercialLayer::DoMessage(cGZMessage &)
00115cec	__thunk_12_DoQueryInfo__19cSC3CommercialLayerR10cGZMessageP11cIGZUnknown	virtual function thunk (delta:-12) for cSC3CommercialLayer::DoQueryInfo(cGZMessage &, cIGZUnknown *)
00115d08	__thunk_12_StaticInit__19cSC3CommercialLayerP19cISC3CityDefinition	virtual function thunk (delta:-12) for cSC3CommercialLayer::StaticInit(cISC3CityDefinition *)
00115d24	__thunk_12_StaticShutdown__19cSC3CommercialLayer	virtual function thunk (delta:-12) for cSC3CommercialLayer::StaticShutdown(void)
00115d40	__thunk_12_Init__19cSC3CommercialLayerP9cISC3City	virtual function thunk (delta:-12) for cSC3CommercialLayer::Init(cISC3City *)
00115d5c	__thunk_12_Init__19cSC3CommercialLayerP9cISC3CityP13cISC2Importer	virtual function thunk (delta:-12) for cSC3CommercialLayer::Init(cISC3City *, cISC2Importer *)
00115d78	__thunk_12_Init__19cSC3CommercialLayerP9cISC3CityP13cIGZDBSegment	virtual function thunk (delta:-12) for cSC3CommercialLayer::Init(cISC3City *, cIGZDBSegment *)
00115d94	__thunk_12_Save__19cSC3CommercialLayerP9cISC3CityP13cIGZDBSegment	virtual function thunk (delta:-12) for cSC3CommercialLayer::Save(cISC3City *, cIGZDBSegment *)
00115db0	__thunk_12_SimulationBegin__19cSC3CommercialLayer	virtual function thunk (delta:-12) for cSC3CommercialLayer::SimulationBegin(void)
00115dcc	__thunk_12_SimulationEnd__19cSC3CommercialLayer	virtual function thunk (delta:-12) for cSC3CommercialLayer::SimulationEnd(void)
00115de8	__thunk_12_Shutdown__19cSC3CommercialLayer	virtual function thunk (delta:-12) for cSC3CommercialLayer::Shutdown(void)
00115e04	__thunk_12_GetManipulator__19cSC3CommercialLayerRC18cISC3CityAgentTypePP25cISC3CityLayerManipulatorRi	virtual function thunk (delta:-12) for cSC3CommercialLayer::GetManipulator(cISC3CityAgentType const &, cISC3CityLayerManipulator **, int &)
00115e20	__thunk_12_GetLayerType__19cSC3CommercialLayer	virtual function thunk (delta:-12) for cSC3CommercialLayer::GetLayerType(void)
00115e3c	__thunk_12_DebugClassTag__19cSC3CommercialLayerR10cIGZString	virtual function thunk (delta:-12) for cSC3CommercialLayer::DebugClassTag(cIGZString &)
00115e58	__thunk_12_DebugTypeTag__19cSC3CommercialLayerR10cIGZString	virtual function thunk (delta:-12) for cSC3CommercialLayer::DebugTypeTag(cIGZString &)
00115e74	__thunk_4__._19cSC3CommercialLayer	virtual function thunk (delta:-4) for cSC3CommercialLayer::~cSC3CommercialLayer(void)
00115e90	__thunk_4_Release__19cSC3CommercialLayer	virtual function thunk (delta:-4) for cSC3CommercialLayer::Release(void)
00115eac	__thunk_4_AddRef__19cSC3CommercialLayer	virtual function thunk (delta:-4) for cSC3CommercialLayer::AddRef(void)
00115ed4	__uninitialized_copy_aux__H2ZPQ223cSC3EstateDeveloperRule7tFamilyZPQ223cSC3EstateDeveloperRule7tFamily_X01X01X11G12__false_type_X11	cSC3EstateDeveloperRule::tFamily * __uninitialized_copy_aux<cSC3EstateDeveloperRule::tFamily *, cSC3EstateDeveloperRule::tFamily *>(cSC3EstateDeveloperRule::tFamily *, cSC3EstateDeveloperRule::tFamily *, cSC3EstateDeveloperRule::tFamily *, __false_type)
00115fb4	_M_insert_aux__t6vector2ZQ223cSC3EstateDeveloperRule7tFamilyZt9allocator1ZQ223cSC3EstateDeveloperRule7tFamilyPQ223cSC3EstateDeveloperRule7tFamilyRCQ223cSC3EstateDeveloperRule7tFamily	vector<cSC3EstateDeveloperRule::tFamily, allocator<cSC3EstateDeveloperRule::tFamily> >::_M_insert_aux(cSC3EstateDeveloperRule::tFamily *, cSC3EstateDeveloperRule::tFamily const &)
00116444	__thunk_12_QueryInterface__23cSC3EstateDeveloperRuleUiPPv	virtual function thunk (delta:-12) for cSC3EstateDeveloperRule::QueryInterface(unsigned int, void **)
00116460	__thunk_12_AddRef__23cSC3EstateDeveloperRule	virtual function thunk (delta:-12) for cSC3EstateDeveloperRule::AddRef(void)
0011647c	__thunk_12_Release__23cSC3EstateDeveloperRule	virtual function thunk (delta:-12) for cSC3EstateDeveloperRule::Release(void)
00116498	__thunk_8_QueryInterface__23cSC3EstateDeveloperRuleUiPPv	virtual function thunk (delta:-8) for cSC3EstateDeveloperRule::QueryInterface(unsigned int, void **)
001164b4	__thunk_8_AddRef__23cSC3EstateDeveloperRule	virtual function thunk (delta:-8) for cSC3EstateDeveloperRule::AddRef(void)
001164d0	__thunk_8_Release__23cSC3EstateDeveloperRule	virtual function thunk (delta:-8) for cSC3EstateDeveloperRule::Release(void)
001164ec	__thunk_8_Init__23cSC3EstateDeveloperRuleP9cISC3City	virtual function thunk (delta:-8) for cSC3EstateDeveloperRule::Init(cISC3City *)
00116508	__thunk_8_Shutdown__23cSC3EstateDeveloperRule	virtual function thunk (delta:-8) for cSC3EstateDeveloperRule::Shutdown(void)
00116524	__thunk_8_RegisterBuildingFamily__23cSC3EstateDeveloperRuleP19cISC3BuildingFamily	virtual function thunk (delta:-8) for cSC3EstateDeveloperRule::RegisterBuildingFamily(cISC3BuildingFamily *)
00116540	__thunk_8_SetTransportLimit__23cSC3EstateDeveloperRuleUi	virtual function thunk (delta:-8) for cSC3EstateDeveloperRule::SetTransportLimit(unsigned int)
0011655c	__thunk_8_Apply__23cSC3EstateDeveloperRuleRC14sIGZRectUint32Uiii	virtual function thunk (delta:-8) for cSC3EstateDeveloperRule::Apply(sIGZRectUint32 const &, unsigned int, int, int)
00116584	__uninitialized_copy_aux__H2ZPQ231cSC3HousingProjectDeveloperRule7tFamilyZPQ231cSC3HousingProjectDeveloperRule7tFamily_X01X01X11G12__false_type_X11	cSC3HousingProjectDeveloperRule::tFamily * __uninitialized_copy_aux<cSC3HousingProjectDeveloperRule::tFamily *, cSC3HousingProjectDeveloperRule::tFamily *>(cSC3HousingProjectDeveloperRule::tFamily *, cSC3HousingProjectDeveloperRule::tFamily *, cSC3HousingProjectDeveloperRule::tFamily *, __false_type)
00116664	_M_insert_aux__t6vector2ZQ231cSC3HousingProjectDeveloperRule7tFamilyZt9allocator1ZQ231cSC3HousingProjectDeveloperRule7tFamilyPQ231cSC3HousingProjectDeveloperRule7tFamilyRCQ231cSC3HousingProjectDeveloperRule7tFamily	vector<cSC3HousingProjectDeveloperRule::tFamily, allocator<cSC3HousingProjectDeveloperRule::tFamily> >::_M_insert_aux(cSC3HousingProjectDeveloperRule::tFamily *, cSC3HousingProjectDeveloperRule::tFamily const &)
00116aec	__thunk_12_QueryInterface__31cSC3HousingProjectDeveloperRuleUiPPv	virtual function thunk (delta:-12) for cSC3HousingProjectDeveloperRule::QueryInterface(unsigned int, void **)
00116b08	__thunk_12_AddRef__31cSC3HousingProjectDeveloperRule	virtual function thunk (delta:-12) for cSC3HousingProjectDeveloperRule::AddRef(void)
00116b24	__thunk_12_Release__31cSC3HousingProjectDeveloperRule	virtual function thunk (delta:-12) for cSC3HousingProjectDeveloperRule::Release(void)
00116b40	__thunk_8_QueryInterface__31cSC3HousingProjectDeveloperRuleUiPPv	virtual function thunk (delta:-8) for cSC3HousingProjectDeveloperRule::QueryInterface(unsigned int, void **)
00116b5c	__thunk_8_AddRef__31cSC3HousingProjectDeveloperRule	virtual function thunk (delta:-8) for cSC3HousingProjectDeveloperRule::AddRef(void)
00116b78	__thunk_8_Release__31cSC3HousingProjectDeveloperRule	virtual function thunk (delta:-8) for cSC3HousingProjectDeveloperRule::Release(void)
00116b94	__thunk_8_Init__31cSC3HousingProjectDeveloperRuleP9cISC3City	virtual function thunk (delta:-8) for cSC3HousingProjectDeveloperRule::Init(cISC3City *)
00116bb0	__thunk_8_Shutdown__31cSC3HousingProjectDeveloperRule	virtual function thunk (delta:-8) for cSC3HousingProjectDeveloperRule::Shutdown(void)
00116bcc	__thunk_8_RegisterBuildingFamily__31cSC3HousingProjectDeveloperRuleP19cISC3BuildingFamily	virtual function thunk (delta:-8) for cSC3HousingProjectDeveloperRule::RegisterBuildingFamily(cISC3BuildingFamily *)
00116be8	__thunk_8_SetTransportLimit__31cSC3HousingProjectDeveloperRuleUi	virtual function thunk (delta:-8) for cSC3HousingProjectDeveloperRule::SetTransportLimit(unsigned int)
00116c04	__thunk_8_Apply__31cSC3HousingProjectDeveloperRuleRC14sIGZRectUint32Uiii	virtual function thunk (delta:-8) for cSC3HousingProjectDeveloperRule::Apply(sIGZRectUint32 const &, unsigned int, int, int)
00116c24	__uninitialized_copy_aux__H2ZPQ222cSC3IndHDDeveloperRule7tFamilyZPQ222cSC3IndHDDeveloperRule7tFamily_X01X01X11G12__false_type_X11	cSC3IndHDDeveloperRule::tFamily * __uninitialized_copy_aux<cSC3IndHDDeveloperRule::tFamily *, cSC3IndHDDeveloperRule::tFamily *>(cSC3IndHDDeveloperRule::tFamily *, cSC3IndHDDeveloperRule::tFamily *, cSC3IndHDDeveloperRule::tFamily *, __false_type)
00116d04	_M_insert_aux__t6vector2ZQ222cSC3IndHDDeveloperRule7tFamilyZt9allocator1ZQ222cSC3IndHDDeveloperRule7tFamilyPQ222cSC3IndHDDeveloperRule7tFamilyRCQ222cSC3IndHDDeveloperRule7tFamily	vector<cSC3IndHDDeveloperRule::tFamily, allocator<cSC3IndHDDeveloperRule::tFamily> >::_M_insert_aux(cSC3IndHDDeveloperRule::tFamily *, cSC3IndHDDeveloperRule::tFamily const &)
0011718c	__thunk_12_QueryInterface__22cSC3IndHDDeveloperRuleUiPPv	virtual function thunk (delta:-12) for cSC3IndHDDeveloperRule::QueryInterface(unsigned int, void **)
001171a8	__thunk_12_AddRef__22cSC3IndHDDeveloperRule	virtual function thunk (delta:-12) for cSC3IndHDDeveloperRule::AddRef(void)
001171c4	__thunk_12_Release__22cSC3IndHDDeveloperRule	virtual function thunk (delta:-12) for cSC3IndHDDeveloperRule::Release(void)
001171e0	__thunk_8_QueryInterface__22cSC3IndHDDeveloperRuleUiPPv	virtual function thunk (delta:-8) for cSC3IndHDDeveloperRule::QueryInterface(unsigned int, void **)
001171fc	__thunk_8_AddRef__22cSC3IndHDDeveloperRule	virtual function thunk (delta:-8) for cSC3IndHDDeveloperRule::AddRef(void)
00117218	__thunk_8_Release__22cSC3IndHDDeveloperRule	virtual function thunk (delta:-8) for cSC3IndHDDeveloperRule::Release(void)
00117234	__thunk_8_Init__22cSC3IndHDDeveloperRuleP9cISC3City	virtual function thunk (delta:-8) for cSC3IndHDDeveloperRule::Init(cISC3City *)
00117250	__thunk_8_Shutdown__22cSC3IndHDDeveloperRule	virtual function thunk (delta:-8) for cSC3IndHDDeveloperRule::Shutdown(void)
0011726c	__thunk_8_RegisterBuildingFamily__22cSC3IndHDDeveloperRuleP19cISC3BuildingFamily	virtual function thunk (delta:-8) for cSC3IndHDDeveloperRule::RegisterBuildingFamily(cISC3BuildingFamily *)
00117288	__thunk_8_SetTransportLimit__22cSC3IndHDDeveloperRuleUi	virtual function thunk (delta:-8) for cSC3IndHDDeveloperRule::SetTransportLimit(unsigned int)
001172a4	__thunk_8_Apply__22cSC3IndHDDeveloperRuleRC14sIGZRectUint32Uiii	virtual function thunk (delta:-8) for cSC3IndHDDeveloperRule::Apply(sIGZRectUint32 const &, unsigned int, int, int)
001172c4	__uninitialized_copy_aux__H2ZPQ222cSC3IndLDDeveloperRule7tFamilyZPQ222cSC3IndLDDeveloperRule7tFamily_X01X01X11G12__false_type_X11	cSC3IndLDDeveloperRule::tFamily * __uninitialized_copy_aux<cSC3IndLDDeveloperRule::tFamily *, cSC3IndLDDeveloperRule::tFamily *>(cSC3IndLDDeveloperRule::tFamily *, cSC3IndLDDeveloperRule::tFamily *, cSC3IndLDDeveloperRule::tFamily *, __false_type)
001173a4	_M_insert_aux__t6vector2ZQ222cSC3IndLDDeveloperRule7tFamilyZt9allocator1ZQ222cSC3IndLDDeveloperRule7tFamilyPQ222cSC3IndLDDeveloperRule7tFamilyRCQ222cSC3IndLDDeveloperRule7tFamily	vector<cSC3IndLDDeveloperRule::tFamily, allocator<cSC3IndLDDeveloperRule::tFamily> >::_M_insert_aux(cSC3IndLDDeveloperRule::tFamily *, cSC3IndLDDeveloperRule::tFamily const &)
0011782c	__thunk_12_QueryInterface__22cSC3IndLDDeveloperRuleUiPPv	virtual function thunk (delta:-12) for cSC3IndLDDeveloperRule::QueryInterface(unsigned int, void **)
00117848	__thunk_12_AddRef__22cSC3IndLDDeveloperRule	virtual function thunk (delta:-12) for cSC3IndLDDeveloperRule::AddRef(void)
00117864	__thunk_12_Release__22cSC3IndLDDeveloperRule	virtual function thunk (delta:-12) for cSC3IndLDDeveloperRule::Release(void)
00117880	__thunk_8_QueryInterface__22cSC3IndLDDeveloperRuleUiPPv	virtual function thunk (delta:-8) for cSC3IndLDDeveloperRule::QueryInterface(unsigned int, void **)
0011789c	__thunk_8_AddRef__22cSC3IndLDDeveloperRule	virtual function thunk (delta:-8) for cSC3IndLDDeveloperRule::AddRef(void)
001178b8	__thunk_8_Release__22cSC3IndLDDeveloperRule	virtual function thunk (delta:-8) for cSC3IndLDDeveloperRule::Release(void)
001178d4	__thunk_8_Init__22cSC3IndLDDeveloperRuleP9cISC3City	virtual function thunk (delta:-8) for cSC3IndLDDeveloperRule::Init(cISC3City *)
001178f0	__thunk_8_Shutdown__22cSC3IndLDDeveloperRule	virtual function thunk (delta:-8) for cSC3IndLDDeveloperRule::Shutdown(void)
0011790c	__thunk_8_RegisterBuildingFamily__22cSC3IndLDDeveloperRuleP19cISC3BuildingFamily	virtual function thunk (delta:-8) for cSC3IndLDDeveloperRule::RegisterBuildingFamily(cISC3BuildingFamily *)
00117928	__thunk_8_SetTransportLimit__22cSC3IndLDDeveloperRuleUi	virtual function thunk (delta:-8) for cSC3IndLDDeveloperRule::SetTransportLimit(unsigned int)
00117944	__thunk_8_Apply__22cSC3IndLDDeveloperRuleRC14sIGZRectUint32Uiii	virtual function thunk (delta:-8) for cSC3IndLDDeveloperRule::Apply(sIGZRectUint32 const &, unsigned int, int, int)
00117964	__uninitialized_copy_aux__H2ZPQ222cSC3IndMDDeveloperRule7tFamilyZPQ222cSC3IndMDDeveloperRule7tFamily_X01X01X11G12__false_type_X11	cSC3IndMDDeveloperRule::tFamily * __uninitialized_copy_aux<cSC3IndMDDeveloperRule::tFamily *, cSC3IndMDDeveloperRule::tFamily *>(cSC3IndMDDeveloperRule::tFamily *, cSC3IndMDDeveloperRule::tFamily *, cSC3IndMDDeveloperRule::tFamily *, __false_type)
00117a44	_M_insert_aux__t6vector2ZQ222cSC3IndMDDeveloperRule7tFamilyZt9allocator1ZQ222cSC3IndMDDeveloperRule7tFamilyPQ222cSC3IndMDDeveloperRule7tFamilyRCQ222cSC3IndMDDeveloperRule7tFamily	vector<cSC3IndMDDeveloperRule::tFamily, allocator<cSC3IndMDDeveloperRule::tFamily> >::_M_insert_aux(cSC3IndMDDeveloperRule::tFamily *, cSC3IndMDDeveloperRule::tFamily const &)
00117ecc	__thunk_12_QueryInterface__22cSC3IndMDDeveloperRuleUiPPv	virtual function thunk (delta:-12) for cSC3IndMDDeveloperRule::QueryInterface(unsigned int, void **)
00117ee8	__thunk_12_AddRef__22cSC3IndMDDeveloperRule	virtual function thunk (delta:-12) for cSC3IndMDDeveloperRule::AddRef(void)
00117f04	__thunk_12_Release__22cSC3IndMDDeveloperRule	virtual function thunk (delta:-12) for cSC3IndMDDeveloperRule::Release(void)
00117f20	__thunk_8_QueryInterface__22cSC3IndMDDeveloperRuleUiPPv	virtual function thunk (delta:-8) for cSC3IndMDDeveloperRule::QueryInterface(unsigned int, void **)
00117f3c	__thunk_8_AddRef__22cSC3IndMDDeveloperRule	virtual function thunk (delta:-8) for cSC3IndMDDeveloperRule::AddRef(void)
00117f58	__thunk_8_Release__22cSC3IndMDDeveloperRule	virtual function thunk (delta:-8) for cSC3IndMDDeveloperRule::Release(void)
00117f74	__thunk_8_Init__22cSC3IndMDDeveloperRuleP9cISC3City	virtual function thunk (delta:-8) for cSC3IndMDDeveloperRule::Init(cISC3City *)
00117f90	__thunk_8_Shutdown__22cSC3IndMDDeveloperRule	virtual function thunk (delta:-8) for cSC3IndMDDeveloperRule::Shutdown(void)
00117fac	__thunk_8_RegisterBuildingFamily__22cSC3IndMDDeveloperRuleP19cISC3BuildingFamily	virtual function thunk (delta:-8) for cSC3IndMDDeveloperRule::RegisterBuildingFamily(cISC3BuildingFamily *)
00117fc8	__thunk_8_SetTransportLimit__22cSC3IndMDDeveloperRuleUi	virtual function thunk (delta:-8) for cSC3IndMDDeveloperRule::SetTransportLimit(unsigned int)
00117fe4	__thunk_8_Apply__22cSC3IndMDDeveloperRuleRC14sIGZRectUint32Uiii	virtual function thunk (delta:-8) for cSC3IndMDDeveloperRule::Apply(sIGZRectUint32 const &, unsigned int, int, int)
00118004	_M_erase__t8_Rb_tree5ZUiZt4pair2ZCUiZQ220cSC3IndZoneDeveloper12tLandUseInfoZt10_Select1st1Zt4pair2ZCUiZQ220cSC3IndZoneDeveloper12tLandUseInfoZt4less1ZUiZt9allocator1ZQ220cSC3IndZoneDeveloper12tLandUseInfoPt13_Rb_tree_node1Zt4pair2ZCUiZQ220cSC3IndZoneDeveloper12tLandUseInfo	_Rb_tree<unsigned int, pair<unsigned int const, cSC3IndZoneDeveloper::tLandUseInfo>, _Select1st<pair<unsigned int const, cSC3IndZoneDeveloper::tLandUseInfo> >, less<unsigned int>, allocator<cSC3IndZoneDeveloper::tLandUseInfo> >::_M_erase(_Rb_tree_node<pair<unsigned int const, cSC3IndZoneDeveloper::tLandUseInfo> > *)
00118084	_M_insert__t8_Rb_tree5ZUiZt4pair2ZCUiZQ220cSC3IndZoneDeveloper12tLandUseInfoZt10_Select1st1Zt4pair2ZCUiZQ220cSC3IndZoneDeveloper12tLandUseInfoZt4less1ZUiZt9allocator1ZQ220cSC3IndZoneDeveloper12tLandUseInfoP18_Rb_tree_node_baseT1RCt4pair2ZCUiZQ220cSC3IndZoneDeveloper12tLandUseInfo	_Rb_tree<unsigned int, pair<unsigned int const, cSC3IndZoneDeveloper::tLandUseInfo>, _Select1st<pair<unsigned int const, cSC3IndZoneDeveloper::tLandUseInfo> >, less<unsigned int>, allocator<cSC3IndZoneDeveloper::tLandUseInfo> >::_M_insert(_Rb_tree_node_base *, _Rb_tree_node_base *, pair<unsigned int const, cSC3IndZoneDeveloper::tLandUseInfo> const &)
00118464	insert_unique__t8_Rb_tree5ZUiZt4pair2ZCUiZQ220cSC3IndZoneDeveloper12tLandUseInfoZt10_Select1st1Zt4pair2ZCUiZQ220cSC3IndZoneDeveloper12tLandUseInfoZt4less1ZUiZt9allocator1ZQ220cSC3IndZoneDeveloper12tLandUseInfoRCt4pair2ZCUiZQ220cSC3IndZoneDeveloper12tLandUseInfo	_Rb_tree<unsigned int, pair<unsigned int const, cSC3IndZoneDeveloper::tLandUseInfo>, _Select1st<pair<unsigned int const, cSC3IndZoneDeveloper::tLandUseInfo> >, less<unsigned int>, allocator<cSC3IndZoneDeveloper::tLandUseInfo> >::insert_unique(pair<unsigned int const, cSC3IndZoneDeveloper::tLandUseInfo> const &)
00118554	insert_unique__t8_Rb_tree5ZUiZt4pair2ZCUiZQ220cSC3IndZoneDeveloper12tLandUseInfoZt10_Select1st1Zt4pair2ZCUiZQ220cSC3IndZoneDeveloper12tLandUseInfoZt4less1ZUiZt9allocator1ZQ220cSC3IndZoneDeveloper12tLandUseInfoGt17_Rb_tree_iterator3Zt4pair2ZCUiZQ220cSC3IndZoneDeveloper12tLandUseInfoZRt4pair2ZCUiZQ220cSC3IndZoneDeveloper12tLandUseInfoZPt4pair2ZCUiZQ220cSC3IndZoneDeveloper12tLandUseInfoRCt4pair2ZCUiZQ220cSC3IndZoneDeveloper12tLandUseInfo	_Rb_tree<unsigned int, pair<unsigned int const, cSC3IndZoneDeveloper::tLandUseInfo>, _Select1st<pair<unsigned int const, cSC3IndZoneDeveloper::tLandUseInfo> >, less<unsigned int>, allocator<cSC3IndZoneDeveloper::tLandUseInfo> >::insert_unique(_Rb_tree_iterator<pair<unsigned int const, cSC3IndZoneDeveloper::tLandUseInfo>, pair<unsigned int const, cSC3IndZoneDeveloper::tLandUseInfo> &, pair<unsigned int const, cSC3IndZoneDeveloper::tLandUseInfo> *>, pair<unsigned int const, cSC3IndZoneDeveloper::tLandUseInfo> const &)
001186d4	erase__t8_Rb_tree5ZUiZt4pair2ZCUiZQ220cSC3IndZoneDeveloper12tLandUseInfoZt10_Select1st1Zt4pair2ZCUiZQ220cSC3IndZoneDeveloper12tLandUseInfoZt4less1ZUiZt9allocator1ZQ220cSC3IndZoneDeveloper12tLandUseInfoGt17_Rb_tree_iterator3Zt4pair2ZCUiZQ220cSC3IndZoneDeveloper12tLandUseInfoZRt4pair2ZCUiZQ220cSC3IndZoneDeveloper12tLandUseInfoZPt4pair2ZCUiZQ220cSC3IndZoneDeveloper12tLandUseInfoT1	_Rb_tree<unsigned int, pair<unsigned int const, cSC3IndZoneDeveloper::tLandUseInfo>, _Select1st<pair<unsigned int const, cSC3IndZoneDeveloper::tLandUseInfo> >, less<unsigned int>, allocator<cSC3IndZoneDeveloper::tLandUseInfo> >::erase(_Rb_tree_iterator<pair<unsigned int const, cSC3IndZoneDeveloper::tLandUseInfo>, pair<unsigned int const, cSC3IndZoneDeveloper::tLandUseInfo> &, pair<unsigned int const, cSC3IndZoneDeveloper::tLandUseInfo> *>, _Rb_tree_iterator<pair<unsigned int const, cSC3IndZoneDeveloper::tLandUseInfo>, pair<unsigned int const, cSC3IndZoneDeveloper::tLandUseInfo> &, pair<unsigned int const, cSC3IndZoneDeveloper::tLandUseInfo> *>)
00118be0	find__t8_Rb_tree5ZUiZt4pair2ZCUiZQ220cSC3IndZoneDeveloper12tLandUseInfoZt10_Select1st1Zt4pair2ZCUiZQ220cSC3IndZoneDeveloper12tLandUseInfoZt4less1ZUiZt9allocator1ZQ220cSC3IndZoneDeveloper12tLandUseInfoRCUi	_Rb_tree<unsigned int, pair<unsigned int const, cSC3IndZoneDeveloper::tLandUseInfo>, _Select1st<pair<unsigned int const, cSC3IndZoneDeveloper::tLandUseInfo> >, less<unsigned int>, allocator<cSC3IndZoneDeveloper::tLandUseInfo> >::find(unsigned int const &)
00118c40	__thunk_4__._20cSC3IndZoneDeveloper	virtual function thunk (delta:-4) for cSC3IndZoneDeveloper::~cSC3IndZoneDeveloper(void)
00118c5c	__thunk_4_Release__20cSC3IndZoneDeveloper	virtual function thunk (delta:-4) for cSC3IndZoneDeveloper::Release(void)
00118c78	__thunk_4_AddRef__20cSC3IndZoneDeveloper	virtual function thunk (delta:-4) for cSC3IndZoneDeveloper::AddRef(void)
00118c98	_._t3map4ZUiZQ220cSC3IndZoneDeveloper12tLandUseInfoZt4less1ZUiZt9allocator1ZQ220cSC3IndZoneDeveloper12tLandUseInfo	map<unsigned int, cSC3IndZoneDeveloper::tLandUseInfo, less<unsigned int>, allocator<cSC3IndZoneDeveloper::tLandUseInfo> >::~map(void)
00118d40	lower_bound__t8_Rb_tree5ZUiZt4pair2ZCUiZQ220cSC3IndZoneDeveloper12tLandUseInfoZt10_Select1st1Zt4pair2ZCUiZQ220cSC3IndZoneDeveloper12tLandUseInfoZt4less1ZUiZt9allocator1ZQ220cSC3IndZoneDeveloper12tLandUseInfoRCUi	_Rb_tree<unsigned int, pair<unsigned int const, cSC3IndZoneDeveloper::tLandUseInfo>, _Select1st<pair<unsigned int const, cSC3IndZoneDeveloper::tLandUseInfo> >, less<unsigned int>, allocator<cSC3IndZoneDeveloper::tLandUseInfo> >::lower_bound(unsigned int const &)
00118d78	__thunk_4__._22cSC3IndAreaManipulator	virtual function thunk (delta:-4) for cSC3IndAreaManipulator::~cSC3IndAreaManipulator(void)
00118d94	__thunk_4_Release__22cSC3IndAreaManipulator	virtual function thunk (delta:-4) for cSC3IndAreaManipulator::Release(void)
00118db0	__thunk_4_AddRef__22cSC3IndAreaManipulator	virtual function thunk (delta:-4) for cSC3IndAreaManipulator::AddRef(void)
00118dcc	__thunk_12_QueryInterface__19cSC3IndustrialLayerUiPPv	virtual function thunk (delta:-12) for cSC3IndustrialLayer::QueryInterface(unsigned int, void **)
00118de8	__thunk_12_AddRef__19cSC3IndustrialLayer	virtual function thunk (delta:-12) for cSC3IndustrialLayer::AddRef(void)
00118e04	__thunk_12_Release__19cSC3IndustrialLayer	virtual function thunk (delta:-12) for cSC3IndustrialLayer::Release(void)
00118e20	__thunk_12_DoMessage__19cSC3IndustrialLayerR10cGZMessage	virtual function thunk (delta:-12) for cSC3IndustrialLayer::DoMessage(cGZMessage &)
00118e3c	__thunk_12_DoQueryInfo__19cSC3IndustrialLayerR10cGZMessageP11cIGZUnknown	virtual function thunk (delta:-12) for cSC3IndustrialLayer::DoQueryInfo(cGZMessage &, cIGZUnknown *)
00118e58	__thunk_12_StaticInit__19cSC3IndustrialLayerP19cISC3CityDefinition	virtual function thunk (delta:-12) for cSC3IndustrialLayer::StaticInit(cISC3CityDefinition *)
00118e74	__thunk_12_StaticShutdown__19cSC3IndustrialLayer	virtual function thunk (delta:-12) for cSC3IndustrialLayer::StaticShutdown(void)
00118e90	__thunk_12_Init__19cSC3IndustrialLayerP9cISC3City	virtual function thunk (delta:-12) for cSC3IndustrialLayer::Init(cISC3City *)
00118eac	__thunk_12_Init__19cSC3IndustrialLayerP9cISC3CityP13cISC2Importer	virtual function thunk (delta:-12) for cSC3IndustrialLayer::Init(cISC3City *, cISC2Importer *)
00118ec8	__thunk_12_Init__19cSC3IndustrialLayerP9cISC3CityP13cIGZDBSegment	virtual function thunk (delta:-12) for cSC3IndustrialLayer::Init(cISC3City *, cIGZDBSegment *)
00118ee4	__thunk_12_Save__19cSC3IndustrialLayerP9cISC3CityP13cIGZDBSegment	virtual function thunk (delta:-12) for cSC3IndustrialLayer::Save(cISC3City *, cIGZDBSegment *)
00118f00	__thunk_12_SimulationBegin__19cSC3IndustrialLayer	virtual function thunk (delta:-12) for cSC3IndustrialLayer::SimulationBegin(void)
00118f1c	__thunk_12_SimulationEnd__19cSC3IndustrialLayer	virtual function thunk (delta:-12) for cSC3IndustrialLayer::SimulationEnd(void)
00118f38	__thunk_12_Shutdown__19cSC3IndustrialLayer	virtual function thunk (delta:-12) for cSC3IndustrialLayer::Shutdown(void)
00118f54	__thunk_12_GetManipulator__19cSC3IndustrialLayerRC18cISC3CityAgentTypePP25cISC3CityLayerManipulatorRi	virtual function thunk (delta:-12) for cSC3IndustrialLayer::GetManipulator(cISC3CityAgentType const &, cISC3CityLayerManipulator **, int &)
00118f70	__thunk_12_GetLayerType__19cSC3IndustrialLayer	virtual function thunk (delta:-12) for cSC3IndustrialLayer::GetLayerType(void)
00118f8c	__thunk_12_DebugClassTag__19cSC3IndustrialLayerR10cIGZString	virtual function thunk (delta:-12) for cSC3IndustrialLayer::DebugClassTag(cIGZString &)
00118fa8	__thunk_12_DebugTypeTag__19cSC3IndustrialLayerR10cIGZString	virtual function thunk (delta:-12) for cSC3IndustrialLayer::DebugTypeTag(cIGZString &)
00118fc4	__thunk_4__._19cSC3IndustrialLayer	virtual function thunk (delta:-4) for cSC3IndustrialLayer::~cSC3IndustrialLayer(void)
00118fe0	__thunk_4_Release__19cSC3IndustrialLayer	virtual function thunk (delta:-4) for cSC3IndustrialLayer::Release(void)
00118ffc	__thunk_4_AddRef__19cSC3IndustrialLayer	virtual function thunk (delta:-4) for cSC3IndustrialLayer::AddRef(void)
00119024	_M_erase__t8_Rb_tree5ZUiZt4pair2ZCUiZQ218cSC3LandValueLayer9tModifierZt10_Select1st1Zt4pair2ZCUiZQ218cSC3LandValueLayer9tModifierZt4less1ZUiZt9allocator1ZQ218cSC3LandValueLayer9tModifierPt13_Rb_tree_node1Zt4pair2ZCUiZQ218cSC3LandValueLayer9tModifier	_Rb_tree<unsigned int, pair<unsigned int const, cSC3LandValueLayer::tModifier>, _Select1st<pair<unsigned int const, cSC3LandValueLayer::tModifier> >, less<unsigned int>, allocator<cSC3LandValueLayer::tModifier> >::_M_erase(_Rb_tree_node<pair<unsigned int const, cSC3LandValueLayer::tModifier> > *)
001190a4	erase__t8_Rb_tree5ZUiZt4pair2ZCUiZQ218cSC3LandValueLayer9tModifierZt10_Select1st1Zt4pair2ZCUiZQ218cSC3LandValueLayer9tModifierZt4less1ZUiZt9allocator1ZQ218cSC3LandValueLayer9tModifierGt17_Rb_tree_iterator3Zt4pair2ZCUiZQ218cSC3LandValueLayer9tModifierZRt4pair2ZCUiZQ218cSC3LandValueLayer9tModifierZPt4pair2ZCUiZQ218cSC3LandValueLayer9tModifierT1	_Rb_tree<unsigned int, pair<unsigned int const, cSC3LandValueLayer::tModifier>, _Select1st<pair<unsigned int const, cSC3LandValueLayer::tModifier> >, less<unsigned int>, allocator<cSC3LandValueLayer::tModifier> >::erase(_Rb_tree_iterator<pair<unsigned int const, cSC3LandValueLayer::tModifier>, pair<unsigned int const, cSC3LandValueLayer::tModifier> &, pair<unsigned int const, cSC3LandValueLayer::tModifier> *>, _Rb_tree_iterator<pair<unsigned int const, cSC3LandValueLayer::tModifier>, pair<unsigned int const, cSC3LandValueLayer::tModifier> &, pair<unsigned int const, cSC3LandValueLayer::tModifier> *>)
001195b4	_M_insert__t8_Rb_tree5ZUiZt4pair2ZCUiZQ218cSC3LandValueLayer9tCCEffectZt10_Select1st1Zt4pair2ZCUiZQ218cSC3LandValueLayer9tCCEffectZt4less1ZUiZt9allocator1ZQ218cSC3LandValueLayer9tCCEffectP18_Rb_tree_node_baseT1RCt4pair2ZCUiZQ218cSC3LandValueLayer9tCCEffect	_Rb_tree<unsigned int, pair<unsigned int const, cSC3LandValueLayer::tCCEffect>, _Select1st<pair<unsigned int const, cSC3LandValueLayer::tCCEffect> >, less<unsigned int>, allocator<cSC3LandValueLayer::tCCEffect> >::_M_insert(_Rb_tree_node_base *, _Rb_tree_node_base *, pair<unsigned int const, cSC3LandValueLayer::tCCEffect> const &)
00119a64	insert_unique__t8_Rb_tree5ZUiZt4pair2ZCUiZQ218cSC3LandValueLayer9tCCEffectZt10_Select1st1Zt4pair2ZCUiZQ218cSC3LandValueLayer9tCCEffectZt4less1ZUiZt9allocator1ZQ218cSC3LandValueLayer9tCCEffectRCt4pair2ZCUiZQ218cSC3LandValueLayer9tCCEffect	_Rb_tree<unsigned int, pair<unsigned int const, cSC3LandValueLayer::tCCEffect>, _Select1st<pair<unsigned int const, cSC3LandValueLayer::tCCEffect> >, less<unsigned int>, allocator<cSC3LandValueLayer::tCCEffect> >::insert_unique(pair<unsigned int const, cSC3LandValueLayer::tCCEffect> const &)
00119b54	insert_unique__t8_Rb_tree5ZUiZt4pair2ZCUiZQ218cSC3LandValueLayer9tCCEffectZt10_Select1st1Zt4pair2ZCUiZQ218cSC3LandValueLayer9tCCEffectZt4less1ZUiZt9allocator1ZQ218cSC3LandValueLayer9tCCEffectGt17_Rb_tree_iterator3Zt4pair2ZCUiZQ218cSC3LandValueLayer9tCCEffectZRt4pair2ZCUiZQ218cSC3LandValueLayer9tCCEffectZPt4pair2ZCUiZQ218cSC3LandValueLayer9tCCEffectRCt4pair2ZCUiZQ218cSC3LandValueLayer9tCCEffect	_Rb_tree<unsigned int, pair<unsigned int const, cSC3LandValueLayer::tCCEffect>, _Select1st<pair<unsigned int const, cSC3LandValueLayer::tCCEffect> >, less<unsigned int>, allocator<cSC3LandValueLayer::tCCEffect> >::insert_unique(_Rb_tree_iterator<pair<unsigned int const, cSC3LandValueLayer::tCCEffect>, pair<unsigned int const, cSC3LandValueLayer::tCCEffect> &, pair<unsigned int const, cSC3LandValueLayer::tCCEffect> *>, pair<unsigned int const, cSC3LandValueLayer::tCCEffect> const &)
00119cd4	_M_insert__t8_Rb_tree5ZUiZt4pair2ZCUiZQ218cSC3LandValueLayer9tModifierZt10_Select1st1Zt4pair2ZCUiZQ218cSC3LandValueLayer9tModifierZt4less1ZUiZt9allocator1ZQ218cSC3LandValueLayer9tModifierP18_Rb_tree_node_baseT1RCt4pair2ZCUiZQ218cSC3LandValueLayer9tModifier	_Rb_tree<unsigned int, pair<unsigned int const, cSC3LandValueLayer::tModifier>, _Select1st<pair<unsigned int const, cSC3LandValueLayer::tModifier> >, less<unsigned int>, allocator<cSC3LandValueLayer::tModifier> >::_M_insert(_Rb_tree_node_base *, _Rb_tree_node_base *, pair<unsigned int const, cSC3LandValueLayer::tModifier> const &)
0011a164	insert_unique__t8_Rb_tree5ZUiZt4pair2ZCUiZQ218cSC3LandValueLayer9tModifierZt10_Select1st1Zt4pair2ZCUiZQ218cSC3LandValueLayer9tModifierZt4less1ZUiZt9allocator1ZQ218cSC3LandValueLayer9tModifierRCt4pair2ZCUiZQ218cSC3LandValueLayer9tModifier	_Rb_tree<unsigned int, pair<unsigned int const, cSC3LandValueLayer::tModifier>, _Select1st<pair<unsigned int const, cSC3LandValueLayer::tModifier> >, less<unsigned int>, allocator<cSC3LandValueLayer::tModifier> >::insert_unique(pair<unsigned int const, cSC3LandValueLayer::tModifier> const &)
0011a254	insert_unique__t8_Rb_tree5ZUiZt4pair2ZCUiZQ218cSC3LandValueLayer9tModifierZt10_Select1st1Zt4pair2ZCUiZQ218cSC3LandValueLayer9tModifierZt4less1ZUiZt9allocator1ZQ218cSC3LandValueLayer9tModifierGt17_Rb_tree_iterator3Zt4pair2ZCUiZQ218cSC3LandValueLayer9tModifierZRt4pair2ZCUiZQ218cSC3LandValueLayer9tModifierZPt4pair2ZCUiZQ218cSC3LandValueLayer9tModifierRCt4pair2ZCUiZQ218cSC3LandValueLayer9tModifier	_Rb_tree<unsigned int, pair<unsigned int const, cSC3LandValueLayer::tModifier>, _Select1st<pair<unsigned int const, cSC3LandValueLayer::tModifier> >, less<unsigned int>, allocator<cSC3LandValueLayer::tModifier> >::insert_unique(_Rb_tree_iterator<pair<unsigned int const, cSC3LandValueLayer::tModifier>, pair<unsigned int const, cSC3LandValueLayer::tModifier> &, pair<unsigned int const, cSC3LandValueLayer::tModifier> *>, pair<unsigned int const, cSC3LandValueLayer::tModifier> const &)
0011a3d4	_M_erase__t8_Rb_tree5ZUiZt4pair2ZCUiZQ218cSC3LandValueLayer9tCCEffectZt10_Select1st1Zt4pair2ZCUiZQ218cSC3LandValueLayer9tCCEffectZt4less1ZUiZt9allocator1ZQ218cSC3LandValueLayer9tCCEffectPt13_Rb_tree_node1Zt4pair2ZCUiZQ218cSC3LandValueLayer9tCCEffect	_Rb_tree<unsigned int, pair<unsigned int const, cSC3LandValueLayer::tCCEffect>, _Select1st<pair<unsigned int const, cSC3LandValueLayer::tCCEffect> >, less<unsigned int>, allocator<cSC3LandValueLayer::tCCEffect> >::_M_erase(_Rb_tree_node<pair<unsigned int const, cSC3LandValueLayer::tCCEffect> > *)
0011a454	erase__t8_Rb_tree5ZUiZt4pair2ZCUiZQ218cSC3LandValueLayer9tCCEffectZt10_Select1st1Zt4pair2ZCUiZQ218cSC3LandValueLayer9tCCEffectZt4less1ZUiZt9allocator1ZQ218cSC3LandValueLayer9tCCEffectGt17_Rb_tree_iterator3Zt4pair2ZCUiZQ218cSC3LandValueLayer9tCCEffectZRt4pair2ZCUiZQ218cSC3LandValueLayer9tCCEffectZPt4pair2ZCUiZQ218cSC3LandValueLayer9tCCEffectT1	_Rb_tree<unsigned int, pair<unsigned int const, cSC3LandValueLayer::tCCEffect>, _Select1st<pair<unsigned int const, cSC3LandValueLayer::tCCEffect> >, less<unsigned int>, allocator<cSC3LandValueLayer::tCCEffect> >::erase(_Rb_tree_iterator<pair<unsigned int const, cSC3LandValueLayer::tCCEffect>, pair<unsigned int const, cSC3LandValueLayer::tCCEffect> &, pair<unsigned int const, cSC3LandValueLayer::tCCEffect> *>, _Rb_tree_iterator<pair<unsigned int const, cSC3LandValueLayer::tCCEffect>, pair<unsigned int const, cSC3LandValueLayer::tCCEffect> &, pair<unsigned int const, cSC3LandValueLayer::tCCEffect> *>)
0011a960	find__t8_Rb_tree5ZUiZt4pair2ZCUiZQ218cSC3LandValueLayer9tModifierZt10_Select1st1Zt4pair2ZCUiZQ218cSC3LandValueLayer9tModifierZt4less1ZUiZt9allocator1ZQ218cSC3LandValueLayer9tModifierRCUi	_Rb_tree<unsigned int, pair<unsigned int const, cSC3LandValueLayer::tModifier>, _Select1st<pair<unsigned int const, cSC3LandValueLayer::tModifier> >, less<unsigned int>, allocator<cSC3LandValueLayer::tModifier> >::find(unsigned int const &)
0011a9c0	__thunk_4__._29cSC3DailyLandValueManipulator	virtual function thunk (delta:-4) for cSC3DailyLandValueManipulator::~cSC3DailyLandValueManipulator(void)
0011a9dc	__thunk_4_Release__29cSC3DailyLandValueManipulator	virtual function thunk (delta:-4) for cSC3DailyLandValueManipulator::Release(void)
0011a9f8	__thunk_4_AddRef__29cSC3DailyLandValueManipulator	virtual function thunk (delta:-4) for cSC3DailyLandValueManipulator::AddRef(void)
0011aa14	__thunk_36_QueryInterface__18cSC3LandValueLayerUiPPv	virtual function thunk (delta:-36) for cSC3LandValueLayer::QueryInterface(unsigned int, void **)
0011aa30	__thunk_36_AddRef__18cSC3LandValueLayer	virtual function thunk (delta:-36) for cSC3LandValueLayer::AddRef(void)
0011aa4c	__thunk_36_Release__18cSC3LandValueLayer	virtual function thunk (delta:-36) for cSC3LandValueLayer::Release(void)
0011aa68	__thunk_36_OccupantInserted__18cSC3LandValueLayerUiP13cISC3Occupant	virtual function thunk (delta:-36) for cSC3LandValueLayer::OccupantInserted(unsigned int, cISC3Occupant *)
0011aa84	__thunk_36_OccupantRemoved__18cSC3LandValueLayerUiP13cISC3Occupant	virtual function thunk (delta:-36) for cSC3LandValueLayer::OccupantRemoved(unsigned int, cISC3Occupant *)
0011aaa0	__thunk_36_OccupantMoved__18cSC3LandValueLayerUiP13cISC3OccupantRC13cSC3CityCoord	virtual function thunk (delta:-36) for cSC3LandValueLayer::OccupantMoved(unsigned int, cISC3Occupant *, cSC3CityCoord const &)
0011aabc	__thunk_36_OccupantChanged__18cSC3LandValueLayerUiP13cISC3OccupantiPv	virtual function thunk (delta:-36) for cSC3LandValueLayer::OccupantChanged(unsigned int, cISC3Occupant *, int, void *)
0011aad8	__thunk_36_CellChangedAll__18cSC3LandValueLayerUi	virtual function thunk (delta:-36) for cSC3LandValueLayer::CellChangedAll(unsigned int)
0011aaf4	__thunk_36_CellChanged__18cSC3LandValueLayerUiUiUi	virtual function thunk (delta:-36) for cSC3LandValueLayer::CellChanged(unsigned int, unsigned int, unsigned int)
0011ab10	__thunk_36_CellChanged__18cSC3LandValueLayerUiUiUiUiUi	virtual function thunk (delta:-36) for cSC3LandValueLayer::CellChanged(unsigned int, unsigned int, unsigned int, unsigned int, unsigned int)
0011ab2c	__thunk_40_QueryInterface__18cSC3LandValueLayerUiPPv	virtual function thunk (delta:-40) for cSC3LandValueLayer::QueryInterface(unsigned int, void **)
0011ab48	__thunk_40_AddRef__18cSC3LandValueLayer	virtual function thunk (delta:-40) for cSC3LandValueLayer::AddRef(void)
0011ab64	__thunk_40_Release__18cSC3LandValueLayer	virtual function thunk (delta:-40) for cSC3LandValueLayer::Release(void)
0011ab80	__thunk_40_CreateMapSprite__18cSC3LandValueLayerUiUiPPv	virtual function thunk (delta:-40) for cSC3LandValueLayer::CreateMapSprite(unsigned int, unsigned int, void **)
0011ab9c	__thunk_40_GetMapSpriteCount__18cSC3LandValueLayer	virtual function thunk (delta:-40) for cSC3LandValueLayer::GetMapSpriteCount(void)
0011abb8	__thunk_40_GetSpriteIdFromIndex__18cSC3LandValueLayerUiRUi	virtual function thunk (delta:-40) for cSC3LandValueLayer::GetSpriteIdFromIndex(unsigned int, unsigned int &)
0011abd4	__thunk_28_QueryInterface__18cSC3LandValueLayerUiPPv	virtual function thunk (delta:-28) for cSC3LandValueLayer::QueryInterface(unsigned int, void **)
0011abf0	__thunk_28_AddRef__18cSC3LandValueLayer	virtual function thunk (delta:-28) for cSC3LandValueLayer::AddRef(void)
0011ac0c	__thunk_28_Release__18cSC3LandValueLayer	virtual function thunk (delta:-28) for cSC3LandValueLayer::Release(void)
0011ac28	__thunk_28_CellCountX__C18cSC3LandValueLayer	virtual function thunk (delta:-28) for cSC3LandValueLayer::CellCountX(void) const
0011ac44	__thunk_28_CellCountZ__C18cSC3LandValueLayer	virtual function thunk (delta:-28) for cSC3LandValueLayer::CellCountZ(void) const
0011ac60	__thunk_28_GetValueSint32__C18cSC3LandValueLayerUiUiRi	virtual function thunk (delta:-28) for cSC3LandValueLayer::GetValueSint32(unsigned int, unsigned int, int &) const
0011ac7c	__thunk_28_InBounds__C18cSC3LandValueLayerUiUi	virtual function thunk (delta:-28) for cSC3LandValueLayer::InBounds(unsigned int, unsigned int) const
0011ac98	__thunk_28_InBounds__C18cSC3LandValueLayerUiUiUiUi	virtual function thunk (delta:-28) for cSC3LandValueLayer::InBounds(unsigned int, unsigned int, unsigned int, unsigned int) const
0011acb4	__thunk_28_ValidRect__C18cSC3LandValueLayerUiUiUiUi	virtual function thunk (delta:-28) for cSC3LandValueLayer::ValidRect(unsigned int, unsigned int, unsigned int, unsigned int) const
0011acd0	__thunk_28_SerialRead__18cSC3LandValueLayerR18cIGZDBSerialRecord	virtual function thunk (delta:-28) for cSC3LandValueLayer::SerialRead(cIGZDBSerialRecord &)
0011acec	__thunk_28_SerialWrite__C18cSC3LandValueLayerR18cIGZDBSerialRecord	virtual function thunk (delta:-28) for cSC3LandValueLayer::SerialWrite(cIGZDBSerialRecord &) const
0011ad08	__thunk_28_Init__18cSC3LandValueLayerP9cISC3CityRCUc	virtual function thunk (delta:-28) for cSC3LandValueLayer::Init(cISC3City *, unsigned char const &)
0011ad24	__thunk_28_Shutdown__18cSC3LandValueLayer	virtual function thunk (delta:-28) for cSC3LandValueLayer::Shutdown(void)
0011ad40	__thunk_28_GetValue__C18cSC3LandValueLayerUiUiRUc	virtual function thunk (delta:-28) for cSC3LandValueLayer::GetValue(unsigned int, unsigned int, unsigned char &) const
0011ad5c	__thunk_28_SetValue__18cSC3LandValueLayerUiUiRCUc	virtual function thunk (delta:-28) for cSC3LandValueLayer::SetValue(unsigned int, unsigned int, unsigned char const &)
0011ad78	__thunk_28_SetAllCells__18cSC3LandValueLayerRCUc	virtual function thunk (delta:-28) for cSC3LandValueLayer::SetAllCells(unsigned char const &)
0011ad94	__thunk_28_SetValue__18cSC3LandValueLayerUiUiUiUiRCUc	virtual function thunk (delta:-28) for cSC3LandValueLayer::SetValue(unsigned int, unsigned int, unsigned int, unsigned int, unsigned char const &)
0011adb0	__thunk_28_GetAverageValue__18cSC3LandValueLayer	virtual function thunk (delta:-28) for cSC3LandValueLayer::GetAverageValue(void)
0011adcc	__thunk_32_QueryInterface__18cSC3LandValueLayerUiPPv	virtual function thunk (delta:-32) for cSC3LandValueLayer::QueryInterface(unsigned int, void **)
0011ade8	__thunk_32_AddRef__18cSC3LandValueLayer	virtual function thunk (delta:-32) for cSC3LandValueLayer::AddRef(void)
0011ae04	__thunk_32_Release__18cSC3LandValueLayer	virtual function thunk (delta:-32) for cSC3LandValueLayer::Release(void)
0011ae20	__thunk_32_DoMessage__18cSC3LandValueLayerR10cGZMessage	virtual function thunk (delta:-32) for cSC3LandValueLayer::DoMessage(cGZMessage &)
0011ae3c	__thunk_32_DoQueryInfo__18cSC3LandValueLayerR10cGZMessageP11cIGZUnknown	virtual function thunk (delta:-32) for cSC3LandValueLayer::DoQueryInfo(cGZMessage &, cIGZUnknown *)
0011ae58	__thunk_32_StaticInit__18cSC3LandValueLayerP19cISC3CityDefinition	virtual function thunk (delta:-32) for cSC3LandValueLayer::StaticInit(cISC3CityDefinition *)
0011ae74	__thunk_32_StaticShutdown__18cSC3LandValueLayer	virtual function thunk (delta:-32) for cSC3LandValueLayer::StaticShutdown(void)
0011ae90	__thunk_32_Init__18cSC3LandValueLayerP9cISC3City	virtual function thunk (delta:-32) for cSC3LandValueLayer::Init(cISC3City *)
0011aeac	__thunk_32_Init__18cSC3LandValueLayerP9cISC3CityP13cISC2Importer	virtual function thunk (delta:-32) for cSC3LandValueLayer::Init(cISC3City *, cISC2Importer *)
0011aec8	__thunk_32_Init__18cSC3LandValueLayerP9cISC3CityP13cIGZDBSegment	virtual function thunk (delta:-32) for cSC3LandValueLayer::Init(cISC3City *, cIGZDBSegment *)
0011aee4	__thunk_32_Save__18cSC3LandValueLayerP9cISC3CityP13cIGZDBSegment	virtual function thunk (delta:-32) for cSC3LandValueLayer::Save(cISC3City *, cIGZDBSegment *)
0011af00	__thunk_32_SimulationBegin__18cSC3LandValueLayer	virtual function thunk (delta:-32) for cSC3LandValueLayer::SimulationBegin(void)
0011af1c	__thunk_32_SimulationEnd__18cSC3LandValueLayer	virtual function thunk (delta:-32) for cSC3LandValueLayer::SimulationEnd(void)
0011af38	__thunk_32_Shutdown__18cSC3LandValueLayer	virtual function thunk (delta:-32) for cSC3LandValueLayer::Shutdown(void)
0011af54	__thunk_32_GetManipulator__18cSC3LandValueLayerRC18cISC3CityAgentTypePP25cISC3CityLayerManipulatorRi	virtual function thunk (delta:-32) for cSC3LandValueLayer::GetManipulator(cISC3CityAgentType const &, cISC3CityLayerManipulator **, int &)
0011af70	__thunk_32_GetLayerType__18cSC3LandValueLayer	virtual function thunk (delta:-32) for cSC3LandValueLayer::GetLayerType(void)
0011af8c	__thunk_32_DebugClassTag__18cSC3LandValueLayerR10cIGZString	virtual function thunk (delta:-32) for cSC3LandValueLayer::DebugClassTag(cIGZString &)
0011afa8	__thunk_32_DebugTypeTag__18cSC3LandValueLayerR10cIGZString	virtual function thunk (delta:-32) for cSC3LandValueLayer::DebugTypeTag(cIGZString &)
0011afc8	_._t3map4ZUiZQ218cSC3LandValueLayer9tModifierZt4less1ZUiZt9allocator1ZQ218cSC3LandValueLayer9tModifier	map<unsigned int, cSC3LandValueLayer::tModifier, less<unsigned int>, allocator<cSC3LandValueLayer::tModifier> >::~map(void)
0011b070	_._t3map4ZUiZQ218cSC3LandValueLayer9tCCEffectZt4less1ZUiZt9allocator1ZQ218cSC3LandValueLayer9tCCEffect	map<unsigned int, cSC3LandValueLayer::tCCEffect, less<unsigned int>, allocator<cSC3LandValueLayer::tCCEffect> >::~map(void)
0011b118	_._t20cSC3CityCellMapSized1ZUc	cSC3CityCellMapSized<unsigned char>::~cSC3CityCellMapSized(void)
0011b150	_._t20cSC3CityCellMapSized1Zs	cSC3CityCellMapSized<short>::~cSC3CityCellMapSized(void)
0011b188	Shutdown__t20cSC3CityCellMapSized1ZUc	cSC3CityCellMapSized<unsigned char>::Shutdown(void)
0011b1d4	__t20cSC3CityCellMapSized1ZUci	cSC3CityCellMapSized<unsigned char>::cSC3CityCellMapSized(int)
0011b238	__t20cSC3CityCellMapSized1Zsi	cSC3CityCellMapSized<short>::cSC3CityCellMapSized(int)
0011b2a0	lower_bound__t8_Rb_tree5ZUiZt4pair2ZCUiZQ218cSC3LandValueLayer9tCCEffectZt10_Select1st1Zt4pair2ZCUiZQ218cSC3LandValueLayer9tCCEffectZt4less1ZUiZt9allocator1ZQ218cSC3LandValueLayer9tCCEffectRCUi	_Rb_tree<unsigned int, pair<unsigned int const, cSC3LandValueLayer::tCCEffect>, _Select1st<pair<unsigned int const, cSC3LandValueLayer::tCCEffect> >, less<unsigned int>, allocator<cSC3LandValueLayer::tCCEffect> >::lower_bound(unsigned int const &)
0011b2e0	lower_bound__t8_Rb_tree5ZUiZt4pair2ZCUiZQ218cSC3LandValueLayer9tModifierZt10_Select1st1Zt4pair2ZCUiZQ218cSC3LandValueLayer9tModifierZt4less1ZUiZt9allocator1ZQ218cSC3LandValueLayer9tModifierRCUi	_Rb_tree<unsigned int, pair<unsigned int const, cSC3LandValueLayer::tModifier>, _Select1st<pair<unsigned int const, cSC3LandValueLayer::tModifier> >, less<unsigned int>, allocator<cSC3LandValueLayer::tModifier> >::lower_bound(unsigned int const &)
0011b31c	Shutdown__t20cSC3CityCellMapSized1Zs	cSC3CityCellMapSized<short>::Shutdown(void)
0011b374	Init__t20cSC3CityCellMapSized1ZsP9cISC3CityRCs	cSC3CityCellMapSized<short>::Init(cISC3City *, short const &)
0011b4e4	SetAllCells__t20cSC3CityCellMapSized1ZsRCs	cSC3CityCellMapSized<short>::SetAllCells(short const &)
0011b53c	GetValue__Ct20cSC3CityCellMapSized1ZsUiUiRs	cSC3CityCellMapSized<short>::GetValue(unsigned int, unsigned int, short &) const
0011b56c	SetValue__t20cSC3CityCellMapSized1ZsUiUiRCs	cSC3CityCellMapSized<short>::SetValue(unsigned int, unsigned int, short const &)
0011b5a4	QueryInterface__t20cSC3CityCellMapSized1ZUcUiPPv	cSC3CityCellMapSized<unsigned char>::QueryInterface(unsigned int, void **)
0011b624	QueryInterface__t20cSC3CityCellMapSized1ZsUiPPv	cSC3CityCellMapSized<short>::QueryInterface(unsigned int, void **)
0011b6a4	Init__t20cSC3CityCellMapSized1ZUcP9cISC3CityRCUc	cSC3CityCellMapSized<unsigned char>::Init(cISC3City *, unsigned char const &)
0011b80c	CellCountX__Ct20cSC3CityCellMapSized1ZUc	cSC3CityCellMapSized<unsigned char>::CellCountX(void) const
0011b81c	CellCountZ__Ct20cSC3CityCellMapSized1ZUc	cSC3CityCellMapSized<unsigned char>::CellCountZ(void) const
0011b82c	GetValue__Ct20cSC3CityCellMapSized1ZUcUiUiRUc	cSC3CityCellMapSized<unsigned char>::GetValue(unsigned int, unsigned int, unsigned char &) const
0011b85c	SetValue__t20cSC3CityCellMapSized1ZUcUiUiRCUc	cSC3CityCellMapSized<unsigned char>::SetValue(unsigned int, unsigned int, unsigned char const &)
0011b890	SetValue__t20cSC3CityCellMapSized1ZUcUiUiUiUiRCUc	cSC3CityCellMapSized<unsigned char>::SetValue(unsigned int, unsigned int, unsigned int, unsigned int, unsigned char const &)
0011b904	SetAllCells__t20cSC3CityCellMapSized1ZUcRCUc	cSC3CityCellMapSized<unsigned char>::SetAllCells(unsigned char const &)
0011b960	InBounds__Ct20cSC3CityCellMapSized1ZUcUiUi	cSC3CityCellMapSized<unsigned char>::InBounds(unsigned int, unsigned int) const
0011b9b4	InBounds__Ct20cSC3CityCellMapSized1ZUcUiUiUiUi	cSC3CityCellMapSized<unsigned char>::InBounds(unsigned int, unsigned int, unsigned int, unsigned int) const
0011ba10	ValidRect__Ct20cSC3CityCellMapSized1ZUcUiUiUiUi	cSC3CityCellMapSized<unsigned char>::ValidRect(unsigned int, unsigned int, unsigned int, unsigned int) const
0011ba34	SerialRead__t20cSC3CityCellMapSized1ZUcR18cIGZDBSerialRecord	cSC3CityCellMapSized<unsigned char>::SerialRead(cIGZDBSerialRecord &)
0011ba94	SerialWrite__Ct20cSC3CityCellMapSized1ZUcR18cIGZDBSerialRecord	cSC3CityCellMapSized<unsigned char>::SerialWrite(cIGZDBSerialRecord &) const
0011baf4	AddRef__t20cSC3CityCellMapSized1ZUc	cSC3CityCellMapSized<unsigned char>::AddRef(void)
0011bb30	AddRef__t20cSC3CityCellMapSized1Zs	cSC3CityCellMapSized<short>::AddRef(void)
0011bb74	_._t10cRZCellMap1Zs	cRZCellMap<short>::~cRZCellMap(void)
0011bbec	Release__t20cSC3CityCellMapSized1ZUc	cSC3CityCellMapSized<unsigned char>::Release(void)
0011bc4c	Release__t20cSC3CityCellMapSized1Zs	cSC3CityCellMapSized<short>::Release(void)
0011bca8	CellCountX__Ct20cSC3CityCellMapSized1Zs	cSC3CityCellMapSized<short>::CellCountX(void) const
0011bcb8	CellCountZ__Ct20cSC3CityCellMapSized1Zs	cSC3CityCellMapSized<short>::CellCountZ(void) const
0011bcc8	GetValueSint32__Ct20cSC3CityCellMapSized1ZsUiUiRi	cSC3CityCellMapSized<short>::GetValueSint32(unsigned int, unsigned int, int &) const
0011bcfc	InBounds__Ct20cSC3CityCellMapSized1ZsUiUi	cSC3CityCellMapSized<short>::InBounds(unsigned int, unsigned int) const
0011bd50	InBounds__Ct20cSC3CityCellMapSized1ZsUiUiUiUi	cSC3CityCellMapSized<short>::InBounds(unsigned int, unsigned int, unsigned int, unsigned int) const
0011bdac	ValidRect__Ct20cSC3CityCellMapSized1ZsUiUiUiUi	cSC3CityCellMapSized<short>::ValidRect(unsigned int, unsigned int, unsigned int, unsigned int) const
0011bdd4	SerialRead__t20cSC3CityCellMapSized1ZsR18cIGZDBSerialRecord	cSC3CityCellMapSized<short>::SerialRead(cIGZDBSerialRecord &)
0011be34	SerialWrite__Ct20cSC3CityCellMapSized1ZsR18cIGZDBSerialRecord	cSC3CityCellMapSized<short>::SerialWrite(cIGZDBSerialRecord &) const
0011bea0	SetValue__t20cSC3CityCellMapSized1ZsUiUiUiUiRCs	cSC3CityCellMapSized<short>::SetValue(unsigned int, unsigned int, unsigned int, unsigned int, short const &)
0011bf0c	GetValueSint32__Ct20cSC3CityCellMapSized1ZUcUiUiRi	cSC3CityCellMapSized<unsigned char>::GetValueSint32(unsigned int, unsigned int, int &) const
0011bf44	_._t10cRZCellMap1ZUc	cRZCellMap<unsigned char>::~cRZCellMap(void)
0011bfc4	clear__t10_List_base2ZQ225cSC3LandfillZoneDeveloper12tGarbageHeapZt9allocator1ZQ225cSC3LandfillZoneDeveloper12tGarbageHeap	_List_base<cSC3LandfillZoneDeveloper::tGarbageHeap, allocator<cSC3LandfillZoneDeveloper::tGarbageHeap> >::clear(void)
0011c044	clear__t10_List_base2Z17sIGZPointXZUint32Zt9allocator1Z17sIGZPointXZUint32	_List_base<sIGZPointXZUint32, allocator<sIGZPointXZUint32> >::clear(void)
0011c0c0	merge__t4list2Z17sIGZPointXZUint32Zt9allocator1Z17sIGZPointXZUint32Rt4list2Z17sIGZPointXZUint32Zt9allocator1Z17sIGZPointXZUint32	list<sIGZPointXZUint32, allocator<sIGZPointXZUint32> >::merge(list<sIGZPointXZUint32, allocator<sIGZPointXZUint32> > &)
0011c1f4	sort__t4list2Z17sIGZPointXZUint32Zt9allocator1Z17sIGZPointXZUint32	list<sIGZPointXZUint32, allocator<sIGZPointXZUint32> >::sort(void)
0011c834	__thunk_4_GetLandfillDecayRate__25cSC3LandfillZoneDeveloper	virtual function thunk (delta:-4) for cSC3LandfillZoneDeveloper::GetLandfillDecayRate(void)
0011c850	__thunk_8__._25cSC3LandfillZoneDeveloper	virtual function thunk (delta:-8) for cSC3LandfillZoneDeveloper::~cSC3LandfillZoneDeveloper(void)
0011c86c	__thunk_8_Release__25cSC3LandfillZoneDeveloper	virtual function thunk (delta:-8) for cSC3LandfillZoneDeveloper::Release(void)
0011c888	__thunk_8_AddRef__25cSC3LandfillZoneDeveloper	virtual function thunk (delta:-8) for cSC3LandfillZoneDeveloper::AddRef(void)
0011c8b4	_._18cTileIdentityArray	cTileIdentityArray::~cTileIdentityArray(void)
0011c964	_._t10cRZCellMap1Zb	cRZCellMap<bool>::~cRZCellMap(void)
0011c9e0	SetAllCells__t10cRZCellMap1ZbRCb	cRZCellMap<bool>::SetAllCells(bool const &)
0011ca54	__uninitialized_copy_aux__H2ZPQ222cSC3ResHDDeveloperRule7tFamilyZPQ222cSC3ResHDDeveloperRule7tFamily_X01X01X11G12__false_type_X11	cSC3ResHDDeveloperRule::tFamily * __uninitialized_copy_aux<cSC3ResHDDeveloperRule::tFamily *, cSC3ResHDDeveloperRule::tFamily *>(cSC3ResHDDeveloperRule::tFamily *, cSC3ResHDDeveloperRule::tFamily *, cSC3ResHDDeveloperRule::tFamily *, __false_type)
0011cb34	_M_insert_aux__t6vector2ZQ222cSC3ResHDDeveloperRule7tFamilyZt9allocator1ZQ222cSC3ResHDDeveloperRule7tFamilyPQ222cSC3ResHDDeveloperRule7tFamilyRCQ222cSC3ResHDDeveloperRule7tFamily	vector<cSC3ResHDDeveloperRule::tFamily, allocator<cSC3ResHDDeveloperRule::tFamily> >::_M_insert_aux(cSC3ResHDDeveloperRule::tFamily *, cSC3ResHDDeveloperRule::tFamily const &)
0011cfbc	__thunk_12_QueryInterface__22cSC3ResHDDeveloperRuleUiPPv	virtual function thunk (delta:-12) for cSC3ResHDDeveloperRule::QueryInterface(unsigned int, void **)
0011cfd8	__thunk_12_AddRef__22cSC3ResHDDeveloperRule	virtual function thunk (delta:-12) for cSC3ResHDDeveloperRule::AddRef(void)
0011cff4	__thunk_12_Release__22cSC3ResHDDeveloperRule	virtual function thunk (delta:-12) for cSC3ResHDDeveloperRule::Release(void)
0011d010	__thunk_8_QueryInterface__22cSC3ResHDDeveloperRuleUiPPv	virtual function thunk (delta:-8) for cSC3ResHDDeveloperRule::QueryInterface(unsigned int, void **)
0011d02c	__thunk_8_AddRef__22cSC3ResHDDeveloperRule	virtual function thunk (delta:-8) for cSC3ResHDDeveloperRule::AddRef(void)
0011d048	__thunk_8_Release__22cSC3ResHDDeveloperRule	virtual function thunk (delta:-8) for cSC3ResHDDeveloperRule::Release(void)
0011d064	__thunk_8_Init__22cSC3ResHDDeveloperRuleP9cISC3City	virtual function thunk (delta:-8) for cSC3ResHDDeveloperRule::Init(cISC3City *)
0011d080	__thunk_8_Shutdown__22cSC3ResHDDeveloperRule	virtual function thunk (delta:-8) for cSC3ResHDDeveloperRule::Shutdown(void)
0011d09c	__thunk_8_RegisterBuildingFamily__22cSC3ResHDDeveloperRuleP19cISC3BuildingFamily	virtual function thunk (delta:-8) for cSC3ResHDDeveloperRule::RegisterBuildingFamily(cISC3BuildingFamily *)
0011d0b8	__thunk_8_SetTransportLimit__22cSC3ResHDDeveloperRuleUi	virtual function thunk (delta:-8) for cSC3ResHDDeveloperRule::SetTransportLimit(unsigned int)
0011d0d4	__thunk_8_Apply__22cSC3ResHDDeveloperRuleRC14sIGZRectUint32Uiii	virtual function thunk (delta:-8) for cSC3ResHDDeveloperRule::Apply(sIGZRectUint32 const &, unsigned int, int, int)
0011d0f4	__uninitialized_copy_aux__H2ZPQ222cSC3ResLDDeveloperRule7tFamilyZPQ222cSC3ResLDDeveloperRule7tFamily_X01X01X11G12__false_type_X11	cSC3ResLDDeveloperRule::tFamily * __uninitialized_copy_aux<cSC3ResLDDeveloperRule::tFamily *, cSC3ResLDDeveloperRule::tFamily *>(cSC3ResLDDeveloperRule::tFamily *, cSC3ResLDDeveloperRule::tFamily *, cSC3ResLDDeveloperRule::tFamily *, __false_type)
0011d1d4	_M_insert_aux__t6vector2ZQ222cSC3ResLDDeveloperRule7tFamilyZt9allocator1ZQ222cSC3ResLDDeveloperRule7tFamilyPQ222cSC3ResLDDeveloperRule7tFamilyRCQ222cSC3ResLDDeveloperRule7tFamily	vector<cSC3ResLDDeveloperRule::tFamily, allocator<cSC3ResLDDeveloperRule::tFamily> >::_M_insert_aux(cSC3ResLDDeveloperRule::tFamily *, cSC3ResLDDeveloperRule::tFamily const &)
0011d65c	__thunk_12_QueryInterface__22cSC3ResLDDeveloperRuleUiPPv	virtual function thunk (delta:-12) for cSC3ResLDDeveloperRule::QueryInterface(unsigned int, void **)
0011d678	__thunk_12_AddRef__22cSC3ResLDDeveloperRule	virtual function thunk (delta:-12) for cSC3ResLDDeveloperRule::AddRef(void)
0011d694	__thunk_12_Release__22cSC3ResLDDeveloperRule	virtual function thunk (delta:-12) for cSC3ResLDDeveloperRule::Release(void)
0011d6b0	__thunk_8_QueryInterface__22cSC3ResLDDeveloperRuleUiPPv	virtual function thunk (delta:-8) for cSC3ResLDDeveloperRule::QueryInterface(unsigned int, void **)
0011d6cc	__thunk_8_AddRef__22cSC3ResLDDeveloperRule	virtual function thunk (delta:-8) for cSC3ResLDDeveloperRule::AddRef(void)
0011d6e8	__thunk_8_Release__22cSC3ResLDDeveloperRule	virtual function thunk (delta:-8) for cSC3ResLDDeveloperRule::Release(void)
0011d704	__thunk_8_Init__22cSC3ResLDDeveloperRuleP9cISC3City	virtual function thunk (delta:-8) for cSC3ResLDDeveloperRule::Init(cISC3City *)
0011d720	__thunk_8_Shutdown__22cSC3ResLDDeveloperRule	virtual function thunk (delta:-8) for cSC3ResLDDeveloperRule::Shutdown(void)
0011d73c	__thunk_8_RegisterBuildingFamily__22cSC3ResLDDeveloperRuleP19cISC3BuildingFamily	virtual function thunk (delta:-8) for cSC3ResLDDeveloperRule::RegisterBuildingFamily(cISC3BuildingFamily *)
0011d758	__thunk_8_SetTransportLimit__22cSC3ResLDDeveloperRuleUi	virtual function thunk (delta:-8) for cSC3ResLDDeveloperRule::SetTransportLimit(unsigned int)
0011d774	__thunk_8_Apply__22cSC3ResLDDeveloperRuleRC14sIGZRectUint32Uiii	virtual function thunk (delta:-8) for cSC3ResLDDeveloperRule::Apply(sIGZRectUint32 const &, unsigned int, int, int)
0011d794	__uninitialized_copy_aux__H2ZPQ222cSC3ResMDDeveloperRule7tFamilyZPQ222cSC3ResMDDeveloperRule7tFamily_X01X01X11G12__false_type_X11	cSC3ResMDDeveloperRule::tFamily * __uninitialized_copy_aux<cSC3ResMDDeveloperRule::tFamily *, cSC3ResMDDeveloperRule::tFamily *>(cSC3ResMDDeveloperRule::tFamily *, cSC3ResMDDeveloperRule::tFamily *, cSC3ResMDDeveloperRule::tFamily *, __false_type)
0011d874	_M_insert_aux__t6vector2ZQ222cSC3ResMDDeveloperRule7tFamilyZt9allocator1ZQ222cSC3ResMDDeveloperRule7tFamilyPQ222cSC3ResMDDeveloperRule7tFamilyRCQ222cSC3ResMDDeveloperRule7tFamily	vector<cSC3ResMDDeveloperRule::tFamily, allocator<cSC3ResMDDeveloperRule::tFamily> >::_M_insert_aux(cSC3ResMDDeveloperRule::tFamily *, cSC3ResMDDeveloperRule::tFamily const &)
0011dd2c	__thunk_12_QueryInterface__22cSC3ResMDDeveloperRuleUiPPv	virtual function thunk (delta:-12) for cSC3ResMDDeveloperRule::QueryInterface(unsigned int, void **)
0011dd48	__thunk_12_AddRef__22cSC3ResMDDeveloperRule	virtual function thunk (delta:-12) for cSC3ResMDDeveloperRule::AddRef(void)
0011dd64	__thunk_12_Release__22cSC3ResMDDeveloperRule	virtual function thunk (delta:-12) for cSC3ResMDDeveloperRule::Release(void)
0011dd80	__thunk_8_QueryInterface__22cSC3ResMDDeveloperRuleUiPPv	virtual function thunk (delta:-8) for cSC3ResMDDeveloperRule::QueryInterface(unsigned int, void **)
0011dd9c	__thunk_8_AddRef__22cSC3ResMDDeveloperRule	virtual function thunk (delta:-8) for cSC3ResMDDeveloperRule::AddRef(void)
0011ddb8	__thunk_8_Release__22cSC3ResMDDeveloperRule	virtual function thunk (delta:-8) for cSC3ResMDDeveloperRule::Release(void)
0011ddd4	__thunk_8_Init__22cSC3ResMDDeveloperRuleP9cISC3City	virtual function thunk (delta:-8) for cSC3ResMDDeveloperRule::Init(cISC3City *)
0011ddf0	__thunk_8_Shutdown__22cSC3ResMDDeveloperRule	virtual function thunk (delta:-8) for cSC3ResMDDeveloperRule::Shutdown(void)
0011de0c	__thunk_8_RegisterBuildingFamily__22cSC3ResMDDeveloperRuleP19cISC3BuildingFamily	virtual function thunk (delta:-8) for cSC3ResMDDeveloperRule::RegisterBuildingFamily(cISC3BuildingFamily *)
0011de28	__thunk_8_SetTransportLimit__22cSC3ResMDDeveloperRuleUi	virtual function thunk (delta:-8) for cSC3ResMDDeveloperRule::SetTransportLimit(unsigned int)
0011de44	__thunk_8_Apply__22cSC3ResMDDeveloperRuleRC14sIGZRectUint32Uiii	virtual function thunk (delta:-8) for cSC3ResMDDeveloperRule::Apply(sIGZRectUint32 const &, unsigned int, int, int)
0011de64	_M_erase__t8_Rb_tree5ZUiZt4pair2ZCUiZQ220cSC3ResZoneDeveloper12tLandUseInfoZt10_Select1st1Zt4pair2ZCUiZQ220cSC3ResZoneDeveloper12tLandUseInfoZt4less1ZUiZt9allocator1ZQ220cSC3ResZoneDeveloper12tLandUseInfoPt13_Rb_tree_node1Zt4pair2ZCUiZQ220cSC3ResZoneDeveloper12tLandUseInfo	_Rb_tree<unsigned int, pair<unsigned int const, cSC3ResZoneDeveloper::tLandUseInfo>, _Select1st<pair<unsigned int const, cSC3ResZoneDeveloper::tLandUseInfo> >, less<unsigned int>, allocator<cSC3ResZoneDeveloper::tLandUseInfo> >::_M_erase(_Rb_tree_node<pair<unsigned int const, cSC3ResZoneDeveloper::tLandUseInfo> > *)
0011dee4	_M_insert__t8_Rb_tree5ZUiZt4pair2ZCUiZQ220cSC3ResZoneDeveloper12tLandUseInfoZt10_Select1st1Zt4pair2ZCUiZQ220cSC3ResZoneDeveloper12tLandUseInfoZt4less1ZUiZt9allocator1ZQ220cSC3ResZoneDeveloper12tLandUseInfoP18_Rb_tree_node_baseT1RCt4pair2ZCUiZQ220cSC3ResZoneDeveloper12tLandUseInfo	_Rb_tree<unsigned int, pair<unsigned int const, cSC3ResZoneDeveloper::tLandUseInfo>, _Select1st<pair<unsigned int const, cSC3ResZoneDeveloper::tLandUseInfo> >, less<unsigned int>, allocator<cSC3ResZoneDeveloper::tLandUseInfo> >::_M_insert(_Rb_tree_node_base *, _Rb_tree_node_base *, pair<unsigned int const, cSC3ResZoneDeveloper::tLandUseInfo> const &)
0011e2c4	insert_unique__t8_Rb_tree5ZUiZt4pair2ZCUiZQ220cSC3ResZoneDeveloper12tLandUseInfoZt10_Select1st1Zt4pair2ZCUiZQ220cSC3ResZoneDeveloper12tLandUseInfoZt4less1ZUiZt9allocator1ZQ220cSC3ResZoneDeveloper12tLandUseInfoRCt4pair2ZCUiZQ220cSC3ResZoneDeveloper12tLandUseInfo	_Rb_tree<unsigned int, pair<unsigned int const, cSC3ResZoneDeveloper::tLandUseInfo>, _Select1st<pair<unsigned int const, cSC3ResZoneDeveloper::tLandUseInfo> >, less<unsigned int>, allocator<cSC3ResZoneDeveloper::tLandUseInfo> >::insert_unique(pair<unsigned int const, cSC3ResZoneDeveloper::tLandUseInfo> const &)
0011e3b4	insert_unique__t8_Rb_tree5ZUiZt4pair2ZCUiZQ220cSC3ResZoneDeveloper12tLandUseInfoZt10_Select1st1Zt4pair2ZCUiZQ220cSC3ResZoneDeveloper12tLandUseInfoZt4less1ZUiZt9allocator1ZQ220cSC3ResZoneDeveloper12tLandUseInfoGt17_Rb_tree_iterator3Zt4pair2ZCUiZQ220cSC3ResZoneDeveloper12tLandUseInfoZRt4pair2ZCUiZQ220cSC3ResZoneDeveloper12tLandUseInfoZPt4pair2ZCUiZQ220cSC3ResZoneDeveloper12tLandUseInfoRCt4pair2ZCUiZQ220cSC3ResZoneDeveloper12tLandUseInfo	_Rb_tree<unsigned int, pair<unsigned int const, cSC3ResZoneDeveloper::tLandUseInfo>, _Select1st<pair<unsigned int const, cSC3ResZoneDeveloper::tLandUseInfo> >, less<unsigned int>, allocator<cSC3ResZoneDeveloper::tLandUseInfo> >::insert_unique(_Rb_tree_iterator<pair<unsigned int const, cSC3ResZoneDeveloper::tLandUseInfo>, pair<unsigned int const, cSC3ResZoneDeveloper::tLandUseInfo> &, pair<unsigned int const, cSC3ResZoneDeveloper::tLandUseInfo> *>, pair<unsigned int const, cSC3ResZoneDeveloper::tLandUseInfo> const &)
0011e534	erase__t8_Rb_tree5ZUiZt4pair2ZCUiZQ220cSC3ResZoneDeveloper12tLandUseInfoZt10_Select1st1Zt4pair2ZCUiZQ220cSC3ResZoneDeveloper12tLandUseInfoZt4less1ZUiZt9allocator1ZQ220cSC3ResZoneDeveloper12tLandUseInfoGt17_Rb_tree_iterator3Zt4pair2ZCUiZQ220cSC3ResZoneDeveloper12tLandUseInfoZRt4pair2ZCUiZQ220cSC3ResZoneDeveloper12tLandUseInfoZPt4pair2ZCUiZQ220cSC3ResZoneDeveloper12tLandUseInfoT1	_Rb_tree<unsigned int, pair<unsigned int const, cSC3ResZoneDeveloper::tLandUseInfo>, _Select1st<pair<unsigned int const, cSC3ResZoneDeveloper::tLandUseInfo> >, less<unsigned int>, allocator<cSC3ResZoneDeveloper::tLandUseInfo> >::erase(_Rb_tree_iterator<pair<unsigned int const, cSC3ResZoneDeveloper::tLandUseInfo>, pair<unsigned int const, cSC3ResZoneDeveloper::tLandUseInfo> &, pair<unsigned int const, cSC3ResZoneDeveloper::tLandUseInfo> *>, _Rb_tree_iterator<pair<unsigned int const, cSC3ResZoneDeveloper::tLandUseInfo>, pair<unsigned int const, cSC3ResZoneDeveloper::tLandUseInfo> &, pair<unsigned int const, cSC3ResZoneDeveloper::tLandUseInfo> *>)
0011ea40	find__t8_Rb_tree5ZUiZt4pair2ZCUiZQ220cSC3ResZoneDeveloper12tLandUseInfoZt10_Select1st1Zt4pair2ZCUiZQ220cSC3ResZoneDeveloper12tLandUseInfoZt4less1ZUiZt9allocator1ZQ220cSC3ResZoneDeveloper12tLandUseInfoRCUi	_Rb_tree<unsigned int, pair<unsigned int const, cSC3ResZoneDeveloper::tLandUseInfo>, _Select1st<pair<unsigned int const, cSC3ResZoneDeveloper::tLandUseInfo> >, less<unsigned int>, allocator<cSC3ResZoneDeveloper::tLandUseInfo> >::find(unsigned int const &)
0011eaa0	__thunk_4__._20cSC3ResZoneDeveloper	virtual function thunk (delta:-4) for cSC3ResZoneDeveloper::~cSC3ResZoneDeveloper(void)
0011eabc	__thunk_4_Release__20cSC3ResZoneDeveloper	virtual function thunk (delta:-4) for cSC3ResZoneDeveloper::Release(void)
0011ead8	__thunk_4_AddRef__20cSC3ResZoneDeveloper	virtual function thunk (delta:-4) for cSC3ResZoneDeveloper::AddRef(void)
0011eaf8	_._t3map4ZUiZQ220cSC3ResZoneDeveloper12tLandUseInfoZt4less1ZUiZt9allocator1ZQ220cSC3ResZoneDeveloper12tLandUseInfo	map<unsigned int, cSC3ResZoneDeveloper::tLandUseInfo, less<unsigned int>, allocator<cSC3ResZoneDeveloper::tLandUseInfo> >::~map(void)
0011eba0	lower_bound__t8_Rb_tree5ZUiZt4pair2ZCUiZQ220cSC3ResZoneDeveloper12tLandUseInfoZt10_Select1st1Zt4pair2ZCUiZQ220cSC3ResZoneDeveloper12tLandUseInfoZt4less1ZUiZt9allocator1ZQ220cSC3ResZoneDeveloper12tLandUseInfoRCUi	_Rb_tree<unsigned int, pair<unsigned int const, cSC3ResZoneDeveloper::tLandUseInfo>, _Select1st<pair<unsigned int const, cSC3ResZoneDeveloper::tLandUseInfo> >, less<unsigned int>, allocator<cSC3ResZoneDeveloper::tLandUseInfo> >::lower_bound(unsigned int const &)
0011ebe4	_M_erase__t8_Rb_tree5ZUiZt4pair2ZCUiZQ220cSC3ResidentialLayer12tEQModStructZt10_Select1st1Zt4pair2ZCUiZQ220cSC3ResidentialLayer12tEQModStructZt4less1ZUiZt9allocator1ZQ220cSC3ResidentialLayer12tEQModStructPt13_Rb_tree_node1Zt4pair2ZCUiZQ220cSC3ResidentialLayer12tEQModStruct	_Rb_tree<unsigned int, pair<unsigned int const, cSC3ResidentialLayer::tEQModStruct>, _Select1st<pair<unsigned int const, cSC3ResidentialLayer::tEQModStruct> >, less<unsigned int>, allocator<cSC3ResidentialLayer::tEQModStruct> >::_M_erase(_Rb_tree_node<pair<unsigned int const, cSC3ResidentialLayer::tEQModStruct> > *)
0011ec54	clear__t10_List_base2ZP15cISC3HQModifierZt9allocator1ZP15cISC3HQModifier	_List_base<cISC3HQModifier *, allocator<cISC3HQModifier *> >::clear(void)
0011ecd4	clear__t10_List_base2ZP19cISC3BuildingBudgetZt9allocator1ZP19cISC3BuildingBudget	_List_base<cISC3BuildingBudget *, allocator<cISC3BuildingBudget *> >::clear(void)
0011ed54	erase__t4list2ZP19cISC3BuildingBudgetZt9allocator1ZP19cISC3BuildingBudgetGt14_List_iterator3ZP19cISC3BuildingBudgetZRP19cISC3BuildingBudgetZPP19cISC3BuildingBudgetT1	list<cISC3BuildingBudget *, allocator<cISC3BuildingBudget *> >::erase(_List_iterator<cISC3BuildingBudget *, cISC3BuildingBudget *&, cISC3BuildingBudget **>, _List_iterator<cISC3BuildingBudget *, cISC3BuildingBudget *&, cISC3BuildingBudget **>)
0011ee04	erase__t8_Rb_tree5ZUiZt4pair2ZCUiZQ220cSC3ResidentialLayer12tEQModStructZt10_Select1st1Zt4pair2ZCUiZQ220cSC3ResidentialLayer12tEQModStructZt4less1ZUiZt9allocator1ZQ220cSC3ResidentialLayer12tEQModStructGt17_Rb_tree_iterator3Zt4pair2ZCUiZQ220cSC3ResidentialLayer12tEQModStructZRt4pair2ZCUiZQ220cSC3ResidentialLayer12tEQModStructZPt4pair2ZCUiZQ220cSC3ResidentialLayer12tEQModStructT1	_Rb_tree<unsigned int, pair<unsigned int const, cSC3ResidentialLayer::tEQModStruct>, _Select1st<pair<unsigned int const, cSC3ResidentialLayer::tEQModStruct> >, less<unsigned int>, allocator<cSC3ResidentialLayer::tEQModStruct> >::erase(_Rb_tree_iterator<pair<unsigned int const, cSC3ResidentialLayer::tEQModStruct>, pair<unsigned int const, cSC3ResidentialLayer::tEQModStruct> &, pair<unsigned int const, cSC3ResidentialLayer::tEQModStruct> *>, _Rb_tree_iterator<pair<unsigned int const, cSC3ResidentialLayer::tEQModStruct>, pair<unsigned int const, cSC3ResidentialLayer::tEQModStruct> &, pair<unsigned int const, cSC3ResidentialLayer::tEQModStruct> *>)
0011f324	erase__t4list2ZP15cISC3HQModifierZt9allocator1ZP15cISC3HQModifierGt14_List_iterator3ZP15cISC3HQModifierZRP15cISC3HQModifierZPP15cISC3HQModifierT1	list<cISC3HQModifier *, allocator<cISC3HQModifier *> >::erase(_List_iterator<cISC3HQModifier *, cISC3HQModifier *&, cISC3HQModifier **>, _List_iterator<cISC3HQModifier *, cISC3HQModifier *&, cISC3HQModifier **>)
0011f3d0	find__t8_Rb_tree5ZUiZt4pair2ZCUiZQ220cSC3ResidentialLayer12tEQModStructZt10_Select1st1Zt4pair2ZCUiZQ220cSC3ResidentialLayer12tEQModStructZt4less1ZUiZt9allocator1ZQ220cSC3ResidentialLayer12tEQModStructRCUi	_Rb_tree<unsigned int, pair<unsigned int const, cSC3ResidentialLayer::tEQModStruct>, _Select1st<pair<unsigned int const, cSC3ResidentialLayer::tEQModStruct> >, less<unsigned int>, allocator<cSC3ResidentialLayer::tEQModStruct> >::find(unsigned int const &)
0011f434	clear__t10_List_base2ZP15cISC3EQModifierZt9allocator1ZP15cISC3EQModifier	_List_base<cISC3EQModifier *, allocator<cISC3EQModifier *> >::clear(void)
0011f4b4	_M_insert_dispatch__H1Zt14_List_iterator3ZP15cISC3EQModifierZRCP15cISC3EQModifierZPCP15cISC3EQModifier_t4list2ZP15cISC3EQModifierZt9allocator1ZP15cISC3EQModifierGt14_List_iterator3ZP15cISC3EQModifierZRP15cISC3EQModifierZPP15cISC3EQModifierX00X00G12__false_type_v	void list<cISC3EQModifier *, allocator<cISC3EQModifier *> >::_M_insert_dispatch<_List_iterator<cISC3EQModifier *, cISC3EQModifier *const &, cISC3EQModifier *const *> >(_List_iterator<cISC3EQModifier *, cISC3EQModifier *&, cISC3EQModifier **>, _List_iterator<cISC3EQModifier *, cISC3EQModifier *const &, cISC3EQModifier *const *>, _List_iterator<cISC3EQModifier *, cISC3EQModifier *const &, cISC3EQModifier *const *>, __false_type)
0011f5d4	_M_insert__t8_Rb_tree5ZUiZt4pair2ZCUiZQ220cSC3ResidentialLayer12tEQModStructZt10_Select1st1Zt4pair2ZCUiZQ220cSC3ResidentialLayer12tEQModStructZt4less1ZUiZt9allocator1ZQ220cSC3ResidentialLayer12tEQModStructP18_Rb_tree_node_baseT1RCt4pair2ZCUiZQ220cSC3ResidentialLayer12tEQModStruct	_Rb_tree<unsigned int, pair<unsigned int const, cSC3ResidentialLayer::tEQModStruct>, _Select1st<pair<unsigned int const, cSC3ResidentialLayer::tEQModStruct> >, less<unsigned int>, allocator<cSC3ResidentialLayer::tEQModStruct> >::_M_insert(_Rb_tree_node_base *, _Rb_tree_node_base *, pair<unsigned int const, cSC3ResidentialLayer::tEQModStruct> const &)
0011f9e4	insert_unique__t8_Rb_tree5ZUiZt4pair2ZCUiZQ220cSC3ResidentialLayer12tEQModStructZt10_Select1st1Zt4pair2ZCUiZQ220cSC3ResidentialLayer12tEQModStructZt4less1ZUiZt9allocator1ZQ220cSC3ResidentialLayer12tEQModStructRCt4pair2ZCUiZQ220cSC3ResidentialLayer12tEQModStruct	_Rb_tree<unsigned int, pair<unsigned int const, cSC3ResidentialLayer::tEQModStruct>, _Select1st<pair<unsigned int const, cSC3ResidentialLayer::tEQModStruct> >, less<unsigned int>, allocator<cSC3ResidentialLayer::tEQModStruct> >::insert_unique(pair<unsigned int const, cSC3ResidentialLayer::tEQModStruct> const &)
0011fad4	insert_unique__t8_Rb_tree5ZUiZt4pair2ZCUiZQ220cSC3ResidentialLayer12tEQModStructZt10_Select1st1Zt4pair2ZCUiZQ220cSC3ResidentialLayer12tEQModStructZt4less1ZUiZt9allocator1ZQ220cSC3ResidentialLayer12tEQModStructGt17_Rb_tree_iterator3Zt4pair2ZCUiZQ220cSC3ResidentialLayer12tEQModStructZRt4pair2ZCUiZQ220cSC3ResidentialLayer12tEQModStructZPt4pair2ZCUiZQ220cSC3ResidentialLayer12tEQModStructRCt4pair2ZCUiZQ220cSC3ResidentialLayer12tEQModStruct	_Rb_tree<unsigned int, pair<unsigned int const, cSC3ResidentialLayer::tEQModStruct>, _Select1st<pair<unsigned int const, cSC3ResidentialLayer::tEQModStruct> >, less<unsigned int>, allocator<cSC3ResidentialLayer::tEQModStruct> >::insert_unique(_Rb_tree_iterator<pair<unsigned int const, cSC3ResidentialLayer::tEQModStruct>, pair<unsigned int const, cSC3ResidentialLayer::tEQModStruct> &, pair<unsigned int const, cSC3ResidentialLayer::tEQModStruct> *>, pair<unsigned int const, cSC3ResidentialLayer::tEQModStruct> const &)
0011fc44	__thunk_4__._22cSC3ResAreaManipulator	virtual function thunk (delta:-4) for cSC3ResAreaManipulator::~cSC3ResAreaManipulator(void)
0011fc60	__thunk_4_Release__22cSC3ResAreaManipulator	virtual function thunk (delta:-4) for cSC3ResAreaManipulator::Release(void)
0011fc7c	__thunk_4_AddRef__22cSC3ResAreaManipulator	virtual function thunk (delta:-4) for cSC3ResAreaManipulator::AddRef(void)
0011fc98	__thunk_12_QueryInterface__20cSC3ResidentialLayerUiPPv	virtual function thunk (delta:-12) for cSC3ResidentialLayer::QueryInterface(unsigned int, void **)
0011fcb4	__thunk_12_AddRef__20cSC3ResidentialLayer	virtual function thunk (delta:-12) for cSC3ResidentialLayer::AddRef(void)
0011fcd0	__thunk_12_Release__20cSC3ResidentialLayer	virtual function thunk (delta:-12) for cSC3ResidentialLayer::Release(void)
0011fcec	__thunk_12_OccupantInserted__20cSC3ResidentialLayerUiP13cISC3Occupant	virtual function thunk (delta:-12) for cSC3ResidentialLayer::OccupantInserted(unsigned int, cISC3Occupant *)
0011fd08	__thunk_12_OccupantRemoved__20cSC3ResidentialLayerUiP13cISC3Occupant	virtual function thunk (delta:-12) for cSC3ResidentialLayer::OccupantRemoved(unsigned int, cISC3Occupant *)
0011fd24	__thunk_12_OccupantMoved__20cSC3ResidentialLayerUiP13cISC3OccupantRC13cSC3CityCoord	virtual function thunk (delta:-12) for cSC3ResidentialLayer::OccupantMoved(unsigned int, cISC3Occupant *, cSC3CityCoord const &)
0011fd40	__thunk_12_OccupantChanged__20cSC3ResidentialLayerUiP13cISC3OccupantiPv	virtual function thunk (delta:-12) for cSC3ResidentialLayer::OccupantChanged(unsigned int, cISC3Occupant *, int, void *)
0011fd5c	__thunk_12_CellChangedAll__20cSC3ResidentialLayerUi	virtual function thunk (delta:-12) for cSC3ResidentialLayer::CellChangedAll(unsigned int)
0011fd78	__thunk_12_CellChanged__20cSC3ResidentialLayerUiUiUi	virtual function thunk (delta:-12) for cSC3ResidentialLayer::CellChanged(unsigned int, unsigned int, unsigned int)
0011fd94	__thunk_12_CellChanged__20cSC3ResidentialLayerUiUiUiUiUi	virtual function thunk (delta:-12) for cSC3ResidentialLayer::CellChanged(unsigned int, unsigned int, unsigned int, unsigned int, unsigned int)
0011fdb0	__thunk_16_QueryInterface__20cSC3ResidentialLayerUiPPv	virtual function thunk (delta:-16) for cSC3ResidentialLayer::QueryInterface(unsigned int, void **)
0011fdcc	__thunk_16_AddRef__20cSC3ResidentialLayer	virtual function thunk (delta:-16) for cSC3ResidentialLayer::AddRef(void)
0011fde8	__thunk_16_Release__20cSC3ResidentialLayer	virtual function thunk (delta:-16) for cSC3ResidentialLayer::Release(void)
0011fe04	__thunk_16_DoMessage__20cSC3ResidentialLayerR10cGZMessage	virtual function thunk (delta:-16) for cSC3ResidentialLayer::DoMessage(cGZMessage &)
0011fe20	__thunk_16_DoQueryInfo__20cSC3ResidentialLayerR10cGZMessageP11cIGZUnknown	virtual function thunk (delta:-16) for cSC3ResidentialLayer::DoQueryInfo(cGZMessage &, cIGZUnknown *)
0011fe3c	__thunk_16_StaticInit__20cSC3ResidentialLayerP19cISC3CityDefinition	virtual function thunk (delta:-16) for cSC3ResidentialLayer::StaticInit(cISC3CityDefinition *)
0011fe58	__thunk_16_StaticShutdown__20cSC3ResidentialLayer	virtual function thunk (delta:-16) for cSC3ResidentialLayer::StaticShutdown(void)
0011fe74	__thunk_16_Init__20cSC3ResidentialLayerP9cISC3City	virtual function thunk (delta:-16) for cSC3ResidentialLayer::Init(cISC3City *)
0011fe90	__thunk_16_Init__20cSC3ResidentialLayerP9cISC3CityP13cISC2Importer	virtual function thunk (delta:-16) for cSC3ResidentialLayer::Init(cISC3City *, cISC2Importer *)
0011feac	__thunk_16_Init__20cSC3ResidentialLayerP9cISC3CityP13cIGZDBSegment	virtual function thunk (delta:-16) for cSC3ResidentialLayer::Init(cISC3City *, cIGZDBSegment *)
0011fec8	__thunk_16_Save__20cSC3ResidentialLayerP9cISC3CityP13cIGZDBSegment	virtual function thunk (delta:-16) for cSC3ResidentialLayer::Save(cISC3City *, cIGZDBSegment *)
0011fee4	__thunk_16_SimulationBegin__20cSC3ResidentialLayer	virtual function thunk (delta:-16) for cSC3ResidentialLayer::SimulationBegin(void)
0011ff00	__thunk_16_SimulationEnd__20cSC3ResidentialLayer	virtual function thunk (delta:-16) for cSC3ResidentialLayer::SimulationEnd(void)
0011ff1c	__thunk_16_Shutdown__20cSC3ResidentialLayer	virtual function thunk (delta:-16) for cSC3ResidentialLayer::Shutdown(void)
0011ff38	__thunk_16_GetManipulator__20cSC3ResidentialLayerRC18cISC3CityAgentTypePP25cISC3CityLayerManipulatorRi	virtual function thunk (delta:-16) for cSC3ResidentialLayer::GetManipulator(cISC3CityAgentType const &, cISC3CityLayerManipulator **, int &)
0011ff54	__thunk_16_GetLayerType__20cSC3ResidentialLayer	virtual function thunk (delta:-16) for cSC3ResidentialLayer::GetLayerType(void)
0011ff70	__thunk_16_DebugClassTag__20cSC3ResidentialLayerR10cIGZString	virtual function thunk (delta:-16) for cSC3ResidentialLayer::DebugClassTag(cIGZString &)
0011ff8c	__thunk_16_DebugTypeTag__20cSC3ResidentialLayerR10cIGZString	virtual function thunk (delta:-16) for cSC3ResidentialLayer::DebugTypeTag(cIGZString &)
0011ffa8	__thunk_4__._20cSC3ResidentialLayer	virtual function thunk (delta:-4) for cSC3ResidentialLayer::~cSC3ResidentialLayer(void)
0011ffc4	__thunk_4_Release__20cSC3ResidentialLayer	virtual function thunk (delta:-4) for cSC3ResidentialLayer::Release(void)
0011ffe0	__thunk_4_AddRef__20cSC3ResidentialLayer	virtual function thunk (delta:-4) for cSC3ResidentialLayer::AddRef(void)
00120000	_._t3map4ZUiZQ220cSC3ResidentialLayer12tEQModStructZt4less1ZUiZt9allocator1ZQ220cSC3ResidentialLayer12tEQModStruct	map<unsigned int, cSC3ResidentialLayer::tEQModStruct, less<unsigned int>, allocator<cSC3ResidentialLayer::tEQModStruct> >::~map(void)
00120070	lower_bound__t8_Rb_tree5ZUiZt4pair2ZCUiZQ220cSC3ResidentialLayer12tEQModStructZt10_Select1st1Zt4pair2ZCUiZQ220cSC3ResidentialLayer12tEQModStructZt4less1ZUiZt9allocator1ZQ220cSC3ResidentialLayer12tEQModStructRCUi	_Rb_tree<unsigned int, pair<unsigned int const, cSC3ResidentialLayer::tEQModStruct>, _Select1st<pair<unsigned int const, cSC3ResidentialLayer::tEQModStruct> >, less<unsigned int>, allocator<cSC3ResidentialLayer::tEQModStruct> >::lower_bound(unsigned int const &)
001200b4	__uninitialized_copy_aux__H2ZPQ225cSC3RowHouseDeveloperRule7tFamilyZPQ225cSC3RowHouseDeveloperRule7tFamily_X01X01X11G12__false_type_X11	cSC3RowHouseDeveloperRule::tFamily * __uninitialized_copy_aux<cSC3RowHouseDeveloperRule::tFamily *, cSC3RowHouseDeveloperRule::tFamily *>(cSC3RowHouseDeveloperRule::tFamily *, cSC3RowHouseDeveloperRule::tFamily *, cSC3RowHouseDeveloperRule::tFamily *, __false_type)
00120194	_M_insert_aux__t6vector2ZQ225cSC3RowHouseDeveloperRule7tFamilyZt9allocator1ZQ225cSC3RowHouseDeveloperRule7tFamilyPQ225cSC3RowHouseDeveloperRule7tFamilyRCQ225cSC3RowHouseDeveloperRule7tFamily	vector<cSC3RowHouseDeveloperRule::tFamily, allocator<cSC3RowHouseDeveloperRule::tFamily> >::_M_insert_aux(cSC3RowHouseDeveloperRule::tFamily *, cSC3RowHouseDeveloperRule::tFamily const &)
00120840	__thunk_12_QueryInterface__25cSC3RowHouseDeveloperRuleUiPPv	virtual function thunk (delta:-12) for cSC3RowHouseDeveloperRule::QueryInterface(unsigned int, void **)
0012085c	__thunk_12_AddRef__25cSC3RowHouseDeveloperRule	virtual function thunk (delta:-12) for cSC3RowHouseDeveloperRule::AddRef(void)
00120878	__thunk_12_Release__25cSC3RowHouseDeveloperRule	virtual function thunk (delta:-12) for cSC3RowHouseDeveloperRule::Release(void)
00120894	__thunk_8_QueryInterface__25cSC3RowHouseDeveloperRuleUiPPv	virtual function thunk (delta:-8) for cSC3RowHouseDeveloperRule::QueryInterface(unsigned int, void **)
001208b0	__thunk_8_AddRef__25cSC3RowHouseDeveloperRule	virtual function thunk (delta:-8) for cSC3RowHouseDeveloperRule::AddRef(void)
001208cc	__thunk_8_Release__25cSC3RowHouseDeveloperRule	virtual function thunk (delta:-8) for cSC3RowHouseDeveloperRule::Release(void)
001208e8	__thunk_8_Init__25cSC3RowHouseDeveloperRuleP9cISC3City	virtual function thunk (delta:-8) for cSC3RowHouseDeveloperRule::Init(cISC3City *)
00120904	__thunk_8_Shutdown__25cSC3RowHouseDeveloperRule	virtual function thunk (delta:-8) for cSC3RowHouseDeveloperRule::Shutdown(void)
00120920	__thunk_8_RegisterBuildingFamily__25cSC3RowHouseDeveloperRuleP19cISC3BuildingFamily	virtual function thunk (delta:-8) for cSC3RowHouseDeveloperRule::RegisterBuildingFamily(cISC3BuildingFamily *)
0012093c	__thunk_8_SetTransportLimit__25cSC3RowHouseDeveloperRuleUi	virtual function thunk (delta:-8) for cSC3RowHouseDeveloperRule::SetTransportLimit(unsigned int)
00120958	__thunk_8_Apply__25cSC3RowHouseDeveloperRuleRC14sIGZRectUint32Uiii	virtual function thunk (delta:-8) for cSC3RowHouseDeveloperRule::Apply(sIGZRectUint32 const &, unsigned int, int, int)
00120984	__uninitialized_copy_aux__H2ZPQ223cSC3RunwayDeveloperRule7tFamilyZPQ223cSC3RunwayDeveloperRule7tFamily_X01X01X11G12__false_type_X11	cSC3RunwayDeveloperRule::tFamily * __uninitialized_copy_aux<cSC3RunwayDeveloperRule::tFamily *, cSC3RunwayDeveloperRule::tFamily *>(cSC3RunwayDeveloperRule::tFamily *, cSC3RunwayDeveloperRule::tFamily *, cSC3RunwayDeveloperRule::tFamily *, __false_type)
00120a64	_M_insert_aux__t6vector2ZQ223cSC3RunwayDeveloperRule7tFamilyZt9allocator1ZQ223cSC3RunwayDeveloperRule7tFamilyPQ223cSC3RunwayDeveloperRule7tFamilyRCQ223cSC3RunwayDeveloperRule7tFamily	vector<cSC3RunwayDeveloperRule::tFamily, allocator<cSC3RunwayDeveloperRule::tFamily> >::_M_insert_aux(cSC3RunwayDeveloperRule::tFamily *, cSC3RunwayDeveloperRule::tFamily const &)
00120efc	__thunk_12_QueryInterface__23cSC3RunwayDeveloperRuleUiPPv	virtual function thunk (delta:-12) for cSC3RunwayDeveloperRule::QueryInterface(unsigned int, void **)
00120f18	__thunk_12_AddRef__23cSC3RunwayDeveloperRule	virtual function thunk (delta:-12) for cSC3RunwayDeveloperRule::AddRef(void)
00120f34	__thunk_12_Release__23cSC3RunwayDeveloperRule	virtual function thunk (delta:-12) for cSC3RunwayDeveloperRule::Release(void)
00120f50	__thunk_8_QueryInterface__23cSC3RunwayDeveloperRuleUiPPv	virtual function thunk (delta:-8) for cSC3RunwayDeveloperRule::QueryInterface(unsigned int, void **)
00120f6c	__thunk_8_AddRef__23cSC3RunwayDeveloperRule	virtual function thunk (delta:-8) for cSC3RunwayDeveloperRule::AddRef(void)
00120f88	__thunk_8_Release__23cSC3RunwayDeveloperRule	virtual function thunk (delta:-8) for cSC3RunwayDeveloperRule::Release(void)
00120fa4	__thunk_8_Init__23cSC3RunwayDeveloperRuleP9cISC3City	virtual function thunk (delta:-8) for cSC3RunwayDeveloperRule::Init(cISC3City *)
00120fc0	__thunk_8_Shutdown__23cSC3RunwayDeveloperRule	virtual function thunk (delta:-8) for cSC3RunwayDeveloperRule::Shutdown(void)
00120fdc	__thunk_8_RegisterBuildingFamily__23cSC3RunwayDeveloperRuleP19cISC3BuildingFamily	virtual function thunk (delta:-8) for cSC3RunwayDeveloperRule::RegisterBuildingFamily(cISC3BuildingFamily *)
00120ff8	__thunk_8_SetTransportLimit__23cSC3RunwayDeveloperRuleUi	virtual function thunk (delta:-8) for cSC3RunwayDeveloperRule::SetTransportLimit(unsigned int)
00121014	__thunk_8_Apply__23cSC3RunwayDeveloperRuleRC14sIGZRectUint32Uiii	virtual function thunk (delta:-8) for cSC3RunwayDeveloperRule::Apply(sIGZRectUint32 const &, unsigned int, int, int)
00121034	__uninitialized_copy_aux__H2ZPQ228cSC3SeaportYardDeveloperRule7tFamilyZPQ228cSC3SeaportYardDeveloperRule7tFamily_X01X01X11G12__false_type_X11	cSC3SeaportYardDeveloperRule::tFamily * __uninitialized_copy_aux<cSC3SeaportYardDeveloperRule::tFamily *, cSC3SeaportYardDeveloperRule::tFamily *>(cSC3SeaportYardDeveloperRule::tFamily *, cSC3SeaportYardDeveloperRule::tFamily *, cSC3SeaportYardDeveloperRule::tFamily *, __false_type)
00121114	_M_insert_aux__t6vector2ZQ228cSC3SeaportYardDeveloperRule7tFamilyZt9allocator1ZQ228cSC3SeaportYardDeveloperRule7tFamilyPQ228cSC3SeaportYardDeveloperRule7tFamilyRCQ228cSC3SeaportYardDeveloperRule7tFamily	vector<cSC3SeaportYardDeveloperRule::tFamily, allocator<cSC3SeaportYardDeveloperRule::tFamily> >::_M_insert_aux(cSC3SeaportYardDeveloperRule::tFamily *, cSC3SeaportYardDeveloperRule::tFamily const &)
0012159c	__thunk_12_QueryInterface__28cSC3SeaportYardDeveloperRuleUiPPv	virtual function thunk (delta:-12) for cSC3SeaportYardDeveloperRule::QueryInterface(unsigned int, void **)
001215b8	__thunk_12_AddRef__28cSC3SeaportYardDeveloperRule	virtual function thunk (delta:-12) for cSC3SeaportYardDeveloperRule::AddRef(void)
001215d4	__thunk_12_Release__28cSC3SeaportYardDeveloperRule	virtual function thunk (delta:-12) for cSC3SeaportYardDeveloperRule::Release(void)
001215f0	__thunk_8_QueryInterface__28cSC3SeaportYardDeveloperRuleUiPPv	virtual function thunk (delta:-8) for cSC3SeaportYardDeveloperRule::QueryInterface(unsigned int, void **)
0012160c	__thunk_8_AddRef__28cSC3SeaportYardDeveloperRule	virtual function thunk (delta:-8) for cSC3SeaportYardDeveloperRule::AddRef(void)
00121628	__thunk_8_Release__28cSC3SeaportYardDeveloperRule	virtual function thunk (delta:-8) for cSC3SeaportYardDeveloperRule::Release(void)
00121644	__thunk_8_Init__28cSC3SeaportYardDeveloperRuleP9cISC3City	virtual function thunk (delta:-8) for cSC3SeaportYardDeveloperRule::Init(cISC3City *)
00121660	__thunk_8_Shutdown__28cSC3SeaportYardDeveloperRule	virtual function thunk (delta:-8) for cSC3SeaportYardDeveloperRule::Shutdown(void)
0012167c	__thunk_8_RegisterBuildingFamily__28cSC3SeaportYardDeveloperRuleP19cISC3BuildingFamily	virtual function thunk (delta:-8) for cSC3SeaportYardDeveloperRule::RegisterBuildingFamily(cISC3BuildingFamily *)
00121698	__thunk_8_SetTransportLimit__28cSC3SeaportYardDeveloperRuleUi	virtual function thunk (delta:-8) for cSC3SeaportYardDeveloperRule::SetTransportLimit(unsigned int)
001216b4	__thunk_8_Apply__28cSC3SeaportYardDeveloperRuleRC14sIGZRectUint32Uiii	virtual function thunk (delta:-8) for cSC3SeaportYardDeveloperRule::Apply(sIGZRectUint32 const &, unsigned int, int, int)
001216d0	__thunk_4__._24cSC3SeaportZoneDeveloper	virtual function thunk (delta:-4) for cSC3SeaportZoneDeveloper::~cSC3SeaportZoneDeveloper(void)
001216ec	__thunk_4_Release__24cSC3SeaportZoneDeveloper	virtual function thunk (delta:-4) for cSC3SeaportZoneDeveloper::Release(void)
00121708	__thunk_4_AddRef__24cSC3SeaportZoneDeveloper	virtual function thunk (delta:-4) for cSC3SeaportZoneDeveloper::AddRef(void)
00121734	__uninitialized_copy_aux__H2ZPQ224cSC3SeawallDeveloperRule7tFamilyZPQ224cSC3SeawallDeveloperRule7tFamily_X01X01X11G12__false_type_X11	cSC3SeawallDeveloperRule::tFamily * __uninitialized_copy_aux<cSC3SeawallDeveloperRule::tFamily *, cSC3SeawallDeveloperRule::tFamily *>(cSC3SeawallDeveloperRule::tFamily *, cSC3SeawallDeveloperRule::tFamily *, cSC3SeawallDeveloperRule::tFamily *, __false_type)
00121814	_M_insert_aux__t6vector2ZQ224cSC3SeawallDeveloperRule7tFamilyZt9allocator1ZQ224cSC3SeawallDeveloperRule7tFamilyPQ224cSC3SeawallDeveloperRule7tFamilyRCQ224cSC3SeawallDeveloperRule7tFamily	vector<cSC3SeawallDeveloperRule::tFamily, allocator<cSC3SeawallDeveloperRule::tFamily> >::_M_insert_aux(cSC3SeawallDeveloperRule::tFamily *, cSC3SeawallDeveloperRule::tFamily const &)
00121d70	__thunk_12_QueryInterface__24cSC3SeawallDeveloperRuleUiPPv	virtual function thunk (delta:-12) for cSC3SeawallDeveloperRule::QueryInterface(unsigned int, void **)
00121d8c	__thunk_12_AddRef__24cSC3SeawallDeveloperRule	virtual function thunk (delta:-12) for cSC3SeawallDeveloperRule::AddRef(void)
00121da8	__thunk_12_Release__24cSC3SeawallDeveloperRule	virtual function thunk (delta:-12) for cSC3SeawallDeveloperRule::Release(void)
00121dc4	__thunk_8_QueryInterface__24cSC3SeawallDeveloperRuleUiPPv	virtual function thunk (delta:-8) for cSC3SeawallDeveloperRule::QueryInterface(unsigned int, void **)
00121de0	__thunk_8_AddRef__24cSC3SeawallDeveloperRule	virtual function thunk (delta:-8) for cSC3SeawallDeveloperRule::AddRef(void)
00121dfc	__thunk_8_Release__24cSC3SeawallDeveloperRule	virtual function thunk (delta:-8) for cSC3SeawallDeveloperRule::Release(void)
00121e18	__thunk_8_Init__24cSC3SeawallDeveloperRuleP9cISC3City	virtual function thunk (delta:-8) for cSC3SeawallDeveloperRule::Init(cISC3City *)
00121e34	__thunk_8_Shutdown__24cSC3SeawallDeveloperRule	virtual function thunk (delta:-8) for cSC3SeawallDeveloperRule::Shutdown(void)
00121e50	__thunk_8_RegisterBuildingFamily__24cSC3SeawallDeveloperRuleP19cISC3BuildingFamily	virtual function thunk (delta:-8) for cSC3SeawallDeveloperRule::RegisterBuildingFamily(cISC3BuildingFamily *)
00121e6c	__thunk_8_SetTransportLimit__24cSC3SeawallDeveloperRuleUi	virtual function thunk (delta:-8) for cSC3SeawallDeveloperRule::SetTransportLimit(unsigned int)
00121e88	__thunk_8_Apply__24cSC3SeawallDeveloperRuleRC14sIGZRectUint32Uiii	virtual function thunk (delta:-8) for cSC3SeawallDeveloperRule::Apply(sIGZRectUint32 const &, unsigned int, int, int)
00121eb4	_M_erase__t8_Rb_tree5ZUiZt4pair2ZCUiZP10cISC3ValveZt10_Select1st1Zt4pair2ZCUiZP10cISC3ValveZt4less1ZUiZt9allocator1ZP10cISC3ValvePt13_Rb_tree_node1Zt4pair2ZCUiZP10cISC3Valve	_Rb_tree<unsigned int, pair<unsigned int const, cISC3Valve *>, _Select1st<pair<unsigned int const, cISC3Valve *> >, less<unsigned int>, allocator<cISC3Valve *> >::_M_erase(_Rb_tree_node<pair<unsigned int const, cISC3Valve *> > *)
00121f34	_M_erase__t8_Rb_tree5ZUiZt4pair2ZCUiZP20cSC3ValveManipulatorZt10_Select1st1Zt4pair2ZCUiZP20cSC3ValveManipulatorZt4less1ZUiZt9allocator1ZP20cSC3ValveManipulatorPt13_Rb_tree_node1Zt4pair2ZCUiZP20cSC3ValveManipulator	_Rb_tree<unsigned int, pair<unsigned int const, cSC3ValveManipulator *>, _Select1st<pair<unsigned int const, cSC3ValveManipulator *> >, less<unsigned int>, allocator<cSC3ValveManipulator *> >::_M_erase(_Rb_tree_node<pair<unsigned int const, cSC3ValveManipulator *> > *)
00121fb4	clear__t10_List_base2ZQ220cSC3ValveManipulator14ValveAndEffectZt9allocator1ZQ220cSC3ValveManipulator14ValveAndEffect	_List_base<cSC3ValveManipulator::ValveAndEffect, allocator<cSC3ValveManipulator::ValveAndEffect> >::clear(void)
00122034	_M_erase__t8_Rb_tree5ZUiZt4pair2ZCUiZt4list2ZQ214cSC3ValveLayer11ValveEffectZt9allocator1ZQ214cSC3ValveLayer11ValveEffectZt10_Select1st1Zt4pair2ZCUiZt4list2ZQ214cSC3ValveLayer11ValveEffectZt9allocator1ZQ214cSC3ValveLayer11ValveEffectZt4less1ZUiZt9allocator1Zt4list2ZQ214cSC3ValveLayer11ValveEffectZt9allocator1ZQ214cSC3ValveLayer11ValveEffectPt13_Rb_tree_node1Zt4pair2ZCUiZt4list2ZQ214cSC3ValveLayer11ValveEffectZt9allocator1ZQ214cSC3ValveLayer11ValveEffect	_Rb_tree<unsigned int, pair<unsigned int const, list<cSC3ValveLayer::ValveEffect, allocator<cSC3ValveLayer::ValveEffect> > >, _Select1st<pair<unsigned int const, list<cSC3ValveLayer::ValveEffect, allocator<cSC3ValveLayer::ValveEffect> > > >, less<unsigned int>, allocator<list<cSC3ValveLayer::ValveEffect, allocator<cSC3ValveLayer::ValveEffect> > > >::_M_erase(_Rb_tree_node<pair<unsigned int const, list<cSC3ValveLayer::ValveEffect, allocator<cSC3ValveLayer::ValveEffect> > > > *)
001220c4	erase__t8_Rb_tree5ZUiZt4pair2ZCUiZt4list2ZQ214cSC3ValveLayer11ValveEffectZt9allocator1ZQ214cSC3ValveLayer11ValveEffectZt10_Select1st1Zt4pair2ZCUiZt4list2ZQ214cSC3ValveLayer11ValveEffectZt9allocator1ZQ214cSC3ValveLayer11ValveEffectZt4less1ZUiZt9allocator1Zt4list2ZQ214cSC3ValveLayer11ValveEffectZt9allocator1ZQ214cSC3ValveLayer11ValveEffectGt17_Rb_tree_iterator3Zt4pair2ZCUiZt4list2ZQ214cSC3ValveLayer11ValveEffectZt9allocator1ZQ214cSC3ValveLayer11ValveEffectZRt4pair2ZCUiZt4list2ZQ214cSC3ValveLayer11ValveEffectZt9allocator1ZQ214cSC3ValveLayer11ValveEffectZPt4pair2ZCUiZt4list2ZQ214cSC3ValveLayer11ValveEffectZt9allocator1ZQ214cSC3ValveLayer11ValveEffectT1	_Rb_tree<unsigned int, pair<unsigned int const, list<cSC3ValveLayer::ValveEffect, allocator<cSC3ValveLayer::ValveEffect> > >, _Select1st<pair<unsigned int const, list<cSC3ValveLayer::ValveEffect, allocator<cSC3ValveLayer::ValveEffect> > > >, less<unsigned int>, allocator<list<cSC3ValveLayer::ValveEffect, allocator<cSC3ValveLayer::ValveEffect> > > >::erase(_Rb_tree_iterator<pair<unsigned int const, list<cSC3ValveLayer::ValveEffect, allocator<cSC3ValveLayer::ValveEffect> > >, pair<unsigned int const, list<cSC3ValveLayer::ValveEffect, allocator<cSC3ValveLayer::ValveEffect> > > &, pair<unsigned int const, list<cSC3ValveLayer::ValveEffect, allocator<cSC3ValveLayer::ValveEffect> > > *>, _Rb_tree_iterator<pair<unsigned int const, list<cSC3ValveLayer::ValveEffect, allocator<cSC3ValveLayer::ValveEffect> > >, pair<unsigned int const, list<cSC3ValveLayer::ValveEffect, allocator<cSC3ValveLayer::ValveEffect> > > &, pair<unsigned int const, list<cSC3ValveLayer::ValveEffect, allocator<cSC3ValveLayer::ValveEffect> > > *>)
00122604	clear__t10_List_base2ZQ214cSC3ValveLayer10tOrdEffectZt9allocator1ZQ214cSC3ValveLayer10tOrdEffect	_List_base<cSC3ValveLayer::tOrdEffect, allocator<cSC3ValveLayer::tOrdEffect> >::clear(void)
00122684	_M_insert_dispatch__H1Zt14_List_iterator3ZQ214cSC3ValveLayer10tOrdEffectZRCQ214cSC3ValveLayer10tOrdEffectZPCQ214cSC3ValveLayer10tOrdEffect_t4list2ZQ214cSC3ValveLayer10tOrdEffectZt9allocator1ZQ214cSC3ValveLayer10tOrdEffectGt14_List_iterator3ZQ214cSC3ValveLayer10tOrdEffectZRQ214cSC3ValveLayer10tOrdEffectZPQ214cSC3ValveLayer10tOrdEffectX00X00G12__false_type_v	void list<cSC3ValveLayer::tOrdEffect, allocator<cSC3ValveLayer::tOrdEffect> >::_M_insert_dispatch<_List_iterator<cSC3ValveLayer::tOrdEffect, cSC3ValveLayer::tOrdEffect const &, cSC3ValveLayer::tOrdEffect const *> >(_List_iterator<cSC3ValveLayer::tOrdEffect, cSC3ValveLayer::tOrdEffect &, cSC3ValveLayer::tOrdEffect *>, _List_iterator<cSC3ValveLayer::tOrdEffect, cSC3ValveLayer::tOrdEffect const &, cSC3ValveLayer::tOrdEffect const *>, _List_iterator<cSC3ValveLayer::tOrdEffect, cSC3ValveLayer::tOrdEffect const &, cSC3ValveLayer::tOrdEffect const *>, __false_type)
001227b4	__t4pair2ZCUiZt4list2ZQ214cSC3ValveLayer10tOrdEffectZt9allocator1ZQ214cSC3ValveLayer10tOrdEffectRCt4pair2ZCUiZt4list2ZQ214cSC3ValveLayer10tOrdEffectZt9allocator1ZQ214cSC3ValveLayer10tOrdEffect	pair<unsigned int const, list<cSC3ValveLayer::tOrdEffect, allocator<cSC3ValveLayer::tOrdEffect> > >::pair(pair<unsigned int const, list<cSC3ValveLayer::tOrdEffect, allocator<cSC3ValveLayer::tOrdEffect> > > const &)
00122954	_M_insert__t8_Rb_tree5ZUiZt4pair2ZCUiZt4list2ZQ214cSC3ValveLayer10tOrdEffectZt9allocator1ZQ214cSC3ValveLayer10tOrdEffectZt10_Select1st1Zt4pair2ZCUiZt4list2ZQ214cSC3ValveLayer10tOrdEffectZt9allocator1ZQ214cSC3ValveLayer10tOrdEffectZt4less1ZUiZt9allocator1Zt4list2ZQ214cSC3ValveLayer10tOrdEffectZt9allocator1ZQ214cSC3ValveLayer10tOrdEffectP18_Rb_tree_node_baseT1RCt4pair2ZCUiZt4list2ZQ214cSC3ValveLayer10tOrdEffectZt9allocator1ZQ214cSC3ValveLayer10tOrdEffect	_Rb_tree<unsigned int, pair<unsigned int const, list<cSC3ValveLayer::tOrdEffect, allocator<cSC3ValveLayer::tOrdEffect> > >, _Select1st<pair<unsigned int const, list<cSC3ValveLayer::tOrdEffect, allocator<cSC3ValveLayer::tOrdEffect> > > >, less<unsigned int>, allocator<list<cSC3ValveLayer::tOrdEffect, allocator<cSC3ValveLayer::tOrdEffect> > > >::_M_insert(_Rb_tree_node_base *, _Rb_tree_node_base *, pair<unsigned int const, list<cSC3ValveLayer::tOrdEffect, allocator<cSC3ValveLayer::tOrdEffect> > > const &)
00122e84	insert_unique__t8_Rb_tree5ZUiZt4pair2ZCUiZt4list2ZQ214cSC3ValveLayer10tOrdEffectZt9allocator1ZQ214cSC3ValveLayer10tOrdEffectZt10_Select1st1Zt4pair2ZCUiZt4list2ZQ214cSC3ValveLayer10tOrdEffectZt9allocator1ZQ214cSC3ValveLayer10tOrdEffectZt4less1ZUiZt9allocator1Zt4list2ZQ214cSC3ValveLayer10tOrdEffectZt9allocator1ZQ214cSC3ValveLayer10tOrdEffectRCt4pair2ZCUiZt4list2ZQ214cSC3ValveLayer10tOrdEffectZt9allocator1ZQ214cSC3ValveLayer10tOrdEffect	_Rb_tree<unsigned int, pair<unsigned int const, list<cSC3ValveLayer::tOrdEffect, allocator<cSC3ValveLayer::tOrdEffect> > >, _Select1st<pair<unsigned int const, list<cSC3ValveLayer::tOrdEffect, allocator<cSC3ValveLayer::tOrdEffect> > > >, less<unsigned int>, allocator<list<cSC3ValveLayer::tOrdEffect, allocator<cSC3ValveLayer::tOrdEffect> > > >::insert_unique(pair<unsigned int const, list<cSC3ValveLayer::tOrdEffect, allocator<cSC3ValveLayer::tOrdEffect> > > const &)
00122f74	insert_unique__t8_Rb_tree5ZUiZt4pair2ZCUiZt4list2ZQ214cSC3ValveLayer10tOrdEffectZt9allocator1ZQ214cSC3ValveLayer10tOrdEffectZt10_Select1st1Zt4pair2ZCUiZt4list2ZQ214cSC3ValveLayer10tOrdEffectZt9allocator1ZQ214cSC3ValveLayer10tOrdEffectZt4less1ZUiZt9allocator1Zt4list2ZQ214cSC3ValveLayer10tOrdEffectZt9allocator1ZQ214cSC3ValveLayer10tOrdEffectGt17_Rb_tree_iterator3Zt4pair2ZCUiZt4list2ZQ214cSC3ValveLayer10tOrdEffectZt9allocator1ZQ214cSC3ValveLayer10tOrdEffectZRt4pair2ZCUiZt4list2ZQ214cSC3ValveLayer10tOrdEffectZt9allocator1ZQ214cSC3ValveLayer10tOrdEffectZPt4pair2ZCUiZt4list2ZQ214cSC3ValveLayer10tOrdEffectZt9allocator1ZQ214cSC3ValveLayer10tOrdEffectRCt4pair2ZCUiZt4list2ZQ214cSC3ValveLayer10tOrdEffectZt9allocator1ZQ214cSC3ValveLayer10tOrdEffect	_Rb_tree<unsigned int, pair<unsigned int const, list<cSC3ValveLayer::tOrdEffect, allocator<cSC3ValveLayer::tOrdEffect> > >, _Select1st<pair<unsigned int const, list<cSC3ValveLayer::tOrdEffect, allocator<cSC3ValveLayer::tOrdEffect> > > >, less<unsigned int>, allocator<list<cSC3ValveLayer::tOrdEffect, allocator<cSC3ValveLayer::tOrdEffect> > > >::insert_unique(_Rb_tree_iterator<pair<unsigned int const, list<cSC3ValveLayer::tOrdEffect, allocator<cSC3ValveLayer::tOrdEffect> > >, pair<unsigned int const, list<cSC3ValveLayer::tOrdEffect, allocator<cSC3ValveLayer::tOrdEffect> > > &, pair<unsigned int const, list<cSC3ValveLayer::tOrdEffect, allocator<cSC3ValveLayer::tOrdEffect> > > *>, pair<unsigned int const, list<cSC3ValveLayer::tOrdEffect, allocator<cSC3ValveLayer::tOrdEffect> > > const &)
001230f4	erase__t4list2ZQ214cSC3ValveLayer10tOrdEffectZt9allocator1ZQ214cSC3ValveLayer10tOrdEffectGt14_List_iterator3ZQ214cSC3ValveLayer10tOrdEffectZRQ214cSC3ValveLayer10tOrdEffectZPQ214cSC3ValveLayer10tOrdEffectT1	list<cSC3ValveLayer::tOrdEffect, allocator<cSC3ValveLayer::tOrdEffect> >::erase(_List_iterator<cSC3ValveLayer::tOrdEffect, cSC3ValveLayer::tOrdEffect &, cSC3ValveLayer::tOrdEffect *>, _List_iterator<cSC3ValveLayer::tOrdEffect, cSC3ValveLayer::tOrdEffect &, cSC3ValveLayer::tOrdEffect *>)
001231a4	__as__t4list2ZQ214cSC3ValveLayer10tOrdEffectZt9allocator1ZQ214cSC3ValveLayer10tOrdEffectRCt4list2ZQ214cSC3ValveLayer10tOrdEffectZt9allocator1ZQ214cSC3ValveLayer10tOrdEffect	list<cSC3ValveLayer::tOrdEffect, allocator<cSC3ValveLayer::tOrdEffect> >::operator=(list<cSC3ValveLayer::tOrdEffect, allocator<cSC3ValveLayer::tOrdEffect> > const &)
00123274	clear__t10_List_base2ZQ214cSC3ValveLayer11ValveEffectZt9allocator1ZQ214cSC3ValveLayer11ValveEffect	_List_base<cSC3ValveLayer::ValveEffect, allocator<cSC3ValveLayer::ValveEffect> >::clear(void)
001232f4	_M_insert_dispatch__H1Zt14_List_iterator3ZQ214cSC3ValveLayer11ValveEffectZRCQ214cSC3ValveLayer11ValveEffectZPCQ214cSC3ValveLayer11ValveEffect_t4list2ZQ214cSC3ValveLayer11ValveEffectZt9allocator1ZQ214cSC3ValveLayer11ValveEffectGt14_List_iterator3ZQ214cSC3ValveLayer11ValveEffectZRQ214cSC3ValveLayer11ValveEffectZPQ214cSC3ValveLayer11ValveEffectX00X00G12__false_type_v	void list<cSC3ValveLayer::ValveEffect, allocator<cSC3ValveLayer::ValveEffect> >::_M_insert_dispatch<_List_iterator<cSC3ValveLayer::ValveEffect, cSC3ValveLayer::ValveEffect const &, cSC3ValveLayer::ValveEffect const *> >(_List_iterator<cSC3ValveLayer::ValveEffect, cSC3ValveLayer::ValveEffect &, cSC3ValveLayer::ValveEffect *>, _List_iterator<cSC3ValveLayer::ValveEffect, cSC3ValveLayer::ValveEffect const &, cSC3ValveLayer::ValveEffect const *>, _List_iterator<cSC3ValveLayer::ValveEffect, cSC3ValveLayer::ValveEffect const &, cSC3ValveLayer::ValveEffect const *>, __false_type)
00123424	__t4pair2ZCUiZt4list2ZQ214cSC3ValveLayer11ValveEffectZt9allocator1ZQ214cSC3ValveLayer11ValveEffectRCt4pair2ZCUiZt4list2ZQ214cSC3ValveLayer11ValveEffectZt9allocator1ZQ214cSC3ValveLayer11ValveEffect	pair<unsigned int const, list<cSC3ValveLayer::ValveEffect, allocator<cSC3ValveLayer::ValveEffect> > >::pair(pair<unsigned int const, list<cSC3ValveLayer::ValveEffect, allocator<cSC3ValveLayer::ValveEffect> > > const &)
001235c4	_M_insert__t8_Rb_tree5ZUiZt4pair2ZCUiZt4list2ZQ214cSC3ValveLayer11ValveEffectZt9allocator1ZQ214cSC3ValveLayer11ValveEffectZt10_Select1st1Zt4pair2ZCUiZt4list2ZQ214cSC3ValveLayer11ValveEffectZt9allocator1ZQ214cSC3ValveLayer11ValveEffectZt4less1ZUiZt9allocator1Zt4list2ZQ214cSC3ValveLayer11ValveEffectZt9allocator1ZQ214cSC3ValveLayer11ValveEffectP18_Rb_tree_node_baseT1RCt4pair2ZCUiZt4list2ZQ214cSC3ValveLayer11ValveEffectZt9allocator1ZQ214cSC3ValveLayer11ValveEffect	_Rb_tree<unsigned int, pair<unsigned int const, list<cSC3ValveLayer::ValveEffect, allocator<cSC3ValveLayer::ValveEffect> > >, _Select1st<pair<unsigned int const, list<cSC3ValveLayer::ValveEffect, allocator<cSC3ValveLayer::ValveEffect> > > >, less<unsigned int>, allocator<list<cSC3ValveLayer::ValveEffect, allocator<cSC3ValveLayer::ValveEffect> > > >::_M_insert(_Rb_tree_node_base *, _Rb_tree_node_base *, pair<unsigned int const, list<cSC3ValveLayer::ValveEffect, allocator<cSC3ValveLayer::ValveEffect> > > const &)
00123af4	insert_unique__t8_Rb_tree5ZUiZt4pair2ZCUiZt4list2ZQ214cSC3ValveLayer11ValveEffectZt9allocator1ZQ214cSC3ValveLayer11ValveEffectZt10_Select1st1Zt4pair2ZCUiZt4list2ZQ214cSC3ValveLayer11ValveEffectZt9allocator1ZQ214cSC3ValveLayer11ValveEffectZt4less1ZUiZt9allocator1Zt4list2ZQ214cSC3ValveLayer11ValveEffectZt9allocator1ZQ214cSC3ValveLayer11ValveEffectRCt4pair2ZCUiZt4list2ZQ214cSC3ValveLayer11ValveEffectZt9allocator1ZQ214cSC3ValveLayer11ValveEffect	_Rb_tree<unsigned int, pair<unsigned int const, list<cSC3ValveLayer::ValveEffect, allocator<cSC3ValveLayer::ValveEffect> > >, _Select1st<pair<unsigned int const, list<cSC3ValveLayer::ValveEffect, allocator<cSC3ValveLayer::ValveEffect> > > >, less<unsigned int>, allocator<list<cSC3ValveLayer::ValveEffect, allocator<cSC3ValveLayer::ValveEffect> > > >::insert_unique(pair<unsigned int const, list<cSC3ValveLayer::ValveEffect, allocator<cSC3ValveLayer::ValveEffect> > > const &)
00123be4	insert_unique__t8_Rb_tree5ZUiZt4pair2ZCUiZt4list2ZQ214cSC3ValveLayer11ValveEffectZt9allocator1ZQ214cSC3ValveLayer11ValveEffectZt10_Select1st1Zt4pair2ZCUiZt4list2ZQ214cSC3ValveLayer11ValveEffectZt9allocator1ZQ214cSC3ValveLayer11ValveEffectZt4less1ZUiZt9allocator1Zt4list2ZQ214cSC3ValveLayer11ValveEffectZt9allocator1ZQ214cSC3ValveLayer11ValveEffectGt17_Rb_tree_iterator3Zt4pair2ZCUiZt4list2ZQ214cSC3ValveLayer11ValveEffectZt9allocator1ZQ214cSC3ValveLayer11ValveEffectZRt4pair2ZCUiZt4list2ZQ214cSC3ValveLayer11ValveEffectZt9allocator1ZQ214cSC3ValveLayer11ValveEffectZPt4pair2ZCUiZt4list2ZQ214cSC3ValveLayer11ValveEffectZt9allocator1ZQ214cSC3ValveLayer11ValveEffectRCt4pair2ZCUiZt4list2ZQ214cSC3ValveLayer11ValveEffectZt9allocator1ZQ214cSC3ValveLayer11ValveEffect	_Rb_tree<unsigned int, pair<unsigned int const, list<cSC3ValveLayer::ValveEffect, allocator<cSC3ValveLayer::ValveEffect> > >, _Select1st<pair<unsigned int const, list<cSC3ValveLayer::ValveEffect, allocator<cSC3ValveLayer::ValveEffect> > > >, less<unsigned int>, allocator<list<cSC3ValveLayer::ValveEffect, allocator<cSC3ValveLayer::ValveEffect> > > >::insert_unique(_Rb_tree_iterator<pair<unsigned int const, list<cSC3ValveLayer::ValveEffect, allocator<cSC3ValveLayer::ValveEffect> > >, pair<unsigned int const, list<cSC3ValveLayer::ValveEffect, allocator<cSC3ValveLayer::ValveEffect> > > &, pair<unsigned int const, list<cSC3ValveLayer::ValveEffect, allocator<cSC3ValveLayer::ValveEffect> > > *>, pair<unsigned int const, list<cSC3ValveLayer::ValveEffect, allocator<cSC3ValveLayer::ValveEffect> > > const &)
00123d64	erase__t4list2ZQ214cSC3ValveLayer11ValveEffectZt9allocator1ZQ214cSC3ValveLayer11ValveEffectGt14_List_iterator3ZQ214cSC3ValveLayer11ValveEffectZRQ214cSC3ValveLayer11ValveEffectZPQ214cSC3ValveLayer11ValveEffectT1	list<cSC3ValveLayer::ValveEffect, allocator<cSC3ValveLayer::ValveEffect> >::erase(_List_iterator<cSC3ValveLayer::ValveEffect, cSC3ValveLayer::ValveEffect &, cSC3ValveLayer::ValveEffect *>, _List_iterator<cSC3ValveLayer::ValveEffect, cSC3ValveLayer::ValveEffect &, cSC3ValveLayer::ValveEffect *>)
00123e14	__as__t4list2ZQ214cSC3ValveLayer11ValveEffectZt9allocator1ZQ214cSC3ValveLayer11ValveEffectRCt4list2ZQ214cSC3ValveLayer11ValveEffectZt9allocator1ZQ214cSC3ValveLayer11ValveEffect	list<cSC3ValveLayer::ValveEffect, allocator<cSC3ValveLayer::ValveEffect> >::operator=(list<cSC3ValveLayer::ValveEffect, allocator<cSC3ValveLayer::ValveEffect> > const &)
00123ee4	_M_erase__t8_Rb_tree5ZUiZt4pair2ZCUiZt4list2ZQ214cSC3ValveLayer10tOrdEffectZt9allocator1ZQ214cSC3ValveLayer10tOrdEffectZt10_Select1st1Zt4pair2ZCUiZt4list2ZQ214cSC3ValveLayer10tOrdEffectZt9allocator1ZQ214cSC3ValveLayer10tOrdEffectZt4less1ZUiZt9allocator1Zt4list2ZQ214cSC3ValveLayer10tOrdEffectZt9allocator1ZQ214cSC3ValveLayer10tOrdEffectPt13_Rb_tree_node1Zt4pair2ZCUiZt4list2ZQ214cSC3ValveLayer10tOrdEffectZt9allocator1ZQ214cSC3ValveLayer10tOrdEffect	_Rb_tree<unsigned int, pair<unsigned int const, list<cSC3ValveLayer::tOrdEffect, allocator<cSC3ValveLayer::tOrdEffect> > >, _Select1st<pair<unsigned int const, list<cSC3ValveLayer::tOrdEffect, allocator<cSC3ValveLayer::tOrdEffect> > > >, less<unsigned int>, allocator<list<cSC3ValveLayer::tOrdEffect, allocator<cSC3ValveLayer::tOrdEffect> > > >::_M_erase(_Rb_tree_node<pair<unsigned int const, list<cSC3ValveLayer::tOrdEffect, allocator<cSC3ValveLayer::tOrdEffect> > > > *)
00123f74	erase__t8_Rb_tree5ZUiZt4pair2ZCUiZt4list2ZQ214cSC3ValveLayer10tOrdEffectZt9allocator1ZQ214cSC3ValveLayer10tOrdEffectZt10_Select1st1Zt4pair2ZCUiZt4list2ZQ214cSC3ValveLayer10tOrdEffectZt9allocator1ZQ214cSC3ValveLayer10tOrdEffectZt4less1ZUiZt9allocator1Zt4list2ZQ214cSC3ValveLayer10tOrdEffectZt9allocator1ZQ214cSC3ValveLayer10tOrdEffectGt17_Rb_tree_iterator3Zt4pair2ZCUiZt4list2ZQ214cSC3ValveLayer10tOrdEffectZt9allocator1ZQ214cSC3ValveLayer10tOrdEffectZRt4pair2ZCUiZt4list2ZQ214cSC3ValveLayer10tOrdEffectZt9allocator1ZQ214cSC3ValveLayer10tOrdEffectZPt4pair2ZCUiZt4list2ZQ214cSC3ValveLayer10tOrdEffectZt9allocator1ZQ214cSC3ValveLayer10tOrdEffectT1	_Rb_tree<unsigned int, pair<unsigned int const, list<cSC3ValveLayer::tOrdEffect, allocator<cSC3ValveLayer::tOrdEffect> > >, _Select1st<pair<unsigned int const, list<cSC3ValveLayer::tOrdEffect, allocator<cSC3ValveLayer::tOrdEffect> > > >, less<unsigned int>, allocator<list<cSC3ValveLayer::tOrdEffect, allocator<cSC3ValveLayer::tOrdEffect> > > >::erase(_Rb_tree_iterator<pair<unsigned int const, list<cSC3ValveLayer::tOrdEffect, allocator<cSC3ValveLayer::tOrdEffect> > >, pair<unsigned int const, list<cSC3ValveLayer::tOrdEffect, allocator<cSC3ValveLayer::tOrdEffect> > > &, pair<unsigned int const, list<cSC3ValveLayer::tOrdEffect, allocator<cSC3ValveLayer::tOrdEffect> > > *>, _Rb_tree_iterator<pair<unsigned int const, list<cSC3ValveLayer::tOrdEffect, allocator<cSC3ValveLayer::tOrdEffect> > >, pair<unsigned int const, list<cSC3ValveLayer::tOrdEffect, allocator<cSC3ValveLayer::tOrdEffect> > > &, pair<unsigned int const, list<cSC3ValveLayer::tOrdEffect, allocator<cSC3ValveLayer::tOrdEffect> > > *>)
001244b4	_M_insert__t8_Rb_tree5ZUiZt4pair2ZCUiZP10cISC3ValveZt10_Select1st1Zt4pair2ZCUiZP10cISC3ValveZt4less1ZUiZt9allocator1ZP10cISC3ValveP18_Rb_tree_node_baseT1RCt4pair2ZCUiZP10cISC3Valve	_Rb_tree<unsigned int, pair<unsigned int const, cISC3Valve *>, _Select1st<pair<unsigned int const, cISC3Valve *> >, less<unsigned int>, allocator<cISC3Valve *> >::_M_insert(_Rb_tree_node_base *, _Rb_tree_node_base *, pair<unsigned int const, cISC3Valve *> const &)
00124894	insert_unique__t8_Rb_tree5ZUiZt4pair2ZCUiZP10cISC3ValveZt10_Select1st1Zt4pair2ZCUiZP10cISC3ValveZt4less1ZUiZt9allocator1ZP10cISC3ValveRCt4pair2ZCUiZP10cISC3Valve	_Rb_tree<unsigned int, pair<unsigned int const, cISC3Valve *>, _Select1st<pair<unsigned int const, cISC3Valve *> >, less<unsigned int>, allocator<cISC3Valve *> >::insert_unique(pair<unsigned int const, cISC3Valve *> const &)
00124984	insert_unique__t8_Rb_tree5ZUiZt4pair2ZCUiZP10cISC3ValveZt10_Select1st1Zt4pair2ZCUiZP10cISC3ValveZt4less1ZUiZt9allocator1ZP10cISC3ValveGt17_Rb_tree_iterator3Zt4pair2ZCUiZP10cISC3ValveZRt4pair2ZCUiZP10cISC3ValveZPt4pair2ZCUiZP10cISC3ValveRCt4pair2ZCUiZP10cISC3Valve	_Rb_tree<unsigned int, pair<unsigned int const, cISC3Valve *>, _Select1st<pair<unsigned int const, cISC3Valve *> >, less<unsigned int>, allocator<cISC3Valve *> >::insert_unique(_Rb_tree_iterator<pair<unsigned int const, cISC3Valve *>, pair<unsigned int const, cISC3Valve *> &, pair<unsigned int const, cISC3Valve *> *>, pair<unsigned int const, cISC3Valve *> const &)
00124b00	find__t8_Rb_tree5ZUiZt4pair2ZCUiZP10cISC3ValveZt10_Select1st1Zt4pair2ZCUiZP10cISC3ValveZt4less1ZUiZt9allocator1ZP10cISC3ValveRCUi	_Rb_tree<unsigned int, pair<unsigned int const, cISC3Valve *>, _Select1st<pair<unsigned int const, cISC3Valve *> >, less<unsigned int>, allocator<cISC3Valve *> >::find(unsigned int const &)
00124b60	find__t8_Rb_tree5ZUiZt4pair2ZCUiZt4list2ZQ214cSC3ValveLayer11ValveEffectZt9allocator1ZQ214cSC3ValveLayer11ValveEffectZt10_Select1st1Zt4pair2ZCUiZt4list2ZQ214cSC3ValveLayer11ValveEffectZt9allocator1ZQ214cSC3ValveLayer11ValveEffectZt4less1ZUiZt9allocator1Zt4list2ZQ214cSC3ValveLayer11ValveEffectZt9allocator1ZQ214cSC3ValveLayer11ValveEffectRCUi	_Rb_tree<unsigned int, pair<unsigned int const, list<cSC3ValveLayer::ValveEffect, allocator<cSC3ValveLayer::ValveEffect> > >, _Select1st<pair<unsigned int const, list<cSC3ValveLayer::ValveEffect, allocator<cSC3ValveLayer::ValveEffect> > > >, less<unsigned int>, allocator<list<cSC3ValveLayer::ValveEffect, allocator<cSC3ValveLayer::ValveEffect> > > >::find(unsigned int const &)
00124bc0	find__t8_Rb_tree5ZUiZt4pair2ZCUiZP20cSC3ValveManipulatorZt10_Select1st1Zt4pair2ZCUiZP20cSC3ValveManipulatorZt4less1ZUiZt9allocator1ZP20cSC3ValveManipulatorRCUi	_Rb_tree<unsigned int, pair<unsigned int const, cSC3ValveManipulator *>, _Select1st<pair<unsigned int const, cSC3ValveManipulator *> >, less<unsigned int>, allocator<cSC3ValveManipulator *> >::find(unsigned int const &)
00124c24	_M_insert__t8_Rb_tree5ZUiZt4pair2ZCUiZP20cSC3ValveManipulatorZt10_Select1st1Zt4pair2ZCUiZP20cSC3ValveManipulatorZt4less1ZUiZt9allocator1ZP20cSC3ValveManipulatorP18_Rb_tree_node_baseT1RCt4pair2ZCUiZP20cSC3ValveManipulator	_Rb_tree<unsigned int, pair<unsigned int const, cSC3ValveManipulator *>, _Select1st<pair<unsigned int const, cSC3ValveManipulator *> >, less<unsigned int>, allocator<cSC3ValveManipulator *> >::_M_insert(_Rb_tree_node_base *, _Rb_tree_node_base *, pair<unsigned int const, cSC3ValveManipulator *> const &)
00125004	insert_unique__t8_Rb_tree5ZUiZt4pair2ZCUiZP20cSC3ValveManipulatorZt10_Select1st1Zt4pair2ZCUiZP20cSC3ValveManipulatorZt4less1ZUiZt9allocator1ZP20cSC3ValveManipulatorRCt4pair2ZCUiZP20cSC3ValveManipulator	_Rb_tree<unsigned int, pair<unsigned int const, cSC3ValveManipulator *>, _Select1st<pair<unsigned int const, cSC3ValveManipulator *> >, less<unsigned int>, allocator<cSC3ValveManipulator *> >::insert_unique(pair<unsigned int const, cSC3ValveManipulator *> const &)
001250f4	insert_unique__t8_Rb_tree5ZUiZt4pair2ZCUiZP20cSC3ValveManipulatorZt10_Select1st1Zt4pair2ZCUiZP20cSC3ValveManipulatorZt4less1ZUiZt9allocator1ZP20cSC3ValveManipulatorGt17_Rb_tree_iterator3Zt4pair2ZCUiZP20cSC3ValveManipulatorZRt4pair2ZCUiZP20cSC3ValveManipulatorZPt4pair2ZCUiZP20cSC3ValveManipulatorRCt4pair2ZCUiZP20cSC3ValveManipulator	_Rb_tree<unsigned int, pair<unsigned int const, cSC3ValveManipulator *>, _Select1st<pair<unsigned int const, cSC3ValveManipulator *> >, less<unsigned int>, allocator<cSC3ValveManipulator *> >::insert_unique(_Rb_tree_iterator<pair<unsigned int const, cSC3ValveManipulator *>, pair<unsigned int const, cSC3ValveManipulator *> &, pair<unsigned int const, cSC3ValveManipulator *> *>, pair<unsigned int const, cSC3ValveManipulator *> const &)
00125274	erase__t4list2ZQ220cSC3ValveManipulator14ValveAndEffectZt9allocator1ZQ220cSC3ValveManipulator14ValveAndEffectGt14_List_iterator3ZQ220cSC3ValveManipulator14ValveAndEffectZRQ220cSC3ValveManipulator14ValveAndEffectZPQ220cSC3ValveManipulator14ValveAndEffectT1	list<cSC3ValveManipulator::ValveAndEffect, allocator<cSC3ValveManipulator::ValveAndEffect> >::erase(_List_iterator<cSC3ValveManipulator::ValveAndEffect, cSC3ValveManipulator::ValveAndEffect &, cSC3ValveManipulator::ValveAndEffect *>, _List_iterator<cSC3ValveManipulator::ValveAndEffect, cSC3ValveManipulator::ValveAndEffect &, cSC3ValveManipulator::ValveAndEffect *>)
00125314	__thunk_4_QueryInterface__14cSC3ValveLayerUiPPv	virtual function thunk (delta:-4) for cSC3ValveLayer::QueryInterface(unsigned int, void **)
00125330	__thunk_4_AddRef__14cSC3ValveLayer	virtual function thunk (delta:-4) for cSC3ValveLayer::AddRef(void)
0012534c	__thunk_4_Release__14cSC3ValveLayer	virtual function thunk (delta:-4) for cSC3ValveLayer::Release(void)
00125368	__thunk_4_DoMessage__14cSC3ValveLayerR10cGZMessage	virtual function thunk (delta:-4) for cSC3ValveLayer::DoMessage(cGZMessage &)
00125384	__thunk_4_DoQueryInfo__14cSC3ValveLayerR10cGZMessageP11cIGZUnknown	virtual function thunk (delta:-4) for cSC3ValveLayer::DoQueryInfo(cGZMessage &, cIGZUnknown *)
001253a0	__thunk_4_StaticInit__14cSC3ValveLayerP19cISC3CityDefinition	virtual function thunk (delta:-4) for cSC3ValveLayer::StaticInit(cISC3CityDefinition *)
001253bc	__thunk_4_StaticShutdown__14cSC3ValveLayer	virtual function thunk (delta:-4) for cSC3ValveLayer::StaticShutdown(void)
001253d8	__thunk_4_Init__14cSC3ValveLayerP9cISC3City	virtual function thunk (delta:-4) for cSC3ValveLayer::Init(cISC3City *)
001253f4	__thunk_4_Init__14cSC3ValveLayerP9cISC3CityP13cISC2Importer	virtual function thunk (delta:-4) for cSC3ValveLayer::Init(cISC3City *, cISC2Importer *)
00125410	__thunk_4_Init__14cSC3ValveLayerP9cISC3CityP13cIGZDBSegment	virtual function thunk (delta:-4) for cSC3ValveLayer::Init(cISC3City *, cIGZDBSegment *)
0012542c	__thunk_4_Save__14cSC3ValveLayerP9cISC3CityP13cIGZDBSegment	virtual function thunk (delta:-4) for cSC3ValveLayer::Save(cISC3City *, cIGZDBSegment *)
00125448	__thunk_4_SimulationBegin__14cSC3ValveLayer	virtual function thunk (delta:-4) for cSC3ValveLayer::SimulationBegin(void)
00125464	__thunk_4_SimulationEnd__14cSC3ValveLayer	virtual function thunk (delta:-4) for cSC3ValveLayer::SimulationEnd(void)
00125480	__thunk_4_Shutdown__14cSC3ValveLayer	virtual function thunk (delta:-4) for cSC3ValveLayer::Shutdown(void)
0012549c	__thunk_4_GetManipulator__14cSC3ValveLayerRC18cISC3CityAgentTypePP25cISC3CityLayerManipulatorRi	virtual function thunk (delta:-4) for cSC3ValveLayer::GetManipulator(cISC3CityAgentType const &, cISC3CityLayerManipulator **, int &)
001254b8	__thunk_4_GetLayerType__14cSC3ValveLayer	virtual function thunk (delta:-4) for cSC3ValveLayer::GetLayerType(void)
001254d4	__thunk_4_DebugClassTag__14cSC3ValveLayerR10cIGZString	virtual function thunk (delta:-4) for cSC3ValveLayer::DebugClassTag(cIGZString &)
001254f0	__thunk_4_DebugTypeTag__14cSC3ValveLayerR10cIGZString	virtual function thunk (delta:-4) for cSC3ValveLayer::DebugTypeTag(cIGZString &)
00125510	_._t3map4ZUiZt4list2ZQ214cSC3ValveLayer11ValveEffectZt9allocator1ZQ214cSC3ValveLayer11ValveEffectZt4less1ZUiZt9allocator1Zt4list2ZQ214cSC3ValveLayer11ValveEffectZt9allocator1ZQ214cSC3ValveLayer11ValveEffect	map<unsigned int, list<cSC3ValveLayer::ValveEffect, allocator<cSC3ValveLayer::ValveEffect> >, less<unsigned int>, allocator<list<cSC3ValveLayer::ValveEffect, allocator<cSC3ValveLayer::ValveEffect> > > >::~map(void)
001255b8	_._t3map4ZUiZt4list2ZQ214cSC3ValveLayer10tOrdEffectZt9allocator1ZQ214cSC3ValveLayer10tOrdEffectZt4less1ZUiZt9allocator1Zt4list2ZQ214cSC3ValveLayer10tOrdEffectZt9allocator1ZQ214cSC3ValveLayer10tOrdEffect	map<unsigned int, list<cSC3ValveLayer::tOrdEffect, allocator<cSC3ValveLayer::tOrdEffect> >, less<unsigned int>, allocator<list<cSC3ValveLayer::tOrdEffect, allocator<cSC3ValveLayer::tOrdEffect> > > >::~map(void)
00125660	_._t3map4ZUiZP10cISC3ValveZt4less1ZUiZt9allocator1ZP10cISC3Valve	map<unsigned int, cISC3Valve *, less<unsigned int>, allocator<cISC3Valve *> >::~map(void)
00125708	AddRef__t15cSC3CityCellMap1ZUc	cSC3CityCellMap<unsigned char>::AddRef(void)
00125744	QueryInterface__t15cSC3CityCellMap1ZUcUiPPv	cSC3CityCellMap<unsigned char>::QueryInterface(unsigned int, void **)
001257c0	_._t4pair2ZCUiZt4list2ZQ214cSC3ValveLayer11ValveEffectZt9allocator1ZQ214cSC3ValveLayer11ValveEffect	pair<unsigned int const, list<cSC3ValveLayer::ValveEffect, allocator<cSC3ValveLayer::ValveEffect> > >::~pair(void)
00125840	_._t4pair2ZCUiZt4list2ZQ214cSC3ValveLayer10tOrdEffectZt9allocator1ZQ214cSC3ValveLayer10tOrdEffect	pair<unsigned int const, list<cSC3ValveLayer::tOrdEffect, allocator<cSC3ValveLayer::tOrdEffect> > >::~pair(void)
001258c0	Shutdown__t15cSC3CityCellMap1ZUc	cSC3CityCellMap<unsigned char>::Shutdown(void)
00125914	Init__t15cSC3CityCellMap1ZUcP9cISC3CityRCUc	cSC3CityCellMap<unsigned char>::Init(cISC3City *, unsigned char const &)
001259f0	GetValue__Ct15cSC3CityCellMap1ZUcUiUiRUc	cSC3CityCellMap<unsigned char>::GetValue(unsigned int, unsigned int, unsigned char &) const
00125a34	SerialRead__t15cSC3CityCellMap1ZUcR18cIGZDBSerialRecord	cSC3CityCellMap<unsigned char>::SerialRead(cIGZDBSerialRecord &)
00125a94	SerialWrite__Ct15cSC3CityCellMap1ZUcR18cIGZDBSerialRecord	cSC3CityCellMap<unsigned char>::SerialWrite(cIGZDBSerialRecord &) const
00125af4	_._t15cSC3CityCellMap1ZUc	cSC3CityCellMap<unsigned char>::~cSC3CityCellMap(void)
00125b58	Release__t15cSC3CityCellMap1ZUc	cSC3CityCellMap<unsigned char>::Release(void)
00125bb8	CellCountX__Ct15cSC3CityCellMap1ZUc	cSC3CityCellMap<unsigned char>::CellCountX(void) const
00125be4	CellCountZ__Ct15cSC3CityCellMap1ZUc	cSC3CityCellMap<unsigned char>::CellCountZ(void) const
00125c10	SetValue__t15cSC3CityCellMap1ZUcUiUiRCUc	cSC3CityCellMap<unsigned char>::SetValue(unsigned int, unsigned int, unsigned char const &)
00125c48	SetAllCells__t15cSC3CityCellMap1ZUcRCUc	cSC3CityCellMap<unsigned char>::SetAllCells(unsigned char const &)
00125c80	lower_bound__t8_Rb_tree5ZUiZt4pair2ZCUiZt4list2ZQ214cSC3ValveLayer10tOrdEffectZt9allocator1ZQ214cSC3ValveLayer10tOrdEffectZt10_Select1st1Zt4pair2ZCUiZt4list2ZQ214cSC3ValveLayer10tOrdEffectZt9allocator1ZQ214cSC3ValveLayer10tOrdEffectZt4less1ZUiZt9allocator1Zt4list2ZQ214cSC3ValveLayer10tOrdEffectZt9allocator1ZQ214cSC3ValveLayer10tOrdEffectRCUi	_Rb_tree<unsigned int, pair<unsigned int const, list<cSC3ValveLayer::tOrdEffect, allocator<cSC3ValveLayer::tOrdEffect> > >, _Select1st<pair<unsigned int const, list<cSC3ValveLayer::tOrdEffect, allocator<cSC3ValveLayer::tOrdEffect> > > >, less<unsigned int>, allocator<list<cSC3ValveLayer::tOrdEffect, allocator<cSC3ValveLayer::tOrdEffect> > > >::lower_bound(unsigned int const &)
00125cc0	lower_bound__t8_Rb_tree5ZUiZt4pair2ZCUiZt4list2ZQ214cSC3ValveLayer11ValveEffectZt9allocator1ZQ214cSC3ValveLayer11ValveEffectZt10_Select1st1Zt4pair2ZCUiZt4list2ZQ214cSC3ValveLayer11ValveEffectZt9allocator1ZQ214cSC3ValveLayer11ValveEffectZt4less1ZUiZt9allocator1Zt4list2ZQ214cSC3ValveLayer11ValveEffectZt9allocator1ZQ214cSC3ValveLayer11ValveEffectRCUi	_Rb_tree<unsigned int, pair<unsigned int const, list<cSC3ValveLayer::ValveEffect, allocator<cSC3ValveLayer::ValveEffect> > >, _Select1st<pair<unsigned int const, list<cSC3ValveLayer::ValveEffect, allocator<cSC3ValveLayer::ValveEffect> > > >, less<unsigned int>, allocator<list<cSC3ValveLayer::ValveEffect, allocator<cSC3ValveLayer::ValveEffect> > > >::lower_bound(unsigned int const &)
00125d00	lower_bound__t8_Rb_tree5ZUiZt4pair2ZCUiZP10cISC3ValveZt10_Select1st1Zt4pair2ZCUiZP10cISC3ValveZt4less1ZUiZt9allocator1ZP10cISC3ValveRCUi	_Rb_tree<unsigned int, pair<unsigned int const, cISC3Valve *>, _Select1st<pair<unsigned int const, cISC3Valve *> >, less<unsigned int>, allocator<cISC3Valve *> >::lower_bound(unsigned int const &)
00125d40	lower_bound__t8_Rb_tree5ZUiZt4pair2ZCUiZP20cSC3ValveManipulatorZt10_Select1st1Zt4pair2ZCUiZP20cSC3ValveManipulatorZt4less1ZUiZt9allocator1ZP20cSC3ValveManipulatorRCUi	_Rb_tree<unsigned int, pair<unsigned int const, cSC3ValveManipulator *>, _Select1st<pair<unsigned int const, cSC3ValveManipulator *> >, less<unsigned int>, allocator<cSC3ValveManipulator *> >::lower_bound(unsigned int const &)
00125d78	GetValueSint32__Ct15cSC3CityCellMap1ZUcUiUiRi	cSC3CityCellMap<unsigned char>::GetValueSint32(unsigned int, unsigned int, int &) const
00125da0	InBounds__Ct15cSC3CityCellMap1ZUcUiUi	cSC3CityCellMap<unsigned char>::InBounds(unsigned int, unsigned int) const
00125df4	InBounds__Ct15cSC3CityCellMap1ZUcUiUiUiUi	cSC3CityCellMap<unsigned char>::InBounds(unsigned int, unsigned int, unsigned int, unsigned int) const
00125e50	ValidRect__Ct15cSC3CityCellMap1ZUcUiUiUiUi	cSC3CityCellMap<unsigned char>::ValidRect(unsigned int, unsigned int, unsigned int, unsigned int) const
00125e74	SetValue__t15cSC3CityCellMap1ZUcUiUiUiUiRCUc	cSC3CityCellMap<unsigned char>::SetValue(unsigned int, unsigned int, unsigned int, unsigned int, unsigned char const &)
00125edc	_._t3map4ZUiZP20cSC3ValveManipulatorZt4less1ZUiZt9allocator1ZP20cSC3ValveManipulator	map<unsigned int, cSC3ValveManipulator *, less<unsigned int>, allocator<cSC3ValveManipulator *> >::~map(void)
00125f84	__t10cRZCellMap1ZUcUiUiRCUc	cRZCellMap<unsigned char>::cRZCellMap(unsigned int, unsigned int, unsigned char const &)
0012601c	GetValue__Ct10cRZCellMap1ZUcUiUiRUc	cRZCellMap<unsigned char>::GetValue(unsigned int, unsigned int, unsigned char &) const
0012603c	CellCountX__Ct10cRZCellMap1ZUc	cRZCellMap<unsigned char>::CellCountX(void) const
00126048	CellCountY__Ct10cRZCellMap1ZUc	cRZCellMap<unsigned char>::CellCountY(void) const
00126058	SetValue__t10cRZCellMap1ZUcUiUiRCUc	cRZCellMap<unsigned char>::SetValue(unsigned int, unsigned int, unsigned char const &)
00126084	SetAllCells__t10cRZCellMap1ZUcRCUc	cRZCellMap<unsigned char>::SetAllCells(unsigned char const &)
001260e4	insert__t6vector2ZUsZt9allocator1ZUsPUsUiRCUs	vector<unsigned short, allocator<unsigned short> >::insert(unsigned short *, unsigned int, unsigned short const &)
00126504	insert__t6vector2ZUiZt9allocator1ZUiPUiUiRCUi	vector<unsigned int, allocator<unsigned int> >::insert(unsigned int *, unsigned int, unsigned int const &)
00126924	_M_erase__t8_Rb_tree5ZQ213cSC3ZoneLayer4_rzpZt4pair2ZCQ213cSC3ZoneLayer4_rzpZUiZt10_Select1st1Zt4pair2ZCQ213cSC3ZoneLayer4_rzpZUiZt4less1ZQ213cSC3ZoneLayer4_rzpZt9allocator1ZUiPt13_Rb_tree_node1Zt4pair2ZCQ213cSC3ZoneLayer4_rzpZUi	_Rb_tree<cSC3ZoneLayer::_rzp, pair<cSC3ZoneLayer::_rzp const, unsigned int>, _Select1st<pair<cSC3ZoneLayer::_rzp const, unsigned int> >, less<cSC3ZoneLayer::_rzp>, allocator<unsigned int> >::_M_erase(_Rb_tree_node<pair<cSC3ZoneLayer::_rzp const, unsigned int> > *)
001269a4	_M_erase__t8_Rb_tree5ZUiZt4pair2ZCUiZiZt10_Select1st1Zt4pair2ZCUiZiZt4less1ZUiZt9allocator1ZiPt13_Rb_tree_node1Zt4pair2ZCUiZi	_Rb_tree<unsigned int, pair<unsigned int const, int>, _Select1st<pair<unsigned int const, int> >, less<unsigned int>, allocator<int> >::_M_erase(_Rb_tree_node<pair<unsigned int const, int> > *)
00126a24	erase__t8_Rb_tree5ZUiZt4pair2ZCUiZiZt10_Select1st1Zt4pair2ZCUiZiZt4less1ZUiZt9allocator1ZiGt17_Rb_tree_iterator3Zt4pair2ZCUiZiZRt4pair2ZCUiZiZPt4pair2ZCUiZiT1	_Rb_tree<unsigned int, pair<unsigned int const, int>, _Select1st<pair<unsigned int const, int> >, less<unsigned int>, allocator<int> >::erase(_Rb_tree_iterator<pair<unsigned int const, int>, pair<unsigned int const, int> &, pair<unsigned int const, int> *>, _Rb_tree_iterator<pair<unsigned int const, int>, pair<unsigned int const, int> &, pair<unsigned int const, int> *>)
00126f34	erase__t8_Rb_tree5ZQ213cSC3ZoneLayer4_rzpZt4pair2ZCQ213cSC3ZoneLayer4_rzpZUiZt10_Select1st1Zt4pair2ZCQ213cSC3ZoneLayer4_rzpZUiZt4less1ZQ213cSC3ZoneLayer4_rzpZt9allocator1ZUiGt17_Rb_tree_iterator3Zt4pair2ZCQ213cSC3ZoneLayer4_rzpZUiZRt4pair2ZCQ213cSC3ZoneLayer4_rzpZUiZPt4pair2ZCQ213cSC3ZoneLayer4_rzpZUiT1	_Rb_tree<cSC3ZoneLayer::_rzp, pair<cSC3ZoneLayer::_rzp const, unsigned int>, _Select1st<pair<cSC3ZoneLayer::_rzp const, unsigned int> >, less<cSC3ZoneLayer::_rzp>, allocator<unsigned int> >::erase(_Rb_tree_iterator<pair<cSC3ZoneLayer::_rzp const, unsigned int>, pair<cSC3ZoneLayer::_rzp const, unsigned int> &, pair<cSC3ZoneLayer::_rzp const, unsigned int> *>, _Rb_tree_iterator<pair<cSC3ZoneLayer::_rzp const, unsigned int>, pair<cSC3ZoneLayer::_rzp const, unsigned int> &, pair<cSC3ZoneLayer::_rzp const, unsigned int> *>)
00127444	_M_insert__t8_Rb_tree5ZUiZt4pair2ZCUiZiZt10_Select1st1Zt4pair2ZCUiZiZt4less1ZUiZt9allocator1ZiP18_Rb_tree_node_baseT1RCt4pair2ZCUiZi	_Rb_tree<unsigned int, pair<unsigned int const, int>, _Select1st<pair<unsigned int const, int> >, less<unsigned int>, allocator<int> >::_M_insert(_Rb_tree_node_base *, _Rb_tree_node_base *, pair<unsigned int const, int> const &)
00127824	insert_unique__t8_Rb_tree5ZUiZt4pair2ZCUiZiZt10_Select1st1Zt4pair2ZCUiZiZt4less1ZUiZt9allocator1ZiRCt4pair2ZCUiZi	_Rb_tree<unsigned int, pair<unsigned int const, int>, _Select1st<pair<unsigned int const, int> >, less<unsigned int>, allocator<int> >::insert_unique(pair<unsigned int const, int> const &)
00127914	insert_unique__t8_Rb_tree5ZUiZt4pair2ZCUiZiZt10_Select1st1Zt4pair2ZCUiZiZt4less1ZUiZt9allocator1ZiGt17_Rb_tree_iterator3Zt4pair2ZCUiZiZRt4pair2ZCUiZiZPt4pair2ZCUiZiRCt4pair2ZCUiZi	_Rb_tree<unsigned int, pair<unsigned int const, int>, _Select1st<pair<unsigned int const, int> >, less<unsigned int>, allocator<int> >::insert_unique(_Rb_tree_iterator<pair<unsigned int const, int>, pair<unsigned int const, int> &, pair<unsigned int const, int> *>, pair<unsigned int const, int> const &)
00127a94	_M_insert__t8_Rb_tree5ZQ213cSC3ZoneLayer4_rzpZt4pair2ZCQ213cSC3ZoneLayer4_rzpZUiZt10_Select1st1Zt4pair2ZCQ213cSC3ZoneLayer4_rzpZUiZt4less1ZQ213cSC3ZoneLayer4_rzpZt9allocator1ZUiP18_Rb_tree_node_baseT1RCt4pair2ZCQ213cSC3ZoneLayer4_rzpZUi	_Rb_tree<cSC3ZoneLayer::_rzp, pair<cSC3ZoneLayer::_rzp const, unsigned int>, _Select1st<pair<cSC3ZoneLayer::_rzp const, unsigned int> >, less<cSC3ZoneLayer::_rzp>, allocator<unsigned int> >::_M_insert(_Rb_tree_node_base *, _Rb_tree_node_base *, pair<cSC3ZoneLayer::_rzp const, unsigned int> const &)
00127ea4	insert_unique__t8_Rb_tree5ZQ213cSC3ZoneLayer4_rzpZt4pair2ZCQ213cSC3ZoneLayer4_rzpZUiZt10_Select1st1Zt4pair2ZCQ213cSC3ZoneLayer4_rzpZUiZt4less1ZQ213cSC3ZoneLayer4_rzpZt9allocator1ZUiRCt4pair2ZCQ213cSC3ZoneLayer4_rzpZUi	_Rb_tree<cSC3ZoneLayer::_rzp, pair<cSC3ZoneLayer::_rzp const, unsigned int>, _Select1st<pair<cSC3ZoneLayer::_rzp const, unsigned int> >, less<cSC3ZoneLayer::_rzp>, allocator<unsigned int> >::insert_unique(pair<cSC3ZoneLayer::_rzp const, unsigned int> const &)
00128014	insert_unique__t8_Rb_tree5ZQ213cSC3ZoneLayer4_rzpZt4pair2ZCQ213cSC3ZoneLayer4_rzpZUiZt10_Select1st1Zt4pair2ZCQ213cSC3ZoneLayer4_rzpZUiZt4less1ZQ213cSC3ZoneLayer4_rzpZt9allocator1ZUiGt17_Rb_tree_iterator3Zt4pair2ZCQ213cSC3ZoneLayer4_rzpZUiZRt4pair2ZCQ213cSC3ZoneLayer4_rzpZUiZPt4pair2ZCQ213cSC3ZoneLayer4_rzpZUiRCt4pair2ZCQ213cSC3ZoneLayer4_rzpZUi	_Rb_tree<cSC3ZoneLayer::_rzp, pair<cSC3ZoneLayer::_rzp const, unsigned int>, _Select1st<pair<cSC3ZoneLayer::_rzp const, unsigned int> >, less<cSC3ZoneLayer::_rzp>, allocator<unsigned int> >::insert_unique(_Rb_tree_iterator<pair<cSC3ZoneLayer::_rzp const, unsigned int>, pair<cSC3ZoneLayer::_rzp const, unsigned int> &, pair<cSC3ZoneLayer::_rzp const, unsigned int> *>, pair<cSC3ZoneLayer::_rzp const, unsigned int> const &)
001281c4	_M_copy__t8_Rb_tree5ZQ213cSC3ZoneLayer4_rzpZt4pair2ZCQ213cSC3ZoneLayer4_rzpZUiZt10_Select1st1Zt4pair2ZCQ213cSC3ZoneLayer4_rzpZUiZt4less1ZQ213cSC3ZoneLayer4_rzpZt9allocator1ZUiPt13_Rb_tree_node1Zt4pair2ZCQ213cSC3ZoneLayer4_rzpZUiT1	_Rb_tree<cSC3ZoneLayer::_rzp, pair<cSC3ZoneLayer::_rzp const, unsigned int>, _Select1st<pair<cSC3ZoneLayer::_rzp const, unsigned int> >, less<cSC3ZoneLayer::_rzp>, allocator<unsigned int> >::_M_copy(_Rb_tree_node<pair<cSC3ZoneLayer::_rzp const, unsigned int> > *, _Rb_tree_node<pair<cSC3ZoneLayer::_rzp const, unsigned int> > *)
001284b4	__as__t8_Rb_tree5ZQ213cSC3ZoneLayer4_rzpZt4pair2ZCQ213cSC3ZoneLayer4_rzpZUiZt10_Select1st1Zt4pair2ZCQ213cSC3ZoneLayer4_rzpZUiZt4less1ZQ213cSC3ZoneLayer4_rzpZt9allocator1ZUiRCt8_Rb_tree5ZQ213cSC3ZoneLayer4_rzpZt4pair2ZCQ213cSC3ZoneLayer4_rzpZUiZt10_Select1st1Zt4pair2ZCQ213cSC3ZoneLayer4_rzpZUiZt4less1ZQ213cSC3ZoneLayer4_rzpZt9allocator1ZUi	_Rb_tree<cSC3ZoneLayer::_rzp, pair<cSC3ZoneLayer::_rzp const, unsigned int>, _Select1st<pair<cSC3ZoneLayer::_rzp const, unsigned int> >, less<cSC3ZoneLayer::_rzp>, allocator<unsigned int> >::operator=(_Rb_tree<cSC3ZoneLayer::_rzp, pair<cSC3ZoneLayer::_rzp const, unsigned int>, _Select1st<pair<cSC3ZoneLayer::_rzp const, unsigned int> >, less<cSC3ZoneLayer::_rzp>, allocator<unsigned int> > const &)
00128590	__thunk_60_QueryInterface__13cSC3ZoneLayerUiPPv	virtual function thunk (delta:-60) for cSC3ZoneLayer::QueryInterface(unsigned int, void **)
001285ac	__thunk_60_AddRef__13cSC3ZoneLayer	virtual function thunk (delta:-60) for cSC3ZoneLayer::AddRef(void)
001285c8	__thunk_60_Release__13cSC3ZoneLayer	virtual function thunk (delta:-60) for cSC3ZoneLayer::Release(void)
001285e4	__thunk_60_CreateMapSprite__13cSC3ZoneLayerUiUiPPv	virtual function thunk (delta:-60) for cSC3ZoneLayer::CreateMapSprite(unsigned int, unsigned int, void **)
00128600	__thunk_60_GetMapSpriteCount__13cSC3ZoneLayer	virtual function thunk (delta:-60) for cSC3ZoneLayer::GetMapSpriteCount(void)
0012861c	__thunk_60_GetSpriteIdFromIndex__13cSC3ZoneLayerUiRUi	virtual function thunk (delta:-60) for cSC3ZoneLayer::GetSpriteIdFromIndex(unsigned int, unsigned int &)
00128638	__thunk_56_QueryInterface__13cSC3ZoneLayerUiPPv	virtual function thunk (delta:-56) for cSC3ZoneLayer::QueryInterface(unsigned int, void **)
00128654	__thunk_56_AddRef__13cSC3ZoneLayer	virtual function thunk (delta:-56) for cSC3ZoneLayer::AddRef(void)
00128670	__thunk_56_Release__13cSC3ZoneLayer	virtual function thunk (delta:-56) for cSC3ZoneLayer::Release(void)
0012868c	__thunk_56_OccupantInserted__13cSC3ZoneLayerUiP13cISC3Occupant	virtual function thunk (delta:-56) for cSC3ZoneLayer::OccupantInserted(unsigned int, cISC3Occupant *)
001286a8	__thunk_56_OccupantRemoved__13cSC3ZoneLayerUiP13cISC3Occupant	virtual function thunk (delta:-56) for cSC3ZoneLayer::OccupantRemoved(unsigned int, cISC3Occupant *)
001286c4	__thunk_56_OccupantMoved__13cSC3ZoneLayerUiP13cISC3OccupantRC13cSC3CityCoord	virtual function thunk (delta:-56) for cSC3ZoneLayer::OccupantMoved(unsigned int, cISC3Occupant *, cSC3CityCoord const &)
001286e0	__thunk_56_OccupantChanged__13cSC3ZoneLayerUiP13cISC3OccupantiPv	virtual function thunk (delta:-56) for cSC3ZoneLayer::OccupantChanged(unsigned int, cISC3Occupant *, int, void *)
001286fc	__thunk_56_CellChangedAll__13cSC3ZoneLayerUi	virtual function thunk (delta:-56) for cSC3ZoneLayer::CellChangedAll(unsigned int)
00128718	__thunk_56_CellChanged__13cSC3ZoneLayerUiUiUi	virtual function thunk (delta:-56) for cSC3ZoneLayer::CellChanged(unsigned int, unsigned int, unsigned int)
00128734	__thunk_56_CellChanged__13cSC3ZoneLayerUiUiUiUiUi	virtual function thunk (delta:-56) for cSC3ZoneLayer::CellChanged(unsigned int, unsigned int, unsigned int, unsigned int, unsigned int)
00128750	__thunk_52_QueryInterface__13cSC3ZoneLayerUiPPv	virtual function thunk (delta:-52) for cSC3ZoneLayer::QueryInterface(unsigned int, void **)
0012876c	__thunk_52_AddRef__13cSC3ZoneLayer	virtual function thunk (delta:-52) for cSC3ZoneLayer::AddRef(void)
00128788	__thunk_52_Release__13cSC3ZoneLayer	virtual function thunk (delta:-52) for cSC3ZoneLayer::Release(void)
001287a4	__thunk_52_Simulate__13cSC3ZoneLayeri	virtual function thunk (delta:-52) for cSC3ZoneLayer::Simulate(int)
001287c0	__thunk_52_MinimumExecutionInterval__13cSC3ZoneLayer	virtual function thunk (delta:-52) for cSC3ZoneLayer::MinimumExecutionInterval(void)
001287dc	__thunk_52_IsAgentLocking__13cSC3ZoneLayer	virtual function thunk (delta:-52) for cSC3ZoneLayer::IsAgentLocking(void)
001287f8	__thunk_52_TypeId__C13cSC3ZoneLayer	virtual function thunk (delta:-52) for cSC3ZoneLayer::TypeId(void) const
00128814	__thunk_52_AgentType__13cSC3ZoneLayer	virtual function thunk (delta:-52) for cSC3ZoneLayer::AgentType(void)
00128830	__thunk_52_SetAgentType__13cSC3ZoneLayerP18cISC3CityAgentType	virtual function thunk (delta:-52) for cSC3ZoneLayer::SetAgentType(cISC3CityAgentType *)
0012884c	__thunk_52_DebugInstanceTag__13cSC3ZoneLayerR10cIGZString	virtual function thunk (delta:-52) for cSC3ZoneLayer::DebugInstanceTag(cIGZString &)
00128868	__thunk_52_DebugClassTag__13cSC3ZoneLayerR10cIGZString	virtual function thunk (delta:-52) for cSC3ZoneLayer::DebugClassTag(cIGZString &)
00128884	__thunk_52_DebugTypeTag__13cSC3ZoneLayerR10cIGZString	virtual function thunk (delta:-52) for cSC3ZoneLayer::DebugTypeTag(cIGZString &)
001288a0	__thunk_16_QueryInterface__13cSC3ZoneLayerUiPPv	virtual function thunk (delta:-16) for cSC3ZoneLayer::QueryInterface(unsigned int, void **)
001288bc	__thunk_16_AddRef__13cSC3ZoneLayer	virtual function thunk (delta:-16) for cSC3ZoneLayer::AddRef(void)
001288d8	__thunk_16_Release__13cSC3ZoneLayer	virtual function thunk (delta:-16) for cSC3ZoneLayer::Release(void)
001288f4	__thunk_16_CellCountX__C13cSC3ZoneLayer	virtual function thunk (delta:-16) for cSC3ZoneLayer::CellCountX(void) const
00128910	__thunk_16_CellCountZ__C13cSC3ZoneLayer	virtual function thunk (delta:-16) for cSC3ZoneLayer::CellCountZ(void) const
0012892c	__thunk_16_GetValueSint32__C13cSC3ZoneLayerUiUiRi	virtual function thunk (delta:-16) for cSC3ZoneLayer::GetValueSint32(unsigned int, unsigned int, int &) const
00128948	__thunk_16_InBounds__C13cSC3ZoneLayerUiUi	virtual function thunk (delta:-16) for cSC3ZoneLayer::InBounds(unsigned int, unsigned int) const
00128964	__thunk_16_InBounds__C13cSC3ZoneLayerUiUiUiUi	virtual function thunk (delta:-16) for cSC3ZoneLayer::InBounds(unsigned int, unsigned int, unsigned int, unsigned int) const
00128980	__thunk_16_ValidRect__C13cSC3ZoneLayerUiUiUiUi	virtual function thunk (delta:-16) for cSC3ZoneLayer::ValidRect(unsigned int, unsigned int, unsigned int, unsigned int) const
0012899c	__thunk_16_SerialRead__13cSC3ZoneLayerR18cIGZDBSerialRecord	virtual function thunk (delta:-16) for cSC3ZoneLayer::SerialRead(cIGZDBSerialRecord &)
001289b8	__thunk_16_SerialWrite__C13cSC3ZoneLayerR18cIGZDBSerialRecord	virtual function thunk (delta:-16) for cSC3ZoneLayer::SerialWrite(cIGZDBSerialRecord &) const
001289d4	__thunk_16_Init__13cSC3ZoneLayerP9cISC3CityRCUc	virtual function thunk (delta:-16) for cSC3ZoneLayer::Init(cISC3City *, unsigned char const &)
001289f0	__thunk_16_Shutdown__13cSC3ZoneLayer	virtual function thunk (delta:-16) for cSC3ZoneLayer::Shutdown(void)
00128a0c	__thunk_16_GetValue__C13cSC3ZoneLayerUiUiRUc	virtual function thunk (delta:-16) for cSC3ZoneLayer::GetValue(unsigned int, unsigned int, unsigned char &) const
00128a28	__thunk_16_SetValue__13cSC3ZoneLayerUiUiRCUc	virtual function thunk (delta:-16) for cSC3ZoneLayer::SetValue(unsigned int, unsigned int, unsigned char const &)
00128a44	__thunk_16_SetAllCells__13cSC3ZoneLayerRCUc	virtual function thunk (delta:-16) for cSC3ZoneLayer::SetAllCells(unsigned char const &)
00128a60	__thunk_16_SetValue__13cSC3ZoneLayerUiUiUiUiRCUc	virtual function thunk (delta:-16) for cSC3ZoneLayer::SetValue(unsigned int, unsigned int, unsigned int, unsigned int, unsigned char const &)
00128a7c	__thunk_16_GetZoneCount__13cSC3ZoneLayerUc	virtual function thunk (delta:-16) for cSC3ZoneLayer::GetZoneCount(unsigned char)
00128a98	__thunk_16_GetUndevelopedTileCount__13cSC3ZoneLayer	virtual function thunk (delta:-16) for cSC3ZoneLayer::GetUndevelopedTileCount(void)
00128ab4	__thunk_16_GetUndevelopedTileCount__13cSC3ZoneLayerUc	virtual function thunk (delta:-16) for cSC3ZoneLayer::GetUndevelopedTileCount(unsigned char)
00128ad0	__thunk_16_GetDevelopmentFailureCount__13cSC3ZoneLayerUcQ214cISC3ZoneLayer10tDevResult	virtual function thunk (delta:-16) for cSC3ZoneLayer::GetDevelopmentFailureCount(unsigned char, cISC3ZoneLayer::tDevResult)
00128aec	__thunk_16_GetAbandonedTileCount__13cSC3ZoneLayer	virtual function thunk (delta:-16) for cSC3ZoneLayer::GetAbandonedTileCount(void)
00128b08	__thunk_16_RegisterZoneDeveloper__13cSC3ZoneLayerUcP18cISC3ZoneDeveloperUi	virtual function thunk (delta:-16) for cSC3ZoneLayer::RegisterZoneDeveloper(unsigned char, cISC3ZoneDeveloper *, unsigned int)
00128b24	__thunk_16_UnregisterZoneDeveloper__13cSC3ZoneLayerUc	virtual function thunk (delta:-16) for cSC3ZoneLayer::UnregisterZoneDeveloper(unsigned char)
00128b40	__thunk_16_GetZoneDeveloper__13cSC3ZoneLayerUc	virtual function thunk (delta:-16) for cSC3ZoneLayer::GetZoneDeveloper(unsigned char)
00128b5c	__thunk_16_PlaceBuilding__13cSC3ZoneLayerP19cISC3BuildingAttribRC17sIGZPointXZUint32Q218cISC3BuildingLayer19tOccupancyStateFlagUsb	virtual function thunk (delta:-16) for cSC3ZoneLayer::PlaceBuilding(cISC3BuildingAttrib *, sIGZPointXZUint32 const &, cISC3BuildingLayer::tOccupancyStateFlag, unsigned short, bool)
00128b78	__thunk_16_PlaceBuilding__13cSC3ZoneLayerRC14cGZResourceKeyRC17sIGZPointXZUint32Q218cISC3BuildingLayer19tOccupancyStateFlagUsb	virtual function thunk (delta:-16) for cSC3ZoneLayer::PlaceBuilding(cGZResourceKey const &, sIGZPointXZUint32 const &, cISC3BuildingLayer::tOccupancyStateFlag, unsigned short, bool)
00128b94	__thunk_16_IsNearTransport__13cSC3ZoneLayerRC17sIGZPointXZUint32Ui	virtual function thunk (delta:-16) for cSC3ZoneLayer::IsNearTransport(sIGZPointXZUint32 const &, unsigned int)
00128bb0	__thunk_16_GetRoadCount__13cSC3ZoneLayerRC17sIGZPointXZUint32T1	virtual function thunk (delta:-16) for cSC3ZoneLayer::GetRoadCount(sIGZPointXZUint32 const &, sIGZPointXZUint32 const &)
00128bcc	__thunk_16_FindBuildableRect__13cSC3ZoneLayerR14sIGZRectUint32UiUiUiUcUib	virtual function thunk (delta:-16) for cSC3ZoneLayer::FindBuildableRect(sIGZRectUint32 &, unsigned int, unsigned int, unsigned int, unsigned char, unsigned int, bool)
00128be8	__thunk_16_GetFilledDemand__13cSC3ZoneLayerUi	virtual function thunk (delta:-16) for cSC3ZoneLayer::GetFilledDemand(unsigned int)
00128c04	__thunk_16_AddToFilledDemand__13cSC3ZoneLayerUii	virtual function thunk (delta:-16) for cSC3ZoneLayer::AddToFilledDemand(unsigned int, int)
00128c20	__thunk_16_GetZoneColor__13cSC3ZoneLayerUiUiRUcRUs	virtual function thunk (delta:-16) for cSC3ZoneLayer::GetZoneColor(unsigned int, unsigned int, unsigned char &, unsigned short &)
00128c3c	__thunk_16_CanZone__13cSC3ZoneLayeriRC14cSC3CityBoundsRi	virtual function thunk (delta:-16) for cSC3ZoneLayer::CanZone(int, cSC3CityBounds const &, int &)
00128c58	__thunk_16_PlaceZone__13cSC3ZoneLayeriRC14cSC3CityBoundsRib	virtual function thunk (delta:-16) for cSC3ZoneLayer::PlaceZone(int, cSC3CityBounds const &, int &, bool)
00128c74	__thunk_16_NerdsRule__13cSC3ZoneLayer	virtual function thunk (delta:-16) for cSC3ZoneLayer::NerdsRule(void)
00128c90	__thunk_16_ReadZoneDeveloperDescriptions__13cSC3ZoneLayerb	virtual function thunk (delta:-16) for cSC3ZoneLayer::ReadZoneDeveloperDescriptions(bool)
00128cac	__thunk_20_QueryInterface__13cSC3ZoneLayerUiPPv	virtual function thunk (delta:-20) for cSC3ZoneLayer::QueryInterface(unsigned int, void **)
00128cc8	__thunk_20_AddRef__13cSC3ZoneLayer	virtual function thunk (delta:-20) for cSC3ZoneLayer::AddRef(void)
00128ce4	__thunk_20_Release__13cSC3ZoneLayer	virtual function thunk (delta:-20) for cSC3ZoneLayer::Release(void)
00128d00	__thunk_20_DoMessage__13cSC3ZoneLayerR10cGZMessage	virtual function thunk (delta:-20) for cSC3ZoneLayer::DoMessage(cGZMessage &)
00128d1c	__thunk_20_DoQueryInfo__13cSC3ZoneLayerR10cGZMessageP11cIGZUnknown	virtual function thunk (delta:-20) for cSC3ZoneLayer::DoQueryInfo(cGZMessage &, cIGZUnknown *)
00128d38	__thunk_20_StaticInit__13cSC3ZoneLayerP19cISC3CityDefinition	virtual function thunk (delta:-20) for cSC3ZoneLayer::StaticInit(cISC3CityDefinition *)
00128d54	__thunk_20_StaticShutdown__13cSC3ZoneLayer	virtual function thunk (delta:-20) for cSC3ZoneLayer::StaticShutdown(void)
00128d70	__thunk_20_Init__13cSC3ZoneLayerP9cISC3City	virtual function thunk (delta:-20) for cSC3ZoneLayer::Init(cISC3City *)
00128d8c	__thunk_20_Init__13cSC3ZoneLayerP9cISC3CityP13cISC2Importer	virtual function thunk (delta:-20) for cSC3ZoneLayer::Init(cISC3City *, cISC2Importer *)
00128da8	__thunk_20_Init__13cSC3ZoneLayerP9cISC3CityP13cIGZDBSegment	virtual function thunk (delta:-20) for cSC3ZoneLayer::Init(cISC3City *, cIGZDBSegment *)
00128dc4	__thunk_20_Save__13cSC3ZoneLayerP9cISC3CityP13cIGZDBSegment	virtual function thunk (delta:-20) for cSC3ZoneLayer::Save(cISC3City *, cIGZDBSegment *)
00128de0	__thunk_20_SimulationBegin__13cSC3ZoneLayer	virtual function thunk (delta:-20) for cSC3ZoneLayer::SimulationBegin(void)
00128dfc	__thunk_20_SimulationEnd__13cSC3ZoneLayer	virtual function thunk (delta:-20) for cSC3ZoneLayer::SimulationEnd(void)
00128e18	__thunk_20_Shutdown__13cSC3ZoneLayer	virtual function thunk (delta:-20) for cSC3ZoneLayer::Shutdown(void)
00128e34	__thunk_20_GetManipulator__13cSC3ZoneLayerRC18cISC3CityAgentTypePP25cISC3CityLayerManipulatorRi	virtual function thunk (delta:-20) for cSC3ZoneLayer::GetManipulator(cISC3CityAgentType const &, cISC3CityLayerManipulator **, int &)
00128e50	__thunk_20_GetLayerType__13cSC3ZoneLayer	virtual function thunk (delta:-20) for cSC3ZoneLayer::GetLayerType(void)
00128e6c	__thunk_20_DebugClassTag__13cSC3ZoneLayerR10cIGZString	virtual function thunk (delta:-20) for cSC3ZoneLayer::DebugClassTag(cIGZString &)
00128e88	__thunk_20_DebugTypeTag__13cSC3ZoneLayerR10cIGZString	virtual function thunk (delta:-20) for cSC3ZoneLayer::DebugTypeTag(cIGZString &)
00128ea4	__thunk_24_QueryInterface__13cSC3ZoneLayerUiPPv	virtual function thunk (delta:-24) for cSC3ZoneLayer::QueryInterface(unsigned int, void **)
00128ec0	__thunk_24_AddRef__13cSC3ZoneLayer	virtual function thunk (delta:-24) for cSC3ZoneLayer::AddRef(void)
00128edc	__thunk_24_Release__13cSC3ZoneLayer	virtual function thunk (delta:-24) for cSC3ZoneLayer::Release(void)
00128ef8	__thunk_24__._13cSC3ZoneLayer	virtual function thunk (delta:-24) for cSC3ZoneLayer::~cSC3ZoneLayer(void)
00128f14	Test__18cSC3OccTestDefaultP13cISC3Occupant	cSC3OccTestDefault::Test(cISC3Occupant *)
00128f24	QueryInterface__18cSC3OccTestDefaultUiPPv	cSC3OccTestDefault::QueryInterface(unsigned int, void **)
00128f7c	AddRef__18cSC3OccTestDefault	cSC3OccTestDefault::AddRef(void)
00128f98	Release__18cSC3OccTestDefault	cSC3OccTestDefault::Release(void)
00128fe0	_._18cSC3OccTestDefault	cSC3OccTestDefault::~cSC3OccTestDefault(void)
00129024	_._14RandomIterator	RandomIterator::~RandomIterator(void)
001290bc	__27cRandomIteratorSerializable	cRandomIteratorSerializable::cRandomIteratorSerializable(void)
00129148	_._t3map4ZQ213cSC3ZoneLayer4_rzpZUiZt4less1ZQ213cSC3ZoneLayer4_rzpZt9allocator1ZUi	map<cSC3ZoneLayer::_rzp, unsigned int, less<cSC3ZoneLayer::_rzp>, allocator<unsigned int> >::~map(void)
001291f0	_._t3map4ZUiZiZt4less1ZUiZt9allocator1Zi	map<unsigned int, int, less<unsigned int>, allocator<int> >::~map(void)
00129298	_._22cSC3SimTransportFilter	cSC3SimTransportFilter::~cSC3SimTransportFilter(void)
001292d4	Test__22cSC3SimTransportFilterP13cISC3Occupant	cSC3SimTransportFilter::Test(cISC3Occupant *)
00129350	_._17cSC3SimRoadFilter	cSC3SimRoadFilter::~cSC3SimRoadFilter(void)
00129394	Test__17cSC3SimRoadFilterP13cISC3Occupant	cSC3SimRoadFilter::Test(cISC3Occupant *)
001293d0	lower_bound__t8_Rb_tree5ZUiZt4pair2ZCUiZiZt10_Select1st1Zt4pair2ZCUiZiZt4less1ZUiZt9allocator1ZiRCUi	_Rb_tree<unsigned int, pair<unsigned int const, int>, _Select1st<pair<unsigned int const, int> >, less<unsigned int>, allocator<int> >::lower_bound(unsigned int const &)
00129410	lower_bound__t8_Rb_tree5ZQ213cSC3ZoneLayer4_rzpZt4pair2ZCQ213cSC3ZoneLayer4_rzpZUiZt10_Select1st1Zt4pair2ZCQ213cSC3ZoneLayer4_rzpZUiZt4less1ZQ213cSC3ZoneLayer4_rzpZt9allocator1ZUiRCQ213cSC3ZoneLayer4_rzp	_Rb_tree<cSC3ZoneLayer::_rzp, pair<cSC3ZoneLayer::_rzp const, unsigned int>, _Select1st<pair<cSC3ZoneLayer::_rzp const, unsigned int> >, less<cSC3ZoneLayer::_rzp>, allocator<unsigned int> >::lower_bound(cSC3ZoneLayer::_rzp const &)
00129474	SetValue__t10cRZCellMap1ZUcUiUiUiUiRCUc	cRZCellMap<unsigned char>::SetValue(unsigned int, unsigned int, unsigned int, unsigned int, unsigned char const &)
001294d4	GetDirectorID__C14cSRCOMDirector	cSRCOMDirector::GetDirectorID(void) const
001294e0	AppRegister__14cSRCOMDirectorP12cIGZRegistry	cSRCOMDirector::AppRegister(cIGZRegistry *)
001294f0	_._14cSRCOMDirector	cSRCOMDirector::~cSRCOMDirector(void)
00129534	CreatecSC3ZoneLayer__14cSRCOMDirector	cSRCOMDirector::CreatecSC3ZoneLayer(void)
001295b4	CreatecSC3CommercialLayer__14cSRCOMDirector	cSRCOMDirector::CreatecSC3CommercialLayer(void)
00129624	CreatecSC3IndustrialLayer__14cSRCOMDirector	cSRCOMDirector::CreatecSC3IndustrialLayer(void)
00129694	CreatecSC3LandValueLayer__14cSRCOMDirector	cSRCOMDirector::CreatecSC3LandValueLayer(void)
00129714	CreatecSC3ResidentialLayer__14cSRCOMDirector	cSRCOMDirector::CreatecSC3ResidentialLayer(void)
00129784	CreatecSC3Valve__14cSRCOMDirector	cSRCOMDirector::CreatecSC3Valve(void)
001297f4	CreatecSC3ValveLayer__14cSRCOMDirector	cSRCOMDirector::CreatecSC3ValveLayer(void)
00129864	CreatecSC3ResZoneDeveloper__14cSRCOMDirector	cSRCOMDirector::CreatecSC3ResZoneDeveloper(void)
001298d4	CreatecSC3ComZoneDeveloper__14cSRCOMDirector	cSRCOMDirector::CreatecSC3ComZoneDeveloper(void)
00129944	CreatecSC3IndZoneDeveloper__14cSRCOMDirector	cSRCOMDirector::CreatecSC3IndZoneDeveloper(void)
001299b4	CreatecSC3SeaportZoneDeveloper__14cSRCOMDirector	cSRCOMDirector::CreatecSC3SeaportZoneDeveloper(void)
00129a24	CreatecSC3AirportZoneDeveloper__14cSRCOMDirector	cSRCOMDirector::CreatecSC3AirportZoneDeveloper(void)
00129a94	CreatecSC3LandfillZoneDeveloper__14cSRCOMDirector	cSRCOMDirector::CreatecSC3LandfillZoneDeveloper(void)
00129b04	CreatecSC3AgDeveloperRule__14cSRCOMDirector	cSRCOMDirector::CreatecSC3AgDeveloperRule(void)
00129b84	CreatecSC3RowHouseDeveloperRule__14cSRCOMDirector	cSRCOMDirector::CreatecSC3RowHouseDeveloperRule(void)
00129c04	CreatecSC3EstateDeveloperRule__14cSRCOMDirector	cSRCOMDirector::CreatecSC3EstateDeveloperRule(void)
00129c84	CreatecSC3HousingProjectDeveloperRule__14cSRCOMDirector	cSRCOMDirector::CreatecSC3HousingProjectDeveloperRule(void)
00129d04	CreatecSC3ResLDDeveloperRule__14cSRCOMDirector	cSRCOMDirector::CreatecSC3ResLDDeveloperRule(void)
00129d84	CreatecSC3ResMDDeveloperRule__14cSRCOMDirector	cSRCOMDirector::CreatecSC3ResMDDeveloperRule(void)
00129e04	CreatecSC3ResHDDeveloperRule__14cSRCOMDirector	cSRCOMDirector::CreatecSC3ResHDDeveloperRule(void)
00129e84	CreatecSC3IndLDDeveloperRule__14cSRCOMDirector	cSRCOMDirector::CreatecSC3IndLDDeveloperRule(void)
00129f04	CreatecSC3IndMDDeveloperRule__14cSRCOMDirector	cSRCOMDirector::CreatecSC3IndMDDeveloperRule(void)
00129f84	CreatecSC3IndHDDeveloperRule__14cSRCOMDirector	cSRCOMDirector::CreatecSC3IndHDDeveloperRule(void)
0012a004	CreatecSC3ComLDDeveloperRule__14cSRCOMDirector	cSRCOMDirector::CreatecSC3ComLDDeveloperRule(void)
0012a084	CreatecSC3ComMDDeveloperRule__14cSRCOMDirector	cSRCOMDirector::CreatecSC3ComMDDeveloperRule(void)
0012a104	CreatecSC3ComHDDeveloperRule__14cSRCOMDirector	cSRCOMDirector::CreatecSC3ComHDDeveloperRule(void)
0012a184	CreatecSC3SeawallDeveloperRule__14cSRCOMDirector	cSRCOMDirector::CreatecSC3SeawallDeveloperRule(void)
0012a204	CreatecSC3SeaportYardDeveloperRule__14cSRCOMDirector	cSRCOMDirector::CreatecSC3SeaportYardDeveloperRule(void)
0012a284	CreatecSC3AirparkDeveloperRule__14cSRCOMDirector	cSRCOMDirector::CreatecSC3AirparkDeveloperRule(void)
0012a304	CreatecSC3RunwayDeveloperRule__14cSRCOMDirector	cSRCOMDirector::CreatecSC3RunwayDeveloperRule(void)
0012a384	CreatecSC3RCICmdFactory__14cSRCOMDirector	cSRCOMDirector::CreatecSC3RCICmdFactory(void)
0012a404	CreatecSC3BuildingSchool__14cSRCOMDirector	cSRCOMDirector::CreatecSC3BuildingSchool(void)
0012a484	CreatecSC3BuildingLibrary__14cSRCOMDirector	cSRCOMDirector::CreatecSC3BuildingLibrary(void)
0012a504	CreatecSC3BuildingMuseum__14cSRCOMDirector	cSRCOMDirector::CreatecSC3BuildingMuseum(void)
0012a584	CreatecSC3BuildingCollege__14cSRCOMDirector	cSRCOMDirector::CreatecSC3BuildingCollege(void)
0012a604	CreatecSC3BuildingHospital__14cSRCOMDirector	cSRCOMDirector::CreatecSC3BuildingHospital(void)
0012a684	CreatecSC3BuildingPier__14cSRCOMDirector	cSRCOMDirector::CreatecSC3BuildingPier(void)
0012a6f4	_M_erase__t8_Rb_tree5Zt4pair2ZCUiZUiZt4pair2ZCt4pair2ZCUiZUiZPFv_P11cIGZUnknownZt10_Select1st1Zt4pair2ZCt4pair2ZCUiZUiZPFv_P11cIGZUnknownZt4less1Zt4pair2ZCUiZUiZt9allocator1ZPFv_P11cIGZUnknownPt13_Rb_tree_node1Zt4pair2ZCt4pair2ZCUiZUiZPFv_P11cIGZUnknown	_Rb_tree<pair<unsigned int const, unsigned int>, pair<pair<unsigned int const, unsigned int> const, cIGZUnknown *(*)(void)>, _Select1st<pair<pair<unsigned int const, unsigned int> const, cIGZUnknown *(*)(void)> >, less<pair<unsigned int const, unsigned int> >, allocator<cIGZUnknown *(*)(void)> >::_M_erase(_Rb_tree_node<pair<pair<unsigned int const, unsigned int> const, cIGZUnknown *(*)(void)> > *)
0012a774	_M_insert_aux__t6vector2ZP17cRZCOMDllDirectorZt9allocator1ZP17cRZCOMDllDirectorPP17cRZCOMDllDirectorRCP17cRZCOMDllDirector	vector<cRZCOMDllDirector *, allocator<cRZCOMDllDirector *> >::_M_insert_aux(cRZCOMDllDirector **, cRZCOMDllDirector *const &)
0012aaa4	_M_insert__t8_Rb_tree5Zt4pair2ZCUiZUiZt4pair2ZCt4pair2ZCUiZUiZPFv_P11cIGZUnknownZt10_Select1st1Zt4pair2ZCt4pair2ZCUiZUiZPFv_P11cIGZUnknownZt4less1Zt4pair2ZCUiZUiZt9allocator1ZPFv_P11cIGZUnknownP18_Rb_tree_node_baseT1RCt4pair2ZCt4pair2ZCUiZUiZPFv_P11cIGZUnknown	_Rb_tree<pair<unsigned int const, unsigned int>, pair<pair<unsigned int const, unsigned int> const, cIGZUnknown *(*)(void)>, _Select1st<pair<pair<unsigned int const, unsigned int> const, cIGZUnknown *(*)(void)> >, less<pair<unsigned int const, unsigned int> >, allocator<cIGZUnknown *(*)(void)> >::_M_insert(_Rb_tree_node_base *, _Rb_tree_node_base *, pair<pair<unsigned int const, unsigned int> const, cIGZUnknown *(*)(void)> const &)
0012aec4	insert_unique__t8_Rb_tree5Zt4pair2ZCUiZUiZt4pair2ZCt4pair2ZCUiZUiZPFv_P11cIGZUnknownZt10_Select1st1Zt4pair2ZCt4pair2ZCUiZUiZPFv_P11cIGZUnknownZt4less1Zt4pair2ZCUiZUiZt9allocator1ZPFv_P11cIGZUnknownRCt4pair2ZCt4pair2ZCUiZUiZPFv_P11cIGZUnknown	_Rb_tree<pair<unsigned int const, unsigned int>, pair<pair<unsigned int const, unsigned int> const, cIGZUnknown *(*)(void)>, _Select1st<pair<pair<unsigned int const, unsigned int> const, cIGZUnknown *(*)(void)> >, less<pair<unsigned int const, unsigned int> >, allocator<cIGZUnknown *(*)(void)> >::insert_unique(pair<pair<unsigned int const, unsigned int> const, cIGZUnknown *(*)(void)> const &)
0012b01c	__thunk_4_QueryInterface__17cRZCOMDllDirectorUiPPv	virtual function thunk (delta:-4) for cRZCOMDllDirector::QueryInterface(unsigned int, void **)
0012b038	__thunk_4_AddRef__17cRZCOMDllDirector	virtual function thunk (delta:-4) for cRZCOMDllDirector::AddRef(void)
0012b054	__thunk_4_Release__17cRZCOMDllDirector	virtual function thunk (delta:-4) for cRZCOMDllDirector::Release(void)
0012b070	__thunk_4_PreFrameWorkInit__17cRZCOMDllDirector	virtual function thunk (delta:-4) for cRZCOMDllDirector::PreFrameWorkInit(void)
0012b08c	__thunk_4_PreAppInit__17cRZCOMDllDirector	virtual function thunk (delta:-4) for cRZCOMDllDirector::PreAppInit(void)
0012b0a8	__thunk_4_PostAppInit__17cRZCOMDllDirector	virtual function thunk (delta:-4) for cRZCOMDllDirector::PostAppInit(void)
0012b0c4	__thunk_4_PreAppShutdown__17cRZCOMDllDirector	virtual function thunk (delta:-4) for cRZCOMDllDirector::PreAppShutdown(void)
0012b0e0	__thunk_4_PostAppShutdown__17cRZCOMDllDirector	virtual function thunk (delta:-4) for cRZCOMDllDirector::PostAppShutdown(void)
0012b0fc	__thunk_4_PostSystemServiceShutdown__17cRZCOMDllDirector	virtual function thunk (delta:-4) for cRZCOMDllDirector::PostSystemServiceShutdown(void)
0012b118	__thunk_4_AbortiveQuit__17cRZCOMDllDirector	virtual function thunk (delta:-4) for cRZCOMDllDirector::AbortiveQuit(void)
0012b134	__thunk_4_OnInstall__17cRZCOMDllDirector	virtual function thunk (delta:-4) for cRZCOMDllDirector::OnInstall(void)
0012b154	_._t3map4Zt4pair2ZCUiZUiZPFv_P11cIGZUnknownZt4less1Zt4pair2ZCUiZUiZt9allocator1ZPFv_P11cIGZUnknown	map<pair<unsigned int const, unsigned int>, cIGZUnknown *(*)(void), less<pair<unsigned int const, unsigned int> >, allocator<cIGZUnknown *(*)(void)> >::~map(void)
0012b200	_._11logic_error	logic_error::~logic_error(void)
0012b2b0	__11logic_errorRC11logic_error	logic_error::logic_error(logic_error const &)
0012b30c	__tf11logic_error	logic_error type_info function
0012b344	_._12domain_error	domain_error::~domain_error(void)
0012b360	__tf12domain_error	domain_error type_info function
0012b3b8	_._16invalid_argument	invalid_argument::~invalid_argument(void)
0012b3d4	__tf16invalid_argument	invalid_argument type_info function
0012b42c	_._12length_error	length_error::~length_error(void)
0012b448	__tf12length_error	length_error type_info function
0012b4a0	_._12out_of_range	out_of_range::~out_of_range(void)
0012b4bc	__tf12out_of_range	out_of_range type_info function
0012b520	_._13runtime_error	runtime_error::~runtime_error(void)
0012b5c4	__tf13runtime_error	runtime_error type_info function
0012b5fc	_._11range_error	range_error::~range_error(void)
0012b618	__tf11range_error	range_error type_info function
0012b670	_._14overflow_error	overflow_error::~overflow_error(void)
0012b68c	__tf14overflow_error	overflow_error type_info function
0012b6e4	_._15underflow_error	underflow_error::~underflow_error(void)
0012b700	__tf15underflow_error	underflow_error type_info function
0012b758	__thunk_4__._22_IO_ostream_withassign	virtual function thunk (delta:-4) for _IO_ostream_withassign::~_IO_ostream_withassign(void)
0012b764	__thunk_8__._22_IO_istream_withassign	virtual function thunk (delta:-8) for _IO_istream_withassign::~_IO_istream_withassign(void)
0012b770	__thunk_12__._8iostream	virtual function thunk (delta:-12) for iostream::~iostream(void)
0012b77c	__thunk_8__._7istream	virtual function thunk (delta:-8) for istream::~istream(void)
0012b788	__thunk_4__._7ostream	virtual function thunk (delta:-4) for ostream::~ostream(void)
0012b794	_._8iostream	iostream::~iostream(void)
0012b7f8	_._7ostream	ostream::~ostream(void)
0012b84c	__tf7ostream	ostream type_info function
0012b884	_._7istream	istream::~istream(void)
0012b8d8	__tf7istream	istream type_info function
0012b910	__tf8iostream	iostream type_info function
0012b98c	_._22_IO_istream_withassign	_IO_istream_withassign::~_IO_istream_withassign(void)
0012b9e8	__tf22_IO_istream_withassign	_IO_istream_withassign type_info function
0012ba40	_._22_IO_ostream_withassign	_IO_ostream_withassign::~_IO_ostream_withassign(void)
0012ba9c	__tf22_IO_ostream_withassign	_IO_ostream_withassign type_info function
0012baf4	__tf3ios	ios type_info function
0012bb2c	__tf9streambuf	streambuf type_info function
0012bb64	__tf7filebuf	filebuf type_info function
0012bbbc	__tf11_ios_fields	_ios_fields type_info function
0012bbe8	__tf8_IO_FILE	_IO_FILE type_info function
0012bc18	__tf9exception	exception type_info function
0012bc58	__tf13bad_exception	bad_exception type_info function
0012bcc4	__tf9type_info	type_info type_info function
0012bd04	__tf8bad_cast	bad_cast type_info function
0012bd50	__tf10bad_typeid	bad_typeid type_info function
0012bd9c	_._16__user_type_info	__user_type_info::~__user_type_info(void)
0012bdcc	__tf16__user_type_info	__user_type_info type_info function
0012be38	_._14__si_type_info	__si_type_info::~__si_type_info(void)
0012be68	__tf14__si_type_info	__si_type_info type_info function
0012bf04	_._17__class_type_info	__class_type_info::~__class_type_info(void)
0012bf34	__tf17__class_type_info	__class_type_info type_info function
0012bfd0	_._19__pointer_type_info	__pointer_type_info::~__pointer_type_info(void)
0012c000	__tf19__pointer_type_info	__pointer_type_info type_info function
0012c04c	_._16__attr_type_info	__attr_type_info::~__attr_type_info(void)
0012c07c	__tf16__attr_type_info	__attr_type_info type_info function
0012c0c8	_._19__builtin_type_info	__builtin_type_info::~__builtin_type_info(void)
0012c0f8	__tf19__builtin_type_info	__builtin_type_info type_info function
0012c144	_._16__func_type_info	__func_type_info::~__func_type_info(void)
0012c174	__tf16__func_type_info	__func_type_info type_info function
0012c1c0	_._16__ptmf_type_info	__ptmf_type_info::~__ptmf_type_info(void)
0012c1f0	__tf16__ptmf_type_info	__ptmf_type_info type_info function
0012c23c	_._16__ptmd_type_info	__ptmd_type_info::~__ptmd_type_info(void)
0012c26c	__tf16__ptmd_type_info	__ptmd_type_info type_info function
0012c2b8	_._17__array_type_info	__array_type_info::~__array_type_info(void)
0012c2e8	__tf17__array_type_info	__array_type_info type_info function
0012c334	_._9bad_alloc	bad_alloc::~bad_alloc(void)
0012c36c	__tf9bad_alloc	bad_alloc type_info function
0012c3b4	_fini	_fini
