addr	mangled	demangled
000677ec	_init	_init
0006b074	GetTextLine__20cSC3CitySpriteAttribR18cIGZDBSerialRecordR9cRZString	cSC3CitySpriteAttrib::GetTextLine(cIGZDBSerialRecord &, cRZString &)
0006b110	SerialRead__20cSC3CitySpriteAttribR18cIGZDBSerialRecord	cSC3CitySpriteAttrib::SerialRead(cIGZDBSerialRecord &)
0006b738	SerialReadBinary__20cSC3CitySpriteAttribR18cIGZDBSerialRecord	cSC3CitySpriteAttrib::SerialReadBinary(cIGZDBSerialRecord &)
0006ba90	SerialWrite__20cSC3CitySpriteAttribR18cIGZDBSerialRecord	cSC3CitySpriteAttrib::SerialWrite(cIGZDBSerialRecord &)
0006bd1c	SprAttCreateSprInst__C20cSC3CitySpriteAttribPP19cISC3CitySpriteInst	cSC3CitySpriteAttrib::SprAttCreateSprInst(cISC3CitySpriteInst **) const
0006bf28	__20cSC3CitySpriteAttrib	cSC3CitySpriteAttrib::cSC3CitySpriteAttrib(void)
0006bfa8	_._20cSC3CitySpriteAttrib	cSC3CitySpriteAttrib::~cSC3CitySpriteAttrib(void)
0006c03c	QueryInterface__20cSC3CitySpriteAttribUiPPv	cSC3CitySpriteAttrib::QueryInterface(unsigned int, void **)
0006c08c	AddRef__20cSC3CitySpriteAttrib	cSC3CitySpriteAttrib::AddRef(void)
0006c0b8	Release__20cSC3CitySpriteAttrib	cSC3CitySpriteAttrib::Release(void)
0006c0e4	DebugInstanceTag__20cSC3CitySpriteAttribR10cIGZString	cSC3CitySpriteAttrib::DebugInstanceTag(cIGZString &)
0006c110	DebugClassTag__20cSC3CitySpriteAttribR10cIGZString	cSC3CitySpriteAttrib::DebugClassTag(cIGZString &)
0006c120	DebugTypeTag__20cSC3CitySpriteAttribR10cIGZString	cSC3CitySpriteAttrib::DebugTypeTag(cIGZString &)
0006c150	SprAttIsPixelOpaque__C20cSC3CitySpriteAttribUsii	cSC3CitySpriteAttrib::SprAttIsPixelOpaque(unsigned short, int, int) const
0006c200	SprAttGetW__C20cSC3CitySpriteAttribUs	cSC3CitySpriteAttrib::SprAttGetW(unsigned short) const
0006c250	SprAttGetH__C20cSC3CitySpriteAttribUs	cSC3CitySpriteAttrib::SprAttGetH(unsigned short) const
0006c29c	SprAttGetArea__C20cSC3CitySpriteAttribUsR7cRZRect	cSC3CitySpriteAttrib::SprAttGetArea(unsigned short, cRZRect &) const
0006c358	SprAttGetAreaFromPt__C20cSC3CitySpriteAttribUsR7cRZRectii	cSC3CitySpriteAttrib::SprAttGetAreaFromPt(unsigned short, cRZRect &, int, int) const
0006c49c	SprAttGetRegPt__C20cSC3CitySpriteAttribUsRiT2	cSC3CitySpriteAttrib::SprAttGetRegPt(unsigned short, int &, int &) const
0006c504	SprAttGetAllSpans__C20cSC3CitySpriteAttribUsR7cRZRect	cSC3CitySpriteAttrib::SprAttGetAllSpans(unsigned short, cRZRect &) const
0006c600	SprAttGetTotalFrameCount__C20cSC3CitySpriteAttrib	cSC3CitySpriteAttrib::SprAttGetTotalFrameCount(void) const
0006c610	SprAttGetAnimSetCount__C20cSC3CitySpriteAttrib	cSC3CitySpriteAttrib::SprAttGetAnimSetCount(void) const
0006c620	SprAttGetZoomSetCount__C20cSC3CitySpriteAttrib	cSC3CitySpriteAttrib::SprAttGetZoomSetCount(void) const
0006c630	SprAttGetZoomCount__C20cSC3CitySpriteAttrib	cSC3CitySpriteAttrib::SprAttGetZoomCount(void) const
0006c640	SprAttGetRotCount__C20cSC3CitySpriteAttrib	cSC3CitySpriteAttrib::SprAttGetRotCount(void) const
0006c650	SprAttGetAnimFrameCount__C20cSC3CitySpriteAttrib	cSC3CitySpriteAttrib::SprAttGetAnimFrameCount(void) const
0006c660	SprAttGetRegRectCount__C20cSC3CitySpriteAttrib	cSC3CitySpriteAttrib::SprAttGetRegRectCount(void) const
0006c670	SprAttGetLayerFlags__C20cSC3CitySpriteAttrib	cSC3CitySpriteAttrib::SprAttGetLayerFlags(void) const
0006c684	SprAttPrepare__20cSC3CitySpriteAttribUs	cSC3CitySpriteAttrib::SprAttPrepare(unsigned short)
0006c6d4	SprAttUnprepare__20cSC3CitySpriteAttribUs	cSC3CitySpriteAttrib::SprAttUnprepare(unsigned short)
0006c724	SprAttDraw__C20cSC3CitySpriteAttribP10cIGZBufferiiUsUiP7cRZRect	cSC3CitySpriteAttrib::SprAttDraw(cIGZBuffer *, int, int, unsigned short, unsigned int, cRZRect *) const
0006cab8	SprAttDraw__C20cSC3CitySpriteAttribP10cIGZBufferRC7cRZRectUsUiP7cRZRect	cSC3CitySpriteAttrib::SprAttDraw(cIGZBuffer *, cRZRect const &, unsigned short, unsigned int, cRZRect *) const
0006cd58	SprAttDrawRegFrame__C20cSC3CitySpriteAttribP10cIGZBufferiiUsUiP7cRZRect	cSC3CitySpriteAttrib::SprAttDrawRegFrame(cIGZBuffer *, int, int, unsigned short, unsigned int, cRZRect *) const
0006d080	GetResKey__C20cSC3CitySpriteAttribR14cGZResourceKey	cSC3CitySpriteAttrib::GetResKey(cGZResourceKey &) const
0006d0a8	SprAttInitSprInst__C20cSC3CitySpriteAttribPP19cISC3CitySpriteInst	cSC3CitySpriteAttrib::SprAttInitSprInst(cISC3CitySpriteInst **) const
0006d140	SprAttReleaseSprInst__C20cSC3CitySpriteAttribPP19cISC3CitySpriteInst	cSC3CitySpriteAttrib::SprAttReleaseSprInst(cISC3CitySpriteInst **) const
0006d1c4	IsAnimated__C20cSC3CitySpriteAttrib	cSC3CitySpriteAttrib::IsAnimated(void) const
0006d1d0	IsGeomFlag__20cSC3CitySpriteAttribUi	cSC3CitySpriteAttrib::IsGeomFlag(unsigned int)
0006d1e8	ClearGeomFlag__20cSC3CitySpriteAttribUi	cSC3CitySpriteAttrib::ClearGeomFlag(unsigned int)
0006d1fc	SetGeomFlag__20cSC3CitySpriteAttribUi	cSC3CitySpriteAttrib::SetGeomFlag(unsigned int)
0006d210	GetGeomFlag__20cSC3CitySpriteAttrib	cSC3CitySpriteAttrib::GetGeomFlag(void)
0006d224	__24cSC3CitySpriteAttribAnim	cSC3CitySpriteAttribAnim::cSC3CitySpriteAttribAnim(void)
0006db44	_._24cSC3CitySpriteAttribAnim	cSC3CitySpriteAttribAnim::~cSC3CitySpriteAttribAnim(void)
0006e180	AddScript__24cSC3CitySpriteAttribAnimP10cIGZString	cSC3CitySpriteAttribAnim::AddScript(cIGZString *)
0006f498	SerialRead__24cSC3CitySpriteAttribAnimR18cIGZDBSerialRecord	cSC3CitySpriteAttribAnim::SerialRead(cIGZDBSerialRecord &)
000703f8	SerialReadBinary__24cSC3CitySpriteAttribAnimR18cIGZDBSerialRecord	cSC3CitySpriteAttribAnim::SerialReadBinary(cIGZDBSerialRecord &)
00070e74	AddSprite__24cSC3CitySpriteAttribAnimP10cIGZString	cSC3CitySpriteAttribAnim::AddSprite(cIGZString *)
000710e4	CreateAnimMachine__C24cSC3CitySpriteAttribAnimPP12sAnimMachine	cSC3CitySpriteAttribAnim::CreateAnimMachine(sAnimMachine **) const
00071400	DebugInstanceTag__24cSC3CitySpriteAttribAnimR10cIGZString	cSC3CitySpriteAttribAnim::DebugInstanceTag(cIGZString &)
0007142c	DebugClassTag__24cSC3CitySpriteAttribAnimR10cIGZString	cSC3CitySpriteAttribAnim::DebugClassTag(cIGZString &)
0007143c	DebugTypeTag__24cSC3CitySpriteAttribAnimR10cIGZString	cSC3CitySpriteAttribAnim::DebugTypeTag(cIGZString &)
0007146c	SprAttCreateSprInst__C24cSC3CitySpriteAttribAnimPP19cISC3CitySpriteInst	cSC3CitySpriteAttribAnim::SprAttCreateSprInst(cISC3CitySpriteInst **) const
000714c4	IsAnimated__C24cSC3CitySpriteAttribAnim	cSC3CitySpriteAttribAnim::IsAnimated(void) const
000714d0	SerialWrite__24cSC3CitySpriteAttribAnimR18cIGZDBSerialRecord	cSC3CitySpriteAttribAnim::SerialWrite(cIGZDBSerialRecord &)
000714e0	SprAttDraw__C24cSC3CitySpriteAttribAnimP10cIGZBufferRC7cRZRectUsUiP7cRZRectUs	cSC3CitySpriteAttribAnim::SprAttDraw(cIGZBuffer *, cRZRect const &, unsigned short, unsigned int, cRZRect *, unsigned short) const
00071854	CreateInstance__27cSC3CitySpriteAttribFactoryUiUiPPv	cSC3CitySpriteAttribFactory::CreateInstance(unsigned int, unsigned int, void **)
00071894	SerialRead__27cSC3CitySpriteAttribFactoryR12cIGZResourceR18cIGZDBSerialRecord	cSC3CitySpriteAttribFactory::SerialRead(cIGZResource &, cIGZDBSerialRecord &)
00071900	SerialWrite__27cSC3CitySpriteAttribFactoryR12cIGZResourceR18cIGZDBSerialRecord	cSC3CitySpriteAttribFactory::SerialWrite(cIGZResource &, cIGZDBSerialRecord &)
00071974	__21cSC3CitySpriteCellMap	cSC3CitySpriteCellMap::cSC3CitySpriteCellMap(void)
00072dd8	_._21cSC3CitySpriteCellMap	cSC3CitySpriteCellMap::~cSC3CitySpriteCellMap(void)
0007325c	Init__21cSC3CitySpriteCellMapUiUiUiUiiiiib	cSC3CitySpriteCellMap::Init(unsigned int, unsigned int, unsigned int, unsigned int, int, int, int, int, bool)
00073b14	Shutdown__21cSC3CitySpriteCellMap	cSC3CitySpriteCellMap::Shutdown(void)
00073d58	SetViewClipRect__21cSC3CitySpriteCellMapRC7cRZRect	cSC3CitySpriteCellMap::SetViewClipRect(cRZRect const &)
00073e4c	MoveRelative__21cSC3CitySpriteCellMapiib	cSC3CitySpriteCellMap::MoveRelative(int, int, bool)
000747e0	SetZoom__21cSC3CitySpriteCellMapibii	cSC3CitySpriteCellMap::SetZoom(int, bool, int, int)
00074bfc	SetRotate__21cSC3CitySpriteCellMapibii	cSC3CitySpriteCellMap::SetRotate(int, bool, int, int)
00074e44	PrepSprite__21cSC3CitySpriteCellMapP19cISC3CitySpriteInstii	cSC3CitySpriteCellMap::PrepSprite(cISC3CitySpriteInst *, int, int)
000751c4	UnprepSprite__21cSC3CitySpriteCellMapP19cISC3CitySpriteInstii	cSC3CitySpriteCellMap::UnprepSprite(cISC3CitySpriteInst *, int, int)
00075544	Insert__21cSC3CitySpriteCellMapP19cISC3CitySpriteInstUiUiUcUcbUi	cSC3CitySpriteCellMap::Insert(cISC3CitySpriteInst *, unsigned int, unsigned int, unsigned char, unsigned char, bool, unsigned int)
00075c28	Remove__21cSC3CitySpriteCellMapUiUib	cSC3CitySpriteCellMap::Remove(unsigned int, unsigned int, bool)
0007656c	EnableBackgroundTask__21cSC3CitySpriteCellMapbT1	cSC3CitySpriteCellMap::EnableBackgroundTask(bool, bool)
00076794	LoadZoomAndRotation__21cSC3CitySpriteCellMapii	cSC3CitySpriteCellMap::LoadZoomAndRotation(int, int)
00076950	RemoveCheckZoomLoadStatusFromTaskList__21cSC3CitySpriteCellMapii	cSC3CitySpriteCellMap::RemoveCheckZoomLoadStatusFromTaskList(int, int)
000769f4	InsertCheckZoomLoadStatusIntoTaskList__21cSC3CitySpriteCellMapiiUi	cSC3CitySpriteCellMap::InsertCheckZoomLoadStatusIntoTaskList(int, int, unsigned int)
00076c60	IncrementBackgroundTaskCell__21cSC3CitySpriteCellMap	cSC3CitySpriteCellMap::IncrementBackgroundTaskCell(void)
00076df0	GotoNextBackgroundTask__21cSC3CitySpriteCellMap	cSC3CitySpriteCellMap::GotoNextBackgroundTask(void)
00077564	BackgroundTaskThreadFunction__21cSC3CitySpriteCellMap	cSC3CitySpriteCellMap::BackgroundTaskThreadFunction(void)
00077960	CheckBackgroundTaskCompletions__21cSC3CitySpriteCellMap	cSC3CitySpriteCellMap::CheckBackgroundTaskCompletions(void)
00077a74	ProcessBackgroundTaskCompletionList__21cSC3CitySpriteCellMap	cSC3CitySpriteCellMap::ProcessBackgroundTaskCompletionList(void)
00077c48	CityPixelToDrawGrid__21cSC3CitySpriteCellMapiiRiT3bP30tagCitySpriteCellMapPickObjectP12cISC3OccTest	cSC3CitySpriteCellMap::CityPixelToDrawGrid(int, int, int &, int &, bool, tagCitySpriteCellMapPickObject *, cISC3OccTest *)
00078434	DoPick__21cSC3CitySpriteCellMapR9cISC3Pickb	cSC3CitySpriteCellMap::DoPick(cISC3Pick &, bool)
00079af8	GetCellsForViewCornersUnclipped__21cSC3CitySpriteCellMapP8cRZPointbP7cRZRect	cSC3CitySpriteCellMap::GetCellsForViewCornersUnclipped(cRZPoint *, bool, cRZRect *)
0007a464	GetVisibleAreaRectangle__21cSC3CitySpriteCellMapP7cRZRectT1	cSC3CitySpriteCellMap::GetVisibleAreaRectangle(cRZRect *, cRZRect *)
0007b048	IsDynamicSpriteVisible__21cSC3CitySpriteCellMapP19cISC3CitySpriteInstiib	cSC3CitySpriteCellMap::IsDynamicSpriteVisible(cISC3CitySpriteInst *, int, int, bool)
0007b4d8	GetTallestSpriteStatistics__21cSC3CitySpriteCellMapb	cSC3CitySpriteCellMap::GetTallestSpriteStatistics(bool)
0007b660	UpdateCitySurfaceAll__21cSC3CitySpriteCellMap	cSC3CitySpriteCellMap::UpdateCitySurfaceAll(void)
0007b760	RecalculateCityOutline__21cSC3CitySpriteCellMap	cSC3CitySpriteCellMap::RecalculateCityOutline(void)
0007bc88	SetCityBaseRectAndCornerCoordinates__21cSC3CitySpriteCellMap	cSC3CitySpriteCellMap::SetCityBaseRectAndCornerCoordinates(void)
0007be38	IsRectOutsideCityBaseRect__21cSC3CitySpriteCellMapRC7cRZRectb	cSC3CitySpriteCellMap::IsRectOutsideCityBaseRect(cRZRect const &, bool)
0007bf7c	DrawBackground__21cSC3CitySpriteCellMapRC7cRZRectb	cSC3CitySpriteCellMap::DrawBackground(cRZRect const &, bool)
0007c138	MakeDrawGridCellListFromCityPixelRect__21cSC3CitySpriteCellMapRC7cRZRectUi	cSC3CitySpriteCellMap::MakeDrawGridCellListFromCityPixelRect(cRZRect const &, unsigned int)
0007ca18	ConvertGridCellListToDisplayList__21cSC3CitySpriteCellMapRC7cRZRectUi	cSC3CitySpriteCellMap::ConvertGridCellListToDisplayList(cRZRect const &, unsigned int)
0007dbe4	SortDisplayList__21cSC3CitySpriteCellMapUiUib	cSC3CitySpriteCellMap::SortDisplayList(unsigned int, unsigned int, bool)
0007dd30	PostProcessDisplayList__21cSC3CitySpriteCellMapPUiUi	cSC3CitySpriteCellMap::PostProcessDisplayList(unsigned int *, unsigned int)
0007de8c	RecalculateDistancesForAllDynamicSprites__21cSC3CitySpriteCellMap	cSC3CitySpriteCellMap::RecalculateDistancesForAllDynamicSprites(void)
0007dfe0	DoSpriteChangeForDSGrid__21cSC3CitySpriteCellMapRC7cRZRectT1b	cSC3CitySpriteCellMap::DoSpriteChangeForDSGrid(cRZRect const &, cRZRect const &, bool)
0007e5cc	MoveSpriteInDSGrid__21cSC3CitySpriteCellMapP12SpriteRecordR7cRZRectT2	cSC3CitySpriteCellMap::MoveSpriteInDSGrid(SpriteRecord *, cRZRect &, cRZRect &)
0007e920	AddRemoveSpriteToFromDSGrid__21cSC3CitySpriteCellMapP12SpriteRecordR7cRZRectb	cSC3CitySpriteCellMap::AddRemoveSpriteToFromDSGrid(SpriteRecord *, cRZRect &, bool)
0007eb18	ConvertRectToDisplayListFromGridDataOnly__21cSC3CitySpriteCellMapRC7cRZRectUi	cSC3CitySpriteCellMap::ConvertRectToDisplayListFromGridDataOnly(cRZRect const &, unsigned int)
0007f6a0	AddDirtyRect__21cSC3CitySpriteCellMapRC7cRZRectbUi	cSC3CitySpriteCellMap::AddDirtyRect(cRZRect const &, bool, unsigned int)
0007fbfc	RemoveOverlayBuffer__21cSC3CitySpriteCellMapUi	cSC3CitySpriteCellMap::RemoveOverlayBuffer(unsigned int)
0007fcb0	InvalidateEntireScreen__21cSC3CitySpriteCellMap	cSC3CitySpriteCellMap::InvalidateEntireScreen(void)
0007fd90	UpdateAllDirtyRects__21cSC3CitySpriteCellMapbT1	cSC3CitySpriteCellMap::UpdateAllDirtyRects(bool, bool)
00080524	CopyAllExtraRectsToBackBuffer__21cSC3CitySpriteCellMap	cSC3CitySpriteCellMap::CopyAllExtraRectsToBackBuffer(void)
0008079c	ClearDirtyRectSystem__21cSC3CitySpriteCellMap	cSC3CitySpriteCellMap::ClearDirtyRectSystem(void)
000808c8	ResizeDirtyRectangleGrid__21cSC3CitySpriteCellMapUiUi	cSC3CitySpriteCellMap::ResizeDirtyRectangleGrid(unsigned int, unsigned int)
000809fc	GetCityPixelRectForDynamicSprite__21cSC3CitySpriteCellMapP19DynamicSpriteRecordR7cRZRect	cSC3CitySpriteCellMap::GetCityPixelRectForDynamicSprite(DynamicSpriteRecord *, cRZRect &)
00080b84	InsertDynamicSprite__21cSC3CitySpriteCellMapP19cISC3CitySpriteInstiiibiUi	cSC3CitySpriteCellMap::InsertDynamicSprite(cISC3CitySpriteInst *, int, int, int, bool, int, unsigned int)
00080e14	RemoveDynamicSprite__21cSC3CitySpriteCellMapP19cISC3CitySpriteInstiib	cSC3CitySpriteCellMap::RemoveDynamicSprite(cISC3CitySpriteInst *, int, int, bool)
00080f68	RemoveAllDynamicSprites__21cSC3CitySpriteCellMapb	cSC3CitySpriteCellMap::RemoveAllDynamicSprites(bool)
00081098	MoveDynamicSprite__21cSC3CitySpriteCellMapP19cISC3CitySpriteInstiiiii	cSC3CitySpriteCellMap::MoveDynamicSprite(cISC3CitySpriteInst *, int, int, int, int, int)
00081600	ChangeDynamicSprite__21cSC3CitySpriteCellMapP19cISC3CitySpriteInstiiUiPv	cSC3CitySpriteCellMap::ChangeDynamicSprite(cISC3CitySpriteInst *, int, int, unsigned int, void *)
0008189c	CenterViewOnDynamicSprite__21cSC3CitySpriteCellMapP19DynamicSpriteRecord	cSC3CitySpriteCellMap::CenterViewOnDynamicSprite(DynamicSpriteRecord *)
00081960	CenterViewOnDynamicSprite__21cSC3CitySpriteCellMapP19cISC3CitySpriteInst	cSC3CitySpriteCellMap::CenterViewOnDynamicSprite(cISC3CitySpriteInst *)
00081a54	MoveViewToFollowDynamicSprite__21cSC3CitySpriteCellMap	cSC3CitySpriteCellMap::MoveViewToFollowDynamicSprite(void)
00081c10	ResizeDSGrid__21cSC3CitySpriteCellMapUiUib	cSC3CitySpriteCellMap::ResizeDSGrid(unsigned int, unsigned int, bool)
00081e64	AddDSRToDSGrid__21cSC3CitySpriteCellMapP19DynamicSpriteRecord	cSC3CitySpriteCellMap::AddDSRToDSGrid(DynamicSpriteRecord *)
00082050	RemoveDSRFromDSGrid__21cSC3CitySpriteCellMapP19DynamicSpriteRecord	cSC3CitySpriteCellMap::RemoveDSRFromDSGrid(DynamicSpriteRecord *)
00082218	RemoveAllDSRsFromDSGrid__21cSC3CitySpriteCellMap	cSC3CitySpriteCellMap::RemoveAllDSRsFromDSGrid(void)
000822fc	EndChangeSpriteBatch__21cSC3CitySpriteCellMap	cSC3CitySpriteCellMap::EndChangeSpriteBatch(void)
000823d4	ChangeSprite__21cSC3CitySpriteCellMapUiUibUiPv	cSC3CitySpriteCellMap::ChangeSprite(unsigned int, unsigned int, bool, unsigned int, void *)
00082dc0	GetCityPixelRectForSprite__21cSC3CitySpriteCellMapiiR7cRZRect	cSC3CitySpriteCellMap::GetCityPixelRectForSprite(int, int, cRZRect &)
00082f0c	MoveDSRInDSGrid__21cSC3CitySpriteCellMapP19DynamicSpriteRecordR7cRZRectT2	cSC3CitySpriteCellMap::MoveDSRInDSGrid(DynamicSpriteRecord *, cRZRect &, cRZRect &)
000832e4	FillDSGridWithAllDynamicSprites__21cSC3CitySpriteCellMapbT1	cSC3CitySpriteCellMap::FillDSGridWithAllDynamicSprites(bool, bool)
0008345c	GetDSGridRecordForCityPixel__21cSC3CitySpriteCellMapii	cSC3CitySpriteCellMap::GetDSGridRecordForCityPixel(int, int)
0008352c	RecalculateAllDSPositions__21cSC3CitySpriteCellMap	cSC3CitySpriteCellMap::RecalculateAllDSPositions(void)
00083620	StaticInit__33cSC3CitySpriteInstGenericBuilding	cSC3CitySpriteInstGenericBuilding::StaticInit(void)
0008373c	Draw__C33cSC3CitySpriteInstGenericBuildingP10cIGZBufferRC7cRZRectiiP7cRZRect	cSC3CitySpriteInstGenericBuilding::Draw(cIGZBuffer *, cRZRect const &, int, int, cRZRect *) const
00083ab0	GetBackgroundBuffer__21cSC3CitySpriteCellMapPP10cIGZBuffer	cSC3CitySpriteCellMap::GetBackgroundBuffer(cIGZBuffer **)
00083ac4	GetViewRect__C21cSC3CitySpriteCellMapR7cRZRect	cSC3CitySpriteCellMap::GetViewRect(cRZRect &) const
00083ae8	GetZoom__C21cSC3CitySpriteCellMap	cSC3CitySpriteCellMap::GetZoom(void) const
00083af8	GetRotate__C21cSC3CitySpriteCellMap	cSC3CitySpriteCellMap::GetRotate(void) const
00083b08	ScreenCellSizeX__21cSC3CitySpriteCellMap	cSC3CitySpriteCellMap::ScreenCellSizeX(void)
00083b18	ScreenCellAdjustmentY__21cSC3CitySpriteCellMap	cSC3CitySpriteCellMap::ScreenCellAdjustmentY(void)
00083b28	ScreenCellSizeZ__21cSC3CitySpriteCellMap	cSC3CitySpriteCellMap::ScreenCellSizeZ(void)
00083b38	IsCellAboveDrawGrid__21cSC3CitySpriteCellMapii	cSC3CitySpriteCellMap::IsCellAboveDrawGrid(int, int)
00083b50	IsCellBelowDrawGrid__21cSC3CitySpriteCellMapii	cSC3CitySpriteCellMap::IsCellBelowDrawGrid(int, int)
00083b70	IsCellToRightOfDrawGrid__21cSC3CitySpriteCellMapii	cSC3CitySpriteCellMap::IsCellToRightOfDrawGrid(int, int)
00083b8c	IsCellToLeftOfDrawGrid__21cSC3CitySpriteCellMapii	cSC3CitySpriteCellMap::IsCellToLeftOfDrawGrid(int, int)
00083ba8	GetActualGridSizeX__21cSC3CitySpriteCellMap	cSC3CitySpriteCellMap::GetActualGridSizeX(void)
00083bb8	GetActualGridSizeZ__21cSC3CitySpriteCellMap	cSC3CitySpriteCellMap::GetActualGridSizeZ(void)
00083bc8	GetDrawGridSizeX__21cSC3CitySpriteCellMap	cSC3CitySpriteCellMap::GetDrawGridSizeX(void)
00083bd8	GetDrawGridSizeZ__21cSC3CitySpriteCellMap	cSC3CitySpriteCellMap::GetDrawGridSizeZ(void)
00083bec	ActualGridToDrawGridMicroVirtual__21cSC3CitySpriteCellMapiiRiT3	cSC3CitySpriteCellMap::ActualGridToDrawGridMicroVirtual(int, int, int &, int &)
00083c2c	DrawGridToActualGridMicroVirtual__21cSC3CitySpriteCellMapiiRiT3	cSC3CitySpriteCellMap::DrawGridToActualGridMicroVirtual(int, int, int &, int &)
00083c68	IsViewFollowingDynamicSprite__21cSC3CitySpriteCellMap	cSC3CitySpriteCellMap::IsViewFollowingDynamicSprite(void)
00083c7c	IsChanged__21cSC3CitySpriteCellMap	cSC3CitySpriteCellMap::IsChanged(void)
00083c8c	IsDirtyRectSystemEmpty__21cSC3CitySpriteCellMap	cSC3CitySpriteCellMap::IsDirtyRectSystemEmpty(void)
00083ca0	IsAbleToModifyOccupants__21cSC3CitySpriteCellMap	cSC3CitySpriteCellMap::IsAbleToModifyOccupants(void)
00083cb4	GetCityBufferPtr__21cSC3CitySpriteCellMap	cSC3CitySpriteCellMap::GetCityBufferPtr(void)
00083cc4	GetTilingOriginWindowPixel__21cSC3CitySpriteCellMapRiT1	cSC3CitySpriteCellMap::GetTilingOriginWindowPixel(int &, int &)
00083cec	TriggerDelayedFullUpdate__21cSC3CitySpriteCellMap	cSC3CitySpriteCellMap::TriggerDelayedFullUpdate(void)
00083d00	GetLayerFlags__C33cSC3CitySpriteInstGenericBuilding	cSC3CitySpriteInstGenericBuilding::GetLayerFlags(void) const
00083d0c	GetLayerFlags32__C33cSC3CitySpriteInstGenericBuilding	cSC3CitySpriteInstGenericBuilding::GetLayerFlags32(void) const
00083d1c	QueryInterface__21cSC3CitySpriteCellMapUiPPv	cSC3CitySpriteCellMap::QueryInterface(unsigned int, void **)
00083d70	AddRef__21cSC3CitySpriteCellMap	cSC3CitySpriteCellMap::AddRef(void)
00083d8c	Release__21cSC3CitySpriteCellMap	cSC3CitySpriteCellMap::Release(void)
00083dd0	GetDefaultGridSizeForScreenResolution__21cSC3CitySpriteCellMapUiUiRUiT3i	cSC3CitySpriteCellMap::GetDefaultGridSizeForScreenResolution(unsigned int, unsigned int, unsigned int &, unsigned int &, int)
00083f44	RestorationFunction__FPvT0	RestorationFunction(void *, void *)
00083f58	GetDistanceToSprite__21cSC3CitySpriteCellMapiii	cSC3CitySpriteCellMap::GetDistanceToSprite(int, int, int)
00083f7c	GetDistanceToSpriteMicroUnits__21cSC3CitySpriteCellMapiii	cSC3CitySpriteCellMap::GetDistanceToSpriteMicroUnits(int, int, int)
00083fa0	GetDistanceToSpriteMicroUnits__21cSC3CitySpriteCellMapP19DynamicSpriteRecordiii	cSC3CitySpriteCellMap::GetDistanceToSpriteMicroUnits(DynamicSpriteRecord *, int, int, int)
00084000	SetBackgroundBuffer__21cSC3CitySpriteCellMapP10cIGZBufferb	cSC3CitySpriteCellMap::SetBackgroundBuffer(cIGZBuffer *, bool)
00084070	RemoveViewClipRect__21cSC3CitySpriteCellMap	cSC3CitySpriteCellMap::RemoveViewClipRect(void)
000840c8	GetViewClipRect__C21cSC3CitySpriteCellMapR7cRZRect	cSC3CitySpriteCellMap::GetViewClipRect(cRZRect &) const
00084108	MoveAbsolute__21cSC3CitySpriteCellMapiib	cSC3CitySpriteCellMap::MoveAbsolute(int, int, bool)
00084154	ZoomIn__21cSC3CitySpriteCellMapbii	cSC3CitySpriteCellMap::ZoomIn(bool, int, int)
000841bc	ZoomOut__21cSC3CitySpriteCellMapbii	cSC3CitySpriteCellMap::ZoomOut(bool, int, int)
00084220	CheckAndPossiblyFixFocusCoordinates__21cSC3CitySpriteCellMapRiT1	cSC3CitySpriteCellMap::CheckAndPossiblyFixFocusCoordinates(int &, int &)
00084270	GetUnusedCellCount__21cSC3CitySpriteCellMap	cSC3CitySpriteCellMap::GetUnusedCellCount(void)
00084284	RotateLeft__21cSC3CitySpriteCellMapbii	cSC3CitySpriteCellMap::RotateLeft(bool, int, int)
000842d4	RotateRight__21cSC3CitySpriteCellMapbii	cSC3CitySpriteCellMap::RotateRight(bool, int, int)
00084320	MicroYToPixelUnits__21cSC3CitySpriteCellMapii	cSC3CitySpriteCellMap::MicroYToPixelUnits(int, int)
0008433c	PrepSprite__21cSC3CitySpriteCellMapP19cISC3CitySpriteInstiiii	cSC3CitySpriteCellMap::PrepSprite(cISC3CitySpriteInst *, int, int, int, int)
000846c0	UnprepSprite__21cSC3CitySpriteCellMapP19cISC3CitySpriteInstiiii	cSC3CitySpriteCellMap::UnprepSprite(cISC3CitySpriteInst *, int, int, int, int)
00084a10	PrepDynamicSprite__21cSC3CitySpriteCellMapP19cISC3CitySpriteInstii	cSC3CitySpriteCellMap::PrepDynamicSprite(cISC3CitySpriteInst *, int, int)
00084a4c	UnprepDynamicSprite__21cSC3CitySpriteCellMapP19cISC3CitySpriteInstii	cSC3CitySpriteCellMap::UnprepDynamicSprite(cISC3CitySpriteInst *, int, int)
00084a84	UpdateAllSprites__21cSC3CitySpriteCellMapiiii	cSC3CitySpriteCellMap::UpdateAllSprites(int, int, int, int)
00088ba4	RemoveAll__21cSC3CitySpriteCellMap	cSC3CitySpriteCellMap::RemoveAll(void)
00088c14	GetRegCellForSprite__21cSC3CitySpriteCellMapiiRiT3	cSC3CitySpriteCellMap::GetRegCellForSprite(int, int, int &, int &)
00088c4c	GetDrawGridRegCellForSprite__21cSC3CitySpriteCellMapiiRiT3	cSC3CitySpriteCellMap::GetDrawGridRegCellForSprite(int, int, int &, int &)
00088ca4	IsCellRegCellForSprite__21cSC3CitySpriteCellMapii	cSC3CitySpriteCellMap::IsCellRegCellForSprite(int, int)
00088ccc	SetSpansForSprite__21cSC3CitySpriteCellMapii	cSC3CitySpriteCellMap::SetSpansForSprite(int, int)
00088dc8	BeginBackgroundTask__21cSC3CitySpriteCellMap	cSC3CitySpriteCellMap::BeginBackgroundTask(void)
00088e50	EndBackgroundTask__21cSC3CitySpriteCellMap	cSC3CitySpriteCellMap::EndBackgroundTask(void)
00088ec4	IsBackgroundTaskEnabled__21cSC3CitySpriteCellMap	cSC3CitySpriteCellMap::IsBackgroundTaskEnabled(void)
00088ed4	IsBackgroundTaskIdle__21cSC3CitySpriteCellMap	cSC3CitySpriteCellMap::IsBackgroundTaskIdle(void)
00088ef0	IsCurrentZoomAndRotationLoaded__21cSC3CitySpriteCellMap	cSC3CitySpriteCellMap::IsCurrentZoomAndRotationLoaded(void)
00088f28	IsZoomAndRotationLoaded__21cSC3CitySpriteCellMapii	cSC3CitySpriteCellMap::IsZoomAndRotationLoaded(int, int)
00088ff0	StaticBackgroundTaskThreadFunction__21cSC3CitySpriteCellMapPv	cSC3CitySpriteCellMap::StaticBackgroundTaskThreadFunction(void *)
00089018	IsEmpty__21cSC3CitySpriteCellMapii	cSC3CitySpriteCellMap::IsEmpty(int, int)
0008903c	IsEmptyDrawGrid__21cSC3CitySpriteCellMapii	cSC3CitySpriteCellMap::IsEmptyDrawGrid(int, int)
0008908c	GetSprite__21cSC3CitySpriteCellMapii	cSC3CitySpriteCellMap::GetSprite(int, int)
000890ac	GetSpriteDrawGrid__21cSC3CitySpriteCellMapii	cSC3CitySpriteCellMap::GetSpriteDrawGrid(int, int)
000890f8	GetCellSizeOfSprite__21cSC3CitySpriteCellMapii	cSC3CitySpriteCellMap::GetCellSizeOfSprite(int, int)
00089118	InCellBounds__21cSC3CitySpriteCellMapii	cSC3CitySpriteCellMap::InCellBounds(int, int)
00089138	InCellBoundsDrawGrid__21cSC3CitySpriteCellMapii	cSC3CitySpriteCellMap::InCellBoundsDrawGrid(int, int)
00089158	InMicroCellBoundsDrawGrid__21cSC3CitySpriteCellMapii	cSC3CitySpriteCellMap::InMicroCellBoundsDrawGrid(int, int)
00089180	InMicroCellBounds__21cSC3CitySpriteCellMapii	cSC3CitySpriteCellMap::InMicroCellBounds(int, int)
000891ac	Position3DToWindowPixel__21cSC3CitySpriteCellMapiiiRiT4	cSC3CitySpriteCellMap::Position3DToWindowPixel(int, int, int, int &, int &)
00089208	WindowPixelToActualGrid__21cSC3CitySpriteCellMapiiRiT3bP30tagCitySpriteCellMapPickObjectP12cISC3OccTest	cSC3CitySpriteCellMap::WindowPixelToActualGrid(int, int, int &, int &, bool, tagCitySpriteCellMapPickObject *, cISC3OccTest *)
00089274	ActualGridToWindowPixel__21cSC3CitySpriteCellMapiiRiT3	cSC3CitySpriteCellMap::ActualGridToWindowPixel(int, int, int &, int &)
000892d0	CityPixelToWindowPixel__C21cSC3CitySpriteCellMapiiRiT3	cSC3CitySpriteCellMap::CityPixelToWindowPixel(int, int, int &, int &) const
000892f8	WindowPixelToCityPixel__C21cSC3CitySpriteCellMapiiRiT3	cSC3CitySpriteCellMap::WindowPixelToCityPixel(int, int, int &, int &) const
00089320	MicroActualGridToCityPixel_NonInline__21cSC3CitySpriteCellMapiiiRiT4	cSC3CitySpriteCellMap::MicroActualGridToCityPixel_NonInline(int, int, int, int &, int &)
00089360	__lt__FRCQ29cISC3Pick12SelectedItemT0	operator<(cISC3Pick::SelectedItem const &, cISC3Pick::SelectedItem const &)
0008937c	CityPixelToMicroDrawGrid__21cSC3CitySpriteCellMapiiRiT3b	cSC3CitySpriteCellMap::CityPixelToMicroDrawGrid(int, int, int &, int &, bool)
00089458	MicroDrawGridToCityPixel__21cSC3CitySpriteCellMapiiiRiT4	cSC3CitySpriteCellMap::MicroDrawGridToCityPixel(int, int, int, int &, int &)
000894c4	MicroActualGridToCityPixel__21cSC3CitySpriteCellMapiiiRiT4	cSC3CitySpriteCellMap::MicroActualGridToCityPixel(int, int, int, int &, int &)
00089560	CityPixelToDrawGridNoAltitude__21cSC3CitySpriteCellMapiiRiT3	cSC3CitySpriteCellMap::CityPixelToDrawGridNoAltitude(int, int, int &, int &)
000895c4	DrawGridToCityPixel__21cSC3CitySpriteCellMapiiRiT3	cSC3CitySpriteCellMap::DrawGridToCityPixel(int, int, int &, int &)
0008966c	DrawGridToCityPixelNoAltitude__21cSC3CitySpriteCellMapiiRiT3	cSC3CitySpriteCellMap::DrawGridToCityPixelNoAltitude(int, int, int &, int &)
000896b0	CityPixelToMicroDrawGridNoAltitude__21cSC3CitySpriteCellMapiiRiT3	cSC3CitySpriteCellMap::CityPixelToMicroDrawGridNoAltitude(int, int, int &, int &)
00089724	CityPixelToActualGrid__21cSC3CitySpriteCellMapiiRiT3bP30tagCitySpriteCellMapPickObjectP12cISC3OccTest	cSC3CitySpriteCellMap::CityPixelToActualGrid(int, int, int &, int &, bool, tagCitySpriteCellMapPickObject *, cISC3OccTest *)
000897ec	ActualGridToCityPixel__21cSC3CitySpriteCellMapiiRiT3	cSC3CitySpriteCellMap::ActualGridToCityPixel(int, int, int &, int &)
00089878	ActualGridToCityPixelNoAltitude__21cSC3CitySpriteCellMapiiRiT3	cSC3CitySpriteCellMap::ActualGridToCityPixelNoAltitude(int, int, int &, int &)
000898e8	DrawGridToActualGrid__21cSC3CitySpriteCellMapiiRiT3	cSC3CitySpriteCellMap::DrawGridToActualGrid(int, int, int &, int &)
00089990	ActualGridToDrawGrid__21cSC3CitySpriteCellMapiiRiT3	cSC3CitySpriteCellMap::ActualGridToDrawGrid(int, int, int &, int &)
00089a38	GetQuadrantOfCityPointInCell__21cSC3CitySpriteCellMapiiii	cSC3CitySpriteCellMap::GetQuadrantOfCityPointInCell(int, int, int, int)
00089aa4	GetAltitudeActualGrid__21cSC3CitySpriteCellMapii	cSC3CitySpriteCellMap::GetAltitudeActualGrid(int, int)
00089ac4	GetMicroAltitudeActualGrid__21cSC3CitySpriteCellMapii	cSC3CitySpriteCellMap::GetMicroAltitudeActualGrid(int, int)
00089b00	ClipCellRectToValidAreaActualGrid__21cSC3CitySpriteCellMapRiT1	cSC3CitySpriteCellMap::ClipCellRectToValidAreaActualGrid(int &, int &)
00089b3c	GetPixelSizeOfSprite__21cSC3CitySpriteCellMapiiRUiT3	cSC3CitySpriteCellMap::GetPixelSizeOfSprite(int, int, unsigned int &, unsigned int &)
00089b80	IsCityPixelSolidForSprite__21cSC3CitySpriteCellMapiiiib	cSC3CitySpriteCellMap::IsCityPixelSolidForSprite(int, int, int, int, bool)
00089c4c	IsSpriteVisible__21cSC3CitySpriteCellMapiib	cSC3CitySpriteCellMap::IsSpriteVisible(int, int, bool)
00089ca8	SpritePixelToMicroActualGrid__21cSC3CitySpriteCellMapiiUiUiRiN25	cSC3CitySpriteCellMap::SpritePixelToMicroActualGrid(int, int, unsigned int, unsigned int, int &, int &, int &)
00089d90	GetLowestTerrainAltitude__C21cSC3CitySpriteCellMapb	cSC3CitySpriteCellMap::GetLowestTerrainAltitude(bool) const
00089db4	GetHighestTerrainAltitude__C21cSC3CitySpriteCellMapb	cSC3CitySpriteCellMap::GetHighestTerrainAltitude(bool) const
00089de0	GetLowestSpriteHeight__C21cSC3CitySpriteCellMapb	cSC3CitySpriteCellMap::GetLowestSpriteHeight(bool) const
00089df0	GetHighestSpriteHeight__C21cSC3CitySpriteCellMapb	cSC3CitySpriteCellMap::GetHighestSpriteHeight(bool) const
00089e38	GetHeightOfSprite__C21cSC3CitySpriteCellMapiib	cSC3CitySpriteCellMap::GetHeightOfSprite(int, int, bool) const
00089ecc	UpdateTallestSpriteStatistic__21cSC3CitySpriteCellMapii	cSC3CitySpriteCellMap::UpdateTallestSpriteStatistic(int, int)
00089f40	IncrementAlphaBlendCount__21cSC3CitySpriteCellMapi	cSC3CitySpriteCellMap::IncrementAlphaBlendCount(int)
00089f5c	UpdateCitySurface__21cSC3CitySpriteCellMapRC7cRZRect	cSC3CitySpriteCellMap::UpdateCitySurface(cRZRect const &)
00089f68	UpdateCitySurfaceRect__21cSC3CitySpriteCellMapP10cIGZBufferRC7cRZRectT2	cSC3CitySpriteCellMap::UpdateCitySurfaceRect(cIGZBuffer *, cRZRect const &, cRZRect const &)
00089f78	IsPointWithinCityOutline__21cSC3CitySpriteCellMapiib	cSC3CitySpriteCellMap::IsPointWithinCityOutline(int, int, bool)
0008a03c	MoveCityBaseRectAndCornerCoordinates__21cSC3CitySpriteCellMapii	cSC3CitySpriteCellMap::MoveCityBaseRectAndCornerCoordinates(int, int)
0008a07c	GetEntireCityBaseRect__C21cSC3CitySpriteCellMapR7cRZRectb	cSC3CitySpriteCellMap::GetEntireCityBaseRect(cRZRect &, bool) const
0008a0e0	DrawGridCellToDrawGridRegCell__21cSC3CitySpriteCellMapR12SpriteRecordPP12SpriteRecordRiT3	cSC3CitySpriteCellMap::DrawGridCellToDrawGridRegCell(SpriteRecord &, SpriteRecord **, int &, int &)
0008a1f8	DisplayListSortCompareFull__FPCvT0	DisplayListSortCompareFull(void const *, void const *)
0008a288	DisplayListSortCompareDistanceOnly__FPCvT0	DisplayListSortCompareDistanceOnly(void const *, void const *)
0008a2c4	DisplayListSortCompareNumberOnly__FPCvT0	DisplayListSortCompareNumberOnly(void const *, void const *)
0008a300	RemoveAllSpritesFromDSGrid__21cSC3CitySpriteCellMapi	cSC3CitySpriteCellMap::RemoveAllSpritesFromDSGrid(int)
0008a39c	AddRemoveSpriteToFromDSGrid__21cSC3CitySpriteCellMapP12SpriteRecordb	cSC3CitySpriteCellMap::AddRemoveSpriteToFromDSGrid(SpriteRecord *, bool)
0008a478	IsSpriteInDSGridRecord__21cSC3CitySpriteCellMapP12DSGridRecordP12SpriteRecord	cSC3CitySpriteCellMap::IsSpriteInDSGridRecord(DSGridRecord *, SpriteRecord *)
0008a4a4	MakeDisplayListFromRectangle__21cSC3CitySpriteCellMapRC7cRZRectUi	cSC3CitySpriteCellMap::MakeDisplayListFromRectangle(cRZRect const &, unsigned int)
0008a500	AddDirtyRectWindowPixelUnits__21cSC3CitySpriteCellMapRC7cRZRectbUi	cSC3CitySpriteCellMap::AddDirtyRectWindowPixelUnits(cRZRect const &, bool, unsigned int)
0008a56c	AddOverlayBuffer__21cSC3CitySpriteCellMapRC8cRZPointP10cIGZBufferT2	cSC3CitySpriteCellMap::AddOverlayBuffer(cRZPoint const &, cIGZBuffer *, cIGZBuffer *)
0008a618	MoveOverlayBuffer__21cSC3CitySpriteCellMapRC8cRZPointUi	cSC3CitySpriteCellMap::MoveOverlayBuffer(cRZPoint const &, unsigned int)
0008a65c	CopyEntireAreaToBackBuffer__21cSC3CitySpriteCellMap	cSC3CitySpriteCellMap::CopyEntireAreaToBackBuffer(void)
0008a6d8	MicroDrawGridToMicroActualGrid__21cSC3CitySpriteCellMapiiRiT3	cSC3CitySpriteCellMap::MicroDrawGridToMicroActualGrid(int, int, int &, int &)
0008a784	MicroActualGridToMicroDrawGrid__21cSC3CitySpriteCellMapiiRiT3	cSC3CitySpriteCellMap::MicroActualGridToMicroDrawGrid(int, int, int &, int &)
0008a834	InvalidateDynamicSprite__21cSC3CitySpriteCellMapP19DynamicSpriteRecord	cSC3CitySpriteCellMap::InvalidateDynamicSprite(DynamicSpriteRecord *)
0008a870	DynamicSpriteRecordToCityPixel__21cSC3CitySpriteCellMapP19DynamicSpriteRecordRiT2	cSC3CitySpriteCellMap::DynamicSpriteRecordToCityPixel(DynamicSpriteRecord *, int &, int &)
0008a998	DynamicSpriteRecordToCityPixel__21cSC3CitySpriteCellMapP19DynamicSpriteRecordiiRiT4	cSC3CitySpriteCellMap::DynamicSpriteRecordToCityPixel(DynamicSpriteRecord *, int, int, int &, int &)
0008aa04	GetDynamicSpriteRecordFromDynamicSprite__21cSC3CitySpriteCellMapP19cISC3CitySpriteInstii	cSC3CitySpriteCellMap::GetDynamicSpriteRecordFromDynamicSprite(cISC3CitySpriteInst *, int, int)
0008aa94	GetDynamicSpritesInVolume__21cSC3CitySpriteCellMapiiiiiiPP19cISC3CitySpriteInstRUi	cSC3CitySpriteCellMap::GetDynamicSpritesInVolume(int, int, int, int, int, int, cISC3CitySpriteInst **, unsigned int &)
0008abe8	ClearDSGrid__21cSC3CitySpriteCellMap	cSC3CitySpriteCellMap::ClearDSGrid(void)
0008ac70	AddDSRToGridCell__21cSC3CitySpriteCellMapUiUiP19DynamicSpriteRecord	cSC3CitySpriteCellMap::AddDSRToGridCell(unsigned int, unsigned int, DynamicSpriteRecord *)
0008acdc	RemoveDSRFromGridCell__21cSC3CitySpriteCellMapUiUiP19DynamicSpriteRecord	cSC3CitySpriteCellMap::RemoveDSRFromGridCell(unsigned int, unsigned int, DynamicSpriteRecord *)
0008ad50	AddSpriteBatchEntry__21cSC3CitySpriteCellMapP19cISC3CitySpriteInstiibUiPv	cSC3CitySpriteCellMap::AddSpriteBatchEntry(cISC3CitySpriteInst *, int, int, bool, unsigned int, void *)
0008adc0	StartChangeSpriteBatch__21cSC3CitySpriteCellMap	cSC3CitySpriteCellMap::StartChangeSpriteBatch(void)
0008add4	GetDrawGridDrawingRegCellForSprite__21cSC3CitySpriteCellMapiiRiT3	cSC3CitySpriteCellMap::GetDrawGridDrawingRegCellForSprite(int, int, int &, int &)
0008ae80	GetCityPixelRectForSpriteDrawGrid__21cSC3CitySpriteCellMapiiR7cRZRect	cSC3CitySpriteCellMap::GetCityPixelRectForSpriteDrawGrid(int, int, cRZRect &)
0008afe0	FindDynamicSprite__21cSC3CitySpriteCellMapP19cISC3CitySpriteInstRiN32	cSC3CitySpriteCellMap::FindDynamicSprite(cISC3CitySpriteInst *, int &, int &, int &, int &)
0008b060	SpriteInsertionSort__FPUiUi	SpriteInsertionSort(unsigned int *, unsigned int)
0008b0d8	SpriteBubbleSort__FPUiUi	SpriteBubbleSort(unsigned int *, unsigned int)
0008b170	SpriteShellSort__FPUiUi	SpriteShellSort(unsigned int *, unsigned int)
0008b23c	SpriteQuickSort__FPUiUi	SpriteQuickSort(unsigned int *, unsigned int)
0008b310	Init__33cSC3CitySpriteInstGenericBuildingii	cSC3CitySpriteInstGenericBuilding::Init(int, int)
0008b370	GetSpriteKey__33cSC3CitySpriteInstGenericBuildingiUiUi	cSC3CitySpriteInstGenericBuilding::GetSpriteKey(int, unsigned int, unsigned int)
0008b394	GetW__C33cSC3CitySpriteInstGenericBuildingii	cSC3CitySpriteInstGenericBuilding::GetW(int, int) const
0008b3cc	GetH__C33cSC3CitySpriteInstGenericBuildingii	cSC3CitySpriteInstGenericBuilding::GetH(int, int) const
0008b404	GetAllSpans__C33cSC3CitySpriteInstGenericBuildingiiR7cRZRect	cSC3CitySpriteInstGenericBuilding::GetAllSpans(int, int, cRZRect &) const
0008b458	GetAreaFromPt__C33cSC3CitySpriteInstGenericBuildingiiR7cRZRectii	cSC3CitySpriteInstGenericBuilding::GetAreaFromPt(int, int, cRZRect &, int, int) const
0008b4d4	IsPixelOpaque__C33cSC3CitySpriteInstGenericBuildingiiii	cSC3CitySpriteInstGenericBuilding::IsPixelOpaque(int, int, int, int) const
0008b5c0	Prepare__33cSC3CitySpriteInstGenericBuildingiib	cSC3CitySpriteInstGenericBuilding::Prepare(int, int, bool)
0008b648	Unprepare__33cSC3CitySpriteInstGenericBuildingii	cSC3CitySpriteInstGenericBuilding::Unprepare(int, int)
0008b6c4	Draw__C33cSC3CitySpriteInstGenericBuildingP10cIGZBufferiiiiP7cRZRect	cSC3CitySpriteInstGenericBuilding::Draw(cIGZBuffer *, int, int, int, int, cRZRect *) const
0008b730	WindowPixelToActualGrid_NonInline__21cSC3CitySpriteCellMapiiRiT3bP30tagCitySpriteCellMapPickObjectP12cISC3OccTest	cSC3CitySpriteCellMap::WindowPixelToActualGrid_NonInline(int, int, int &, int &, bool, tagCitySpriteCellMapPickObject *, cISC3OccTest *)
0008b79c	ActualGridToWindowPixel_NonInline__21cSC3CitySpriteCellMapiiRiT3	cSC3CitySpriteCellMap::ActualGridToWindowPixel_NonInline(int, int, int &, int &)
0008b7f8	CityPixelToWindowPixel_NonInline__21cSC3CitySpriteCellMapiiRiT3	cSC3CitySpriteCellMap::CityPixelToWindowPixel_NonInline(int, int, int &, int &)
0008b820	WindowPixelToCityPixel_NonInline__21cSC3CitySpriteCellMapiiRiT3	cSC3CitySpriteCellMap::WindowPixelToCityPixel_NonInline(int, int, int &, int &)
0008b848	CityPixelToDrawGrid_NonInline__21cSC3CitySpriteCellMapiiRiT3bP30tagCitySpriteCellMapPickObjectP12cISC3OccTest	cSC3CitySpriteCellMap::CityPixelToDrawGrid_NonInline(int, int, int &, int &, bool, tagCitySpriteCellMapPickObject *, cISC3OccTest *)
0008b890	CityPixelToDrawGridNoAltitude_NonInline__21cSC3CitySpriteCellMapiiRiT3	cSC3CitySpriteCellMap::CityPixelToDrawGridNoAltitude_NonInline(int, int, int &, int &)
0008b8f4	DrawGridToCityPixel_NonInline__21cSC3CitySpriteCellMapiiRiT3	cSC3CitySpriteCellMap::DrawGridToCityPixel_NonInline(int, int, int &, int &)
0008b99c	DrawGridToCityPixelNoAltitude_NonInline__21cSC3CitySpriteCellMapiiRiT3	cSC3CitySpriteCellMap::DrawGridToCityPixelNoAltitude_NonInline(int, int, int &, int &)
0008b9e4	CityPixelToActualGrid_NonInline__21cSC3CitySpriteCellMapiiRiT3bP30tagCitySpriteCellMapPickObjectP12cISC3OccTest	cSC3CitySpriteCellMap::CityPixelToActualGrid_NonInline(int, int, int &, int &, bool, tagCitySpriteCellMapPickObject *, cISC3OccTest *)
0008baac	ActualGridToCityPixel_NonInline__21cSC3CitySpriteCellMapiiRiT3	cSC3CitySpriteCellMap::ActualGridToCityPixel_NonInline(int, int, int &, int &)
0008bb38	ActualGridToCityPixelNoAltitude_NonInline__21cSC3CitySpriteCellMapiiRiT3	cSC3CitySpriteCellMap::ActualGridToCityPixelNoAltitude_NonInline(int, int, int &, int &)
0008bba8	DrawGridToActualGrid_NonInline__21cSC3CitySpriteCellMapiiRiT3	cSC3CitySpriteCellMap::DrawGridToActualGrid_NonInline(int, int, int &, int &)
0008bc50	ActualGridToDrawGrid_NonInline__21cSC3CitySpriteCellMapiiRiT3	cSC3CitySpriteCellMap::ActualGridToDrawGrid_NonInline(int, int, int &, int &)
0008bd54	Init__22cSC3CitySpriteImageMgr	cSC3CitySpriteImageMgr::Init(void)
0008be50	RealShutdown__22cSC3CitySpriteImageMgr	cSC3CitySpriteImageMgr::RealShutdown(void)
0008c0f0	AddSpriteInfoFileToSearchList__22cSC3CitySpriteImageMgrR10cIGZStringb	cSC3CitySpriteImageMgr::AddSpriteInfoFileToSearchList(cIGZString &, bool)
0008c2f0	RemoveSpriteInfoFileToSearchList__22cSC3CitySpriteImageMgrR10cIGZString	cSC3CitySpriteImageMgr::RemoveSpriteInfoFileToSearchList(cIGZString &)
0008c4e8	AddDBSegmentSpriteToSearchList__22cSC3CitySpriteImageMgrR10cIGZStringb	cSC3CitySpriteImageMgr::AddDBSegmentSpriteToSearchList(cIGZString &, bool)
0008c6f0	RemoveDBSegmentSpriteToSearchList__22cSC3CitySpriteImageMgrR10cIGZString	cSC3CitySpriteImageMgr::RemoveDBSegmentSpriteToSearchList(cIGZString &)
0008c8e8	AddSpriteInfoFileToSearchList__22cSC3CitySpriteImageMgrR9cRZStringb	cSC3CitySpriteImageMgr::AddSpriteInfoFileToSearchList(cRZString &, bool)
0008d88c	RemoveSpriteInfoFileToSearchList__22cSC3CitySpriteImageMgrR9cRZString	cSC3CitySpriteImageMgr::RemoveSpriteInfoFileToSearchList(cRZString &)
0008d974	AddDBSegmentSpriteToSearchList__22cSC3CitySpriteImageMgrR9cRZStringb	cSC3CitySpriteImageMgr::AddDBSegmentSpriteToSearchList(cRZString &, bool)
0008dac8	RemoveDBSegmentSpriteToSearchList__22cSC3CitySpriteImageMgrR9cRZString	cSC3CitySpriteImageMgr::RemoveDBSegmentSpriteToSearchList(cRZString &)
0008db60	AddDBSegmentSpriteToSearchList__22cSC3CitySpriteImageMgrP19cSC3DBSegmentSpriteb	cSC3CitySpriteImageMgr::AddDBSegmentSpriteToSearchList(cSC3DBSegmentSprite *, bool)
0008dd60	GetImageInfo__22cSC3CitySpriteImageMgrUiUi	cSC3CitySpriteImageMgr::GetImageInfo(unsigned int, unsigned int)
0008e020	PrepareImage__22cSC3CitySpriteImageMgrUiUiPP13cSC3ImageInfo	cSC3CitySpriteImageMgr::PrepareImage(unsigned int, unsigned int, cSC3ImageInfo **)
0008e2b0	UnprepareImage__22cSC3CitySpriteImageMgrUiUi	cSC3CitySpriteImageMgr::UnprepareImage(unsigned int, unsigned int)
0008e400	register_all_images__22cSC3CitySpriteImageMgr	cSC3CitySpriteImageMgr::register_all_images(void)
0008e490	default_buffer_acquire__22cSC3CitySpriteImageMgrUiUi	cSC3CitySpriteImageMgr::default_buffer_acquire(unsigned int, unsigned int)
0008e760	get_all_default_images__22cSC3CitySpriteImageMgr	cSC3CitySpriteImageMgr::get_all_default_images(void)
000911f0	__nw__13cSC3ImageInfoUi	cSC3ImageInfo::operator new(unsigned int)
00091230	__dl__13cSC3ImageInfoPv	cSC3ImageInfo::operator delete(void *)
0009125c	IsInitialized__C22cSC3CitySpriteImageMgr	cSC3CitySpriteImageMgr::IsInitialized(void) const
0009126c	Shutdown__22cSC3CitySpriteImageMgr	cSC3CitySpriteImageMgr::Shutdown(void)
0009127c	GetSC3CitySpriteImageMgr__Fv	GetSC3CitySpriteImageMgr(void)
0009129c	__22cSC3CitySpriteImageMgr	cSC3CitySpriteImageMgr::cSC3CitySpriteImageMgr(void)
00091350	_._22cSC3CitySpriteImageMgr	cSC3CitySpriteImageMgr::~cSC3CitySpriteImageMgr(void)
000913c4	QueryInterface__22cSC3CitySpriteImageMgrUiPPv	cSC3CitySpriteImageMgr::QueryInterface(unsigned int, void **)
00091414	AddRef__22cSC3CitySpriteImageMgr	cSC3CitySpriteImageMgr::AddRef(void)
00091440	Release__22cSC3CitySpriteImageMgr	cSC3CitySpriteImageMgr::Release(void)
00091470	RemoveDBSegmentSpriteToSearchList__22cSC3CitySpriteImageMgrP19cSC3DBSegmentSpriteb	cSC3CitySpriteImageMgr::RemoveDBSegmentSpriteToSearchList(cSC3DBSegmentSprite *, bool)
00091524	SetAnimMachine__22cSC3CitySpriteInstAnimP12sAnimMachine	cSC3CitySpriteInstAnim::SetAnimMachine(sAnimMachine *)
00091614	GetAreaFromPt__C22cSC3CitySpriteInstAnimiiR7cRZRectii	cSC3CitySpriteInstAnim::GetAreaFromPt(int, int, cRZRect &, int, int) const
00091928	GetAllSpans__C22cSC3CitySpriteInstAnimiiR7cRZRect	cSC3CitySpriteInstAnim::GetAllSpans(int, int, cRZRect &) const
00091aec	IsPixelOpaque__C22cSC3CitySpriteInstAnimiiii	cSC3CitySpriteInstAnim::IsPixelOpaque(int, int, int, int) const
00091ccc	Prepare__22cSC3CitySpriteInstAnimiib	cSC3CitySpriteInstAnim::Prepare(int, int, bool)
00091e04	PrepareAnimMachine__22cSC3CitySpriteInstAnimP12sAnimMachineii	cSC3CitySpriteInstAnim::PrepareAnimMachine(sAnimMachine *, int, int)
000921e4	Unprepare__22cSC3CitySpriteInstAnimii	cSC3CitySpriteInstAnim::Unprepare(int, int)
0009231c	UnprepareAnimMachine__22cSC3CitySpriteInstAnimP12sAnimMachineii	cSC3CitySpriteInstAnim::UnprepareAnimMachine(sAnimMachine *, int, int)
00092410	Draw__C22cSC3CitySpriteInstAnimP10cIGZBufferiiiiP7cRZRect	cSC3CitySpriteInstAnim::Draw(cIGZBuffer *, int, int, int, int, cRZRect *) const
00092758	Draw__C22cSC3CitySpriteInstAnimP10cIGZBufferRC7cRZRectiiP7cRZRect	cSC3CitySpriteInstAnim::Draw(cIGZBuffer *, cRZRect const &, int, int, cRZRect *) const
00092a38	Tick__22cSC3CitySpriteInstAnimUi	cSC3CitySpriteInstAnim::Tick(unsigned int)
000931bc	StartAnimation__22cSC3CitySpriteInstAnimiiiSc	cSC3CitySpriteInstAnim::StartAnimation(int, int, int, signed char)
000932e0	StopAnimation__22cSC3CitySpriteInstAnim	cSC3CitySpriteInstAnim::StopAnimation(void)
00093574	ViewChange__22cSC3CitySpriteInstAnimii	cSC3CitySpriteInstAnim::ViewChange(int, int)
0009383c	MaskForZoomAndRotation__22cSC3CitySpriteInstAnimii	cSC3CitySpriteInstAnim::MaskForZoomAndRotation(int, int)
00093854	GetBaseFramesHaveBeenPrepared__22cSC3CitySpriteInstAnimScSc	cSC3CitySpriteInstAnim::GetBaseFramesHaveBeenPrepared(signed char, signed char)
00093878	SetBaseFramesHaveBeenPrepared__22cSC3CitySpriteInstAnimScSc	cSC3CitySpriteInstAnim::SetBaseFramesHaveBeenPrepared(signed char, signed char)
0009389c	ClearBaseFramesHaveBeenPrepared__22cSC3CitySpriteInstAnimScSc	cSC3CitySpriteInstAnim::ClearBaseFramesHaveBeenPrepared(signed char, signed char)
000938c0	GetAnimFramesHaveBeenPrepared__22cSC3CitySpriteInstAnimScSc	cSC3CitySpriteInstAnim::GetAnimFramesHaveBeenPrepared(signed char, signed char)
000938e4	SetAnimFramesHaveBeenPrepared__22cSC3CitySpriteInstAnimScSc	cSC3CitySpriteInstAnim::SetAnimFramesHaveBeenPrepared(signed char, signed char)
00093908	ClearAnimFramesHaveBeenPrepared__22cSC3CitySpriteInstAnimScSc	cSC3CitySpriteInstAnim::ClearAnimFramesHaveBeenPrepared(signed char, signed char)
00093930	__22cSC3CitySpriteInstAnim	cSC3CitySpriteInstAnim::cSC3CitySpriteInstAnim(void)
00093998	_._22cSC3CitySpriteInstAnim	cSC3CitySpriteInstAnim::~cSC3CitySpriteInstAnim(void)
000939ec	QueryInterface__22cSC3CitySpriteInstAnimUiPPv	cSC3CitySpriteInstAnim::QueryInterface(unsigned int, void **)
00093a38	AddRef__22cSC3CitySpriteInstAnim	cSC3CitySpriteInstAnim::AddRef(void)
00093a64	Release__22cSC3CitySpriteInstAnim	cSC3CitySpriteInstAnim::Release(void)
00093a90	Init__22cSC3CitySpriteInstAnimP21cISC3CitySpriteAttrib	cSC3CitySpriteInstAnim::Init(cISC3CitySpriteAttrib *)
00093ac0	GetW__C22cSC3CitySpriteInstAnimii	cSC3CitySpriteInstAnim::GetW(int, int) const
00093b4c	GetH__C22cSC3CitySpriteInstAnimii	cSC3CitySpriteInstAnim::GetH(int, int) const
00093bd4	SetLocation__22cSC3CitySpriteInstAnimiiiSc	cSC3CitySpriteInstAnim::SetLocation(int, int, int, signed char)
00093c08	FindScriptLabel__22cSC3CitySpriteInstAnimRt6vector2ZP10sSScriptOPZt9allocator1ZP10sSScriptOPUi	cSC3CitySpriteInstAnim::FindScriptLabel(vector<sSScriptOP *, allocator<sSScriptOP *> > &, unsigned int)
00093c64	__25cSC3CitySpriteInstLayered	cSC3CitySpriteInstLayered::cSC3CitySpriteInstLayered(void)
00093cac	_._25cSC3CitySpriteInstLayered	cSC3CitySpriteInstLayered::~cSC3CitySpriteInstLayered(void)
00093d00	SetGeomFlag__25cSC3CitySpriteInstLayeredUi	cSC3CitySpriteInstLayered::SetGeomFlag(unsigned int)
00093d38	ClearGeomFlag__25cSC3CitySpriteInstLayeredUi	cSC3CitySpriteInstLayered::ClearGeomFlag(unsigned int)
00093d70	SetHilite__25cSC3CitySpriteInstLayeredUi	cSC3CitySpriteInstLayered::SetHilite(unsigned int)
00093dd0	SetRotationOffset__25cSC3CitySpriteInstLayeredUc	cSC3CitySpriteInstLayered::SetRotationOffset(unsigned char)
00093e1c	Prepare__25cSC3CitySpriteInstLayerediib	cSC3CitySpriteInstLayered::Prepare(int, int, bool)
00093e94	Unprepare__25cSC3CitySpriteInstLayeredii	cSC3CitySpriteInstLayered::Unprepare(int, int)
00093eec	GetAllSpans__C25cSC3CitySpriteInstLayerediiR7cRZRect	cSC3CitySpriteInstLayered::GetAllSpans(int, int, cRZRect &) const
00093f50	GetAreaFromPt__C25cSC3CitySpriteInstLayerediiR7cRZRectii	cSC3CitySpriteInstLayered::GetAreaFromPt(int, int, cRZRect &, int, int) const
00093fb8	Draw__C25cSC3CitySpriteInstLayeredP10cIGZBufferiiiiP7cRZRect	cSC3CitySpriteInstLayered::Draw(cIGZBuffer *, int, int, int, int, cRZRect *) const
00094094	Draw__C25cSC3CitySpriteInstLayeredP10cIGZBufferRC7cRZRectiiP7cRZRect	cSC3CitySpriteInstLayered::Draw(cIGZBuffer *, cRZRect const &, int, int, cRZRect *) const
000940fc	SetNext__25cSC3CitySpriteInstLayeredP19cISC3CitySpriteInst	cSC3CitySpriteInstLayered::SetNext(cISC3CitySpriteInst *)
00094150	GetNext__25cSC3CitySpriteInstLayered	cSC3CitySpriteInstLayered::GetNext(void)
00094164	SetLayer__25cSC3CitySpriteInstLayeredUc	cSC3CitySpriteInstLayered::SetLayer(unsigned char)
000941a0	zoom_and_compass_to_frame_no__C25cSC3CitySpriteInstLayeredii	cSC3CitySpriteInstLayered::zoom_and_compass_to_frame_no(int, int) const
000941d4	SlopedOneLow__32cSC3CitySpriteInstSpecialFactory	cSC3CitySpriteInstSpecialFactory::SlopedOneLow(void)
00094254	SlopedOneHigh__32cSC3CitySpriteInstSpecialFactory	cSC3CitySpriteInstSpecialFactory::SlopedOneHigh(void)
000942d4	SlopedTwoLow__32cSC3CitySpriteInstSpecialFactory	cSC3CitySpriteInstSpecialFactory::SlopedTwoLow(void)
00094354	SlopedTwoHigh__32cSC3CitySpriteInstSpecialFactory	cSC3CitySpriteInstSpecialFactory::SlopedTwoHigh(void)
000943d4	UseCityCSMTerrain__32cSC3CitySpriteInstSpecialFactory	cSC3CitySpriteInstSpecialFactory::UseCityCSMTerrain(void)
00094454	UseCityCSMTerrainSlopedOneLow__32cSC3CitySpriteInstSpecialFactory	cSC3CitySpriteInstSpecialFactory::UseCityCSMTerrainSlopedOneLow(void)
000944e4	UseCityCSMTerrainSlopedOneHigh__32cSC3CitySpriteInstSpecialFactory	cSC3CitySpriteInstSpecialFactory::UseCityCSMTerrainSlopedOneHigh(void)
00094574	UseCityCSMTerrainSlopedTwoLow__32cSC3CitySpriteInstSpecialFactory	cSC3CitySpriteInstSpecialFactory::UseCityCSMTerrainSlopedTwoLow(void)
00094604	UseCityCSMTerrainSlopedTwoHigh__32cSC3CitySpriteInstSpecialFactory	cSC3CitySpriteInstSpecialFactory::UseCityCSMTerrainSlopedTwoHigh(void)
00094690	IsReady__C31cSC3CitySpriteInstUseCSMTerrain	cSC3CitySpriteInstUseCSMTerrain::IsReady(void) const
000946a8	__31cSC3CitySpriteInstUseCSMTerrain	cSC3CitySpriteInstUseCSMTerrain::cSC3CitySpriteInstUseCSMTerrain(void)
000946e8	_._31cSC3CitySpriteInstUseCSMTerrain	cSC3CitySpriteInstUseCSMTerrain::~cSC3CitySpriteInstUseCSMTerrain(void)
0009473c	GetW__C31cSC3CitySpriteInstUseCSMTerrainii	cSC3CitySpriteInstUseCSMTerrain::GetW(int, int) const
00094788	GetH__C31cSC3CitySpriteInstUseCSMTerrainii	cSC3CitySpriteInstUseCSMTerrain::GetH(int, int) const
000947c8	IsPixelOpaque__C31cSC3CitySpriteInstUseCSMTerrainiiii	cSC3CitySpriteInstUseCSMTerrain::IsPixelOpaque(int, int, int, int) const
00094874	GetAllSpans__C31cSC3CitySpriteInstUseCSMTerrainiiR7cRZRect	cSC3CitySpriteInstUseCSMTerrain::GetAllSpans(int, int, cRZRect &) const
0009491c	GetAreaFromPt__C31cSC3CitySpriteInstUseCSMTerrainiiR7cRZRectii	cSC3CitySpriteInstUseCSMTerrain::GetAreaFromPt(int, int, cRZRect &, int, int) const
00094978	Prepare__31cSC3CitySpriteInstUseCSMTerrainiib	cSC3CitySpriteInstUseCSMTerrain::Prepare(int, int, bool)
000949d8	Unprepare__31cSC3CitySpriteInstUseCSMTerrainii	cSC3CitySpriteInstUseCSMTerrain::Unprepare(int, int)
00094a28	SetHilite__31cSC3CitySpriteInstUseCSMTerrainUi	cSC3CitySpriteInstUseCSMTerrain::SetHilite(unsigned int)
00094a8c	Draw__C31cSC3CitySpriteInstUseCSMTerrainP10cIGZBufferiiiiP7cRZRect	cSC3CitySpriteInstUseCSMTerrain::Draw(cIGZBuffer *, int, int, int, int, cRZRect *) const
00094afc	Draw__C31cSC3CitySpriteInstUseCSMTerrainP10cIGZBufferRC7cRZRectiiP7cRZRect	cSC3CitySpriteInstUseCSMTerrain::Draw(cIGZBuffer *, cRZRect const &, int, int, cRZRect *) const
00094b88	SetNext__31cSC3CitySpriteInstUseCSMTerrainP19cISC3CitySpriteInst	cSC3CitySpriteInstUseCSMTerrain::SetNext(cISC3CitySpriteInst *)
00094bd4	GetNext__31cSC3CitySpriteInstUseCSMTerrain	cSC3CitySpriteInstUseCSMTerrain::GetNext(void)
00094be4	__21cSC3CitySpriteManager	cSC3CitySpriteManager::cSC3CitySpriteManager(void)
00094ecc	Init__21cSC3CitySpriteManagerP9cISC3CityP22cISC3CitySpriteCellMap	cSC3CitySpriteManager::Init(cISC3City *, cISC3CitySpriteCellMap *)
000951a0	Shutdown__21cSC3CitySpriteManager	cSC3CitySpriteManager::Shutdown(void)
00095514	Register__21cSC3CitySpriteManager	cSC3CitySpriteManager::Register(void)
00095648	RegisterTerrain__21cSC3CitySpriteManager	cSC3CitySpriteManager::RegisterTerrain(void)
00095af4	Unregister__21cSC3CitySpriteManager	cSC3CitySpriteManager::Unregister(void)
00095e7c	DoMessage__21cSC3CitySpriteManagerR10cGZMessage	cSC3CitySpriteManager::DoMessage(cGZMessage &)
000963e0	CellChanged__21cSC3CitySpriteManagerUiUiUiUiUi	cSC3CitySpriteManager::CellChanged(unsigned int, unsigned int, unsigned int, unsigned int, unsigned int)
000966c8	CellChanged__21cSC3CitySpriteManagerUiPCUiUi	cSC3CitySpriteManager::CellChanged(unsigned int, unsigned int const *, unsigned int)
0009699c	SetCityViewFlags__21cSC3CitySpriteManagerUib	cSC3CitySpriteManager::SetCityViewFlags(unsigned int, bool)
00096b40	SetViewID__21cSC3CitySpriteManagerib	cSC3CitySpriteManager::SetViewID(int, bool)
00096f10	ShowOrHideOccupants__21cSC3CitySpriteManagerP20cISC3OccupantManagerP23cISC3OccManIteratorTestb	cSC3CitySpriteManager::ShowOrHideOccupants(cISC3OccupantManager *, cISC3OccManIteratorTest *, bool)
00097430	ShowAllOccupants__21cSC3CitySpriteManagerP20cISC3OccupantManagerb	cSC3CitySpriteManager::ShowAllOccupants(cISC3OccupantManager *, bool)
00097610	ShowOccupants__21cSC3CitySpriteManagerP20cISC3OccupantManagerP23cISC3OccManIteratorTest	cSC3CitySpriteManager::ShowOccupants(cISC3OccupantManager *, cISC3OccManIteratorTest *)
000977d0	HideOccupants__21cSC3CitySpriteManagerP20cISC3OccupantManagerP23cISC3OccManIteratorTest	cSC3CitySpriteManager::HideOccupants(cISC3OccupantManager *, cISC3OccManIteratorTest *)
00097990	OccupantChanged__21cSC3CitySpriteManagerUiP13cISC3OccupantiPv	cSC3CitySpriteManager::OccupantChanged(unsigned int, cISC3Occupant *, int, void *)
00097b24	AcquireOccTests__21cSC3CitySpriteManager	cSC3CitySpriteManager::AcquireOccTests(void)
000980e4	SetOccupantView__21cSC3CitySpriteManagerP20cISC3OccupantManagerP23cISC3OccManIteratorTestT2bT4	cSC3CitySpriteManager::SetOccupantView(cISC3OccupantManager *, cISC3OccManIteratorTest *, cISC3OccManIteratorTest *, bool, bool)
00098868	GetUnalignedOccupantsInVolume__21cSC3CitySpriteManagerRC14cSC3CityBoundsPP13cISC3OccupantRUi	cSC3CitySpriteManager::GetUnalignedOccupantsInVolume(cSC3CityBounds const &, cISC3Occupant **, unsigned int &)
00098a14	InsertCellAlignedSprite__C21cSC3CitySpriteManagerP13cISC3Occupantb	cSC3CitySpriteManager::InsertCellAlignedSprite(cISC3Occupant *, bool) const
00099134	RemoveCellAlignedSprite__C21cSC3CitySpriteManagerP13cISC3Occupant	cSC3CitySpriteManager::RemoveCellAlignedSprite(cISC3Occupant *) const
00099348	ChangeCellAlignedSprite__C21cSC3CitySpriteManagerP13cISC3OccupantUiPvUi	cSC3CitySpriteManager::ChangeCellAlignedSprite(cISC3Occupant *, unsigned int, void *, unsigned int) const
00099880	ChangeCellAlignedSpriteInst__C21cSC3CitySpriteManagerRC13cSC3CityCoordUiPv	cSC3CitySpriteManager::ChangeCellAlignedSpriteInst(cSC3CityCoord const &, unsigned int, void *) const
00099974	InsertUnalignedSprite__C21cSC3CitySpriteManagerP13cISC3OccupantiUi	cSC3CitySpriteManager::InsertUnalignedSprite(cISC3Occupant *, int, unsigned int) const
00099ad0	RemoveUnalignedSprite__C21cSC3CitySpriteManagerP13cISC3Occupant	cSC3CitySpriteManager::RemoveUnalignedSprite(cISC3Occupant *) const
00099c10	RemoveUnalignedSprite__C21cSC3CitySpriteManagerP13cISC3Occupantiii	cSC3CitySpriteManager::RemoveUnalignedSprite(cISC3Occupant *, int, int, int) const
00099d10	MoveUnalignedSprite__C21cSC3CitySpriteManagerP13cISC3OccupantRC13cSC3CityCoord	cSC3CitySpriteManager::MoveUnalignedSprite(cISC3Occupant *, cSC3CityCoord const &) const
00099e74	ChangeUnalignedSprite__C21cSC3CitySpriteManagerP13cISC3OccupantUiPv	cSC3CitySpriteManager::ChangeUnalignedSprite(cISC3Occupant *, unsigned int, void *) const
00099fa0	ChangeUnalignedSprite__C21cSC3CitySpriteManagerP13cISC3OccupantRC13cSC3CityCoordUiPv	cSC3CitySpriteManager::ChangeUnalignedSprite(cISC3Occupant *, cSC3CityCoord const &, unsigned int, void *) const
0009a0a0	InsertUnalignedSpriteInst__C21cSC3CitySpriteManagerP19cISC3CitySpriteInstRC13cSC3CityCoordiUi	cSC3CitySpriteManager::InsertUnalignedSpriteInst(cISC3CitySpriteInst *, cSC3CityCoord const &, int, unsigned int) const
0009a1a4	RemoveUnalignedSpriteInst__C21cSC3CitySpriteManagerP19cISC3CitySpriteInstRC13cSC3CityCoord	cSC3CitySpriteManager::RemoveUnalignedSpriteInst(cISC3CitySpriteInst *, cSC3CityCoord const &) const
0009a290	MoveUnalignedSpriteInst__C21cSC3CitySpriteManagerP19cISC3CitySpriteInstRC13cSC3CityCoordT2	cSC3CitySpriteManager::MoveUnalignedSpriteInst(cISC3CitySpriteInst *, cSC3CityCoord const &, cSC3CityCoord const &) const
0009a380	ChangeUnalignedSpriteInst__C21cSC3CitySpriteManagerP19cISC3CitySpriteInstRC13cSC3CityCoordUiPv	cSC3CitySpriteManager::ChangeUnalignedSpriteInst(cISC3CitySpriteInst *, cSC3CityCoord const &, unsigned int, void *) const
0009a470	createTerrainSprite__C21cSC3CitySpriteManagerUiUiRUcPP19cISC3CitySpriteInst	cSC3CitySpriteManager::createTerrainSprite(unsigned int, unsigned int, unsigned char &, cISC3CitySpriteInst **) const
0009a6bc	SetEdgeCompass__21cSC3CitySpriteManageri	cSC3CitySpriteManager::SetEdgeCompass(int)
0009a844	UpdateEdgeElement__21cSC3CitySpriteManagerbUiUiUi	cSC3CitySpriteManager::UpdateEdgeElement(bool, unsigned int, unsigned int, unsigned int)
0009aa74	AddEdgeElement__21cSC3CitySpriteManagerbUiUiUi	cSC3CitySpriteManager::AddEdgeElement(bool, unsigned int, unsigned int, unsigned int)
0009abc0	InitCityViewEffects__21cSC3CitySpriteManager	cSC3CitySpriteManager::InitCityViewEffects(void)
0009b0e4	ShutdownCityViewEffects__21cSC3CitySpriteManager	cSC3CitySpriteManager::ShutdownCityViewEffects(void)
0009b270	HandlePlumbingLayerUpdate__21cSC3CitySpriteManager	cSC3CitySpriteManager::HandlePlumbingLayerUpdate(void)
0009b398	Test__15cSC3SurfaceTestP13cISC3Occupant	cSC3SurfaceTest::Test(cISC3Occupant *)
0009b4d0	_._21cSC3CitySpriteManager	cSC3CitySpriteManager::~cSC3CitySpriteManager(void)
0009b51c	QueryInterface__21cSC3CitySpriteManagerUiPPv	cSC3CitySpriteManager::QueryInterface(unsigned int, void **)
0009b5b4	AddRef__21cSC3CitySpriteManager	cSC3CitySpriteManager::AddRef(void)
0009b5f4	Release__21cSC3CitySpriteManager	cSC3CitySpriteManager::Release(void)
0009b658	CellChangedAll__21cSC3CitySpriteManagerUi	cSC3CitySpriteManager::CellChangedAll(unsigned int)
0009b744	CellChanged__21cSC3CitySpriteManagerUiUiUi	cSC3CitySpriteManager::CellChanged(unsigned int, unsigned int, unsigned int)
0009b848	isRegionHighlighted__C21cSC3CitySpriteManagerUiUiUiUiRUi	cSC3CitySpriteManager::isRegionHighlighted(unsigned int, unsigned int, unsigned int, unsigned int, unsigned int &) const
0009b938	GetViewID__C21cSC3CitySpriteManagerRi	cSC3CitySpriteManager::GetViewID(int &) const
0009b954	SetGrid__21cSC3CitySpriteManagerb	cSC3CitySpriteManager::SetGrid(bool)
0009b99c	SetCityViewFlag__21cSC3CitySpriteManagerUibT2	cSC3CitySpriteManager::SetCityViewFlag(unsigned int, bool, bool)
0009b9f4	GetCityViewFlag__C21cSC3CitySpriteManagerUi	cSC3CitySpriteManager::GetCityViewFlag(unsigned int) const
0009ba0c	GetCityViewFlags__C21cSC3CitySpriteManager	cSC3CitySpriteManager::GetCityViewFlags(void) const
0009ba1c	TestCityViewFlags__C21cSC3CitySpriteManagerUi	cSC3CitySpriteManager::TestCityViewFlags(unsigned int) const
0009ba34	ClearCityViewFlags__21cSC3CitySpriteManager	cSC3CitySpriteManager::ClearCityViewFlags(void)
0009ba4c	OccupantInserted__21cSC3CitySpriteManagerUiP13cISC3Occupant	cSC3CitySpriteManager::OccupantInserted(unsigned int, cISC3Occupant *)
0009bac0	OccupantRemoved__21cSC3CitySpriteManagerUiP13cISC3Occupant	cSC3CitySpriteManager::OccupantRemoved(unsigned int, cISC3Occupant *)
0009bb2c	OccupantMoved__21cSC3CitySpriteManagerUiP13cISC3OccupantRC13cSC3CityCoord	cSC3CitySpriteManager::OccupantMoved(unsigned int, cISC3Occupant *, cSC3CityCoord const &)
0009bb90	OccupantChanged__21cSC3CitySpriteManagerUiP13cISC3Occupanti	cSC3CitySpriteManager::OccupantChanged(unsigned int, cISC3Occupant *, int)
0009bbcc	GetCurrentOccupantManager__21cSC3CitySpriteManager	cSC3CitySpriteManager::GetCurrentOccupantManager(void)
0009bbe0	DoDataViewChange__21cSC3CitySpriteManager	cSC3CitySpriteManager::DoDataViewChange(void)
0009bc30	SetupViewFilters__21cSC3CitySpriteManager	cSC3CitySpriteManager::SetupViewFilters(void)
0009bc60	CellNormallyHasZoneColor__21cSC3CitySpriteManagerUiUi	cSC3CitySpriteManager::CellNormallyHasZoneColor(unsigned int, unsigned int)
0009bcb4	OccupantIsDirtClod__C21cSC3CitySpriteManagerP19cISC3CitySpriteInstb	cSC3CitySpriteManager::OccupantIsDirtClod(cISC3CitySpriteInst *, bool) const
0009bd54	OccupantIsDirtClod__C21cSC3CitySpriteManagerUiUibP20cISC3OccupantManager	cSC3CitySpriteManager::OccupantIsDirtClod(unsigned int, unsigned int, bool, cISC3OccupantManager *) const
0009be44	OccupantIsDirtClod__C21cSC3CitySpriteManagerP13cISC3OccupantbP20cISC3OccupantManager	cSC3CitySpriteManager::OccupantIsDirtClod(cISC3Occupant *, bool, cISC3OccupantManager *) const
0009bf70	RemoveAndInsertCellAlignedSprites__C21cSC3CitySpriteManagerP13cISC3OccupantT1	cSC3CitySpriteManager::RemoveAndInsertCellAlignedSprites(cISC3Occupant *, cISC3Occupant *) const
0009c018	InsertUnalignedSprite__C21cSC3CitySpriteManagerP13cISC3OccupantiiiiUi	cSC3CitySpriteManager::InsertUnalignedSprite(cISC3Occupant *, int, int, int, int, unsigned int) const
0009c130	MoveUnalignedSprite__C21cSC3CitySpriteManagerP13cISC3Occupantiiiiii	cSC3CitySpriteManager::MoveUnalignedSprite(cISC3Occupant *, int, int, int, int, int, int) const
0009c230	ChangeUnalignedSprite__C21cSC3CitySpriteManagerP13cISC3OccupantiiUiPv	cSC3CitySpriteManager::ChangeUnalignedSprite(cISC3Occupant *, int, int, unsigned int, void *) const
0009c330	updateEntireTerrainMesh__C21cSC3CitySpriteManagerb	cSC3CitySpriteManager::updateEntireTerrainMesh(bool) const
0009c3d0	updateTerrainMesh__C21cSC3CitySpriteManagerUiUiUiUib	cSC3CitySpriteManager::updateTerrainMesh(unsigned int, unsigned int, unsigned int, unsigned int, bool) const
0009c434	updateTerrainQuad__C21cSC3CitySpriteManagerUiUib	cSC3CitySpriteManager::updateTerrainQuad(unsigned int, unsigned int, bool) const
0009c4ec	createTerrainSpriteDefault__C21cSC3CitySpriteManagerUiUiRUcPP19cISC3CitySpriteInst	cSC3CitySpriteManager::createTerrainSpriteDefault(unsigned int, unsigned int, unsigned char &, cISC3CitySpriteInst **) const
0009c540	createTerrainSpriteColorData__C21cSC3CitySpriteManagerUiUiUcUsRUcPP19cISC3CitySpriteInst	cSC3CitySpriteManager::createTerrainSpriteColorData(unsigned int, unsigned int, unsigned char, unsigned short, unsigned char &, cISC3CitySpriteInst **) const
0009c5c0	createTerrainSpriteBlendData__C21cSC3CitySpriteManagerUiUiUsRUcPP19cISC3CitySpriteInst	cSC3CitySpriteManager::createTerrainSpriteBlendData(unsigned int, unsigned int, unsigned short, unsigned char &, cISC3CitySpriteInst **) const
0009c61c	createTerrainSpriteCellCursor__C21cSC3CitySpriteManagerUiUiRUcPP19cISC3CitySpriteInst	cSC3CitySpriteManager::createTerrainSpriteCellCursor(unsigned int, unsigned int, unsigned char &, cISC3CitySpriteInst **) const
0009c6c8	createTerrainSpriteZone__C21cSC3CitySpriteManagerUiUiRUcPP19cISC3CitySpriteInst	cSC3CitySpriteManager::createTerrainSpriteZone(unsigned int, unsigned int, unsigned char &, cISC3CitySpriteInst **) const
0009c774	createTerrainSpriteLandValue__C21cSC3CitySpriteManagerUiUiRUcPP19cISC3CitySpriteInst	cSC3CitySpriteManager::createTerrainSpriteLandValue(unsigned int, unsigned int, unsigned char &, cISC3CitySpriteInst **) const
0009c880	createTerrainSpriteAura__C21cSC3CitySpriteManagerUiUiRUcPP19cISC3CitySpriteInst	cSC3CitySpriteManager::createTerrainSpriteAura(unsigned int, unsigned int, unsigned char &, cISC3CitySpriteInst **) const
0009ca30	createTerrainSpriteTraffic__C21cSC3CitySpriteManagerUiUiRUcPP19cISC3CitySpriteInst	cSC3CitySpriteManager::createTerrainSpriteTraffic(unsigned int, unsigned int, unsigned char &, cISC3CitySpriteInst **) const
0009cc5c	createTerrainSpritePipe__C21cSC3CitySpriteManagerUiUiRUcPP19cISC3CitySpriteInst	cSC3CitySpriteManager::createTerrainSpritePipe(unsigned int, unsigned int, unsigned char &, cISC3CitySpriteInst **) const
0009cef0	createTerrainSpriteSubway__C21cSC3CitySpriteManagerUiUiRUcPP19cISC3CitySpriteInst	cSC3CitySpriteManager::createTerrainSpriteSubway(unsigned int, unsigned int, unsigned char &, cISC3CitySpriteInst **) const
0009d0a8	createTerrainSpriteCrime__C21cSC3CitySpriteManagerUiUiRUcPP19cISC3CitySpriteInst	cSC3CitySpriteManager::createTerrainSpriteCrime(unsigned int, unsigned int, unsigned char &, cISC3CitySpriteInst **) const
0009d1b8	createTerrainSpriteFlammability__C21cSC3CitySpriteManagerUiUiRUcPP19cISC3CitySpriteInst	cSC3CitySpriteManager::createTerrainSpriteFlammability(unsigned int, unsigned int, unsigned char &, cISC3CitySpriteInst **) const
0009d2d0	createTerrainSpritePollution__C21cSC3CitySpriteManagerUiUiRUcPP19cISC3CitySpriteInst	cSC3CitySpriteManager::createTerrainSpritePollution(unsigned int, unsigned int, unsigned char &, cISC3CitySpriteInst **) const
0009d400	createTerrainSpritePower__C21cSC3CitySpriteManagerUiUiRUcPP19cISC3CitySpriteInst	cSC3CitySpriteManager::createTerrainSpritePower(unsigned int, unsigned int, unsigned char &, cISC3CitySpriteInst **) const
0009d530	createTerrainSpritePopulation__C21cSC3CitySpriteManagerUiUiRUcPP19cISC3CitySpriteInst	cSC3CitySpriteManager::createTerrainSpritePopulation(unsigned int, unsigned int, unsigned char &, cISC3CitySpriteInst **) const
0009d64c	createTerrainSpriteLife__C21cSC3CitySpriteManagerUiUiRUcPP19cISC3CitySpriteInst	cSC3CitySpriteManager::createTerrainSpriteLife(unsigned int, unsigned int, unsigned char &, cISC3CitySpriteInst **) const
0009d65c	InitEdges__21cSC3CitySpriteManager	cSC3CitySpriteManager::InitEdges(void)
0009d6fc	ShutdownEdges__21cSC3CitySpriteManager	cSC3CitySpriteManager::ShutdownEdges(void)
0009d784	GetEdgeElementCoords__21cSC3CitySpriteManagerbUiRUiT3	cSC3CitySpriteManager::GetEdgeElementCoords(bool, unsigned int, unsigned int &, unsigned int &)
0009d878	RemoveEdgeElement__21cSC3CitySpriteManagerbUiUiUi	cSC3CitySpriteManager::RemoveEdgeElement(bool, unsigned int, unsigned int, unsigned int)
0009d938	IsEdge__21cSC3CitySpriteManagerUiUiRbRUi	cSC3CitySpriteManager::IsEdge(unsigned int, unsigned int, bool &, unsigned int &)
0009da3c	ShowSurfaceCityViewEffects__21cSC3CitySpriteManagerb	cSC3CitySpriteManager::ShowSurfaceCityViewEffects(bool)
0009da48	__13cSC3EmptyTest	cSC3EmptyTest::cSC3EmptyTest(void)
0009da84	QueryInterface__13cSC3EmptyTestUiPPv	cSC3EmptyTest::QueryInterface(unsigned int, void **)
0009dadc	AddRef__13cSC3EmptyTest	cSC3EmptyTest::AddRef(void)
0009daf8	Release__13cSC3EmptyTest	cSC3EmptyTest::Release(void)
0009db30	Test__13cSC3EmptyTestP13cISC3Occupant	cSC3EmptyTest::Test(cISC3Occupant *)
0009db40	__15cSC3SurfaceTestP14cISC3ZoneLayer	cSC3SurfaceTest::cSC3SurfaceTest(cISC3ZoneLayer *)
0009db9c	SetTest__15cSC3SurfaceTestbN51	cSC3SurfaceTest::SetTest(bool, bool, bool, bool, bool, bool)
0009dbd0	Test__15cSC3TrafficTestP13cISC3Occupant	cSC3TrafficTest::Test(cISC3Occupant *)
0009dc00	Test__20cSC3FlammabilityTestP13cISC3Occupant	cSC3FlammabilityTest::Test(cISC3Occupant *)
0009dc60	Test__13cSC3CrimeTestP13cISC3Occupant	cSC3CrimeTest::Test(cISC3Occupant *)
0009dcc0	Test__13cSC3PowerTestP13cISC3Occupant	cSC3PowerTest::Test(cISC3Occupant *)
0009dd34	GetBounds__C27cSC3CityViewEffectsOccupantR14cSC3CityBounds	cSC3CityViewEffectsOccupant::GetBounds(cSC3CityBounds &) const
0009de1c	_._27cSC3CityViewEffectsOccupant	cSC3CityViewEffectsOccupant::~cSC3CityViewEffectsOccupant(void)
0009de50	GetIsInCityFlag__C27cSC3CityViewEffectsOccupant	cSC3CityViewEffectsOccupant::GetIsInCityFlag(void) const
0009de60	SetIsInCityFlag__27cSC3CityViewEffectsOccupantUi	cSC3CityViewEffectsOccupant::SetIsInCityFlag(unsigned int)
0009de70	TestIsInCityFlag__C27cSC3CityViewEffectsOccupantUi	cSC3CityViewEffectsOccupant::TestIsInCityFlag(unsigned int) const
0009de84	ClearIsInCityFlag__27cSC3CityViewEffectsOccupantUi	cSC3CityViewEffectsOccupant::ClearIsInCityFlag(unsigned int)
0009de98	GetGeomFlag__27cSC3CityViewEffectsOccupant	cSC3CityViewEffectsOccupant::GetGeomFlag(void)
0009dea8	IsGeomFlag__27cSC3CityViewEffectsOccupantUi	cSC3CityViewEffectsOccupant::IsGeomFlag(unsigned int)
0009dec0	SetGeomFlag__27cSC3CityViewEffectsOccupantUi	cSC3CityViewEffectsOccupant::SetGeomFlag(unsigned int)
0009ded4	ClearGeomFlag__27cSC3CityViewEffectsOccupantUi	cSC3CityViewEffectsOccupant::ClearGeomFlag(unsigned int)
0009deec	GetSpriteInst__27cSC3CityViewEffectsOccupantUi	cSC3CityViewEffectsOccupant::GetSpriteInst(unsigned int)
0009df3c	Tick__27cSC3CityViewEffectsOccupantUi	cSC3CityViewEffectsOccupant::Tick(unsigned int)
0009df48	Init__27cSC3CityViewEffectsOccupantR14cGZResourceKey	cSC3CityViewEffectsOccupant::Init(cGZResourceKey &)
0009df54	Init__27cSC3CityViewEffectsOccupantP19cISC3OccupantAttrib	cSC3CityViewEffectsOccupant::Init(cISC3OccupantAttrib *)
0009df60	Init__27cSC3CityViewEffectsOccupantP9cISC3CityP19cISC3OccPersistInfo	cSC3CityViewEffectsOccupant::Init(cISC3City *, cISC3OccPersistInfo *)
0009df6c	Shutdown__27cSC3CityViewEffectsOccupant	cSC3CityViewEffectsOccupant::Shutdown(void)
0009df74	Save__27cSC3CityViewEffectsOccupantP9cISC3CityR19cISC3OccPersistInfo	cSC3CityViewEffectsOccupant::Save(cISC3City *, cISC3OccPersistInfo &)
0009df80	IsInCity__C27cSC3CityViewEffectsOccupant	cSC3CityViewEffectsOccupant::IsInCity(void) const
0009df94	MajorType__C27cSC3CityViewEffectsOccupant	cSC3CityViewEffectsOccupant::MajorType(void) const
0009dfa0	GetOccLayerFlag__27cSC3CityViewEffectsOccupant	cSC3CityViewEffectsOccupant::GetOccLayerFlag(void)
0009dfac	SetOccLayerFlag__27cSC3CityViewEffectsOccupantUi	cSC3CityViewEffectsOccupant::SetOccLayerFlag(unsigned int)
0009dfb4	DoQueryInfo__27cSC3CityViewEffectsOccupantR10cGZMessageP11cIGZUnknown	cSC3CityViewEffectsOccupant::DoQueryInfo(cGZMessage &, cIGZUnknown *)
0009dfc0	DoMessage__27cSC3CityViewEffectsOccupantR10cGZMessage	cSC3CityViewEffectsOccupant::DoMessage(cGZMessage &)
0009dfcc	TypeId__C27cSC3CityViewEffectsOccupant	cSC3CityViewEffectsOccupant::TypeId(void) const
0009dfd8	AnimType__C27cSC3CityViewEffectsOccupant	cSC3CityViewEffectsOccupant::AnimType(void) const
0009dfe4	AnimStart__27cSC3CityViewEffectsOccupant	cSC3CityViewEffectsOccupant::AnimStart(void)
0009dfec	AnimStop__27cSC3CityViewEffectsOccupant	cSC3CityViewEffectsOccupant::AnimStop(void)
0009dff4	CanSimRemove__C27cSC3CityViewEffectsOccupant	cSC3CityViewEffectsOccupant::CanSimRemove(void) const
0009e000	SetSimRemove__27cSC3CityViewEffectsOccupantb	cSC3CityViewEffectsOccupant::SetSimRemove(bool)
0009e008	CanUserRemove__C27cSC3CityViewEffectsOccupant	cSC3CityViewEffectsOccupant::CanUserRemove(void) const
0009e014	SetUserRemove__27cSC3CityViewEffectsOccupantb	cSC3CityViewEffectsOccupant::SetUserRemove(bool)
0009e01c	GetName__27cSC3CityViewEffectsOccupantR10cIGZString	cSC3CityViewEffectsOccupant::GetName(cIGZString &)
0009e028	GetAttribData__27cSC3CityViewEffectsOccupant	cSC3CityViewEffectsOccupant::GetAttribData(void)
0009e034	GetSubSystemData__27cSC3CityViewEffectsOccupantUiPPv	cSC3CityViewEffectsOccupant::GetSubSystemData(unsigned int, void **)
0009e040	CityAgentType__27cSC3CityViewEffectsOccupant	cSC3CityViewEffectsOccupant::CityAgentType(void)
0009e04c	GetOrientation__C27cSC3CityViewEffectsOccupantRUsN21	cSC3CityViewEffectsOccupant::GetOrientation(unsigned short &, unsigned short &, unsigned short &) const
0009e054	GetRotationFlag__C27cSC3CityViewEffectsOccupantRUi	cSC3CityViewEffectsOccupant::GetRotationFlag(unsigned int &) const
0009e060	GetBoundingRectInAnimCellCoords__C27cSC3CityViewEffectsOccupantR14sIGZRectUint32	cSC3CityViewEffectsOccupant::GetBoundingRectInAnimCellCoords(sIGZRectUint32 &) const
0009e068	SizeInCellsX__C27cSC3CityViewEffectsOccupant	cSC3CityViewEffectsOccupant::SizeInCellsX(void) const
0009e074	SizeInAnimCellsX__C27cSC3CityViewEffectsOccupant	cSC3CityViewEffectsOccupant::SizeInAnimCellsX(void) const
0009e080	SizeInCellsZ__C27cSC3CityViewEffectsOccupant	cSC3CityViewEffectsOccupant::SizeInCellsZ(void) const
0009e08c	SizeInAnimCellsZ__C27cSC3CityViewEffectsOccupant	cSC3CityViewEffectsOccupant::SizeInAnimCellsZ(void) const
0009e098	SizeInCellsY__C27cSC3CityViewEffectsOccupant	cSC3CityViewEffectsOccupant::SizeInCellsY(void) const
0009e0a4	SizeInAnimCellsY__C27cSC3CityViewEffectsOccupant	cSC3CityViewEffectsOccupant::SizeInAnimCellsY(void) const
0009e0b0	SetAlt__27cSC3CityViewEffectsOccupantUc	cSC3CityViewEffectsOccupant::SetAlt(unsigned char)
0009e0b8	SetAltAnimCells__27cSC3CityViewEffectsOccupantUs	cSC3CityViewEffectsOccupant::SetAltAnimCells(unsigned short)
0009e0c0	SetLocationInCellCoords__27cSC3CityViewEffectsOccupantUiUi	cSC3CityViewEffectsOccupant::SetLocationInCellCoords(unsigned int, unsigned int)
0009e0c8	SetLocationInAnimCoords__27cSC3CityViewEffectsOccupantUiUi	cSC3CityViewEffectsOccupant::SetLocationInAnimCoords(unsigned int, unsigned int)
0009e0d0	SetLocation__27cSC3CityViewEffectsOccupantRC13cSC3CityCoord	cSC3CityViewEffectsOccupant::SetLocation(cSC3CityCoord const &)
0009e0d8	SetSubTypeInfo__27cSC3CityViewEffectsOccupantUc	cSC3CityViewEffectsOccupant::SetSubTypeInfo(unsigned char)
0009e0e0	SubTypeInfo__C27cSC3CityViewEffectsOccupant	cSC3CityViewEffectsOccupant::SubTypeInfo(void) const
0009e0ec	GetSubTypeData__27cSC3CityViewEffectsOccupantUi	cSC3CityViewEffectsOccupant::GetSubTypeData(unsigned int)
0009e0f8	SetOrientation__27cSC3CityViewEffectsOccupantUsUsUs	cSC3CityViewEffectsOccupant::SetOrientation(unsigned short, unsigned short, unsigned short)
0009e100	SetRotationFlag__27cSC3CityViewEffectsOccupantUi	cSC3CityViewEffectsOccupant::SetRotationFlag(unsigned int)
0009e10c	GetMarkBit__C27cSC3CityViewEffectsOccupant	cSC3CityViewEffectsOccupant::GetMarkBit(void) const
0009e118	SetMarkBit__27cSC3CityViewEffectsOccupantb	cSC3CityViewEffectsOccupant::SetMarkBit(bool)
0009e120	SerialRead__27cSC3CityViewEffectsOccupantP9cISC3CityR18cIGZDBSerialRecord	cSC3CityViewEffectsOccupant::SerialRead(cISC3City *, cIGZDBSerialRecord &)
0009e12c	SerialWrite__27cSC3CityViewEffectsOccupantP9cISC3CityR18cIGZDBSerialRecord	cSC3CityViewEffectsOccupant::SerialWrite(cISC3City *, cIGZDBSerialRecord &)
0009e138	GetSoundObjectId__27cSC3CityViewEffectsOccupanti	cSC3CityViewEffectsOccupant::GetSoundObjectId(int)
0009e148	GetSpriteAttrib__27cSC3CityViewEffectsOccupantUi	cSC3CityViewEffectsOccupant::GetSpriteAttrib(unsigned int)
0009e194	GetSpriteAttrib__27cSC3CityViewEffectsOccupant	cSC3CityViewEffectsOccupant::GetSpriteAttrib(void)
0009e1a0	GetDefaultLayerFlag__C27cSC3CityViewEffectsOccupant	cSC3CityViewEffectsOccupant::GetDefaultLayerFlag(void) const
0009e1ac	SetDefaultLayerFlag__27cSC3CityViewEffectsOccupantUi	cSC3CityViewEffectsOccupant::SetDefaultLayerFlag(unsigned int)
0009e1b8	CreateQueryDialog__27cSC3CityViewEffectsOccupantPP13cISC3WinQuery	cSC3CityViewEffectsOccupant::CreateQueryDialog(cISC3WinQuery **)
0009e1c4	GetMemUse__C27cSC3CityViewEffectsOccupant	cSC3CityViewEffectsOccupant::GetMemUse(void) const
0009e1d0	DebugInstanceTag__27cSC3CityViewEffectsOccupantR10cIGZString	cSC3CityViewEffectsOccupant::DebugInstanceTag(cIGZString &)
0009e1dc	DebugClassTag__27cSC3CityViewEffectsOccupantR10cIGZString	cSC3CityViewEffectsOccupant::DebugClassTag(cIGZString &)
0009e1e8	DebugTypeTag__27cSC3CityViewEffectsOccupantR10cIGZString	cSC3CityViewEffectsOccupant::DebugTypeTag(cIGZString &)
0009e1f8	__27cSC3CityViewEffectsOccupant	cSC3CityViewEffectsOccupant::cSC3CityViewEffectsOccupant(void)
0009e260	AddRef__27cSC3CityViewEffectsOccupant	cSC3CityViewEffectsOccupant::AddRef(void)
0009e278	Release__27cSC3CityViewEffectsOccupant	cSC3CityViewEffectsOccupant::Release(void)
0009e2c4	QueryInterface__27cSC3CityViewEffectsOccupantUiPPv	cSC3CityViewEffectsOccupant::QueryInterface(unsigned int, void **)
0009e324	GetLocation__C27cSC3CityViewEffectsOccupantR13cSC3CityCoord	cSC3CityViewEffectsOccupant::GetLocation(cSC3CityCoord &) const
0009e3a0	GetLocationInCellCoords__C27cSC3CityViewEffectsOccupantRUiT1	cSC3CityViewEffectsOccupant::GetLocationInCellCoords(unsigned int &, unsigned int &) const
0009e418	GetBoundingRectInCellCoords__C27cSC3CityViewEffectsOccupantR14sIGZRectUint32	cSC3CityViewEffectsOccupant::GetBoundingRectInCellCoords(sIGZRectUint32 &) const
0009e48c	GetLocationInAnimCellCoords__C27cSC3CityViewEffectsOccupantRUiT1	cSC3CityViewEffectsOccupant::GetLocationInAnimCellCoords(unsigned int &, unsigned int &) const
0009e4ec	GetAlt__C27cSC3CityViewEffectsOccupant	cSC3CityViewEffectsOccupant::GetAlt(void) const
0009e530	GetAltAnimCells__C27cSC3CityViewEffectsOccupant	cSC3CityViewEffectsOccupant::GetAltAnimCells(void) const
0009e574	__15cSC3CityViewIso	cSC3CityViewIso::cSC3CityViewIso(void)
0009e7b0	Save__15cSC3CityViewIsoP9cISC3CityP13cIGZDBSegment	cSC3CityViewIso::Save(cISC3City *, cIGZDBSegment *)
0009e960	Init__15cSC3CityViewIsoP9cISC3CityP13cIGZDBSegment	cSC3CityViewIso::Init(cISC3City *, cIGZDBSegment *)
0009ef84	Init__15cSC3CityViewIsoP8cISC3AppP9cISC3City	cSC3CityViewIso::Init(cISC3App *, cISC3City *)
0009f5d0	Shutdown__15cSC3CityViewIso	cSC3CityViewIso::Shutdown(void)
0009f820	DoNextShakeFrame__15cSC3CityViewIso	cSC3CityViewIso::DoNextShakeFrame(void)
0009fa7c	Plot__15cSC3CityViewIso	cSC3CityViewIso::Plot(void)
0009fc8c	SetBackgroundBitmapForZoom__15cSC3CityViewIsoi	cSC3CityViewIso::SetBackgroundBitmapForZoom(int)
000a0030	GetViewInfo__15cSC3CityViewIsoPP17cISC3CityViewInfo	cSC3CityViewIso::GetViewInfo(cISC3CityViewInfo **)
000a03a4	SetScreenClipRect__15cSC3CityViewIsoRC7cRZRect	cSC3CityViewIso::SetScreenClipRect(cRZRect const &)
000a0488	GetZoomAndRotation__15cSC3CityViewIsoRiT1	cSC3CityViewIso::GetZoomAndRotation(int &, int &)
000a0574	SetZoomAndRotation__15cSC3CityViewIsoiib	cSC3CityViewIso::SetZoomAndRotation(int, int, bool)
000a071c	Translate__15cSC3CityViewIsoffb	cSC3CityViewIso::Translate(float, float, bool)
000a085c	NotifyClients__15cSC3CityViewIsoiii	cSC3CityViewIso::NotifyClients(int, int, int)
000a0b24	EnablePlot__15cSC3CityViewIsob	cSC3CityViewIso::EnablePlot(bool)
000a0b48	IsScreenShaking__15cSC3CityViewIso	cSC3CityViewIso::IsScreenShaking(void)
000a0b58	GetAnimTickManager__15cSC3CityViewIso	cSC3CityViewIso::GetAnimTickManager(void)
000a0b68	GetViewManager__15cSC3CityViewIso	cSC3CityViewIso::GetViewManager(void)
000a0b78	GetSpriteCellMap__15cSC3CityViewIso	cSC3CityViewIso::GetSpriteCellMap(void)
000a0b8c	_._15cSC3CityViewIso	cSC3CityViewIso::~cSC3CityViewIso(void)
000a0c0c	DoMessage__15cSC3CityViewIsoR10cGZMessage	cSC3CityViewIso::DoMessage(cGZMessage &)
000a0cb0	GetViewID__C15cSC3CityViewIso	cSC3CityViewIso::GetViewID(void) const
000a0cc0	GetCityViewID__C15cSC3CityViewIso	cSC3CityViewIso::GetCityViewID(void) const
000a0cf8	SetCityViewID__15cSC3CityViewIsoib	cSC3CityViewIso::SetCityViewID(int, bool)
000a0de8	SetCityViewFlag__15cSC3CityViewIsoUibT2	cSC3CityViewIso::SetCityViewFlag(unsigned int, bool, bool)
000a0e44	GetCityViewFlag__C15cSC3CityViewIsoUi	cSC3CityViewIso::GetCityViewFlag(unsigned int) const
000a0e7c	SetCityViewFlags__15cSC3CityViewIsoUib	cSC3CityViewIso::SetCityViewFlags(unsigned int, bool)
000a0ed4	GetCityViewFlags__C15cSC3CityViewIso	cSC3CityViewIso::GetCityViewFlags(void) const
000a0f08	TestCityViewFlags__C15cSC3CityViewIsoUi	cSC3CityViewIso::TestCityViewFlags(unsigned int) const
000a0f40	ClearCityViewFlags__15cSC3CityViewIso	cSC3CityViewIso::ClearCityViewFlags(void)
000a0f74	GetScreenClipRect__C15cSC3CityViewIsoR7cRZRect	cSC3CityViewIso::GetScreenClipRect(cRZRect &) const
000a0fe8	CameraGoHome__15cSC3CityViewIsob	cSC3CityViewIso::CameraGoHome(bool)
000a102c	FocusCameraOn__15cSC3CityViewIsoUiUib	cSC3CityViewIso::FocusCameraOn(unsigned int, unsigned int, bool)
000a1140	GetFocusCell__C15cSC3CityViewIsoRUiT1	cSC3CityViewIso::GetFocusCell(unsigned int &, unsigned int &) const
000a1168	GetCameraHint__15cSC3CityViewIsoP7cRZRectT1	cSC3CityViewIso::GetCameraHint(cRZRect *, cRZRect *)
000a1238	ZoomIn__15cSC3CityViewIsob	cSC3CityViewIso::ZoomIn(bool)
000a1320	ZoomOut__15cSC3CityViewIsob	cSC3CityViewIso::ZoomOut(bool)
000a1408	RotateCameraCW__15cSC3CityViewIsob	cSC3CityViewIso::RotateCameraCW(bool)
000a14e0	RotateCameraCCW__15cSC3CityViewIsob	cSC3CityViewIso::RotateCameraCCW(bool)
000a15b0	DoScreenShake__15cSC3CityViewIsoiiiibi	cSC3CityViewIso::DoScreenShake(int, int, int, int, bool, int)
000a162c	CurrentOccupantManager__15cSC3CityViewIso	cSC3CityViewIso::CurrentOccupantManager(void)
000a1660	SetAnimFrequency__15cSC3CityViewIsoRCf	cSC3CityViewIso::SetAnimFrequency(float const &)
000a1690	GetAnimFrequency__15cSC3CityViewIsoRf	cSC3CityViewIso::GetAnimFrequency(float &)
000a16a4	SetSmoothNavigation__15cSC3CityViewIsob	cSC3CityViewIso::SetSmoothNavigation(bool)
000a16b4	GetSmoothNavigation__15cSC3CityViewIso	cSC3CityViewIso::GetSmoothNavigation(void)
000a16c8	PerformPick__15cSC3CityViewIsoiiR13cSC3CityCoordb	cSC3CityViewIso::PerformPick(int, int, cSC3CityCoord &, bool)
000a1780	GetOccupantsInVolume__15cSC3CityViewIsoRC14cSC3CityBoundsPP13cISC3OccupantRUibT4	cSC3CityViewIso::GetOccupantsInVolume(cSC3CityBounds const &, cISC3Occupant **, unsigned int &, bool, bool)
000a17ec	GetCitySpriteManager__15cSC3CityViewIso	cSC3CityViewIso::GetCitySpriteManager(void)
000a17fc	GetCitySpriteCellMap__15cSC3CityViewIso	cSC3CityViewIso::GetCitySpriteCellMap(void)
000a180c	SetNotify__15cSC3CityViewIsob	cSC3CityViewIso::SetNotify(bool)
000a1820	QueryInterface__15cSC3CityViewIsoUiPPv	cSC3CityViewIso::QueryInterface(unsigned int, void **)
000a189c	AddRef__15cSC3CityViewIso	cSC3CityViewIso::AddRef(void)
000a18b8	Release__15cSC3CityViewIso	cSC3CityViewIso::Release(void)
000a1964	MakePaletteFrom16BitBuffer__FP10cIGZBufferPPUsRUi	MakePaletteFrom16BitBuffer(cIGZBuffer *, unsigned short **, unsigned int &)
000a1aec	__19cSC3DBSegmentSprite	cSC3DBSegmentSprite::cSC3DBSegmentSprite(void)
000a1b94	LoadSprite__19cSC3DBSegmentSpritePP10cIGZBufferRC14cGZResourceKey	cSC3DBSegmentSprite::LoadSprite(cIGZBuffer **, cGZResourceKey const &)
000a2218	LoadSprite__19cSC3DBSegmentSpriteP10cIGZBufferRC14cGZResourceKey	cSC3DBSegmentSprite::LoadSprite(cIGZBuffer *, cGZResourceKey const &)
000a260c	LoadImageInfo__19cSC3DBSegmentSpriteR13cSC3ImageInfoRC14cGZResourceKey	cSC3DBSegmentSprite::LoadImageInfo(cSC3ImageInfo &, cGZResourceKey const &)
000a2728	ConvertDirectoryToDBSegmentSprite__19cSC3DBSegmentSpriteRC9cRZStringT1PC9cRZStringbQ218cGZBufferColorType10eColorType	cSC3DBSegmentSprite::ConvertDirectoryToDBSegmentSprite(cRZString const &, cRZString const &, cRZString const *, bool, cGZBufferColorType::eColorType)
000a4c64	AddSpriteBmpFileToDBSegment__19cSC3DBSegmentSpriteP23cGZDBSegmentIndexedFileRC9cRZStringQ218cGZBufferColorType10eColorType	cSC3DBSegmentSprite::AddSpriteBmpFileToDBSegment(cGZDBSegmentIndexedFile *, cRZString const &, cGZBufferColorType::eColorType)
000a5ddc	ConvertSpriteBmpBufferToSegmentData__19cSC3DBSegmentSpriteP10cIGZBufferPPUcRUiT3Q218cGZBufferColorType10eColorTypeb	cSC3DBSegmentSprite::ConvertSpriteBmpBufferToSegmentData(cIGZBuffer *, unsigned char **, unsigned int &, unsigned int &, cGZBufferColorType::eColorType, bool)
000a6298	CompressNone__19cSC3DBSegmentSpriteP10cIGZBufferPPUcRUiQ218cGZBufferColorType10eColorTypeUi	cSC3DBSegmentSprite::CompressNone(cIGZBuffer *, unsigned char **, unsigned int &, cGZBufferColorType::eColorType, unsigned int)
000a644c	CompressLZ2__19cSC3DBSegmentSpriteP10cIGZBufferPPUcRUiQ218cGZBufferColorType10eColorTypeUi	cSC3DBSegmentSprite::CompressLZ2(cIGZBuffer *, unsigned char **, unsigned int &, cGZBufferColorType::eColorType, unsigned int)
000a671c	CompressP8LZ2__19cSC3DBSegmentSpriteP10cIGZBufferPPUcRUiQ218cGZBufferColorType10eColorTypeUi	cSC3DBSegmentSprite::CompressP8LZ2(cIGZBuffer *, unsigned char **, unsigned int &, cGZBufferColorType::eColorType, unsigned int)
000a6a38	CompressAlpha8LZ2__19cSC3DBSegmentSpriteP10cIGZBufferPPUcRUi	cSC3DBSegmentSprite::CompressAlpha8LZ2(cIGZBuffer *, unsigned char **, unsigned int &)
000a6bd8	ConvertSpriteBmpBufferFromSegmentData__19cSC3DBSegmentSpriteP10cIGZBufferPUcUiUiQ218cGZBufferColorType10eColorType	cSC3DBSegmentSprite::ConvertSpriteBmpBufferFromSegmentData(cIGZBuffer *, unsigned char *, unsigned int, unsigned int, cGZBufferColorType::eColorType)
000a6d48	DecompressNone__19cSC3DBSegmentSpriteP10cIGZBufferPUcUiQ218cGZBufferColorType10eColorType	cSC3DBSegmentSprite::DecompressNone(cIGZBuffer *, unsigned char *, unsigned int, cGZBufferColorType::eColorType)
000a6e5c	DecompressRLEHorizontal__19cSC3DBSegmentSpriteP10cIGZBufferPUcUiQ218cGZBufferColorType10eColorType	cSC3DBSegmentSprite::DecompressRLEHorizontal(cIGZBuffer *, unsigned char *, unsigned int, cGZBufferColorType::eColorType)
000a6f98	DecompressRLEVertical__19cSC3DBSegmentSpriteP10cIGZBufferPUcUiQ218cGZBufferColorType10eColorType	cSC3DBSegmentSprite::DecompressRLEVertical(cIGZBuffer *, unsigned char *, unsigned int, cGZBufferColorType::eColorType)
000a70c8	DecompressTRLEHorizontal__19cSC3DBSegmentSpriteP10cIGZBufferPUcUiQ218cGZBufferColorType10eColorType	cSC3DBSegmentSprite::DecompressTRLEHorizontal(cIGZBuffer *, unsigned char *, unsigned int, cGZBufferColorType::eColorType)
000a723c	DecompressTRLEVertical__19cSC3DBSegmentSpriteP10cIGZBufferPUcUiQ218cGZBufferColorType10eColorType	cSC3DBSegmentSprite::DecompressTRLEVertical(cIGZBuffer *, unsigned char *, unsigned int, cGZBufferColorType::eColorType)
000a73ac	DecompressP8TRLEHorizontal__19cSC3DBSegmentSpriteP10cIGZBufferPUcUiQ218cGZBufferColorType10eColorType	cSC3DBSegmentSprite::DecompressP8TRLEHorizontal(cIGZBuffer *, unsigned char *, unsigned int, cGZBufferColorType::eColorType)
000a7538	DecompressP8TRLEVertical__19cSC3DBSegmentSpriteP10cIGZBufferPUcUiQ218cGZBufferColorType10eColorType	cSC3DBSegmentSprite::DecompressP8TRLEVertical(cIGZBuffer *, unsigned char *, unsigned int, cGZBufferColorType::eColorType)
000a76c8	DecompressLZ2__19cSC3DBSegmentSpriteP10cIGZBufferPUcUiQ218cGZBufferColorType10eColorType	cSC3DBSegmentSprite::DecompressLZ2(cIGZBuffer *, unsigned char *, unsigned int, cGZBufferColorType::eColorType)
000a7a48	DecompressP8LZ2__19cSC3DBSegmentSpriteP10cIGZBufferPUcUiQ218cGZBufferColorType10eColorType	cSC3DBSegmentSprite::DecompressP8LZ2(cIGZBuffer *, unsigned char *, unsigned int, cGZBufferColorType::eColorType)
000a7e1c	DecompressAlpha8LZ2__19cSC3DBSegmentSpriteP10cIGZBufferPUcUi	cSC3DBSegmentSprite::DecompressAlpha8LZ2(cIGZBuffer *, unsigned char *, unsigned int)
000a8164	RegisterImageInfoFromFile__19cSC3DBSegmentSpriteRC9cRZStringRt8hash_map5Z11SmallResKeyZP13cSC3ImageInfoZt4hash1Z11SmallResKeyZt8equal_to1Z11SmallResKeyZt9allocator1ZP13cSC3ImageInfoUi	cSC3DBSegmentSprite::RegisterImageInfoFromFile(cRZString const &, hash_map<SmallResKey, cSC3ImageInfo *, hash<SmallResKey>, equal_to<SmallResKey>, allocator<cSC3ImageInfo *> > &, unsigned int)
000a8284	RegisterImageInfoFromBuffer__19cSC3DBSegmentSpritePcRt8hash_map5Z11SmallResKeyZP13cSC3ImageInfoZt4hash1Z11SmallResKeyZt8equal_to1Z11SmallResKeyZt9allocator1ZP13cSC3ImageInfoUi	cSC3DBSegmentSprite::RegisterImageInfoFromBuffer(char *, hash_map<SmallResKey, cSC3ImageInfo *, hash<SmallResKey>, equal_to<SmallResKey>, allocator<cSC3ImageInfo *> > &, unsigned int)
000a8ef8	ValidateAllSpriteData__19cSC3DBSegmentSprite	cSC3DBSegmentSprite::ValidateAllSpriteData(void)
000a90d0	PrintSpriteStatistics__19cSC3DBSegmentSprite	cSC3DBSegmentSprite::PrintSpriteStatistics(void)
000a926c	Make8BitPalettedBufferFrom16BitBuffer__FP10cIGZBufferPP14PalettedSpritePPUsRUi	Make8BitPalettedBufferFrom16BitBuffer(cIGZBuffer *, PalettedSprite **, unsigned short **, unsigned int &)
000a942c	SetWriteMode__19cSC3DBSegmentSpriteQ220cISC3DBSegmentSprite9WriteMode	cSC3DBSegmentSprite::SetWriteMode(cISC3DBSegmentSprite::WriteMode)
000a9440	SetSpandBufferCompileOption__19cSC3DBSegmentSpriteb	cSC3DBSegmentSprite::SetSpandBufferCompileOption(bool)
000a9454	SetGroupIDForCompilation__19cSC3DBSegmentSpriteUi	cSC3DBSegmentSprite::SetGroupIDForCompilation(unsigned int)
000a9468	SetTypeIDForCompilation__19cSC3DBSegmentSpriteUi	cSC3DBSegmentSprite::SetTypeIDForCompilation(unsigned int)
000a947c	GetPath__19cSC3DBSegmentSprite	cSC3DBSegmentSprite::GetPath(void)
000a948c	GetRecordCount__19cSC3DBSegmentSprite	cSC3DBSegmentSprite::GetRecordCount(void)
000a949c	GetIndexOfColorFromPalette__FPUsUcUsRUc	GetIndexOfColorFromPalette(unsigned short *, unsigned char, unsigned short, unsigned char &)
000a94e8	QueryInterface__19cSC3DBSegmentSpriteUiPPv	cSC3DBSegmentSprite::QueryInterface(unsigned int, void **)
000a953c	AddRef__19cSC3DBSegmentSprite	cSC3DBSegmentSprite::AddRef(void)
000a9568	Release__19cSC3DBSegmentSprite	cSC3DBSegmentSprite::Release(void)
000a9594	Init__19cSC3DBSegmentSpriteUiPC10cIGZStringb	cSC3DBSegmentSprite::Init(unsigned int, cIGZString const *, bool)
000a9620	Shutdown__19cSC3DBSegmentSprite	cSC3DBSegmentSprite::Shutdown(void)
000a964c	ConvertSpriteIDToFileName__19cSC3DBSegmentSpriteRC14cGZResourceKeyR9cRZString	cSC3DBSegmentSprite::ConvertSpriteIDToFileName(cGZResourceKey const &, cRZString &)
000a9684	ConvertSpriteBmpFilePathToResKey__19cSC3DBSegmentSpriteR14cGZResourceKeyRC9cRZString	cSC3DBSegmentSprite::ConvertSpriteBmpFilePathToResKey(cGZResourceKey &, cRZString const &)
000a9c70	AddSpriteImageInfoToDBSegment__19cSC3DBSegmentSpriteP23cGZDBSegmentIndexedFileRC14cGZResourceKeyRC13cSC3ImageInfo	cSC3DBSegmentSprite::AddSpriteImageInfoToDBSegment(cGZDBSegmentIndexedFile *, cGZResourceKey const &, cSC3ImageInfo const &)
000a9d3c	DecompressP4TRLEHorizontal__19cSC3DBSegmentSpriteP10cIGZBufferPUcUiQ218cGZBufferColorType10eColorType	cSC3DBSegmentSprite::DecompressP4TRLEHorizontal(cIGZBuffer *, unsigned char *, unsigned int, cGZBufferColorType::eColorType)
000a9d48	DecompressP4TRLEVertical__19cSC3DBSegmentSpriteP10cIGZBufferPUcUiQ218cGZBufferColorType10eColorType	cSC3DBSegmentSprite::DecompressP4TRLEVertical(cIGZBuffer *, unsigned char *, unsigned int, cGZBufferColorType::eColorType)
000a9d54	DecompressLZ1__19cSC3DBSegmentSpriteP10cIGZBufferPUcUiQ218cGZBufferColorType10eColorType	cSC3DBSegmentSprite::DecompressLZ1(cIGZBuffer *, unsigned char *, unsigned int, cGZBufferColorType::eColorType)
000a9d60	DecompressP8LZ1__19cSC3DBSegmentSpriteP10cIGZBufferPUcUiQ218cGZBufferColorType10eColorType	cSC3DBSegmentSprite::DecompressP8LZ1(cIGZBuffer *, unsigned char *, unsigned int, cGZBufferColorType::eColorType)
000a9d6c	DecompressAlpha8LZ1__19cSC3DBSegmentSpriteP10cIGZBufferPUcUi	cSC3DBSegmentSprite::DecompressAlpha8LZ1(cIGZBuffer *, unsigned char *, unsigned int)
000a9d7c	ValidateSpriteData__19cSC3DBSegmentSpritePUcUi	cSC3DBSegmentSprite::ValidateSpriteData(unsigned char *, unsigned int)
000a9df4	AddToAnimationSystem__21cSC3ToxicCloudDisplay	cSC3ToxicCloudDisplay::AddToAnimationSystem(void)
000a9f40	__21cSC3ToxicCloudDisplay	cSC3ToxicCloudDisplay::cSC3ToxicCloudDisplay(void)
000aa084	Init__21cSC3ToxicCloudDisplayUiiii	cSC3ToxicCloudDisplay::Init(unsigned int, int, int, int)
000aa280	Prepare__21cSC3ToxicCloudDisplayiib	cSC3ToxicCloudDisplay::Prepare(int, int, bool)
000aa474	RemoveFromAnimationSystem__21cSC3ToxicCloudDisplay	cSC3ToxicCloudDisplay::RemoveFromAnimationSystem(void)
000aa60c	SetSpanRects__21cSC3ToxicCloudDisplay	cSC3ToxicCloudDisplay::SetSpanRects(void)
000aa6ec	StartRaining__21cSC3ToxicCloudDisplay	cSC3ToxicCloudDisplay::StartRaining(void)
000aa840	Tick__21cSC3ToxicCloudDisplayUi	cSC3ToxicCloudDisplay::Tick(unsigned int)
000aacbc	Unprepare__21cSC3ToxicCloudDisplayii	cSC3ToxicCloudDisplay::Unprepare(int, int)
000aadc4	BlitWithSourceWrapAround__C19cSC3AcidRainDisplayP10cIGZBufferP14cIGZSpanBufferT1T1RC7cRZRectiP7cRZRectiiii	cSC3AcidRainDisplay::BlitWithSourceWrapAround(cIGZBuffer *, cIGZSpanBuffer *, cIGZBuffer *, cIGZBuffer *, cRZRect const &, int, cRZRect *, int, int, int, int) const
000ab098	__19cSC3AcidRainDisplay	cSC3AcidRainDisplay::cSC3AcidRainDisplay(void)
000ab1a8	Draw__C19cSC3AcidRainDisplayP10cIGZBufferRC7cRZRectiiP7cRZRect	cSC3AcidRainDisplay::Draw(cIGZBuffer *, cRZRect const &, int, int, cRZRect *) const
000ab358	Init__19cSC3AcidRainDisplayiii	cSC3AcidRainDisplay::Init(int, int, int)
000ab498	InitializeBufferSizeInfo__19cSC3AcidRainDisplay	cSC3AcidRainDisplay::InitializeBufferSizeInfo(void)
000ab660	Tick__19cSC3AcidRainDisplayUi	cSC3AcidRainDisplay::Tick(unsigned int)
000abb50	Unprepare__19cSC3AcidRainDisplayii	cSC3AcidRainDisplay::Unprepare(int, int)
000abc54	Init__21cSC3ToxicSteamDisplayii	cSC3ToxicSteamDisplay::Init(int, int)
000abda4	Prepare__21cSC3ToxicSteamDisplayiib	cSC3ToxicSteamDisplay::Prepare(int, int, bool)
000abef8	SetSpanRects__21cSC3ToxicSteamDisplay	cSC3ToxicSteamDisplay::SetSpanRects(void)
000abff0	Tick__21cSC3ToxicSteamDisplayUi	cSC3ToxicSteamDisplay::Tick(unsigned int)
000ac3d0	Unprepare__21cSC3ToxicSteamDisplayii	cSC3ToxicSteamDisplay::Unprepare(int, int)
000ac608	SetVelocity__21cSC3ToxicCloudDisplayRC17cRZ3DPointFloat32	cSC3ToxicCloudDisplay::SetVelocity(cRZ3DPointFloat32 const &)
000ac638	AddRef__21cSC3ToxicCloudDisplay	cSC3ToxicCloudDisplay::AddRef(void)
000ac650	Release__21cSC3ToxicCloudDisplay	cSC3ToxicCloudDisplay::Release(void)
000ac698	AddRef__19cSC3AcidRainDisplay	cSC3AcidRainDisplay::AddRef(void)
000ac6b0	Release__19cSC3AcidRainDisplay	cSC3AcidRainDisplay::Release(void)
000ac6f8	Intersects__19cSC3AcidRainDisplayiiiiRiT5	cSC3AcidRainDisplay::Intersects(int, int, int, int, int &, int &)
000ac728	Mod__19cSC3AcidRainDisplayii	cSC3AcidRainDisplay::Mod(int, int)
000ac74c	_._21cSC3ToxicCloudDisplay	cSC3ToxicCloudDisplay::~cSC3ToxicCloudDisplay(void)
000ac7c8	DoFade__21cSC3ToxicCloudDisplaybT1	cSC3ToxicCloudDisplay::DoFade(bool, bool)
000ac810	GetSpriteKey__21cSC3ToxicCloudDisplayiii	cSC3ToxicCloudDisplay::GetSpriteKey(int, int, int)
000ac830	QueryInterface__21cSC3ToxicCloudDisplayUiPPv	cSC3ToxicCloudDisplay::QueryInterface(unsigned int, void **)
000ac884	StopRaining__21cSC3ToxicCloudDisplay	cSC3ToxicCloudDisplay::StopRaining(void)
000ac89c	AddToAnimationSystem__19cSC3AcidRainDisplay	cSC3AcidRainDisplay::AddToAnimationSystem(void)
000ac920	_._19cSC3AcidRainDisplay	cSC3AcidRainDisplay::~cSC3AcidRainDisplay(void)
000ac99c	Draw__C19cSC3AcidRainDisplayP10cIGZBufferiiiiP7cRZRect	cSC3AcidRainDisplay::Draw(cIGZBuffer *, int, int, int, int, cRZRect *) const
000aca1c	DrawRainBottom__C19cSC3AcidRainDisplayiiP10cIGZBufferP14cIGZSpanBufferRC7cRZRectiP7cRZRect	cSC3AcidRainDisplay::DrawRainBottom(int, int, cIGZBuffer *, cIGZSpanBuffer *, cRZRect const &, int, cRZRect *) const
000acae8	DrawRainMiddle__C19cSC3AcidRainDisplayiiP10cIGZBufferP14cIGZSpanBufferRC7cRZRectiP7cRZRect	cSC3AcidRainDisplay::DrawRainMiddle(int, int, cIGZBuffer *, cIGZSpanBuffer *, cRZRect const &, int, cRZRect *) const
000acc68	DrawRainTop__C19cSC3AcidRainDisplayiiP10cIGZBufferP14cIGZSpanBufferRC7cRZRectiP7cRZRect	cSC3AcidRainDisplay::DrawRainTop(int, int, cIGZBuffer *, cIGZSpanBuffer *, cRZRect const &, int, cRZRect *) const
000acd28	GetSpriteKey__19cSC3AcidRainDisplayii	cSC3AcidRainDisplay::GetSpriteKey(int, int)
000acd40	Prepare__19cSC3AcidRainDisplayiib	cSC3AcidRainDisplay::Prepare(int, int, bool)
000ace30	QueryInterface__19cSC3AcidRainDisplayUiPPv	cSC3AcidRainDisplay::QueryInterface(unsigned int, void **)
000ace88	RemoveFromAnimationSystem__19cSC3AcidRainDisplay	cSC3AcidRainDisplay::RemoveFromAnimationSystem(void)
000acf40	StopRaining__19cSC3AcidRainDisplay	cSC3AcidRainDisplay::StopRaining(void)
000acf9c	AddToAnimationSystem__21cSC3ToxicSteamDisplay	cSC3ToxicSteamDisplay::AddToAnimationSystem(void)
000ad03c	__21cSC3ToxicSteamDisplay	cSC3ToxicSteamDisplay::cSC3ToxicSteamDisplay(void)
000ad0a4	_._21cSC3ToxicSteamDisplay	cSC3ToxicSteamDisplay::~cSC3ToxicSteamDisplay(void)
000ad114	GetSpriteKey__21cSC3ToxicSteamDisplayiib	cSC3ToxicSteamDisplay::GetSpriteKey(int, int, bool)
000ad150	RemoveFromAnimationSystem__21cSC3ToxicSteamDisplay	cSC3ToxicSteamDisplay::RemoveFromAnimationSystem(void)
000ad1ec	SetSteamStage__21cSC3ToxicSteamDisplayi	cSC3ToxicSteamDisplay::SetSteamStage(int)
000ad298	StopSteaming__21cSC3ToxicSteamDisplay	cSC3ToxicSteamDisplay::StopSteaming(void)
000ad394	__20cSC3RadiationDisplay	cSC3RadiationDisplay::cSC3RadiationDisplay(void)
000ad4f4	_._20cSC3RadiationDisplay	cSC3RadiationDisplay::~cSC3RadiationDisplay(void)
000ad5d4	Shutdown__20cSC3RadiationDisplay	cSC3RadiationDisplay::Shutdown(void)
000ad790	UpdateCell__20cSC3RadiationDisplayUiUib	cSC3RadiationDisplay::UpdateCell(unsigned int, unsigned int, bool)
000ae8c4	AdjustCellIconIfItHasRadiation__20cSC3RadiationDisplayUiUi	cSC3RadiationDisplay::AdjustCellIconIfItHasRadiation(unsigned int, unsigned int)
000aeb24	AddToAnimationSystem__20cSC3RadiationDisplay	cSC3RadiationDisplay::AddToAnimationSystem(void)
000aed0c	RemoveFromAnimationSystem__20cSC3RadiationDisplay	cSC3RadiationDisplay::RemoveFromAnimationSystem(void)
000aeee8	DoMessage__20cSC3RadiationDisplayR10cGZMessage	cSC3RadiationDisplay::DoMessage(cGZMessage &)
000af01c	__23cSC3NeighborTileDisplay	cSC3NeighborTileDisplay::cSC3NeighborTileDisplay(void)
000af184	_._23cSC3NeighborTileDisplay	cSC3NeighborTileDisplay::~cSC3NeighborTileDisplay(void)
000af264	Shutdown__23cSC3NeighborTileDisplay	cSC3NeighborTileDisplay::Shutdown(void)
000af3e0	RemoveFromAnimationSystem__23cSC3NeighborTileDisplay	cSC3NeighborTileDisplay::RemoveFromAnimationSystem(void)
000af62c	DoMessage__23cSC3NeighborTileDisplayR10cGZMessage	cSC3NeighborTileDisplay::DoMessage(cGZMessage &)
000af728	GetIconPositionFromOccupant__23cSC3NeighborTileDisplayP13cISC3OccupantRQ222cSC3NeighborTileSprite8RotationRUiN23	cSC3NeighborTileDisplay::GetIconPositionFromOccupant(cISC3Occupant *, cSC3NeighborTileSprite::Rotation &, unsigned int &, unsigned int &, unsigned int &)
000af94c	DoesOccupantConnectToNeighbor__23cSC3NeighborTileDisplayP13cISC3OccupantRUiT2Q224cISC3NeighborTileDisplay19OccupantManagerUsed	cSC3NeighborTileDisplay::DoesOccupantConnectToNeighbor(cISC3Occupant *, unsigned int &, unsigned int &, cISC3NeighborTileDisplay::OccupantManagerUsed)
000afadc	UpdateAll__23cSC3NeighborTileDisplay	cSC3NeighborTileDisplay::UpdateAll(void)
000b0a88	OccupantInserted__23cSC3NeighborTileDisplayP13cISC3Occupantb	cSC3NeighborTileDisplay::OccupantInserted(cISC3Occupant *, bool)
000b1818	OccupantRemoved__23cSC3NeighborTileDisplayP13cISC3Occupantb	cSC3NeighborTileDisplay::OccupantRemoved(cISC3Occupant *, bool)
000b1b5c	OccupantChanged__23cSC3NeighborTileDisplayP13cISC3Occupantb	cSC3NeighborTileDisplay::OccupantChanged(cISC3Occupant *, bool)
000b2c14	__13LightParticle	LightParticle::LightParticle(void)
000b2db0	GenerateTrailingParticle__13LightParticle	LightParticle::GenerateTrailingParticle(void)
000b2fb0	RemoveDeadParticles__13LightParticle	LightParticle::RemoveDeadParticles(void)
000b3080	GetGroundTypeForPosition__13LightParticleRC17cRZ3DPointFloat32Ri	LightParticle::GetGroundTypeForPosition(cRZ3DPointFloat32 const &, int &)
000b3180	DoTick__13LightParticlei	LightParticle::DoTick(int)
000b326c	CalculateNextPosition__13LightParticlei	LightParticle::CalculateNextPosition(int)
000b3450	DoGeneration__22ParticleBlastGeneratorRt6vector2ZP13LightParticleZt9allocator1ZP13LightParticle	ParticleBlastGenerator::DoGeneration(vector<LightParticle *, allocator<LightParticle *> > &)
000b44e4	__19LightParticleSprite	LightParticleSprite::LightParticleSprite(void)
000b45bc	ConvertPositionToCityPixel__19LightParticleSpriteRC17cRZ3DPointFloat32RiT2	LightParticleSprite::ConvertPositionToCityPixel(cRZ3DPointFloat32 const &, int &, int &)
000b4744	CalculateCurrentOutlineAndPosition__19LightParticleSpritei	LightParticleSprite::CalculateCurrentOutlineAndPosition(int)
000b4ce8	Tick__19LightParticleSpriteUi	LightParticleSprite::Tick(unsigned int)
000b528c	SetInitialSourceRectForSprite__19LightParticleSpritei	LightParticleSprite::SetInitialSourceRectForSprite(int)
000b53cc	Draw__C19LightParticleSpriteP10cIGZBufferiiiiP7cRZRect	LightParticleSprite::Draw(cIGZBuffer *, int, int, int, int, cRZRect *) const
000b5634	Draw__C19LightParticleSpriteP10cIGZBufferRC7cRZRectiiP7cRZRect	LightParticleSprite::Draw(cIGZBuffer *, cRZRect const &, int, int, cRZRect *) const
000b58a8	Prepare__19LightParticleSpriteiib	LightParticleSprite::Prepare(int, int, bool)
000b5a04	Unprepare__19LightParticleSpriteii	LightParticleSprite::Unprepare(int, int)
000b5b34	DoParticleGeneration__21cSC3ParticleSimulatoriiiii	cSC3ParticleSimulator::DoParticleGeneration(int, int, int, int, int)
000b60e4	__24cSC3WaterSplashSimulator	cSC3WaterSplashSimulator::cSC3WaterSplashSimulator(void)
000b6188	AddToAnimationSystem__24cSC3WaterSplashSimulator	cSC3WaterSplashSimulator::AddToAnimationSystem(void)
000b6230	RemoveFromAnimationSystem__24cSC3WaterSplashSimulator	cSC3WaterSplashSimulator::RemoveFromAnimationSystem(void)
000b62cc	Tick__24cSC3WaterSplashSimulatorUi	cSC3WaterSplashSimulator::Tick(unsigned int)
000b63f8	__28cSC3ExplosionDebrisSimulator	cSC3ExplosionDebrisSimulator::cSC3ExplosionDebrisSimulator(void)
000b6538	AddToAnimationSystem__28cSC3ExplosionDebrisSimulator	cSC3ExplosionDebrisSimulator::AddToAnimationSystem(void)
000b6668	RemoveFromAnimationSystem__28cSC3ExplosionDebrisSimulator	cSC3ExplosionDebrisSimulator::RemoveFromAnimationSystem(void)
000b67c0	Init__28cSC3ExplosionDebrisSimulatoriiiRC17cRZ3DPointFloat32iSc	cSC3ExplosionDebrisSimulator::Init(int, int, int, cRZ3DPointFloat32 const &, int, signed char)
000b6be4	Prepare__28cSC3ExplosionDebrisSimulatoriib	cSC3ExplosionDebrisSimulator::Prepare(int, int, bool)
000b6d58	Unprepare__28cSC3ExplosionDebrisSimulatorii	cSC3ExplosionDebrisSimulator::Unprepare(int, int)
000b6e84	SetSpanRects__28cSC3ExplosionDebrisSimulator	cSC3ExplosionDebrisSimulator::SetSpanRects(void)
000b6fb8	Tick__28cSC3ExplosionDebrisSimulatorUi	cSC3ExplosionDebrisSimulator::Tick(unsigned int)
000b7624	__22cSC3ExplosionSimulator	cSC3ExplosionSimulator::cSC3ExplosionSimulator(void)
000b7850	Init__22cSC3ExplosionSimulatoriiiScScb	cSC3ExplosionSimulator::Init(int, int, int, signed char, signed char, bool)
000b7a24	Tick__22cSC3ExplosionSimulatorUi	cSC3ExplosionSimulator::Tick(unsigned int)
000b8228	DoBlastWave__22cSC3ExplosionSimulatori	cSC3ExplosionSimulator::DoBlastWave(int)
000b871c	GetOccupantTrajectories__22cSC3ExplosionSimulatorP17cRZ3DPointFloat32T1Ui	cSC3ExplosionSimulator::GetOccupantTrajectories(cRZ3DPointFloat32 *, cRZ3DPointFloat32 *, unsigned int)
000b884c	AddToAnimationSystem__22cSC3ExplosionSimulator	cSC3ExplosionSimulator::AddToAnimationSystem(void)
000b88f4	RemoveFromAnimationSystem__22cSC3ExplosionSimulator	cSC3ExplosionSimulator::RemoveFromAnimationSystem(void)
000b89c0	SetSpanRects__22cSC3ExplosionSimulator	cSC3ExplosionSimulator::SetSpanRects(void)
000b8b90	Prepare__22cSC3ExplosionSimulatoriib	cSC3ExplosionSimulator::Prepare(int, int, bool)
000b8e3c	Unprepare__22cSC3ExplosionSimulatorii	cSC3ExplosionSimulator::Unprepare(int, int)
000b907c	__17cSC3TrailingSmoke	cSC3TrailingSmoke::cSC3TrailingSmoke(void)
000b9120	AddToAnimationSystem__17cSC3TrailingSmoke	cSC3TrailingSmoke::AddToAnimationSystem(void)
000b91c8	RemoveFromAnimationSystem__17cSC3TrailingSmoke	cSC3TrailingSmoke::RemoveFromAnimationSystem(void)
000b9264	Tick__17cSC3TrailingSmokeUi	cSC3TrailingSmoke::Tick(unsigned int)
000b9394	__14cSC3DeathSpray	cSC3DeathSpray::cSC3DeathSpray(void)
000b9438	AddToAnimationSystem__14cSC3DeathSpray	cSC3DeathSpray::AddToAnimationSystem(void)
000b94e0	RemoveFromAnimationSystem__14cSC3DeathSpray	cSC3DeathSpray::RemoveFromAnimationSystem(void)
000b957c	Tick__14cSC3DeathSprayUi	cSC3DeathSpray::Tick(unsigned int)
000b96ac	__15cSC3WaterDebris	cSC3WaterDebris::cSC3WaterDebris(void)
000b9764	AddToAnimationSystem__15cSC3WaterDebris	cSC3WaterDebris::AddToAnimationSystem(void)
000b980c	RemoveFromAnimationSystem__15cSC3WaterDebris	cSC3WaterDebris::RemoveFromAnimationSystem(void)
000b98a8	Tick__15cSC3WaterDebrisUi	cSC3WaterDebris::Tick(unsigned int)
000b9a40	__20cSC3TrajectoryObject	cSC3TrajectoryObject::cSC3TrajectoryObject(void)
000b9be8	Init__20cSC3TrajectoryObjectiiiRC17cRZ3DPointFloat32i	cSC3TrajectoryObject::Init(int, int, int, cRZ3DPointFloat32 const &, int)
000b9f30	RemoveShadow__20cSC3TrajectoryObject	cSC3TrajectoryObject::RemoveShadow(void)
000b9ff0	SetSpanRects__20cSC3TrajectoryObject	cSC3TrajectoryObject::SetSpanRects(void)
000ba0c8	Prepare__20cSC3TrajectoryObjectiib	cSC3TrajectoryObject::Prepare(int, int, bool)
000ba2d0	Unprepare__20cSC3TrajectoryObjectii	cSC3TrajectoryObject::Unprepare(int, int)
000ba464	AddToAnimationSystem__20cSC3TrajectoryObject	cSC3TrajectoryObject::AddToAnimationSystem(void)
000ba6a4	RemoveFromAnimationSystem__20cSC3TrajectoryObject	cSC3TrajectoryObject::RemoveFromAnimationSystem(void)
000ba810	Tick__20cSC3TrajectoryObjectUi	cSC3TrajectoryObject::Tick(unsigned int)
000bb2c4	DoImpact__20cSC3TrajectoryObject	cSC3TrajectoryObject::DoImpact(void)
000bb7a0	AddTrajectoryObjectToStaticList__20cSC3TrajectoryObjectP20cSC3TrajectoryObjectb	cSC3TrajectoryObject::AddTrajectoryObjectToStaticList(cSC3TrajectoryObject *, bool)
000bb884	GetCountOfTrajectoryObjectsStatic__20cSC3TrajectoryObjectUi	cSC3TrajectoryObject::GetCountOfTrajectoryObjectsStatic(unsigned int)
000bb9e0	__29cSC3NuclearExplosionSimulator	cSC3NuclearExplosionSimulator::cSC3NuclearExplosionSimulator(void)
000bbb18	Init__29cSC3NuclearExplosionSimulatoriiiScSc	cSC3NuclearExplosionSimulator::Init(int, int, int, signed char, signed char)
000bbc58	GetRandomPositionForTrailingSmoke__29cSC3NuclearExplosionSimulatorR17cRZ3DPointFloat32	cSC3NuclearExplosionSimulator::GetRandomPositionForTrailingSmoke(cRZ3DPointFloat32 &)
000bbd68	Tick__29cSC3NuclearExplosionSimulatorUi	cSC3NuclearExplosionSimulator::Tick(unsigned int)
000bc294	Prepare__29cSC3NuclearExplosionSimulatoriib	cSC3NuclearExplosionSimulator::Prepare(int, int, bool)
000bc458	Prepare__15cSC3CloudSpriteiib	cSC3CloudSprite::Prepare(int, int, bool)
000bc650	Unprepare__15cSC3CloudSpriteii	cSC3CloudSprite::Unprepare(int, int)
000bc788	Prepare__23cSC3PrecipitationSpriteiib	cSC3PrecipitationSprite::Prepare(int, int, bool)
000bc8bc	HideFromView__19cSC3LightningSprite	cSC3LightningSprite::HideFromView(void)
000bc998	MoveToPosition__19cSC3LightningSpriteRC17cRZ3DPointFloat32	cSC3LightningSprite::MoveToPosition(cRZ3DPointFloat32 const &)
000bca7c	__24cSC3WeatherViewSimulator	cSC3WeatherViewSimulator::cSC3WeatherViewSimulator(void)
000bcbb0	_._24cSC3WeatherViewSimulator	cSC3WeatherViewSimulator::~cSC3WeatherViewSimulator(void)
000bcc70	Init__24cSC3WeatherViewSimulator	cSC3WeatherViewSimulator::Init(void)
000bd004	AddToAnimationSystem__24cSC3WeatherViewSimulator	cSC3WeatherViewSimulator::AddToAnimationSystem(void)
000bd0f8	SetupInitialWeather__24cSC3WeatherViewSimulator	cSC3WeatherViewSimulator::SetupInitialWeather(void)
000bd364	ShowOrHide__24cSC3WeatherViewSimulatorb	cSC3WeatherViewSimulator::ShowOrHide(bool)
000bd46c	ShowClouds__24cSC3WeatherViewSimulatorb	cSC3WeatherViewSimulator::ShowClouds(bool)
000bd730	GenerateInitialClouds__24cSC3WeatherViewSimulatorbT1	cSC3WeatherViewSimulator::GenerateInitialClouds(bool, bool)
000bdfd8	DestroyAllClouds__24cSC3WeatherViewSimulator	cSC3WeatherViewSimulator::DestroyAllClouds(void)
000be1f8	DestroyAllPrecipitation__24cSC3WeatherViewSimulator	cSC3WeatherViewSimulator::DestroyAllPrecipitation(void)
000be2b4	DoMessage__24cSC3WeatherViewSimulatorR10cGZMessage	cSC3WeatherViewSimulator::DoMessage(cGZMessage &)
000be744	DoAnimationTick__24cSC3WeatherViewSimulatorUi	cSC3WeatherViewSimulator::DoAnimationTick(unsigned int)
000bfb84	CreateNewBirdFlock__24cSC3WeatherViewSimulatorQ224cSC3WeatherViewSimulator7Compass	cSC3WeatherViewSimulator::CreateNewBirdFlock(cSC3WeatherViewSimulator::Compass)
000bffd0	GetNewLightningStrikePosition__24cSC3WeatherViewSimulatorR17cRZ3DPointFloat32T1	cSC3WeatherViewSimulator::GetNewLightningStrikePosition(cRZ3DPointFloat32 &, cRZ3DPointFloat32 &)
000c0158	AttachPrecipitationToCloud__24cSC3WeatherViewSimulatorQ225cISC3WeatherViewSimulator17PrecipitationTypeUiUi	cSC3WeatherViewSimulator::AttachPrecipitationToCloud(cISC3WeatherViewSimulator::PrecipitationType, unsigned int, unsigned int)
000c05a0	PickRandomSeedPositionForCloud__24cSC3WeatherViewSimulatorR17cRZ3DPointFloat32b	cSC3WeatherViewSimulator::PickRandomSeedPositionForCloud(cRZ3DPointFloat32 &, bool)
000c08cc	MoveToPosition__22cSC3WaterSparkleSpriteRC17cRZ3DPointFloat32	cSC3WaterSparkleSprite::MoveToPosition(cRZ3DPointFloat32 const &)
000c0cf4	AddRef__20cSC3RadiationDisplay	cSC3RadiationDisplay::AddRef(void)
000c0d10	Release__20cSC3RadiationDisplay	cSC3RadiationDisplay::Release(void)
000c0d50	AddRef__23cSC3NeighborTileDisplay	cSC3NeighborTileDisplay::AddRef(void)
000c0d6c	Release__23cSC3NeighborTileDisplay	cSC3NeighborTileDisplay::Release(void)
000c0db0	GetW__C19LightParticleSpriteii	LightParticleSprite::GetW(int, int) const
000c0dc0	GetH__C19LightParticleSpriteii	LightParticleSprite::GetH(int, int) const
000c0dd0	GetAllSpans__C19LightParticleSpriteiiR7cRZRect	LightParticleSprite::GetAllSpans(int, int, cRZRect &) const
000c0e04	GetAreaFromPt__C19LightParticleSpriteiiR7cRZRectii	LightParticleSprite::GetAreaFromPt(int, int, cRZRect &, int, int) const
000c0e50	AddRef__21cSC3ParticleSimulator	cSC3ParticleSimulator::AddRef(void)
000c0e6c	Release__21cSC3ParticleSimulator	cSC3ParticleSimulator::Release(void)
000c0eb4	AddRef__24cSC3WaterSplashSimulator	cSC3WaterSplashSimulator::AddRef(void)
000c0ee0	Release__24cSC3WaterSplashSimulator	cSC3WaterSplashSimulator::Release(void)
000c0f0c	AddRef__28cSC3ExplosionDebrisSimulator	cSC3ExplosionDebrisSimulator::AddRef(void)
000c0f38	Release__28cSC3ExplosionDebrisSimulator	cSC3ExplosionDebrisSimulator::Release(void)
000c0f64	AddRef__22cSC3ExplosionSimulator	cSC3ExplosionSimulator::AddRef(void)
000c0f90	Release__22cSC3ExplosionSimulator	cSC3ExplosionSimulator::Release(void)
000c0fbc	AddRef__17cSC3TrailingSmoke	cSC3TrailingSmoke::AddRef(void)
000c0fe8	Release__17cSC3TrailingSmoke	cSC3TrailingSmoke::Release(void)
000c1010	SetTimeBetweenFrames__17cSC3TrailingSmokeUi	cSC3TrailingSmoke::SetTimeBetweenFrames(unsigned int)
000c1028	AddRef__14cSC3DeathSpray	cSC3DeathSpray::AddRef(void)
000c1054	Release__14cSC3DeathSpray	cSC3DeathSpray::Release(void)
000c107c	SetTimeBetweenFrames__14cSC3DeathSprayUi	cSC3DeathSpray::SetTimeBetweenFrames(unsigned int)
000c1094	AddRef__15cSC3WaterDebris	cSC3WaterDebris::AddRef(void)
000c10c0	Release__15cSC3WaterDebris	cSC3WaterDebris::Release(void)
000c10e8	SetTimeBetweenFrames__15cSC3WaterDebrisUi	cSC3WaterDebris::SetTimeBetweenFrames(unsigned int)
000c10fc	SetTimeToLive__15cSC3WaterDebrisUi	cSC3WaterDebris::SetTimeToLive(unsigned int)
000c1114	AddRef__20cSC3TrajectoryObject	cSC3TrajectoryObject::AddRef(void)
000c1140	Release__20cSC3TrajectoryObject	cSC3TrajectoryObject::Release(void)
000c1168	EnableTrailingSmoke__20cSC3TrajectoryObjectb	cSC3TrajectoryObject::EnableTrailingSmoke(bool)
000c117c	EnableCreationOutsideWorldBoundaries__20cSC3TrajectoryObjectb	cSC3TrajectoryObject::EnableCreationOutsideWorldBoundaries(bool)
000c1190	GetType__20cSC3TrajectoryObject	cSC3TrajectoryObject::GetType(void)
000c11a0	GetSourceSignature__20cSC3TrajectoryObject	cSC3TrajectoryObject::GetSourceSignature(void)
000c11b0	SetSourceSignature__20cSC3TrajectoryObjectUi	cSC3TrajectoryObject::SetSourceSignature(unsigned int)
000c11c8	AddRef__29cSC3NuclearExplosionSimulator	cSC3NuclearExplosionSimulator::AddRef(void)
000c11f4	Release__29cSC3NuclearExplosionSimulator	cSC3NuclearExplosionSimulator::Release(void)
000c1220	__19cSC3LightningSprite	cSC3LightningSprite::cSC3LightningSprite(void)
000c1280	IsInVisiblePosition__19cSC3LightningSprite	cSC3LightningSprite::IsInVisiblePosition(void)
000c12a8	GetWeatherVisibility__24cSC3WeatherViewSimulator	cSC3WeatherViewSimulator::GetWeatherVisibility(void)
000c12b8	GetAnimationTickPriority__24cSC3WeatherViewSimulatorRUcRi	cSC3WeatherViewSimulator::GetAnimationTickPriority(unsigned char &, int &)
000c12d0	AddRef__24cSC3WeatherViewSimulator	cSC3WeatherViewSimulator::AddRef(void)
000c12ec	Release__24cSC3WeatherViewSimulator	cSC3WeatherViewSimulator::Release(void)
000c1330	IsPixelOpaque__C22cSC3WaterSparkleSpriteiiii	cSC3WaterSparkleSprite::IsPixelOpaque(int, int, int, int) const
000c133c	GetW__C22cSC3WaterSparkleSpriteii	cSC3WaterSparkleSprite::GetW(int, int) const
000c1348	GetH__C22cSC3WaterSparkleSpriteii	cSC3WaterSparkleSprite::GetH(int, int) const
000c1354	GetAllSpans__C22cSC3WaterSparkleSpriteiiR7cRZRect	cSC3WaterSparkleSprite::GetAllSpans(int, int, cRZRect &) const
000c137c	GetAreaFromPt__C22cSC3WaterSparkleSpriteiiR7cRZRectii	cSC3WaterSparkleSprite::GetAreaFromPt(int, int, cRZRect &, int, int) const
000c139c	GetSpriteInst__22cSC3WaterSparkleSprite	cSC3WaterSparkleSprite::GetSpriteInst(void)
000c13ac	AddRef__22cSC3WaterSparkleSprite	cSC3WaterSparkleSprite::AddRef(void)
000c13d8	Release__22cSC3WaterSparkleSprite	cSC3WaterSparkleSprite::Release(void)
000c1400	GetGeomFlag__22cSC3WaterSparkleSprite	cSC3WaterSparkleSprite::GetGeomFlag(void)
000c1410	IsGeomFlag__22cSC3WaterSparkleSpriteUi	cSC3WaterSparkleSprite::IsGeomFlag(unsigned int)
000c142c	SetGeomFlag__22cSC3WaterSparkleSpriteUi	cSC3WaterSparkleSprite::SetGeomFlag(unsigned int)
000c1444	ClearGeomFlag__22cSC3WaterSparkleSpriteUi	cSC3WaterSparkleSprite::ClearGeomFlag(unsigned int)
000c145c	Init__22cSC3WaterSparkleSpriteP21cISC3CitySpriteAttrib	cSC3WaterSparkleSprite::Init(cISC3CitySpriteAttrib *)
000c1468	GetSpriteAttrib__22cSC3WaterSparkleSprite	cSC3WaterSparkleSprite::GetSpriteAttrib(void)
000c1474	SetSpriteAttrib__22cSC3WaterSparkleSpriteP21cISC3CitySpriteAttrib	cSC3WaterSparkleSprite::SetSpriteAttrib(cISC3CitySpriteAttrib *)
000c1480	SetRotationOffset__22cSC3WaterSparkleSpriteUc	cSC3WaterSparkleSprite::SetRotationOffset(unsigned char)
000c1488	Tick__22cSC3WaterSparkleSpriteUi	cSC3WaterSparkleSprite::Tick(unsigned int)
000c1494	GetLayerFlags__C22cSC3WaterSparkleSprite	cSC3WaterSparkleSprite::GetLayerFlags(void) const
000c14a0	GetLayerFlags32__C22cSC3WaterSparkleSprite	cSC3WaterSparkleSprite::GetLayerFlags32(void) const
000c14ac	SetHilite__22cSC3WaterSparkleSpriteUi	cSC3WaterSparkleSprite::SetHilite(unsigned int)
000c14b8	SetLayer__22cSC3WaterSparkleSpriteUc	cSC3WaterSparkleSprite::SetLayer(unsigned char)
000c14c0	SetNext__22cSC3WaterSparkleSpriteP19cISC3CitySpriteInst	cSC3WaterSparkleSprite::SetNext(cISC3CitySpriteInst *)
000c14c8	GetNext__22cSC3WaterSparkleSprite	cSC3WaterSparkleSprite::GetNext(void)
000c14d4	GetRotationOffset__C22cSC3WaterSparkleSpriteRUc	cSC3WaterSparkleSprite::GetRotationOffset(unsigned char &) const
000c14e0	Prepare__19cSC3RadiationSpriteiib	cSC3RadiationSprite::Prepare(int, int, bool)
000c156c	Unprepare__19cSC3RadiationSpriteii	cSC3RadiationSprite::Unprepare(int, int)
000c15c8	Init__20cSC3RadiationDisplayb	cSC3RadiationDisplay::Init(bool)
000c1680	QueryInterface__20cSC3RadiationDisplayUiPPv	cSC3RadiationDisplay::QueryInterface(unsigned int, void **)
000c1700	ShowOrHide__20cSC3RadiationDisplayb	cSC3RadiationDisplay::ShowOrHide(bool)
000c1744	GetIconPositionFromCell__20cSC3RadiationDisplayUiUiRUiT3	cSC3RadiationDisplay::GetIconPositionFromCell(unsigned int, unsigned int, unsigned int &, unsigned int &)
000c176c	UpdateRadiationDisplay__20cSC3RadiationDisplayPC19cISC3PollutionLayerUiUi	cSC3RadiationDisplay::UpdateRadiationDisplay(cISC3PollutionLayer const *, unsigned int, unsigned int)
000c189c	GetSpriteKey__22cSC3NeighborTileSpriteii	cSC3NeighborTileSprite::GetSpriteKey(int, int)
000c18e4	Prepare__22cSC3NeighborTileSpriteiib	cSC3NeighborTileSprite::Prepare(int, int, bool)
000c19a4	Unprepare__22cSC3NeighborTileSpriteii	cSC3NeighborTileSprite::Unprepare(int, int)
000c1a40	Init__23cSC3NeighborTileDisplayP20cISC3OccupantManagerQ224cISC3NeighborTileDisplay19OccupantManagerUsedb	cSC3NeighborTileDisplay::Init(cISC3OccupantManager *, cISC3NeighborTileDisplay::OccupantManagerUsed, bool)
000c1ae8	QueryInterface__23cSC3NeighborTileDisplayUiPPv	cSC3NeighborTileDisplay::QueryInterface(unsigned int, void **)
000c1b64	ShowOrHide__23cSC3NeighborTileDisplayb	cSC3NeighborTileDisplay::ShowOrHide(bool)
000c1bac	AddToAnimationSystem__23cSC3NeighborTileDisplay	cSC3NeighborTileDisplay::AddToAnimationSystem(void)
000c1c38	GetOccupantForCell__23cSC3NeighborTileDisplayUiUi	cSC3NeighborTileDisplay::GetOccupantForCell(unsigned int, unsigned int)
000c1c88	GetColorForAge__13LightParticlei	LightParticle::GetColorForAge(int)
000c1c94	IsCompletelyDead__13LightParticle	LightParticle::IsCompletelyDead(void)
000c1cd8	PositionIsInWorldBounds__13LightParticleRC17cRZ3DPointFloat32	LightParticle::PositionIsInWorldBounds(cRZ3DPointFloat32 const &)
000c1d90	DoGenerationOfRandomPositionWithinVolume__22ParticleBlastGeneratorRC17cRZ3DPointFloat32T1	ParticleBlastGenerator::DoGenerationOfRandomPositionWithinVolume(cRZ3DPointFloat32 const &, cRZ3DPointFloat32 const &)
000c1e2c	DoGenerationOfGenericBlastShapeType__22ParticleBlastGeneratorRt6vector2ZP13LightParticleZt9allocator1ZP13LightParticleUiQ222ParticleBlastGenerator14BlastShapeTypeUi	ParticleBlastGenerator::DoGenerationOfGenericBlastShapeType(vector<LightParticle *, allocator<LightParticle *> > &, unsigned int, ParticleBlastGenerator::BlastShapeType, unsigned int)
000c1ec0	__nw__19LightParticleSpriteUi	LightParticleSprite::operator new(unsigned int)
000c1f00	__dl__19LightParticleSpritePv	LightParticleSprite::operator delete(void *)
000c1f30	_._19LightParticleSprite	LightParticleSprite::~LightParticleSprite(void)
000c1fc4	Init__19LightParticleSpriteP13LightParticle	LightParticleSprite::Init(LightParticle *)
000c20a0	AddToAnimationSystem__19LightParticleSprite	LightParticleSprite::AddToAnimationSystem(void)
000c2144	RemoveFromAnimationSystem__19LightParticleSprite	LightParticleSprite::RemoveFromAnimationSystem(void)
000c21e0	MicroActualGridToMicroDrawGrid__19LightParticleSpriteiiiRiT4	LightParticleSprite::MicroActualGridToMicroDrawGrid(int, int, int, int &, int &)
000c2270	DrawParticle__C19LightParticleSpriteP13LightParticleP10cIGZBufferiiiP7cRZRect	LightParticleSprite::DrawParticle(LightParticle *, cIGZBuffer *, int, int, int, cRZRect *) const
000c2328	GetSpriteKey__19LightParticleSpriteii	LightParticleSprite::GetSpriteKey(int, int)
000c2394	Init__21cSC3ParticleSimulator	cSC3ParticleSimulator::Init(void)
000c23a0	QueryInterface__21cSC3ParticleSimulatorUiPPv	cSC3ParticleSimulator::QueryInterface(unsigned int, void **)
000c2400	_._24cSC3WaterSplashSimulator	cSC3WaterSplashSimulator::~cSC3WaterSplashSimulator(void)
000c247c	Init__24cSC3WaterSplashSimulatoriiiiiSc	cSC3WaterSplashSimulator::Init(int, int, int, int, int, signed char)
000c252c	GetSpriteKey__24cSC3WaterSplashSimulatoriii	cSC3WaterSplashSimulator::GetSpriteKey(int, int, int)
000c2544	SetSpanRects__24cSC3WaterSplashSimulator	cSC3WaterSplashSimulator::SetSpanRects(void)
000c25d4	Prepare__24cSC3WaterSplashSimulatoriib	cSC3WaterSplashSimulator::Prepare(int, int, bool)
000c26ac	Unprepare__24cSC3WaterSplashSimulatorii	cSC3WaterSplashSimulator::Unprepare(int, int)
000c2778	QueryInterface__24cSC3WaterSplashSimulatorUiPPv	cSC3WaterSplashSimulator::QueryInterface(unsigned int, void **)
000c27cc	_._28cSC3ExplosionDebrisSimulator	cSC3ExplosionDebrisSimulator::~cSC3ExplosionDebrisSimulator(void)
000c2850	QueryInterface__28cSC3ExplosionDebrisSimulatorUiPPv	cSC3ExplosionDebrisSimulator::QueryInterface(unsigned int, void **)
000c289c	GetSpriteKey__28cSC3ExplosionDebrisSimulatoriii	cSC3ExplosionDebrisSimulator::GetSpriteKey(int, int, int)
000c28d8	_._22cSC3ExplosionSimulator	cSC3ExplosionSimulator::~cSC3ExplosionSimulator(void)
000c2954	QueryInterface__22cSC3ExplosionSimulatorUiPPv	cSC3ExplosionSimulator::QueryInterface(unsigned int, void **)
000c29a0	SetBlastRadius__22cSC3ExplosionSimulatoriii	cSC3ExplosionSimulator::SetBlastRadius(int, int, int)
000c29c8	GetSpriteKey__22cSC3ExplosionSimulatoriiiiUi	cSC3ExplosionSimulator::GetSpriteKey(int, int, int, int, unsigned int)
000c2a30	GetW__C22cSC3ExplosionSimulatorii	cSC3ExplosionSimulator::GetW(int, int) const
000c2a68	GetH__C22cSC3ExplosionSimulatorii	cSC3ExplosionSimulator::GetH(int, int) const
000c2aa8	Draw__C22cSC3ExplosionSimulatorP10cIGZBufferiiiiP7cRZRect	cSC3ExplosionSimulator::Draw(cIGZBuffer *, int, int, int, int, cRZRect *) const
000c2b20	Draw__C22cSC3ExplosionSimulatorP10cIGZBufferRC7cRZRectiiP7cRZRect	cSC3ExplosionSimulator::Draw(cIGZBuffer *, cRZRect const &, int, int, cRZRect *) const
000c2b90	_._17cSC3TrailingSmoke	cSC3TrailingSmoke::~cSC3TrailingSmoke(void)
000c2c0c	Init__17cSC3TrailingSmokeiiii	cSC3TrailingSmoke::Init(int, int, int, int)
000c2c9c	QueryInterface__17cSC3TrailingSmokeUiPPv	cSC3TrailingSmoke::QueryInterface(unsigned int, void **)
000c2cec	Prepare__17cSC3TrailingSmokeiib	cSC3TrailingSmoke::Prepare(int, int, bool)
000c2dd8	Unprepare__17cSC3TrailingSmokeii	cSC3TrailingSmoke::Unprepare(int, int)
000c2eb4	SetSpanRects__17cSC3TrailingSmoke	cSC3TrailingSmoke::SetSpanRects(void)
000c2f44	GetSpriteKey__17cSC3TrailingSmokeiiUi	cSC3TrailingSmoke::GetSpriteKey(int, int, unsigned int)
000c2f5c	_._14cSC3DeathSpray	cSC3DeathSpray::~cSC3DeathSpray(void)
000c2fd8	Init__14cSC3DeathSprayiiii	cSC3DeathSpray::Init(int, int, int, int)
000c3068	QueryInterface__14cSC3DeathSprayUiPPv	cSC3DeathSpray::QueryInterface(unsigned int, void **)
000c30b8	Prepare__14cSC3DeathSprayiib	cSC3DeathSpray::Prepare(int, int, bool)
000c31a4	Unprepare__14cSC3DeathSprayii	cSC3DeathSpray::Unprepare(int, int)
000c3280	SetSpanRects__14cSC3DeathSpray	cSC3DeathSpray::SetSpanRects(void)
000c3310	GetSpriteKey__14cSC3DeathSprayiiUi	cSC3DeathSpray::GetSpriteKey(int, int, unsigned int)
000c3328	_._15cSC3WaterDebris	cSC3WaterDebris::~cSC3WaterDebris(void)
000c33a4	Init__15cSC3WaterDebrisiiii	cSC3WaterDebris::Init(int, int, int, int)
000c3444	QueryInterface__15cSC3WaterDebrisUiPPv	cSC3WaterDebris::QueryInterface(unsigned int, void **)
000c3498	Prepare__15cSC3WaterDebrisiib	cSC3WaterDebris::Prepare(int, int, bool)
000c3530	Unprepare__15cSC3WaterDebrisii	cSC3WaterDebris::Unprepare(int, int)
000c35b0	SetSpanRects__15cSC3WaterDebris	cSC3WaterDebris::SetSpanRects(void)
000c3640	GetSpriteKey__15cSC3WaterDebrisiiUi	cSC3WaterDebris::GetSpriteKey(int, int, unsigned int)
000c3658	_._20cSC3TrajectoryObject	cSC3TrajectoryObject::~cSC3TrajectoryObject(void)
000c36d0	AddShadow__20cSC3TrajectoryObjectUiUi	cSC3TrajectoryObject::AddShadow(unsigned int, unsigned int)
000c36fc	QueryInterface__20cSC3TrajectoryObjectUiPPv	cSC3TrajectoryObject::QueryInterface(unsigned int, void **)
000c374c	SetTrajectoryType__20cSC3TrajectoryObjectQ221cISC3TrajectoryObject14TrajectoryTypePv	cSC3TrajectoryObject::SetTrajectoryType(cISC3TrajectoryObject::TrajectoryType, void *)
000c37c0	GetSpriteKey__20cSC3TrajectoryObjectiiiUi	cSC3TrajectoryObject::GetSpriteKey(int, int, int, unsigned int)
000c3814	GetCountOfTrajectoryObjects__20cSC3TrajectoryObjectUi	cSC3TrajectoryObject::GetCountOfTrajectoryObjects(unsigned int)
000c3840	_._29cSC3NuclearExplosionSimulator	cSC3NuclearExplosionSimulator::~cSC3NuclearExplosionSimulator(void)
000c38bc	AddToAnimationSystem__29cSC3NuclearExplosionSimulator	cSC3NuclearExplosionSimulator::AddToAnimationSystem(void)
000c395c	RemoveFromAnimationSystem__29cSC3NuclearExplosionSimulator	cSC3NuclearExplosionSimulator::RemoveFromAnimationSystem(void)
000c39f8	GetCoordinatesForPowerPlantExplosion__29cSC3NuclearExplosionSimulatoriiRiN23	cSC3NuclearExplosionSimulator::GetCoordinatesForPowerPlantExplosion(int, int, int &, int &, int &)
000c3ac8	QueryInterface__29cSC3NuclearExplosionSimulatorUiPPv	cSC3NuclearExplosionSimulator::QueryInterface(unsigned int, void **)
000c3b1c	Unprepare__29cSC3NuclearExplosionSimulatorii	cSC3NuclearExplosionSimulator::Unprepare(int, int)
000c3c18	GetSpriteKey__29cSC3NuclearExplosionSimulatorUiii	cSC3NuclearExplosionSimulator::GetSpriteKey(unsigned int, int, int)
000c3c30	__15cSC3CloudSpritei	cSC3CloudSprite::cSC3CloudSprite(int)
000c3cf8	Draw__C15cSC3CloudSpriteP10cIGZBufferiiiiP7cRZRect	cSC3CloudSprite::Draw(cIGZBuffer *, int, int, int, int, cRZRect *) const
000c3d44	Draw__C15cSC3CloudSpriteP10cIGZBufferRC7cRZRectiiP7cRZRect	cSC3CloudSprite::Draw(cIGZBuffer *, cRZRect const &, int, int, cRZRect *) const
000c3d90	SetSpanRects__15cSC3CloudSprite	cSC3CloudSprite::SetSpanRects(void)
000c3e20	GetSpriteKey__15cSC3CloudSpriteiii	cSC3CloudSprite::GetSpriteKey(int, int, int)
000c3e38	__23cSC3PrecipitationSprite	cSC3PrecipitationSprite::cSC3PrecipitationSprite(void)
000c3ee4	Draw__C23cSC3PrecipitationSpriteP10cIGZBufferiiiiP7cRZRect	cSC3PrecipitationSprite::Draw(cIGZBuffer *, int, int, int, int, cRZRect *) const
000c3f30	Draw__C23cSC3PrecipitationSpriteP10cIGZBufferRC7cRZRectiiP7cRZRect	cSC3PrecipitationSprite::Draw(cIGZBuffer *, cRZRect const &, int, int, cRZRect *) const
000c3f80	Unprepare__23cSC3PrecipitationSpriteii	cSC3PrecipitationSprite::Unprepare(int, int)
000c4064	GetSpriteKey__23cSC3PrecipitationSpriteiii	cSC3PrecipitationSprite::GetSpriteKey(int, int, int)
000c407c	SetSpanRects__23cSC3PrecipitationSprite	cSC3PrecipitationSprite::SetSpanRects(void)
000c410c	AddToAnimationSystem__19cSC3LightningSprite	cSC3LightningSprite::AddToAnimationSystem(void)
000c41b4	RemoveFromAnimationSystem__19cSC3LightningSprite	cSC3LightningSprite::RemoveFromAnimationSystem(void)
000c427c	Draw__C19cSC3LightningSpriteP10cIGZBufferiiiiP7cRZRect	cSC3LightningSprite::Draw(cIGZBuffer *, int, int, int, int, cRZRect *) const
000c42d0	Draw__C19cSC3LightningSpriteP10cIGZBufferRC7cRZRectiiP7cRZRect	cSC3LightningSprite::Draw(cIGZBuffer *, cRZRect const &, int, int, cRZRect *) const
000c4320	Prepare__19cSC3LightningSpriteiib	cSC3LightningSprite::Prepare(int, int, bool)
000c43d4	Unprepare__19cSC3LightningSpriteii	cSC3LightningSprite::Unprepare(int, int)
000c4430	Shutdown__24cSC3WeatherViewSimulator	cSC3WeatherViewSimulator::Shutdown(void)
000c44a0	QueryInterface__24cSC3WeatherViewSimulatorUiPPv	cSC3WeatherViewSimulator::QueryInterface(unsigned int, void **)
000c4540	RemoveFromAnimationSystem__24cSC3WeatherViewSimulator	cSC3WeatherViewSimulator::RemoveFromAnimationSystem(void)
000c45f8	SetVisibilityFlags__24cSC3WeatherViewSimulatoriii	cSC3WeatherViewSimulator::SetVisibilityFlags(int, int, int)
000c4680	ClearVisibilityFlags__24cSC3WeatherViewSimulatoriii	cSC3WeatherViewSimulator::ClearVisibilityFlags(int, int, int)
000c4714	SetLevel__24cSC3WeatherViewSimulatorSc	cSC3WeatherViewSimulator::SetLevel(signed char)
000c473c	CalculateAppropriateCloudCount__24cSC3WeatherViewSimulator	cSC3WeatherViewSimulator::CalculateAppropriateCloudCount(void)
000c47c0	SetCurrentPrecipitation__24cSC3WeatherViewSimulatorQ225cISC3WeatherViewSimulator17PrecipitationType	cSC3WeatherViewSimulator::SetCurrentPrecipitation(cISC3WeatherViewSimulator::PrecipitationType)
000c47d8	ShowPrecipitation__24cSC3WeatherViewSimulatorb	cSC3WeatherViewSimulator::ShowPrecipitation(bool)
000c4818	SetCloudProperties__24cSC3WeatherViewSimulatorRC17cRZ3DPointFloat32bT2Sc	cSC3WeatherViewSimulator::SetCloudProperties(cRZ3DPointFloat32 const &, bool, bool, signed char)
000c48f4	SetNewPrecipitationToggleTime__24cSC3WeatherViewSimulatorUi	cSC3WeatherViewSimulator::SetNewPrecipitationToggleTime(unsigned int)
000c4940	SetNewLightningStrikeTime__24cSC3WeatherViewSimulatorUi	cSC3WeatherViewSimulator::SetNewLightningStrikeTime(unsigned int)
000c4988	SetNewCreateBirdFlockTime__24cSC3WeatherViewSimulatorUi	cSC3WeatherViewSimulator::SetNewCreateBirdFlockTime(unsigned int)
000c4a38	GetPrecipitationPositionForCloud__24cSC3WeatherViewSimulatorUiR17cRZ3DPointFloat32	cSC3WeatherViewSimulator::GetPrecipitationPositionForCloud(unsigned int, cRZ3DPointFloat32 &)
000c4aa8	WrapPositionToOtherSideOfMap__24cSC3WeatherViewSimulatorR17cRZ3DPointFloat32	cSC3WeatherViewSimulator::WrapPositionToOtherSideOfMap(cRZ3DPointFloat32 &)
000c4adc	VectorToAppropriateEdge__24cSC3WeatherViewSimulatorRC17cRZ3DPointFloat32	cSC3WeatherViewSimulator::VectorToAppropriateEdge(cRZ3DPointFloat32 const &)
000c4b58	__22cSC3WaterSparkleSprite	cSC3WaterSparkleSprite::cSC3WaterSparkleSprite(void)
000c4bbc	_._22cSC3WaterSparkleSprite	cSC3WaterSparkleSprite::~cSC3WaterSparkleSprite(void)
000c4c08	QueryInterface__22cSC3WaterSparkleSpriteUiPPv	cSC3WaterSparkleSprite::QueryInterface(unsigned int, void **)
000c4c5c	AddToAnimationSystem__22cSC3WaterSparkleSprite	cSC3WaterSparkleSprite::AddToAnimationSystem(void)
000c4cf8	RemoveFromAnimationSystem__22cSC3WaterSparkleSprite	cSC3WaterSparkleSprite::RemoveFromAnimationSystem(void)
000c4d8c	Draw__C22cSC3WaterSparkleSpriteP10cIGZBufferiiiiP7cRZRect	cSC3WaterSparkleSprite::Draw(cIGZBuffer *, int, int, int, int, cRZRect *) const
000c4e04	Draw__C22cSC3WaterSparkleSpriteP10cIGZBufferRC7cRZRectiiP7cRZRect	cSC3WaterSparkleSprite::Draw(cIGZBuffer *, cRZRect const &, int, int, cRZRect *) const
000c4e7c	Prepare__22cSC3WaterSparkleSpriteiib	cSC3WaterSparkleSprite::Prepare(int, int, bool)
000c4e88	Unprepare__22cSC3WaterSparkleSpriteii	cSC3WaterSparkleSprite::Unprepare(int, int)
000c4ef4	__18cSC3CitySpriteFirei	cSC3CitySpriteFire::cSC3CitySpriteFire(int)
000c4fd4	SetSize__18cSC3CitySpriteFirei	cSC3CitySpriteFire::SetSize(int)
000c514c	__17cSC3FireSimulator	cSC3FireSimulator::cSC3FireSimulator(void)
000c5220	RemoveSprites__17cSC3FireSimulator	cSC3FireSimulator::RemoveSprites(void)
000c52ec	AddSprites__17cSC3FireSimulator	cSC3FireSimulator::AddSprites(void)
000c53c0	DoAnimationTick__17cSC3FireSimulatorUi	cSC3FireSimulator::DoAnimationTick(unsigned int)
000c55dc	SetLevel__17cSC3FireSimulatorScb	cSC3FireSimulator::SetLevel(signed char, bool)
000c58f8	CreateFireSprite__17cSC3FireSimulatorUiUiiii	cSC3FireSimulator::CreateFireSprite(unsigned int, unsigned int, int, int, int)
000c5b00	DestroySprite__17cSC3FireSimulatorUi	cSC3FireSimulator::DestroySprite(unsigned int)
000c5bdc	Init__17cSC3TornadoDebrisR17cRZ3DPointFloat32T1iSc	cSC3TornadoDebris::Init(cRZ3DPointFloat32 &, cRZ3DPointFloat32 &, int, signed char)
000c5e94	Tick__17cSC3TornadoDebrisUi	cSC3TornadoDebris::Tick(unsigned int)
000c62a0	__20cSC3TornadoSimulator	cSC3TornadoSimulator::cSC3TornadoSimulator(void)
000c6448	_._20cSC3TornadoSimulator	cSC3TornadoSimulator::~cSC3TornadoSimulator(void)
000c653c	Init__20cSC3TornadoSimulatoriiiRC17cRZ3DPointFloat32Sc	cSC3TornadoSimulator::Init(int, int, int, cRZ3DPointFloat32 const &, signed char)
000c68a4	AddToAnimationSystem__20cSC3TornadoSimulator	cSC3TornadoSimulator::AddToAnimationSystem(void)
000c6964	RemoveFromAnimationSystem__20cSC3TornadoSimulator	cSC3TornadoSimulator::RemoveFromAnimationSystem(void)
000c6a20	Tick__20cSC3TornadoSimulatorUi	cSC3TornadoSimulator::Tick(unsigned int)
000c736c	AddRemoveBaseGraphic__20cSC3TornadoSimulatorb	cSC3TornadoSimulator::AddRemoveBaseGraphic(bool)
000c778c	SetSpanRects__20cSC3TornadoSimulator	cSC3TornadoSimulator::SetSpanRects(void)
000c787c	Prepare__20cSC3TornadoSimulatoriib	cSC3TornadoSimulator::Prepare(int, int, bool)
000c800c	Unprepare__20cSC3TornadoSimulatorii	cSC3TornadoSimulator::Unprepare(int, int)
000c83f4	CreateTornadoDebris__20cSC3TornadoSimulator	cSC3TornadoSimulator::CreateTornadoDebris(void)
000c8580	__16cSC3UFOSimulator	cSC3UFOSimulator::cSC3UFOSimulator(void)
000c8a30	_._16cSC3UFOSimulator	cSC3UFOSimulator::~cSC3UFOSimulator(void)
000c8b60	Init__16cSC3UFOSimulatorRC17cRZ3DPointFloat32biSc	cSC3UFOSimulator::Init(cRZ3DPointFloat32 const &, bool, int, signed char)
000c90d0	Shutdown__16cSC3UFOSimulator	cSC3UFOSimulator::Shutdown(void)
000c91b8	AddToAnimationSystem__16cSC3UFOSimulator	cSC3UFOSimulator::AddToAnimationSystem(void)
000c932c	RemoveFromAnimationSystem__16cSC3UFOSimulator	cSC3UFOSimulator::RemoveFromAnimationSystem(void)
000c9530	TurnOffAnyCurrentlyPlayingSounds__16cSC3UFOSimulatorb	cSC3UFOSimulator::TurnOffAnyCurrentlyPlayingSounds(bool)
000c9604	Tick__16cSC3UFOSimulatorUi	cSC3UFOSimulator::Tick(unsigned int)
000ca058	DoInstructionState__16cSC3UFOSimulatorRbT1f	cSC3UFOSimulator::DoInstructionState(bool &, bool &, float)
000cb2a8	PrepNewInstruction__16cSC3UFOSimulator	cSC3UFOSimulator::PrepNewInstruction(void)
000cb988	FixFrontMoveInstructionToAvoidObjects__16cSC3UFOSimulator	cSC3UFOSimulator::FixFrontMoveInstructionToAvoidObjects(void)
000cbdec	GetAndAddMiscellaneousObjectsToAbductionList__16cSC3UFOSimulatorUi	cSC3UFOSimulator::GetAndAddMiscellaneousObjectsToAbductionList(unsigned int)
000cbfb8	AddToAbductionList__16cSC3UFOSimulatorP13cISC3Occupant	cSC3UFOSimulator::AddToAbductionList(cISC3Occupant *)
000cc1b0	ClearAbductionList__16cSC3UFOSimulator	cSC3UFOSimulator::ClearAbductionList(void)
000cc2a8	PrepareBeamSprite__16cSC3UFOSimulatoriii	cSC3UFOSimulator::PrepareBeamSprite(int, int, int)
000cc378	UnprepareBeamSprite__16cSC3UFOSimulatoriii	cSC3UFOSimulator::UnprepareBeamSprite(int, int, int)
000cc508	KillCurrentInstruction__16cSC3UFOSimulator	cSC3UFOSimulator::KillCurrentInstruction(void)
000cc684	AddInstruction__16cSC3UFOSimulatorRCQ216cSC3UFOSimulator15InstructionData	cSC3UFOSimulator::AddInstruction(cSC3UFOSimulator::InstructionData const &)
000cc950	DestroySelfAsSoonAsPossible__16cSC3UFOSimulator	cSC3UFOSimulator::DestroySelfAsSoonAsPossible(void)
000cca74	GenerateNewRandomDestinationPosition__16cSC3UFOSimulator	cSC3UFOSimulator::GenerateNewRandomDestinationPosition(void)
000ccd14	DoBigUFOSimulation__16cSC3UFOSimulatorf	cSC3UFOSimulator::DoBigUFOSimulation(float)
000cd190	ShootPlasmaBall__16cSC3UFOSimulatoriii	cSC3UFOSimulator::ShootPlasmaBall(int, int, int)
000cd504	Prepare__16cSC3UFOSimulatoriib	cSC3UFOSimulator::Prepare(int, int, bool)
000cd694	Unprepare__16cSC3UFOSimulatorii	cSC3UFOSimulator::Unprepare(int, int)
000cd7d0	SetSpanRects__16cSC3UFOSimulator	cSC3UFOSimulator::SetSpanRects(void)
000cd8f4	__21cSC3UFOGroupSimulator	cSC3UFOGroupSimulator::cSC3UFOGroupSimulator(void)
000cda00	_._21cSC3UFOGroupSimulator	cSC3UFOGroupSimulator::~cSC3UFOGroupSimulator(void)
000cdb10	DoMessage__21cSC3UFOGroupSimulatorR10cGZMessage	cSC3UFOGroupSimulator::DoMessage(cGZMessage &)
000cdd28	SetCount__21cSC3UFOGroupSimulatorUi	cSC3UFOGroupSimulator::SetCount(unsigned int)
000cdec0	AddUFOToGroup__21cSC3UFOGroupSimulatorP17cISC3UFOSimulatorbT2	cSC3UFOGroupSimulator::AddUFOToGroup(cISC3UFOSimulator *, bool, bool)
000cdfbc	GetAllUFOsAnywhere__C21cSC3UFOGroupSimulatorPP17cISC3UFOSimulatorRUi	cSC3UFOGroupSimulator::GetAllUFOsAnywhere(cISC3UFOSimulator **, unsigned int &) const
000ce080	GetListOfCurrentlyVisibleUFOs__C21cSC3UFOGroupSimulatorPP17cISC3UFOSimulatorRUi	cSC3UFOGroupSimulator::GetListOfCurrentlyVisibleUFOs(cISC3UFOSimulator **, unsigned int &) const
000ce1fc	DestroyAllUFOs__21cSC3UFOGroupSimulatorb	cSC3UFOGroupSimulator::DestroyAllUFOs(bool)
000ce620	AddInstructionVaporizeBuilding__21cSC3UFOGroupSimulatoriiib	cSC3UFOGroupSimulator::AddInstructionVaporizeBuilding(int, int, int, bool)
000ce758	AddInstructionMakeCropCircle__21cSC3UFOGroupSimulatoriiib	cSC3UFOGroupSimulator::AddInstructionMakeCropCircle(int, int, int, bool)
000ce890	AddInstructionSelfDestruct__21cSC3UFOGroupSimulatorbiT1	cSC3UFOGroupSimulator::AddInstructionSelfDestruct(bool, int, bool)
000ce9d0	AddInstructionSuckUpPerson__21cSC3UFOGroupSimulatorP13cISC3Occupantib	cSC3UFOGroupSimulator::AddInstructionSuckUpPerson(cISC3Occupant *, int, bool)
000cead0	AddInstructionSpawnUFO__21cSC3UFOGroupSimulatorbiT1	cSC3UFOGroupSimulator::AddInstructionSpawnUFO(bool, int, bool)
000cebe0	AddInstructionMigrateToArea__21cSC3UFOGroupSimulatorRC7cRZRectib	cSC3UFOGroupSimulator::AddInstructionMigrateToArea(cRZRect const &, int, bool)
000cedf0	AddInstructionSetSpeed__21cSC3UFOGroupSimulatorfib	cSC3UFOGroupSimulator::AddInstructionSetSpeed(float, int, bool)
000ceee8	AddInstructionDropBomb__21cSC3UFOGroupSimulatoriiib	cSC3UFOGroupSimulator::AddInstructionDropBomb(int, int, int, bool)
000cf06c	GetInstructionLoad__21cSC3UFOGroupSimulator	cSC3UFOGroupSimulator::GetInstructionLoad(void)
000cf12c	GetUFOWithLowestInstructionLoad__21cSC3UFOGroupSimulator	cSC3UFOGroupSimulator::GetUFOWithLowestInstructionLoad(void)
000cf1ac	__19cSC3WhirlpoolDebris	cSC3WhirlpoolDebris::cSC3WhirlpoolDebris(void)
000cf274	AddToAnimationSystem__19cSC3WhirlpoolDebris	cSC3WhirlpoolDebris::AddToAnimationSystem(void)
000cf31c	RemoveFromAnimationSystem__19cSC3WhirlpoolDebris	cSC3WhirlpoolDebris::RemoveFromAnimationSystem(void)
000cf3b8	Init__19cSC3WhirlpoolDebrisiiii	cSC3WhirlpoolDebris::Init(int, int, int, int)
000cf50c	ChangePosition__19cSC3WhirlpoolDebrisR13cSC3CityCoord	cSC3WhirlpoolDebris::ChangePosition(cSC3CityCoord &)
000cf600	Tick__19cSC3WhirlpoolDebrisUi	cSC3WhirlpoolDebris::Tick(unsigned int)
000cf85c	__22cSC3WhirlpoolSimulator	cSC3WhirlpoolSimulator::cSC3WhirlpoolSimulator(void)
000cfa98	_._22cSC3WhirlpoolSimulator	cSC3WhirlpoolSimulator::~cSC3WhirlpoolSimulator(void)
000cfb9c	Init__22cSC3WhirlpoolSimulatorRC17cRZ3DPointFloat32iScf	cSC3WhirlpoolSimulator::Init(cRZ3DPointFloat32 const &, int, signed char, float)
000cfde0	AddToAnimationSystem__22cSC3WhirlpoolSimulator	cSC3WhirlpoolSimulator::AddToAnimationSystem(void)
000cfe80	RemoveFromAnimationSystem__22cSC3WhirlpoolSimulator	cSC3WhirlpoolSimulator::RemoveFromAnimationSystem(void)
000cff44	WouldWhirlpoolFitInLocation__22cSC3WhirlpoolSimulatorR17cRZ3DPointFloat32	cSC3WhirlpoolSimulator::WouldWhirlpoolFitInLocation(cRZ3DPointFloat32 &)
000d003c	Tick__22cSC3WhirlpoolSimulatorUi	cSC3WhirlpoolSimulator::Tick(unsigned int)
000d08d0	Prepare__22cSC3WhirlpoolSimulatoriib	cSC3WhirlpoolSimulator::Prepare(int, int, bool)
000d0ccc	Unprepare__22cSC3WhirlpoolSimulatorii	cSC3WhirlpoolSimulator::Unprepare(int, int)
000d0e80	SetSpanRects__22cSC3WhirlpoolSimulator	cSC3WhirlpoolSimulator::SetSpanRects(void)
000d0f8c	CanOccupantBeAbducted__22cSC3WhirlpoolSimulatorP13cISC3Occupant	cSC3WhirlpoolSimulator::CanOccupantBeAbducted(cISC3Occupant *)
000d1090	GetAndAddMiscellaneousObjectsToAbductionList__22cSC3WhirlpoolSimulator	cSC3WhirlpoolSimulator::GetAndAddMiscellaneousObjectsToAbductionList(void)
000d128c	AddToAbductionList__22cSC3WhirlpoolSimulatorP13cISC3Occupant	cSC3WhirlpoolSimulator::AddToAbductionList(cISC3Occupant *)
000d1588	ClearAbductionList__22cSC3WhirlpoolSimulator	cSC3WhirlpoolSimulator::ClearAbductionList(void)
000d1734	SimulateAbductedOccupants__22cSC3WhirlpoolSimulatorUi	cSC3WhirlpoolSimulator::SimulateAbductedOccupants(unsigned int)
000d23ac	DoDisappearanceSplash__22cSC3WhirlpoolSimulatorRQ222cSC3WhirlpoolSimulator14AbductedObjectR17cRZ3DPointFloat32	cSC3WhirlpoolSimulator::DoDisappearanceSplash(cSC3WhirlpoolSimulator::AbductedObject &, cRZ3DPointFloat32 &)
000d2504	DestroyAnyLocalBridges__22cSC3WhirlpoolSimulator	cSC3WhirlpoolSimulator::DestroyAnyLocalBridges(void)
000d26f8	CreateNewRandomDebris__22cSC3SpaceDebrisDisplay	cSC3SpaceDebrisDisplay::CreateNewRandomDebris(void)
000d29f8	__28cSC3SpaceDebrisImpactDisplay	cSC3SpaceDebrisImpactDisplay::cSC3SpaceDebrisImpactDisplay(void)
000d2ab8	Init__28cSC3SpaceDebrisImpactDisplayiii	cSC3SpaceDebrisImpactDisplay::Init(int, int, int)
000d2c08	DoTerrainChanged__28cSC3SpaceDebrisImpactDisplayRC7cRZRect	cSC3SpaceDebrisImpactDisplay::DoTerrainChanged(cRZRect const &)
000d2d6c	AddToAnimationSystem__28cSC3SpaceDebrisImpactDisplay	cSC3SpaceDebrisImpactDisplay::AddToAnimationSystem(void)
000d2e14	RemoveFromAnimationSystem__28cSC3SpaceDebrisImpactDisplay	cSC3SpaceDebrisImpactDisplay::RemoveFromAnimationSystem(void)
000d2eb0	Tick__28cSC3SpaceDebrisImpactDisplayUi	cSC3SpaceDebrisImpactDisplay::Tick(unsigned int)
000d30e0	__20cSC3LocustsSimulator	cSC3LocustsSimulator::cSC3LocustsSimulator(void)
000d34c0	_._20cSC3LocustsSimulator	cSC3LocustsSimulator::~cSC3LocustsSimulator(void)
000d3618	Init__20cSC3LocustsSimulatorRC17cRZ3DPointFloat32iSc	cSC3LocustsSimulator::Init(cRZ3DPointFloat32 const &, int, signed char)
000d3ac4	Shutdown__20cSC3LocustsSimulator	cSC3LocustsSimulator::Shutdown(void)
000d3c0c	SetState__20cSC3LocustsSimulatorQ221cISC3LocustsSimulator6eState	cSC3LocustsSimulator::SetState(cISC3LocustsSimulator::eState)
000d3d88	AddToAnimationSystem__20cSC3LocustsSimulator	cSC3LocustsSimulator::AddToAnimationSystem(void)
000d3ed4	RemoveFromAnimationSystem__20cSC3LocustsSimulator	cSC3LocustsSimulator::RemoveFromAnimationSystem(void)
000d4194	Tick__20cSC3LocustsSimulatorUi	cSC3LocustsSimulator::Tick(unsigned int)
000d4634	DoInstructionState__20cSC3LocustsSimulatorRbT1f	cSC3LocustsSimulator::DoInstructionState(bool &, bool &, float)
000d4d14	PrepNewInstruction__20cSC3LocustsSimulator	cSC3LocustsSimulator::PrepNewInstruction(void)
000d4fdc	FixFrontMoveInstructionToAvoidObjects__20cSC3LocustsSimulator	cSC3LocustsSimulator::FixFrontMoveInstructionToAvoidObjects(void)
000d543c	AddInstruction__20cSC3LocustsSimulatorRCQ220cSC3LocustsSimulator15InstructionData	cSC3LocustsSimulator::AddInstruction(cSC3LocustsSimulator::InstructionData const &)
000d5598	DestroySelfAsSoonAsPossible__20cSC3LocustsSimulator	cSC3LocustsSimulator::DestroySelfAsSoonAsPossible(void)
000d56b4	GenerateNewRandomDestinationPosition__20cSC3LocustsSimulator	cSC3LocustsSimulator::GenerateNewRandomDestinationPosition(void)
000d5954	DoBigLocustsSimulation__20cSC3LocustsSimulatorf	cSC3LocustsSimulator::DoBigLocustsSimulation(float)
000d60b4	Prepare__20cSC3LocustsSimulatoriib	cSC3LocustsSimulator::Prepare(int, int, bool)
000d6238	Unprepare__20cSC3LocustsSimulatorii	cSC3LocustsSimulator::Unprepare(int, int)
000d635c	SetSpanRects__20cSC3LocustsSimulator	cSC3LocustsSimulator::SetSpanRects(void)
000d6480	CheckForDestroyedTrees__20cSC3LocustsSimulator	cSC3LocustsSimulator::CheckForDestroyedTrees(void)
000d66ec	__25cSC3LocustsGroupSimulator	cSC3LocustsGroupSimulator::cSC3LocustsGroupSimulator(void)
000d67f4	_._25cSC3LocustsGroupSimulator	cSC3LocustsGroupSimulator::~cSC3LocustsGroupSimulator(void)
000d6904	DoMessage__25cSC3LocustsGroupSimulatorR10cGZMessage	cSC3LocustsGroupSimulator::DoMessage(cGZMessage &)
000d6a88	SetCount__25cSC3LocustsGroupSimulatorUi	cSC3LocustsGroupSimulator::SetCount(unsigned int)
000d6d24	AddLocustsToGroup__25cSC3LocustsGroupSimulatorP21cISC3LocustsSimulatorbT2	cSC3LocustsGroupSimulator::AddLocustsToGroup(cISC3LocustsSimulator *, bool, bool)
000d6e38	DistributeTargetListAmongSwarms__25cSC3LocustsGroupSimulatorP16cRZ3DPointUint32Ui	cSC3LocustsGroupSimulator::DistributeTargetListAmongSwarms(cRZ3DPointUint32 *, unsigned int)
000d75e4	GetAllLocustsAnywhere__C25cSC3LocustsGroupSimulatorPP21cISC3LocustsSimulatorRUi	cSC3LocustsGroupSimulator::GetAllLocustsAnywhere(cISC3LocustsSimulator **, unsigned int &) const
000d76b0	GetListOfCurrentlyVisibleLocusts__C25cSC3LocustsGroupSimulatorPP21cISC3LocustsSimulatorRUi	cSC3LocustsGroupSimulator::GetListOfCurrentlyVisibleLocusts(cISC3LocustsSimulator **, unsigned int &) const
000d7828	GetEatingSwarmsCount__C25cSC3LocustsGroupSimulatorRUiT1	cSC3LocustsGroupSimulator::GetEatingSwarmsCount(unsigned int &, unsigned int &) const
000d7988	DestroyAllLocusts__25cSC3LocustsGroupSimulatorb	cSC3LocustsGroupSimulator::DestroyAllLocusts(bool)
000d7db0	AddInstructionAttackCrops__25cSC3LocustsGroupSimulatoriiiib	cSC3LocustsGroupSimulator::AddInstructionAttackCrops(int, int, int, int, bool)
000d7ef8	AddInstructionDisappear__25cSC3LocustsGroupSimulatorib	cSC3LocustsGroupSimulator::AddInstructionDisappear(int, bool)
000d8000	AddInstructionMigrateToArea__25cSC3LocustsGroupSimulatorRC7cRZRectib	cSC3LocustsGroupSimulator::AddInstructionMigrateToArea(cRZRect const &, int, bool)
000d8210	AddInstructionSetSpeed__25cSC3LocustsGroupSimulatorfib	cSC3LocustsGroupSimulator::AddInstructionSetSpeed(float, int, bool)
000d8304	GetInstructionLoad__25cSC3LocustsGroupSimulator	cSC3LocustsGroupSimulator::GetInstructionLoad(void)
000d83c4	GetLocustsWithLowestInstructionLoad__25cSC3LocustsGroupSimulator	cSC3LocustsGroupSimulator::GetLocustsWithLowestInstructionLoad(void)
000d843c	DropDDTTrail__25cSC3LocustsGroupSimulatoriii	cSC3LocustsGroupSimulator::DropDDTTrail(int, int, int)
000d87e4	AddRef__17cSC3FireSimulator	cSC3FireSimulator::AddRef(void)
000d87fc	GetAnimationTickPriority__17cSC3FireSimulatorRUcRi	cSC3FireSimulator::GetAnimationTickPriority(unsigned char &, int &)
000d8818	AddRef__20cSC3TornadoSimulator	cSC3TornadoSimulator::AddRef(void)
000d8844	Release__20cSC3TornadoSimulator	cSC3TornadoSimulator::Release(void)
000d886c	SetPosition__20cSC3TornadoSimulatoriii	cSC3TornadoSimulator::SetPosition(int, int, int)
000d887c	GetPosition__20cSC3TornadoSimulatorRiN21	cSC3TornadoSimulator::GetPosition(int &, int &, int &)
000d88f4	GetCurrentSurfaceType__20cSC3TornadoSimulator	cSC3TornadoSimulator::GetCurrentSurfaceType(void)
000d8908	AddRef__16cSC3UFOSimulator	cSC3UFOSimulator::AddRef(void)
000d8934	Release__16cSC3UFOSimulator	cSC3UFOSimulator::Release(void)
000d895c	SetAutoAttack__16cSC3UFOSimulatorb	cSC3UFOSimulator::SetAutoAttack(bool)
000d8974	GetPosition__16cSC3UFOSimulatorRUiN21	cSC3UFOSimulator::GetPosition(unsigned int &, unsigned int &, unsigned int &)
000d89ec	GetCount__21cSC3UFOGroupSimulator	cSC3UFOGroupSimulator::GetCount(void)
000d8a04	SetLevel__21cSC3UFOGroupSimulatorSc	cSC3UFOGroupSimulator::SetLevel(signed char)
000d8a28	AddRef__21cSC3UFOGroupSimulator	cSC3UFOGroupSimulator::AddRef(void)
000d8a44	Release__21cSC3UFOGroupSimulator	cSC3UFOGroupSimulator::Release(void)
000d8a88	GetAnimationTickPriority__23cSC3EarthquakeSimulatorRUcRi	cSC3EarthquakeSimulator::GetAnimationTickPriority(unsigned char &, int &)
000d8aa0	AddRef__23cSC3EarthquakeSimulator	cSC3EarthquakeSimulator::AddRef(void)
000d8abc	Release__23cSC3EarthquakeSimulator	cSC3EarthquakeSimulator::Release(void)
000d8b04	MakeNewWhirlpoolDebris__19cSC3WhirlpoolDebris	cSC3WhirlpoolDebris::MakeNewWhirlpoolDebris(void)
000d8b74	AddRef__19cSC3WhirlpoolDebris	cSC3WhirlpoolDebris::AddRef(void)
000d8ba0	Release__19cSC3WhirlpoolDebris	cSC3WhirlpoolDebris::Release(void)
000d8bc8	AddRef__22cSC3WhirlpoolSimulator	cSC3WhirlpoolSimulator::AddRef(void)
000d8be0	Release__22cSC3WhirlpoolSimulator	cSC3WhirlpoolSimulator::Release(void)
000d8c28	SetMicrosecondsBetweenFrames__22cSC3WhirlpoolSimulatorUi	cSC3WhirlpoolSimulator::SetMicrosecondsBetweenFrames(unsigned int)
000d8c40	SetObjectFastestSpeedTimes100000000__22cSC3WhirlpoolSimulatorUi	cSC3WhirlpoolSimulator::SetObjectFastestSpeedTimes100000000(unsigned int)
000d8c7c	SetOuterGravityDistance__22cSC3WhirlpoolSimulatorUi	cSC3WhirlpoolSimulator::SetOuterGravityDistance(unsigned int)
000d8ca4	GetLocation__22cSC3WhirlpoolSimulatorRiT1	cSC3WhirlpoolSimulator::GetLocation(int &, int &)
000d8d00	GetAnimationTickPriority__22cSC3SpaceDebrisDisplayRUcRi	cSC3SpaceDebrisDisplay::GetAnimationTickPriority(unsigned char &, int &)
000d8d18	AddRef__22cSC3SpaceDebrisDisplay	cSC3SpaceDebrisDisplay::AddRef(void)
000d8d34	Release__22cSC3SpaceDebrisDisplay	cSC3SpaceDebrisDisplay::Release(void)
000d8d7c	AddRef__28cSC3SpaceDebrisImpactDisplay	cSC3SpaceDebrisImpactDisplay::AddRef(void)
000d8da8	Release__28cSC3SpaceDebrisImpactDisplay	cSC3SpaceDebrisImpactDisplay::Release(void)
000d8dd4	AddRef__20cSC3LocustsSimulator	cSC3LocustsSimulator::AddRef(void)
000d8e00	Release__20cSC3LocustsSimulator	cSC3LocustsSimulator::Release(void)
000d8e2c	GetPosition__20cSC3LocustsSimulatorRUiN21	cSC3LocustsSimulator::GetPosition(unsigned int &, unsigned int &, unsigned int &)
000d8ea4	GetCount__25cSC3LocustsGroupSimulator	cSC3LocustsGroupSimulator::GetCount(void)
000d8ebc	SetLevel__25cSC3LocustsGroupSimulatorSc	cSC3LocustsGroupSimulator::SetLevel(signed char)
000d8ee0	AddRef__25cSC3LocustsGroupSimulator	cSC3LocustsGroupSimulator::AddRef(void)
000d8efc	Release__25cSC3LocustsGroupSimulator	cSC3LocustsGroupSimulator::Release(void)
000d8f44	_._18cSC3CitySpriteFire	cSC3CitySpriteFire::~cSC3CitySpriteFire(void)
000d8f9c	GetSpriteKey__18cSC3CitySpriteFireiiii	cSC3CitySpriteFire::GetSpriteKey(int, int, int, int)
000d8fb4	Prepare__18cSC3CitySpriteFireiib	cSC3CitySpriteFire::Prepare(int, int, bool)
000d9090	Unprepare__18cSC3CitySpriteFireii	cSC3CitySpriteFire::Unprepare(int, int)
000d914c	SetSpanRects__18cSC3CitySpriteFire	cSC3CitySpriteFire::SetSpanRects(void)
000d91e0	_._17cSC3FireSimulator	cSC3FireSimulator::~cSC3FireSimulator(void)
000d9268	QueryInterface__17cSC3FireSimulatorUiPPv	cSC3FireSimulator::QueryInterface(unsigned int, void **)
000d92e4	Release__17cSC3FireSimulator	cSC3FireSimulator::Release(void)
000d9330	ReleaseAsynchronous__17cSC3FireSimulator	cSC3FireSimulator::ReleaseAsynchronous(void)
000d9384	Init__17cSC3FireSimulatorP13cISC3OccupantSc	cSC3FireSimulator::Init(cISC3Occupant *, signed char)
000d9460	Init__17cSC3FireSimulatoriiiScb	cSC3FireSimulator::Init(int, int, int, signed char, bool)
000d9528	GetPositionForExplosion__17cSC3FireSimulatorRiN21	cSC3FireSimulator::GetPositionForExplosion(int &, int &, int &)
000d95a4	AddToAnimationSystem__17cSC3FireSimulator	cSC3FireSimulator::AddToAnimationSystem(void)
000d95f0	RemoveFromAnimationSystem__17cSC3FireSimulator	cSC3FireSimulator::RemoveFromAnimationSystem(void)
000d9648	DestroySprites__17cSC3FireSimulatorUi	cSC3FireSimulator::DestroySprites(unsigned int)
000d969c	__17cSC3TornadoDebris	cSC3TornadoDebris::cSC3TornadoDebris(void)
000d9790	GetLinearVectorAndVelocity__17cSC3TornadoDebrisR17cRZ3DPointFloat32T1	cSC3TornadoDebris::GetLinearVectorAndVelocity(cRZ3DPointFloat32 &, cRZ3DPointFloat32 &)
000d9814	SetLevel__20cSC3TornadoSimulatorSc	cSC3TornadoSimulator::SetLevel(signed char)
000d9838	GetSurfaceTypeForCell__20cSC3TornadoSimulatorii	cSC3TornadoSimulator::GetSurfaceTypeForCell(int, int)
000d98d4	SetDirection__20cSC3TornadoSimulatorRC17cRZ3DPointFloat32	cSC3TornadoSimulator::SetDirection(cRZ3DPointFloat32 const &)
000d9960	SetSpeed__20cSC3TornadoSimulatorRCf	cSC3TornadoSimulator::SetSpeed(float const &)
000d99a0	DoFade__20cSC3TornadoSimulatorbT1	cSC3TornadoSimulator::DoFade(bool, bool)
000d9ae4	QueryInterface__20cSC3TornadoSimulatorUiPPv	cSC3TornadoSimulator::QueryInterface(unsigned int, void **)
000d9b34	SendNotification__20cSC3TornadoSimulatorRC10cGZMessage	cSC3TornadoSimulator::SendNotification(cGZMessage const &)
000d9b74	GetSpriteKey__20cSC3TornadoSimulatoriiUi	cSC3TornadoSimulator::GetSpriteKey(int, int, unsigned int)
000d9b94	QueryInterface__16cSC3UFOSimulatorUiPPv	cSC3UFOSimulator::QueryInterface(unsigned int, void **)
000d9be4	GetMicrosecondsTillNextPlasmaShot__16cSC3UFOSimulator	cSC3UFOSimulator::GetMicrosecondsTillNextPlasmaShot(void)
000d9c34	SetLevel__16cSC3UFOSimulatorSc	cSC3UFOSimulator::SetLevel(signed char)
000d9c54	CurrentlyDoingBuildingVaporizationOrCropCircleProduction__16cSC3UFOSimulator	cSC3UFOSimulator::CurrentlyDoingBuildingVaporizationOrCropCircleProduction(void)
000d9c90	CanOccupantBeAbducted__16cSC3UFOSimulatorP13cISC3Occupant	cSC3UFOSimulator::CanOccupantBeAbducted(cISC3Occupant *)
000d9cec	PrepareInstructionSpecificSprites__16cSC3UFOSimulatorii	cSC3UFOSimulator::PrepareInstructionSpecificSprites(int, int)
000d9d5c	UnprepareInstructionSpecificSprites__16cSC3UFOSimulatorii	cSC3UFOSimulator::UnprepareInstructionSpecificSprites(int, int)
000d9dd8	ClearAllInstructions__16cSC3UFOSimulator	cSC3UFOSimulator::ClearAllInstructions(void)
000d9e14	GenerateNewSpecificDestinationPosition__16cSC3UFOSimulatorRC17cRZ3DPointFloat32T1	cSC3UFOSimulator::GenerateNewSpecificDestinationPosition(cRZ3DPointFloat32 const &, cRZ3DPointFloat32 const &)
000d9f0c	GetSpriteKey__16cSC3UFOSimulatoriiUi	cSC3UFOSimulator::GetSpriteKey(int, int, unsigned int)
000d9f24	DoesUFOExistAnywhere__16cSC3UFOSimulatorPC17cISC3UFOSimulator	cSC3UFOSimulator::DoesUFOExistAnywhere(cISC3UFOSimulator const *)
000d9f8c	Init__21cSC3UFOGroupSimulatorbUii	cSC3UFOGroupSimulator::Init(bool, unsigned int, int)
000d9fe0	Shutdown__21cSC3UFOGroupSimulator	cSC3UFOGroupSimulator::Shutdown(void)
000da010	QueryInterface__21cSC3UFOGroupSimulatorUiPPv	cSC3UFOGroupSimulator::QueryInterface(unsigned int, void **)
000da070	ReleaseAsynchronous__21cSC3UFOGroupSimulator	cSC3UFOGroupSimulator::ReleaseAsynchronous(void)
000da100	DoesUFOExistAnywhere__C21cSC3UFOGroupSimulatorPC17cISC3UFOSimulator	cSC3UFOGroupSimulator::DoesUFOExistAnywhere(cISC3UFOSimulator const *) const
000da168	DoesUFOBelongToGroup__C21cSC3UFOGroupSimulatorPC17cISC3UFOSimulator	cSC3UFOGroupSimulator::DoesUFOBelongToGroup(cISC3UFOSimulator const *) const
000da1ac	DoesAnyUFOExistAnywhere__C21cSC3UFOGroupSimulator	cSC3UFOGroupSimulator::DoesAnyUFOExistAnywhere(void) const
000da1fc	IsAnyUFOCurrentlyVisible__C21cSC3UFOGroupSimulator	cSC3UFOGroupSimulator::IsAnyUFOCurrentlyVisible(void) const
000da238	GetUFO__21cSC3UFOGroupSimulatorUi	cSC3UFOGroupSimulator::GetUFO(unsigned int)
000da260	__23cSC3EarthquakeSimulator	cSC3EarthquakeSimulator::cSC3EarthquakeSimulator(void)
000da310	_._23cSC3EarthquakeSimulator	cSC3EarthquakeSimulator::~cSC3EarthquakeSimulator(void)
000da380	Init__23cSC3EarthquakeSimulatorRC16cRZ3DPointSint32T1R16cRZ3DPointSint32iScib	cSC3EarthquakeSimulator::Init(cRZ3DPointSint32 const &, cRZ3DPointSint32 const &, cRZ3DPointSint32 &, int, signed char, int, bool)
000da420	QueryInterface__23cSC3EarthquakeSimulatorUiPPv	cSC3EarthquakeSimulator::QueryInterface(unsigned int, void **)
000da480	GetEarthquakePosition__23cSC3EarthquakeSimulatorR16cRZ3DPointSint32N21	cSC3EarthquakeSimulator::GetEarthquakePosition(cRZ3DPointSint32 &, cRZ3DPointSint32 &, cRZ3DPointSint32 &)
000da4dc	DoEarthquakeEffect__23cSC3EarthquakeSimulatoriii	cSC3EarthquakeSimulator::DoEarthquakeEffect(int, int, int)
000da5bc	AddToAnimationSystem__23cSC3EarthquakeSimulator	cSC3EarthquakeSimulator::AddToAnimationSystem(void)
000da604	RemoveFromAnimationSystem__23cSC3EarthquakeSimulator	cSC3EarthquakeSimulator::RemoveFromAnimationSystem(void)
000da64c	DoAnimationTick__23cSC3EarthquakeSimulatorUi	cSC3EarthquakeSimulator::DoAnimationTick(unsigned int)
000da6f0	_._19cSC3WhirlpoolDebris	cSC3WhirlpoolDebris::~cSC3WhirlpoolDebris(void)
000da768	GetSpriteKey__19cSC3WhirlpoolDebrisii	cSC3WhirlpoolDebris::GetSpriteKey(int, int)
000da77c	SetSpanRects__19cSC3WhirlpoolDebris	cSC3WhirlpoolDebris::SetSpanRects(void)
000da804	Prepare__19cSC3WhirlpoolDebrisiib	cSC3WhirlpoolDebris::Prepare(int, int, bool)
000da894	Unprepare__19cSC3WhirlpoolDebrisii	cSC3WhirlpoolDebris::Unprepare(int, int)
000da8fc	SetFadeDirection__19cSC3WhirlpoolDebrisi	cSC3WhirlpoolDebris::SetFadeDirection(int)
000da920	SetTimeBetweenFrames__19cSC3WhirlpoolDebrisUi	cSC3WhirlpoolDebris::SetTimeBetweenFrames(unsigned int)
000da934	SetTimeToLive__19cSC3WhirlpoolDebrisUi	cSC3WhirlpoolDebris::SetTimeToLive(unsigned int)
000da94c	QueryInterface__19cSC3WhirlpoolDebrisUiPPv	cSC3WhirlpoolDebris::QueryInterface(unsigned int, void **)
000da99c	QueryInterface__22cSC3WhirlpoolSimulatorUiPPv	cSC3WhirlpoolSimulator::QueryInterface(unsigned int, void **)
000da9e8	GetWhirlpoolDiameterAnimUnits__22cSC3WhirlpoolSimulator	cSC3WhirlpoolSimulator::GetWhirlpoolDiameterAnimUnits(void)
000da9f8	GetNewVelocityForWhirlpool__22cSC3WhirlpoolSimulatorRC17cRZ3DPointFloat32T1R17cRZ3DPointFloat32ff	cSC3WhirlpoolSimulator::GetNewVelocityForWhirlpool(cRZ3DPointFloat32 const &, cRZ3DPointFloat32 const &, cRZ3DPointFloat32 &, float, float)
000dab18	DoFade__22cSC3WhirlpoolSimulatorbT1	cSC3WhirlpoolSimulator::DoFade(bool, bool)
000dabf4	GetSpriteKey__22cSC3WhirlpoolSimulatoriiUi	cSC3WhirlpoolSimulator::GetSpriteKey(int, int, unsigned int)
000dac2c	SendNotification__22cSC3WhirlpoolSimulatorRC10cGZMessage	cSC3WhirlpoolSimulator::SendNotification(cGZMessage const &)
000dac6c	SimulateRotatingDebris__22cSC3WhirlpoolSimulatorUi	cSC3WhirlpoolSimulator::SimulateRotatingDebris(unsigned int)
000dac78	__22cSC3SpaceDebrisDisplay	cSC3SpaceDebrisDisplay::cSC3SpaceDebrisDisplay(void)
000dacf0	_._22cSC3SpaceDebrisDisplay	cSC3SpaceDebrisDisplay::~cSC3SpaceDebrisDisplay(void)
000dad48	Init__22cSC3SpaceDebrisDisplay	cSC3SpaceDebrisDisplay::Init(void)
000dadfc	Shutdown__22cSC3SpaceDebrisDisplay	cSC3SpaceDebrisDisplay::Shutdown(void)
000daeb0	Start__22cSC3SpaceDebrisDisplay	cSC3SpaceDebrisDisplay::Start(void)
000daee0	Stop__22cSC3SpaceDebrisDisplay	cSC3SpaceDebrisDisplay::Stop(void)
000daef4	SetAverageDebrisTime__22cSC3SpaceDebrisDisplayUi	cSC3SpaceDebrisDisplay::SetAverageDebrisTime(unsigned int)
000daf08	QueryInterface__22cSC3SpaceDebrisDisplayUiPPv	cSC3SpaceDebrisDisplay::QueryInterface(unsigned int, void **)
000daf84	SetNextDebrisTime__22cSC3SpaceDebrisDisplay	cSC3SpaceDebrisDisplay::SetNextDebrisTime(void)
000dafcc	DoAnimationTick__22cSC3SpaceDebrisDisplayUi	cSC3SpaceDebrisDisplay::DoAnimationTick(unsigned int)
000db038	DoMessage__22cSC3SpaceDebrisDisplayR10cGZMessage	cSC3SpaceDebrisDisplay::DoMessage(cGZMessage &)
000db060	GetCountOfRemainingSpaceDebris__22cSC3SpaceDebrisDisplay	cSC3SpaceDebrisDisplay::GetCountOfRemainingSpaceDebris(void)
000db08c	_._28cSC3SpaceDebrisImpactDisplay	cSC3SpaceDebrisImpactDisplay::~cSC3SpaceDebrisImpactDisplay(void)
000db104	SetTimeToLive__28cSC3SpaceDebrisImpactDisplayUi	cSC3SpaceDebrisImpactDisplay::SetTimeToLive(unsigned int)
000db118	GetCellDiameterAnimUnits__28cSC3SpaceDebrisImpactDisplay	cSC3SpaceDebrisImpactDisplay::GetCellDiameterAnimUnits(void)
000db15c	SetFadeDirection__28cSC3SpaceDebrisImpactDisplayi	cSC3SpaceDebrisImpactDisplay::SetFadeDirection(int)
000db184	QueryInterface__28cSC3SpaceDebrisImpactDisplayUiPPv	cSC3SpaceDebrisImpactDisplay::QueryInterface(unsigned int, void **)
000db1d0	GetSpriteKey__28cSC3SpaceDebrisImpactDisplayiii	cSC3SpaceDebrisImpactDisplay::GetSpriteKey(int, int, int)
000db1e8	SetSpanRects__28cSC3SpaceDebrisImpactDisplay	cSC3SpaceDebrisImpactDisplay::SetSpanRects(void)
000db274	Prepare__28cSC3SpaceDebrisImpactDisplayiib	cSC3SpaceDebrisImpactDisplay::Prepare(int, int, bool)
000db34c	Unprepare__28cSC3SpaceDebrisImpactDisplayii	cSC3SpaceDebrisImpactDisplay::Unprepare(int, int)
000db404	QueryInterface__20cSC3LocustsSimulatorUiPPv	cSC3LocustsSimulator::QueryInterface(unsigned int, void **)
000db454	SetGroup__20cSC3LocustsSimulatorP26cISC3LocustsGroupSimulator	cSC3LocustsSimulator::SetGroup(cISC3LocustsGroupSimulator *)
000db488	TurnOffAnyCurrentlyPlayingSounds__20cSC3LocustsSimulatorb	cSC3LocustsSimulator::TurnOffAnyCurrentlyPlayingSounds(bool)
000db490	PrepareInstructionSpecificSprites__20cSC3LocustsSimulatorii	cSC3LocustsSimulator::PrepareInstructionSpecificSprites(int, int)
000db498	UnprepareInstructionSpecificSprites__20cSC3LocustsSimulatorii	cSC3LocustsSimulator::UnprepareInstructionSpecificSprites(int, int)
000db4a0	KillCurrentInstruction__20cSC3LocustsSimulator	cSC3LocustsSimulator::KillCurrentInstruction(void)
000db4bc	ClearAllInstructions__20cSC3LocustsSimulator	cSC3LocustsSimulator::ClearAllInstructions(void)
000db4f8	GenerateNewSpecificDestinationPosition__20cSC3LocustsSimulatorRC17cRZ3DPointFloat32T1	cSC3LocustsSimulator::GenerateNewSpecificDestinationPosition(cRZ3DPointFloat32 const &, cRZ3DPointFloat32 const &)
000db5fc	GetSpriteKey__20cSC3LocustsSimulatoriiUi	cSC3LocustsSimulator::GetSpriteKey(int, int, unsigned int)
000db610	GetState__C20cSC3LocustsSimulator	cSC3LocustsSimulator::GetState(void) const
000db628	DoesLocustsExistAnywhere__20cSC3LocustsSimulatorPC21cISC3LocustsSimulator	cSC3LocustsSimulator::DoesLocustsExistAnywhere(cISC3LocustsSimulator const *)
000db690	Init__25cSC3LocustsGroupSimulatorUii	cSC3LocustsGroupSimulator::Init(unsigned int, int)
000db6e0	Shutdown__25cSC3LocustsGroupSimulator	cSC3LocustsGroupSimulator::Shutdown(void)
000db710	QueryInterface__25cSC3LocustsGroupSimulatorUiPPv	cSC3LocustsGroupSimulator::QueryInterface(unsigned int, void **)
000db770	ReleaseAsynchronous__25cSC3LocustsGroupSimulator	cSC3LocustsGroupSimulator::ReleaseAsynchronous(void)
000db800	DoesLocustsExistAnywhere__C25cSC3LocustsGroupSimulatorPC21cISC3LocustsSimulator	cSC3LocustsGroupSimulator::DoesLocustsExistAnywhere(cISC3LocustsSimulator const *) const
000db868	DoesLocustsBelongToGroup__C25cSC3LocustsGroupSimulatorPC21cISC3LocustsSimulator	cSC3LocustsGroupSimulator::DoesLocustsBelongToGroup(cISC3LocustsSimulator const *) const
000db8ac	DoesAnyLocustsExistAnywhere__C25cSC3LocustsGroupSimulator	cSC3LocustsGroupSimulator::DoesAnyLocustsExistAnywhere(void) const
000db8fc	IsAnyLocustsCurrentlyVisible__C25cSC3LocustsGroupSimulator	cSC3LocustsGroupSimulator::IsAnyLocustsCurrentlyVisible(void) const
000db93c	AddInstructionPoisonSwarm__25cSC3LocustsGroupSimulatoriiP21cISC3LocustsSimulatorb	cSC3LocustsGroupSimulator::AddInstructionPoisonSwarm(int, int, cISC3LocustsSimulator *, bool)
000db99c	GetLocusts__25cSC3LocustsGroupSimulatorUi	cSC3LocustsGroupSimulator::GetLocusts(unsigned int)
000dba24	AddToAnimationSystem__29cSC3PowerOuttageDisplaySprite	cSC3PowerOuttageDisplaySprite::AddToAnimationSystem(void)
000dbb00	RemoveFromAnimationSystem__29cSC3PowerOuttageDisplaySprite	cSC3PowerOuttageDisplaySprite::RemoveFromAnimationSystem(void)
000dbbb0	Tick__29cSC3PowerOuttageDisplaySpriteUi	cSC3PowerOuttageDisplaySprite::Tick(unsigned int)
000dbd70	MoveToNewPosition__29cSC3PowerOuttageDisplaySpriteiiibT4	cSC3PowerOuttageDisplaySprite::MoveToNewPosition(int, int, int, bool, bool)
000dbf08	MoveToNewOccupant__29cSC3PowerOuttageDisplaySpriteP13cISC3Occupantiiii	cSC3PowerOuttageDisplaySprite::MoveToNewOccupant(cISC3Occupant *, int, int, int, int)
000dc0bc	__23cSC3PowerOuttageDisplay	cSC3PowerOuttageDisplay::cSC3PowerOuttageDisplay(void)
000dcc94	_._23cSC3PowerOuttageDisplay	cSC3PowerOuttageDisplay::~cSC3PowerOuttageDisplay(void)
000dd03c	Init__23cSC3PowerOuttageDisplayUiUi	cSC3PowerOuttageDisplay::Init(unsigned int, unsigned int)
000dd3c0	Shutdown__23cSC3PowerOuttageDisplay	cSC3PowerOuttageDisplay::Shutdown(void)
000dd4b4	AddToAnimationSystem__23cSC3PowerOuttageDisplay	cSC3PowerOuttageDisplay::AddToAnimationSystem(void)
000dd5ec	DoMessage__23cSC3PowerOuttageDisplayR10cGZMessage	cSC3PowerOuttageDisplay::DoMessage(cGZMessage &)
000dd84c	OccupantCellRangeChanged__23cSC3PowerOuttageDisplayUiUiUiUi	cSC3PowerOuttageDisplay::OccupantCellRangeChanged(unsigned int, unsigned int, unsigned int, unsigned int)
000ddb80	DoViewChange__23cSC3PowerOuttageDisplayiiiiRC7cRZRectT5	cSC3PowerOuttageDisplay::DoViewChange(int, int, int, int, cRZRect const &, cRZRect const &)
000dde20	UpdatePowerMap__23cSC3PowerOuttageDisplayPCt16cISC3CityCellMap1Zb	cSC3PowerOuttageDisplay::UpdatePowerMap(cISC3CityCellMap<bool> const *)
000e14f4	AddUnpoweredOccupantSprite__23cSC3PowerOuttageDisplayiiP13cISC3OccupantbT4	cSC3PowerOuttageDisplay::AddUnpoweredOccupantSprite(int, int, cISC3Occupant *, bool, bool)
000e1648	OccupantInserted__23cSC3PowerOuttageDisplayP13cISC3Occupantb	cSC3PowerOuttageDisplay::OccupantInserted(cISC3Occupant *, bool)
000e1b08	OccupantRemoved__23cSC3PowerOuttageDisplayP13cISC3Occupantb	cSC3PowerOuttageDisplay::OccupantRemoved(cISC3Occupant *, bool)
000e2ba4	GrowSpritePool__23cSC3PowerOuttageDisplayi	cSC3PowerOuttageDisplay::GrowSpritePool(int)
000e2eb4	DoSpriteChangeForTranslation__23cSC3PowerOuttageDisplayRC7cRZRectT1	cSC3PowerOuttageDisplay::DoSpriteChangeForTranslation(cRZRect const &, cRZRect const &)
000e6f8c	ClearDisplayCompletely__23cSC3PowerOuttageDisplayb	cSC3PowerOuttageDisplay::ClearDisplayCompletely(bool)
000e800c	SetupDisplayCompletely__23cSC3PowerOuttageDisplayb	cSC3PowerOuttageDisplay::SetupDisplayCompletely(bool)
000edd44	GetSpriteKey__29cSC3PowerOuttageDisplaySpriteii	cSC3PowerOuttageDisplaySprite::GetSpriteKey(int, int)
000edd54	OccupantInserted__23cSC3PowerOuttageDisplayUiP13cISC3Occupant	cSC3PowerOuttageDisplay::OccupantInserted(unsigned int, cISC3Occupant *)
000edd60	OccupantRemoved__23cSC3PowerOuttageDisplayUiP13cISC3Occupant	cSC3PowerOuttageDisplay::OccupantRemoved(unsigned int, cISC3Occupant *)
000edd6c	OccupantMoved__23cSC3PowerOuttageDisplayUiP13cISC3OccupantRC13cSC3CityCoord	cSC3PowerOuttageDisplay::OccupantMoved(unsigned int, cISC3Occupant *, cSC3CityCoord const &)
000edd78	OccupantChanged__23cSC3PowerOuttageDisplayUiP13cISC3OccupantiPv	cSC3PowerOuttageDisplay::OccupantChanged(unsigned int, cISC3Occupant *, int, void *)
000edd84	AddRef__23cSC3PowerOuttageDisplay	cSC3PowerOuttageDisplay::AddRef(void)
000edda0	Release__23cSC3PowerOuttageDisplay	cSC3PowerOuttageDisplay::Release(void)
000edde4	__29cSC3PowerOuttageDisplaySprite	cSC3PowerOuttageDisplaySprite::cSC3PowerOuttageDisplaySprite(void)
000ede58	_._29cSC3PowerOuttageDisplaySprite	cSC3PowerOuttageDisplaySprite::~cSC3PowerOuttageDisplaySprite(void)
000edec8	UpdatePosition__29cSC3PowerOuttageDisplaySpriteii	cSC3PowerOuttageDisplaySprite::UpdatePosition(int, int)
000edfa8	GetPositionForOccupant__29cSC3PowerOuttageDisplaySpriteP13cISC3OccupantiiRiN24	cSC3PowerOuttageDisplaySprite::GetPositionForOccupant(cISC3Occupant *, int, int, int &, int &, int &)
000ee0a4	Prepare__29cSC3PowerOuttageDisplaySpriteiib	cSC3PowerOuttageDisplaySprite::Prepare(int, int, bool)
000ee100	Unprepare__29cSC3PowerOuttageDisplaySpriteii	cSC3PowerOuttageDisplaySprite::Unprepare(int, int)
000ee164	SetSpanRects__29cSC3PowerOuttageDisplaySprite	cSC3PowerOuttageDisplaySprite::SetSpanRects(void)
000ee1dc	__eq__FRCQ223cSC3PowerOuttageDisplay13OSAssociationT0	operator==(cSC3PowerOuttageDisplay::OSAssociation const &, cSC3PowerOuttageDisplay::OSAssociation const &)
000ee1f4	QueryInterface__23cSC3PowerOuttageDisplayUiPPv	cSC3PowerOuttageDisplay::QueryInterface(unsigned int, void **)
000ee26c	ShowOrHide__23cSC3PowerOuttageDisplayb	cSC3PowerOuttageDisplay::ShowOrHide(bool)
000ee278	RemoveFromAnimationSystem__23cSC3PowerOuttageDisplay	cSC3PowerOuttageDisplay::RemoveFromAnimationSystem(void)
000ee320	IsCellZoned__23cSC3PowerOuttageDisplayUiUi	cSC3PowerOuttageDisplay::IsCellZoned(unsigned int, unsigned int)
000ee370	CellChangedAll__23cSC3PowerOuttageDisplayUi	cSC3PowerOuttageDisplay::CellChangedAll(unsigned int)
000ee3b8	CellChanged__23cSC3PowerOuttageDisplayUiUiUi	cSC3PowerOuttageDisplay::CellChanged(unsigned int, unsigned int, unsigned int)
000ee3fc	CellChanged__23cSC3PowerOuttageDisplayUiUiUiUiUi	cSC3PowerOuttageDisplay::CellChanged(unsigned int, unsigned int, unsigned int, unsigned int, unsigned int)
000ee484	SetBlinkTimeForZoom__23cSC3PowerOuttageDisplayi	cSC3PowerOuttageDisplay::SetBlinkTimeForZoom(int)
000ee4b8	IsOccupantEligibleForPowerSprite__23cSC3PowerOuttageDisplayP13cISC3Occupant	cSC3PowerOuttageDisplay::IsOccupantEligibleForPowerSprite(cISC3Occupant *)
000ee594	DoMessage__30LandModificationChangeDetectorR10cGZMessage	LandModificationChangeDetector::DoMessage(cGZMessage &)
000ee7d4	InitEffects__18cSC3EffectsManagerP22cISC3CitySpriteCellMap	cSC3EffectsManager::InitEffects(cISC3CitySpriteCellMap *)
000eeb10	MovePositionToBeOneUnitFurtherFromCamera__18cSC3EffectsManagerRfT1	cSC3EffectsManager::MovePositionToBeOneUnitFurtherFromCamera(float &, float &)
000eec18	ShutdownEffects__18cSC3EffectsManager	cSC3EffectsManager::ShutdownEffects(void)
000eee1c	__23cSC3CitySpriteInstBasic	cSC3CitySpriteInstBasic::cSC3CitySpriteInstBasic(void)
000eef6c	Draw__C23cSC3CitySpriteInstBasicP10cIGZBufferiiiiP7cRZRect	cSC3CitySpriteInstBasic::Draw(cIGZBuffer *, int, int, int, int, cRZRect *) const
000ef508	Draw__C23cSC3CitySpriteInstBasicP10cIGZBufferRC7cRZRectiiP7cRZRect	cSC3CitySpriteInstBasic::Draw(cIGZBuffer *, cRZRect const &, int, int, cRZRect *) const
000efbf4	QueryInterface__18ViewChangeDetectorUiPPv	ViewChangeDetector::QueryInterface(unsigned int, void **)
000efc00	AddRef__18ViewChangeDetector	ViewChangeDetector::AddRef(void)
000efc0c	Release__18ViewChangeDetector	ViewChangeDetector::Release(void)
000efc18	QueryInterface__30LandModificationChangeDetectorUiPPv	LandModificationChangeDetector::QueryInterface(unsigned int, void **)
000efc24	AddRef__30LandModificationChangeDetector	LandModificationChangeDetector::AddRef(void)
000efc30	Release__30LandModificationChangeDetector	LandModificationChangeDetector::Release(void)
000efc40	InCellBounds__18cSC3EffectsManagerii	cSC3EffectsManager::InCellBounds(int, int)
000efc90	InMicroCellBounds__18cSC3EffectsManagerii	cSC3EffectsManager::InMicroCellBounds(int, int)
000efcc8	GetAltitudeOfTerrainInAnimUnits__18cSC3EffectsManagerii	cSC3EffectsManager::GetAltitudeOfTerrainInAnimUnits(int, int)
000efd24	IsCellWater__18cSC3EffectsManagerii	cSC3EffectsManager::IsCellWater(int, int)
000efd64	GetAltitudeOfTerrainInAnimUnits__18cSC3EffectsManagerff	cSC3EffectsManager::GetAltitudeOfTerrainInAnimUnits(float, float)
000efe00	LengthOf2DVector__18cSC3EffectsManagerRC17cRZ3DPointFloat32	cSC3EffectsManager::LengthOf2DVector(cRZ3DPointFloat32 const &)
000efe24	LengthOf3DVector__18cSC3EffectsManagerRC17cRZ3DPointFloat32	cSC3EffectsManager::LengthOf3DVector(cRZ3DPointFloat32 const &)
000efe54	AngleOf2DVector__18cSC3EffectsManagerRC17cRZ3DPointFloat32	cSC3EffectsManager::AngleOf2DVector(cRZ3DPointFloat32 const &)
000efe98	AngleToRelativePosition2D__18cSC3EffectsManagerffRfT3	cSC3EffectsManager::AngleToRelativePosition2D(float, float, float &, float &)
000efec0	DistanceBetweenPositions2D__18cSC3EffectsManagerRC17cRZ3DPointFloat32T1	cSC3EffectsManager::DistanceBetweenPositions2D(cRZ3DPointFloat32 const &, cRZ3DPointFloat32 const &)
000efef8	DistanceBetweenPositions3D__18cSC3EffectsManagerRC17cRZ3DPointFloat32T1	cSC3EffectsManager::DistanceBetweenPositions3D(cRZ3DPointFloat32 const &, cRZ3DPointFloat32 const &)
000eff44	Normalize3DVector__18cSC3EffectsManagerR17cRZ3DPointFloat32	cSC3EffectsManager::Normalize3DVector(cRZ3DPointFloat32 &)
000eff90	Scale2DVector__18cSC3EffectsManagerR17cRZ3DPointFloat32f	cSC3EffectsManager::Scale2DVector(cRZ3DPointFloat32 &, float)
000effd0	Scale3DVector__18cSC3EffectsManagerR17cRZ3DPointFloat32f	cSC3EffectsManager::Scale3DVector(cRZ3DPointFloat32 &, float)
000f0020	Position3DIsInBounds__18cSC3EffectsManagerR17cRZ3DPointFloat32	cSC3EffectsManager::Position3DIsInBounds(cRZ3DPointFloat32 &)
000f00b0	Position3DIsIn2DBounds__18cSC3EffectsManagerR17cRZ3DPointFloat32	cSC3EffectsManager::Position3DIsIn2DBounds(cRZ3DPointFloat32 &)
000f0120	_._23cSC3CitySpriteInstBasic	cSC3CitySpriteInstBasic::~cSC3CitySpriteInstBasic(void)
000f0168	GetW__C23cSC3CitySpriteInstBasicii	cSC3CitySpriteInstBasic::GetW(int, int) const
000f0184	GetH__C23cSC3CitySpriteInstBasicii	cSC3CitySpriteInstBasic::GetH(int, int) const
000f01a4	GetAllSpans__C23cSC3CitySpriteInstBasiciiR7cRZRect	cSC3CitySpriteInstBasic::GetAllSpans(int, int, cRZRect &) const
000f01d4	GetAreaFromPt__C23cSC3CitySpriteInstBasiciiR7cRZRectii	cSC3CitySpriteInstBasic::GetAreaFromPt(int, int, cRZRect &, int, int) const
000f0228	GetSpriteInst__23cSC3CitySpriteInstBasic	cSC3CitySpriteInstBasic::GetSpriteInst(void)
000f0238	AddRef__23cSC3CitySpriteInstBasic	cSC3CitySpriteInstBasic::AddRef(void)
000f0264	Release__23cSC3CitySpriteInstBasic	cSC3CitySpriteInstBasic::Release(void)
000f028c	GetGeomFlag__23cSC3CitySpriteInstBasic	cSC3CitySpriteInstBasic::GetGeomFlag(void)
000f029c	IsGeomFlag__23cSC3CitySpriteInstBasicUi	cSC3CitySpriteInstBasic::IsGeomFlag(unsigned int)
000f02b8	SetGeomFlag__23cSC3CitySpriteInstBasicUi	cSC3CitySpriteInstBasic::SetGeomFlag(unsigned int)
000f02d0	ClearGeomFlag__23cSC3CitySpriteInstBasicUi	cSC3CitySpriteInstBasic::ClearGeomFlag(unsigned int)
000f02e8	Init__23cSC3CitySpriteInstBasicP21cISC3CitySpriteAttrib	cSC3CitySpriteInstBasic::Init(cISC3CitySpriteAttrib *)
000f02f4	GetSpriteAttrib__23cSC3CitySpriteInstBasic	cSC3CitySpriteInstBasic::GetSpriteAttrib(void)
000f0300	SetSpriteAttrib__23cSC3CitySpriteInstBasicP21cISC3CitySpriteAttrib	cSC3CitySpriteInstBasic::SetSpriteAttrib(cISC3CitySpriteAttrib *)
000f030c	Prepare__23cSC3CitySpriteInstBasiciib	cSC3CitySpriteInstBasic::Prepare(int, int, bool)
000f0318	Unprepare__23cSC3CitySpriteInstBasicii	cSC3CitySpriteInstBasic::Unprepare(int, int)
000f0324	SetRotationOffset__23cSC3CitySpriteInstBasicUc	cSC3CitySpriteInstBasic::SetRotationOffset(unsigned char)
000f032c	Tick__23cSC3CitySpriteInstBasicUi	cSC3CitySpriteInstBasic::Tick(unsigned int)
000f0338	GetLayerFlags__C23cSC3CitySpriteInstBasic	cSC3CitySpriteInstBasic::GetLayerFlags(void) const
000f0344	GetLayerFlags32__C23cSC3CitySpriteInstBasic	cSC3CitySpriteInstBasic::GetLayerFlags32(void) const
000f0350	SetHilite__23cSC3CitySpriteInstBasicUi	cSC3CitySpriteInstBasic::SetHilite(unsigned int)
000f035c	SetLayer__23cSC3CitySpriteInstBasicUc	cSC3CitySpriteInstBasic::SetLayer(unsigned char)
000f0364	SetNext__23cSC3CitySpriteInstBasicP19cISC3CitySpriteInst	cSC3CitySpriteInstBasic::SetNext(cISC3CitySpriteInst *)
000f036c	GetNext__23cSC3CitySpriteInstBasic	cSC3CitySpriteInstBasic::GetNext(void)
000f0378	GetRotationOffset__C23cSC3CitySpriteInstBasicRUc	cSC3CitySpriteInstBasic::GetRotationOffset(unsigned char &) const
000f0384	DoMessage__18ViewChangeDetectorR10cGZMessage	ViewChangeDetector::DoMessage(cGZMessage &)
000f0400	AddRef__18cSC3EffectsManager	cSC3EffectsManager::AddRef(void)
000f041c	__18cSC3EffectsManager	cSC3EffectsManager::cSC3EffectsManager(void)
000f0458	_._18cSC3EffectsManager	cSC3EffectsManager::~cSC3EffectsManager(void)
000f04ac	GetBuildingHeightForCellAnimationUnits__18cSC3EffectsManagerii	cSC3EffectsManager::GetBuildingHeightForCellAnimationUnits(int, int)
000f053c	GetOccupantForCell__18cSC3EffectsManagerii	cSC3EffectsManager::GetOccupantForCell(int, int)
000f058c	MovePositionToBeNUnitsCloserToCamera__18cSC3EffectsManagerRfT1	cSC3EffectsManager::MovePositionToBeNUnitsCloserToCamera(float &, float &)
000f0614	MovePositionToBeNUnitsCloserToCamera__18cSC3EffectsManagerRiT1i	cSC3EffectsManager::MovePositionToBeNUnitsCloserToCamera(int &, int &, int)
000f06ac	MovePositionToBeOneUnitFurtherFromCamera__18cSC3EffectsManagerRiT1	cSC3EffectsManager::MovePositionToBeOneUnitFurtherFromCamera(int &, int &)
000f073c	QueryInterface__18cSC3EffectsManagerUiPPv	cSC3EffectsManager::QueryInterface(unsigned int, void **)
000f0794	Release__18cSC3EffectsManager	cSC3EffectsManager::Release(void)
000f07f8	QueryInterface__23cSC3CitySpriteInstBasicUiPPv	cSC3CitySpriteInstBasic::QueryInterface(unsigned int, void **)
000f084c	IsPixelOpaque__C23cSC3CitySpriteInstBasiciiii	cSC3CitySpriteInstBasic::IsPixelOpaque(int, int, int, int) const
000f0974	__17cSC3WinCitySprite	cSC3WinCitySprite::cSC3WinCitySprite(void)
000f0ac0	SetSpriteZoomToFitInWindowArea__17cSC3WinCitySprite	cSC3WinCitySprite::SetSpriteZoomToFitInWindowArea(void)
000f0ba8	setup_blt_rect__17cSC3WinCitySprite	cSC3WinCitySprite::setup_blt_rect(void)
000f0f44	setup_buffer__17cSC3WinCitySprite	cSC3WinCitySprite::setup_buffer(void)
000f11a0	Init__17cSC3WinCitySprite	cSC3WinCitySprite::Init(void)
000f1270	GZPaint__17cSC3WinCitySprite	cSC3WinCitySprite::GZPaint(void)
000f1610	SetDrawSunkenRect__17cSC3WinCitySpriteb	cSC3WinCitySprite::SetDrawSunkenRect(bool)
000f1624	SetSunkenRectColors__17cSC3WinCitySpriteUiUi	cSC3WinCitySprite::SetSunkenRectColors(unsigned int, unsigned int)
000f1640	SetKeepWindowSize__17cSC3WinCitySpriteb	cSC3WinCitySprite::SetKeepWindowSize(bool)
000f1658	_._17cSC3WinCitySprite	cSC3WinCitySprite::~cSC3WinCitySprite(void)
000f16e0	QueryInterface__17cSC3WinCitySpriteUiPPv	cSC3WinCitySprite::QueryInterface(unsigned int, void **)
000f1738	AddRef__17cSC3WinCitySprite	cSC3WinCitySprite::AddRef(void)
000f1764	Release__17cSC3WinCitySprite	cSC3WinCitySprite::Release(void)
000f178c	AsIGZWin__17cSC3WinCitySprite	cSC3WinCitySprite::AsIGZWin(void)
000f1798	GetAssociatedCitySprite__17cSC3WinCitySprite	cSC3WinCitySprite::GetAssociatedCitySprite(void)
000f17ac	GetSpriteHeightToWidthRatio__C17cSC3WinCitySpriteRf	cSC3WinCitySprite::GetSpriteHeightToWidthRatio(float &) const
000f1848	SetCitySprite__17cSC3WinCitySpriteP13cISC3Occupant	cSC3WinCitySprite::SetCitySprite(cISC3Occupant *)
000f18a0	SetCitySprite__17cSC3WinCitySpriteP13cISC3OccupantUi	cSC3WinCitySprite::SetCitySprite(cISC3Occupant *, unsigned int)
000f1904	SetCitySprite__17cSC3WinCitySpriteP19cISC3OccupantAttrib	cSC3WinCitySprite::SetCitySprite(cISC3OccupantAttrib *)
000f1958	SetCitySprite__17cSC3WinCitySpriteP19cISC3OccupantAttribUi	cSC3WinCitySprite::SetCitySprite(cISC3OccupantAttrib *, unsigned int)
000f19c0	SetCitySprite__17cSC3WinCitySpriteP21cISC3CitySpriteAttrib	cSC3WinCitySprite::SetCitySprite(cISC3CitySpriteAttrib *)
000f1a48	SetCitySprite__17cSC3WinCitySpriteP19cISC3CitySpriteInst	cSC3WinCitySprite::SetCitySprite(cISC3CitySpriteInst *)
000f1ac0	SetCompass__17cSC3WinCitySpritei	cSC3WinCitySprite::SetCompass(int)
000f1af0	SetZoom__17cSC3WinCitySpritei	cSC3WinCitySprite::SetZoom(int)
000f1b20	GetCompass__C17cSC3WinCitySprite	cSC3WinCitySprite::GetCompass(void) const
000f1b30	GetZoom__C17cSC3WinCitySprite	cSC3WinCitySprite::GetZoom(void) const
000f1b40	SetStretch__17cSC3WinCitySpritebT1	cSC3WinCitySprite::SetStretch(bool, bool)
000f1b80	SetWindowSizeToSpriteSize__17cSC3WinCitySprite	cSC3WinCitySprite::SetWindowSizeToSpriteSize(void)
000f1c40	SetFillColor__17cSC3WinCitySpriteUi	cSC3WinCitySprite::SetFillColor(unsigned int)
000f1c84	GetArea__C17cSC3WinCitySprite	cSC3WinCitySprite::GetArea(void) const
000f1cb0	SetArea__17cSC3WinCitySpriteRC7cRZRect	cSC3WinCitySprite::SetArea(cRZRect const &)
000f1cf4	SetArea__17cSC3WinCitySpriteiiii	cSC3WinCitySprite::SetArea(int, int, int, int)
000f1d3c	SetAreaToDrawTo__17cSC3WinCitySprite	cSC3WinCitySprite::SetAreaToDrawTo(void)
000f1d6c	Shutdown__17cSC3WinCitySprite	cSC3WinCitySprite::Shutdown(void)
000f1dbc	GZOnKeyDown__17cSC3WinCitySpriteUiUi	cSC3WinCitySprite::GZOnKeyDown(unsigned int, unsigned int)
000f1df8	GZOnKeyUp__17cSC3WinCitySpriteUiUi	cSC3WinCitySprite::GZOnKeyUp(unsigned int, unsigned int)
000f1e64	GZPaint__15cSC3WinCityView	cSC3WinCityView::GZPaint(void)
000f21a8	ZoomIn__15cSC3WinCityViewb	cSC3WinCityView::ZoomIn(bool)
000f2434	ZoomOut__15cSC3WinCityViewb	cSC3WinCityView::ZoomOut(bool)
000f26c4	SetZoom__15cSC3WinCityViewiib	cSC3WinCityView::SetZoom(int, int, bool)
000f29a4	RotateCameraCCW__15cSC3WinCityViewb	cSC3WinCityView::RotateCameraCCW(bool)
000f2bb4	RotateCameraCW__15cSC3WinCityViewb	cSC3WinCityView::RotateCameraCW(bool)
000f2dc4	FocusCameraOn__15cSC3WinCityViewUiUib	cSC3WinCityView::FocusCameraOn(unsigned int, unsigned int, bool)
000f2f90	SetViewParam__15cSC3WinCityViewUiUib	cSC3WinCityView::SetViewParam(unsigned int, unsigned int, bool)
000f32c0	UpdateDataView__15cSC3WinCityView	cSC3WinCityView::UpdateDataView(void)
000f34d0	UpdateScroll__15cSC3WinCityViewss	cSC3WinCityView::UpdateScroll(short, short)
000f392c	paintScroll__15cSC3WinCityView	cSC3WinCityView::paintScroll(void)
000f3d38	saveTweakableSettings__15cSC3WinCityView	cSC3WinCityView::saveTweakableSettings(void)
000f4838	PostCityChange__15cSC3WinCityView	cSC3WinCityView::PostCityChange(void)
000f4b00	Init__15cSC3WinCityView	cSC3WinCityView::Init(void)
001112e8	Shutdown__15cSC3WinCityView	cSC3WinCityView::Shutdown(void)
00111c70	__15cSC3WinCityView	cSC3WinCityView::cSC3WinCityView(void)
00112230	_._15cSC3WinCityView	cSC3WinCityView::~cSC3WinCityView(void)
00112314	Init__15cSC3WinCityViewP9cISC3CityP13cIGZDBSegment	cSC3WinCityView::Init(cISC3City *, cIGZDBSegment *)
00112780	Save__15cSC3WinCityViewP9cISC3CityP13cIGZDBSegment	cSC3WinCityView::Save(cISC3City *, cIGZDBSegment *)
001128c0	SwitchHandler__15cSC3WinCityViewiP19cISLCityViewHandler	cSC3WinCityView::SwitchHandler(int, cISLCityViewHandler *)
00112e60	DoMessage__15cSC3WinCityViewR10cGZMessage	cSC3WinCityView::DoMessage(cGZMessage &)
00113644	GZOnMouseDownL__15cSC3WinCityViewiiUi	cSC3WinCityView::GZOnMouseDownL(int, int, unsigned int)
00113720	GZOnMouseDownR__15cSC3WinCityViewiiUi	cSC3WinCityView::GZOnMouseDownR(int, int, unsigned int)
00113820	GZOnMouseMove__15cSC3WinCityViewiiUi	cSC3WinCityView::GZOnMouseMove(int, int, unsigned int)
00113924	GZOnMouseUpL__15cSC3WinCityViewiiUi	cSC3WinCityView::GZOnMouseUpL(int, int, unsigned int)
00113a30	GZOnMouseUpR__15cSC3WinCityViewiiUi	cSC3WinCityView::GZOnMouseUpR(int, int, unsigned int)
00113bc0	DefOnKeyUp__15cSC3WinCityViewUiUi	cSC3WinCityView::DefOnKeyUp(unsigned int, unsigned int)
00113e08	DefOnHotKey__15cSC3WinCityViewUiUiUi	cSC3WinCityView::DefOnHotKey(unsigned int, unsigned int, unsigned int)
00114c70	SetCostDisplay__15cSC3WinCityViewbii	cSC3WinCityView::SetCostDisplay(bool, int, int)
00114f34	initWinLayers__15cSC3WinCityViewP14cISC3WinLayers	cSC3WinCityView::initWinLayers(cISC3WinLayers *)
0011523c	updateWinLayers__15cSC3WinCityViewP14cISC3WinLayers	cSC3WinCityView::updateWinLayers(cISC3WinLayers *)
001156b4	CellCursorVisible__15cSC3WinCityView	cSC3WinCityView::CellCursorVisible(void)
001156c4	GetCoordinateDisplayVisibility__15cSC3WinCityView	cSC3WinCityView::GetCoordinateDisplayVisibility(void)
001156d4	SetCoordinateDisplayVisibility__15cSC3WinCityViewb	cSC3WinCityView::SetCoordinateDisplayVisibility(bool)
001156e8	GetCurrentView__15cSC3WinCityView	cSC3WinCityView::GetCurrentView(void)
001156f8	GetIsoView__15cSC3WinCityView	cSC3WinCityView::GetIsoView(void)
00115708	SetCurrentView__15cSC3WinCityViewP13cISC3CityView	cSC3WinCityView::SetCurrentView(cISC3CityView *)
00115724	GetCameraHint__15cSC3WinCityViewP7cRZRectT1	cSC3WinCityView::GetCameraHint(cRZRect *, cRZRect *)
0011575c	SetEdgeScroll__15cSC3WinCityViewb	cSC3WinCityView::SetEdgeScroll(bool)
00115794	SetMouseScroll__15cSC3WinCityViewssb	cSC3WinCityView::SetMouseScroll(short, short, bool)
0011584c	CameraGoHome__15cSC3WinCityView	cSC3WinCityView::CameraGoHome(void)
00115884	Translate__15cSC3WinCityViewffb	cSC3WinCityView::Translate(float, float, bool)
001158d8	updateScrollRegions__15cSC3WinCityView	cSC3WinCityView::updateScrollRegions(void)
001159b8	ScrollingViewport__15cSC3WinCityView	cSC3WinCityView::ScrollingViewport(void)
001159fc	setTweakableSettings__15cSC3WinCityView	cSC3WinCityView::setTweakableSettings(void)
00115a44	PreCityChange__15cSC3WinCityView	cSC3WinCityView::PreCityChange(void)
00115b18	AsIGZWin__15cSC3WinCityView	cSC3WinCityView::AsIGZWin(void)
00115b2c	QueryInterface__15cSC3WinCityViewUiPPv	cSC3WinCityView::QueryInterface(unsigned int, void **)
00115b7c	AddRef__15cSC3WinCityView	cSC3WinCityView::AddRef(void)
00115ba8	Release__15cSC3WinCityView	cSC3WinCityView::Release(void)
00115bd4	SetActiveHandler__15cSC3WinCityViewP19cISLCityViewHandler	cSC3WinCityView::SetActiveHandler(cISLCityViewHandler *)
00115c1c	SetActiveCursor__15cSC3WinCityViewUi	cSC3WinCityView::SetActiveCursor(unsigned int)
00115cac	GZOnCommand__15cSC3WinCityViewUiUi	cSC3WinCityView::GZOnCommand(unsigned int, unsigned int)
00115d78	GZOnKeyDown__15cSC3WinCityViewUiUi	cSC3WinCityView::GZOnKeyDown(unsigned int, unsigned int)
00115e30	GZOnKeyUp__15cSC3WinCityViewUiUi	cSC3WinCityView::GZOnKeyUp(unsigned int, unsigned int)
00115eb0	GZOnMouseDownM__15cSC3WinCityViewiiUi	cSC3WinCityView::GZOnMouseDownM(int, int, unsigned int)
00115f64	GZOnMouseUpM__15cSC3WinCityViewiiUi	cSC3WinCityView::GZOnMouseUpM(int, int, unsigned int)
00115fa4	GZOnMouseWheel__15cSC3WinCityViewiiUii	cSC3WinCityView::GZOnMouseWheel(int, int, unsigned int, int)
00116054	GZOnCaptureChanged__15cSC3WinCityViewP7cIGZWin	cSC3WinCityView::GZOnCaptureChanged(cIGZWin *)
00116064	GZOnMouseEnter__15cSC3WinCityViewP7cIGZWin	cSC3WinCityView::GZOnMouseEnter(cIGZWin *)
00116090	GZOnMouseExit__15cSC3WinCityViewP7cIGZWin	cSC3WinCityView::GZOnMouseExit(cIGZWin *)
001160b8	DefActiveCursor__15cSC3WinCityViewRUi	cSC3WinCityView::DefActiveCursor(unsigned int &)
001160d4	DefOnKeyDown__15cSC3WinCityViewUiUi	cSC3WinCityView::DefOnKeyDown(unsigned int, unsigned int)
001161d8	DefOnMouseDownL__15cSC3WinCityViewiiUi	cSC3WinCityView::DefOnMouseDownL(int, int, unsigned int)
001161e8	DefOnMouseDownR__15cSC3WinCityViewiiUi	cSC3WinCityView::DefOnMouseDownR(int, int, unsigned int)
00116238	DefOnMouseUpL__15cSC3WinCityViewiiUi	cSC3WinCityView::DefOnMouseUpL(int, int, unsigned int)
001162d0	DefOnMouseUpR__15cSC3WinCityViewiiUi	cSC3WinCityView::DefOnMouseUpR(int, int, unsigned int)
0011630c	DefOnMouseMove__15cSC3WinCityViewiiUi	cSC3WinCityView::DefOnMouseMove(int, int, unsigned int)
001163c4	onMouseEnter__15cSC3WinCityView	cSC3WinCityView::onMouseEnter(void)
001163d0	onMouseExit__15cSC3WinCityView	cSC3WinCityView::onMouseExit(void)
0011646c	EnableCostDisplay__15cSC3WinCityViewb	cSC3WinCityView::EnableCostDisplay(bool)
001164a0	GetViewManager__15cSC3WinCityView	cSC3WinCityView::GetViewManager(void)
001164d4	DoSetBoxXZoom__15cSC3WinCityView	cSC3WinCityView::DoSetBoxXZoom(void)
0011653c	DoSetBoxXOrientation__15cSC3WinCityView	cSC3WinCityView::DoSetBoxXOrientation(void)
001165e4	DoSetBoxXPosition__15cSC3WinCityView	cSC3WinCityView::DoSetBoxXPosition(void)
00116658	GetCellCursorMap__C15cSC3WinCityView	cSC3WinCityView::GetCellCursorMap(void) const
00116668	SetCellCursorSize__15cSC3WinCityViewUiUi	cSC3WinCityView::SetCellCursorSize(unsigned int, unsigned int)
00116688	SetCellCursorVisible__15cSC3WinCityViewb	cSC3WinCityView::SetCellCursorVisible(bool)
001166d4	AnimationPause__15cSC3WinCityViewb	cSC3WinCityView::AnimationPause(bool)
00116708	dbg_UpdateCursorCityCoordDisplay__15cSC3WinCityViewii	cSC3WinCityView::dbg_UpdateCursorCityCoordDisplay(int, int)
00116774	SetLine__25cSC3WinCityViewCellCursorRC13cSC3CityCoordT1Ui	cSC3WinCityViewCellCursor::SetLine(cSC3CityCoord const &, cSC3CityCoord const &, unsigned int)
00116924	SetRect__25cSC3WinCityViewCellCursorRC14cSC3CityBoundsUi	cSC3WinCityViewCellCursor::SetRect(cSC3CityBounds const &, unsigned int)
00116a34	SetEllipse__25cSC3WinCityViewCellCursorRC13cSC3CityCoordT1Ui	cSC3WinCityViewCellCursor::SetEllipse(cSC3CityCoord const &, cSC3CityCoord const &, unsigned int)
0011712c	SetCellList__25cSC3WinCityViewCellCursorP26cISC3EnumCityViewSelectionUiT1Ui	cSC3WinCityViewCellCursor::SetCellList(cISC3EnumCityViewSelection *, unsigned int, cISC3EnumCityViewSelection *, unsigned int)
0011749c	setCell__25cSC3WinCityViewCellCursoriii	cSC3WinCityViewCellCursor::setCell(int, int, int)
00117574	setBounds__25cSC3WinCityViewCellCursoriiiii	cSC3WinCityViewCellCursor::setBounds(int, int, int, int, int)
00117690	clear__25cSC3WinCityViewCellCursor	cSC3WinCityViewCellCursor::clear(void)
0011775c	UpdateRegion__25cSC3WinCityViewCellCursorRC14cSC3CityBounds	cSC3WinCityViewCellCursor::UpdateRegion(cSC3CityBounds const &)
00117b84	Init__25cSC3WinCityViewCellCursorP9cISC3City	cSC3WinCityViewCellCursor::Init(cISC3City *)
00117de4	__25cSC3WinCityViewCellCursor	cSC3WinCityViewCellCursor::cSC3WinCityViewCellCursor(void)
00117eec	DoMessage__25cSC3WinCityViewCellCursorR10cGZMessage	cSC3WinCityViewCellCursor::DoMessage(cGZMessage &)
00117ef8	DoAnimationTick__25cSC3WinCityViewCellCursorUi	cSC3WinCityViewCellCursor::DoAnimationTick(unsigned int)
00117f00	GetAnimationTickPriority__25cSC3WinCityViewCellCursorRUcRi	cSC3WinCityViewCellCursor::GetAnimationTickPriority(unsigned char &, int &)
00117f0c	SetColor__25cSC3WinCityViewCellCursorRC13cSC3CityCoordUi	cSC3WinCityViewCellCursor::SetColor(cSC3CityCoord const &, unsigned int)
00117fac	SetColor__25cSC3WinCityViewCellCursorRC14cSC3CityBoundsUi	cSC3WinCityViewCellCursor::SetColor(cSC3CityBounds const &, unsigned int)
00118060	GetColor__25cSC3WinCityViewCellCursorRC13cSC3CityCoordRUi	cSC3WinCityViewCellCursor::GetColor(cSC3CityCoord const &, unsigned int &)
001180dc	Clear__25cSC3WinCityViewCellCursorb	cSC3WinCityViewCellCursor::Clear(bool)
0011812c	SetCell__25cSC3WinCityViewCellCursorRC13cSC3CityCoordUi	cSC3WinCityViewCellCursor::SetCell(cSC3CityCoord const &, unsigned int)
001181a4	GetEnumerator__25cSC3WinCityViewCellCursorPP26cISC3EnumCityViewSelection	cSC3WinCityViewCellCursor::GetEnumerator(cISC3EnumCityViewSelection **)
001181d4	SetPalette__25cSC3WinCityViewCellCursorUi	cSC3WinCityViewCellCursor::SetPalette(unsigned int)
001181ec	SetDefaultColor__25cSC3WinCityViewCellCursorUiUi	cSC3WinCityViewCellCursor::SetDefaultColor(unsigned int, unsigned int)
0011820c	GetDefaultColor__C25cSC3WinCityViewCellCursorRUiT1	cSC3WinCityViewCellCursor::GetDefaultColor(unsigned int &, unsigned int &) const
0011822c	CellCountX__C25cSC3WinCityViewCellCursor	cSC3WinCityViewCellCursor::CellCountX(void) const
0011825c	CellCountZ__C25cSC3WinCityViewCellCursor	cSC3WinCityViewCellCursor::CellCountZ(void) const
0011828c	InBounds__C25cSC3WinCityViewCellCursorRC13cSC3CityCoord	cSC3WinCityViewCellCursor::InBounds(cSC3CityCoord const &) const
001182d0	InBounds__C25cSC3WinCityViewCellCursorRC14cSC3CityBounds	cSC3WinCityViewCellCursor::InBounds(cSC3CityBounds const &) const
00118320	Shutdown__25cSC3WinCityViewCellCursor	cSC3WinCityViewCellCursor::Shutdown(void)
0011838c	QueryInterface__25cSC3WinCityViewCellCursorUiPPv	cSC3WinCityViewCellCursor::QueryInterface(unsigned int, void **)
001183f0	AddRef__25cSC3WinCityViewCellCursor	cSC3WinCityViewCellCursor::AddRef(void)
0011841c	Release__25cSC3WinCityViewCellCursor	cSC3WinCityViewCellCursor::Release(void)
00118448	_._25cSC3WinCityViewCellCursor	cSC3WinCityViewCellCursor::~cSC3WinCityViewCellCursor(void)
001184b4	RZGetCOMDllDirector_SimSpr__Fv	RZGetCOMDllDirector_SimSpr(void)
00118974	__17cRZCOMDllDirector	cRZCOMDllDirector::cRZCOMDllDirector(void)
00118c04	_._17cRZCOMDllDirector	cRZCOMDllDirector::~cRZCOMDllDirector(void)
00118d44	InitializeCOM__17cRZCOMDllDirectorP7cIGZCOMR10cIGZString	cRZCOMDllDirector::InitializeCOM(cIGZCOM *, cIGZString &)
00119034	OnStart__17cRZCOMDllDirectorP7cIGZCOM	cRZCOMDllDirector::OnStart(cIGZCOM *)
00119190	GetClassObject__17cRZCOMDllDirectorUiUiPPv	cRZCOMDllDirector::GetClassObject(unsigned int, unsigned int, void **)
001192a8	EnumClassObjects__17cRZCOMDllDirectorPFUiUiPv_vPv	cRZCOMDllDirector::EnumClassObjects(void (*)(unsigned int, unsigned int, void *), void *)
00119388	AddDirector__17cRZCOMDllDirectorP17cRZCOMDllDirector	cRZCOMDllDirector::AddDirector(cRZCOMDllDirector *)
00119430	OnUnload__17cRZCOMDllDirector	cRZCOMDllDirector::OnUnload(void)
00119440	GZCOM__Fv	GZCOM(void)
00119470	GZDllGetGZCOMDirector	GZDllGetGZCOMDirector
00119490	QueryInterface__17cRZCOMDllDirectorUiPPv	cRZCOMDllDirector::QueryInterface(unsigned int, void **)
0011950c	FrameWork__17cRZCOMDllDirector	cRZCOMDllDirector::FrameWork(void)
0011951c	AddRef__17cRZCOMDllDirector	cRZCOMDllDirector::AddRef(void)
00119538	Release__17cRZCOMDllDirector	cRZCOMDllDirector::Release(void)
00119560	RemoveRef__17cRZCOMDllDirector	cRZCOMDllDirector::RemoveRef(void)
00119578	RefCount__17cRZCOMDllDirector	cRZCOMDllDirector::RefCount(void)
0011958c	ModuleName__17cRZCOMDllDirectorR10cIGZString	cRZCOMDllDirector::ModuleName(cIGZString &)
001195c0	CanUnloadNow__17cRZCOMDllDirector	cRZCOMDllDirector::CanUnloadNow(void)
00119618	AddCls__17cRZCOMDllDirectorUiPFv_P11cIGZUnknownUi	cRZCOMDllDirector::AddCls(unsigned int, cIGZUnknown *(*)(void), unsigned int)
0011966c	AppRegister__17cRZCOMDllDirectorP12cIGZRegistry	cRZCOMDllDirector::AppRegister(cIGZRegistry *)
001196c4	PreFrameWorkInit__17cRZCOMDllDirector	cRZCOMDllDirector::PreFrameWorkInit(void)
001196d0	PreAppInit__17cRZCOMDllDirector	cRZCOMDllDirector::PreAppInit(void)
001196dc	PostAppInit__17cRZCOMDllDirector	cRZCOMDllDirector::PostAppInit(void)
001196e8	PreAppShutdown__17cRZCOMDllDirector	cRZCOMDllDirector::PreAppShutdown(void)
001196f4	PostAppShutdown__17cRZCOMDllDirector	cRZCOMDllDirector::PostAppShutdown(void)
00119700	PostSystemServiceShutdown__17cRZCOMDllDirector	cRZCOMDllDirector::PostSystemServiceShutdown(void)
0011970c	AbortiveQuit__17cRZCOMDllDirector	cRZCOMDllDirector::AbortiveQuit(void)
00119718	OnInstall__17cRZCOMDllDirector	cRZCOMDllDirector::OnInstall(void)
00119724	GZCOM__17cRZCOMDllDirector	cRZCOMDllDirector::GZCOM(void)
00119740	__out_of_range__FPCc	__out_of_range(char const *)
001199a8	__length_error__FPCc	__length_error(char const *)
00119c08	__11logic_errorRCt12basic_string3ZcZt18string_char_traits1ZcZt24__default_alloc_template2b1i0	logic_error::logic_error(basic_string<char, string_char_traits<char>, __default_alloc_template<true, 0> > const &)
00119c64	what__C11logic_error	logic_error::what(void) const
00119c8c	__12domain_errorRCt12basic_string3ZcZt18string_char_traits1ZcZt24__default_alloc_template2b1i0	domain_error::domain_error(basic_string<char, string_char_traits<char>, __default_alloc_template<true, 0> > const &)
00119cec	__16invalid_argumentRCt12basic_string3ZcZt18string_char_traits1ZcZt24__default_alloc_template2b1i0	invalid_argument::invalid_argument(basic_string<char, string_char_traits<char>, __default_alloc_template<true, 0> > const &)
00119d4c	__12length_errorRCt12basic_string3ZcZt18string_char_traits1ZcZt24__default_alloc_template2b1i0	length_error::length_error(basic_string<char, string_char_traits<char>, __default_alloc_template<true, 0> > const &)
00119dac	__12out_of_rangeRCt12basic_string3ZcZt18string_char_traits1ZcZt24__default_alloc_template2b1i0	out_of_range::out_of_range(basic_string<char, string_char_traits<char>, __default_alloc_template<true, 0> > const &)
00119e0c	__13runtime_errorRCt12basic_string3ZcZt18string_char_traits1ZcZt24__default_alloc_template2b1i0	runtime_error::runtime_error(basic_string<char, string_char_traits<char>, __default_alloc_template<true, 0> > const &)
00119e6c	what__C13runtime_error	runtime_error::what(void) const
00119e90	__13runtime_error	runtime_error::runtime_error(void)
00119ef4	__11range_errorRCt12basic_string3ZcZt18string_char_traits1ZcZt24__default_alloc_template2b1i0	range_error::range_error(basic_string<char, string_char_traits<char>, __default_alloc_template<true, 0> > const &)
00119f4c	__14overflow_errorRCt12basic_string3ZcZt18string_char_traits1ZcZt24__default_alloc_template2b1i0	overflow_error::overflow_error(basic_string<char, string_char_traits<char>, __default_alloc_template<true, 0> > const &)
00119fac	__15underflow_errorRCt12basic_string3ZcZt18string_char_traits1ZcZt24__default_alloc_template2b1i0	underflow_error::underflow_error(basic_string<char, string_char_traits<char>, __default_alloc_template<true, 0> > const &)
0011a010	__7istreamiP9streambufP7ostream	istream::istream(int, streambuf *, ostream *)
0011a0c4	skip_ws__FP9streambuf	skip_ws(streambuf *)
0011a0f8	get__7istreamRc	istream::get(char &)
0011a1d8	peek__7istream	istream::peek(void)
0011a234	ignore__7istreamii	istream::ignore(int, int)
0011a32c	read__7istreamPci	istream::read(char *, int)
0011a404	sync__7istream	istream::sync(void)
0011a444	seekg__7istreamx	istream::seekg(long long)
0011a47c	seekg__7istreamxQ23ios8seek_dir	istream::seekg(long long, ios::seek_dir)
0011a4bc	tellg__7istream	istream::tellg(void)
0011a4fc	__rs__7istreamRc	istream::operator>>(char &)
0011a5e4	__rs__7istreamPc	istream::operator>>(char *)
0011aa00	__rs__7istreamRs	istream::operator>>(short &)
0011aa44	__rs__7istreamRUs	istream::operator>>(unsigned short &)
0011aa88	__rs__7istreamRi	istream::operator>>(int &)
0011aac8	__rs__7istreamRUi	istream::operator>>(unsigned int &)
0011ab08	__rs__7istreamRl	istream::operator>>(long &)
0011ab48	__rs__7istreamRUl	istream::operator>>(unsigned long &)
0011ab88	__rs__7istreamRx	istream::operator>>(long long &)
0011abd0	__rs__7istreamRUx	istream::operator>>(unsigned long long &)
0011ac18	__rs__7istreamRb	istream::operator>>(bool &)
0011ac64	__rs__7istreamRr	istream::operator>>(long double &)
0011ad38	__rs__7istreamRd	istream::operator>>(double &)
0011ae08	__rs__7istreamRf	istream::operator>>(float &)
0011aed8	__rs__7istreamP9streambuf	istream::operator>>(streambuf *)
0011afdc	__ls__7ostreamc	ostream::operator<<(char)
0011b34c	__ls__7ostreami	ostream::operator<<(int)
0011b3f8	__ls__7ostreamUi	ostream::operator<<(unsigned int)
0011b488	__ls__7ostreaml	ostream::operator<<(long)
0011b534	__ls__7ostreamUl	ostream::operator<<(unsigned long)
0011b5c4	__ls__7ostreamx	ostream::operator<<(long long)
0011b678	__ls__7ostreamUx	ostream::operator<<(unsigned long long)
0011b708	__ls__7ostreamd	ostream::operator<<(double)
0011b8b8	__ls__7ostreamr	ostream::operator<<(long double)
0011ba6c	__ls__7ostreamPCc	ostream::operator<<(char const *)
0011bbf8	__ls__7ostreamP9streambuf	ostream::operator<<(streambuf *)
0011bd10	__7ostreamiP9streambufP7ostream	ostream::ostream(int, streambuf *, ostream *)
0011bdbc	seekp__7ostreamx	ostream::seekp(long long)
0011bdf4	seekp__7ostreamxQ23ios8seek_dir	ostream::seekp(long long, ios::seek_dir)
0011be34	tellp__7ostream	ostream::tellp(void)
0011be74	flush__7ostream	ostream::flush(void)
0011bea4	flush__FR7ostream	flush(ostream &)
0011bebc	ws__FR7istream	ws(istream &)
0011bf98	_skip_ws__7istream	istream::_skip_ws(void)
0011bfe0	ends__FR7ostream	ends(ostream &)
0011c004	endl__FR7ostream	endl(ostream &)
0011c030	lock__FR7istream	lock(istream &)
0011c050	unlock__FR7istream	unlock(istream &)
0011c070	lock__FR7ostream	lock(ostream &)
0011c090	unlock__FR7ostream	unlock(ostream &)
0011c0b0	write__7ostreamPCci	ostream::write(char const *, int)
0011c184	do_osfx__7ostream	ostream::do_osfx(void)
0011c1d0	__8iostreamiP9streambufP7ostream	iostream::iostream(int, streambuf *, ostream *)
0011c294	close__3ios	ios::close(void)
0011c2d8	skip__7istreami	istream::skip(int)
0011c300	__7ostreami	ostream::ostream(int)
0011c360	opfx__7ostream	ostream::opfx(void)
0011c3a4	osfx__7ostream	ostream::osfx(void)
0011c3d8	put__7ostreamc	ostream::put(char)
0011c400	put__7ostreamUc	ostream::put(unsigned char)
0011c428	put__7ostreamSc	ostream::put(signed char)
0011c450	write__7ostreamPCUci	ostream::write(unsigned char const *, int)
0011c470	write__7ostreamPCSci	ostream::write(signed char const *, int)
0011c490	write__7ostreamPCvi	ostream::write(void const *, int)
0011c4b0	__ls__7ostreamUc	ostream::operator<<(unsigned char)
0011c4cc	__ls__7ostreamSc	ostream::operator<<(signed char)
0011c4e8	__ls__7ostreamPCUc	ostream::operator<<(unsigned char const *)
0011c504	__ls__7ostreamPCSc	ostream::operator<<(signed char const *)
0011c520	__ls__7ostreams	ostream::operator<<(short)
0011c53c	__ls__7ostreamUs	ostream::operator<<(unsigned short)
0011c558	__ls__7ostreamb	ostream::operator<<(bool)
0011c574	__ls__7ostreamf	ostream::operator<<(float)
0011c594	__ls__7ostreamPFR7ostream_R7ostream	ostream::operator<<(ostream &(*)(ostream &))
0011c5ac	__ls__7ostreamPFR3ios_R3ios	ostream::operator<<(ios &(*)(ios &))
0011c5cc	ostreambuf__C7ostream	ostream::ostreambuf(void) const
0011c5dc	__7istreami	istream::istream(int)
0011c644	get__7istreamPUcic	istream::get(unsigned char *, int, char)
0011c668	get__7istreamRUc	istream::get(unsigned char &)
0011c684	getline__7istreamPUcic	istream::getline(unsigned char *, int, char)
0011c6a8	get__7istreamRSc	istream::get(signed char &)
0011c6c4	get__7istreamPScic	istream::get(signed char *, int, char)
0011c6e8	getline__7istreamPScic	istream::getline(signed char *, int, char)
0011c70c	read__7istreamPUci	istream::read(unsigned char *, int)
0011c72c	read__7istreamPSci	istream::read(signed char *, int)
0011c74c	read__7istreamPvi	istream::read(void *, int)
0011c76c	ipfx__7istreami	istream::ipfx(int)
0011c7f0	ipfx0__7istream	istream::ipfx0(void)
0011c854	ipfx1__7istream	istream::ipfx1(void)
0011c8a8	isfx__7istream	istream::isfx(void)
0011c8c4	get__7istream	istream::get(void)
0011c948	gcount__7istream	istream::gcount(void)
0011c958	putback__7istreamc	istream::putback(char)
0011c990	unget__7istream	istream::unget(void)
0011c9c4	unget__7istreamc	istream::unget(char)
0011c9fc	istreambuf__C7istream	istream::istreambuf(void) const
0011ca0c	__rs__7istreamPUc	istream::operator>>(unsigned char *)
0011ca28	__rs__7istreamPSc	istream::operator>>(signed char *)
0011ca44	__rs__7istreamRUc	istream::operator>>(unsigned char &)
0011ca60	__rs__7istreamRSc	istream::operator>>(signed char &)
0011ca7c	__rs__7istreamPFR3ios_R3ios	istream::operator>>(ios &(*)(ios &))
0011ca9c	__rs__7istreamPFR7istream_R7istream	istream::operator>>(istream &(*)(istream &))
0011cab4	__8iostreami	iostream::iostream(int)
0011cb34	__as__22_IO_istream_withassignR22_IO_istream_withassign	_IO_istream_withassign::operator=(_IO_istream_withassign &)
0011cb50	__as__22_IO_ostream_withassignR22_IO_ostream_withassign	_IO_ostream_withassign::operator=(_IO_ostream_withassign &)
0011cb6c	dec__FR3ios	dec(ios &)
0011cb84	hex__FR3ios	hex(ios &)
0011cb9c	oct__FR3ios	oct(ios &)
0011cbc0	getline__7istreamPcic	istream::getline(char *, int, char)
0011cd2c	get__7istreamPcic	istream::get(char *, int, char)
0011ce38	_sb_readline__FP9streambufRlc	_sb_readline(streambuf *, long &, char)
0011cf54	gets__7istreamPPcc	istream::gets(char **, char)
0011d060	scan__7istreamPCce	istream::scan(char const *,...)
0011d138	vscan__7istreamPCcPv	istream::vscan(char const *, void *)
0011d208	vscan__9streambufPCcPvP3ios	streambuf::vscan(char const *, void *, ios *)
0011d244	scan__9streambufPCce	streambuf::scan(char const *,...)
0011d264	sync_with_stdio__3iosi	ios::sync_with_stdio(int)
0011d270	_un_link__9streambuf	streambuf::_un_link(void)
0011d288	_link_in__9streambuf	streambuf::_link_in(void)
0011d2a0	switch_to_get_mode__9streambuf	streambuf::switch_to_get_mode(void)
0011d2b8	free_backup_area__9streambuf	streambuf::free_backup_area(void)
0011d2d0	__overflow__FP9streambufi	__overflow(streambuf *, int)
0011d2f0	underflow__9streambuf	streambuf::underflow(void)
0011d2fc	uflow__9streambuf	streambuf::uflow(void)
0011d314	overflow__9streambufi	streambuf::overflow(int)
0011d320	xsputn__9streambufPCci	streambuf::xsputn(char const *, int)
0011d340	xsgetn__9streambufPci	streambuf::xsgetn(char *, int)
0011d360	ignore__9streambufi	streambuf::ignore(int)
0011d3b0	sync__9streambuf	streambuf::sync(void)
0011d3bc	pbackfail__9streambufi	streambuf::pbackfail(int)
0011d3d8	setbuf__9streambufPci	streambuf::setbuf(char *, int)
0011d478	seekpos__9streambufxi	streambuf::seekpos(long long, int)
0011d4a8	sseekpos__9streambufxi	streambuf::sseekpos(long long, int)
0011d4c8	setb__9streambufPcT1i	streambuf::setb(char *, char *, int)
0011d4ec	doallocate__9streambuf	streambuf::doallocate(void)
0011d504	doallocbuf__9streambuf	streambuf::doallocbuf(void)
0011d51c	__9streambufi	streambuf::streambuf(int)
0011d558	_._9streambuf	streambuf::~streambuf(void)
0011d5b8	seekoff__9streambufxQ23ios8seek_diri	streambuf::seekoff(long long, ios::seek_dir, int)
0011d5cc	sseekoff__9streambufxQ23ios8seek_diri	streambuf::sseekoff(long long, ios::seek_dir, int)
0011d5f4	sputbackc__9streambufc	streambuf::sputbackc(char)
0011d610	sungetc__9streambuf	streambuf::sungetc(void)
0011d628	get_column__9streambuf	streambuf::get_column(void)
0011d65c	set_column__9streambufi	streambuf::set_column(int)
0011d670	flush_all__9streambuf	streambuf::flush_all(void)
0011d680	flush_all_linebuffered__9streambuf	streambuf::flush_all_linebuffered(void)
0011d690	sys_stat__9streambufPv	streambuf::sys_stat(void *)
0011d6ac	sys_read__9streambufPci	streambuf::sys_read(char *, int)
0011d6b8	sys_write__9streambufPCci	streambuf::sys_write(char const *, int)
0011d6c4	sys_seek__9streambufxQ23ios8seek_dir	streambuf::sys_seek(long long, ios::seek_dir)
0011d6d8	sys_close__9streambuf	streambuf::sys_close(void)
0011d6e4	showmanyc__9streambuf	streambuf::showmanyc(void)
0011d6f0	imbue__9streambufPv	streambuf::imbue(void *)
0011d6f8	__12streammarkerP9streambuf	streammarker::streammarker(streambuf *)
0011d718	_._12streammarker	streammarker::~streammarker(void)
0011d74c	delta__12streammarkerR12streammarker	streammarker::delta(streammarker &)
0011d768	delta__12streammarker	streammarker::delta(void)
0011d780	seekmark__9streambufR12streammarkeri	streambuf::seekmark(streammarker &, int)
0011d7a0	unsave_markers__9streambuf	streambuf::unsave_markers(void)
0011d7b8	readable__3ios	ios::readable(void)
0011d7d0	writable__3ios	ios::writable(void)
0011d7e8	is_open__3ios	ios::is_open(void)
0011d80c	tie__C3ios	ios::tie(void) const
0011d81c	tie__3iosP7ostream	ios::tie(ostream *)
0011d834	fill__C3ios	ios::fill(void) const
0011d844	fill__3iosw	ios::fill(wchar_t)
0011d85c	flags__C3ios	ios::flags(void) const
0011d86c	flags__3iosUl	ios::flags(unsigned long)
0011d884	precision__C3ios	ios::precision(void) const
0011d894	precision__3iosi	ios::precision(int)
0011d8ac	setf__3iosUl	ios::setf(unsigned long)
0011d8c4	setf__3iosUlUl	ios::setf(unsigned long, unsigned long)
0011d8e8	unsetf__3iosUl	ios::unsetf(unsigned long)
0011d904	width__C3ios	ios::width(void) const
0011d914	width__3iosi	ios::width(int)
0011d92c	_throw_failure__C3ios	ios::_throw_failure(void) const
0011d934	clear__3iosi	ios::clear(int)
0011d950	set__3iosi	ios::set(int)
0011d960	setstate__3iosi	ios::setstate(int)
0011d970	good__C3ios	ios::good(void) const
0011d984	eof__C3ios	ios::eof(void) const
0011d998	fail__C3ios	ios::fail(void) const
0011d9ac	bad__C3ios	ios::bad(void) const
0011d9c0	rdstate__C3ios	ios::rdstate(void) const
0011d9d0	__opPv__C3ios	ios::operator void *(void) const
0011d9ec	__nt__C3ios	ios::operator!(void) const
0011da00	exceptions__C3ios	ios::exceptions(void) const
0011da10	exceptions__3iosi	ios::exceptions(int)
0011da20	rdbuf__C3ios	ios::rdbuf(void) const
0011da2c	rdbuf__3iosP9streambuf	ios::rdbuf(streambuf *)
0011da4c	sync_with_stdio__3ios	ios::sync_with_stdio(void)
0011da60	unset__3ios11state_value	ios::unset(state_value)
0011da74	__Q23ios4Init	ios::Init::Init(void)
0011da80	set_offset__12streammarkeri	streammarker::set_offset(int)
0011da90	saving__12streammarker	streammarker::saving(void)
0011da9c	_vtable__9streambuf	streambuf::_vtable(void)
0011daac	xchain__9streambuf	streambuf::xchain(void)
0011dabc	gptr__C9streambuf	streambuf::gptr(void) const
0011dad8	pptr__C9streambuf	streambuf::pptr(void) const
0011dae8	egptr__C9streambuf	streambuf::egptr(void) const
0011db08	epptr__C9streambuf	streambuf::epptr(void) const
0011db18	pbase__C9streambuf	streambuf::pbase(void) const
0011db28	eback__C9streambuf	streambuf::eback(void) const
0011db48	base__C9streambuf	streambuf::base(void) const
0011db58	ebuf__C9streambuf	streambuf::ebuf(void) const
0011db68	blen__C9streambuf	streambuf::blen(void) const
0011db7c	xput_char__9streambufc	streambuf::xput_char(char)
0011db94	xflags__9streambuf	streambuf::xflags(void)
0011dba0	xflags__9streambufi	streambuf::xflags(int)
0011dbb4	xsetflags__9streambufi	streambuf::xsetflags(int)
0011dbc4	xsetflags__9streambufii	streambuf::xsetflags(int, int)
0011dbe0	gbump__9streambufi	streambuf::gbump(int)
0011dbfc	pbump__9streambufi	streambuf::pbump(int)
0011dc10	setp__9streambufPcT1	streambuf::setp(char *, char *)
0011dc2c	setg__9streambufPcN21	streambuf::setg(char *, char *, char *)
0011dc60	shortbuf__9streambuf	streambuf::shortbuf(void)
0011dc70	in_backup__9streambuf	streambuf::in_backup(void)
0011dc84	Gbase__9streambuf	streambuf::Gbase(void)
0011dc9c	eGptr__9streambuf	streambuf::eGptr(void)
0011dcb8	Bbase__9streambuf	streambuf::Bbase(void)
0011dcd8	Bptr__9streambuf	streambuf::Bptr(void)
0011dce8	eBptr__9streambuf	streambuf::eBptr(void)
0011dd08	Nbase__9streambuf	streambuf::Nbase(void)
0011dd18	eNptr__9streambuf	streambuf::eNptr(void)
0011dd28	have_backup__9streambuf	streambuf::have_backup(void)
0011dd3c	have_markers__9streambuf	streambuf::have_markers(void)
0011dd50	put_mode__9streambuf	streambuf::put_mode(void)
0011dd64	pubseekoff__9streambufxQ23ios8seek_diri	streambuf::pubseekoff(long long, ios::seek_dir, int)
0011dd8c	pubseekpos__9streambufxi	streambuf::pubseekpos(long long, int)
0011ddac	unbuffered__9streambuf	streambuf::unbuffered(void)
0011ddc0	linebuffered__9streambuf	streambuf::linebuffered(void)
0011ddd4	unbuffered__9streambufi	streambuf::unbuffered(int)
0011ddec	linebuffered__9streambufi	streambuf::linebuffered(int)
0011de08	allocate__9streambuf	streambuf::allocate(void)
0011de34	allocbuf__9streambuf	streambuf::allocbuf(void)
0011de50	in_avail__9streambuf	streambuf::in_avail(void)
0011de64	out_waiting__9streambuf	streambuf::out_waiting(void)
0011de78	sputn__9streambufPCci	streambuf::sputn(char const *, int)
0011dea0	padn__9streambufci	streambuf::padn(char, int)
0011dec0	sgetn__9streambufPci	streambuf::sgetn(char *, int)
0011dee0	sputc__9streambufi	streambuf::sputc(int)
0011defc	sbumpc__9streambuf	streambuf::sbumpc(void)
0011df14	sgetc__9streambuf	streambuf::sgetc(void)
0011df2c	snextc__9streambuf	streambuf::snextc(void)
0011df64	stossc__9streambuf	streambuf::stossc(void)
0011df7c	is_open__C7filebuf	filebuf::is_open(void) const
0011df90	fd__C7filebuf	filebuf::fd(void) const
0011dfac	is_reading__7filebuf	filebuf::is_reading(void)
0011dfe0	cur_ptr__7filebuf	filebuf::cur_ptr(void)
0011e020	file_ptr__7filebuf	filebuf::file_ptr(void)
0011e038	init__3iosP9streambufP7ostream	ios::init(streambuf *, ostream *)
0011e088	__3iosP9streambufP7ostream	ios::ios(streambuf *, ostream *)
0011e0dc	_._3ios	ios::~ios(void)
0011e120	init__7filebuf	filebuf::init(void)
0011e138	__7filebuf	filebuf::filebuf(void)
0011e198	__7filebufi	filebuf::filebuf(int)
0011e1fc	__7filebufiPci	filebuf::filebuf(int, char *, int)
0011e27c	_._7filebuf	filebuf::~filebuf(void)
0011e2d8	open__7filebufPCcii	filebuf::open(char const *, int, int)
0011e388	open__7filebufPCcT1	filebuf::open(char const *, char const *)
0011e3a8	attach__7filebufi	filebuf::attach(int)
0011e3c4	setbuf__7filebufPci	filebuf::setbuf(char *, int)
0011e3e4	doallocate__7filebuf	filebuf::doallocate(void)
0011e3fc	overflow__7filebufi	filebuf::overflow(int)
0011e418	underflow__7filebuf	filebuf::underflow(void)
0011e430	sync__7filebuf	filebuf::sync(void)
0011e448	seekoff__7filebufxQ23ios8seek_diri	filebuf::seekoff(long long, ios::seek_dir, int)
0011e470	close__7filebuf	filebuf::close(void)
0011e494	sys_read__7filebufPci	filebuf::sys_read(char *, int)
0011e4b4	sys_seek__7filebufxQ23ios8seek_dir	filebuf::sys_seek(long long, ios::seek_dir)
0011e4d4	sys_write__7filebufPCci	filebuf::sys_write(char const *, int)
0011e4f4	sys_stat__7filebufPv	filebuf::sys_stat(void *)
0011e510	sys_close__7filebuf	filebuf::sys_close(void)
0011e528	xsputn__7filebufPCci	filebuf::xsputn(char const *, int)
0011e548	xsgetn__7filebufPci	filebuf::xsgetn(char *, int)
0011e570	__as__22_IO_istream_withassignR7istream	_IO_istream_withassign::operator=(istream &)
0011e5d4	__as__22_IO_ostream_withassignR7ostream	_IO_ostream_withassign::operator=(ostream &)
0011e630	__divdi3	__divdi3
0011e7d4	__default_terminate	__default_terminate
0011e7f0	__terminate	__terminate
0011e818	__throw_type_match	__throw_type_match
0011e84c	__empty	__empty
0011e8a8	__get_eh_context	__get_eh_context
0011e8cc	__get_eh_info	__get_eh_info
0011e97c	__get_dynamic_handler_chain	__get_dynamic_handler_chain
0011e9a4	__sjthrow	__sjthrow
0011eab4	__sjpopnthrow	__sjpopnthrow
0011ebac	__eh_rtime_match	__eh_rtime_match
0011ec04	__get_eh_table_version	__get_eh_table_version
0011ec14	__get_eh_table_language	__get_eh_table_language
0011eeb8	__unwinding_cleanup	__unwinding_cleanup
0011f228	__throw	__throw
0011f2e8	__rethrow	__rethrow
0011f3b4	__pure_virtual	__pure_virtual
0011f3f0	__udivdi3	__udivdi3
0011f510	__umoddi3	__umoddi3
0011f6a4	terminate__Fv	terminate(void)
0011f6c4	__default_unexpected__Fv	__default_unexpected(void)
0011f6e0	set_terminate__FPFv_v	set_terminate(void (*)(void))
0011f708	set_unexpected__FPFv_v	set_unexpected(void (*)(void))
0011f734	unexpected__Fv	unexpected(void)
0011f754	__cp_exception_info	__cp_exception_info
0011f77c	__cp_eh_info	__cp_eh_info
0011f7a0	__start_cp_handler	__start_cp_handler
0011f7cc	__eh_alloc	__eh_alloc
0011f804	__eh_free	__eh_free
0011f830	__cplus_type_matcher	__cplus_type_matcher
0011f89c	__cp_push_exception	__cp_push_exception
0011f910	__cp_pop_exception	__cp_pop_exception
0011f9c0	__uncatch_exception	__uncatch_exception
0011f9f0	__check_eh_spec	__check_eh_spec
0011fbc4	__throw_bad_cast	__throw_bad_cast
0011fc68	__throw_bad_typeid	__throw_bad_typeid
0011fd08	uncaught_exception__Fv	uncaught_exception(void)
0011fd3c	what__C9exception	exception::what(void) const
0011fd64	__9exception	exception::exception(void)
0011fd8c	_._9exception	exception::~exception(void)
0011fdc4	__13bad_exception	bad_exception::bad_exception(void)
0011fdf4	_._13bad_exception	bad_exception::~bad_exception(void)
001208b4	__register_frame_info	__register_frame_info
00120900	__register_frame	__register_frame
00120938	__register_frame_info_table	__register_frame_info_table
00120980	__register_frame_table	__register_frame_table
001209b8	__deregister_frame_info	__deregister_frame_info
00120a20	__deregister_frame	__deregister_frame
00120a54	__frame_state_for	__frame_state_for
00120cd4	__builtin_delete	__builtin_delete
00120d74	__builtin_new	__builtin_new
00120ed4	__builtin_vec_delete	__builtin_vec_delete
00120f74	__builtin_vec_new	__builtin_vec_new
00121024	_._9type_info	type_info::~type_info(void)
0012105c	__eq__C9type_infoRC9type_info	type_info::operator==(type_info const &) const
001210a0	__rtti_class	__rtti_class
001210ec	__rtti_si	__rtti_si
00121134	__rtti_user	__rtti_user
0012116c	dcast__C16__user_type_infoRC9type_infoiPvPC9type_infoT3	__user_type_info::dcast(type_info const &, int, void *, type_info const *, void *) const
001211a4	dcast__C14__si_type_infoRC9type_infoiPvPC9type_infoT3	__si_type_info::dcast(type_info const &, int, void *, type_info const *, void *) const
00121204	dcast__C17__class_type_infoRC9type_infoiPvPC9type_infoT3	__class_type_info::dcast(type_info const &, int, void *, type_info const *, void *) const
00121354	__9type_infoPCc	type_info::type_info(char const *)
0012137c	name__C9type_info	type_info::name(void) const
0012138c	__ne__C9type_infoRC9type_info	type_info::operator!=(type_info const &) const
001213bc	__8bad_cast	bad_cast::bad_cast(void)
001213ec	_._8bad_cast	bad_cast::~bad_cast(void)
0012142c	__10bad_typeid	bad_typeid::bad_typeid(void)
0012145c	_._10bad_typeid	bad_typeid::~bad_typeid(void)
0012149c	__16__user_type_infoPCc	__user_type_info::__user_type_info(char const *)
001214d0	__14__si_type_infoPCcRC16__user_type_info	__si_type_info::__si_type_info(char const *, __user_type_info const &)
00121518	__17__class_type_infoPCcPCQ217__class_type_info9base_infoUi	__class_type_info::__class_type_info(char const *, __class_type_info::base_info const *, unsigned int)
00121574	before__C9type_infoRC9type_info	type_info::before(type_info const &) const
001215a8	__throw_type_match_rtti	__throw_type_match_rtti
00121a40	__is_pointer__FPv	__is_pointer(void *)
00121a94	__rtti_ptr	__rtti_ptr
00121ad0	__rtti_attr	__rtti_attr
00121b14	__rtti_func	__rtti_func
00121b4c	__rtti_ptmf	__rtti_ptmf
00121b84	__rtti_ptmd	__rtti_ptmd
00121bbc	__rtti_array	__rtti_array
00121bf4	__dynamic_cast	__dynamic_cast
00121c48	__tfv	void type_info function
00121c90	__tfx	long long type_info function
00121cd8	__tfl	long type_info function
00121d20	__tfi	int type_info function
00121d68	__tfs	short type_info function
00121db0	__tfb	bool type_info function
00121df8	__tfc	char type_info function
00121e40	__tfw	wchar_t type_info function
00121e88	__tfr	long double type_info function
00121ed0	__tfd	double type_info function
00121f18	__tff	float type_info function
00121f60	__tfUi	unsigned int type_info function
00121fa8	__tfUl	unsigned long type_info function
00121ff0	__tfUx	unsigned long long type_info function
00122038	__tfUs	unsigned short type_info function
00122080	__tfUc	unsigned char type_info function
001220c8	__tfSc	signed char type_info function
00122110	set_new_handler__FPFv_v	set_new_handler(void (*)(void))
00122138	what__C9bad_alloc	bad_alloc::what(void) const
00122158	__nw__FUiPv	operator new(unsigned int, void *)
00122174	__vn__FUiPv	operator new [](unsigned int, void *)
00122204	_S_chunk_alloc__t24__default_alloc_template2b1i0UiRi	__default_alloc_template<true, 0>::_S_chunk_alloc(unsigned int, int &)
001223b4	clone__Q2t12basic_string3ZcZt18string_char_traits1ZcZt24__default_alloc_template2b1i0_3Rep	basic_string<char, string_char_traits<char>, __default_alloc_template<true, 0> >::Rep::clone(void)
001225d4	alloc__t12basic_string3ZcZt18string_char_traits1ZcZt24__default_alloc_template2b1i0Uib	basic_string<char, string_char_traits<char>, __default_alloc_template<true, 0> >::alloc(unsigned int, bool)
001228b4	replace__t12basic_string3ZcZt18string_char_traits1ZcZt24__default_alloc_template2b1i0UiUiUic	basic_string<char, string_char_traits<char>, __default_alloc_template<true, 0> >::replace(unsigned int, unsigned int, unsigned int, char)
00122c84	replace__t12basic_string3ZcZt18string_char_traits1ZcZt24__default_alloc_template2b1i0UiUiPCcUi	basic_string<char, string_char_traits<char>, __default_alloc_template<true, 0> >::replace(unsigned int, unsigned int, char const *, unsigned int)
00123064	replace__t12basic_string3ZcZt18string_char_traits1ZcZt24__default_alloc_template2b1i0UiUiRCt12basic_string3ZcZt18string_char_traits1ZcZt24__default_alloc_template2b1i0UiUi	basic_string<char, string_char_traits<char>, __default_alloc_template<true, 0> >::replace(unsigned int, unsigned int, basic_string<char, string_char_traits<char>, __default_alloc_template<true, 0> > const &, unsigned int, unsigned int)
001231c4	replace__H1ZPCc_t12basic_string3ZcZt18string_char_traits1ZcZt24__default_alloc_template2b1i0PcT1X00X00_Rt12basic_string3ZcZt18string_char_traits1ZcZt24__default_alloc_template2b1i0	basic_string<char, string_char_traits<char>, __default_alloc_template<true, 0> > & basic_string<char, string_char_traits<char>, __default_alloc_template<true, 0> >::replace<char const *>(char *, char *, char const *, char const *)
001235c4	compare__Ct12basic_string3ZcZt18string_char_traits1ZcZt24__default_alloc_template2b1i0RCt12basic_string3ZcZt18string_char_traits1ZcZt24__default_alloc_template2b1i0UiUi	basic_string<char, string_char_traits<char>, __default_alloc_template<true, 0> >::compare(basic_string<char, string_char_traits<char>, __default_alloc_template<true, 0> > const &, unsigned int, unsigned int) const
0012366c	__thunk_4_QueryInterface__20cSC3CitySpriteAttribUiPPv	virtual function thunk (delta:-4) for cSC3CitySpriteAttrib::QueryInterface(unsigned int, void **)
00123688	__thunk_4_AddRef__20cSC3CitySpriteAttrib	virtual function thunk (delta:-4) for cSC3CitySpriteAttrib::AddRef(void)
001236a4	__thunk_4_Release__20cSC3CitySpriteAttrib	virtual function thunk (delta:-4) for cSC3CitySpriteAttrib::Release(void)
001236c0	__thunk_4_DebugInstanceTag__20cSC3CitySpriteAttribR10cIGZString	virtual function thunk (delta:-4) for cSC3CitySpriteAttrib::DebugInstanceTag(cIGZString &)
001236dc	__thunk_4_DebugClassTag__20cSC3CitySpriteAttribR10cIGZString	virtual function thunk (delta:-4) for cSC3CitySpriteAttrib::DebugClassTag(cIGZString &)
001236f8	__thunk_4_DebugTypeTag__20cSC3CitySpriteAttribR10cIGZString	virtual function thunk (delta:-4) for cSC3CitySpriteAttrib::DebugTypeTag(cIGZString &)
00123714	__thunk_4__._20cSC3CitySpriteAttrib	virtual function thunk (delta:-4) for cSC3CitySpriteAttrib::~cSC3CitySpriteAttrib(void)
00123730	ScaleCoord__C16cSC3CitySprFramei	cSC3CitySprFrame::ScaleCoord(int) const
00123760	ScaleCoordsToImage__C16cSC3CitySprFrameRiT1	cSC3CitySprFrame::ScaleCoordsToImage(int &, int &) const
00123804	_M_insert_aux__t6vector2ZP10sSScriptOPZt9allocator1ZP10sSScriptOPPP10sSScriptOPRCP10sSScriptOP	vector<sSScriptOP *, allocator<sSScriptOP *> >::_M_insert_aux(sSScriptOP **, sSScriptOP *const &)
00123bc4	_M_insert_aux__t6vector2ZiZt9allocator1ZiPiRCi	vector<int, allocator<int> >::_M_insert_aux(int *, int const &)
00123f84	_M_insert_aux__t6vector2ZPt6vector2ZP10sSScriptOPZt9allocator1ZP10sSScriptOPZt9allocator1ZPt6vector2ZP10sSScriptOPZt9allocator1ZP10sSScriptOPPPt6vector2ZP10sSScriptOPZt9allocator1ZP10sSScriptOPRCPt6vector2ZP10sSScriptOPZt9allocator1ZP10sSScriptOP	vector<vector<sSScriptOP *, allocator<sSScriptOP *> > *, allocator<vector<sSScriptOP *, allocator<sSScriptOP *> > *> >::_M_insert_aux(vector<sSScriptOP *, allocator<sSScriptOP *> > **, vector<sSScriptOP *, allocator<sSScriptOP *> > *const &)
00124344	_M_insert_aux__t6vector2ZP19sScriptAnimScheduleZt9allocator1ZP19sScriptAnimSchedulePP19sScriptAnimScheduleRCP19sScriptAnimSchedule	vector<sScriptAnimSchedule *, allocator<sScriptAnimSchedule *> >::_M_insert_aux(sScriptAnimSchedule **, sScriptAnimSchedule *const &)
00124704	__uninitialized_copy_aux__H2ZP9cRZStringZP9cRZString_X01X01X11G12__false_type_X11	cRZString * __uninitialized_copy_aux<cRZString *, cRZString *>(cRZString *, cRZString *, cRZString *, __false_type)
00124824	_M_insert_aux__t6vector2Z9cRZStringZt9allocator1Z9cRZStringP9cRZStringRC9cRZString	vector<cRZString, allocator<cRZString> >::_M_insert_aux(cRZString *, cRZString const &)
00125004	_M_insert_aux__t6vector2ZUiZt9allocator1ZUiPUiRCUi	vector<unsigned int, allocator<unsigned int> >::_M_insert_aux(unsigned int *, unsigned int const &)
001253c4	_M_insert_aux__t6vector2ZP12sDSpriteInfoZt9allocator1ZP12sDSpriteInfoPP12sDSpriteInfoRCP12sDSpriteInfo	vector<sDSpriteInfo *, allocator<sDSpriteInfo *> >::_M_insert_aux(sDSpriteInfo **, sDSpriteInfo *const &)
0012577c	__thunk_4_DebugInstanceTag__24cSC3CitySpriteAttribAnimR10cIGZString	virtual function thunk (delta:-4) for cSC3CitySpriteAttribAnim::DebugInstanceTag(cIGZString &)
00125798	__thunk_4_DebugClassTag__24cSC3CitySpriteAttribAnimR10cIGZString	virtual function thunk (delta:-4) for cSC3CitySpriteAttribAnim::DebugClassTag(cIGZString &)
001257b4	__thunk_4_DebugTypeTag__24cSC3CitySpriteAttribAnimR10cIGZString	virtual function thunk (delta:-4) for cSC3CitySpriteAttribAnim::DebugTypeTag(cIGZString &)
001257d0	__thunk_4__._24cSC3CitySpriteAttribAnim	virtual function thunk (delta:-4) for cSC3CitySpriteAttribAnim::~cSC3CitySpriteAttribAnim(void)
001257f4	__12sAnimMachine	sAnimMachine::sAnimMachine(void)
00125a74	compare__Ct12basic_string3ZcZt18string_char_traits1ZcZt24__default_alloc_template2b1i0PCcUiUi	basic_string<char, string_char_traits<char>, __default_alloc_template<true, 0> >::compare(char const *, unsigned int, unsigned int) const
00125ae4	__thunk_4_QueryInterface__18cRZResourceFactoryUiPPv	virtual function thunk (delta:-4) for cRZResourceFactory::QueryInterface(unsigned int, void **)
00125b00	__thunk_4_AddRef__18cRZResourceFactory	virtual function thunk (delta:-4) for cRZResourceFactory::AddRef(void)
00125b1c	__thunk_4_Release__18cRZResourceFactory	virtual function thunk (delta:-4) for cRZResourceFactory::Release(void)
00125b38	__thunk_4__._27cSC3CitySpriteAttribFactory	virtual function thunk (delta:-4) for cSC3CitySpriteAttribFactory::~cSC3CitySpriteAttribFactory(void)
00125b58	_._27cSC3CitySpriteAttribFactory	cSC3CitySpriteAttribFactory::~cSC3CitySpriteAttribFactory(void)
00125ba4	insert__t6vector2ZPt15_Hashtable_node1ZP19DynamicSpriteRecordZt9allocator1ZP19DynamicSpriteRecordPPt15_Hashtable_node1ZP19DynamicSpriteRecordUiRCPt15_Hashtable_node1ZP19DynamicSpriteRecord	vector<_Hashtable_node<DynamicSpriteRecord *> *, allocator<DynamicSpriteRecord *> >::insert(_Hashtable_node<DynamicSpriteRecord *> **, unsigned int, _Hashtable_node<DynamicSpriteRecord *> *const &)
00125fc4	clear__t9hashtable6ZP19DynamicSpriteRecordZP19DynamicSpriteRecordZt4hash1ZP19DynamicSpriteRecordZt9_Identity1ZP19DynamicSpriteRecordZt8equal_to1ZP19DynamicSpriteRecordZt9allocator1ZP19DynamicSpriteRecord	hashtable<DynamicSpriteRecord *, DynamicSpriteRecord *, hash<DynamicSpriteRecord *>, _Identity<DynamicSpriteRecord *>, equal_to<DynamicSpriteRecord *>, allocator<DynamicSpriteRecord *> >::clear(void)
001260a4	clear__t10_List_base2Z10cGZMessageZt9allocator1Z10cGZMessage	_List_base<cGZMessage, allocator<cGZMessage> >::clear(void)
00126124	__uninitialized_copy_aux__H2ZPQ221cSC3CitySpriteCellMap13CellListEntryZPQ221cSC3CitySpriteCellMap13CellListEntry_X01X01X11G12__false_type_X11	cSC3CitySpriteCellMap::CellListEntry * __uninitialized_copy_aux<cSC3CitySpriteCellMap::CellListEntry *, cSC3CitySpriteCellMap::CellListEntry *>(cSC3CitySpriteCellMap::CellListEntry *, cSC3CitySpriteCellMap::CellListEntry *, cSC3CitySpriteCellMap::CellListEntry *, __false_type)
00126174	erase__t4list2Z10cGZMessageZt9allocator1Z10cGZMessageGt14_List_iterator3Z10cGZMessageZR10cGZMessageZP10cGZMessageT1	list<cGZMessage, allocator<cGZMessage> >::erase(_List_iterator<cGZMessage, cGZMessage &, cGZMessage *>, _List_iterator<cGZMessage, cGZMessage &, cGZMessage *>)
00126220	__pp__t25_Hashtable_const_iterator6ZP19DynamicSpriteRecordZP19DynamicSpriteRecordZt4hash1ZP19DynamicSpriteRecordZt9_Identity1ZP19DynamicSpriteRecordZt8equal_to1ZP19DynamicSpriteRecordZt9allocator1ZP19DynamicSpriteRecord	_Hashtable_const_iterator<DynamicSpriteRecord *, DynamicSpriteRecord *, hash<DynamicSpriteRecord *>, _Identity<DynamicSpriteRecord *>, equal_to<DynamicSpriteRecord *>, allocator<DynamicSpriteRecord *> >::operator++(void)
001262a4	__uninitialized_copy_aux__H2ZPQ221cSC3CitySpriteCellMap16BackgroundOpInfoZPQ221cSC3CitySpriteCellMap16BackgroundOpInfo_X01X01X11G12__false_type_X11	cSC3CitySpriteCellMap::BackgroundOpInfo * __uninitialized_copy_aux<cSC3CitySpriteCellMap::BackgroundOpInfo *, cSC3CitySpriteCellMap::BackgroundOpInfo *>(cSC3CitySpriteCellMap::BackgroundOpInfo *, cSC3CitySpriteCellMap::BackgroundOpInfo *, cSC3CitySpriteCellMap::BackgroundOpInfo *, __false_type)
001262e4	_M_insert_aux__t6vector2ZQ221cSC3CitySpriteCellMap16BackgroundOpInfoZt9allocator1ZQ221cSC3CitySpriteCellMap16BackgroundOpInfoPQ221cSC3CitySpriteCellMap16BackgroundOpInfoRCQ221cSC3CitySpriteCellMap16BackgroundOpInfo	vector<cSC3CitySpriteCellMap::BackgroundOpInfo, allocator<cSC3CitySpriteCellMap::BackgroundOpInfo> >::_M_insert_aux(cSC3CitySpriteCellMap::BackgroundOpInfo *, cSC3CitySpriteCellMap::BackgroundOpInfo const &)
00126644	__uninitialized_copy_aux__H2ZPQ29cISC3Pick12SelectedItemZPQ29cISC3Pick12SelectedItem_X01X01X11G12__false_type_X11	cISC3Pick::SelectedItem * __uninitialized_copy_aux<cISC3Pick::SelectedItem *, cISC3Pick::SelectedItem *>(cISC3Pick::SelectedItem *, cISC3Pick::SelectedItem *, cISC3Pick::SelectedItem *, __false_type)
00126734	_M_insert_aux__t6vector2ZQ29cISC3Pick12SelectedItemZt9allocator1ZQ29cISC3Pick12SelectedItemPQ29cISC3Pick12SelectedItemRCQ29cISC3Pick12SelectedItem	vector<cISC3Pick::SelectedItem, allocator<cISC3Pick::SelectedItem> >::_M_insert_aux(cISC3Pick::SelectedItem *, cISC3Pick::SelectedItem const &)
00126cd0	__adjust_heap__H3ZPQ29cISC3Pick12SelectedItemZiZQ29cISC3Pick12SelectedItem_X01X11X11X21_v	void __adjust_heap<cISC3Pick::SelectedItem *, int, cISC3Pick::SelectedItem>(cISC3Pick::SelectedItem *, int, int, cISC3Pick::SelectedItem)
00126eb4	sort_heap__H1ZPQ29cISC3Pick12SelectedItem_X01X01_v	void sort_heap<cISC3Pick::SelectedItem *>(cISC3Pick::SelectedItem *, cISC3Pick::SelectedItem *)
001270f4	__partial_sort__H2ZPQ29cISC3Pick12SelectedItemZQ29cISC3Pick12SelectedItem_X01X01X01PX11_v	void __partial_sort<cISC3Pick::SelectedItem *, cISC3Pick::SelectedItem>(cISC3Pick::SelectedItem *, cISC3Pick::SelectedItem *, cISC3Pick::SelectedItem *, cISC3Pick::SelectedItem *)
00127480	__unguarded_partition__H2ZPQ29cISC3Pick12SelectedItemZQ29cISC3Pick12SelectedItem_X01X01X11_X01	cISC3Pick::SelectedItem * __unguarded_partition<cISC3Pick::SelectedItem *, cISC3Pick::SelectedItem>(cISC3Pick::SelectedItem *, cISC3Pick::SelectedItem *, cISC3Pick::SelectedItem)
001275b4	__introsort_loop__H3ZPQ29cISC3Pick12SelectedItemZQ29cISC3Pick12SelectedItemZi_X01X01PX11X21_v	void __introsort_loop<cISC3Pick::SelectedItem *, cISC3Pick::SelectedItem, int>(cISC3Pick::SelectedItem *, cISC3Pick::SelectedItem *, cISC3Pick::SelectedItem *, int)
00127740	__insertion_sort__H1ZPQ29cISC3Pick12SelectedItem_X01X01_v	void __insertion_sort<cISC3Pick::SelectedItem *>(cISC3Pick::SelectedItem *, cISC3Pick::SelectedItem *)
001279b4	__final_insertion_sort__H1ZPQ29cISC3Pick12SelectedItem_X01X01_v	void __final_insertion_sort<cISC3Pick::SelectedItem *>(cISC3Pick::SelectedItem *, cISC3Pick::SelectedItem *)
00127b24	_M_insert_aux__t6vector2ZQ221cSC3CitySpriteCellMap13CellListEntryZt9allocator1ZQ221cSC3CitySpriteCellMap13CellListEntryPQ221cSC3CitySpriteCellMap13CellListEntryRCQ221cSC3CitySpriteCellMap13CellListEntry	vector<cSC3CitySpriteCellMap::CellListEntry, allocator<cSC3CitySpriteCellMap::CellListEntry> >::_M_insert_aux(cSC3CitySpriteCellMap::CellListEntry *, cSC3CitySpriteCellMap::CellListEntry const &)
00127f04	__uninitialized_copy_aux__H2ZPQ221cSC3CitySpriteCellMap16DisplayListEntryZPQ221cSC3CitySpriteCellMap16DisplayListEntry_X01X01X11G12__false_type_X11	cSC3CitySpriteCellMap::DisplayListEntry * __uninitialized_copy_aux<cSC3CitySpriteCellMap::DisplayListEntry *, cSC3CitySpriteCellMap::DisplayListEntry *>(cSC3CitySpriteCellMap::DisplayListEntry *, cSC3CitySpriteCellMap::DisplayListEntry *, cSC3CitySpriteCellMap::DisplayListEntry *, __false_type)
00127f54	_M_insert_aux__t6vector2ZQ221cSC3CitySpriteCellMap16DisplayListEntryZt24__default_alloc_template2b1i0PQ221cSC3CitySpriteCellMap16DisplayListEntry	vector<cSC3CitySpriteCellMap::DisplayListEntry, __default_alloc_template<true, 0> >::_M_insert_aux(cSC3CitySpriteCellMap::DisplayListEntry *)
001282d4	insert__t6vector2ZUiZt24__default_alloc_template2b1i0PUiUiRCUi	vector<unsigned int, __default_alloc_template<true, 0> >::insert(unsigned int *, unsigned int, unsigned int const &)
001286f4	__uninitialized_copy_aux__H2ZPQ221cSC3CitySpriteCellMap9DirtyRectZPQ221cSC3CitySpriteCellMap9DirtyRect_X01X01X11G12__false_type_X11	cSC3CitySpriteCellMap::DirtyRect * __uninitialized_copy_aux<cSC3CitySpriteCellMap::DirtyRect *, cSC3CitySpriteCellMap::DirtyRect *>(cSC3CitySpriteCellMap::DirtyRect *, cSC3CitySpriteCellMap::DirtyRect *, cSC3CitySpriteCellMap::DirtyRect *, __false_type)
00128744	_M_insert_aux__t6vector2ZQ221cSC3CitySpriteCellMap9DirtyRectZt24__default_alloc_template2b1i0PQ221cSC3CitySpriteCellMap9DirtyRect	vector<cSC3CitySpriteCellMap::DirtyRect, __default_alloc_template<true, 0> >::_M_insert_aux(cSC3CitySpriteCellMap::DirtyRect *)
00128ae4	__uninitialized_copy_aux__H2ZPQ221cSC3CitySpriteCellMap24OverlayBufferAssociationZPQ221cSC3CitySpriteCellMap24OverlayBufferAssociation_X01X01X11G12__false_type_X11	cSC3CitySpriteCellMap::OverlayBufferAssociation * __uninitialized_copy_aux<cSC3CitySpriteCellMap::OverlayBufferAssociation *, cSC3CitySpriteCellMap::OverlayBufferAssociation *>(cSC3CitySpriteCellMap::OverlayBufferAssociation *, cSC3CitySpriteCellMap::OverlayBufferAssociation *, cSC3CitySpriteCellMap::OverlayBufferAssociation *, __false_type)
00128b34	_M_insert_aux__t6vector2ZQ221cSC3CitySpriteCellMap24OverlayBufferAssociationZt9allocator1ZQ221cSC3CitySpriteCellMap24OverlayBufferAssociationPQ221cSC3CitySpriteCellMap24OverlayBufferAssociationRCQ221cSC3CitySpriteCellMap24OverlayBufferAssociation	vector<cSC3CitySpriteCellMap::OverlayBufferAssociation, allocator<cSC3CitySpriteCellMap::OverlayBufferAssociation> >::_M_insert_aux(cSC3CitySpriteCellMap::OverlayBufferAssociation *, cSC3CitySpriteCellMap::OverlayBufferAssociation const &)
00128f04	__uninitialized_copy_aux__H2ZP7cRZRectZP7cRZRect_X01X01X11G12__false_type_X11	cRZRect * __uninitialized_copy_aux<cRZRect *, cRZRect *>(cRZRect *, cRZRect *, cRZRect *, __false_type)
00128f54	_M_insert_aux__t6vector2Z7cRZRectZt24__default_alloc_template2b1i0P7cRZRectRC7cRZRect	vector<cRZRect, __default_alloc_template<true, 0> >::_M_insert_aux(cRZRect *, cRZRect const &)
00129314	resize__t9hashtable6ZP19DynamicSpriteRecordZP19DynamicSpriteRecordZt4hash1ZP19DynamicSpriteRecordZt9_Identity1ZP19DynamicSpriteRecordZt8equal_to1ZP19DynamicSpriteRecordZt9allocator1ZP19DynamicSpriteRecordUi	hashtable<DynamicSpriteRecord *, DynamicSpriteRecord *, hash<DynamicSpriteRecord *>, _Identity<DynamicSpriteRecord *>, equal_to<DynamicSpriteRecord *>, allocator<DynamicSpriteRecord *> >::resize(unsigned int)
001295f4	insert_unique_noresize__t9hashtable6ZP19DynamicSpriteRecordZP19DynamicSpriteRecordZt4hash1ZP19DynamicSpriteRecordZt9_Identity1ZP19DynamicSpriteRecordZt8equal_to1ZP19DynamicSpriteRecordZt9allocator1ZP19DynamicSpriteRecordRCP19DynamicSpriteRecord	hashtable<DynamicSpriteRecord *, DynamicSpriteRecord *, hash<DynamicSpriteRecord *>, _Identity<DynamicSpriteRecord *>, equal_to<DynamicSpriteRecord *>, allocator<DynamicSpriteRecord *> >::insert_unique_noresize(DynamicSpriteRecord *const &)
00129764	erase__t9hashtable6ZP19DynamicSpriteRecordZP19DynamicSpriteRecordZt4hash1ZP19DynamicSpriteRecordZt9_Identity1ZP19DynamicSpriteRecordZt8equal_to1ZP19DynamicSpriteRecordZt9allocator1ZP19DynamicSpriteRecordRCP19DynamicSpriteRecord	hashtable<DynamicSpriteRecord *, DynamicSpriteRecord *, hash<DynamicSpriteRecord *>, _Identity<DynamicSpriteRecord *>, equal_to<DynamicSpriteRecord *>, allocator<DynamicSpriteRecord *> >::erase(DynamicSpriteRecord *const &)
00129874	GetDepthFromColorType__18cGZBufferColorTypeQ218cGZBufferColorType10eColorType	cGZBufferColorType::GetDepthFromColorType(cGZBufferColorType::eColorType)
00129914	_._10cRZHotSpot	cRZHotSpot::~cRZHotSpot(void)
001299c8	_._7cRZLock	cRZLock::~cRZLock(void)
00129a18	Init__18FastFixedAllocatorUi	FastFixedAllocator::Init(unsigned int)
00129a44	grow__18FastFixedAllocator	FastFixedAllocator::grow(void)
00129ab0	Reset__14SpiralIteratorii	SpiralIterator::Reset(int, int)
00129b34	DoXZEnd__14SpiralIterator	SpiralIterator::DoXZEnd(void)
00129c34	_._t8hash_set4ZP19DynamicSpriteRecordZt4hash1ZP19DynamicSpriteRecordZt8equal_to1ZP19DynamicSpriteRecordZt9allocator1ZP19DynamicSpriteRecord	hash_set<DynamicSpriteRecord *, hash<DynamicSpriteRecord *>, equal_to<DynamicSpriteRecord *>, allocator<DynamicSpriteRecord *> >::~hash_set(void)
00129ce4	_._t10VectorPlus2ZQ221cSC3CitySpriteCellMap9DirtyRectZt24__default_alloc_template2b1i0	VectorPlus<cSC3CitySpriteCellMap::DirtyRect, __default_alloc_template<true, 0> >::~VectorPlus(void)
00129d94	__t10VectorPlus2ZQ221cSC3CitySpriteCellMap9DirtyRectZt24__default_alloc_template2b1i0	VectorPlus<cSC3CitySpriteCellMap::DirtyRect, __default_alloc_template<true, 0> >::VectorPlus(void)
00129dd4	_._t10VectorPlus2Z7cRZRectZt24__default_alloc_template2b1i0	VectorPlus<cRZRect, __default_alloc_template<true, 0> >::~VectorPlus(void)
00129e7c	__t10VectorPlus2Z7cRZRectZt24__default_alloc_template2b1i0	VectorPlus<cRZRect, __default_alloc_template<true, 0> >::VectorPlus(void)
00129eb4	_._t10VectorPlus2ZQ221cSC3CitySpriteCellMap16DisplayListEntryZt24__default_alloc_template2b1i0	VectorPlus<cSC3CitySpriteCellMap::DisplayListEntry, __default_alloc_template<true, 0> >::~VectorPlus(void)
00129f60	__t10VectorPlus2ZQ221cSC3CitySpriteCellMap16DisplayListEntryZt24__default_alloc_template2b1i0	VectorPlus<cSC3CitySpriteCellMap::DisplayListEntry, __default_alloc_template<true, 0> >::VectorPlus(void)
00129f94	_._t10VectorPlus2ZUiZt24__default_alloc_template2b1i0	VectorPlus<unsigned int, __default_alloc_template<true, 0> >::~VectorPlus(void)
0012a02c	__t10VectorPlus2ZUiZt24__default_alloc_template2b1i0	VectorPlus<unsigned int, __default_alloc_template<true, 0> >::VectorPlus(void)
0012a060	_._33cSC3CitySpriteInstGenericBuilding	cSC3CitySpriteInstGenericBuilding::~cSC3CitySpriteInstGenericBuilding(void)
0012a090	__lower_bound__H3ZPCUlZUlZi_X01X01RCX11PX21_X01	unsigned long const * __lower_bound<unsigned long const *, unsigned long, int>(unsigned long const *, unsigned long const *, unsigned long const &, int *)
0012a0e4	_S_oom_malloc__t23__malloc_alloc_template1i0Ui	__malloc_alloc_template<0>::_S_oom_malloc(unsigned int)
0012a164	_S_refill__t24__default_alloc_template2b1i0Ui	__default_alloc_template<true, 0>::_S_refill(unsigned int)
0012a1f0	SetNextEndpoint__14SpiralIterator	SpiralIterator::SetNextEndpoint(void)
0012a254	clear__t9hashtable6Zt4pair2ZC14cGZResourceKeyZQ223cGZDBSegmentIndexedFile10RecordInfoZ14cGZResourceKeyZt4hash1Z14cGZResourceKeyZt10_Select1st1Zt4pair2ZC14cGZResourceKeyZQ223cGZDBSegmentIndexedFile10RecordInfoZt8equal_to1Z14cGZResourceKeyZt9allocator1ZQ223cGZDBSegmentIndexedFile10RecordInfo	hashtable<pair<cGZResourceKey const, cGZDBSegmentIndexedFile::RecordInfo>, cGZResourceKey, hash<cGZResourceKey>, _Select1st<pair<cGZResourceKey const, cGZDBSegmentIndexedFile::RecordInfo> >, equal_to<cGZResourceKey>, allocator<cGZDBSegmentIndexedFile::RecordInfo> >::clear(void)
0012a340	__pp__t19_Hashtable_iterator6Zt4pair2ZC11SmallResKeyZP13cSC3ImageInfoZ11SmallResKeyZt4hash1Z11SmallResKeyZt10_Select1st1Zt4pair2ZC11SmallResKeyZP13cSC3ImageInfoZt8equal_to1Z11SmallResKeyZt9allocator1ZP13cSC3ImageInfo	_Hashtable_iterator<pair<SmallResKey const, cSC3ImageInfo *>, SmallResKey, hash<SmallResKey>, _Select1st<pair<SmallResKey const, cSC3ImageInfo *> >, equal_to<SmallResKey>, allocator<cSC3ImageInfo *> >::operator++(void)
0012a3b4	erase__t4list2Zt4pair2Z9cRZStringZt8hash_map5Z11SmallResKeyZP13cSC3ImageInfoZt4hash1Z11SmallResKeyZt8equal_to1Z11SmallResKeyZt9allocator1ZP13cSC3ImageInfoZt9allocator1Zt4pair2Z9cRZStringZt8hash_map5Z11SmallResKeyZP13cSC3ImageInfoZt4hash1Z11SmallResKeyZt8equal_to1Z11SmallResKeyZt9allocator1ZP13cSC3ImageInfoGt14_List_iterator3Zt4pair2Z9cRZStringZt8hash_map5Z11SmallResKeyZP13cSC3ImageInfoZt4hash1Z11SmallResKeyZt8equal_to1Z11SmallResKeyZt9allocator1ZP13cSC3ImageInfoZRt4pair2Z9cRZStringZt8hash_map5Z11SmallResKeyZP13cSC3ImageInfoZt4hash1Z11SmallResKeyZt8equal_to1Z11SmallResKeyZt9allocator1ZP13cSC3ImageInfoZPt4pair2Z9cRZStringZt8hash_map5Z11SmallResKeyZP13cSC3ImageInfoZt4hash1Z11SmallResKeyZt8equal_to1Z11SmallResKeyZt9allocator1ZP13cSC3ImageInfoT1	list<pair<cRZString, hash_map<SmallResKey, cSC3ImageInfo *, hash<SmallResKey>, equal_to<SmallResKey>, allocator<cSC3ImageInfo *> > >, allocator<pair<cRZString, hash_map<SmallResKey, cSC3ImageInfo *, hash<SmallResKey>, equal_to<SmallResKey>, allocator<cSC3ImageInfo *> > > > >::erase(_List_iterator<pair<cRZString, hash_map<SmallResKey, cSC3ImageInfo *, hash<SmallResKey>, equal_to<SmallResKey>, allocator<cSC3ImageInfo *> > >, pair<cRZString, hash_map<SmallResKey, cSC3ImageInfo *, hash<SmallResKey>, equal_to<SmallResKey>, allocator<cSC3ImageInfo *> > > &, pair<cRZString, hash_map<SmallResKey, cSC3ImageInfo *, hash<SmallResKey>, equal_to<SmallResKey>, allocator<cSC3ImageInfo *> > > *>, _List_iterator<pair<cRZString, hash_map<SmallResKey, cSC3ImageInfo *, hash<SmallResKey>, equal_to<SmallResKey>, allocator<cSC3ImageInfo *> > >, pair<cRZString, hash_map<SmallResKey, cSC3ImageInfo *, hash<SmallResKey>, equal_to<SmallResKey>, allocator<cSC3ImageInfo *> > > &, pair<cRZString, hash_map<SmallResKey, cSC3ImageInfo *, hash<SmallResKey>, equal_to<SmallResKey>, allocator<cSC3ImageInfo *> > > *>)
0012a474	erase__t4list2ZP19cSC3DBSegmentSpriteZt9allocator1ZP19cSC3DBSegmentSpriteGt14_List_iterator3ZP19cSC3DBSegmentSpriteZRP19cSC3DBSegmentSpriteZPP19cSC3DBSegmentSpriteT1	list<cSC3DBSegmentSprite *, allocator<cSC3DBSegmentSprite *> >::erase(_List_iterator<cSC3DBSegmentSprite *, cSC3DBSegmentSprite *&, cSC3DBSegmentSprite **>, _List_iterator<cSC3DBSegmentSprite *, cSC3DBSegmentSprite *&, cSC3DBSegmentSprite **>)
0012a524	insert__t6vector2ZPt15_Hashtable_node1Zt4pair2ZC11SmallResKeyZP13cSC3ImageInfoZt9allocator1ZP13cSC3ImageInfoPPt15_Hashtable_node1Zt4pair2ZC11SmallResKeyZP13cSC3ImageInfoUiRCPt15_Hashtable_node1Zt4pair2ZC11SmallResKeyZP13cSC3ImageInfo	vector<_Hashtable_node<pair<SmallResKey const, cSC3ImageInfo *> > *, allocator<cSC3ImageInfo *> >::insert(_Hashtable_node<pair<SmallResKey const, cSC3ImageInfo *> > **, unsigned int, _Hashtable_node<pair<SmallResKey const, cSC3ImageInfo *> > *const &)
0012a944	clear__t9hashtable6Zt4pair2ZC11SmallResKeyZP13cSC3ImageInfoZ11SmallResKeyZt4hash1Z11SmallResKeyZt10_Select1st1Zt4pair2ZC11SmallResKeyZP13cSC3ImageInfoZt8equal_to1Z11SmallResKeyZt9allocator1ZP13cSC3ImageInfo	hashtable<pair<SmallResKey const, cSC3ImageInfo *>, SmallResKey, hash<SmallResKey>, _Select1st<pair<SmallResKey const, cSC3ImageInfo *> >, equal_to<SmallResKey>, allocator<cSC3ImageInfo *> >::clear(void)
0012aa34	_M_copy_from__t9hashtable6Zt4pair2ZC11SmallResKeyZP13cSC3ImageInfoZ11SmallResKeyZt4hash1Z11SmallResKeyZt10_Select1st1Zt4pair2ZC11SmallResKeyZP13cSC3ImageInfoZt8equal_to1Z11SmallResKeyZt9allocator1ZP13cSC3ImageInfoRCt9hashtable6Zt4pair2ZC11SmallResKeyZP13cSC3ImageInfoZ11SmallResKeyZt4hash1Z11SmallResKeyZt10_Select1st1Zt4pair2ZC11SmallResKeyZP13cSC3ImageInfoZt8equal_to1Z11SmallResKeyZt9allocator1ZP13cSC3ImageInfo	hashtable<pair<SmallResKey const, cSC3ImageInfo *>, SmallResKey, hash<SmallResKey>, _Select1st<pair<SmallResKey const, cSC3ImageInfo *> >, equal_to<SmallResKey>, allocator<cSC3ImageInfo *> >::_M_copy_from(hashtable<pair<SmallResKey const, cSC3ImageInfo *>, SmallResKey, hash<SmallResKey>, _Select1st<pair<SmallResKey const, cSC3ImageInfo *> >, equal_to<SmallResKey>, allocator<cSC3ImageInfo *> > const &)
0012b034	remove__t4list2ZP19cSC3DBSegmentSpriteZt9allocator1ZP19cSC3DBSegmentSpriteRCP19cSC3DBSegmentSprite	list<cSC3DBSegmentSprite *, allocator<cSC3DBSegmentSprite *> >::remove(cSC3DBSegmentSprite *const &)
0012b0e4	resize__t9hashtable6Zt4pair2ZC11SmallResKeyZP13cSC3ImageInfoZ11SmallResKeyZt4hash1Z11SmallResKeyZt10_Select1st1Zt4pair2ZC11SmallResKeyZP13cSC3ImageInfoZt8equal_to1Z11SmallResKeyZt9allocator1ZP13cSC3ImageInfoUi	hashtable<pair<SmallResKey const, cSC3ImageInfo *>, SmallResKey, hash<SmallResKey>, _Select1st<pair<SmallResKey const, cSC3ImageInfo *> >, equal_to<SmallResKey>, allocator<cSC3ImageInfo *> >::resize(unsigned int)
0012b3b4	insert_unique_noresize__t9hashtable6Zt4pair2ZC11SmallResKeyZP13cSC3ImageInfoZ11SmallResKeyZt4hash1Z11SmallResKeyZt10_Select1st1Zt4pair2ZC11SmallResKeyZP13cSC3ImageInfoZt8equal_to1Z11SmallResKeyZt9allocator1ZP13cSC3ImageInfoRCt4pair2ZC11SmallResKeyZP13cSC3ImageInfo	hashtable<pair<SmallResKey const, cSC3ImageInfo *>, SmallResKey, hash<SmallResKey>, _Select1st<pair<SmallResKey const, cSC3ImageInfo *> >, equal_to<SmallResKey>, allocator<cSC3ImageInfo *> >::insert_unique_noresize(pair<SmallResKey const, cSC3ImageInfo *> const &)
0012b534	_._17cRZDirectoryEntry	cRZDirectoryEntry::~cRZDirectoryEntry(void)
0012b5f4	clear__t10_List_base2Z17cRZDirectoryEntryZt9allocator1Z17cRZDirectoryEntry	_List_base<cRZDirectoryEntry, allocator<cRZDirectoryEntry> >::clear(void)
0012b694	clear__t10_List_base2Z9cRZStringZt9allocator1Z9cRZString	_List_base<cRZString, allocator<cRZString> >::clear(void)
0012b734	erase__t4list2Z9cRZStringZt9allocator1Z9cRZStringGt14_List_iterator3Z9cRZStringZR9cRZStringZP9cRZStringT1	list<cRZString, allocator<cRZString> >::erase(_List_iterator<cRZString, cRZString &, cRZString *>, _List_iterator<cRZString, cRZString &, cRZString *>)
0012b7ec	__thunk_8_QueryInterface__22cSC3CitySpriteImageMgrUiPPv	virtual function thunk (delta:-8) for cSC3CitySpriteImageMgr::QueryInterface(unsigned int, void **)
0012b808	__thunk_8_AddRef__22cSC3CitySpriteImageMgr	virtual function thunk (delta:-8) for cSC3CitySpriteImageMgr::AddRef(void)
0012b824	__thunk_8_Release__22cSC3CitySpriteImageMgr	virtual function thunk (delta:-8) for cSC3CitySpriteImageMgr::Release(void)
0012b840	__thunk_8__._22cSC3CitySpriteImageMgr	virtual function thunk (delta:-8) for cSC3CitySpriteImageMgr::~cSC3CitySpriteImageMgr(void)
0012b85c	__thunk_4_QueryInterface__22cSC3CitySpriteImageMgrUiPPv	virtual function thunk (delta:-4) for cSC3CitySpriteImageMgr::QueryInterface(unsigned int, void **)
0012b878	__thunk_4_AddRef__22cSC3CitySpriteImageMgr	virtual function thunk (delta:-4) for cSC3CitySpriteImageMgr::AddRef(void)
0012b894	__thunk_4_Release__22cSC3CitySpriteImageMgr	virtual function thunk (delta:-4) for cSC3CitySpriteImageMgr::Release(void)
0012b8b0	__thunk_4_Init__22cSC3CitySpriteImageMgr	virtual function thunk (delta:-4) for cSC3CitySpriteImageMgr::Init(void)
0012b8cc	__thunk_4_Shutdown__22cSC3CitySpriteImageMgr	virtual function thunk (delta:-4) for cSC3CitySpriteImageMgr::Shutdown(void)
0012b8f4	clear__t10_List_base2Zt4pair2Z9cRZStringZt8hash_map5Z11SmallResKeyZP13cSC3ImageInfoZt4hash1Z11SmallResKeyZt8equal_to1Z11SmallResKeyZt9allocator1ZP13cSC3ImageInfoZt9allocator1Zt4pair2Z9cRZStringZt8hash_map5Z11SmallResKeyZP13cSC3ImageInfoZt4hash1Z11SmallResKeyZt8equal_to1Z11SmallResKeyZt9allocator1ZP13cSC3ImageInfo	_List_base<pair<cRZString, hash_map<SmallResKey, cSC3ImageInfo *, hash<SmallResKey>, equal_to<SmallResKey>, allocator<cSC3ImageInfo *> > >, allocator<pair<cRZString, hash_map<SmallResKey, cSC3ImageInfo *, hash<SmallResKey>, equal_to<SmallResKey>, allocator<cSC3ImageInfo *> > > > >::clear(void)
0012b994	clear__t10_List_base2ZP19cSC3DBSegmentSpriteZt9allocator1ZP19cSC3DBSegmentSprite	_List_base<cSC3DBSegmentSprite *, allocator<cSC3DBSegmentSprite *> >::clear(void)
0012ba14	_._12cRZDirectory	cRZDirectory::~cRZDirectory(void)
0012bba4	_._t8hash_map5Z11SmallResKeyZP13cSC3ImageInfoZt4hash1Z11SmallResKeyZt8equal_to1Z11SmallResKeyZt9allocator1ZP13cSC3ImageInfo	hash_map<SmallResKey, cSC3ImageInfo *, hash<SmallResKey>, equal_to<SmallResKey>, allocator<cSC3ImageInfo *> >::~hash_map(void)
0012bc54	__t8hash_map5Z11SmallResKeyZP13cSC3ImageInfoZt4hash1Z11SmallResKeyZt8equal_to1Z11SmallResKeyZt9allocator1ZP13cSC3ImageInfoRCt8hash_map5Z11SmallResKeyZP13cSC3ImageInfoZt4hash1Z11SmallResKeyZt8equal_to1Z11SmallResKeyZt9allocator1ZP13cSC3ImageInfo	hash_map<SmallResKey, cSC3ImageInfo *, hash<SmallResKey>, equal_to<SmallResKey>, allocator<cSC3ImageInfo *> >::hash_map(hash_map<SmallResKey, cSC3ImageInfo *, hash<SmallResKey>, equal_to<SmallResKey>, allocator<cSC3ImageInfo *> > const &)
0012bd64	_._t4pair2Z9cRZStringZt8hash_map5Z11SmallResKeyZP13cSC3ImageInfoZt4hash1Z11SmallResKeyZt8equal_to1Z11SmallResKeyZt9allocator1ZP13cSC3ImageInfo	pair<cRZString, hash_map<SmallResKey, cSC3ImageInfo *, hash<SmallResKey>, equal_to<SmallResKey>, allocator<cSC3ImageInfo *> > >::~pair(void)
0012be34	__t4pair2Z9cRZStringZt8hash_map5Z11SmallResKeyZP13cSC3ImageInfoZt4hash1Z11SmallResKeyZt8equal_to1Z11SmallResKeyZt9allocator1ZP13cSC3ImageInfoRCt4pair2Z9cRZStringZt8hash_map5Z11SmallResKeyZP13cSC3ImageInfoZt4hash1Z11SmallResKeyZt8equal_to1Z11SmallResKeyZt9allocator1ZP13cSC3ImageInfo	pair<cRZString, hash_map<SmallResKey, cSC3ImageInfo *, hash<SmallResKey>, equal_to<SmallResKey>, allocator<cSC3ImageInfo *> > >::pair(pair<cRZString, hash_map<SmallResKey, cSC3ImageInfo *, hash<SmallResKey>, equal_to<SmallResKey>, allocator<cSC3ImageInfo *> > > const &)
0012bf80	__thunk_12_QueryInterface__22cSC3CitySpriteInstAnimUiPPv	virtual function thunk (delta:-12) for cSC3CitySpriteInstAnim::QueryInterface(unsigned int, void **)
0012bf9c	__thunk_12_AddRef__22cSC3CitySpriteInstAnim	virtual function thunk (delta:-12) for cSC3CitySpriteInstAnim::AddRef(void)
0012bfb8	__thunk_12_Release__22cSC3CitySpriteInstAnim	virtual function thunk (delta:-12) for cSC3CitySpriteInstAnim::Release(void)
0012bfd4	__thunk_12_StartAnimation__22cSC3CitySpriteInstAnimiiiSc	virtual function thunk (delta:-12) for cSC3CitySpriteInstAnim::StartAnimation(int, int, int, signed char)
0012bff0	__thunk_12_StopAnimation__22cSC3CitySpriteInstAnim	virtual function thunk (delta:-12) for cSC3CitySpriteInstAnim::StopAnimation(void)
0012c00c	__thunk_12_SetLocation__22cSC3CitySpriteInstAnimiiiSc	virtual function thunk (delta:-12) for cSC3CitySpriteInstAnim::SetLocation(int, int, int, signed char)
0012c034	_._12sAnimMachine	sAnimMachine::~sAnimMachine(void)
0012c4cc	_._t24cSC3CitySpriteInstSloped3im1i0i1	cSC3CitySpriteInstSloped<-1, 0, 1>::~cSC3CitySpriteInstSloped(void)
0012c504	_._t24cSC3CitySpriteInstSloped3i1i2i3	cSC3CitySpriteInstSloped<1, 2, 3>::~cSC3CitySpriteInstSloped(void)
0012c53c	_._t24cSC3CitySpriteInstSloped3im2i0i1	cSC3CitySpriteInstSloped<-2, 0, 1>::~cSC3CitySpriteInstSloped(void)
0012c574	_._t24cSC3CitySpriteInstSloped3i2i2i3	cSC3CitySpriteInstSloped<2, 2, 3>::~cSC3CitySpriteInstSloped(void)
0012c5b4	GetW__Ct37cSC3CitySpriteInstUseCSMTerrainSloped3i2i2i3ii	cSC3CitySpriteInstUseCSMTerrainSloped<2, 2, 3>::GetW(int, int) const
0012c600	GetAllSpans__Ct24cSC3CitySpriteInstSloped3i2i2i3iiR7cRZRect	cSC3CitySpriteInstSloped<2, 2, 3>::GetAllSpans(int, int, cRZRect &) const
0012c664	GetAllSpans__Ct37cSC3CitySpriteInstUseCSMTerrainSloped3i2i2i3iiR7cRZRect	cSC3CitySpriteInstUseCSMTerrainSloped<2, 2, 3>::GetAllSpans(int, int, cRZRect &) const
0012c72c	GetH__Ct37cSC3CitySpriteInstUseCSMTerrainSloped3i2i2i3ii	cSC3CitySpriteInstUseCSMTerrainSloped<2, 2, 3>::GetH(int, int) const
0012c76c	GetAreaFromPt__Ct37cSC3CitySpriteInstUseCSMTerrainSloped3i2i2i3iiR7cRZRectii	cSC3CitySpriteInstUseCSMTerrainSloped<2, 2, 3>::GetAreaFromPt(int, int, cRZRect &, int, int) const
0012c7c8	SetHilite__t37cSC3CitySpriteInstUseCSMTerrainSloped3i2i2i3Ui	cSC3CitySpriteInstUseCSMTerrainSloped<2, 2, 3>::SetHilite(unsigned int)
0012c834	IsPixelOpaque__Ct37cSC3CitySpriteInstUseCSMTerrainSloped3i2i2i3iiii	cSC3CitySpriteInstUseCSMTerrainSloped<2, 2, 3>::IsPixelOpaque(int, int, int, int) const
0012c8e0	Prepare__t37cSC3CitySpriteInstUseCSMTerrainSloped3i2i2i3iib	cSC3CitySpriteInstUseCSMTerrainSloped<2, 2, 3>::Prepare(int, int, bool)
0012c940	Unprepare__t37cSC3CitySpriteInstUseCSMTerrainSloped3i2i2i3ii	cSC3CitySpriteInstUseCSMTerrainSloped<2, 2, 3>::Unprepare(int, int)
0012c9ac	Draw__Ct37cSC3CitySpriteInstUseCSMTerrainSloped3i2i2i3P10cIGZBufferiiiiP7cRZRect	cSC3CitySpriteInstUseCSMTerrainSloped<2, 2, 3>::Draw(cIGZBuffer *, int, int, int, int, cRZRect *) const
0012ca70	Draw__Ct37cSC3CitySpriteInstUseCSMTerrainSloped3i2i2i3P10cIGZBufferRC7cRZRectiiP7cRZRect	cSC3CitySpriteInstUseCSMTerrainSloped<2, 2, 3>::Draw(cIGZBuffer *, cRZRect const &, int, int, cRZRect *) const
0012cad4	SetNext__t37cSC3CitySpriteInstUseCSMTerrainSloped3i2i2i3P19cISC3CitySpriteInst	cSC3CitySpriteInstUseCSMTerrainSloped<2, 2, 3>::SetNext(cISC3CitySpriteInst *)
0012cb20	GetNext__t37cSC3CitySpriteInstUseCSMTerrainSloped3i2i2i3	cSC3CitySpriteInstUseCSMTerrainSloped<2, 2, 3>::GetNext(void)
0012cb30	_._t37cSC3CitySpriteInstUseCSMTerrainSloped3i2i2i3	cSC3CitySpriteInstUseCSMTerrainSloped<2, 2, 3>::~cSC3CitySpriteInstUseCSMTerrainSloped(void)
0012cb94	GetW__Ct37cSC3CitySpriteInstUseCSMTerrainSloped3im2i0i1ii	cSC3CitySpriteInstUseCSMTerrainSloped<-2, 0, 1>::GetW(int, int) const
0012cbe0	GetAllSpans__Ct24cSC3CitySpriteInstSloped3im2i0i1iiR7cRZRect	cSC3CitySpriteInstSloped<-2, 0, 1>::GetAllSpans(int, int, cRZRect &) const
0012cc44	GetAllSpans__Ct37cSC3CitySpriteInstUseCSMTerrainSloped3im2i0i1iiR7cRZRect	cSC3CitySpriteInstUseCSMTerrainSloped<-2, 0, 1>::GetAllSpans(int, int, cRZRect &) const
0012cd0c	GetH__Ct37cSC3CitySpriteInstUseCSMTerrainSloped3im2i0i1ii	cSC3CitySpriteInstUseCSMTerrainSloped<-2, 0, 1>::GetH(int, int) const
0012cd4c	GetAreaFromPt__Ct37cSC3CitySpriteInstUseCSMTerrainSloped3im2i0i1iiR7cRZRectii	cSC3CitySpriteInstUseCSMTerrainSloped<-2, 0, 1>::GetAreaFromPt(int, int, cRZRect &, int, int) const
0012cda8	SetHilite__t37cSC3CitySpriteInstUseCSMTerrainSloped3im2i0i1Ui	cSC3CitySpriteInstUseCSMTerrainSloped<-2, 0, 1>::SetHilite(unsigned int)
0012ce14	IsPixelOpaque__Ct37cSC3CitySpriteInstUseCSMTerrainSloped3im2i0i1iiii	cSC3CitySpriteInstUseCSMTerrainSloped<-2, 0, 1>::IsPixelOpaque(int, int, int, int) const
0012cec0	Prepare__t37cSC3CitySpriteInstUseCSMTerrainSloped3im2i0i1iib	cSC3CitySpriteInstUseCSMTerrainSloped<-2, 0, 1>::Prepare(int, int, bool)
0012cf20	Unprepare__t37cSC3CitySpriteInstUseCSMTerrainSloped3im2i0i1ii	cSC3CitySpriteInstUseCSMTerrainSloped<-2, 0, 1>::Unprepare(int, int)
0012cf8c	Draw__Ct37cSC3CitySpriteInstUseCSMTerrainSloped3im2i0i1P10cIGZBufferiiiiP7cRZRect	cSC3CitySpriteInstUseCSMTerrainSloped<-2, 0, 1>::Draw(cIGZBuffer *, int, int, int, int, cRZRect *) const
0012d04c	Draw__Ct37cSC3CitySpriteInstUseCSMTerrainSloped3im2i0i1P10cIGZBufferRC7cRZRectiiP7cRZRect	cSC3CitySpriteInstUseCSMTerrainSloped<-2, 0, 1>::Draw(cIGZBuffer *, cRZRect const &, int, int, cRZRect *) const
0012d0b0	SetNext__t37cSC3CitySpriteInstUseCSMTerrainSloped3im2i0i1P19cISC3CitySpriteInst	cSC3CitySpriteInstUseCSMTerrainSloped<-2, 0, 1>::SetNext(cISC3CitySpriteInst *)
0012d0fc	GetNext__t37cSC3CitySpriteInstUseCSMTerrainSloped3im2i0i1	cSC3CitySpriteInstUseCSMTerrainSloped<-2, 0, 1>::GetNext(void)
0012d10c	_._t37cSC3CitySpriteInstUseCSMTerrainSloped3im2i0i1	cSC3CitySpriteInstUseCSMTerrainSloped<-2, 0, 1>::~cSC3CitySpriteInstUseCSMTerrainSloped(void)
0012d174	GetW__Ct37cSC3CitySpriteInstUseCSMTerrainSloped3i1i2i3ii	cSC3CitySpriteInstUseCSMTerrainSloped<1, 2, 3>::GetW(int, int) const
0012d1c0	GetAllSpans__Ct24cSC3CitySpriteInstSloped3i1i2i3iiR7cRZRect	cSC3CitySpriteInstSloped<1, 2, 3>::GetAllSpans(int, int, cRZRect &) const
0012d224	GetAllSpans__Ct37cSC3CitySpriteInstUseCSMTerrainSloped3i1i2i3iiR7cRZRect	cSC3CitySpriteInstUseCSMTerrainSloped<1, 2, 3>::GetAllSpans(int, int, cRZRect &) const
0012d2ec	GetH__Ct37cSC3CitySpriteInstUseCSMTerrainSloped3i1i2i3ii	cSC3CitySpriteInstUseCSMTerrainSloped<1, 2, 3>::GetH(int, int) const
0012d32c	GetAreaFromPt__Ct37cSC3CitySpriteInstUseCSMTerrainSloped3i1i2i3iiR7cRZRectii	cSC3CitySpriteInstUseCSMTerrainSloped<1, 2, 3>::GetAreaFromPt(int, int, cRZRect &, int, int) const
0012d388	SetHilite__t37cSC3CitySpriteInstUseCSMTerrainSloped3i1i2i3Ui	cSC3CitySpriteInstUseCSMTerrainSloped<1, 2, 3>::SetHilite(unsigned int)
0012d3f4	IsPixelOpaque__Ct37cSC3CitySpriteInstUseCSMTerrainSloped3i1i2i3iiii	cSC3CitySpriteInstUseCSMTerrainSloped<1, 2, 3>::IsPixelOpaque(int, int, int, int) const
0012d4a0	Prepare__t37cSC3CitySpriteInstUseCSMTerrainSloped3i1i2i3iib	cSC3CitySpriteInstUseCSMTerrainSloped<1, 2, 3>::Prepare(int, int, bool)
0012d500	Unprepare__t37cSC3CitySpriteInstUseCSMTerrainSloped3i1i2i3ii	cSC3CitySpriteInstUseCSMTerrainSloped<1, 2, 3>::Unprepare(int, int)
0012d56c	Draw__Ct37cSC3CitySpriteInstUseCSMTerrainSloped3i1i2i3P10cIGZBufferiiiiP7cRZRect	cSC3CitySpriteInstUseCSMTerrainSloped<1, 2, 3>::Draw(cIGZBuffer *, int, int, int, int, cRZRect *) const
0012d630	Draw__Ct37cSC3CitySpriteInstUseCSMTerrainSloped3i1i2i3P10cIGZBufferRC7cRZRectiiP7cRZRect	cSC3CitySpriteInstUseCSMTerrainSloped<1, 2, 3>::Draw(cIGZBuffer *, cRZRect const &, int, int, cRZRect *) const
0012d694	SetNext__t37cSC3CitySpriteInstUseCSMTerrainSloped3i1i2i3P19cISC3CitySpriteInst	cSC3CitySpriteInstUseCSMTerrainSloped<1, 2, 3>::SetNext(cISC3CitySpriteInst *)
0012d6e0	GetNext__t37cSC3CitySpriteInstUseCSMTerrainSloped3i1i2i3	cSC3CitySpriteInstUseCSMTerrainSloped<1, 2, 3>::GetNext(void)
0012d6f0	_._t37cSC3CitySpriteInstUseCSMTerrainSloped3i1i2i3	cSC3CitySpriteInstUseCSMTerrainSloped<1, 2, 3>::~cSC3CitySpriteInstUseCSMTerrainSloped(void)
0012d754	GetW__Ct37cSC3CitySpriteInstUseCSMTerrainSloped3im1i0i1ii	cSC3CitySpriteInstUseCSMTerrainSloped<-1, 0, 1>::GetW(int, int) const
0012d7a0	GetAllSpans__Ct24cSC3CitySpriteInstSloped3im1i0i1iiR7cRZRect	cSC3CitySpriteInstSloped<-1, 0, 1>::GetAllSpans(int, int, cRZRect &) const
0012d804	GetAllSpans__Ct37cSC3CitySpriteInstUseCSMTerrainSloped3im1i0i1iiR7cRZRect	cSC3CitySpriteInstUseCSMTerrainSloped<-1, 0, 1>::GetAllSpans(int, int, cRZRect &) const
0012d8cc	GetH__Ct37cSC3CitySpriteInstUseCSMTerrainSloped3im1i0i1ii	cSC3CitySpriteInstUseCSMTerrainSloped<-1, 0, 1>::GetH(int, int) const
0012d90c	GetAreaFromPt__Ct37cSC3CitySpriteInstUseCSMTerrainSloped3im1i0i1iiR7cRZRectii	cSC3CitySpriteInstUseCSMTerrainSloped<-1, 0, 1>::GetAreaFromPt(int, int, cRZRect &, int, int) const
0012d968	SetHilite__t37cSC3CitySpriteInstUseCSMTerrainSloped3im1i0i1Ui	cSC3CitySpriteInstUseCSMTerrainSloped<-1, 0, 1>::SetHilite(unsigned int)
0012d9d4	IsPixelOpaque__Ct37cSC3CitySpriteInstUseCSMTerrainSloped3im1i0i1iiii	cSC3CitySpriteInstUseCSMTerrainSloped<-1, 0, 1>::IsPixelOpaque(int, int, int, int) const
0012da80	Prepare__t37cSC3CitySpriteInstUseCSMTerrainSloped3im1i0i1iib	cSC3CitySpriteInstUseCSMTerrainSloped<-1, 0, 1>::Prepare(int, int, bool)
0012dae0	Unprepare__t37cSC3CitySpriteInstUseCSMTerrainSloped3im1i0i1ii	cSC3CitySpriteInstUseCSMTerrainSloped<-1, 0, 1>::Unprepare(int, int)
0012db4c	Draw__Ct37cSC3CitySpriteInstUseCSMTerrainSloped3im1i0i1P10cIGZBufferiiiiP7cRZRect	cSC3CitySpriteInstUseCSMTerrainSloped<-1, 0, 1>::Draw(cIGZBuffer *, int, int, int, int, cRZRect *) const
0012dc0c	Draw__Ct37cSC3CitySpriteInstUseCSMTerrainSloped3im1i0i1P10cIGZBufferRC7cRZRectiiP7cRZRect	cSC3CitySpriteInstUseCSMTerrainSloped<-1, 0, 1>::Draw(cIGZBuffer *, cRZRect const &, int, int, cRZRect *) const
0012dc70	SetNext__t37cSC3CitySpriteInstUseCSMTerrainSloped3im1i0i1P19cISC3CitySpriteInst	cSC3CitySpriteInstUseCSMTerrainSloped<-1, 0, 1>::SetNext(cISC3CitySpriteInst *)
0012dcbc	GetNext__t37cSC3CitySpriteInstUseCSMTerrainSloped3im1i0i1	cSC3CitySpriteInstUseCSMTerrainSloped<-1, 0, 1>::GetNext(void)
0012dccc	_._t37cSC3CitySpriteInstUseCSMTerrainSloped3im1i0i1	cSC3CitySpriteInstUseCSMTerrainSloped<-1, 0, 1>::~cSC3CitySpriteInstUseCSMTerrainSloped(void)
0012dd28	GetAreaFromPt__Ct24cSC3CitySpriteInstSloped3i2i2i3iiR7cRZRectii	cSC3CitySpriteInstSloped<2, 2, 3>::GetAreaFromPt(int, int, cRZRect &, int, int) const
0012dd94	Draw__Ct24cSC3CitySpriteInstSloped3i2i2i3P10cIGZBufferiiiiP7cRZRect	cSC3CitySpriteInstSloped<2, 2, 3>::Draw(cIGZBuffer *, int, int, int, int, cRZRect *) const
0012de2c	GetAreaFromPt__Ct24cSC3CitySpriteInstSloped3im2i0i1iiR7cRZRectii	cSC3CitySpriteInstSloped<-2, 0, 1>::GetAreaFromPt(int, int, cRZRect &, int, int) const
0012de94	Draw__Ct24cSC3CitySpriteInstSloped3im2i0i1P10cIGZBufferiiiiP7cRZRect	cSC3CitySpriteInstSloped<-2, 0, 1>::Draw(cIGZBuffer *, int, int, int, int, cRZRect *) const
0012df2c	GetAreaFromPt__Ct24cSC3CitySpriteInstSloped3i1i2i3iiR7cRZRectii	cSC3CitySpriteInstSloped<1, 2, 3>::GetAreaFromPt(int, int, cRZRect &, int, int) const
0012df94	Draw__Ct24cSC3CitySpriteInstSloped3i1i2i3P10cIGZBufferiiiiP7cRZRect	cSC3CitySpriteInstSloped<1, 2, 3>::Draw(cIGZBuffer *, int, int, int, int, cRZRect *) const
0012e02c	GetAreaFromPt__Ct24cSC3CitySpriteInstSloped3im1i0i1iiR7cRZRectii	cSC3CitySpriteInstSloped<-1, 0, 1>::GetAreaFromPt(int, int, cRZRect &, int, int) const
0012e094	Draw__Ct24cSC3CitySpriteInstSloped3im1i0i1P10cIGZBufferiiiiP7cRZRect	cSC3CitySpriteInstSloped<-1, 0, 1>::Draw(cIGZBuffer *, int, int, int, int, cRZRect *) const
0012e134	insert__t6vector2ZUsZt9allocator1ZUsPUsUiRCUs	vector<unsigned short, allocator<unsigned short> >::insert(unsigned short *, unsigned int, unsigned short const &)
0012e5e4	insert__t6vector2ZUiZt9allocator1ZUiPUiUiRCUi	vector<unsigned int, allocator<unsigned int> >::insert(unsigned int *, unsigned int, unsigned int const &)
0012ea94	clear__t10_List_base2ZP13LightParticleZt9allocator1ZP13LightParticle	_List_base<LightParticle *, allocator<LightParticle *> >::clear(void)
0012eb10	__thunk_8_QueryInterface__21cSC3CitySpriteManagerUiPPv	virtual function thunk (delta:-8) for cSC3CitySpriteManager::QueryInterface(unsigned int, void **)
0012eb2c	__thunk_8_AddRef__21cSC3CitySpriteManager	virtual function thunk (delta:-8) for cSC3CitySpriteManager::AddRef(void)
0012eb48	__thunk_8_Release__21cSC3CitySpriteManager	virtual function thunk (delta:-8) for cSC3CitySpriteManager::Release(void)
0012eb64	__thunk_8_OccupantInserted__21cSC3CitySpriteManagerUiP13cISC3Occupant	virtual function thunk (delta:-8) for cSC3CitySpriteManager::OccupantInserted(unsigned int, cISC3Occupant *)
0012eb80	__thunk_8_OccupantRemoved__21cSC3CitySpriteManagerUiP13cISC3Occupant	virtual function thunk (delta:-8) for cSC3CitySpriteManager::OccupantRemoved(unsigned int, cISC3Occupant *)
0012eb9c	__thunk_8_OccupantMoved__21cSC3CitySpriteManagerUiP13cISC3OccupantRC13cSC3CityCoord	virtual function thunk (delta:-8) for cSC3CitySpriteManager::OccupantMoved(unsigned int, cISC3Occupant *, cSC3CityCoord const &)
0012ebb8	__thunk_8_OccupantChanged__21cSC3CitySpriteManagerUiP13cISC3OccupantiPv	virtual function thunk (delta:-8) for cSC3CitySpriteManager::OccupantChanged(unsigned int, cISC3Occupant *, int, void *)
0012ebd4	__thunk_8_CellChangedAll__21cSC3CitySpriteManagerUi	virtual function thunk (delta:-8) for cSC3CitySpriteManager::CellChangedAll(unsigned int)
0012ebf0	__thunk_8_CellChanged__21cSC3CitySpriteManagerUiUiUi	virtual function thunk (delta:-8) for cSC3CitySpriteManager::CellChanged(unsigned int, unsigned int, unsigned int)
0012ec0c	__thunk_8_CellChanged__21cSC3CitySpriteManagerUiUiUiUiUi	virtual function thunk (delta:-8) for cSC3CitySpriteManager::CellChanged(unsigned int, unsigned int, unsigned int, unsigned int, unsigned int)
0012ec28	__thunk_4_QueryInterface__21cSC3CitySpriteManagerUiPPv	virtual function thunk (delta:-4) for cSC3CitySpriteManager::QueryInterface(unsigned int, void **)
0012ec44	__thunk_4_AddRef__21cSC3CitySpriteManager	virtual function thunk (delta:-4) for cSC3CitySpriteManager::AddRef(void)
0012ec60	__thunk_4_Release__21cSC3CitySpriteManager	virtual function thunk (delta:-4) for cSC3CitySpriteManager::Release(void)
0012ec7c	__thunk_4_DoMessage__21cSC3CitySpriteManagerR10cGZMessage	virtual function thunk (delta:-4) for cSC3CitySpriteManager::DoMessage(cGZMessage &)
0012eca4	Test__14cSC3SubwayTestP13cISC3Occupant	cSC3SubwayTest::Test(cISC3Occupant *)
0012ece4	Test__12cSC3PipeTestP13cISC3Occupant	cSC3PipeTest::Test(cISC3Occupant *)
0012ed1c	__t9cRZTriple3ZfZfZffff	cRZTriple<float, float, float>::cRZTriple(float, float, float)
0012ed3c	__thunk_4_QueryInterface__15cSC3CityViewIsoUiPPv	virtual function thunk (delta:-4) for cSC3CityViewIso::QueryInterface(unsigned int, void **)
0012ed58	__thunk_4_AddRef__15cSC3CityViewIso	virtual function thunk (delta:-4) for cSC3CityViewIso::AddRef(void)
0012ed74	__thunk_4_Release__15cSC3CityViewIso	virtual function thunk (delta:-4) for cSC3CityViewIso::Release(void)
0012ed90	__thunk_4_DoMessage__15cSC3CityViewIsoR10cGZMessage	virtual function thunk (delta:-4) for cSC3CityViewIso::DoMessage(cGZMessage &)
0012edb0	__pp__t19_Hashtable_iterator6Zt4pair2ZC14cGZResourceKeyZQ223cGZDBSegmentIndexedFile10RecordInfoZ14cGZResourceKeyZt4hash1Z14cGZResourceKeyZt10_Select1st1Zt4pair2ZC14cGZResourceKeyZQ223cGZDBSegmentIndexedFile10RecordInfoZt8equal_to1Z14cGZResourceKeyZt9allocator1ZQ223cGZDBSegmentIndexedFile10RecordInfo	_Hashtable_iterator<pair<cGZResourceKey const, cGZDBSegmentIndexedFile::RecordInfo>, cGZResourceKey, hash<cGZResourceKey>, _Select1st<pair<cGZResourceKey const, cGZDBSegmentIndexedFile::RecordInfo> >, equal_to<cGZResourceKey>, allocator<cGZDBSegmentIndexedFile::RecordInfo> >::operator++(void)
0012ee38	__thunk_8__._19cSC3DBSegmentSprite	virtual function thunk (delta:-8) for cSC3DBSegmentSprite::~cSC3DBSegmentSprite(void)
0012ee54	__thunk_40_QueryInterface__19cSC3DBSegmentSpriteUiPPv	virtual function thunk (delta:-40) for cSC3DBSegmentSprite::QueryInterface(unsigned int, void **)
0012ee70	__thunk_40_AddRef__19cSC3DBSegmentSprite	virtual function thunk (delta:-40) for cSC3DBSegmentSprite::AddRef(void)
0012ee8c	__thunk_40_Release__19cSC3DBSegmentSprite	virtual function thunk (delta:-40) for cSC3DBSegmentSprite::Release(void)
0012eea8	__thunk_40_Init__19cSC3DBSegmentSpriteUiPC10cIGZStringb	virtual function thunk (delta:-40) for cSC3DBSegmentSprite::Init(unsigned int, cIGZString const *, bool)
0012eec4	__thunk_36_GetPathName__23cGZDBSegmentIndexedFileR10cIGZString	virtual function thunk (delta:-36) for cGZDBSegmentIndexedFile::GetPathName(cIGZString &)
0012eee0	__thunk_40_Shutdown__19cSC3DBSegmentSprite	virtual function thunk (delta:-40) for cSC3DBSegmentSprite::Shutdown(void)
0012eefc	__thunk_36_OpenForReading__23cGZDBSegmentIndexedFileRC10cIGZString	virtual function thunk (delta:-36) for cGZDBSegmentIndexedFile::OpenForReading(cIGZString const &)
0012ef18	__thunk_36_OpenForWriting__23cGZDBSegmentIndexedFileRC10cIGZString	virtual function thunk (delta:-36) for cGZDBSegmentIndexedFile::OpenForWriting(cIGZString const &)
0012ef34	__thunk_4_QueryInterface__19cSC3DBSegmentSpriteUiPPv	virtual function thunk (delta:-4) for cSC3DBSegmentSprite::QueryInterface(unsigned int, void **)
0012ef50	__thunk_4_AddRef__19cSC3DBSegmentSprite	virtual function thunk (delta:-4) for cSC3DBSegmentSprite::AddRef(void)
0012ef6c	__thunk_4_Release__19cSC3DBSegmentSprite	virtual function thunk (delta:-4) for cSC3DBSegmentSprite::Release(void)
0012ef88	__thunk_4_Init__19cSC3DBSegmentSpriteUiPC10cIGZStringb	virtual function thunk (delta:-4) for cSC3DBSegmentSprite::Init(unsigned int, cIGZString const *, bool)
0012efa4	__thunk_4_Shutdown__19cSC3DBSegmentSprite	virtual function thunk (delta:-4) for cSC3DBSegmentSprite::Shutdown(void)
0012efc4	_._19cSC3DBSegmentSprite	cSC3DBSegmentSprite::~cSC3DBSegmentSprite(void)
0012f124	_._t8hash_map5Z14cGZResourceKeyZQ223cGZDBSegmentIndexedFile10RecordInfoZt4hash1Z14cGZResourceKeyZt8equal_to1Z14cGZResourceKeyZt9allocator1ZQ223cGZDBSegmentIndexedFile10RecordInfo	hash_map<cGZResourceKey, cGZDBSegmentIndexedFile::RecordInfo, hash<cGZResourceKey>, equal_to<cGZResourceKey>, allocator<cGZDBSegmentIndexedFile::RecordInfo> >::~hash_map(void)
0012f1d0	find__Ct12basic_string3ZcZt18string_char_traits1ZcZt24__default_alloc_template2b1i0PCcUiUi	basic_string<char, string_char_traits<char>, __default_alloc_template<true, 0> >::find(char const *, unsigned int, unsigned int) const
0012f244	resize__t12basic_string3ZcZt18string_char_traits1ZcZt24__default_alloc_template2b1i0Uic	basic_string<char, string_char_traits<char>, __default_alloc_template<true, 0> >::resize(unsigned int, char)
0012f2bc	__thunk_4_QueryInterface__23cSC3CitySpriteInstBasicUiPPv	virtual function thunk (delta:-4) for cSC3CitySpriteInstBasic::QueryInterface(unsigned int, void **)
0012f2d8	__thunk_4_AddRef__23cSC3CitySpriteInstBasic	virtual function thunk (delta:-4) for cSC3CitySpriteInstBasic::AddRef(void)
0012f2f4	__thunk_4_Release__23cSC3CitySpriteInstBasic	virtual function thunk (delta:-4) for cSC3CitySpriteInstBasic::Release(void)
0012f310	__thunk_4_IsGeomFlag__23cSC3CitySpriteInstBasicUi	virtual function thunk (delta:-4) for cSC3CitySpriteInstBasic::IsGeomFlag(unsigned int)
0012f32c	__thunk_4_SetGeomFlag__23cSC3CitySpriteInstBasicUi	virtual function thunk (delta:-4) for cSC3CitySpriteInstBasic::SetGeomFlag(unsigned int)
0012f348	__thunk_4_ClearGeomFlag__23cSC3CitySpriteInstBasicUi	virtual function thunk (delta:-4) for cSC3CitySpriteInstBasic::ClearGeomFlag(unsigned int)
0012f364	__thunk_4_GetGeomFlag__23cSC3CitySpriteInstBasic	virtual function thunk (delta:-4) for cSC3CitySpriteInstBasic::GetGeomFlag(void)
0012f380	__thunk_4_GetSpriteAttrib__23cSC3CitySpriteInstBasic	virtual function thunk (delta:-4) for cSC3CitySpriteInstBasic::GetSpriteAttrib(void)
0012f39c	__thunk_4_GetSpriteInst__23cSC3CitySpriteInstBasic	virtual function thunk (delta:-4) for cSC3CitySpriteInstBasic::GetSpriteInst(void)
0012f3b8	__thunk_4_Tick__23cSC3CitySpriteInstBasicUi	virtual function thunk (delta:-4) for cSC3CitySpriteInstBasic::Tick(unsigned int)
0012f3d4	__thunk_4__._16cSC3ObjectShadow	virtual function thunk (delta:-4) for cSC3ObjectShadow::~cSC3ObjectShadow(void)
0012f3f0	__thunk_4_Tick__21cSC3ToxicSteamDisplayUi	virtual function thunk (delta:-4) for cSC3ToxicSteamDisplay::Tick(unsigned int)
0012f40c	__thunk_4__._21cSC3ToxicSteamDisplay	virtual function thunk (delta:-4) for cSC3ToxicSteamDisplay::~cSC3ToxicSteamDisplay(void)
0012f428	__thunk_200_QueryInterface__19cSC3AcidRainDisplayUiPPv	virtual function thunk (delta:-200) for cSC3AcidRainDisplay::QueryInterface(unsigned int, void **)
0012f448	__thunk_200_AddRef__19cSC3AcidRainDisplay	virtual function thunk (delta:-200) for cSC3AcidRainDisplay::AddRef(void)
0012f468	__thunk_200_Release__19cSC3AcidRainDisplay	virtual function thunk (delta:-200) for cSC3AcidRainDisplay::Release(void)
0012f488	__thunk_200_Init__19cSC3AcidRainDisplayiii	virtual function thunk (delta:-200) for cSC3AcidRainDisplay::Init(int, int, int)
0012f4a8	__thunk_200_StopRaining__19cSC3AcidRainDisplay	virtual function thunk (delta:-200) for cSC3AcidRainDisplay::StopRaining(void)
0012f4c8	__thunk_4_QueryInterface__19cSC3AcidRainDisplayUiPPv	virtual function thunk (delta:-4) for cSC3AcidRainDisplay::QueryInterface(unsigned int, void **)
0012f4e4	__thunk_4_AddRef__19cSC3AcidRainDisplay	virtual function thunk (delta:-4) for cSC3AcidRainDisplay::AddRef(void)
0012f500	__thunk_4_Release__19cSC3AcidRainDisplay	virtual function thunk (delta:-4) for cSC3AcidRainDisplay::Release(void)
0012f51c	__thunk_4_Tick__19cSC3AcidRainDisplayUi	virtual function thunk (delta:-4) for cSC3AcidRainDisplay::Tick(unsigned int)
0012f538	__thunk_4__._19cSC3AcidRainDisplay	virtual function thunk (delta:-4) for cSC3AcidRainDisplay::~cSC3AcidRainDisplay(void)
0012f554	__thunk_200_QueryInterface__21cSC3ToxicCloudDisplayUiPPv	virtual function thunk (delta:-200) for cSC3ToxicCloudDisplay::QueryInterface(unsigned int, void **)
0012f574	__thunk_200_AddRef__21cSC3ToxicCloudDisplay	virtual function thunk (delta:-200) for cSC3ToxicCloudDisplay::AddRef(void)
0012f594	__thunk_200_Release__21cSC3ToxicCloudDisplay	virtual function thunk (delta:-200) for cSC3ToxicCloudDisplay::Release(void)
0012f5b4	__thunk_200_Init__21cSC3ToxicCloudDisplayUiiii	virtual function thunk (delta:-200) for cSC3ToxicCloudDisplay::Init(unsigned int, int, int, int)
0012f5d4	__thunk_200_DoFade__21cSC3ToxicCloudDisplaybT1	virtual function thunk (delta:-200) for cSC3ToxicCloudDisplay::DoFade(bool, bool)
0012f5f4	__thunk_200_SetVelocity__21cSC3ToxicCloudDisplayRC17cRZ3DPointFloat32	virtual function thunk (delta:-200) for cSC3ToxicCloudDisplay::SetVelocity(cRZ3DPointFloat32 const &)
0012f614	__thunk_200_StartRaining__21cSC3ToxicCloudDisplay	virtual function thunk (delta:-200) for cSC3ToxicCloudDisplay::StartRaining(void)
0012f634	__thunk_200_StopRaining__21cSC3ToxicCloudDisplay	virtual function thunk (delta:-200) for cSC3ToxicCloudDisplay::StopRaining(void)
0012f654	__thunk_4_QueryInterface__21cSC3ToxicCloudDisplayUiPPv	virtual function thunk (delta:-4) for cSC3ToxicCloudDisplay::QueryInterface(unsigned int, void **)
0012f670	__thunk_4_AddRef__21cSC3ToxicCloudDisplay	virtual function thunk (delta:-4) for cSC3ToxicCloudDisplay::AddRef(void)
0012f68c	__thunk_4_Release__21cSC3ToxicCloudDisplay	virtual function thunk (delta:-4) for cSC3ToxicCloudDisplay::Release(void)
0012f6a8	__thunk_4_Tick__21cSC3ToxicCloudDisplayUi	virtual function thunk (delta:-4) for cSC3ToxicCloudDisplay::Tick(unsigned int)
0012f6c4	__thunk_4__._21cSC3ToxicCloudDisplay	virtual function thunk (delta:-4) for cSC3ToxicCloudDisplay::~cSC3ToxicCloudDisplay(void)
0012f6e4	_._16cSC3ObjectShadow	cSC3ObjectShadow::~cSC3ObjectShadow(void)
0012f734	__t9cRZTriple3ZfZfZf	cRZTriple<float, float, float>::cRZTriple(void)
0012f740	__as__t9cRZTriple3ZfZfZfRCt9cRZTriple3ZfZfZf	cRZTriple<float, float, float>::operator=(cRZTriple<float, float, float> const &)
0012f764	clear__t10_List_base2Zt9MatrixRow1ZP23cSC3CitySpriteInstBasicZt9allocator1Zt9MatrixRow1ZP23cSC3CitySpriteInstBasic	_List_base<MatrixRow<cSC3CitySpriteInstBasic *>, allocator<MatrixRow<cSC3CitySpriteInstBasic *> > >::clear(void)
0012f804	clear__t10_List_base2Zt10MatrixCell1ZP23cSC3CitySpriteInstBasicZt9allocator1Zt10MatrixCell1ZP23cSC3CitySpriteInstBasic	_List_base<MatrixCell<cSC3CitySpriteInstBasic *>, allocator<MatrixCell<cSC3CitySpriteInstBasic *> > >::clear(void)
0012f884	_M_insert_dispatch__H1Zt14_List_iterator3Zt10MatrixCell1ZP23cSC3CitySpriteInstBasicZRCt10MatrixCell1ZP23cSC3CitySpriteInstBasicZPCt10MatrixCell1ZP23cSC3CitySpriteInstBasic_t4list2Zt10MatrixCell1ZP23cSC3CitySpriteInstBasicZt9allocator1Zt10MatrixCell1ZP23cSC3CitySpriteInstBasicGt14_List_iterator3Zt10MatrixCell1ZP23cSC3CitySpriteInstBasicZRt10MatrixCell1ZP23cSC3CitySpriteInstBasicZPt10MatrixCell1ZP23cSC3CitySpriteInstBasicX00X00G12__false_type_v	void list<MatrixCell<cSC3CitySpriteInstBasic *>, allocator<MatrixCell<cSC3CitySpriteInstBasic *> > >::_M_insert_dispatch<_List_iterator<MatrixCell<cSC3CitySpriteInstBasic *>, MatrixCell<cSC3CitySpriteInstBasic *> const &, MatrixCell<cSC3CitySpriteInstBasic *> const *> >(_List_iterator<MatrixCell<cSC3CitySpriteInstBasic *>, MatrixCell<cSC3CitySpriteInstBasic *> &, MatrixCell<cSC3CitySpriteInstBasic *> *>, _List_iterator<MatrixCell<cSC3CitySpriteInstBasic *>, MatrixCell<cSC3CitySpriteInstBasic *> const &, MatrixCell<cSC3CitySpriteInstBasic *> const *>, _List_iterator<MatrixCell<cSC3CitySpriteInstBasic *>, MatrixCell<cSC3CitySpriteInstBasic *> const &, MatrixCell<cSC3CitySpriteInstBasic *> const *>, __false_type)
0012f9b4	clear__t10_List_base2Zt9MatrixRow1ZP22cSC3NeighborTileSpriteZt9allocator1Zt9MatrixRow1ZP22cSC3NeighborTileSprite	_List_base<MatrixRow<cSC3NeighborTileSprite *>, allocator<MatrixRow<cSC3NeighborTileSprite *> > >::clear(void)
0012fa54	clear__t10_List_base2Zt10MatrixCell1ZP22cSC3NeighborTileSpriteZt9allocator1Zt10MatrixCell1ZP22cSC3NeighborTileSprite	_List_base<MatrixCell<cSC3NeighborTileSprite *>, allocator<MatrixCell<cSC3NeighborTileSprite *> > >::clear(void)
0012fad4	_M_insert_dispatch__H1Zt14_List_iterator3Zt10MatrixCell1ZP22cSC3NeighborTileSpriteZRCt10MatrixCell1ZP22cSC3NeighborTileSpriteZPCt10MatrixCell1ZP22cSC3NeighborTileSprite_t4list2Zt10MatrixCell1ZP22cSC3NeighborTileSpriteZt9allocator1Zt10MatrixCell1ZP22cSC3NeighborTileSpriteGt14_List_iterator3Zt10MatrixCell1ZP22cSC3NeighborTileSpriteZRt10MatrixCell1ZP22cSC3NeighborTileSpriteZPt10MatrixCell1ZP22cSC3NeighborTileSpriteX00X00G12__false_type_v	void list<MatrixCell<cSC3NeighborTileSprite *>, allocator<MatrixCell<cSC3NeighborTileSprite *> > >::_M_insert_dispatch<_List_iterator<MatrixCell<cSC3NeighborTileSprite *>, MatrixCell<cSC3NeighborTileSprite *> const &, MatrixCell<cSC3NeighborTileSprite *> const *> >(_List_iterator<MatrixCell<cSC3NeighborTileSprite *>, MatrixCell<cSC3NeighborTileSprite *> &, MatrixCell<cSC3NeighborTileSprite *> *>, _List_iterator<MatrixCell<cSC3NeighborTileSprite *>, MatrixCell<cSC3NeighborTileSprite *> const &, MatrixCell<cSC3NeighborTileSprite *> const *>, _List_iterator<MatrixCell<cSC3NeighborTileSprite *>, MatrixCell<cSC3NeighborTileSprite *> const &, MatrixCell<cSC3NeighborTileSprite *> const *>, __false_type)
0012fc04	erase__t4list2ZP13LightParticleZt9allocator1ZP13LightParticleGt14_List_iterator3ZP13LightParticleZRP13LightParticleZPP13LightParticleT1	list<LightParticle *, allocator<LightParticle *> >::erase(_List_iterator<LightParticle *, LightParticle *&, LightParticle **>, _List_iterator<LightParticle *, LightParticle *&, LightParticle **>)
0012fcb4	_M_insert_dispatch__H1Zt14_List_iterator3ZP13LightParticleZRCP13LightParticleZPCP13LightParticle_t4list2ZP13LightParticleZt9allocator1ZP13LightParticleGt14_List_iterator3ZP13LightParticleZRP13LightParticleZPP13LightParticleX00X00G12__false_type_v	void list<LightParticle *, allocator<LightParticle *> >::_M_insert_dispatch<_List_iterator<LightParticle *, LightParticle *const &, LightParticle *const *> >(_List_iterator<LightParticle *, LightParticle *&, LightParticle **>, _List_iterator<LightParticle *, LightParticle *const &, LightParticle *const *>, _List_iterator<LightParticle *, LightParticle *const &, LightParticle *const *>, __false_type)
0012fdd4	__as__t4list2ZP13LightParticleZt9allocator1ZP13LightParticleRCt4list2ZP13LightParticleZt9allocator1ZP13LightParticle	list<LightParticle *, allocator<LightParticle *> >::operator=(list<LightParticle *, allocator<LightParticle *> > const &)
0012fea4	_M_insert_aux__t6vector2ZP13LightParticleZt9allocator1ZP13LightParticlePP13LightParticleRCP13LightParticle	vector<LightParticle *, allocator<LightParticle *> >::_M_insert_aux(LightParticle **, LightParticle *const &)
001301d4	_M_insert__t8_Rb_tree5ZP20cSC3TrajectoryObjectZP20cSC3TrajectoryObjectZt9_Identity1ZP20cSC3TrajectoryObjectZt4less1ZP20cSC3TrajectoryObjectZt9allocator1ZP20cSC3TrajectoryObjectP18_Rb_tree_node_baseT1RCP20cSC3TrajectoryObject	_Rb_tree<cSC3TrajectoryObject *, cSC3TrajectoryObject *, _Identity<cSC3TrajectoryObject *>, less<cSC3TrajectoryObject *>, allocator<cSC3TrajectoryObject *> >::_M_insert(_Rb_tree_node_base *, _Rb_tree_node_base *, cSC3TrajectoryObject *const &)
001305a4	insert_unique__t8_Rb_tree5ZP20cSC3TrajectoryObjectZP20cSC3TrajectoryObjectZt9_Identity1ZP20cSC3TrajectoryObjectZt4less1ZP20cSC3TrajectoryObjectZt9allocator1ZP20cSC3TrajectoryObjectRCP20cSC3TrajectoryObject	_Rb_tree<cSC3TrajectoryObject *, cSC3TrajectoryObject *, _Identity<cSC3TrajectoryObject *>, less<cSC3TrajectoryObject *>, allocator<cSC3TrajectoryObject *> >::insert_unique(cSC3TrajectoryObject *const &)
00130694	_M_erase__t8_Rb_tree5ZP20cSC3TrajectoryObjectZP20cSC3TrajectoryObjectZt9_Identity1ZP20cSC3TrajectoryObjectZt4less1ZP20cSC3TrajectoryObjectZt9allocator1ZP20cSC3TrajectoryObjectPt13_Rb_tree_node1ZP20cSC3TrajectoryObject	_Rb_tree<cSC3TrajectoryObject *, cSC3TrajectoryObject *, _Identity<cSC3TrajectoryObject *>, less<cSC3TrajectoryObject *>, allocator<cSC3TrajectoryObject *> >::_M_erase(_Rb_tree_node<cSC3TrajectoryObject *> *)
00130714	erase__t8_Rb_tree5ZP20cSC3TrajectoryObjectZP20cSC3TrajectoryObjectZt9_Identity1ZP20cSC3TrajectoryObjectZt4less1ZP20cSC3TrajectoryObjectZt9allocator1ZP20cSC3TrajectoryObjectGt17_Rb_tree_iterator3ZP20cSC3TrajectoryObjectZRP20cSC3TrajectoryObjectZPP20cSC3TrajectoryObjectT1	_Rb_tree<cSC3TrajectoryObject *, cSC3TrajectoryObject *, _Identity<cSC3TrajectoryObject *>, less<cSC3TrajectoryObject *>, allocator<cSC3TrajectoryObject *> >::erase(_Rb_tree_iterator<cSC3TrajectoryObject *, cSC3TrajectoryObject *&, cSC3TrajectoryObject **>, _Rb_tree_iterator<cSC3TrajectoryObject *, cSC3TrajectoryObject *&, cSC3TrajectoryObject **>)
00130c24	erase__t8_Rb_tree5ZP20cSC3TrajectoryObjectZP20cSC3TrajectoryObjectZt9_Identity1ZP20cSC3TrajectoryObjectZt4less1ZP20cSC3TrajectoryObjectZt9allocator1ZP20cSC3TrajectoryObjectRCP20cSC3TrajectoryObject	_Rb_tree<cSC3TrajectoryObject *, cSC3TrajectoryObject *, _Identity<cSC3TrajectoryObject *>, less<cSC3TrajectoryObject *>, allocator<cSC3TrajectoryObject *> >::erase(cSC3TrajectoryObject *const &)
00130d44	insert__t6vector2ZP15cSC3CloudSpriteZt9allocator1ZP15cSC3CloudSpritePP15cSC3CloudSpriteUiRCP15cSC3CloudSprite	vector<cSC3CloudSprite *, allocator<cSC3CloudSprite *> >::insert(cSC3CloudSprite **, unsigned int, cSC3CloudSprite *const &)
0013115c	__thunk_4_QueryInterface__22cSC3WaterSparkleSpriteUiPPv	virtual function thunk (delta:-4) for cSC3WaterSparkleSprite::QueryInterface(unsigned int, void **)
00131178	__thunk_4_AddRef__22cSC3WaterSparkleSprite	virtual function thunk (delta:-4) for cSC3WaterSparkleSprite::AddRef(void)
00131194	__thunk_4_Release__22cSC3WaterSparkleSprite	virtual function thunk (delta:-4) for cSC3WaterSparkleSprite::Release(void)
001311b0	__thunk_4_IsGeomFlag__22cSC3WaterSparkleSpriteUi	virtual function thunk (delta:-4) for cSC3WaterSparkleSprite::IsGeomFlag(unsigned int)
001311cc	__thunk_4_SetGeomFlag__22cSC3WaterSparkleSpriteUi	virtual function thunk (delta:-4) for cSC3WaterSparkleSprite::SetGeomFlag(unsigned int)
001311e8	__thunk_4_ClearGeomFlag__22cSC3WaterSparkleSpriteUi	virtual function thunk (delta:-4) for cSC3WaterSparkleSprite::ClearGeomFlag(unsigned int)
00131204	__thunk_4_GetGeomFlag__22cSC3WaterSparkleSprite	virtual function thunk (delta:-4) for cSC3WaterSparkleSprite::GetGeomFlag(void)
00131220	__thunk_4_GetSpriteAttrib__22cSC3WaterSparkleSprite	virtual function thunk (delta:-4) for cSC3WaterSparkleSprite::GetSpriteAttrib(void)
0013123c	__thunk_4_GetSpriteInst__22cSC3WaterSparkleSprite	virtual function thunk (delta:-4) for cSC3WaterSparkleSprite::GetSpriteInst(void)
00131258	__thunk_4_Tick__22cSC3WaterSparkleSpriteUi	virtual function thunk (delta:-4) for cSC3WaterSparkleSprite::Tick(unsigned int)
00131274	__thunk_4__._22cSC3WaterSparkleSprite	virtual function thunk (delta:-4) for cSC3WaterSparkleSprite::~cSC3WaterSparkleSprite(void)
00131290	__thunk_8_QueryInterface__24cSC3WeatherViewSimulatorUiPPv	virtual function thunk (delta:-8) for cSC3WeatherViewSimulator::QueryInterface(unsigned int, void **)
001312ac	__thunk_8_AddRef__24cSC3WeatherViewSimulator	virtual function thunk (delta:-8) for cSC3WeatherViewSimulator::AddRef(void)
001312c8	__thunk_8_Release__24cSC3WeatherViewSimulator	virtual function thunk (delta:-8) for cSC3WeatherViewSimulator::Release(void)
001312e4	__thunk_8_DoMessage__24cSC3WeatherViewSimulatorR10cGZMessage	virtual function thunk (delta:-8) for cSC3WeatherViewSimulator::DoMessage(cGZMessage &)
00131300	__thunk_4_QueryInterface__24cSC3WeatherViewSimulatorUiPPv	virtual function thunk (delta:-4) for cSC3WeatherViewSimulator::QueryInterface(unsigned int, void **)
0013131c	__thunk_4_AddRef__24cSC3WeatherViewSimulator	virtual function thunk (delta:-4) for cSC3WeatherViewSimulator::AddRef(void)
00131338	__thunk_4_Release__24cSC3WeatherViewSimulator	virtual function thunk (delta:-4) for cSC3WeatherViewSimulator::Release(void)
00131354	__thunk_4_DoAnimationTick__24cSC3WeatherViewSimulatorUi	virtual function thunk (delta:-4) for cSC3WeatherViewSimulator::DoAnimationTick(unsigned int)
00131370	__thunk_4_GetAnimationTickPriority__24cSC3WeatherViewSimulatorRUcRi	virtual function thunk (delta:-4) for cSC3WeatherViewSimulator::GetAnimationTickPriority(unsigned char &, int &)
0013138c	__thunk_4__._19cSC3LightningSprite	virtual function thunk (delta:-4) for cSC3LightningSprite::~cSC3LightningSprite(void)
001313a8	__thunk_4__._23cSC3PrecipitationSprite	virtual function thunk (delta:-4) for cSC3PrecipitationSprite::~cSC3PrecipitationSprite(void)
001313c4	__thunk_4__._15cSC3CloudSprite	virtual function thunk (delta:-4) for cSC3CloudSprite::~cSC3CloudSprite(void)
001313e0	__thunk_4_QueryInterface__29cSC3NuclearExplosionSimulatorUiPPv	virtual function thunk (delta:-4) for cSC3NuclearExplosionSimulator::QueryInterface(unsigned int, void **)
001313fc	__thunk_4_AddRef__29cSC3NuclearExplosionSimulator	virtual function thunk (delta:-4) for cSC3NuclearExplosionSimulator::AddRef(void)
00131418	__thunk_4_Release__29cSC3NuclearExplosionSimulator	virtual function thunk (delta:-4) for cSC3NuclearExplosionSimulator::Release(void)
00131434	__thunk_4_Prepare__29cSC3NuclearExplosionSimulatoriib	virtual function thunk (delta:-4) for cSC3NuclearExplosionSimulator::Prepare(int, int, bool)
00131450	__thunk_4_Unprepare__29cSC3NuclearExplosionSimulatorii	virtual function thunk (delta:-4) for cSC3NuclearExplosionSimulator::Unprepare(int, int)
0013146c	__thunk_4_Tick__29cSC3NuclearExplosionSimulatorUi	virtual function thunk (delta:-4) for cSC3NuclearExplosionSimulator::Tick(unsigned int)
00131488	__thunk_8_QueryInterface__29cSC3NuclearExplosionSimulatorUiPPv	virtual function thunk (delta:-8) for cSC3NuclearExplosionSimulator::QueryInterface(unsigned int, void **)
001314a4	__thunk_8_AddRef__29cSC3NuclearExplosionSimulator	virtual function thunk (delta:-8) for cSC3NuclearExplosionSimulator::AddRef(void)
001314c0	__thunk_8_Release__29cSC3NuclearExplosionSimulator	virtual function thunk (delta:-8) for cSC3NuclearExplosionSimulator::Release(void)
001314dc	__thunk_8_Tick__29cSC3NuclearExplosionSimulatorUi	virtual function thunk (delta:-8) for cSC3NuclearExplosionSimulator::Tick(unsigned int)
001314f8	__thunk_8__._29cSC3NuclearExplosionSimulator	virtual function thunk (delta:-8) for cSC3NuclearExplosionSimulator::~cSC3NuclearExplosionSimulator(void)
00131514	__thunk_8_QueryInterface__20cSC3TrajectoryObjectUiPPv	virtual function thunk (delta:-8) for cSC3TrajectoryObject::QueryInterface(unsigned int, void **)
00131530	__thunk_8_AddRef__20cSC3TrajectoryObject	virtual function thunk (delta:-8) for cSC3TrajectoryObject::AddRef(void)
0013154c	__thunk_8_Release__20cSC3TrajectoryObject	virtual function thunk (delta:-8) for cSC3TrajectoryObject::Release(void)
00131568	__thunk_8_Tick__20cSC3TrajectoryObjectUi	virtual function thunk (delta:-8) for cSC3TrajectoryObject::Tick(unsigned int)
00131584	__thunk_8__._20cSC3TrajectoryObject	virtual function thunk (delta:-8) for cSC3TrajectoryObject::~cSC3TrajectoryObject(void)
001315a0	__thunk_4_QueryInterface__20cSC3TrajectoryObjectUiPPv	virtual function thunk (delta:-4) for cSC3TrajectoryObject::QueryInterface(unsigned int, void **)
001315bc	__thunk_4_AddRef__20cSC3TrajectoryObject	virtual function thunk (delta:-4) for cSC3TrajectoryObject::AddRef(void)
001315d8	__thunk_4_Release__20cSC3TrajectoryObject	virtual function thunk (delta:-4) for cSC3TrajectoryObject::Release(void)
001315f4	__thunk_4_Prepare__20cSC3TrajectoryObjectiib	virtual function thunk (delta:-4) for cSC3TrajectoryObject::Prepare(int, int, bool)
00131610	__thunk_4_Unprepare__20cSC3TrajectoryObjectii	virtual function thunk (delta:-4) for cSC3TrajectoryObject::Unprepare(int, int)
0013162c	__thunk_4_Tick__20cSC3TrajectoryObjectUi	virtual function thunk (delta:-4) for cSC3TrajectoryObject::Tick(unsigned int)
00131648	__thunk_200_QueryInterface__15cSC3WaterDebrisUiPPv	virtual function thunk (delta:-200) for cSC3WaterDebris::QueryInterface(unsigned int, void **)
00131668	__thunk_200_AddRef__15cSC3WaterDebris	virtual function thunk (delta:-200) for cSC3WaterDebris::AddRef(void)
00131688	__thunk_200_Release__15cSC3WaterDebris	virtual function thunk (delta:-200) for cSC3WaterDebris::Release(void)
001316a8	__thunk_200_SetTimeBetweenFrames__15cSC3WaterDebrisUi	virtual function thunk (delta:-200) for cSC3WaterDebris::SetTimeBetweenFrames(unsigned int)
001316c8	__thunk_200_SetTimeToLive__15cSC3WaterDebrisUi	virtual function thunk (delta:-200) for cSC3WaterDebris::SetTimeToLive(unsigned int)
001316e8	__thunk_4_QueryInterface__15cSC3WaterDebrisUiPPv	virtual function thunk (delta:-4) for cSC3WaterDebris::QueryInterface(unsigned int, void **)
00131704	__thunk_4_AddRef__15cSC3WaterDebris	virtual function thunk (delta:-4) for cSC3WaterDebris::AddRef(void)
00131720	__thunk_4_Release__15cSC3WaterDebris	virtual function thunk (delta:-4) for cSC3WaterDebris::Release(void)
0013173c	__thunk_4_Tick__15cSC3WaterDebrisUi	virtual function thunk (delta:-4) for cSC3WaterDebris::Tick(unsigned int)
00131758	__thunk_4__._15cSC3WaterDebris	virtual function thunk (delta:-4) for cSC3WaterDebris::~cSC3WaterDebris(void)
00131774	__thunk_200_QueryInterface__14cSC3DeathSprayUiPPv	virtual function thunk (delta:-200) for cSC3DeathSpray::QueryInterface(unsigned int, void **)
00131794	__thunk_200_AddRef__14cSC3DeathSpray	virtual function thunk (delta:-200) for cSC3DeathSpray::AddRef(void)
001317b4	__thunk_200_Release__14cSC3DeathSpray	virtual function thunk (delta:-200) for cSC3DeathSpray::Release(void)
001317d4	__thunk_200_SetTimeBetweenFrames__14cSC3DeathSprayUi	virtual function thunk (delta:-200) for cSC3DeathSpray::SetTimeBetweenFrames(unsigned int)
001317f4	__thunk_4_QueryInterface__14cSC3DeathSprayUiPPv	virtual function thunk (delta:-4) for cSC3DeathSpray::QueryInterface(unsigned int, void **)
00131810	__thunk_4_AddRef__14cSC3DeathSpray	virtual function thunk (delta:-4) for cSC3DeathSpray::AddRef(void)
0013182c	__thunk_4_Release__14cSC3DeathSpray	virtual function thunk (delta:-4) for cSC3DeathSpray::Release(void)
00131848	__thunk_4_Tick__14cSC3DeathSprayUi	virtual function thunk (delta:-4) for cSC3DeathSpray::Tick(unsigned int)
00131864	__thunk_4__._14cSC3DeathSpray	virtual function thunk (delta:-4) for cSC3DeathSpray::~cSC3DeathSpray(void)
00131880	__thunk_200_QueryInterface__17cSC3TrailingSmokeUiPPv	virtual function thunk (delta:-200) for cSC3TrailingSmoke::QueryInterface(unsigned int, void **)
001318a0	__thunk_200_AddRef__17cSC3TrailingSmoke	virtual function thunk (delta:-200) for cSC3TrailingSmoke::AddRef(void)
001318c0	__thunk_200_Release__17cSC3TrailingSmoke	virtual function thunk (delta:-200) for cSC3TrailingSmoke::Release(void)
001318e0	__thunk_200_SetTimeBetweenFrames__17cSC3TrailingSmokeUi	virtual function thunk (delta:-200) for cSC3TrailingSmoke::SetTimeBetweenFrames(unsigned int)
00131900	__thunk_4_QueryInterface__17cSC3TrailingSmokeUiPPv	virtual function thunk (delta:-4) for cSC3TrailingSmoke::QueryInterface(unsigned int, void **)
0013191c	__thunk_4_AddRef__17cSC3TrailingSmoke	virtual function thunk (delta:-4) for cSC3TrailingSmoke::AddRef(void)
00131938	__thunk_4_Release__17cSC3TrailingSmoke	virtual function thunk (delta:-4) for cSC3TrailingSmoke::Release(void)
00131954	__thunk_4_Tick__17cSC3TrailingSmokeUi	virtual function thunk (delta:-4) for cSC3TrailingSmoke::Tick(unsigned int)
00131970	__thunk_4__._17cSC3TrailingSmoke	virtual function thunk (delta:-4) for cSC3TrailingSmoke::~cSC3TrailingSmoke(void)
0013198c	__thunk_4_QueryInterface__22cSC3ExplosionSimulatorUiPPv	virtual function thunk (delta:-4) for cSC3ExplosionSimulator::QueryInterface(unsigned int, void **)
001319a8	__thunk_4_AddRef__22cSC3ExplosionSimulator	virtual function thunk (delta:-4) for cSC3ExplosionSimulator::AddRef(void)
001319c4	__thunk_4_Release__22cSC3ExplosionSimulator	virtual function thunk (delta:-4) for cSC3ExplosionSimulator::Release(void)
001319e0	__thunk_4_GetW__C22cSC3ExplosionSimulatorii	virtual function thunk (delta:-4) for cSC3ExplosionSimulator::GetW(int, int) const
001319fc	__thunk_4_GetH__C22cSC3ExplosionSimulatorii	virtual function thunk (delta:-4) for cSC3ExplosionSimulator::GetH(int, int) const
00131a18	__thunk_4_Prepare__22cSC3ExplosionSimulatoriib	virtual function thunk (delta:-4) for cSC3ExplosionSimulator::Prepare(int, int, bool)
00131a34	__thunk_4_Unprepare__22cSC3ExplosionSimulatorii	virtual function thunk (delta:-4) for cSC3ExplosionSimulator::Unprepare(int, int)
00131a50	__thunk_4_Draw__C22cSC3ExplosionSimulatorP10cIGZBufferiiiiP7cRZRect	virtual function thunk (delta:-4) for cSC3ExplosionSimulator::Draw(cIGZBuffer *, int, int, int, int, cRZRect *) const
00131a6c	__thunk_4_Draw__C22cSC3ExplosionSimulatorP10cIGZBufferRC7cRZRectiiP7cRZRect	virtual function thunk (delta:-4) for cSC3ExplosionSimulator::Draw(cIGZBuffer *, cRZRect const &, int, int, cRZRect *) const
00131a88	__thunk_4_Tick__22cSC3ExplosionSimulatorUi	virtual function thunk (delta:-4) for cSC3ExplosionSimulator::Tick(unsigned int)
00131aa4	__thunk_8_QueryInterface__22cSC3ExplosionSimulatorUiPPv	virtual function thunk (delta:-8) for cSC3ExplosionSimulator::QueryInterface(unsigned int, void **)
00131ac0	__thunk_8_AddRef__22cSC3ExplosionSimulator	virtual function thunk (delta:-8) for cSC3ExplosionSimulator::AddRef(void)
00131adc	__thunk_8_Release__22cSC3ExplosionSimulator	virtual function thunk (delta:-8) for cSC3ExplosionSimulator::Release(void)
00131af8	__thunk_8_Tick__22cSC3ExplosionSimulatorUi	virtual function thunk (delta:-8) for cSC3ExplosionSimulator::Tick(unsigned int)
00131b14	__thunk_8__._22cSC3ExplosionSimulator	virtual function thunk (delta:-8) for cSC3ExplosionSimulator::~cSC3ExplosionSimulator(void)
00131b30	__thunk_8_QueryInterface__28cSC3ExplosionDebrisSimulatorUiPPv	virtual function thunk (delta:-8) for cSC3ExplosionDebrisSimulator::QueryInterface(unsigned int, void **)
00131b4c	__thunk_8_AddRef__28cSC3ExplosionDebrisSimulator	virtual function thunk (delta:-8) for cSC3ExplosionDebrisSimulator::AddRef(void)
00131b68	__thunk_8_Release__28cSC3ExplosionDebrisSimulator	virtual function thunk (delta:-8) for cSC3ExplosionDebrisSimulator::Release(void)
00131b84	__thunk_8_Tick__28cSC3ExplosionDebrisSimulatorUi	virtual function thunk (delta:-8) for cSC3ExplosionDebrisSimulator::Tick(unsigned int)
00131ba0	__thunk_8__._28cSC3ExplosionDebrisSimulator	virtual function thunk (delta:-8) for cSC3ExplosionDebrisSimulator::~cSC3ExplosionDebrisSimulator(void)
00131bbc	__thunk_4_QueryInterface__28cSC3ExplosionDebrisSimulatorUiPPv	virtual function thunk (delta:-4) for cSC3ExplosionDebrisSimulator::QueryInterface(unsigned int, void **)
00131bd8	__thunk_4_AddRef__28cSC3ExplosionDebrisSimulator	virtual function thunk (delta:-4) for cSC3ExplosionDebrisSimulator::AddRef(void)
00131bf4	__thunk_4_Release__28cSC3ExplosionDebrisSimulator	virtual function thunk (delta:-4) for cSC3ExplosionDebrisSimulator::Release(void)
00131c10	__thunk_4_Prepare__28cSC3ExplosionDebrisSimulatoriib	virtual function thunk (delta:-4) for cSC3ExplosionDebrisSimulator::Prepare(int, int, bool)
00131c2c	__thunk_4_Unprepare__28cSC3ExplosionDebrisSimulatorii	virtual function thunk (delta:-4) for cSC3ExplosionDebrisSimulator::Unprepare(int, int)
00131c48	__thunk_4_Tick__28cSC3ExplosionDebrisSimulatorUi	virtual function thunk (delta:-4) for cSC3ExplosionDebrisSimulator::Tick(unsigned int)
00131c64	__thunk_8_QueryInterface__24cSC3WaterSplashSimulatorUiPPv	virtual function thunk (delta:-8) for cSC3WaterSplashSimulator::QueryInterface(unsigned int, void **)
00131c80	__thunk_8_AddRef__24cSC3WaterSplashSimulator	virtual function thunk (delta:-8) for cSC3WaterSplashSimulator::AddRef(void)
00131c9c	__thunk_8_Release__24cSC3WaterSplashSimulator	virtual function thunk (delta:-8) for cSC3WaterSplashSimulator::Release(void)
00131cb8	__thunk_8_Tick__24cSC3WaterSplashSimulatorUi	virtual function thunk (delta:-8) for cSC3WaterSplashSimulator::Tick(unsigned int)
00131cd4	__thunk_8__._24cSC3WaterSplashSimulator	virtual function thunk (delta:-8) for cSC3WaterSplashSimulator::~cSC3WaterSplashSimulator(void)
00131cf0	__thunk_4_QueryInterface__24cSC3WaterSplashSimulatorUiPPv	virtual function thunk (delta:-4) for cSC3WaterSplashSimulator::QueryInterface(unsigned int, void **)
00131d0c	__thunk_4_AddRef__24cSC3WaterSplashSimulator	virtual function thunk (delta:-4) for cSC3WaterSplashSimulator::AddRef(void)
00131d28	__thunk_4_Release__24cSC3WaterSplashSimulator	virtual function thunk (delta:-4) for cSC3WaterSplashSimulator::Release(void)
00131d44	__thunk_4_Prepare__24cSC3WaterSplashSimulatoriib	virtual function thunk (delta:-4) for cSC3WaterSplashSimulator::Prepare(int, int, bool)
00131d60	__thunk_4_Unprepare__24cSC3WaterSplashSimulatorii	virtual function thunk (delta:-4) for cSC3WaterSplashSimulator::Unprepare(int, int)
00131d7c	__thunk_4_Tick__24cSC3WaterSplashSimulatorUi	virtual function thunk (delta:-4) for cSC3WaterSplashSimulator::Tick(unsigned int)
00131d98	__thunk_4_Tick__19LightParticleSpriteUi	virtual function thunk (delta:-4) for LightParticleSprite::Tick(unsigned int)
00131db4	__thunk_4__._19LightParticleSprite	virtual function thunk (delta:-4) for LightParticleSprite::~LightParticleSprite(void)
00131dd0	__thunk_4_QueryInterface__23cSC3NeighborTileDisplayUiPPv	virtual function thunk (delta:-4) for cSC3NeighborTileDisplay::QueryInterface(unsigned int, void **)
00131dec	__thunk_4_AddRef__23cSC3NeighborTileDisplay	virtual function thunk (delta:-4) for cSC3NeighborTileDisplay::AddRef(void)
00131e08	__thunk_4_Release__23cSC3NeighborTileDisplay	virtual function thunk (delta:-4) for cSC3NeighborTileDisplay::Release(void)
00131e24	__thunk_4_DoMessage__23cSC3NeighborTileDisplayR10cGZMessage	virtual function thunk (delta:-4) for cSC3NeighborTileDisplay::DoMessage(cGZMessage &)
00131e40	__thunk_4__._22cSC3NeighborTileSprite	virtual function thunk (delta:-4) for cSC3NeighborTileSprite::~cSC3NeighborTileSprite(void)
00131e5c	__thunk_4_QueryInterface__20cSC3RadiationDisplayUiPPv	virtual function thunk (delta:-4) for cSC3RadiationDisplay::QueryInterface(unsigned int, void **)
00131e78	__thunk_4_AddRef__20cSC3RadiationDisplay	virtual function thunk (delta:-4) for cSC3RadiationDisplay::AddRef(void)
00131e94	__thunk_4_Release__20cSC3RadiationDisplay	virtual function thunk (delta:-4) for cSC3RadiationDisplay::Release(void)
00131eb0	__thunk_4_DoMessage__20cSC3RadiationDisplayR10cGZMessage	virtual function thunk (delta:-4) for cSC3RadiationDisplay::DoMessage(cGZMessage &)
00131ecc	__thunk_4__._19cSC3RadiationSprite	virtual function thunk (delta:-4) for cSC3RadiationSprite::~cSC3RadiationSprite(void)
00131eec	_._t3set3ZP20cSC3TrajectoryObjectZt4less1ZP20cSC3TrajectoryObjectZt9allocator1ZP20cSC3TrajectoryObject	set<cSC3TrajectoryObject *, less<cSC3TrajectoryObject *>, allocator<cSC3TrajectoryObject *> >::~set(void)
00131f94	_._19cSC3RadiationSprite	cSC3RadiationSprite::~cSC3RadiationSprite(void)
00131ff0	_._22cSC3NeighborTileSprite	cSC3NeighborTileSprite::~cSC3NeighborTileSprite(void)
0013204c	_._13LightParticle	LightParticle::~LightParticle(void)
001320cc	_._15cSC3CloudSprite	cSC3CloudSprite::~cSC3CloudSprite(void)
00132128	_._23cSC3PrecipitationSprite	cSC3PrecipitationSprite::~cSC3PrecipitationSprite(void)
00132184	_._19cSC3LightningSprite	cSC3LightningSprite::~cSC3LightningSprite(void)
001321e0	_._t9MatrixRow1ZP23cSC3CitySpriteInstBasic	MatrixRow<cSC3CitySpriteInstBasic *>::~MatrixRow(void)
00132264	__t9MatrixRow1ZP23cSC3CitySpriteInstBasicRCt9MatrixRow1ZP23cSC3CitySpriteInstBasic	MatrixRow<cSC3CitySpriteInstBasic *>::MatrixRow(MatrixRow<cSC3CitySpriteInstBasic *> const &)
00132404	_._t9MatrixRow1ZP22cSC3NeighborTileSprite	MatrixRow<cSC3NeighborTileSprite *>::~MatrixRow(void)
00132484	__t9MatrixRow1ZP22cSC3NeighborTileSpriteRCt9MatrixRow1ZP22cSC3NeighborTileSprite	MatrixRow<cSC3NeighborTileSprite *>::MatrixRow(MatrixRow<cSC3NeighborTileSprite *> const &)
00132620	__t9cRZTriple3ZfZfZfRCt9cRZTriple3ZfZfZf	cRZTriple<float, float, float>::cRZTriple(cRZTriple<float, float, float> const &)
00132644	find__H2ZPP15cSC3CloudSpriteZP15cSC3CloudSprite_X01X01RCX11G26random_access_iterator_tag_X01	cSC3CloudSprite ** find<cSC3CloudSprite **, cSC3CloudSprite *>(cSC3CloudSprite **, cSC3CloudSprite **, cSC3CloudSprite * const &, random_access_iterator_tag)
001326f4	_._21cSC3ParticleSimulator	cSC3ParticleSimulator::~cSC3ParticleSimulator(void)
001327a0	__dl__13LightParticlePv	LightParticle::operator delete(void *)
001327d4	clear__t10_List_base2ZQ216cSC3UFOSimulator15InstructionDataZt9allocator1ZQ216cSC3UFOSimulator15InstructionData	_List_base<cSC3UFOSimulator::InstructionData, allocator<cSC3UFOSimulator::InstructionData> >::clear(void)
00132854	clear__t10_List_base2ZP13cISC3OccupantZt9allocator1ZP13cISC3Occupant	_List_base<cISC3Occupant *, allocator<cISC3Occupant *> >::clear(void)
001328d4	_M_insert_aux__t6vector2ZP17cISC3UFOSimulatorZt9allocator1ZP17cISC3UFOSimulatorPP17cISC3UFOSimulatorRCP17cISC3UFOSimulator	vector<cISC3UFOSimulator *, allocator<cISC3UFOSimulator *> >::_M_insert_aux(cISC3UFOSimulator **, cISC3UFOSimulator *const &)
00132c04	clear__t10_List_base2ZQ222cSC3WhirlpoolSimulator14AbductedObjectZt9allocator1ZQ222cSC3WhirlpoolSimulator14AbductedObject	_List_base<cSC3WhirlpoolSimulator::AbductedObject, allocator<cSC3WhirlpoolSimulator::AbductedObject> >::clear(void)
00132c84	clear__t10_List_base2ZQ220cSC3LocustsSimulator15InstructionDataZt9allocator1ZQ220cSC3LocustsSimulator15InstructionData	_List_base<cSC3LocustsSimulator::InstructionData, allocator<cSC3LocustsSimulator::InstructionData> >::clear(void)
00132d04	_M_insert_aux__t6vector2ZP21cISC3LocustsSimulatorZt9allocator1ZP21cISC3LocustsSimulatorPP21cISC3LocustsSimulatorRCP21cISC3LocustsSimulator	vector<cISC3LocustsSimulator *, allocator<cISC3LocustsSimulator *> >::_M_insert_aux(cISC3LocustsSimulator **, cISC3LocustsSimulator *const &)
00133034	__uninitialized_copy_aux__H2ZPQ220cSC3LocustsSimulator18tBigLocustInstanceZPQ220cSC3LocustsSimulator18tBigLocustInstance_X01X01X11G12__false_type_X11	cSC3LocustsSimulator::tBigLocustInstance * __uninitialized_copy_aux<cSC3LocustsSimulator::tBigLocustInstance *, cSC3LocustsSimulator::tBigLocustInstance *>(cSC3LocustsSimulator::tBigLocustInstance *, cSC3LocustsSimulator::tBigLocustInstance *, cSC3LocustsSimulator::tBigLocustInstance *, __false_type)
00133134	_M_insert_aux__t6vector2ZQ220cSC3LocustsSimulator18tBigLocustInstanceZt9allocator1ZQ220cSC3LocustsSimulator18tBigLocustInstancePQ220cSC3LocustsSimulator18tBigLocustInstanceRCQ220cSC3LocustsSimulator18tBigLocustInstance	vector<cSC3LocustsSimulator::tBigLocustInstance, allocator<cSC3LocustsSimulator::tBigLocustInstance> >::_M_insert_aux(cSC3LocustsSimulator::tBigLocustInstance *, cSC3LocustsSimulator::tBigLocustInstance const &)
00133604	__uninitialized_copy_aux__H2ZP16cRZ3DPointUint32ZP16cRZ3DPointUint32_X01X01X11G12__false_type_X11	cRZ3DPointUint32 * __uninitialized_copy_aux<cRZ3DPointUint32 *, cRZ3DPointUint32 *>(cRZ3DPointUint32 *, cRZ3DPointUint32 *, cRZ3DPointUint32 *, __false_type)
00133654	_M_insert_aux__t6vector2Z16cRZ3DPointUint32Zt9allocator1Z16cRZ3DPointUint32P16cRZ3DPointUint32RC16cRZ3DPointUint32	vector<cRZ3DPointUint32, allocator<cRZ3DPointUint32> >::_M_insert_aux(cRZ3DPointUint32 *, cRZ3DPointUint32 const &)
00133a2c	__thunk_4_QueryInterface__20cSC3LocustsSimulatorUiPPv	virtual function thunk (delta:-4) for cSC3LocustsSimulator::QueryInterface(unsigned int, void **)
00133a48	__thunk_4_AddRef__20cSC3LocustsSimulator	virtual function thunk (delta:-4) for cSC3LocustsSimulator::AddRef(void)
00133a64	__thunk_4_Release__20cSC3LocustsSimulator	virtual function thunk (delta:-4) for cSC3LocustsSimulator::Release(void)
00133a80	__thunk_4_Prepare__20cSC3LocustsSimulatoriib	virtual function thunk (delta:-4) for cSC3LocustsSimulator::Prepare(int, int, bool)
00133a9c	__thunk_4_Unprepare__20cSC3LocustsSimulatorii	virtual function thunk (delta:-4) for cSC3LocustsSimulator::Unprepare(int, int)
00133ab8	__thunk_4_Tick__20cSC3LocustsSimulatorUi	virtual function thunk (delta:-4) for cSC3LocustsSimulator::Tick(unsigned int)
00133ad4	__thunk_8_QueryInterface__20cSC3LocustsSimulatorUiPPv	virtual function thunk (delta:-8) for cSC3LocustsSimulator::QueryInterface(unsigned int, void **)
00133af0	__thunk_8_AddRef__20cSC3LocustsSimulator	virtual function thunk (delta:-8) for cSC3LocustsSimulator::AddRef(void)
00133b0c	__thunk_8_Release__20cSC3LocustsSimulator	virtual function thunk (delta:-8) for cSC3LocustsSimulator::Release(void)
00133b28	__thunk_8_Shutdown__20cSC3LocustsSimulator	virtual function thunk (delta:-8) for cSC3LocustsSimulator::Shutdown(void)
00133b44	__thunk_8_Tick__20cSC3LocustsSimulatorUi	virtual function thunk (delta:-8) for cSC3LocustsSimulator::Tick(unsigned int)
00133b60	__thunk_8__._20cSC3LocustsSimulator	virtual function thunk (delta:-8) for cSC3LocustsSimulator::~cSC3LocustsSimulator(void)
00133b7c	__thunk_8_QueryInterface__28cSC3SpaceDebrisImpactDisplayUiPPv	virtual function thunk (delta:-8) for cSC3SpaceDebrisImpactDisplay::QueryInterface(unsigned int, void **)
00133b98	__thunk_8_AddRef__28cSC3SpaceDebrisImpactDisplay	virtual function thunk (delta:-8) for cSC3SpaceDebrisImpactDisplay::AddRef(void)
00133bb4	__thunk_8_Release__28cSC3SpaceDebrisImpactDisplay	virtual function thunk (delta:-8) for cSC3SpaceDebrisImpactDisplay::Release(void)
00133bd0	__thunk_8_Tick__28cSC3SpaceDebrisImpactDisplayUi	virtual function thunk (delta:-8) for cSC3SpaceDebrisImpactDisplay::Tick(unsigned int)
00133bec	__thunk_8__._28cSC3SpaceDebrisImpactDisplay	virtual function thunk (delta:-8) for cSC3SpaceDebrisImpactDisplay::~cSC3SpaceDebrisImpactDisplay(void)
00133c08	__thunk_4_QueryInterface__28cSC3SpaceDebrisImpactDisplayUiPPv	virtual function thunk (delta:-4) for cSC3SpaceDebrisImpactDisplay::QueryInterface(unsigned int, void **)
00133c24	__thunk_4_AddRef__28cSC3SpaceDebrisImpactDisplay	virtual function thunk (delta:-4) for cSC3SpaceDebrisImpactDisplay::AddRef(void)
00133c40	__thunk_4_Release__28cSC3SpaceDebrisImpactDisplay	virtual function thunk (delta:-4) for cSC3SpaceDebrisImpactDisplay::Release(void)
00133c5c	__thunk_4_Prepare__28cSC3SpaceDebrisImpactDisplayiib	virtual function thunk (delta:-4) for cSC3SpaceDebrisImpactDisplay::Prepare(int, int, bool)
00133c78	__thunk_4_Unprepare__28cSC3SpaceDebrisImpactDisplayii	virtual function thunk (delta:-4) for cSC3SpaceDebrisImpactDisplay::Unprepare(int, int)
00133c94	__thunk_4_Tick__28cSC3SpaceDebrisImpactDisplayUi	virtual function thunk (delta:-4) for cSC3SpaceDebrisImpactDisplay::Tick(unsigned int)
00133cb0	__thunk_4_QueryInterface__22cSC3SpaceDebrisDisplayUiPPv	virtual function thunk (delta:-4) for cSC3SpaceDebrisDisplay::QueryInterface(unsigned int, void **)
00133ccc	__thunk_4_AddRef__22cSC3SpaceDebrisDisplay	virtual function thunk (delta:-4) for cSC3SpaceDebrisDisplay::AddRef(void)
00133ce8	__thunk_4_Release__22cSC3SpaceDebrisDisplay	virtual function thunk (delta:-4) for cSC3SpaceDebrisDisplay::Release(void)
00133d04	__thunk_4_DoAnimationTick__22cSC3SpaceDebrisDisplayUi	virtual function thunk (delta:-4) for cSC3SpaceDebrisDisplay::DoAnimationTick(unsigned int)
00133d20	__thunk_4_GetAnimationTickPriority__22cSC3SpaceDebrisDisplayRUcRi	virtual function thunk (delta:-4) for cSC3SpaceDebrisDisplay::GetAnimationTickPriority(unsigned char &, int &)
00133d3c	__thunk_4_QueryInterface__22cSC3WhirlpoolSimulatorUiPPv	virtual function thunk (delta:-4) for cSC3WhirlpoolSimulator::QueryInterface(unsigned int, void **)
00133d58	__thunk_4_AddRef__22cSC3WhirlpoolSimulator	virtual function thunk (delta:-4) for cSC3WhirlpoolSimulator::AddRef(void)
00133d74	__thunk_4_Release__22cSC3WhirlpoolSimulator	virtual function thunk (delta:-4) for cSC3WhirlpoolSimulator::Release(void)
00133d90	__thunk_4_Prepare__22cSC3WhirlpoolSimulatoriib	virtual function thunk (delta:-4) for cSC3WhirlpoolSimulator::Prepare(int, int, bool)
00133dac	__thunk_4_Unprepare__22cSC3WhirlpoolSimulatorii	virtual function thunk (delta:-4) for cSC3WhirlpoolSimulator::Unprepare(int, int)
00133dc8	__thunk_4_Tick__22cSC3WhirlpoolSimulatorUi	virtual function thunk (delta:-4) for cSC3WhirlpoolSimulator::Tick(unsigned int)
00133de4	__thunk_8_QueryInterface__22cSC3WhirlpoolSimulatorUiPPv	virtual function thunk (delta:-8) for cSC3WhirlpoolSimulator::QueryInterface(unsigned int, void **)
00133e00	__thunk_8_AddRef__22cSC3WhirlpoolSimulator	virtual function thunk (delta:-8) for cSC3WhirlpoolSimulator::AddRef(void)
00133e1c	__thunk_8_Release__22cSC3WhirlpoolSimulator	virtual function thunk (delta:-8) for cSC3WhirlpoolSimulator::Release(void)
00133e38	__thunk_8_Tick__22cSC3WhirlpoolSimulatorUi	virtual function thunk (delta:-8) for cSC3WhirlpoolSimulator::Tick(unsigned int)
00133e54	__thunk_8__._22cSC3WhirlpoolSimulator	virtual function thunk (delta:-8) for cSC3WhirlpoolSimulator::~cSC3WhirlpoolSimulator(void)
00133e70	__thunk_8_QueryInterface__19cSC3WhirlpoolDebrisUiPPv	virtual function thunk (delta:-8) for cSC3WhirlpoolDebris::QueryInterface(unsigned int, void **)
00133e8c	__thunk_8_AddRef__19cSC3WhirlpoolDebris	virtual function thunk (delta:-8) for cSC3WhirlpoolDebris::AddRef(void)
00133ea8	__thunk_8_Release__19cSC3WhirlpoolDebris	virtual function thunk (delta:-8) for cSC3WhirlpoolDebris::Release(void)
00133ec4	__thunk_8_Tick__19cSC3WhirlpoolDebrisUi	virtual function thunk (delta:-8) for cSC3WhirlpoolDebris::Tick(unsigned int)
00133ee0	__thunk_8__._19cSC3WhirlpoolDebris	virtual function thunk (delta:-8) for cSC3WhirlpoolDebris::~cSC3WhirlpoolDebris(void)
00133efc	__thunk_4_QueryInterface__19cSC3WhirlpoolDebrisUiPPv	virtual function thunk (delta:-4) for cSC3WhirlpoolDebris::QueryInterface(unsigned int, void **)
00133f18	__thunk_4_AddRef__19cSC3WhirlpoolDebris	virtual function thunk (delta:-4) for cSC3WhirlpoolDebris::AddRef(void)
00133f34	__thunk_4_Release__19cSC3WhirlpoolDebris	virtual function thunk (delta:-4) for cSC3WhirlpoolDebris::Release(void)
00133f50	__thunk_4_Prepare__19cSC3WhirlpoolDebrisiib	virtual function thunk (delta:-4) for cSC3WhirlpoolDebris::Prepare(int, int, bool)
00133f6c	__thunk_4_Unprepare__19cSC3WhirlpoolDebrisii	virtual function thunk (delta:-4) for cSC3WhirlpoolDebris::Unprepare(int, int)
00133f88	__thunk_4_Tick__19cSC3WhirlpoolDebrisUi	virtual function thunk (delta:-4) for cSC3WhirlpoolDebris::Tick(unsigned int)
00133fa4	__thunk_4_QueryInterface__23cSC3EarthquakeSimulatorUiPPv	virtual function thunk (delta:-4) for cSC3EarthquakeSimulator::QueryInterface(unsigned int, void **)
00133fc0	__thunk_4_AddRef__23cSC3EarthquakeSimulator	virtual function thunk (delta:-4) for cSC3EarthquakeSimulator::AddRef(void)
00133fdc	__thunk_4_Release__23cSC3EarthquakeSimulator	virtual function thunk (delta:-4) for cSC3EarthquakeSimulator::Release(void)
00133ff8	__thunk_4_DoAnimationTick__23cSC3EarthquakeSimulatorUi	virtual function thunk (delta:-4) for cSC3EarthquakeSimulator::DoAnimationTick(unsigned int)
00134014	__thunk_4_GetAnimationTickPriority__23cSC3EarthquakeSimulatorRUcRi	virtual function thunk (delta:-4) for cSC3EarthquakeSimulator::GetAnimationTickPriority(unsigned char &, int &)
00134030	__thunk_4_QueryInterface__16cSC3UFOSimulatorUiPPv	virtual function thunk (delta:-4) for cSC3UFOSimulator::QueryInterface(unsigned int, void **)
0013404c	__thunk_4_AddRef__16cSC3UFOSimulator	virtual function thunk (delta:-4) for cSC3UFOSimulator::AddRef(void)
00134068	__thunk_4_Release__16cSC3UFOSimulator	virtual function thunk (delta:-4) for cSC3UFOSimulator::Release(void)
00134084	__thunk_4_Prepare__16cSC3UFOSimulatoriib	virtual function thunk (delta:-4) for cSC3UFOSimulator::Prepare(int, int, bool)
001340a0	__thunk_4_Unprepare__16cSC3UFOSimulatorii	virtual function thunk (delta:-4) for cSC3UFOSimulator::Unprepare(int, int)
001340bc	__thunk_4_Tick__16cSC3UFOSimulatorUi	virtual function thunk (delta:-4) for cSC3UFOSimulator::Tick(unsigned int)
001340d8	__thunk_8_QueryInterface__16cSC3UFOSimulatorUiPPv	virtual function thunk (delta:-8) for cSC3UFOSimulator::QueryInterface(unsigned int, void **)
001340f4	__thunk_8_AddRef__16cSC3UFOSimulator	virtual function thunk (delta:-8) for cSC3UFOSimulator::AddRef(void)
00134110	__thunk_8_Release__16cSC3UFOSimulator	virtual function thunk (delta:-8) for cSC3UFOSimulator::Release(void)
0013412c	__thunk_8_Shutdown__16cSC3UFOSimulator	virtual function thunk (delta:-8) for cSC3UFOSimulator::Shutdown(void)
00134148	__thunk_8_Tick__16cSC3UFOSimulatorUi	virtual function thunk (delta:-8) for cSC3UFOSimulator::Tick(unsigned int)
00134164	__thunk_8__._16cSC3UFOSimulator	virtual function thunk (delta:-8) for cSC3UFOSimulator::~cSC3UFOSimulator(void)
00134180	__thunk_4_QueryInterface__20cSC3TornadoSimulatorUiPPv	virtual function thunk (delta:-4) for cSC3TornadoSimulator::QueryInterface(unsigned int, void **)
0013419c	__thunk_4_AddRef__20cSC3TornadoSimulator	virtual function thunk (delta:-4) for cSC3TornadoSimulator::AddRef(void)
001341b8	__thunk_4_Release__20cSC3TornadoSimulator	virtual function thunk (delta:-4) for cSC3TornadoSimulator::Release(void)
001341d4	__thunk_4_Prepare__20cSC3TornadoSimulatoriib	virtual function thunk (delta:-4) for cSC3TornadoSimulator::Prepare(int, int, bool)
001341f0	__thunk_4_Unprepare__20cSC3TornadoSimulatorii	virtual function thunk (delta:-4) for cSC3TornadoSimulator::Unprepare(int, int)
0013420c	__thunk_4_Tick__20cSC3TornadoSimulatorUi	virtual function thunk (delta:-4) for cSC3TornadoSimulator::Tick(unsigned int)
00134228	__thunk_8_QueryInterface__20cSC3TornadoSimulatorUiPPv	virtual function thunk (delta:-8) for cSC3TornadoSimulator::QueryInterface(unsigned int, void **)
00134244	__thunk_8_AddRef__20cSC3TornadoSimulator	virtual function thunk (delta:-8) for cSC3TornadoSimulator::AddRef(void)
00134260	__thunk_8_Release__20cSC3TornadoSimulator	virtual function thunk (delta:-8) for cSC3TornadoSimulator::Release(void)
0013427c	__thunk_8_Tick__20cSC3TornadoSimulatorUi	virtual function thunk (delta:-8) for cSC3TornadoSimulator::Tick(unsigned int)
00134298	__thunk_8__._20cSC3TornadoSimulator	virtual function thunk (delta:-8) for cSC3TornadoSimulator::~cSC3TornadoSimulator(void)
001342b4	__thunk_8_Tick__17cSC3TornadoDebrisUi	virtual function thunk (delta:-8) for cSC3TornadoDebris::Tick(unsigned int)
001342d0	__thunk_8__._17cSC3TornadoDebris	virtual function thunk (delta:-8) for cSC3TornadoDebris::~cSC3TornadoDebris(void)
001342ec	__thunk_4_Tick__17cSC3TornadoDebrisUi	virtual function thunk (delta:-4) for cSC3TornadoDebris::Tick(unsigned int)
00134308	__thunk_4_QueryInterface__17cSC3FireSimulatorUiPPv	virtual function thunk (delta:-4) for cSC3FireSimulator::QueryInterface(unsigned int, void **)
00134324	__thunk_4_AddRef__17cSC3FireSimulator	virtual function thunk (delta:-4) for cSC3FireSimulator::AddRef(void)
00134340	__thunk_4_Release__17cSC3FireSimulator	virtual function thunk (delta:-4) for cSC3FireSimulator::Release(void)
0013435c	__thunk_4_DoAnimationTick__17cSC3FireSimulatorUi	virtual function thunk (delta:-4) for cSC3FireSimulator::DoAnimationTick(unsigned int)
00134378	__thunk_4_GetAnimationTickPriority__17cSC3FireSimulatorRUcRi	virtual function thunk (delta:-4) for cSC3FireSimulator::GetAnimationTickPriority(unsigned char &, int &)
00134394	__thunk_4__._18cSC3CitySpriteFire	virtual function thunk (delta:-4) for cSC3CitySpriteFire::~cSC3CitySpriteFire(void)
001343b4	_._17cSC3TornadoDebris	cSC3TornadoDebris::~cSC3TornadoDebris(void)
001343f8	X__Ct9cRZTriple3ZfZfZf	cRZTriple<float, float, float>::X(void) const
00134404	Y__Ct9cRZTriple3ZfZfZf	cRZTriple<float, float, float>::Y(void) const
00134414	Z__Ct9cRZTriple3ZfZfZf	cRZTriple<float, float, float>::Z(void) const
00134434	find__H2ZPP17cISC3UFOSimulatorZP16cSC3UFOSimulator_X01X01RCX11G26random_access_iterator_tag_X01	cISC3UFOSimulator ** find<cISC3UFOSimulator **, cSC3UFOSimulator *>(cISC3UFOSimulator **, cISC3UFOSimulator **, cSC3UFOSimulator * const &, random_access_iterator_tag)
001344dc	__mi__Ct9cRZTriple3ZfZfZfRCt9cRZTriple3ZfZfZf	cRZTriple<float, float, float>::operator-(cRZTriple<float, float, float> const &) const
00134524	find__H2ZPP17cISC3UFOSimulatorZP17cISC3UFOSimulator_X01X01RCX11G26random_access_iterator_tag_X01	cISC3UFOSimulator ** find<cISC3UFOSimulator **, cISC3UFOSimulator *>(cISC3UFOSimulator **, cISC3UFOSimulator **, cISC3UFOSimulator * const &, random_access_iterator_tag)
001345d4	find__H2ZPP21cISC3LocustsSimulatorZP20cSC3LocustsSimulator_X01X01RCX11G26random_access_iterator_tag_X01	cISC3LocustsSimulator ** find<cISC3LocustsSimulator **, cSC3LocustsSimulator *>(cISC3LocustsSimulator **, cISC3LocustsSimulator **, cSC3LocustsSimulator * const &, random_access_iterator_tag)
00134684	find__H2ZPP21cISC3LocustsSimulatorZP21cISC3LocustsSimulator_X01X01RCX11G26random_access_iterator_tag_X01	cISC3LocustsSimulator ** find<cISC3LocustsSimulator **, cISC3LocustsSimulator *>(cISC3LocustsSimulator **, cISC3LocustsSimulator **, cISC3LocustsSimulator * const &, random_access_iterator_tag)
0013472c	__t9cRZTriple3ZiZiZi	cRZTriple<int, int, int>::cRZTriple(void)
00134744	find__H2ZPP17cISC3UFOSimulatorZPC17cISC3UFOSimulator_X01X01RCX11G26random_access_iterator_tag_X01	cISC3UFOSimulator ** find<cISC3UFOSimulator **, cISC3UFOSimulator const *>(cISC3UFOSimulator **, cISC3UFOSimulator **, cISC3UFOSimulator const * const &, random_access_iterator_tag)
001347f4	find__H2ZPCP17cISC3UFOSimulatorZPC17cISC3UFOSimulator_X01X01RCX11G26random_access_iterator_tag_X01	cISC3UFOSimulator *const * find<cISC3UFOSimulator *const *, cISC3UFOSimulator const *>(cISC3UFOSimulator *const *, cISC3UFOSimulator *const *, cISC3UFOSimulator const * const &, random_access_iterator_tag)
0013489c	__as__t9cRZTriple3ZiZiZiRCt9cRZTriple3ZiZiZi	cRZTriple<int, int, int>::operator=(cRZTriple<int, int, int> const &)
001348c4	find__H2ZPP21cISC3LocustsSimulatorZPC21cISC3LocustsSimulator_X01X01RCX11G26random_access_iterator_tag_X01	cISC3LocustsSimulator ** find<cISC3LocustsSimulator **, cISC3LocustsSimulator const *>(cISC3LocustsSimulator **, cISC3LocustsSimulator **, cISC3LocustsSimulator const * const &, random_access_iterator_tag)
00134974	find__H2ZPCP21cISC3LocustsSimulatorZPC21cISC3LocustsSimulator_X01X01RCX11G26random_access_iterator_tag_X01	cISC3LocustsSimulator *const * find<cISC3LocustsSimulator *const *, cISC3LocustsSimulator const *>(cISC3LocustsSimulator *const *, cISC3LocustsSimulator *const *, cISC3LocustsSimulator const * const &, random_access_iterator_tag)
00134a24	insert__t6vector2ZPt15_Hashtable_node1ZP13cISC3OccupantZt9allocator1ZP13cISC3OccupantPPt15_Hashtable_node1ZP13cISC3OccupantUiRCPt15_Hashtable_node1ZP13cISC3Occupant	vector<_Hashtable_node<cISC3Occupant *> *, allocator<cISC3Occupant *> >::insert(_Hashtable_node<cISC3Occupant *> **, unsigned int, _Hashtable_node<cISC3Occupant *> *const &)
00134e44	clear__t9hashtable6ZP13cISC3OccupantZP13cISC3OccupantZt4hash1ZP13cISC3OccupantZt9_Identity1ZP13cISC3OccupantZt8equal_to1ZP13cISC3OccupantZt9allocator1ZP13cISC3Occupant	hashtable<cISC3Occupant *, cISC3Occupant *, hash<cISC3Occupant *>, _Identity<cISC3Occupant *>, equal_to<cISC3Occupant *>, allocator<cISC3Occupant *> >::clear(void)
00134f24	clear__t10_List_base2Zt9MatrixRow1ZQ223cSC3PowerOuttageDisplay13OSAssociationZt9allocator1Zt9MatrixRow1ZQ223cSC3PowerOuttageDisplay13OSAssociation	_List_base<MatrixRow<cSC3PowerOuttageDisplay::OSAssociation>, allocator<MatrixRow<cSC3PowerOuttageDisplay::OSAssociation> > >::clear(void)
00134fc4	clear__t10_List_base2Zt10MatrixCell1ZQ223cSC3PowerOuttageDisplay13OSAssociationZt9allocator1Zt10MatrixCell1ZQ223cSC3PowerOuttageDisplay13OSAssociation	_List_base<MatrixCell<cSC3PowerOuttageDisplay::OSAssociation>, allocator<MatrixCell<cSC3PowerOuttageDisplay::OSAssociation> > >::clear(void)
00135044	_M_insert_aux__t6vector2ZP29cSC3PowerOuttageDisplaySpriteZt9allocator1ZP29cSC3PowerOuttageDisplaySpritePP29cSC3PowerOuttageDisplaySpriteRCP29cSC3PowerOuttageDisplaySprite	vector<cSC3PowerOuttageDisplaySprite *, allocator<cSC3PowerOuttageDisplaySprite *> >::_M_insert_aux(cSC3PowerOuttageDisplaySprite **, cSC3PowerOuttageDisplaySprite *const &)
00135374	__uninitialized_copy_aux__H2ZP8cRZPointZP8cRZPoint_X01X01X11G12__false_type_X11	cRZPoint * __uninitialized_copy_aux<cRZPoint *, cRZPoint *>(cRZPoint *, cRZPoint *, cRZPoint *, __false_type)
001353c4	_M_insert_aux__t6vector2Z8cRZPointZt9allocator1Z8cRZPointP8cRZPointRC8cRZPoint	vector<cRZPoint, allocator<cRZPoint> >::_M_insert_aux(cRZPoint *, cRZPoint const &)
00135754	erase__t9hashtable6ZP13cISC3OccupantZP13cISC3OccupantZt4hash1ZP13cISC3OccupantZt9_Identity1ZP13cISC3OccupantZt8equal_to1ZP13cISC3OccupantZt9allocator1ZP13cISC3OccupantRCP13cISC3Occupant	hashtable<cISC3Occupant *, cISC3Occupant *, hash<cISC3Occupant *>, _Identity<cISC3Occupant *>, equal_to<cISC3Occupant *>, allocator<cISC3Occupant *> >::erase(cISC3Occupant *const &)
00135864	_M_insert_dispatch__H1Zt14_List_iterator3Zt10MatrixCell1ZQ223cSC3PowerOuttageDisplay13OSAssociationZRCt10MatrixCell1ZQ223cSC3PowerOuttageDisplay13OSAssociationZPCt10MatrixCell1ZQ223cSC3PowerOuttageDisplay13OSAssociation_t4list2Zt10MatrixCell1ZQ223cSC3PowerOuttageDisplay13OSAssociationZt9allocator1Zt10MatrixCell1ZQ223cSC3PowerOuttageDisplay13OSAssociationGt14_List_iterator3Zt10MatrixCell1ZQ223cSC3PowerOuttageDisplay13OSAssociationZRt10MatrixCell1ZQ223cSC3PowerOuttageDisplay13OSAssociationZPt10MatrixCell1ZQ223cSC3PowerOuttageDisplay13OSAssociationX00X00G12__false_type_v	void list<MatrixCell<cSC3PowerOuttageDisplay::OSAssociation>, allocator<MatrixCell<cSC3PowerOuttageDisplay::OSAssociation> > >::_M_insert_dispatch<_List_iterator<MatrixCell<cSC3PowerOuttageDisplay::OSAssociation>, MatrixCell<cSC3PowerOuttageDisplay::OSAssociation> const &, MatrixCell<cSC3PowerOuttageDisplay::OSAssociation> const *> >(_List_iterator<MatrixCell<cSC3PowerOuttageDisplay::OSAssociation>, MatrixCell<cSC3PowerOuttageDisplay::OSAssociation> &, MatrixCell<cSC3PowerOuttageDisplay::OSAssociation> *>, _List_iterator<MatrixCell<cSC3PowerOuttageDisplay::OSAssociation>, MatrixCell<cSC3PowerOuttageDisplay::OSAssociation> const &, MatrixCell<cSC3PowerOuttageDisplay::OSAssociation> const *>, _List_iterator<MatrixCell<cSC3PowerOuttageDisplay::OSAssociation>, MatrixCell<cSC3PowerOuttageDisplay::OSAssociation> const &, MatrixCell<cSC3PowerOuttageDisplay::OSAssociation> const *>, __false_type)
00135994	resize__t9hashtable6ZP13cISC3OccupantZP13cISC3OccupantZt4hash1ZP13cISC3OccupantZt9_Identity1ZP13cISC3OccupantZt8equal_to1ZP13cISC3OccupantZt9allocator1ZP13cISC3OccupantUi	hashtable<cISC3Occupant *, cISC3Occupant *, hash<cISC3Occupant *>, _Identity<cISC3Occupant *>, equal_to<cISC3Occupant *>, allocator<cISC3Occupant *> >::resize(unsigned int)
00135c74	insert_unique_noresize__t9hashtable6ZP13cISC3OccupantZP13cISC3OccupantZt4hash1ZP13cISC3OccupantZt9_Identity1ZP13cISC3OccupantZt8equal_to1ZP13cISC3OccupantZt9allocator1ZP13cISC3OccupantRCP13cISC3Occupant	hashtable<cISC3Occupant *, cISC3Occupant *, hash<cISC3Occupant *>, _Identity<cISC3Occupant *>, equal_to<cISC3Occupant *>, allocator<cISC3Occupant *> >::insert_unique_noresize(cISC3Occupant *const &)
00135de4	insert__t6vector2ZP29cSC3PowerOuttageDisplaySpriteZt9allocator1ZP29cSC3PowerOuttageDisplaySpritePP29cSC3PowerOuttageDisplaySpriteUiRCP29cSC3PowerOuttageDisplaySprite	vector<cSC3PowerOuttageDisplaySprite *, allocator<cSC3PowerOuttageDisplaySprite *> >::insert(cSC3PowerOuttageDisplaySprite **, unsigned int, cSC3PowerOuttageDisplaySprite *const &)
001361fc	__thunk_8_QueryInterface__23cSC3PowerOuttageDisplayUiPPv	virtual function thunk (delta:-8) for cSC3PowerOuttageDisplay::QueryInterface(unsigned int, void **)
00136218	__thunk_8_AddRef__23cSC3PowerOuttageDisplay	virtual function thunk (delta:-8) for cSC3PowerOuttageDisplay::AddRef(void)
00136234	__thunk_8_Release__23cSC3PowerOuttageDisplay	virtual function thunk (delta:-8) for cSC3PowerOuttageDisplay::Release(void)
00136250	__thunk_8_OccupantInserted__23cSC3PowerOuttageDisplayUiP13cISC3Occupant	virtual function thunk (delta:-8) for cSC3PowerOuttageDisplay::OccupantInserted(unsigned int, cISC3Occupant *)
0013626c	__thunk_8_OccupantRemoved__23cSC3PowerOuttageDisplayUiP13cISC3Occupant	virtual function thunk (delta:-8) for cSC3PowerOuttageDisplay::OccupantRemoved(unsigned int, cISC3Occupant *)
00136288	__thunk_8_OccupantMoved__23cSC3PowerOuttageDisplayUiP13cISC3OccupantRC13cSC3CityCoord	virtual function thunk (delta:-8) for cSC3PowerOuttageDisplay::OccupantMoved(unsigned int, cISC3Occupant *, cSC3CityCoord const &)
001362a4	__thunk_8_OccupantChanged__23cSC3PowerOuttageDisplayUiP13cISC3OccupantiPv	virtual function thunk (delta:-8) for cSC3PowerOuttageDisplay::OccupantChanged(unsigned int, cISC3Occupant *, int, void *)
001362c0	__thunk_8_CellChangedAll__23cSC3PowerOuttageDisplayUi	virtual function thunk (delta:-8) for cSC3PowerOuttageDisplay::CellChangedAll(unsigned int)
001362dc	__thunk_8_CellChanged__23cSC3PowerOuttageDisplayUiUiUi	virtual function thunk (delta:-8) for cSC3PowerOuttageDisplay::CellChanged(unsigned int, unsigned int, unsigned int)
001362f8	__thunk_8_CellChanged__23cSC3PowerOuttageDisplayUiUiUiUiUi	virtual function thunk (delta:-8) for cSC3PowerOuttageDisplay::CellChanged(unsigned int, unsigned int, unsigned int, unsigned int, unsigned int)
00136314	__thunk_4_QueryInterface__23cSC3PowerOuttageDisplayUiPPv	virtual function thunk (delta:-4) for cSC3PowerOuttageDisplay::QueryInterface(unsigned int, void **)
00136330	__thunk_4_AddRef__23cSC3PowerOuttageDisplay	virtual function thunk (delta:-4) for cSC3PowerOuttageDisplay::AddRef(void)
0013634c	__thunk_4_Release__23cSC3PowerOuttageDisplay	virtual function thunk (delta:-4) for cSC3PowerOuttageDisplay::Release(void)
00136368	__thunk_4_DoMessage__23cSC3PowerOuttageDisplayR10cGZMessage	virtual function thunk (delta:-4) for cSC3PowerOuttageDisplay::DoMessage(cGZMessage &)
00136384	__thunk_4_Tick__29cSC3PowerOuttageDisplaySpriteUi	virtual function thunk (delta:-4) for cSC3PowerOuttageDisplaySprite::Tick(unsigned int)
001363a0	__thunk_4__._29cSC3PowerOuttageDisplaySprite	virtual function thunk (delta:-4) for cSC3PowerOuttageDisplaySprite::~cSC3PowerOuttageDisplaySprite(void)
001363c4	_._14RandomIterator	RandomIterator::~RandomIterator(void)
00136464	_._20LinearRandomIterator	LinearRandomIterator::~LinearRandomIterator(void)
00136504	_._t8hash_set4ZP13cISC3OccupantZt4hash1ZP13cISC3OccupantZt8equal_to1ZP13cISC3OccupantZt9allocator1ZP13cISC3Occupant	hash_set<cISC3Occupant *, hash<cISC3Occupant *>, equal_to<cISC3Occupant *>, allocator<cISC3Occupant *> >::~hash_set(void)
001365b4	_._t10cRZCellMap1Zb	cRZCellMap<bool>::~cRZCellMap(void)
00136630	SetAllCells__t10cRZCellMap1ZbRCb	cRZCellMap<bool>::SetAllCells(bool const &)
001366a4	_._t9MatrixRow1ZQ223cSC3PowerOuttageDisplay13OSAssociation	MatrixRow<cSC3PowerOuttageDisplay::OSAssociation>::~MatrixRow(void)
00136724	__t9MatrixRow1ZQ223cSC3PowerOuttageDisplay13OSAssociationRCt9MatrixRow1ZQ223cSC3PowerOuttageDisplay13OSAssociation	MatrixRow<cSC3PowerOuttageDisplay::OSAssociation>::MatrixRow(MatrixRow<cSC3PowerOuttageDisplay::OSAssociation> const &)
001368c4	find__H2ZPP29cSC3PowerOuttageDisplaySpriteZP29cSC3PowerOuttageDisplaySprite_X01X01RCX11G26random_access_iterator_tag_X01	cSC3PowerOuttageDisplaySprite ** find<cSC3PowerOuttageDisplaySprite **, cSC3PowerOuttageDisplaySprite *>(cSC3PowerOuttageDisplaySprite **, cSC3PowerOuttageDisplaySprite **, cSC3PowerOuttageDisplaySprite * const &, random_access_iterator_tag)
00136970	unique__H1ZPP29cSC3PowerOuttageDisplaySprite_X01X01_X01	cSC3PowerOuttageDisplaySprite ** unique<cSC3PowerOuttageDisplaySprite **>(cSC3PowerOuttageDisplaySprite **, cSC3PowerOuttageDisplaySprite **)
001369dc	__thunk_4__._23cSC3CitySpriteInstBasic	virtual function thunk (delta:-4) for cSC3CitySpriteInstBasic::~cSC3CitySpriteInstBasic(void)
001369f8	__thunk_156_QueryInterface__17cSC3WinCitySpriteUiPPv	virtual function thunk (delta:-156) for cSC3WinCitySprite::QueryInterface(unsigned int, void **)
00136a18	__thunk_156_AddRef__17cSC3WinCitySprite	virtual function thunk (delta:-156) for cSC3WinCitySprite::AddRef(void)
00136a38	__thunk_156_Release__17cSC3WinCitySprite	virtual function thunk (delta:-156) for cSC3WinCitySprite::Release(void)
00136a58	__thunk_156_SetCitySprite__17cSC3WinCitySpriteP19cISC3CitySpriteInst	virtual function thunk (delta:-156) for cSC3WinCitySprite::SetCitySprite(cISC3CitySpriteInst *)
00136a78	__thunk_156_SetCitySprite__17cSC3WinCitySpriteP21cISC3CitySpriteAttrib	virtual function thunk (delta:-156) for cSC3WinCitySprite::SetCitySprite(cISC3CitySpriteAttrib *)
00136a98	__thunk_156_SetCitySprite__17cSC3WinCitySpriteP19cISC3OccupantAttrib	virtual function thunk (delta:-156) for cSC3WinCitySprite::SetCitySprite(cISC3OccupantAttrib *)
00136ab8	__thunk_156_SetCitySprite__17cSC3WinCitySpriteP19cISC3OccupantAttribUi	virtual function thunk (delta:-156) for cSC3WinCitySprite::SetCitySprite(cISC3OccupantAttrib *, unsigned int)
00136ad8	__thunk_156_SetCitySprite__17cSC3WinCitySpriteP13cISC3Occupant	virtual function thunk (delta:-156) for cSC3WinCitySprite::SetCitySprite(cISC3Occupant *)
00136af8	__thunk_156_SetCitySprite__17cSC3WinCitySpriteP13cISC3OccupantUi	virtual function thunk (delta:-156) for cSC3WinCitySprite::SetCitySprite(cISC3Occupant *, unsigned int)
00136b18	__thunk_156_SetCompass__17cSC3WinCitySpritei	virtual function thunk (delta:-156) for cSC3WinCitySprite::SetCompass(int)
00136b38	__thunk_156_SetZoom__17cSC3WinCitySpritei	virtual function thunk (delta:-156) for cSC3WinCitySprite::SetZoom(int)
00136b58	__thunk_156_GetCompass__C17cSC3WinCitySprite	virtual function thunk (delta:-156) for cSC3WinCitySprite::GetCompass(void) const
00136b78	__thunk_156_GetZoom__C17cSC3WinCitySprite	virtual function thunk (delta:-156) for cSC3WinCitySprite::GetZoom(void) const
00136b98	__thunk_156_SetSpriteZoomToFitInWindowArea__17cSC3WinCitySprite	virtual function thunk (delta:-156) for cSC3WinCitySprite::SetSpriteZoomToFitInWindowArea(void)
00136bb8	__thunk_156_SetWindowSizeToSpriteSize__17cSC3WinCitySprite	virtual function thunk (delta:-156) for cSC3WinCitySprite::SetWindowSizeToSpriteSize(void)
00136bd8	__thunk_156_GetArea__C17cSC3WinCitySprite	virtual function thunk (delta:-156) for cSC3WinCitySprite::GetArea(void) const
00136bf8	__thunk_156_SetArea__17cSC3WinCitySpriteiiii	virtual function thunk (delta:-156) for cSC3WinCitySprite::SetArea(int, int, int, int)
00136c18	__thunk_156_SetArea__17cSC3WinCitySpriteRC7cRZRect	virtual function thunk (delta:-156) for cSC3WinCitySprite::SetArea(cRZRect const &)
00136c38	__thunk_156_SetStretch__17cSC3WinCitySpritebT1	virtual function thunk (delta:-156) for cSC3WinCitySprite::SetStretch(bool, bool)
00136c58	__thunk_156_SetFillColor__17cSC3WinCitySpriteUi	virtual function thunk (delta:-156) for cSC3WinCitySprite::SetFillColor(unsigned int)
00136c78	__thunk_156_AsIGZWin__17cSC3WinCitySprite	virtual function thunk (delta:-156) for cSC3WinCitySprite::AsIGZWin(void)
00136c98	__thunk_156_GetAssociatedCitySprite__17cSC3WinCitySprite	virtual function thunk (delta:-156) for cSC3WinCitySprite::GetAssociatedCitySprite(void)
00136cb8	__thunk_156_GetSpriteHeightToWidthRatio__C17cSC3WinCitySpriteRf	virtual function thunk (delta:-156) for cSC3WinCitySprite::GetSpriteHeightToWidthRatio(float &) const
00136cd8	__thunk_156_SetDrawSunkenRect__17cSC3WinCitySpriteb	virtual function thunk (delta:-156) for cSC3WinCitySprite::SetDrawSunkenRect(bool)
00136cf8	__thunk_156_SetSunkenRectColors__17cSC3WinCitySpriteUiUi	virtual function thunk (delta:-156) for cSC3WinCitySprite::SetSunkenRectColors(unsigned int, unsigned int)
00136d18	__thunk_156_SetKeepWindowSize__17cSC3WinCitySpriteb	virtual function thunk (delta:-156) for cSC3WinCitySprite::SetKeepWindowSize(bool)
00136d38	__thunk_4_QueryInterface__15cSC3WinCityViewUiPPv	virtual function thunk (delta:-4) for cSC3WinCityView::QueryInterface(unsigned int, void **)
00136d54	__thunk_4_AddRef__15cSC3WinCityView	virtual function thunk (delta:-4) for cSC3WinCityView::AddRef(void)
00136d70	__thunk_4_Release__15cSC3WinCityView	virtual function thunk (delta:-4) for cSC3WinCityView::Release(void)
00136d8c	__thunk_4_DoMessage__15cSC3WinCityViewR10cGZMessage	virtual function thunk (delta:-4) for cSC3WinCityView::DoMessage(cGZMessage &)
00136da8	__thunk_4_Init__15cSC3WinCityView	virtual function thunk (delta:-4) for cSC3WinCityView::Init(void)
00136dc4	__thunk_4_Shutdown__15cSC3WinCityView	virtual function thunk (delta:-4) for cSC3WinCityView::Shutdown(void)
00136de0	__thunk_4_GZPaint__15cSC3WinCityView	virtual function thunk (delta:-4) for cSC3WinCityView::GZPaint(void)
00136dfc	__thunk_4_GZOnKeyDown__15cSC3WinCityViewUiUi	virtual function thunk (delta:-4) for cSC3WinCityView::GZOnKeyDown(unsigned int, unsigned int)
00136e18	__thunk_4_GZOnKeyUp__15cSC3WinCityViewUiUi	virtual function thunk (delta:-4) for cSC3WinCityView::GZOnKeyUp(unsigned int, unsigned int)
00136e34	__thunk_4_GZOnMouseDownL__15cSC3WinCityViewiiUi	virtual function thunk (delta:-4) for cSC3WinCityView::GZOnMouseDownL(int, int, unsigned int)
00136e50	__thunk_4_GZOnMouseDownM__15cSC3WinCityViewiiUi	virtual function thunk (delta:-4) for cSC3WinCityView::GZOnMouseDownM(int, int, unsigned int)
00136e6c	__thunk_4_GZOnMouseDownR__15cSC3WinCityViewiiUi	virtual function thunk (delta:-4) for cSC3WinCityView::GZOnMouseDownR(int, int, unsigned int)
00136e88	__thunk_4_GZOnMouseUpL__15cSC3WinCityViewiiUi	virtual function thunk (delta:-4) for cSC3WinCityView::GZOnMouseUpL(int, int, unsigned int)
00136ea4	__thunk_4_GZOnMouseUpM__15cSC3WinCityViewiiUi	virtual function thunk (delta:-4) for cSC3WinCityView::GZOnMouseUpM(int, int, unsigned int)
00136ec0	__thunk_4_GZOnMouseUpR__15cSC3WinCityViewiiUi	virtual function thunk (delta:-4) for cSC3WinCityView::GZOnMouseUpR(int, int, unsigned int)
00136edc	__thunk_4_GZOnMouseMove__15cSC3WinCityViewiiUi	virtual function thunk (delta:-4) for cSC3WinCityView::GZOnMouseMove(int, int, unsigned int)
00136ef8	__thunk_4_GZOnMouseWheel__15cSC3WinCityViewiiUii	virtual function thunk (delta:-4) for cSC3WinCityView::GZOnMouseWheel(int, int, unsigned int, int)
00136f14	__thunk_4_GZOnCaptureChanged__15cSC3WinCityViewP7cIGZWin	virtual function thunk (delta:-4) for cSC3WinCityView::GZOnCaptureChanged(cIGZWin *)
00136f30	__thunk_4_GZOnMouseEnter__15cSC3WinCityViewP7cIGZWin	virtual function thunk (delta:-4) for cSC3WinCityView::GZOnMouseEnter(cIGZWin *)
00136f4c	__thunk_4_GZOnMouseExit__15cSC3WinCityViewP7cIGZWin	virtual function thunk (delta:-4) for cSC3WinCityView::GZOnMouseExit(cIGZWin *)
00136f68	__thunk_4_GZOnCommand__15cSC3WinCityViewUiUi	virtual function thunk (delta:-4) for cSC3WinCityView::GZOnCommand(unsigned int, unsigned int)
00136f84	__thunk_4__._15cSC3WinCityView	virtual function thunk (delta:-4) for cSC3WinCityView::~cSC3WinCityView(void)
00136fa4	__uninitialized_copy_aux__H2ZP13cSC3CityCoordZP13cSC3CityCoord_X01X01X11G12__false_type_X11	cSC3CityCoord * __uninitialized_copy_aux<cSC3CityCoord *, cSC3CityCoord *>(cSC3CityCoord *, cSC3CityCoord *, cSC3CityCoord *, __false_type)
00136ff4	_M_insert_aux__t6vector2Z13cSC3CityCoordZt9allocator1Z13cSC3CityCoordP13cSC3CityCoordRC13cSC3CityCoord	vector<cSC3CityCoord, allocator<cSC3CityCoord> >::_M_insert_aux(cSC3CityCoord *, cSC3CityCoord const &)
0013745c	__thunk_8_QueryInterface__25cSC3WinCityViewCellCursorUiPPv	virtual function thunk (delta:-8) for cSC3WinCityViewCellCursor::QueryInterface(unsigned int, void **)
00137478	__thunk_8_AddRef__25cSC3WinCityViewCellCursor	virtual function thunk (delta:-8) for cSC3WinCityViewCellCursor::AddRef(void)
00137494	__thunk_8_Release__25cSC3WinCityViewCellCursor	virtual function thunk (delta:-8) for cSC3WinCityViewCellCursor::Release(void)
001374b0	__thunk_8__._25cSC3WinCityViewCellCursor	virtual function thunk (delta:-8) for cSC3WinCityViewCellCursor::~cSC3WinCityViewCellCursor(void)
001374cc	__thunk_4_QueryInterface__25cSC3WinCityViewCellCursorUiPPv	virtual function thunk (delta:-4) for cSC3WinCityViewCellCursor::QueryInterface(unsigned int, void **)
001374e8	__thunk_4_AddRef__25cSC3WinCityViewCellCursor	virtual function thunk (delta:-4) for cSC3WinCityViewCellCursor::AddRef(void)
00137504	__thunk_4_Release__25cSC3WinCityViewCellCursor	virtual function thunk (delta:-4) for cSC3WinCityViewCellCursor::Release(void)
00137520	__thunk_4_DoAnimationTick__25cSC3WinCityViewCellCursorUi	virtual function thunk (delta:-4) for cSC3WinCityViewCellCursor::DoAnimationTick(unsigned int)
0013753c	__thunk_4_GetAnimationTickPriority__25cSC3WinCityViewCellCursorRUcRi	virtual function thunk (delta:-4) for cSC3WinCityViewCellCursor::GetAnimationTickPriority(unsigned char &, int &)
0013755c	AddRef__t15cSC3CityCellMap1ZUc	cSC3CityCellMap<unsigned char>::AddRef(void)
001375a4	QueryInterface__t15cSC3CityCellMap1ZUcUiPPv	cSC3CityCellMap<unsigned char>::QueryInterface(unsigned int, void **)
00137620	GetValue__Ct15cSC3CityCellMap1ZUcUiUiRUc	cSC3CityCellMap<unsigned char>::GetValue(unsigned int, unsigned int, unsigned char &) const
00137658	SetValue__t15cSC3CityCellMap1ZUcUiUiRCUc	cSC3CityCellMap<unsigned char>::SetValue(unsigned int, unsigned int, unsigned char const &)
00137690	CellCountX__Ct15cSC3CityCellMap1ZUc	cSC3CityCellMap<unsigned char>::CellCountX(void) const
001376bc	CellCountZ__Ct15cSC3CityCellMap1ZUc	cSC3CityCellMap<unsigned char>::CellCountZ(void) const
001376e8	InBounds__Ct15cSC3CityCellMap1ZUcUiUi	cSC3CityCellMap<unsigned char>::InBounds(unsigned int, unsigned int) const
0013773c	InBounds__Ct15cSC3CityCellMap1ZUcUiUiUiUi	cSC3CityCellMap<unsigned char>::InBounds(unsigned int, unsigned int, unsigned int, unsigned int) const
0013779c	Shutdown__t15cSC3CityCellMap1ZUc	cSC3CityCellMap<unsigned char>::Shutdown(void)
001377f4	Init__t15cSC3CityCellMap1ZUcP9cISC3CityRCUc	cSC3CityCellMap<unsigned char>::Init(cISC3City *, unsigned char const &)
001378d0	_._t15cSC3CityCellMap1ZUc	cSC3CityCellMap<unsigned char>::~cSC3CityCellMap(void)
00137934	Release__t15cSC3CityCellMap1ZUc	cSC3CityCellMap<unsigned char>::Release(void)
00137990	GetValueSint32__Ct15cSC3CityCellMap1ZUcUiUiRi	cSC3CityCellMap<unsigned char>::GetValueSint32(unsigned int, unsigned int, int &) const
001379b4	ValidRect__Ct15cSC3CityCellMap1ZUcUiUiUiUi	cSC3CityCellMap<unsigned char>::ValidRect(unsigned int, unsigned int, unsigned int, unsigned int) const
001379d4	SerialRead__t15cSC3CityCellMap1ZUcR18cIGZDBSerialRecord	cSC3CityCellMap<unsigned char>::SerialRead(cIGZDBSerialRecord &)
00137a34	SerialWrite__Ct15cSC3CityCellMap1ZUcR18cIGZDBSerialRecord	cSC3CityCellMap<unsigned char>::SerialWrite(cIGZDBSerialRecord &) const
00137a94	SetAllCells__t15cSC3CityCellMap1ZUcRCUc	cSC3CityCellMap<unsigned char>::SetAllCells(unsigned char const &)
00137af4	SetValue__t15cSC3CityCellMap1ZUcUiUiUiUiRCUc	cSC3CityCellMap<unsigned char>::SetValue(unsigned int, unsigned int, unsigned int, unsigned int, unsigned char const &)
00137b58	GetValue__Ct10cRZCellMap1ZUcUiUiRUc	cRZCellMap<unsigned char>::GetValue(unsigned int, unsigned int, unsigned char &) const
00137b78	SetValue__t10cRZCellMap1ZUcUiUiRCUc	cRZCellMap<unsigned char>::SetValue(unsigned int, unsigned int, unsigned char const &)
00137b98	CellCountX__Ct10cRZCellMap1ZUc	cRZCellMap<unsigned char>::CellCountX(void) const
00137ba4	CellCountY__Ct10cRZCellMap1ZUc	cRZCellMap<unsigned char>::CellCountY(void) const
00137bc4	__t10cRZCellMap1ZUcUiUiRCUc	cRZCellMap<unsigned char>::cRZCellMap(unsigned int, unsigned int, unsigned char const &)
00137c64	_._t10cRZCellMap1ZUc	cRZCellMap<unsigned char>::~cRZCellMap(void)
00137cdc	_._14cSPCOMDirector	cSPCOMDirector::~cSPCOMDirector(void)
00137d18	GetDirectorID__C14cSPCOMDirector	cSPCOMDirector::GetDirectorID(void) const
00137d28	OnStart__14cSPCOMDirectorP7cIGZCOM	cSPCOMDirector::OnStart(cIGZCOM *)
00137dc4	CreatecSC3WinCityView__14cSPCOMDirector	cSPCOMDirector::CreatecSC3WinCityView(void)
00137e44	Create_cSC3CitySpriteInstLayered__14cSPCOMDirector	cSPCOMDirector::Create_cSC3CitySpriteInstLayered(void)
00137eb4	CreatecSC3WinCitySprite__14cSPCOMDirector	cSPCOMDirector::CreatecSC3WinCitySprite(void)
00137f34	Create_cSC3CitySpriteInst__14cSPCOMDirector	cSPCOMDirector::Create_cSC3CitySpriteInst(void)
00137fa4	SingletonSC3CitySpriteImageMgr__14cSPCOMDirector	cSPCOMDirector::SingletonSC3CitySpriteImageMgr(void)
00137fc4	CreateEffectsManager__14cSPCOMDirector	cSPCOMDirector::CreateEffectsManager(void)
00138034	CreateParticleSimulator__14cSPCOMDirector	cSPCOMDirector::CreateParticleSimulator(void)
001380a4	CreateFireSimulator__14cSPCOMDirector	cSPCOMDirector::CreateFireSimulator(void)
00138114	CreateWaterSplashSimulator__14cSPCOMDirector	cSPCOMDirector::CreateWaterSplashSimulator(void)
00138184	CreateExplosionDebrisSimulator__14cSPCOMDirector	cSPCOMDirector::CreateExplosionDebrisSimulator(void)
001381f4	CreateExplosionSimulator__14cSPCOMDirector	cSPCOMDirector::CreateExplosionSimulator(void)
00138264	CreateTrajectoryObject__14cSPCOMDirector	cSPCOMDirector::CreateTrajectoryObject(void)
001382d4	CreateTornadoSimulator__14cSPCOMDirector	cSPCOMDirector::CreateTornadoSimulator(void)
00138344	CreateUFOSimulator__14cSPCOMDirector	cSPCOMDirector::CreateUFOSimulator(void)
001383b4	CreateUFOGroupSimulator__14cSPCOMDirector	cSPCOMDirector::CreateUFOGroupSimulator(void)
00138424	CreateLocustsSimulator__14cSPCOMDirector	cSPCOMDirector::CreateLocustsSimulator(void)
00138494	CreateLocustsGroupSimulator__14cSPCOMDirector	cSPCOMDirector::CreateLocustsGroupSimulator(void)
00138504	CreateEarthquakeSimulator__14cSPCOMDirector	cSPCOMDirector::CreateEarthquakeSimulator(void)
00138574	CreateNuclearExplosionSimulator__14cSPCOMDirector	cSPCOMDirector::CreateNuclearExplosionSimulator(void)
001385e4	CreateWeatherViewSimulator__14cSPCOMDirector	cSPCOMDirector::CreateWeatherViewSimulator(void)
00138654	CreateToxicCloudDisplay__14cSPCOMDirector	cSPCOMDirector::CreateToxicCloudDisplay(void)
001386d4	CreateAcidRainDisplay__14cSPCOMDirector	cSPCOMDirector::CreateAcidRainDisplay(void)
00138754	CreateWhirlpoolSimulator__14cSPCOMDirector	cSPCOMDirector::CreateWhirlpoolSimulator(void)
001387c4	CreateWaterDebris__14cSPCOMDirector	cSPCOMDirector::CreateWaterDebris(void)
00138844	CreateWhirlpoolDebris__14cSPCOMDirector	cSPCOMDirector::CreateWhirlpoolDebris(void)
001388b4	CreateSpaceDebris__14cSPCOMDirector	cSPCOMDirector::CreateSpaceDebris(void)
00138924	CreateDebrisImpact__14cSPCOMDirector	cSPCOMDirector::CreateDebrisImpact(void)
00138994	Create_cSC3CitySpriteAttribFactory__14cSPCOMDirector	cSPCOMDirector::Create_cSC3CitySpriteAttribFactory(void)
00138a44	Create_cSC3CitySpriteAttrib__14cSPCOMDirector	cSPCOMDirector::Create_cSC3CitySpriteAttrib(void)
00138ab4	Create_cSC3CitySpriteAttribAnim__14cSPCOMDirector	cSPCOMDirector::Create_cSC3CitySpriteAttribAnim(void)
00138b24	Create_cSC3CitySpriteInstAnim__14cSPCOMDirector	cSPCOMDirector::Create_cSC3CitySpriteInstAnim(void)
00138b94	__21cSC3ParticleSimulator	cSC3ParticleSimulator::cSC3ParticleSimulator(void)
00138c04	_M_erase__t8_Rb_tree5Zt4pair2ZCUiZUiZt4pair2ZCt4pair2ZCUiZUiZPFv_P11cIGZUnknownZt10_Select1st1Zt4pair2ZCt4pair2ZCUiZUiZPFv_P11cIGZUnknownZt4less1Zt4pair2ZCUiZUiZt9allocator1ZPFv_P11cIGZUnknownPt13_Rb_tree_node1Zt4pair2ZCt4pair2ZCUiZUiZPFv_P11cIGZUnknown	_Rb_tree<pair<unsigned int const, unsigned int>, pair<pair<unsigned int const, unsigned int> const, cIGZUnknown *(*)(void)>, _Select1st<pair<pair<unsigned int const, unsigned int> const, cIGZUnknown *(*)(void)> >, less<pair<unsigned int const, unsigned int> >, allocator<cIGZUnknown *(*)(void)> >::_M_erase(_Rb_tree_node<pair<pair<unsigned int const, unsigned int> const, cIGZUnknown *(*)(void)> > *)
00138c84	_M_insert_aux__t6vector2ZP17cRZCOMDllDirectorZt9allocator1ZP17cRZCOMDllDirectorPP17cRZCOMDllDirectorRCP17cRZCOMDllDirector	vector<cRZCOMDllDirector *, allocator<cRZCOMDllDirector *> >::_M_insert_aux(cRZCOMDllDirector **, cRZCOMDllDirector *const &)
00138fb4	_M_insert__t8_Rb_tree5Zt4pair2ZCUiZUiZt4pair2ZCt4pair2ZCUiZUiZPFv_P11cIGZUnknownZt10_Select1st1Zt4pair2ZCt4pair2ZCUiZUiZPFv_P11cIGZUnknownZt4less1Zt4pair2ZCUiZUiZt9allocator1ZPFv_P11cIGZUnknownP18_Rb_tree_node_baseT1RCt4pair2ZCt4pair2ZCUiZUiZPFv_P11cIGZUnknown	_Rb_tree<pair<unsigned int const, unsigned int>, pair<pair<unsigned int const, unsigned int> const, cIGZUnknown *(*)(void)>, _Select1st<pair<pair<unsigned int const, unsigned int> const, cIGZUnknown *(*)(void)> >, less<pair<unsigned int const, unsigned int> >, allocator<cIGZUnknown *(*)(void)> >::_M_insert(_Rb_tree_node_base *, _Rb_tree_node_base *, pair<pair<unsigned int const, unsigned int> const, cIGZUnknown *(*)(void)> const &)
001393d4	insert_unique__t8_Rb_tree5Zt4pair2ZCUiZUiZt4pair2ZCt4pair2ZCUiZUiZPFv_P11cIGZUnknownZt10_Select1st1Zt4pair2ZCt4pair2ZCUiZUiZPFv_P11cIGZUnknownZt4less1Zt4pair2ZCUiZUiZt9allocator1ZPFv_P11cIGZUnknownRCt4pair2ZCt4pair2ZCUiZUiZPFv_P11cIGZUnknown	_Rb_tree<pair<unsigned int const, unsigned int>, pair<pair<unsigned int const, unsigned int> const, cIGZUnknown *(*)(void)>, _Select1st<pair<pair<unsigned int const, unsigned int> const, cIGZUnknown *(*)(void)> >, less<pair<unsigned int const, unsigned int> >, allocator<cIGZUnknown *(*)(void)> >::insert_unique(pair<pair<unsigned int const, unsigned int> const, cIGZUnknown *(*)(void)> const &)
0013952c	__thunk_4_QueryInterface__17cRZCOMDllDirectorUiPPv	virtual function thunk (delta:-4) for cRZCOMDllDirector::QueryInterface(unsigned int, void **)
00139548	__thunk_4_AddRef__17cRZCOMDllDirector	virtual function thunk (delta:-4) for cRZCOMDllDirector::AddRef(void)
00139564	__thunk_4_Release__17cRZCOMDllDirector	virtual function thunk (delta:-4) for cRZCOMDllDirector::Release(void)
00139580	__thunk_4_PreFrameWorkInit__17cRZCOMDllDirector	virtual function thunk (delta:-4) for cRZCOMDllDirector::PreFrameWorkInit(void)
0013959c	__thunk_4_PreAppInit__17cRZCOMDllDirector	virtual function thunk (delta:-4) for cRZCOMDllDirector::PreAppInit(void)
001395b8	__thunk_4_PostAppInit__17cRZCOMDllDirector	virtual function thunk (delta:-4) for cRZCOMDllDirector::PostAppInit(void)
001395d4	__thunk_4_PreAppShutdown__17cRZCOMDllDirector	virtual function thunk (delta:-4) for cRZCOMDllDirector::PreAppShutdown(void)
001395f0	__thunk_4_PostAppShutdown__17cRZCOMDllDirector	virtual function thunk (delta:-4) for cRZCOMDllDirector::PostAppShutdown(void)
0013960c	__thunk_4_PostSystemServiceShutdown__17cRZCOMDllDirector	virtual function thunk (delta:-4) for cRZCOMDllDirector::PostSystemServiceShutdown(void)
00139628	__thunk_4_AbortiveQuit__17cRZCOMDllDirector	virtual function thunk (delta:-4) for cRZCOMDllDirector::AbortiveQuit(void)
00139644	__thunk_4_OnInstall__17cRZCOMDllDirector	virtual function thunk (delta:-4) for cRZCOMDllDirector::OnInstall(void)
00139664	_._t3map4Zt4pair2ZCUiZUiZPFv_P11cIGZUnknownZt4less1Zt4pair2ZCUiZUiZt9allocator1ZPFv_P11cIGZUnknown	map<pair<unsigned int const, unsigned int>, cIGZUnknown *(*)(void), less<pair<unsigned int const, unsigned int> >, allocator<cIGZUnknown *(*)(void)> >::~map(void)
00139710	_._11logic_error	logic_error::~logic_error(void)
001397c0	__11logic_errorRC11logic_error	logic_error::logic_error(logic_error const &)
0013981c	__tf11logic_error	logic_error type_info function
00139854	_._12domain_error	domain_error::~domain_error(void)
00139870	__tf12domain_error	domain_error type_info function
001398c8	_._16invalid_argument	invalid_argument::~invalid_argument(void)
001398e4	__tf16invalid_argument	invalid_argument type_info function
0013993c	_._12length_error	length_error::~length_error(void)
00139958	__tf12length_error	length_error type_info function
001399b0	_._12out_of_range	out_of_range::~out_of_range(void)
001399cc	__tf12out_of_range	out_of_range type_info function
00139a30	_._13runtime_error	runtime_error::~runtime_error(void)
00139ad4	__tf13runtime_error	runtime_error type_info function
00139b0c	_._11range_error	range_error::~range_error(void)
00139b28	__tf11range_error	range_error type_info function
00139b80	_._14overflow_error	overflow_error::~overflow_error(void)
00139b9c	__tf14overflow_error	overflow_error type_info function
00139bf4	_._15underflow_error	underflow_error::~underflow_error(void)
00139c10	__tf15underflow_error	underflow_error type_info function
00139c68	__thunk_4__._22_IO_ostream_withassign	virtual function thunk (delta:-4) for _IO_ostream_withassign::~_IO_ostream_withassign(void)
00139c74	__thunk_8__._22_IO_istream_withassign	virtual function thunk (delta:-8) for _IO_istream_withassign::~_IO_istream_withassign(void)
00139c80	__thunk_12__._8iostream	virtual function thunk (delta:-12) for iostream::~iostream(void)
00139c8c	__thunk_8__._7istream	virtual function thunk (delta:-8) for istream::~istream(void)
00139c98	__thunk_4__._7ostream	virtual function thunk (delta:-4) for ostream::~ostream(void)
00139ca4	_._8iostream	iostream::~iostream(void)
00139d08	_._7ostream	ostream::~ostream(void)
00139d5c	__tf7ostream	ostream type_info function
00139d94	_._7istream	istream::~istream(void)
00139de8	__tf7istream	istream type_info function
00139e20	__tf8iostream	iostream type_info function
00139e9c	_._22_IO_istream_withassign	_IO_istream_withassign::~_IO_istream_withassign(void)
00139ef8	__tf22_IO_istream_withassign	_IO_istream_withassign type_info function
00139f50	_._22_IO_ostream_withassign	_IO_ostream_withassign::~_IO_ostream_withassign(void)
00139fac	__tf22_IO_ostream_withassign	_IO_ostream_withassign type_info function
0013a004	__tf3ios	ios type_info function
0013a03c	__tf9streambuf	streambuf type_info function
0013a074	__tf7filebuf	filebuf type_info function
0013a0cc	__tf11_ios_fields	_ios_fields type_info function
0013a0f8	__tf8_IO_FILE	_IO_FILE type_info function
0013a128	__tf9exception	exception type_info function
0013a168	__tf13bad_exception	bad_exception type_info function
0013a1d4	__tf9type_info	type_info type_info function
0013a214	__tf8bad_cast	bad_cast type_info function
0013a260	__tf10bad_typeid	bad_typeid type_info function
0013a2ac	_._16__user_type_info	__user_type_info::~__user_type_info(void)
0013a2dc	__tf16__user_type_info	__user_type_info type_info function
0013a348	_._14__si_type_info	__si_type_info::~__si_type_info(void)
0013a378	__tf14__si_type_info	__si_type_info type_info function
0013a414	_._17__class_type_info	__class_type_info::~__class_type_info(void)
0013a444	__tf17__class_type_info	__class_type_info type_info function
0013a4e0	_._19__pointer_type_info	__pointer_type_info::~__pointer_type_info(void)
0013a510	__tf19__pointer_type_info	__pointer_type_info type_info function
0013a55c	_._16__attr_type_info	__attr_type_info::~__attr_type_info(void)
0013a58c	__tf16__attr_type_info	__attr_type_info type_info function
0013a5d8	_._19__builtin_type_info	__builtin_type_info::~__builtin_type_info(void)
0013a608	__tf19__builtin_type_info	__builtin_type_info type_info function
0013a654	_._16__func_type_info	__func_type_info::~__func_type_info(void)
0013a684	__tf16__func_type_info	__func_type_info type_info function
0013a6d0	_._16__ptmf_type_info	__ptmf_type_info::~__ptmf_type_info(void)
0013a700	__tf16__ptmf_type_info	__ptmf_type_info type_info function
0013a74c	_._16__ptmd_type_info	__ptmd_type_info::~__ptmd_type_info(void)
0013a77c	__tf16__ptmd_type_info	__ptmd_type_info type_info function
0013a7c8	_._17__array_type_info	__array_type_info::~__array_type_info(void)
0013a7f8	__tf17__array_type_info	__array_type_info type_info function
0013a844	_._9bad_alloc	bad_alloc::~bad_alloc(void)
0013a87c	__tf9bad_alloc	bad_alloc type_info function
0013a8c4	_fini	_fini
