addr	mangled	demangled
00032bac	_init	_init
000344b4	__18cSC3BuildingFamily	cSC3BuildingFamily::cSC3BuildingFamily(void)
00034524	_._18cSC3BuildingFamily	cSC3BuildingFamily::~cSC3BuildingFamily(void)
0003463c	SerialReadBinary__18cSC3BuildingFamilyR18cIGZDBSerialRecord	cSC3BuildingFamily::SerialReadBinary(cIGZDBSerialRecord &)
000347bc	SerialReadText__18cSC3BuildingFamilyR18cIGZDBSerialRecord	cSC3BuildingFamily::SerialReadText(cIGZDBSerialRecord &)
00034f24	AddRef__18cSC3BuildingFamily	cSC3BuildingFamily::AddRef(void)
00034f50	Release__18cSC3BuildingFamily	cSC3BuildingFamily::Release(void)
00034f78	GetLandUse__18cSC3BuildingFamily	cSC3BuildingFamily::GetLandUse(void)
00034f88	GetBuildingCount__18cSC3BuildingFamily	cSC3BuildingFamily::GetBuildingCount(void)
00034f98	GetBuildingList__18cSC3BuildingFamilyPQ219cISC3BuildingFamily13tFamilyMember	cSC3BuildingFamily::GetBuildingList(cISC3BuildingFamily::tFamilyMember *)
00034fd8	SerialRead__18cSC3BuildingFamilyR18cIGZDBSerialRecord	cSC3BuildingFamily::SerialRead(cIGZDBSerialRecord &)
00035068	GetTextLine__18cSC3BuildingFamilyR18cIGZDBSerialRecordR9cRZString	cSC3BuildingFamily::GetTextLine(cIGZDBSerialRecord &, cRZString &)
000350fc	SerialWrite__18cSC3BuildingFamilyR18cIGZDBSerialRecord	cSC3BuildingFamily::SerialWrite(cIGZDBSerialRecord &)
00035108	DebugInstanceTag__18cSC3BuildingFamilyR10cIGZString	cSC3BuildingFamily::DebugInstanceTag(cIGZString &)
00035114	DebugClassTag__18cSC3BuildingFamilyR10cIGZString	cSC3BuildingFamily::DebugClassTag(cIGZString &)
00035124	DebugTypeTag__18cSC3BuildingFamilyR10cIGZString	cSC3BuildingFamily::DebugTypeTag(cIGZString &)
00035154	QueryInterface__18cSC3BuildingFamilyUiPPv	cSC3BuildingFamily::QueryInterface(unsigned int, void **)
000351a4	CreateInstance__25cSC3BuildingFamilyFactoryUiUiPPv	cSC3BuildingFamilyFactory::CreateInstance(unsigned int, unsigned int, void **)
00035260	SerialRead__25cSC3BuildingFamilyFactoryR12cIGZResourceR18cIGZDBSerialRecord	cSC3BuildingFamilyFactory::SerialRead(cIGZResource &, cIGZDBSerialRecord &)
00035314	SerialWrite__25cSC3BuildingFamilyFactoryR12cIGZResourceR18cIGZDBSerialRecord	cSC3BuildingFamilyFactory::SerialWrite(cIGZResource &, cIGZDBSerialRecord &)
00035374	StaticInit__17cSC3BuildingLayerP19cISC3CityDefinition	cSC3BuildingLayer::StaticInit(cISC3CityDefinition *)
000355b0	StaticShutdown__17cSC3BuildingLayer	cSC3BuildingLayer::StaticShutdown(void)
00035658	Init__17cSC3BuildingLayerP9cISC3City	cSC3BuildingLayer::Init(cISC3City *)
00035ad0	Shutdown__17cSC3BuildingLayer	cSC3BuildingLayer::Shutdown(void)
00036224	Init__17cSC3BuildingLayerP9cISC3CityP13cISC2Importer	cSC3BuildingLayer::Init(cISC3City *, cISC2Importer *)
00037bd4	Init__17cSC3BuildingLayerP9cISC3CityP13cIGZDBSegment	cSC3BuildingLayer::Init(cISC3City *, cIGZDBSegment *)
000391c4	Save__17cSC3BuildingLayerP9cISC3CityP13cIGZDBSegment	cSC3BuildingLayer::Save(cISC3City *, cIGZDBSegment *)
000396a8	InsertBuilding__17cSC3BuildingLayerP13cISC3Building	cSC3BuildingLayer::InsertBuilding(cISC3Building *)
00039884	CreateBuilding__17cSC3BuildingLayerP19cISC3OccupantAttribUiPPv	cSC3BuildingLayer::CreateBuilding(cISC3OccupantAttrib *, unsigned int, void **)
00039a50	IsBuildable__C17cSC3BuildingLayerRC14sIGZRectUint32b	cSC3BuildingLayer::IsBuildable(sIGZRectUint32 const &, bool) const
00039b6c	OccupantInserted__17cSC3BuildingLayerUiP13cISC3Occupant	cSC3BuildingLayer::OccupantInserted(unsigned int, cISC3Occupant *)
00039d38	OccupantRemoved__17cSC3BuildingLayerUiP13cISC3Occupant	cSC3BuildingLayer::OccupantRemoved(unsigned int, cISC3Occupant *)
00039f54	OccupantTrackingAdd__17cSC3BuildingLayerPC13cISC3Occupant	cSC3BuildingLayer::OccupantTrackingAdd(cISC3Occupant const *)
0003ab04	OccupantTrackingDelete__17cSC3BuildingLayerPC13cISC3Occupant	cSC3BuildingLayer::OccupantTrackingDelete(cISC3Occupant const *)
0003b168	StartTrackingOccupantCount__17cSC3BuildingLayerUi	cSC3BuildingLayer::StartTrackingOccupantCount(unsigned int)
0003b274	CountOccupantsOfType__17cSC3BuildingLayerP20cISC3OccupantManagerUi	cSC3BuildingLayer::CountOccupantsOfType(cISC3OccupantManager *, unsigned int)
0003b394	ReadINIOccupantTrackingList__17cSC3BuildingLayer	cSC3BuildingLayer::ReadINIOccupantTrackingList(void)
0003c8d8	RegisterAnOccupantTrackingElement__17cSC3BuildingLayerRC9cRZStringT1Pv	cSC3BuildingLayer::RegisterAnOccupantTrackingElement(cRZString const &, cRZString const &, void *)
0003c98c	RemoveBuilding__17cSC3BuildingLayerP13cISC3Building	cSC3BuildingLayer::RemoveBuilding(cISC3Building *)
0003ca78	Init__27cSC3BuildingLayerStaticInfoP19cISC3CityDefinition	cSC3BuildingLayerStaticInfo::Init(cISC3CityDefinition *)
0003d248	Shutdown__27cSC3BuildingLayerStaticInfo	cSC3BuildingLayerStaticInfo::Shutdown(void)
0003d384	AddToDefaultBuildingDataList__27cSC3BuildingLayerStaticInfoRC9cRZStringT1Pv	cSC3BuildingLayerStaticInfo::AddToDefaultBuildingDataList(cRZString const &, cRZString const &, void *)
0003ee68	GetDefaultAttribData__27cSC3BuildingLayerStaticInfoP13cISC3Building	cSC3BuildingLayerStaticInfo::GetDefaultAttribData(cISC3Building *)
00040058	__17cSC3BuildingLayer	cSC3BuildingLayer::cSC3BuildingLayer(void)
0004064c	DoMessage__17cSC3BuildingLayerR10cGZMessage	cSC3BuildingLayer::DoMessage(cGZMessage &)
00040658	DoQueryInfo__17cSC3BuildingLayerR10cGZMessageP11cIGZUnknown	cSC3BuildingLayer::DoQueryInfo(cGZMessage &, cIGZUnknown *)
00040664	OccupantMoved__17cSC3BuildingLayerUiP13cISC3OccupantRC13cSC3CityCoord	cSC3BuildingLayer::OccupantMoved(unsigned int, cISC3Occupant *, cSC3CityCoord const &)
00040670	OccupantChanged__17cSC3BuildingLayerUiP13cISC3OccupantiPv	cSC3BuildingLayer::OccupantChanged(unsigned int, cISC3Occupant *, int, void *)
0004067c	GetLayerType__17cSC3BuildingLayer	cSC3BuildingLayer::GetLayerType(void)
00040688	GetCityCenter__17cSC3BuildingLayerRUiT1	cSC3BuildingLayer::GetCityCenter(unsigned int &, unsigned int &)
000406a4	GetTotalAreaOfBuildings__C17cSC3BuildingLayer	cSC3BuildingLayer::GetTotalAreaOfBuildings(void) const
000406b8	GetDefaultAttribData__17cSC3BuildingLayerP13cISC3Building	cSC3BuildingLayer::GetDefaultAttribData(cISC3Building *)
000406ec	GetDefaultSpriteData__17cSC3BuildingLayerP13cISC3Building	cSC3BuildingLayer::GetDefaultSpriteData(cISC3Building *)
0004071c	GetManipulator__17cSC3BuildingLayerRC18cISC3CityAgentTypePP25cISC3CityLayerManipulatorRi	cSC3BuildingLayer::GetManipulator(cISC3CityAgentType const &, cISC3CityLayerManipulator **, int &)
0004073c	CreateBuilding__17cSC3BuildingLayerRC14cGZResourceKeyUiPPv	cSC3BuildingLayer::CreateBuilding(cGZResourceKey const &, unsigned int, void **)
000407d0	CreateOccupant__17cSC3BuildingLayerR14cGZResourceKeyUiPPv	cSC3BuildingLayer::CreateOccupant(cGZResourceKey &, unsigned int, void **)
0004080c	CreateOccupant__17cSC3BuildingLayerP19cISC3OccupantAttribUiPPv	cSC3BuildingLayer::CreateOccupant(cISC3OccupantAttrib *, unsigned int, void **)
00040848	CreateBuilding__17cSC3BuildingLayerUiUiUiPPv	cSC3BuildingLayer::CreateBuilding(unsigned int, unsigned int, unsigned int, void **)
000408c0	CheckOccupantTracking__17cSC3BuildingLayerUi	cSC3BuildingLayer::CheckOccupantTracking(unsigned int)
00040910	SimulationEnd__17cSC3BuildingLayer	cSC3BuildingLayer::SimulationEnd(void)
0004091c	SimulationBegin__17cSC3BuildingLayer	cSC3BuildingLayer::SimulationBegin(void)
00040928	CellChanged__17cSC3BuildingLayerUiUiUi	cSC3BuildingLayer::CellChanged(unsigned int, unsigned int, unsigned int)
00040934	CellChanged__17cSC3BuildingLayerUiUiUiUiUi	cSC3BuildingLayer::CellChanged(unsigned int, unsigned int, unsigned int, unsigned int, unsigned int)
00040940	CellChangedAll__17cSC3BuildingLayerUi	cSC3BuildingLayer::CellChangedAll(unsigned int)
00040950	GetSingletonBldgLayerInfo__17cSC3BuildingLayer	cSC3BuildingLayer::GetSingletonBldgLayerInfo(void)
00040970	__27cSC3BuildingLayerStaticInfo	cSC3BuildingLayerStaticInfo::cSC3BuildingLayerStaticInfo(void)
000409a8	_._27cSC3BuildingLayerStaticInfo	cSC3BuildingLayerStaticInfo::~cSC3BuildingLayerStaticInfo(void)
000409f4	IsReady__C27cSC3BuildingLayerStaticInfo	cSC3BuildingLayerStaticInfo::IsReady(void) const
00040a04	GetDefaultSpriteData__27cSC3BuildingLayerStaticInfoP13cISC3Building	cSC3BuildingLayerStaticInfo::GetDefaultSpriteData(cISC3Building *)
00040a50	_._17cSC3BuildingLayer	cSC3BuildingLayer::~cSC3BuildingLayer(void)
00040aa4	QueryInterface__17cSC3BuildingLayerUiPPv	cSC3BuildingLayer::QueryInterface(unsigned int, void **)
00040b34	AddRef__17cSC3BuildingLayer	cSC3BuildingLayer::AddRef(void)
00040b70	Release__17cSC3BuildingLayer	cSC3BuildingLayer::Release(void)
00040bcc	AddRef__25cSC3OccFilterForAgentType	cSC3OccFilterForAgentType::AddRef(void)
00040be8	__25cSC3OccFilterForAgentTypeUi	cSC3OccFilterForAgentType::cSC3OccFilterForAgentType(unsigned int)
00040c48	_._25cSC3OccFilterForAgentType	cSC3OccFilterForAgentType::~cSC3OccFilterForAgentType(void)
00040c9c	QueryInterface__25cSC3OccFilterForAgentTypeUiPPv	cSC3OccFilterForAgentType::QueryInterface(unsigned int, void **)
00040cf4	Release__25cSC3OccFilterForAgentType	cSC3OccFilterForAgentType::Release(void)
00040d54	Test__25cSC3OccFilterForAgentTypeP13cISC3Occupant	cSC3OccFilterForAgentType::Test(cISC3Occupant *)
00040e04	CheckPlaceBuilding__17cSC3BuildingLayerRC13cSC3CityCoordRC14cGZResourceKeyR14cSC3CityBoundsRUibiT5	cSC3BuildingLayer::CheckPlaceBuilding(cSC3CityCoord const &, cGZResourceKey const &, cSC3CityBounds &, unsigned int &, bool, int, bool)
00041230	CheckPlaceBuilding__17cSC3BuildingLayerRC13cSC3CityCoordRC14cGZResourceKeyN32R14cSC3CityBoundsRUibiT8	cSC3BuildingLayer::CheckPlaceBuilding(cSC3CityCoord const &, cGZResourceKey const &, cGZResourceKey const &, cGZResourceKey const &, cGZResourceKey const &, cSC3CityBounds &, unsigned int &, bool, int, bool)
00041b98	CheckBuildingSite__17cSC3BuildingLayerRC14cSC3CityBoundsUiR14cSC3CityBoundsRUiRUcbi	cSC3BuildingLayer::CheckBuildingSite(cSC3CityBounds const &, unsigned int, cSC3CityBounds &, unsigned int &, unsigned char &, bool, int)
000422ac	PlaceBuilding__17cSC3BuildingLayerRC14cSC3CityBoundsPt6vector2ZP13cISC3BuildingZt9allocator1ZP13cISC3BuildingR14cSC3CityBoundsUiUcbi	cSC3BuildingLayer::PlaceBuilding(cSC3CityBounds const &, vector<cISC3Building *, allocator<cISC3Building *> > *, cSC3CityBounds &, unsigned int, unsigned char, bool, int)
00043074	CreatePlacementTool__17cSC3BuildingLayerRC14cGZResourceKeybT2UiPPv	cSC3BuildingLayer::CreatePlacementTool(cGZResourceKey const &, bool, bool, unsigned int, void **)
00043864	AddTickerMessage__17cSC3BuildingLayerUi	cSC3BuildingLayer::AddTickerMessage(unsigned int)
00043be4	AddTickerMessageLandmark__FUiP13cISC3Occupant	AddTickerMessageLandmark(unsigned int, cISC3Occupant *)
000444e4	AddTickerMessageByBuilding__17cSC3BuildingLayerP13cISC3Building	cSC3BuildingLayer::AddTickerMessageByBuilding(cISC3Building *)
00044be8	DebugClassTag__17cSC3BuildingLayerR10cIGZString	cSC3BuildingLayer::DebugClassTag(cIGZString &)
00044bf4	DebugTypeTag__17cSC3BuildingLayerR10cIGZString	cSC3BuildingLayer::DebugTypeTag(cIGZString &)
00044c04	CanPlaceBuilding__17cSC3BuildingLayerRC13cSC3CityCoordRC14cGZResourceKeyR14cSC3CityBoundsRUi	cSC3BuildingLayer::CanPlaceBuilding(cSC3CityCoord const &, cGZResourceKey const &, cSC3CityBounds &, unsigned int &)
00044c50	CanPlaceShorelineBuilding__17cSC3BuildingLayerRC13cSC3CityCoordRC14cGZResourceKeyR14cSC3CityBoundsRUi	cSC3BuildingLayer::CanPlaceShorelineBuilding(cSC3CityCoord const &, cGZResourceKey const &, cSC3CityBounds &, unsigned int &)
00044c9c	CanPlacePlumbingBuilding__17cSC3BuildingLayerRC13cSC3CityCoordRC14cGZResourceKeyR14cSC3CityBoundsRUi	cSC3BuildingLayer::CanPlacePlumbingBuilding(cSC3CityCoord const &, cGZResourceKey const &, cSC3CityBounds &, unsigned int &)
00044ce8	CanPlaceSubwayBuilding__17cSC3BuildingLayerRC13cSC3CityCoordRC14cGZResourceKeyR14cSC3CityBoundsRUi	cSC3BuildingLayer::CanPlaceSubwayBuilding(cSC3CityCoord const &, cGZResourceKey const &, cSC3CityBounds &, unsigned int &)
00044d34	CanPlaceMultiBuilding__17cSC3BuildingLayerRC13cSC3CityCoordRC14cGZResourceKeyN32R14cSC3CityBoundsRUi	cSC3BuildingLayer::CanPlaceMultiBuilding(cSC3CityCoord const &, cGZResourceKey const &, cGZResourceKey const &, cGZResourceKey const &, cGZResourceKey const &, cSC3CityBounds &, unsigned int &)
00044d90	PlaceBuilding__17cSC3BuildingLayerRC13cSC3CityCoordRC14cGZResourceKeyR14cSC3CityBoundsRUib	cSC3BuildingLayer::PlaceBuilding(cSC3CityCoord const &, cGZResourceKey const &, cSC3CityBounds &, unsigned int &, bool)
00044ddc	PlaceShorlineBuilding__17cSC3BuildingLayerRC13cSC3CityCoordRC14cGZResourceKeyR14cSC3CityBoundsRUib	cSC3BuildingLayer::PlaceShorlineBuilding(cSC3CityCoord const &, cGZResourceKey const &, cSC3CityBounds &, unsigned int &, bool)
00044e28	PlacePlumbingBuilding__17cSC3BuildingLayerRC13cSC3CityCoordRC14cGZResourceKeyR14cSC3CityBoundsRUib	cSC3BuildingLayer::PlacePlumbingBuilding(cSC3CityCoord const &, cGZResourceKey const &, cSC3CityBounds &, unsigned int &, bool)
00044e74	PlaceSubwayBuilding__17cSC3BuildingLayerRC13cSC3CityCoordRC14cGZResourceKeyR14cSC3CityBoundsRUib	cSC3BuildingLayer::PlaceSubwayBuilding(cSC3CityCoord const &, cGZResourceKey const &, cSC3CityBounds &, unsigned int &, bool)
00044ec0	PlaceMultiBuilding__17cSC3BuildingLayerRC13cSC3CityCoordRC14cGZResourceKeyN32R14cSC3CityBoundsRUib	cSC3BuildingLayer::PlaceMultiBuilding(cSC3CityCoord const &, cGZResourceKey const &, cGZResourceKey const &, cGZResourceKey const &, cGZResourceKey const &, cSC3CityBounds &, unsigned int &, bool)
00044f1c	DoPlaceBuildingTool__17cSC3BuildingLayerRC14cGZResourceKeybT2	cSC3BuildingLayer::DoPlaceBuildingTool(cGZResourceKey const &, bool, bool)
00044fa4	DoPlaceBuildingTool__17cSC3BuildingLayerP19cISC3OccupantAttribbT2	cSC3BuildingLayer::DoPlaceBuildingTool(cISC3OccupantAttrib *, bool, bool)
00045050	DoPlaceBuildingTool__17cSC3BuildingLayerUiUibT3	cSC3BuildingLayer::DoPlaceBuildingTool(unsigned int, unsigned int, bool, bool)
00045144	Execute__20cSC3CityToolDemolish	cSC3CityToolDemolish::Execute(void)
00045260	ExecuteOnMouseUp__20cSC3CityToolDemolishRC14cSC3CityBounds	cSC3CityToolDemolish::ExecuteOnMouseUp(cSC3CityBounds const &)
0004553c	ExecuteOnMouseDrag__20cSC3CityToolDemolishRC14cSC3CityBounds	cSC3CityToolDemolish::ExecuteOnMouseDrag(cSC3CityBounds const &)
00045684	ExecuteOnMouseMove__20cSC3CityToolDemolishRC14cSC3CityBounds	cSC3CityToolDemolish::ExecuteOnMouseMove(cSC3CityBounds const &)
00045760	ExecuteRectDraw__20cSC3CityToolDemolishRC14cSC3CityBoundsR14cSC3CityBounds	cSC3CityToolDemolish::ExecuteRectDraw(cSC3CityBounds const &, cSC3CityBounds &)
000457b8	CVActiveCursor__20cSC3CityToolDemolishRUi	cSC3CityToolDemolish::CVActiveCursor(unsigned int &)
000457cc	CVIsValidHandlerByView__C20cSC3CityToolDemolishiUi	cSC3CityToolDemolish::CVIsValidHandlerByView(int, unsigned int) const
000457dc	CVOnActivate__20cSC3CityToolDemolish	cSC3CityToolDemolish::CVOnActivate(void)
0004585c	CVOnDeactivate__20cSC3CityToolDemolish	cSC3CityToolDemolish::CVOnDeactivate(void)
0004589c	DoMessage__20cSC3CityToolDemolishR10cGZMessage	cSC3CityToolDemolish::DoMessage(cGZMessage &)
000458ec	QueryInterface__20cSC3CityToolDemolishUiPPv	cSC3CityToolDemolish::QueryInterface(unsigned int, void **)
0004593c	AddRef__20cSC3CityToolDemolish	cSC3CityToolDemolish::AddRef(void)
0004596c	Release__20cSC3CityToolDemolish	cSC3CityToolDemolish::Release(void)
0004599c	__20cSC3CityToolDemolish	cSC3CityToolDemolish::cSC3CityToolDemolish(void)
00045a70	_._20cSC3CityToolDemolish	cSC3CityToolDemolish::~cSC3CityToolDemolish(void)
00045b94	Execute__25cSC3CityToolPlaceBuilding	cSC3CityToolPlaceBuilding::Execute(void)
00045d18	ExecuteCellDraw__25cSC3CityToolPlaceBuildingRC13cSC3CityCoordR14cSC3CityBounds	cSC3CityToolPlaceBuilding::ExecuteCellDraw(cSC3CityCoord const &, cSC3CityBounds &)
00045dc4	ExecuteOnMouseUp__25cSC3CityToolPlaceBuildingRC13cSC3CityCoord	cSC3CityToolPlaceBuilding::ExecuteOnMouseUp(cSC3CityCoord const &)
0004605c	Execute__33cSC3CityToolPlacePlumbingBuilding	cSC3CityToolPlacePlumbingBuilding::Execute(void)
00046204	ExecuteOnMouseUp__33cSC3CityToolPlacePlumbingBuildingRC13cSC3CityCoord	cSC3CityToolPlacePlumbingBuilding::ExecuteOnMouseUp(cSC3CityCoord const &)
0004649c	__33cSC3CityToolPlacePlumbingBuildingRC14cGZResourceKeybT2	cSC3CityToolPlacePlumbingBuilding::cSC3CityToolPlacePlumbingBuilding(cGZResourceKey const &, bool, bool)
0004659c	Execute__31cSC3CityToolPlaceSubwayBuilding	cSC3CityToolPlaceSubwayBuilding::Execute(void)
00046740	ExecuteOnMouseUp__31cSC3CityToolPlaceSubwayBuildingRC13cSC3CityCoord	cSC3CityToolPlaceSubwayBuilding::ExecuteOnMouseUp(cSC3CityCoord const &)
000469d0	__31cSC3CityToolPlaceSubwayBuildingRC14cGZResourceKeybT2	cSC3CityToolPlaceSubwayBuilding::cSC3CityToolPlaceSubwayBuilding(cGZResourceKey const &, bool, bool)
00046ad0	ExecuteOnMouseUp__32cSC3CityToolPlaceBuildingOnWaterRC13cSC3CityCoord	cSC3CityToolPlaceBuildingOnWater::ExecuteOnMouseUp(cSC3CityCoord const &)
00046d60	Execute__32cSC3CityToolPlaceBuildingOnWater	cSC3CityToolPlaceBuildingOnWater::Execute(void)
00046ee4	__32cSC3CityToolPlaceBuildingOnWaterRC14cGZResourceKeybT2	cSC3CityToolPlaceBuildingOnWater::cSC3CityToolPlaceBuildingOnWater(cGZResourceKey const &, bool, bool)
00046fec	Execute__30cSC3CityToolPlaceMultiBuilding	cSC3CityToolPlaceMultiBuilding::Execute(void)
00047214	ExecuteOnMouseUp__30cSC3CityToolPlaceMultiBuildingRC13cSC3CityCoord	cSC3CityToolPlaceMultiBuilding::ExecuteOnMouseUp(cSC3CityCoord const &)
000474d0	CreateCommand__22cSC3BuildingCmdFactoryUiUiPPv	cSC3BuildingCmdFactory::CreateCommand(unsigned int, unsigned int, void **)
000495f4	QueryInterface__25cSC3CityToolPlaceBuildingUiPPv	cSC3CityToolPlaceBuilding::QueryInterface(unsigned int, void **)
00049644	AddRef__25cSC3CityToolPlaceBuilding	cSC3CityToolPlaceBuilding::AddRef(void)
00049670	Release__25cSC3CityToolPlaceBuilding	cSC3CityToolPlaceBuilding::Release(void)
0004969c	__25cSC3CityToolPlaceBuildingRC14cGZResourceKeybT2	cSC3CityToolPlaceBuilding::cSC3CityToolPlaceBuilding(cGZResourceKey const &, bool, bool)
00049790	_._25cSC3CityToolPlaceBuilding	cSC3CityToolPlaceBuilding::~cSC3CityToolPlaceBuilding(void)
00049808	CVActiveCursor__25cSC3CityToolPlaceBuildingRUi	cSC3CityToolPlaceBuilding::CVActiveCursor(unsigned int &)
0004982c	CVIsValidHandlerByView__C25cSC3CityToolPlaceBuildingiUi	cSC3CityToolPlaceBuilding::CVIsValidHandlerByView(int, unsigned int) const
00049840	ExecuteOnMouseDown__25cSC3CityToolPlaceBuildingRC13cSC3CityCoord	cSC3CityToolPlaceBuilding::ExecuteOnMouseDown(cSC3CityCoord const &)
000498d4	ExecuteOnMouseDrag__25cSC3CityToolPlaceBuildingRC13cSC3CityCoord	cSC3CityToolPlaceBuilding::ExecuteOnMouseDrag(cSC3CityCoord const &)
00049968	ExecuteOnMouseMove__25cSC3CityToolPlaceBuildingRC13cSC3CityCoord	cSC3CityToolPlaceBuilding::ExecuteOnMouseMove(cSC3CityCoord const &)
000499fc	ExecuteOnMouseDown__33cSC3CityToolPlacePlumbingBuildingRC13cSC3CityCoord	cSC3CityToolPlacePlumbingBuilding::ExecuteOnMouseDown(cSC3CityCoord const &)
00049a90	ExecuteOnMouseDrag__33cSC3CityToolPlacePlumbingBuildingRC13cSC3CityCoord	cSC3CityToolPlacePlumbingBuilding::ExecuteOnMouseDrag(cSC3CityCoord const &)
00049b24	ExecuteOnMouseMove__33cSC3CityToolPlacePlumbingBuildingRC13cSC3CityCoord	cSC3CityToolPlacePlumbingBuilding::ExecuteOnMouseMove(cSC3CityCoord const &)
00049bb4	CVIsValidHandlerByView__C33cSC3CityToolPlacePlumbingBuildingiUi	cSC3CityToolPlacePlumbingBuilding::CVIsValidHandlerByView(int, unsigned int) const
00049bd0	_._33cSC3CityToolPlacePlumbingBuilding	cSC3CityToolPlacePlumbingBuilding::~cSC3CityToolPlacePlumbingBuilding(void)
00049c64	ExecuteOnMouseDown__31cSC3CityToolPlaceSubwayBuildingRC13cSC3CityCoord	cSC3CityToolPlaceSubwayBuilding::ExecuteOnMouseDown(cSC3CityCoord const &)
00049cf8	ExecuteOnMouseDrag__31cSC3CityToolPlaceSubwayBuildingRC13cSC3CityCoord	cSC3CityToolPlaceSubwayBuilding::ExecuteOnMouseDrag(cSC3CityCoord const &)
00049d8c	ExecuteOnMouseMove__31cSC3CityToolPlaceSubwayBuildingRC13cSC3CityCoord	cSC3CityToolPlaceSubwayBuilding::ExecuteOnMouseMove(cSC3CityCoord const &)
00049e1c	CVIsValidHandlerByView__C31cSC3CityToolPlaceSubwayBuildingiUi	cSC3CityToolPlaceSubwayBuilding::CVIsValidHandlerByView(int, unsigned int) const
00049e30	_._31cSC3CityToolPlaceSubwayBuilding	cSC3CityToolPlaceSubwayBuilding::~cSC3CityToolPlaceSubwayBuilding(void)
00049ec4	ExecuteOnMouseDown__32cSC3CityToolPlaceBuildingOnWaterRC13cSC3CityCoord	cSC3CityToolPlaceBuildingOnWater::ExecuteOnMouseDown(cSC3CityCoord const &)
00049f58	ExecuteOnMouseDrag__32cSC3CityToolPlaceBuildingOnWaterRC13cSC3CityCoord	cSC3CityToolPlaceBuildingOnWater::ExecuteOnMouseDrag(cSC3CityCoord const &)
00049fec	ExecuteOnMouseMove__32cSC3CityToolPlaceBuildingOnWaterRC13cSC3CityCoord	cSC3CityToolPlaceBuildingOnWater::ExecuteOnMouseMove(cSC3CityCoord const &)
0004a080	_._32cSC3CityToolPlaceBuildingOnWater	cSC3CityToolPlaceBuildingOnWater::~cSC3CityToolPlaceBuildingOnWater(void)
0004a114	QueryInterface__30cSC3CityToolPlaceMultiBuildingUiPPv	cSC3CityToolPlaceMultiBuilding::QueryInterface(unsigned int, void **)
0004a164	AddRef__30cSC3CityToolPlaceMultiBuilding	cSC3CityToolPlaceMultiBuilding::AddRef(void)
0004a190	Release__30cSC3CityToolPlaceMultiBuilding	cSC3CityToolPlaceMultiBuilding::Release(void)
0004a1bc	__30cSC3CityToolPlaceMultiBuildingRC14cGZResourceKeyN31bT5	cSC3CityToolPlaceMultiBuilding::cSC3CityToolPlaceMultiBuilding(cGZResourceKey const &, cGZResourceKey const &, cGZResourceKey const &, cGZResourceKey const &, bool, bool)
0004a300	_._30cSC3CityToolPlaceMultiBuilding	cSC3CityToolPlaceMultiBuilding::~cSC3CityToolPlaceMultiBuilding(void)
0004a378	CVActiveCursor__30cSC3CityToolPlaceMultiBuildingRUi	cSC3CityToolPlaceMultiBuilding::CVActiveCursor(unsigned int &)
0004a39c	CVIsValidHandlerByView__C30cSC3CityToolPlaceMultiBuildingiUi	cSC3CityToolPlaceMultiBuilding::CVIsValidHandlerByView(int, unsigned int) const
0004a3b0	ExecuteCellDraw__30cSC3CityToolPlaceMultiBuildingRC13cSC3CityCoordR14cSC3CityBounds	cSC3CityToolPlaceMultiBuilding::ExecuteCellDraw(cSC3CityCoord const &, cSC3CityBounds &)
0004a44c	ExecuteOnMouseDown__30cSC3CityToolPlaceMultiBuildingRC13cSC3CityCoord	cSC3CityToolPlaceMultiBuilding::ExecuteOnMouseDown(cSC3CityCoord const &)
0004a4f4	ExecuteOnMouseDrag__30cSC3CityToolPlaceMultiBuildingRC13cSC3CityCoord	cSC3CityToolPlaceMultiBuilding::ExecuteOnMouseDrag(cSC3CityCoord const &)
0004a59c	ExecuteOnMouseMove__30cSC3CityToolPlaceMultiBuildingRC13cSC3CityCoord	cSC3CityToolPlaceMultiBuilding::ExecuteOnMouseMove(cSC3CityCoord const &)
0004a674	Execute__12cCTPlaceTree	cCTPlaceTree::Execute(void)
0004a734	ExecuteOnMouseUp__12cCTPlaceTreeRC13cSC3CityCoord	cCTPlaceTree::ExecuteOnMouseUp(cSC3CityCoord const &)
0004a94c	ExecuteOnMouseDrag__12cCTPlaceTreeRC13cSC3CityCoord	cCTPlaceTree::ExecuteOnMouseDrag(cSC3CityCoord const &)
0004aa58	QueryInterface__12cCTPlaceTreeUiPPv	cCTPlaceTree::QueryInterface(unsigned int, void **)
0004aaac	AddRef__12cCTPlaceTree	cCTPlaceTree::AddRef(void)
0004aad8	Release__12cCTPlaceTree	cCTPlaceTree::Release(void)
0004ab04	__12cCTPlaceTree	cCTPlaceTree::cCTPlaceTree(void)
0004aba0	_._12cCTPlaceTree	cCTPlaceTree::~cCTPlaceTree(void)
0004ac18	CVActiveCursor__12cCTPlaceTreeRUi	cCTPlaceTree::CVActiveCursor(unsigned int &)
0004ac2c	CVIsValidHandlerByView__C12cCTPlaceTreeiUi	cCTPlaceTree::CVIsValidHandlerByView(int, unsigned int) const
0004ac48	ExecuteCellDraw__12cCTPlaceTreeRC13cSC3CityCoordR14cSC3CityBounds	cCTPlaceTree::ExecuteCellDraw(cSC3CityCoord const &, cSC3CityBounds &)
0004acb0	ExecuteOnMouseMove__12cCTPlaceTreeRC13cSC3CityCoord	cCTPlaceTree::ExecuteOnMouseMove(cSC3CityCoord const &)
0004ad14	ExecuteOnMouseUp__17cSC3CityToolQueryRC13cSC3CityCoord	cSC3CityToolQuery::ExecuteOnMouseUp(cSC3CityCoord const &)
0004b354	Execute__17cSC3CityToolQuery	cSC3CityToolQuery::Execute(void)
0004b3a0	ExecuteOccDraw__17cSC3CityToolQueryRC13cSC3CityCoordR14cSC3CityBounds	cSC3CityToolQuery::ExecuteOccDraw(cSC3CityCoord const &, cSC3CityBounds &)
0004b3d8	QueryInterface__17cSC3CityToolQueryUiPPv	cSC3CityToolQuery::QueryInterface(unsigned int, void **)
0004b428	CVActiveCursor__17cSC3CityToolQueryRUi	cSC3CityToolQuery::CVActiveCursor(unsigned int &)
0004b43c	CVIsValidHandlerByView__C17cSC3CityToolQueryiUi	cSC3CityToolQuery::CVIsValidHandlerByView(int, unsigned int) const
0004b44c	AddRef__17cSC3CityToolQuery	cSC3CityToolQuery::AddRef(void)
0004b478	Release__17cSC3CityToolQuery	cSC3CityToolQuery::Release(void)
0004b4e4	__15cSC3FloraAttrib	cSC3FloraAttrib::cSC3FloraAttrib(void)
0004b52c	_._15cSC3FloraAttrib	cSC3FloraAttrib::~cSC3FloraAttrib(void)
0004b570	MajorType__C15cSC3FloraAttrib	cSC3FloraAttrib::MajorType(void) const
0004b580	TokenRead__15cSC3FloraAttribR15cISLTokenRecord	cSC3FloraAttrib::TokenRead(cISLTokenRecord &)
0004b5b0	TokenWrite__15cSC3FloraAttribR15cISLTokenRecord	cSC3FloraAttrib::TokenWrite(cISLTokenRecord &)
0004b614	StaticInit__14cSC3FloraLayerP19cISC3CityDefinition	cSC3FloraLayer::StaticInit(cISC3CityDefinition *)
0004b880	Init__14cSC3FloraLayerP9cISC3City	cSC3FloraLayer::Init(cISC3City *)
0004ba84	Init__14cSC3FloraLayerP9cISC3CityP13cIGZDBSegment	cSC3FloraLayer::Init(cISC3City *, cIGZDBSegment *)
0004c128	Save__14cSC3FloraLayerP9cISC3CityP13cIGZDBSegment	cSC3FloraLayer::Save(cISC3City *, cIGZDBSegment *)
0004c4b4	SetFloraDensity__14cSC3FloraLayerRC13cSC3CityCoordUc	cSC3FloraLayer::SetFloraDensity(cSC3CityCoord const &, unsigned char)
0004c680	EstimateFloraCost__14cSC3FloraLayerRC13cSC3CityCoordRi	cSC3FloraLayer::EstimateFloraCost(cSC3CityCoord const &, int &)
0004c874	SelectFloraType__14cSC3FloraLayerRC13cSC3CityCoord	cSC3FloraLayer::SelectFloraType(cSC3CityCoord const &)
0004c9e8	CreateOccupant__14cSC3FloraLayerR14cGZResourceKeyUiPPv	cSC3FloraLayer::CreateOccupant(cGZResourceKey &, unsigned int, void **)
0004caf4	GetName__9cSC3FloraR10cIGZString	cSC3Flora::GetName(cIGZString &)
0004cd60	DoMessage__14cSC3FloraLayerR10cGZMessage	cSC3FloraLayer::DoMessage(cGZMessage &)
0004cd6c	DoQueryInfo__14cSC3FloraLayerR10cGZMessageP11cIGZUnknown	cSC3FloraLayer::DoQueryInfo(cGZMessage &, cIGZUnknown *)
0004cd78	GetManipulator__14cSC3FloraLayerRC18cISC3CityAgentTypePP25cISC3CityLayerManipulatorRi	cSC3FloraLayer::GetManipulator(cISC3CityAgentType const &, cISC3CityLayerManipulator **, int &)
0004cd90	StaticShutdown__14cSC3FloraLayer	cSC3FloraLayer::StaticShutdown(void)
0004cdcc	SimulationBegin__14cSC3FloraLayer	cSC3FloraLayer::SimulationBegin(void)
0004cdd8	SimulationEnd__14cSC3FloraLayer	cSC3FloraLayer::SimulationEnd(void)
0004cde8	Init__14cSC3FloraLayerP9cISC3CityP13cISC2Importer	cSC3FloraLayer::Init(cISC3City *, cISC2Importer *)
0004cef0	Shutdown__14cSC3FloraLayer	cSC3FloraLayer::Shutdown(void)
0004cf80	GetLayerType__14cSC3FloraLayer	cSC3FloraLayer::GetLayerType(void)
0004cf90	IncreaseFlora__14cSC3FloraLayerRC13cSC3CityCoord	cSC3FloraLayer::IncreaseFlora(cSC3CityCoord const &)
0004cffc	DecreaseFlora__14cSC3FloraLayerRC13cSC3CityCoord	cSC3FloraLayer::DecreaseFlora(cSC3CityCoord const &)
0004d068	GetFloraDensity__C14cSC3FloraLayerRC13cSC3CityCoordRUc	cSC3FloraLayer::GetFloraDensity(cSC3CityCoord const &, unsigned char &) const
0004d10c	PlaceFlora__14cSC3FloraLayerRC13cSC3CityCoord	cSC3FloraLayer::PlaceFlora(cSC3CityCoord const &)
0004d184	InsertTrees__14cSC3FloraLayerRC13cSC3CityCoordi	cSC3FloraLayer::InsertTrees(cSC3CityCoord const &, int)
0004d1b4	convert_2KID_to_floradensity__14cSC3FloraLayerUcRi	cSC3FloraLayer::convert_2KID_to_floradensity(unsigned char, int &)
0004d294	QueryInterface__14cSC3FloraLayerUiPPv	cSC3FloraLayer::QueryInterface(unsigned int, void **)
0004d310	AddRef__14cSC3FloraLayer	cSC3FloraLayer::AddRef(void)
0004d34c	Release__14cSC3FloraLayer	cSC3FloraLayer::Release(void)
0004d3ac	__14cSC3FloraLayer	cSC3FloraLayer::cSC3FloraLayer(void)
0004d49c	_._14cSC3FloraLayer	cSC3FloraLayer::~cSC3FloraLayer(void)
0004d4dc	CreateOccupant__14cSC3FloraLayerP19cISC3OccupantAttribUiPPv	cSC3FloraLayer::CreateOccupant(cISC3OccupantAttrib *, unsigned int, void **)
0004d540	CreateOccupant__14cSC3FloraLayerUiPPv	cSC3FloraLayer::CreateOccupant(unsigned int, void **)
0004d5f4	CreateOccupant__14cSC3FloraLayeriiUiPPv	cSC3FloraLayer::CreateOccupant(int, int, unsigned int, void **)
0004d6e4	DebugClassTag__14cSC3FloraLayerR10cIGZString	cSC3FloraLayer::DebugClassTag(cIGZString &)
0004d6f0	DebugTypeTag__14cSC3FloraLayerR10cIGZString	cSC3FloraLayer::DebugTypeTag(cIGZString &)
0004d700	Init__9cSC3FloraR14cGZResourceKey	cSC3Flora::Init(cGZResourceKey &)
0004d7a8	GetSubTypeData__9cSC3FloraUi	cSC3Flora::GetSubTypeData(unsigned int)
0004d7fc	GetFloraDensity__9cSC3Flora	cSC3Flora::GetFloraDensity(void)
0004d810	GetFloraType__9cSC3Flora	cSC3Flora::GetFloraType(void)
0004d824	SetFloraDensity__9cSC3FloraUi	cSC3Flora::SetFloraDensity(unsigned int)
0004d838	SetFloraType__9cSC3FloraUi	cSC3Flora::SetFloraType(unsigned int)
0004d84c	MajorType__C9cSC3Flora	cSC3Flora::MajorType(void) const
0004d858	GetGeomFlag__9cSC3Flora	cSC3Flora::GetGeomFlag(void)
0004d868	QueryInterface__9cSC3FloraUiPPv	cSC3Flora::QueryInterface(unsigned int, void **)
0004d8bc	AddRef__9cSC3Flora	cSC3Flora::AddRef(void)
0004d8e8	Release__9cSC3Flora	cSC3Flora::Release(void)
0004d910	AsISC3Occupant__9cSC3Flora	cSC3Flora::AsISC3Occupant(void)
0004d924	__9cSC3Flora	cSC3Flora::cSC3Flora(void)
0004d978	_._9cSC3Flora	cSC3Flora::~cSC3Flora(void)
0004d9dc	__23cSC3FloraCommandFactory	cSC3FloraCommandFactory::cSC3FloraCommandFactory(void)
0004da1c	_._23cSC3FloraCommandFactory	cSC3FloraCommandFactory::~cSC3FloraCommandFactory(void)
0004da54	QueryInterface__23cSC3FloraCommandFactoryUiPPv	cSC3FloraCommandFactory::QueryInterface(unsigned int, void **)
0004dab0	AddRef__23cSC3FloraCommandFactory	cSC3FloraCommandFactory::AddRef(void)
0004daec	Release__23cSC3FloraCommandFactory	cSC3FloraCommandFactory::Release(void)
0004db44	CreateCommand__23cSC3FloraCommandFactoryUiUiPPv	cSC3FloraCommandFactory::CreateCommand(unsigned int, unsigned int, void **)
0004dc54	__19cSC3OccupantManager	cSC3OccupantManager::cSC3OccupantManager(void)
0004e1f0	_._19cSC3OccupantManager	cSC3OccupantManager::~cSC3OccupantManager(void)
0004e4fc	Init__19cSC3OccupantManagerP9cISC3CityUiUiUiUiUi	cSC3OccupantManager::Init(cISC3City *, unsigned int, unsigned int, unsigned int, unsigned int, unsigned int)
0004f298	Shutdown__19cSC3OccupantManager	cSC3OccupantManager::Shutdown(void)
0004f404	DoMessage__19cSC3OccupantManagerR10cGZMessage	cSC3OccupantManager::DoMessage(cGZMessage &)
0004f7c4	RegisterChangeReceiver__19cSC3OccupantManagerP23cISC3CityChangeReceiverRUib	cSC3OccupantManager::RegisterChangeReceiver(cISC3CityChangeReceiver *, unsigned int &, bool)
0004f890	UnregisterChangeReceiver__19cSC3OccupantManagerP23cISC3CityChangeReceiver	cSC3OccupantManager::UnregisterChangeReceiver(cISC3CityChangeReceiver *)
0004f980	PostOccupantAll__19cSC3OccupantManagerR17cIGZMessageTarget	cSC3OccupantManager::PostOccupantAll(cIGZMessageTarget &)
0004fa54	InsertOccupantAtCell__19cSC3OccupantManagerUiUiP13cISC3Occupant	cSC3OccupantManager::InsertOccupantAtCell(unsigned int, unsigned int, cISC3Occupant *)
0004ff60	RemoveOccupantAtCell__19cSC3OccupantManagerUiUi	cSC3OccupantManager::RemoveOccupantAtCell(unsigned int, unsigned int)
00050358	RemoveShutdownOccupantAtCell__19cSC3OccupantManagerUiUi	cSC3OccupantManager::RemoveShutdownOccupantAtCell(unsigned int, unsigned int)
00050748	IsEmptyCell__19cSC3OccupantManagerRC14sIGZRectUint32	cSC3OccupantManager::IsEmptyCell(sIGZRectUint32 const &)
00050848	GetOccupantAtCell__19cSC3OccupantManagerUiUiPP13cISC3Occupant	cSC3OccupantManager::GetOccupantAtCell(unsigned int, unsigned int, cISC3Occupant **)
0005097c	GetOccupantsInCell__19cSC3OccupantManagerRC14cSC3CityBoundsUiPP13cISC3OccupantRUiPFP13cISC3Occupant_b	cSC3OccupantManager::GetOccupantsInCell(cSC3CityBounds const &, unsigned int, cISC3Occupant **, unsigned int &, bool (*)(cISC3Occupant *))
00050d94	GetNeighborsOfOccupant__19cSC3OccupantManagerP13cISC3OccupantUiPP13cISC3OccupantRUiPFP13cISC3Occupant_b	cSC3OccupantManager::GetNeighborsOfOccupant(cISC3Occupant *, unsigned int, cISC3Occupant **, unsigned int &, bool (*)(cISC3Occupant *))
000513a0	MakeNewAnimatedOccupantList__19cSC3OccupantManagerRC14cSC3CityBoundsb	cSC3OccupantManager::MakeNewAnimatedOccupantList(cSC3CityBounds const &, bool)
000519e4	ClearAnimatedOccupantList__19cSC3OccupantManagerb	cSC3OccupantManager::ClearAnimatedOccupantList(bool)
00051da4	Init__18cSC3OccManIteratorPC14cSC3CityBoundsP23cISC3OccManIteratorTest	cSC3OccManIterator::Init(cSC3CityBounds const *, cISC3OccManIteratorTest *)
00051f50	CheckCell__18cSC3OccManIteratorUsUs	cSC3OccManIterator::CheckCell(unsigned short, unsigned short)
000521ac	SetVisible__19cSC3OccupantManagerb	cSC3OccupantManager::SetVisible(bool)
000521bc	GetSenderId__C19cSC3OccupantManager	cSC3OccupantManager::GetSenderId(void) const
000521cc	GetOccLayer__C19cSC3OccupantManager	cSC3OccupantManager::GetOccLayer(void) const
000521dc	GetAnimationTickPriority__19cSC3OccupantManagerRUcRi	cSC3OccupantManager::GetAnimationTickPriority(unsigned char &, int &)
000521f8	lockOMD__19cSC3OccupantManager	cSC3OccupantManager::lockOMD(void)
0005222c	unlockOMD__19cSC3OccupantManager	cSC3OccupantManager::unlockOMD(void)
00052260	lockA__19cSC3OccupantManager	cSC3OccupantManager::lockA(void)
00052294	unlockA__19cSC3OccupantManager	cSC3OccupantManager::unlockA(void)
000522c8	QueryInterface__19cSC3OccupantManagerUiPPv	cSC3OccupantManager::QueryInterface(unsigned int, void **)
00052344	AddRef__19cSC3OccupantManager	cSC3OccupantManager::AddRef(void)
000523a8	Release__19cSC3OccupantManager	cSC3OccupantManager::Release(void)
00052444	GetCellsInX__19cSC3OccupantManager	cSC3OccupantManager::GetCellsInX(void)
00052458	GetCellsInZ__19cSC3OccupantManager	cSC3OccupantManager::GetCellsInZ(void)
0005246c	GetCellsInY__19cSC3OccupantManager	cSC3OccupantManager::GetCellsInY(void)
00052484	UnregisterAllChangeReceivers__19cSC3OccupantManager	cSC3OccupantManager::UnregisterAllChangeReceivers(void)
000524f8	PostOccupantAll__19cSC3OccupantManagerP23cISC3CityChangeReceiver	cSC3OccupantManager::PostOccupantAll(cISC3CityChangeReceiver *)
0005259c	InsertOccupant__19cSC3OccupantManagerP13cISC3Occupant	cSC3OccupantManager::InsertOccupant(cISC3Occupant *)
000525e8	RemoveOccupant__19cSC3OccupantManagerP13cISC3Occupant	cSC3OccupantManager::RemoveOccupant(cISC3Occupant *)
00052634	RemoveOccupant__19cSC3OccupantManagerRC13cSC3CityCoord	cSC3OccupantManager::RemoveOccupant(cSC3CityCoord const &)
00052674	RemoveAllOccupants__19cSC3OccupantManager	cSC3OccupantManager::RemoveAllOccupants(void)
000526f4	OccupantChanged__19cSC3OccupantManagerP13cISC3OccupantUi	cSC3OccupantManager::OccupantChanged(cISC3Occupant *, unsigned int)
000527a0	IsEmpty__19cSC3OccupantManagerRC14cSC3CityBounds	cSC3OccupantManager::IsEmpty(cSC3CityBounds const &)
000527f8	IsInBounds__19cSC3OccupantManagerRC13cSC3CityCoord	cSC3OccupantManager::IsInBounds(cSC3CityCoord const &)
00052838	IsInBounds__19cSC3OccupantManagerRC14cSC3CityBounds	cSC3OccupantManager::IsInBounds(cSC3CityBounds const &)
000528e4	IsInBoundsCell__19cSC3OccupantManagerUiUi	cSC3OccupantManager::IsInBoundsCell(unsigned int, unsigned int)
00052910	GetIterator__19cSC3OccupantManagerPP19cISC3OccManIterator	cSC3OccupantManager::GetIterator(cISC3OccManIterator **)
000529c0	GetOccupants__19cSC3OccupantManagerPP19cISC3OccManIteratorPC14cSC3CityBoundsP23cISC3OccManIteratorTest	cSC3OccupantManager::GetOccupants(cISC3OccManIterator **, cSC3CityBounds const *, cISC3OccManIteratorTest *)
00052a0c	GetNeighbors__19cSC3OccupantManagerPP19cISC3OccManIteratorP13cISC3OccupantP23cISC3OccManIteratorTest	cSC3OccupantManager::GetNeighbors(cISC3OccManIterator **, cISC3Occupant *, cISC3OccManIteratorTest *)
00052b00	GetOccupant__19cSC3OccupantManagerRC13cSC3CityCoordPP13cISC3Occupant	cSC3OccupantManager::GetOccupant(cSC3CityCoord const &, cISC3Occupant **)
00052b44	DoesOccupantExistAtLocation__19cSC3OccupantManagerUiUi	cSC3OccupantManager::DoesOccupantExistAtLocation(unsigned int, unsigned int)
00052bb0	DoAnimationTick__19cSC3OccupantManagerUi	cSC3OccupantManager::DoAnimationTick(unsigned int)
00052c34	Shutdown__18cSC3OccManIterator	cSC3OccManIterator::Shutdown(void)
00052c90	Reset__18cSC3OccManIterator	cSC3OccManIterator::Reset(void)
00052d3c	Current__18cSC3OccManIterator	cSC3OccManIterator::Current(void)
00052d50	Next__18cSC3OccManIterator	cSC3OccManIterator::Next(void)
00052de0	__18cSC3OccManIteratorP19cSC3OccupantManager	cSC3OccManIterator::cSC3OccManIterator(cSC3OccupantManager *)
00052e68	_._18cSC3OccManIterator	cSC3OccManIterator::~cSC3OccManIterator(void)
00052ef8	QueryInterface__18cSC3OccManIteratorUiPPv	cSC3OccManIterator::QueryInterface(unsigned int, void **)
00052f50	AddRef__18cSC3OccManIterator	cSC3OccManIterator::AddRef(void)
00052f90	Release__18cSC3OccManIterator	cSC3OccManIterator::Release(void)
00053004	PostOccupantAll__25cSC3OccupantManagerSparseR17cIGZMessageTarget	cSC3OccupantManagerSparse::PostOccupantAll(cIGZMessageTarget &)
000530d0	InsertOccupantAtCell__25cSC3OccupantManagerSparseUiUiP13cISC3Occupant	cSC3OccupantManagerSparse::InsertOccupantAtCell(unsigned int, unsigned int, cISC3Occupant *)
00053328	RemoveOccupant__25cSC3OccupantManagerSparseP13cISC3Occupant	cSC3OccupantManagerSparse::RemoveOccupant(cISC3Occupant *)
000538e8	RemoveAllOccupants__25cSC3OccupantManagerSparse	cSC3OccupantManagerSparse::RemoveAllOccupants(void)
00053e30	IsEmpty__25cSC3OccupantManagerSparseRC14cSC3CityBounds	cSC3OccupantManagerSparse::IsEmpty(cSC3CityBounds const &)
0005401c	GetOccupantAtCell__25cSC3OccupantManagerSparseUiUiPP13cISC3Occupant	cSC3OccupantManagerSparse::GetOccupantAtCell(unsigned int, unsigned int, cISC3Occupant **)
0005423c	GetNeighbors__25cSC3OccupantManagerSparsePP19cISC3OccManIteratorP13cISC3OccupantP23cISC3OccManIteratorTest	cSC3OccupantManagerSparse::GetNeighbors(cISC3OccManIterator **, cISC3Occupant *, cISC3OccManIteratorTest *)
00054378	__25cSC3OccupantManagerSparse	cSC3OccupantManagerSparse::cSC3OccupantManagerSparse(void)
000544f4	Init__24cSC3OccManSparseIteratorPC14cSC3CityBoundsP23cISC3OccManIteratorTest	cSC3OccManSparseIterator::Init(cSC3CityBounds const *, cISC3OccManIteratorTest *)
000546d4	Reset__24cSC3OccManSparseIterator	cSC3OccManSparseIterator::Reset(void)
0005496c	Next__24cSC3OccManSparseIterator	cSC3OccManSparseIterator::Next(void)
00054b50	GetOccLayer__C25cSC3OccupantManagerSparse	cSC3OccupantManagerSparse::GetOccLayer(void) const
00054b60	ClearAnimatedOccupantList__25cSC3OccupantManagerSparseb	cSC3OccupantManagerSparse::ClearAnimatedOccupantList(bool)
00054b68	RegisterChangeReceiver__25cSC3OccupantManagerSparseP23cISC3CityChangeReceiverRUib	cSC3OccupantManagerSparse::RegisterChangeReceiver(cISC3CityChangeReceiver *, unsigned int &, bool)
00054b74	UnregisterChangeReceiver__25cSC3OccupantManagerSparseP23cISC3CityChangeReceiver	cSC3OccupantManagerSparse::UnregisterChangeReceiver(cISC3CityChangeReceiver *)
00054b80	UnregisterAllChangeReceivers__25cSC3OccupantManagerSparse	cSC3OccupantManagerSparse::UnregisterAllChangeReceivers(void)
00054b8c	PostOccupantAll__25cSC3OccupantManagerSparseP23cISC3CityChangeReceiver	cSC3OccupantManagerSparse::PostOccupantAll(cISC3CityChangeReceiver *)
00054b98	GetOccupantsInCell__25cSC3OccupantManagerSparseRC14cSC3CityBoundsUiPP13cISC3OccupantRUiPFP13cISC3Occupant_b	cSC3OccupantManagerSparse::GetOccupantsInCell(cSC3CityBounds const &, unsigned int, cISC3Occupant **, unsigned int &, bool (*)(cISC3Occupant *))
00054ba4	GetNeighborsOfOccupant__25cSC3OccupantManagerSparseP13cISC3OccupantUiPP13cISC3OccupantRUiPFP13cISC3Occupant_b	cSC3OccupantManagerSparse::GetNeighborsOfOccupant(cISC3Occupant *, unsigned int, cISC3Occupant **, unsigned int &, bool (*)(cISC3Occupant *))
00054bb4	Init__25cSC3OccupantManagerSparseP9cISC3CityUiUiUiUiUi	cSC3OccupantManagerSparse::Init(cISC3City *, unsigned int, unsigned int, unsigned int, unsigned int, unsigned int)
00054c50	Shutdown__25cSC3OccupantManagerSparse	cSC3OccupantManagerSparse::Shutdown(void)
00054c88	GetCellsInX__25cSC3OccupantManagerSparse	cSC3OccupantManagerSparse::GetCellsInX(void)
00054c98	GetCellsInZ__25cSC3OccupantManagerSparse	cSC3OccupantManagerSparse::GetCellsInZ(void)
00054ca8	GetCellsInY__25cSC3OccupantManagerSparse	cSC3OccupantManagerSparse::GetCellsInY(void)
00054cb8	GetSenderId__C25cSC3OccupantManagerSparse	cSC3OccupantManagerSparse::GetSenderId(void) const
00054ccc	InsertOccupant__25cSC3OccupantManagerSparseP13cISC3Occupant	cSC3OccupantManagerSparse::InsertOccupant(cISC3Occupant *)
00054d2c	RemoveOccupant__25cSC3OccupantManagerSparseRC13cSC3CityCoord	cSC3OccupantManagerSparse::RemoveOccupant(cSC3CityCoord const &)
00054d6c	RemoveOccupantAtCell__25cSC3OccupantManagerSparseUiUi	cSC3OccupantManagerSparse::RemoveOccupantAtCell(unsigned int, unsigned int)
00054dd4	OccupantChanged__25cSC3OccupantManagerSparseP13cISC3OccupantUi	cSC3OccupantManagerSparse::OccupantChanged(cISC3Occupant *, unsigned int)
00054e28	DoesOccupantExistAtLocation__25cSC3OccupantManagerSparseUiUi	cSC3OccupantManagerSparse::DoesOccupantExistAtLocation(unsigned int, unsigned int)
00054e80	IsInBounds__25cSC3OccupantManagerSparseRC13cSC3CityCoord	cSC3OccupantManagerSparse::IsInBounds(cSC3CityCoord const &)
00054ec0	IsInBounds__25cSC3OccupantManagerSparseRC14cSC3CityBounds	cSC3OccupantManagerSparse::IsInBounds(cSC3CityBounds const &)
00054f6c	IsInBoundsCell__25cSC3OccupantManagerSparseUiUi	cSC3OccupantManagerSparse::IsInBoundsCell(unsigned int, unsigned int)
00054f90	GetIterator__25cSC3OccupantManagerSparsePP19cISC3OccManIterator	cSC3OccupantManagerSparse::GetIterator(cISC3OccManIterator **)
00055040	GetOccupant__25cSC3OccupantManagerSparseRC13cSC3CityCoordPP13cISC3Occupant	cSC3OccupantManagerSparse::GetOccupant(cSC3CityCoord const &, cISC3Occupant **)
00055084	GetOccupants__25cSC3OccupantManagerSparsePP19cISC3OccManIteratorPC14cSC3CityBoundsP23cISC3OccManIteratorTest	cSC3OccupantManagerSparse::GetOccupants(cISC3OccManIterator **, cSC3CityBounds const *, cISC3OccManIteratorTest *)
000550cc	getCheckBounds__25cSC3OccupantManagerSparseRC14sIGZRectUint32R14sIGZRectUint32	cSC3OccupantManagerSparse::getCheckBounds(sIGZRectUint32 const &, sIGZRectUint32 &)
00055110	_._25cSC3OccupantManagerSparse	cSC3OccupantManagerSparse::~cSC3OccupantManagerSparse(void)
00055164	QueryInterface__25cSC3OccupantManagerSparseUiPPv	cSC3OccupantManagerSparse::QueryInterface(unsigned int, void **)
000551c0	AddRef__25cSC3OccupantManagerSparse	cSC3OccupantManagerSparse::AddRef(void)
000551fc	Release__25cSC3OccupantManagerSparse	cSC3OccupantManagerSparse::Release(void)
00055274	Shutdown__24cSC3OccManSparseIterator	cSC3OccManSparseIterator::Shutdown(void)
000552d0	Current__24cSC3OccManSparseIterator	cSC3OccManSparseIterator::Current(void)
000552f0	__24cSC3OccManSparseIteratorP25cSC3OccupantManagerSparse	cSC3OccManSparseIterator::cSC3OccManSparseIterator(cSC3OccupantManagerSparse *)
00055374	_._24cSC3OccManSparseIterator	cSC3OccManSparseIterator::~cSC3OccManSparseIterator(void)
00055408	QueryInterface__24cSC3OccManSparseIteratorUiPPv	cSC3OccManSparseIterator::QueryInterface(unsigned int, void **)
00055460	AddRef__24cSC3OccManSparseIterator	cSC3OccManSparseIterator::AddRef(void)
0005549c	Release__24cSC3OccManSparseIterator	cSC3OccManSparseIterator::Release(void)
00055504	TokenWrite__14cSC3PortAttribR15cISLTokenRecord	cSC3PortAttrib::TokenWrite(cISLTokenRecord &)
000559c4	AddRef__14cSC3PortAttrib	cSC3PortAttrib::AddRef(void)
000559f0	Release__14cSC3PortAttrib	cSC3PortAttrib::Release(void)
00055a1c	Key__C14cSC3PortAttrib	cSC3PortAttrib::Key(void) const
00055a48	IsGeomFlag__14cSC3PortAttribUi	cSC3PortAttrib::IsGeomFlag(unsigned int)
00055a78	SetGeomFlag__14cSC3PortAttribUi	cSC3PortAttrib::SetGeomFlag(unsigned int)
00055aa8	ClearGeomFlag__14cSC3PortAttribUi	cSC3PortAttrib::ClearGeomFlag(unsigned int)
00055ad8	GetGeomFlag__14cSC3PortAttrib	cSC3PortAttrib::GetGeomFlag(void)
00055b04	GetOccLayerFlag__14cSC3PortAttrib	cSC3PortAttrib::GetOccLayerFlag(void)
00055b30	SetOccLayerFlag__14cSC3PortAttribUc	cSC3PortAttrib::SetOccLayerFlag(unsigned char)
00055b60	MajorType__C14cSC3PortAttrib	cSC3PortAttrib::MajorType(void) const
00055b8c	SubTypeInfo__C14cSC3PortAttrib	cSC3PortAttrib::SubTypeInfo(void) const
00055bb8	AnimType__C14cSC3PortAttrib	cSC3PortAttrib::AnimType(void) const
00055be4	TypeId__C14cSC3PortAttrib	cSC3PortAttrib::TypeId(void) const
00055c10	SizeInCellsX__14cSC3PortAttrib	cSC3PortAttrib::SizeInCellsX(void)
00055c3c	SizeInCellsZ__14cSC3PortAttrib	cSC3PortAttrib::SizeInCellsZ(void)
00055c68	SizeInCellsY__14cSC3PortAttrib	cSC3PortAttrib::SizeInCellsY(void)
00055c94	CityAgentType__14cSC3PortAttrib	cSC3PortAttrib::CityAgentType(void)
00055cc0	GetSpriteAttrib__14cSC3PortAttribUi	cSC3PortAttrib::GetSpriteAttrib(unsigned int)
00055cf0	GetSpriteAttrib__14cSC3PortAttrib	cSC3PortAttrib::GetSpriteAttrib(void)
00055d1c	GetOriginalSpriteAttrib__14cSC3PortAttrib	cSC3PortAttrib::GetOriginalSpriteAttrib(void)
00055d48	GetDefaultLayerFlag__C14cSC3PortAttrib	cSC3PortAttrib::GetDefaultLayerFlag(void) const
00055d74	SetDefaultLayerFlag__14cSC3PortAttribUi	cSC3PortAttrib::SetDefaultLayerFlag(unsigned int)
00055da4	GetPeopleProducerAttrib__14cSC3PortAttrib	cSC3PortAttrib::GetPeopleProducerAttrib(void)
00055dd0	GetVehicleProducerAttrib__14cSC3PortAttrib	cSC3PortAttrib::GetVehicleProducerAttrib(void)
00055dfc	Flammability__14cSC3PortAttrib	cSC3PortAttrib::Flammability(void)
00055e28	GetName__14cSC3PortAttribR10cIGZString	cSC3PortAttrib::GetName(cIGZString &)
00055e58	SetIsTextRecord__14cSC3PortAttribb	cSC3PortAttrib::SetIsTextRecord(bool)
00055e8c	IsTextRecord__C14cSC3PortAttrib	cSC3PortAttrib::IsTextRecord(void) const
00055eb8	GetSoundObjectId__14cSC3PortAttribRi	cSC3PortAttrib::GetSoundObjectId(int &)
00055ee8	GetSoundKeyA__14cSC3PortAttribR14cGZResourceKey	cSC3PortAttrib::GetSoundKeyA(cGZResourceKey &)
00055f18	GetSoundKeyB__14cSC3PortAttribR14cGZResourceKey	cSC3PortAttrib::GetSoundKeyB(cGZResourceKey &)
00055f48	GetPlopCursorKey__14cSC3PortAttribR14cGZResourceKey	cSC3PortAttrib::GetPlopCursorKey(cGZResourceKey &)
00055f78	GetQueryDescKey__14cSC3PortAttribR14cGZResourceKey	cSC3PortAttrib::GetQueryDescKey(cGZResourceKey &)
00055fa8	GetQueryFormatFlags__14cSC3PortAttribRUi	cSC3PortAttrib::GetQueryFormatFlags(unsigned int &)
00055fd8	GetQueryDialogClass__14cSC3PortAttrib	cSC3PortAttrib::GetQueryDialogClass(void)
00056004	SetQueryDialogClass__14cSC3PortAttribUi	cSC3PortAttrib::SetQueryDialogClass(unsigned int)
00056034	DebugInstanceTag__14cSC3PortAttribR10cIGZString	cSC3PortAttrib::DebugInstanceTag(cIGZString &)
00056064	DebugClassTag__14cSC3PortAttribR10cIGZString	cSC3PortAttrib::DebugClassTag(cIGZString &)
00056094	DebugTypeTag__14cSC3PortAttribR10cIGZString	cSC3PortAttrib::DebugTypeTag(cIGZString &)
000560c4	GetNameKey__14cSC3PortAttribR14cGZResourceKey	cSC3PortAttrib::GetNameKey(cGZResourceKey &)
000560f4	SetOverRideAttrib__14cSC3PortAttribP22cISC3OccAttribOverRide	cSC3PortAttrib::SetOverRideAttrib(cISC3OccAttribOverRide *)
00056124	GetOverRideAttrib__14cSC3PortAttrib	cSC3PortAttrib::GetOverRideAttrib(void)
00056150	GetArchitectName__14cSC3PortAttribR10cIGZString	cSC3PortAttrib::GetArchitectName(cIGZString &)
00056180	GetOccupantGZCLSID__C14cSC3PortAttribRUi	cSC3PortAttrib::GetOccupantGZCLSID(unsigned int &) const
000561b0	SetOccupantGZCLSID__14cSC3PortAttribUi	cSC3PortAttrib::SetOccupantGZCLSID(unsigned int)
000561e0	GetPowerConsumption__14cSC3PortAttrib	cSC3PortAttrib::GetPowerConsumption(void)
0005620c	SetPowerConsumption__14cSC3PortAttribUc	cSC3PortAttrib::SetPowerConsumption(unsigned char)
0005623c	GetPlacementInfo__14cSC3PortAttrib	cSC3PortAttrib::GetPlacementInfo(void)
00056264	GetPortType__14cSC3PortAttrib	cSC3PortAttrib::GetPortType(void)
00056274	AsISC3OccupantAttrib__14cSC3PortAttrib	cSC3PortAttrib::AsISC3OccupantAttrib(void)
00056284	AsISC3BuildingAttrib__14cSC3PortAttrib	cSC3PortAttrib::AsISC3BuildingAttrib(void)
00056298	QueryInterface__14cSC3PortAttribUiPPv	cSC3PortAttrib::QueryInterface(unsigned int, void **)
000562e8	__14cSC3PortAttrib	cSC3PortAttrib::cSC3PortAttrib(void)
00056378	_._14cSC3PortAttrib	cSC3PortAttrib::~cSC3PortAttrib(void)
000563d8	TokenRead__14cSC3PortAttribR15cISLTokenRecord	cSC3PortAttrib::TokenRead(cISLTokenRecord &)
00056484	__13cSC3PortLayer	cSC3PortLayer::cSC3PortLayer(void)
000565b4	Init__13cSC3PortLayerP9cISC3City	cSC3PortLayer::Init(cISC3City *)
00056688	Init__13cSC3PortLayerP9cISC3CityP13cIGZDBSegment	cSC3PortLayer::Init(cISC3City *, cIGZDBSegment *)
00056790	Save__13cSC3PortLayerP9cISC3CityP13cIGZDBSegment	cSC3PortLayer::Save(cISC3City *, cIGZDBSegment *)
000568a0	OverlapsRunway__13cSC3PortLayerRC17sIGZPointXZUint32T1	cSC3PortLayer::OverlapsRunway(sIGZPointXZUint32 const &, sIGZPointXZUint32 const &)
00056a24	AddRunway__13cSC3PortLayerRC17sIGZPointXZUint32T1	cSC3PortLayer::AddRunway(sIGZPointXZUint32 const &, sIGZPointXZUint32 const &)
00056c4c	AddPier__13cSC3PortLayerUiUi	cSC3PortLayer::AddPier(unsigned int, unsigned int)
00056dec	RemoveRunway__13cSC3PortLayerRC17sIGZPointXZUint32T1	cSC3PortLayer::RemoveRunway(sIGZPointXZUint32 const &, sIGZPointXZUint32 const &)
00057004	QueryInterface__13cSC3PortLayerUiPPv	cSC3PortLayer::QueryInterface(unsigned int, void **)
000570d0	occupantChanged__13cSC3PortLayerQ213cSC3PortLayer11tChangeTypeP13cISC3Occupant	cSC3PortLayer::occupantChanged(cSC3PortLayer::tChangeType, cISC3Occupant *)
00057210	destroyRunway__13cSC3PortLayerP13cISC3Occupant	cSC3PortLayer::destroyRunway(cISC3Occupant *)
00057718	destroyPier__13cSC3PortLayerP13cISC3Occupant	cSC3PortLayer::destroyPier(cISC3Occupant *)
000579dc	StaticInit__13cSC3PortLayerP19cISC3CityDefinition	cSC3PortLayer::StaticInit(cISC3CityDefinition *)
000579e8	StaticShutdown__13cSC3PortLayer	cSC3PortLayer::StaticShutdown(void)
000579f4	SimulationEnd__13cSC3PortLayer	cSC3PortLayer::SimulationEnd(void)
00057a00	DoMessage__13cSC3PortLayerR10cGZMessage	cSC3PortLayer::DoMessage(cGZMessage &)
00057a0c	DoQueryInfo__13cSC3PortLayerR10cGZMessageP11cIGZUnknown	cSC3PortLayer::DoQueryInfo(cGZMessage &, cIGZUnknown *)
00057a1c	AddRef__13cSC3PortLayer	cSC3PortLayer::AddRef(void)
00057a58	Release__13cSC3PortLayer	cSC3PortLayer::Release(void)
00057ab4	GetLayerType__13cSC3PortLayer	cSC3PortLayer::GetLayerType(void)
00057ac0	GetManipulator__13cSC3PortLayerRC18cISC3CityAgentTypePP25cISC3CityLayerManipulatorRi	cSC3PortLayer::GetManipulator(cISC3CityAgentType const &, cISC3CityLayerManipulator **, int &)
00057ad4	CellCountX__C13cSC3PortLayer	cSC3PortLayer::CellCountX(void) const
00057ae4	CellCountZ__C13cSC3PortLayer	cSC3PortLayer::CellCountZ(void) const
00057af8	GetValueSint32__C13cSC3PortLayerUiUiRi	cSC3PortLayer::GetValueSint32(unsigned int, unsigned int, int &) const
00057b40	GetValue__C13cSC3PortLayerUiUiRUc	cSC3PortLayer::GetValue(unsigned int, unsigned int, unsigned char &) const
00057b7c	SetValue__13cSC3PortLayerUiUiRCUc	cSC3PortLayer::SetValue(unsigned int, unsigned int, unsigned char const &)
00057bb8	SetValue__13cSC3PortLayerUiUiUiUiRCUc	cSC3PortLayer::SetValue(unsigned int, unsigned int, unsigned int, unsigned int, unsigned char const &)
00057c34	SetAllCells__13cSC3PortLayerRCUc	cSC3PortLayer::SetAllCells(unsigned char const &)
00057c64	InBounds__C13cSC3PortLayerUiUi	cSC3PortLayer::InBounds(unsigned int, unsigned int) const
00057cb8	InBounds__C13cSC3PortLayerUiUiUiUi	cSC3PortLayer::InBounds(unsigned int, unsigned int, unsigned int, unsigned int) const
00057d14	ValidRect__C13cSC3PortLayerUiUiUiUi	cSC3PortLayer::ValidRect(unsigned int, unsigned int, unsigned int, unsigned int) const
00057d34	SerialRead__13cSC3PortLayerR18cIGZDBSerialRecord	cSC3PortLayer::SerialRead(cIGZDBSerialRecord &)
00057d94	SerialWrite__C13cSC3PortLayerR18cIGZDBSerialRecord	cSC3PortLayer::SerialWrite(cIGZDBSerialRecord &) const
00057df0	OccupantMoved__13cSC3PortLayerUiP13cISC3OccupantRC13cSC3CityCoord	cSC3PortLayer::OccupantMoved(unsigned int, cISC3Occupant *, cSC3CityCoord const &)
00057dfc	CellChangedAll__13cSC3PortLayerUi	cSC3PortLayer::CellChangedAll(unsigned int)
00057e08	CellChanged__13cSC3PortLayerUiUiUi	cSC3PortLayer::CellChanged(unsigned int, unsigned int, unsigned int)
00057e14	CellChanged__13cSC3PortLayerUiUiUiUiUi	cSC3PortLayer::CellChanged(unsigned int, unsigned int, unsigned int, unsigned int, unsigned int)
00057e24	Init__13cSC3PortLayerP9cISC3CityRCUc	cSC3PortLayer::Init(cISC3City *, unsigned char const &)
00057f24	_._13cSC3PortLayer	cSC3PortLayer::~cSC3PortLayer(void)
00057f98	Init__13cSC3PortLayerP9cISC3CityP13cISC2Importer	cSC3PortLayer::Init(cISC3City *, cISC2Importer *)
00057fa8	OverlapsControlTower__13cSC3PortLayerUiUi	cSC3PortLayer::OverlapsControlTower(unsigned int, unsigned int)
00058040	HasRunwayService__13cSC3PortLayerUiUi	cSC3PortLayer::HasRunwayService(unsigned int, unsigned int)
000580a0	HasControlTowerService__13cSC3PortLayerUiUi	cSC3PortLayer::HasControlTowerService(unsigned int, unsigned int)
00058100	HasPierService__13cSC3PortLayerUiUi	cSC3PortLayer::HasPierService(unsigned int, unsigned int)
0005815c	AddControlTower__13cSC3PortLayerUiUi	cSC3PortLayer::AddControlTower(unsigned int, unsigned int)
00058264	RemoveControlTower__13cSC3PortLayerUiUi	cSC3PortLayer::RemoveControlTower(unsigned int, unsigned int)
00058338	RemovePier__13cSC3PortLayerUiUi	cSC3PortLayer::RemovePier(unsigned int, unsigned int)
00058458	Shutdown__13cSC3PortLayer	cSC3PortLayer::Shutdown(void)
000584f4	SimulationBegin__13cSC3PortLayer	cSC3PortLayer::SimulationBegin(void)
00058540	getPortType__13cSC3PortLayerP13cISC3Occupant	cSC3PortLayer::getPortType(cISC3Occupant *)
000585e8	OccupantInserted__13cSC3PortLayerUiP13cISC3Occupant	cSC3PortLayer::OccupantInserted(unsigned int, cISC3Occupant *)
00058618	OccupantRemoved__13cSC3PortLayerUiP13cISC3Occupant	cSC3PortLayer::OccupantRemoved(unsigned int, cISC3Occupant *)
00058644	OccupantChanged__13cSC3PortLayerUiP13cISC3OccupantiPv	cSC3PortLayer::OccupantChanged(unsigned int, cISC3Occupant *, int, void *)
00058650	DebugClassTag__13cSC3PortLayerR10cIGZString	cSC3PortLayer::DebugClassTag(cIGZString &)
0005865c	DebugTypeTag__13cSC3PortLayerR10cIGZString	cSC3PortLayer::DebugTypeTag(cIGZString &)
000586a4	RZGetCOMDllDirector_SimGeom__Fv	RZGetCOMDllDirector_SimGeom(void)
00058934	CanDemolishOccupants__18cSGDemolitionLayerP20cISC3OccupantManagerRC14cSC3CityBoundsP23cISC3OccManIteratorTestQ219cISGDemolitionLayer20tDemolitionPrivilegeRUiR14cSC3CityBoundsPP26cISC3EnumCityViewSelection	cSGDemolitionLayer::CanDemolishOccupants(cISC3OccupantManager *, cSC3CityBounds const &, cISC3OccManIteratorTest *, cISGDemolitionLayer::tDemolitionPrivilege, unsigned int &, cSC3CityBounds &, cISC3EnumCityViewSelection **)
00058be4	CanDemolishFromDirtChange__18cSGDemolitionLayerRC14cSC3CityBoundsQ219cISGDemolitionLayer20tDemolitionPrivilegeRUiR14cSC3CityBoundsPP26cISC3EnumCityViewSelectionb	cSGDemolitionLayer::CanDemolishFromDirtChange(cSC3CityBounds const &, cISGDemolitionLayer::tDemolitionPrivilege, unsigned int &, cSC3CityBounds &, cISC3EnumCityViewSelection **, bool)
00058e80	CanDemolishFromDirtChange__18cSGDemolitionLayerUiRC14cSC3CityBoundsQ219cISGDemolitionLayer20tDemolitionPrivilegeRUi	cSGDemolitionLayer::CanDemolishFromDirtChange(unsigned int, cSC3CityBounds const &, cISGDemolitionLayer::tDemolitionPrivilege, unsigned int &)
000590b8	CanDemolishForBuildingSite__18cSGDemolitionLayerUiRC14cSC3CityBoundsQ219cISGDemolitionLayer20tDemolitionPrivilegeRUiR14cSC3CityBoundsPP26cISC3EnumCityViewSelection	cSGDemolitionLayer::CanDemolishForBuildingSite(unsigned int, cSC3CityBounds const &, cISGDemolitionLayer::tDemolitionPrivilege, unsigned int &, cSC3CityBounds &, cISC3EnumCityViewSelection **)
000594f4	DemolishOccupants__18cSGDemolitionLayerP20cISC3OccupantManagerRC14cSC3CityBoundsP23cISC3OccManIteratorTestQ219cISGDemolitionLayer20tDemolitionPrivilegebRUiR14cSC3CityBounds	cSGDemolitionLayer::DemolishOccupants(cISC3OccupantManager *, cSC3CityBounds const &, cISC3OccManIteratorTest *, cISGDemolitionLayer::tDemolitionPrivilege, bool, unsigned int &, cSC3CityBounds &)
0005976c	DemolishFromDirtChange__18cSGDemolitionLayerRC14cSC3CityBoundsQ219cISGDemolitionLayer20tDemolitionPrivilegebRUiR14cSC3CityBoundsT3	cSGDemolitionLayer::DemolishFromDirtChange(cSC3CityBounds const &, cISGDemolitionLayer::tDemolitionPrivilege, bool, unsigned int &, cSC3CityBounds &, bool)
00059d1c	DemolishFromDirtChange__18cSGDemolitionLayerUiRC14cSC3CityBoundsQ219cISGDemolitionLayer20tDemolitionPrivilegebRUi	cSGDemolitionLayer::DemolishFromDirtChange(unsigned int, cSC3CityBounds const &, cISGDemolitionLayer::tDemolitionPrivilege, bool, unsigned int &)
0005a34c	ChangeOccupancyState__18cSGDemolitionLayerP20cISC3OccupantManagerP13cISC3OccupantQ219cISGDemolitionLayer20tDemolitionPrivilegeib	cSGDemolitionLayer::ChangeOccupancyState(cISC3OccupantManager *, cISC3Occupant *, cISGDemolitionLayer::tDemolitionPrivilege, int, bool)
0005a5d4	IsNetworkConnection__18cSGDemolitionLayerP13cISC3Occupant	cSGDemolitionLayer::IsNetworkConnection(cISC3Occupant *)
0005a720	RemoveOccupantGroup__18cSGDemolitionLayerQ219cISGDemolitionLayer20tDemolitionPrivilegeP20cISC3OccupantManagerP13cISC3Occupant	cSGDemolitionLayer::RemoveOccupantGroup(cISGDemolitionLayer::tDemolitionPrivilege, cISC3OccupantManager *, cISC3Occupant *)
0005aa7c	DemolitionRemoveOccupant__18cSGDemolitionLayerP13cISC3OccupantQ219cISGDemolitionLayer20tDemolitionPrivilegeRUiR14cSC3CityBoundsT3	cSGDemolitionLayer::DemolitionRemoveOccupant(cISC3Occupant *, cISGDemolitionLayer::tDemolitionPrivilege, unsigned int &, cSC3CityBounds &, unsigned int &)
0005b170	Init__18cSGDemolitionLayerP9cISC3City	cSGDemolitionLayer::Init(cISC3City *)
0005b3cc	Shutdown__18cSGDemolitionLayer	cSGDemolitionLayer::Shutdown(void)
0005b544	DemolishForBuildingSite__18cSGDemolitionLayerUiRC14cSC3CityBoundsQ219cISGDemolitionLayer20tDemolitionPrivilegebRUiR14cSC3CityBounds	cSGDemolitionLayer::DemolishForBuildingSite(unsigned int, cSC3CityBounds const &, cISGDemolitionLayer::tDemolitionPrivilege, bool, unsigned int &, cSC3CityBounds &)
0005b554	CanRemove__18cSGDemolitionLayerQ219cISGDemolitionLayer20tDemolitionPrivilegeP13cISC3Occupant	cSGDemolitionLayer::CanRemove(cISGDemolitionLayer::tDemolitionPrivilege, cISC3Occupant *)
0005b60c	DoMessage__18cSGDemolitionLayerR10cGZMessage	cSGDemolitionLayer::DoMessage(cGZMessage &)
0005b618	DoQueryInfo__18cSGDemolitionLayerR10cGZMessageP11cIGZUnknown	cSGDemolitionLayer::DoQueryInfo(cGZMessage &, cIGZUnknown *)
0005b624	StaticInit__18cSGDemolitionLayerP19cISC3CityDefinition	cSGDemolitionLayer::StaticInit(cISC3CityDefinition *)
0005b630	StaticShutdown__18cSGDemolitionLayer	cSGDemolitionLayer::StaticShutdown(void)
0005b63c	Init__18cSGDemolitionLayerP9cISC3CityP13cISC2Importer	cSGDemolitionLayer::Init(cISC3City *, cISC2Importer *)
0005b648	Init__18cSGDemolitionLayerP9cISC3CityP13cIGZDBSegment	cSGDemolitionLayer::Init(cISC3City *, cIGZDBSegment *)
0005b654	Save__18cSGDemolitionLayerP9cISC3CityP13cIGZDBSegment	cSGDemolitionLayer::Save(cISC3City *, cIGZDBSegment *)
0005b660	SimulationBegin__18cSGDemolitionLayer	cSGDemolitionLayer::SimulationBegin(void)
0005b66c	SimulationEnd__18cSGDemolitionLayer	cSGDemolitionLayer::SimulationEnd(void)
0005b678	GetManipulator__18cSGDemolitionLayerRC18cISC3CityAgentTypePP25cISC3CityLayerManipulatorRi	cSGDemolitionLayer::GetManipulator(cISC3CityAgentType const &, cISC3CityLayerManipulator **, int &)
0005b684	GetLayerType__18cSGDemolitionLayer	cSGDemolitionLayer::GetLayerType(void)
0005b690	DebugClassTag__18cSGDemolitionLayerR10cIGZString	cSGDemolitionLayer::DebugClassTag(cIGZString &)
0005b69c	DebugTypeTag__18cSGDemolitionLayerR10cIGZString	cSGDemolitionLayer::DebugTypeTag(cIGZString &)
0005b6ac	QueryInterface__18cSGDemolitionLayerUiPPv	cSGDemolitionLayer::QueryInterface(unsigned int, void **)
0005b754	AddRef__18cSGDemolitionLayer	cSGDemolitionLayer::AddRef(void)
0005b790	Release__18cSGDemolitionLayer	cSGDemolitionLayer::Release(void)
0005b7d8	__18cSGDemolitionLayer	cSGDemolitionLayer::cSGDemolitionLayer(void)
0005b8d4	_._18cSGDemolitionLayer	cSGDemolitionLayer::~cSGDemolitionLayer(void)
0005b90c	QueryInterface__17cSGDemolitionTestUiPPv	cSGDemolitionTest::QueryInterface(unsigned int, void **)
0005b960	AddRef__17cSGDemolitionTest	cSGDemolitionTest::AddRef(void)
0005b97c	Release__17cSGDemolitionTest	cSGDemolitionTest::Release(void)
0005b9c0	Test__17cSGDemolitionTestP13cISC3Occupant	cSGDemolitionTest::Test(cISC3Occupant *)
0005ba30	__17cSGDemolitionTestUi	cSGDemolitionTest::cSGDemolitionTest(unsigned int)
0005ba90	_._17cSGDemolitionTest	cSGDemolitionTest::~cSGDemolitionTest(void)
0005baf4	__17cRZCOMDllDirector	cRZCOMDllDirector::cRZCOMDllDirector(void)
0005bd84	_._17cRZCOMDllDirector	cRZCOMDllDirector::~cRZCOMDllDirector(void)
0005bec4	InitializeCOM__17cRZCOMDllDirectorP7cIGZCOMR10cIGZString	cRZCOMDllDirector::InitializeCOM(cIGZCOM *, cIGZString &)
0005c1b4	OnStart__17cRZCOMDllDirectorP7cIGZCOM	cRZCOMDllDirector::OnStart(cIGZCOM *)
0005c310	GetClassObject__17cRZCOMDllDirectorUiUiPPv	cRZCOMDllDirector::GetClassObject(unsigned int, unsigned int, void **)
0005c428	EnumClassObjects__17cRZCOMDllDirectorPFUiUiPv_vPv	cRZCOMDllDirector::EnumClassObjects(void (*)(unsigned int, unsigned int, void *), void *)
0005c508	AddDirector__17cRZCOMDllDirectorP17cRZCOMDllDirector	cRZCOMDllDirector::AddDirector(cRZCOMDllDirector *)
0005c5b0	OnUnload__17cRZCOMDllDirector	cRZCOMDllDirector::OnUnload(void)
0005c5c0	GZCOM__Fv	GZCOM(void)
0005c5f0	GZDllGetGZCOMDirector	GZDllGetGZCOMDirector
0005c610	QueryInterface__17cRZCOMDllDirectorUiPPv	cRZCOMDllDirector::QueryInterface(unsigned int, void **)
0005c68c	FrameWork__17cRZCOMDllDirector	cRZCOMDllDirector::FrameWork(void)
0005c69c	AddRef__17cRZCOMDllDirector	cRZCOMDllDirector::AddRef(void)
0005c6b8	Release__17cRZCOMDllDirector	cRZCOMDllDirector::Release(void)
0005c6e0	RemoveRef__17cRZCOMDllDirector	cRZCOMDllDirector::RemoveRef(void)
0005c6f8	RefCount__17cRZCOMDllDirector	cRZCOMDllDirector::RefCount(void)
0005c70c	ModuleName__17cRZCOMDllDirectorR10cIGZString	cRZCOMDllDirector::ModuleName(cIGZString &)
0005c740	CanUnloadNow__17cRZCOMDllDirector	cRZCOMDllDirector::CanUnloadNow(void)
0005c798	AddCls__17cRZCOMDllDirectorUiPFv_P11cIGZUnknownUi	cRZCOMDllDirector::AddCls(unsigned int, cIGZUnknown *(*)(void), unsigned int)
0005c7ec	AppRegister__17cRZCOMDllDirectorP12cIGZRegistry	cRZCOMDllDirector::AppRegister(cIGZRegistry *)
0005c844	PreFrameWorkInit__17cRZCOMDllDirector	cRZCOMDllDirector::PreFrameWorkInit(void)
0005c850	PreAppInit__17cRZCOMDllDirector	cRZCOMDllDirector::PreAppInit(void)
0005c85c	PostAppInit__17cRZCOMDllDirector	cRZCOMDllDirector::PostAppInit(void)
0005c868	PreAppShutdown__17cRZCOMDllDirector	cRZCOMDllDirector::PreAppShutdown(void)
0005c874	PostAppShutdown__17cRZCOMDllDirector	cRZCOMDllDirector::PostAppShutdown(void)
0005c880	PostSystemServiceShutdown__17cRZCOMDllDirector	cRZCOMDllDirector::PostSystemServiceShutdown(void)
0005c88c	AbortiveQuit__17cRZCOMDllDirector	cRZCOMDllDirector::AbortiveQuit(void)
0005c898	OnInstall__17cRZCOMDllDirector	cRZCOMDllDirector::OnInstall(void)
0005c8a4	GZCOM__17cRZCOMDllDirector	cRZCOMDllDirector::GZCOM(void)
0005c8c0	__out_of_range__FPCc	__out_of_range(char const *)
0005cb28	__length_error__FPCc	__length_error(char const *)
0005cd88	__11logic_errorRCt12basic_string3ZcZt18string_char_traits1ZcZt24__default_alloc_template2b1i0	logic_error::logic_error(basic_string<char, string_char_traits<char>, __default_alloc_template<true, 0> > const &)
0005cde4	what__C11logic_error	logic_error::what(void) const
0005ce0c	__12domain_errorRCt12basic_string3ZcZt18string_char_traits1ZcZt24__default_alloc_template2b1i0	domain_error::domain_error(basic_string<char, string_char_traits<char>, __default_alloc_template<true, 0> > const &)
0005ce6c	__16invalid_argumentRCt12basic_string3ZcZt18string_char_traits1ZcZt24__default_alloc_template2b1i0	invalid_argument::invalid_argument(basic_string<char, string_char_traits<char>, __default_alloc_template<true, 0> > const &)
0005cecc	__12length_errorRCt12basic_string3ZcZt18string_char_traits1ZcZt24__default_alloc_template2b1i0	length_error::length_error(basic_string<char, string_char_traits<char>, __default_alloc_template<true, 0> > const &)
0005cf2c	__12out_of_rangeRCt12basic_string3ZcZt18string_char_traits1ZcZt24__default_alloc_template2b1i0	out_of_range::out_of_range(basic_string<char, string_char_traits<char>, __default_alloc_template<true, 0> > const &)
0005cf8c	__13runtime_errorRCt12basic_string3ZcZt18string_char_traits1ZcZt24__default_alloc_template2b1i0	runtime_error::runtime_error(basic_string<char, string_char_traits<char>, __default_alloc_template<true, 0> > const &)
0005cfec	what__C13runtime_error	runtime_error::what(void) const
0005d010	__13runtime_error	runtime_error::runtime_error(void)
0005d074	__11range_errorRCt12basic_string3ZcZt18string_char_traits1ZcZt24__default_alloc_template2b1i0	range_error::range_error(basic_string<char, string_char_traits<char>, __default_alloc_template<true, 0> > const &)
0005d0cc	__14overflow_errorRCt12basic_string3ZcZt18string_char_traits1ZcZt24__default_alloc_template2b1i0	overflow_error::overflow_error(basic_string<char, string_char_traits<char>, __default_alloc_template<true, 0> > const &)
0005d12c	__15underflow_errorRCt12basic_string3ZcZt18string_char_traits1ZcZt24__default_alloc_template2b1i0	underflow_error::underflow_error(basic_string<char, string_char_traits<char>, __default_alloc_template<true, 0> > const &)
0005d190	__7istreamiP9streambufP7ostream	istream::istream(int, streambuf *, ostream *)
0005d244	skip_ws__FP9streambuf	skip_ws(streambuf *)
0005d278	get__7istreamRc	istream::get(char &)
0005d358	peek__7istream	istream::peek(void)
0005d3b4	ignore__7istreamii	istream::ignore(int, int)
0005d4ac	read__7istreamPci	istream::read(char *, int)
0005d584	sync__7istream	istream::sync(void)
0005d5c4	seekg__7istreamx	istream::seekg(long long)
0005d5fc	seekg__7istreamxQ23ios8seek_dir	istream::seekg(long long, ios::seek_dir)
0005d63c	tellg__7istream	istream::tellg(void)
0005d67c	__rs__7istreamRc	istream::operator>>(char &)
0005d764	__rs__7istreamPc	istream::operator>>(char *)
0005db80	__rs__7istreamRs	istream::operator>>(short &)
0005dbc4	__rs__7istreamRUs	istream::operator>>(unsigned short &)
0005dc08	__rs__7istreamRi	istream::operator>>(int &)
0005dc48	__rs__7istreamRUi	istream::operator>>(unsigned int &)
0005dc88	__rs__7istreamRl	istream::operator>>(long &)
0005dcc8	__rs__7istreamRUl	istream::operator>>(unsigned long &)
0005dd08	__rs__7istreamRx	istream::operator>>(long long &)
0005dd50	__rs__7istreamRUx	istream::operator>>(unsigned long long &)
0005dd98	__rs__7istreamRb	istream::operator>>(bool &)
0005dde4	__rs__7istreamRr	istream::operator>>(long double &)
0005deb8	__rs__7istreamRd	istream::operator>>(double &)
0005df88	__rs__7istreamRf	istream::operator>>(float &)
0005e058	__rs__7istreamP9streambuf	istream::operator>>(streambuf *)
0005e15c	__ls__7ostreamc	ostream::operator<<(char)
0005e4cc	__ls__7ostreami	ostream::operator<<(int)
0005e578	__ls__7ostreamUi	ostream::operator<<(unsigned int)
0005e608	__ls__7ostreaml	ostream::operator<<(long)
0005e6b4	__ls__7ostreamUl	ostream::operator<<(unsigned long)
0005e744	__ls__7ostreamx	ostream::operator<<(long long)
0005e7f8	__ls__7ostreamUx	ostream::operator<<(unsigned long long)
0005e888	__ls__7ostreamd	ostream::operator<<(double)
0005ea38	__ls__7ostreamr	ostream::operator<<(long double)
0005ebec	__ls__7ostreamPCc	ostream::operator<<(char const *)
0005ed78	__ls__7ostreamP9streambuf	ostream::operator<<(streambuf *)
0005ee90	__7ostreamiP9streambufP7ostream	ostream::ostream(int, streambuf *, ostream *)
0005ef3c	seekp__7ostreamx	ostream::seekp(long long)
0005ef74	seekp__7ostreamxQ23ios8seek_dir	ostream::seekp(long long, ios::seek_dir)
0005efb4	tellp__7ostream	ostream::tellp(void)
0005eff4	flush__7ostream	ostream::flush(void)
0005f024	flush__FR7ostream	flush(ostream &)
0005f03c	ws__FR7istream	ws(istream &)
0005f118	_skip_ws__7istream	istream::_skip_ws(void)
0005f160	ends__FR7ostream	ends(ostream &)
0005f184	endl__FR7ostream	endl(ostream &)
0005f1b0	lock__FR7istream	lock(istream &)
0005f1d0	unlock__FR7istream	unlock(istream &)
0005f1f0	lock__FR7ostream	lock(ostream &)
0005f210	unlock__FR7ostream	unlock(ostream &)
0005f230	write__7ostreamPCci	ostream::write(char const *, int)
0005f304	do_osfx__7ostream	ostream::do_osfx(void)
0005f350	__8iostreamiP9streambufP7ostream	iostream::iostream(int, streambuf *, ostream *)
0005f414	close__3ios	ios::close(void)
0005f458	skip__7istreami	istream::skip(int)
0005f480	__7ostreami	ostream::ostream(int)
0005f4e0	opfx__7ostream	ostream::opfx(void)
0005f524	osfx__7ostream	ostream::osfx(void)
0005f558	put__7ostreamc	ostream::put(char)
0005f580	put__7ostreamUc	ostream::put(unsigned char)
0005f5a8	put__7ostreamSc	ostream::put(signed char)
0005f5d0	write__7ostreamPCUci	ostream::write(unsigned char const *, int)
0005f5f0	write__7ostreamPCSci	ostream::write(signed char const *, int)
0005f610	write__7ostreamPCvi	ostream::write(void const *, int)
0005f630	__ls__7ostreamUc	ostream::operator<<(unsigned char)
0005f64c	__ls__7ostreamSc	ostream::operator<<(signed char)
0005f668	__ls__7ostreamPCUc	ostream::operator<<(unsigned char const *)
0005f684	__ls__7ostreamPCSc	ostream::operator<<(signed char const *)
0005f6a0	__ls__7ostreams	ostream::operator<<(short)
0005f6bc	__ls__7ostreamUs	ostream::operator<<(unsigned short)
0005f6d8	__ls__7ostreamb	ostream::operator<<(bool)
0005f6f4	__ls__7ostreamf	ostream::operator<<(float)
0005f714	__ls__7ostreamPFR7ostream_R7ostream	ostream::operator<<(ostream &(*)(ostream &))
0005f72c	__ls__7ostreamPFR3ios_R3ios	ostream::operator<<(ios &(*)(ios &))
0005f74c	ostreambuf__C7ostream	ostream::ostreambuf(void) const
0005f75c	__7istreami	istream::istream(int)
0005f7c4	get__7istreamPUcic	istream::get(unsigned char *, int, char)
0005f7e8	get__7istreamRUc	istream::get(unsigned char &)
0005f804	getline__7istreamPUcic	istream::getline(unsigned char *, int, char)
0005f828	get__7istreamRSc	istream::get(signed char &)
0005f844	get__7istreamPScic	istream::get(signed char *, int, char)
0005f868	getline__7istreamPScic	istream::getline(signed char *, int, char)
0005f88c	read__7istreamPUci	istream::read(unsigned char *, int)
0005f8ac	read__7istreamPSci	istream::read(signed char *, int)
0005f8cc	read__7istreamPvi	istream::read(void *, int)
0005f8ec	ipfx__7istreami	istream::ipfx(int)
0005f970	ipfx0__7istream	istream::ipfx0(void)
0005f9d4	ipfx1__7istream	istream::ipfx1(void)
0005fa28	isfx__7istream	istream::isfx(void)
0005fa44	get__7istream	istream::get(void)
0005fac8	gcount__7istream	istream::gcount(void)
0005fad8	putback__7istreamc	istream::putback(char)
0005fb10	unget__7istream	istream::unget(void)
0005fb44	unget__7istreamc	istream::unget(char)
0005fb7c	istreambuf__C7istream	istream::istreambuf(void) const
0005fb8c	__rs__7istreamPUc	istream::operator>>(unsigned char *)
0005fba8	__rs__7istreamPSc	istream::operator>>(signed char *)
0005fbc4	__rs__7istreamRUc	istream::operator>>(unsigned char &)
0005fbe0	__rs__7istreamRSc	istream::operator>>(signed char &)
0005fbfc	__rs__7istreamPFR3ios_R3ios	istream::operator>>(ios &(*)(ios &))
0005fc1c	__rs__7istreamPFR7istream_R7istream	istream::operator>>(istream &(*)(istream &))
0005fc34	__8iostreami	iostream::iostream(int)
0005fcb4	__as__22_IO_istream_withassignR22_IO_istream_withassign	_IO_istream_withassign::operator=(_IO_istream_withassign &)
0005fcd0	__as__22_IO_ostream_withassignR22_IO_ostream_withassign	_IO_ostream_withassign::operator=(_IO_ostream_withassign &)
0005fcec	dec__FR3ios	dec(ios &)
0005fd04	hex__FR3ios	hex(ios &)
0005fd1c	oct__FR3ios	oct(ios &)
0005fd40	getline__7istreamPcic	istream::getline(char *, int, char)
0005feac	get__7istreamPcic	istream::get(char *, int, char)
0005ffb8	_sb_readline__FP9streambufRlc	_sb_readline(streambuf *, long &, char)
000600d4	gets__7istreamPPcc	istream::gets(char **, char)
000601e0	scan__7istreamPCce	istream::scan(char const *,...)
000602b8	vscan__7istreamPCcPv	istream::vscan(char const *, void *)
00060388	vscan__9streambufPCcPvP3ios	streambuf::vscan(char const *, void *, ios *)
000603c4	scan__9streambufPCce	streambuf::scan(char const *,...)
000603e4	sync_with_stdio__3iosi	ios::sync_with_stdio(int)
000603f0	_un_link__9streambuf	streambuf::_un_link(void)
00060408	_link_in__9streambuf	streambuf::_link_in(void)
00060420	switch_to_get_mode__9streambuf	streambuf::switch_to_get_mode(void)
00060438	free_backup_area__9streambuf	streambuf::free_backup_area(void)
00060450	__overflow__FP9streambufi	__overflow(streambuf *, int)
00060470	underflow__9streambuf	streambuf::underflow(void)
0006047c	uflow__9streambuf	streambuf::uflow(void)
00060494	overflow__9streambufi	streambuf::overflow(int)
000604a0	xsputn__9streambufPCci	streambuf::xsputn(char const *, int)
000604c0	xsgetn__9streambufPci	streambuf::xsgetn(char *, int)
000604e0	ignore__9streambufi	streambuf::ignore(int)
00060530	sync__9streambuf	streambuf::sync(void)
0006053c	pbackfail__9streambufi	streambuf::pbackfail(int)
00060558	setbuf__9streambufPci	streambuf::setbuf(char *, int)
000605f8	seekpos__9streambufxi	streambuf::seekpos(long long, int)
00060628	sseekpos__9streambufxi	streambuf::sseekpos(long long, int)
00060648	setb__9streambufPcT1i	streambuf::setb(char *, char *, int)
0006066c	doallocate__9streambuf	streambuf::doallocate(void)
00060684	doallocbuf__9streambuf	streambuf::doallocbuf(void)
0006069c	__9streambufi	streambuf::streambuf(int)
000606d8	_._9streambuf	streambuf::~streambuf(void)
00060738	seekoff__9streambufxQ23ios8seek_diri	streambuf::seekoff(long long, ios::seek_dir, int)
0006074c	sseekoff__9streambufxQ23ios8seek_diri	streambuf::sseekoff(long long, ios::seek_dir, int)
00060774	sputbackc__9streambufc	streambuf::sputbackc(char)
00060790	sungetc__9streambuf	streambuf::sungetc(void)
000607a8	get_column__9streambuf	streambuf::get_column(void)
000607dc	set_column__9streambufi	streambuf::set_column(int)
000607f0	flush_all__9streambuf	streambuf::flush_all(void)
00060800	flush_all_linebuffered__9streambuf	streambuf::flush_all_linebuffered(void)
00060810	sys_stat__9streambufPv	streambuf::sys_stat(void *)
0006082c	sys_read__9streambufPci	streambuf::sys_read(char *, int)
00060838	sys_write__9streambufPCci	streambuf::sys_write(char const *, int)
00060844	sys_seek__9streambufxQ23ios8seek_dir	streambuf::sys_seek(long long, ios::seek_dir)
00060858	sys_close__9streambuf	streambuf::sys_close(void)
00060864	showmanyc__9streambuf	streambuf::showmanyc(void)
00060870	imbue__9streambufPv	streambuf::imbue(void *)
00060878	__12streammarkerP9streambuf	streammarker::streammarker(streambuf *)
00060898	_._12streammarker	streammarker::~streammarker(void)
000608cc	delta__12streammarkerR12streammarker	streammarker::delta(streammarker &)
000608e8	delta__12streammarker	streammarker::delta(void)
00060900	seekmark__9streambufR12streammarkeri	streambuf::seekmark(streammarker &, int)
00060920	unsave_markers__9streambuf	streambuf::unsave_markers(void)
00060938	readable__3ios	ios::readable(void)
00060950	writable__3ios	ios::writable(void)
00060968	is_open__3ios	ios::is_open(void)
0006098c	tie__C3ios	ios::tie(void) const
0006099c	tie__3iosP7ostream	ios::tie(ostream *)
000609b4	fill__C3ios	ios::fill(void) const
000609c4	fill__3iosw	ios::fill(wchar_t)
000609dc	flags__C3ios	ios::flags(void) const
000609ec	flags__3iosUl	ios::flags(unsigned long)
00060a04	precision__C3ios	ios::precision(void) const
00060a14	precision__3iosi	ios::precision(int)
00060a2c	setf__3iosUl	ios::setf(unsigned long)
00060a44	setf__3iosUlUl	ios::setf(unsigned long, unsigned long)
00060a68	unsetf__3iosUl	ios::unsetf(unsigned long)
00060a84	width__C3ios	ios::width(void) const
00060a94	width__3iosi	ios::width(int)
00060aac	_throw_failure__C3ios	ios::_throw_failure(void) const
00060ab4	clear__3iosi	ios::clear(int)
00060ad0	set__3iosi	ios::set(int)
00060ae0	setstate__3iosi	ios::setstate(int)
00060af0	good__C3ios	ios::good(void) const
00060b04	eof__C3ios	ios::eof(void) const
00060b18	fail__C3ios	ios::fail(void) const
00060b2c	bad__C3ios	ios::bad(void) const
00060b40	rdstate__C3ios	ios::rdstate(void) const
00060b50	__opPv__C3ios	ios::operator void *(void) const
00060b6c	__nt__C3ios	ios::operator!(void) const
00060b80	exceptions__C3ios	ios::exceptions(void) const
00060b90	exceptions__3iosi	ios::exceptions(int)
00060ba0	rdbuf__C3ios	ios::rdbuf(void) const
00060bac	rdbuf__3iosP9streambuf	ios::rdbuf(streambuf *)
00060bcc	sync_with_stdio__3ios	ios::sync_with_stdio(void)
00060be0	unset__3ios11state_value	ios::unset(state_value)
00060bf4	__Q23ios4Init	ios::Init::Init(void)
00060c00	set_offset__12streammarkeri	streammarker::set_offset(int)
00060c10	saving__12streammarker	streammarker::saving(void)
00060c1c	_vtable__9streambuf	streambuf::_vtable(void)
00060c2c	xchain__9streambuf	streambuf::xchain(void)
00060c3c	gptr__C9streambuf	streambuf::gptr(void) const
00060c58	pptr__C9streambuf	streambuf::pptr(void) const
00060c68	egptr__C9streambuf	streambuf::egptr(void) const
00060c88	epptr__C9streambuf	streambuf::epptr(void) const
00060c98	pbase__C9streambuf	streambuf::pbase(void) const
00060ca8	eback__C9streambuf	streambuf::eback(void) const
00060cc8	base__C9streambuf	streambuf::base(void) const
00060cd8	ebuf__C9streambuf	streambuf::ebuf(void) const
00060ce8	blen__C9streambuf	streambuf::blen(void) const
00060cfc	xput_char__9streambufc	streambuf::xput_char(char)
00060d14	xflags__9streambuf	streambuf::xflags(void)
00060d20	xflags__9streambufi	streambuf::xflags(int)
00060d34	xsetflags__9streambufi	streambuf::xsetflags(int)
00060d44	xsetflags__9streambufii	streambuf::xsetflags(int, int)
00060d60	gbump__9streambufi	streambuf::gbump(int)
00060d7c	pbump__9streambufi	streambuf::pbump(int)
00060d90	setp__9streambufPcT1	streambuf::setp(char *, char *)
00060dac	setg__9streambufPcN21	streambuf::setg(char *, char *, char *)
00060de0	shortbuf__9streambuf	streambuf::shortbuf(void)
00060df0	in_backup__9streambuf	streambuf::in_backup(void)
00060e04	Gbase__9streambuf	streambuf::Gbase(void)
00060e1c	eGptr__9streambuf	streambuf::eGptr(void)
00060e38	Bbase__9streambuf	streambuf::Bbase(void)
00060e58	Bptr__9streambuf	streambuf::Bptr(void)
00060e68	eBptr__9streambuf	streambuf::eBptr(void)
00060e88	Nbase__9streambuf	streambuf::Nbase(void)
00060e98	eNptr__9streambuf	streambuf::eNptr(void)
00060ea8	have_backup__9streambuf	streambuf::have_backup(void)
00060ebc	have_markers__9streambuf	streambuf::have_markers(void)
00060ed0	put_mode__9streambuf	streambuf::put_mode(void)
00060ee4	pubseekoff__9streambufxQ23ios8seek_diri	streambuf::pubseekoff(long long, ios::seek_dir, int)
00060f0c	pubseekpos__9streambufxi	streambuf::pubseekpos(long long, int)
00060f2c	unbuffered__9streambuf	streambuf::unbuffered(void)
00060f40	linebuffered__9streambuf	streambuf::linebuffered(void)
00060f54	unbuffered__9streambufi	streambuf::unbuffered(int)
00060f6c	linebuffered__9streambufi	streambuf::linebuffered(int)
00060f88	allocate__9streambuf	streambuf::allocate(void)
00060fb4	allocbuf__9streambuf	streambuf::allocbuf(void)
00060fd0	in_avail__9streambuf	streambuf::in_avail(void)
00060fe4	out_waiting__9streambuf	streambuf::out_waiting(void)
00060ff8	sputn__9streambufPCci	streambuf::sputn(char const *, int)
00061020	padn__9streambufci	streambuf::padn(char, int)
00061040	sgetn__9streambufPci	streambuf::sgetn(char *, int)
00061060	sputc__9streambufi	streambuf::sputc(int)
0006107c	sbumpc__9streambuf	streambuf::sbumpc(void)
00061094	sgetc__9streambuf	streambuf::sgetc(void)
000610ac	snextc__9streambuf	streambuf::snextc(void)
000610e4	stossc__9streambuf	streambuf::stossc(void)
000610fc	is_open__C7filebuf	filebuf::is_open(void) const
00061110	fd__C7filebuf	filebuf::fd(void) const
0006112c	is_reading__7filebuf	filebuf::is_reading(void)
00061160	cur_ptr__7filebuf	filebuf::cur_ptr(void)
000611a0	file_ptr__7filebuf	filebuf::file_ptr(void)
000611b8	init__3iosP9streambufP7ostream	ios::init(streambuf *, ostream *)
00061208	__3iosP9streambufP7ostream	ios::ios(streambuf *, ostream *)
0006125c	_._3ios	ios::~ios(void)
000612a0	init__7filebuf	filebuf::init(void)
000612b8	__7filebuf	filebuf::filebuf(void)
00061318	__7filebufi	filebuf::filebuf(int)
0006137c	__7filebufiPci	filebuf::filebuf(int, char *, int)
000613fc	_._7filebuf	filebuf::~filebuf(void)
00061458	open__7filebufPCcii	filebuf::open(char const *, int, int)
00061508	open__7filebufPCcT1	filebuf::open(char const *, char const *)
00061528	attach__7filebufi	filebuf::attach(int)
00061544	setbuf__7filebufPci	filebuf::setbuf(char *, int)
00061564	doallocate__7filebuf	filebuf::doallocate(void)
0006157c	overflow__7filebufi	filebuf::overflow(int)
00061598	underflow__7filebuf	filebuf::underflow(void)
000615b0	sync__7filebuf	filebuf::sync(void)
000615c8	seekoff__7filebufxQ23ios8seek_diri	filebuf::seekoff(long long, ios::seek_dir, int)
000615f0	close__7filebuf	filebuf::close(void)
00061614	sys_read__7filebufPci	filebuf::sys_read(char *, int)
00061634	sys_seek__7filebufxQ23ios8seek_dir	filebuf::sys_seek(long long, ios::seek_dir)
00061654	sys_write__7filebufPCci	filebuf::sys_write(char const *, int)
00061674	sys_stat__7filebufPv	filebuf::sys_stat(void *)
00061690	sys_close__7filebuf	filebuf::sys_close(void)
000616a8	xsputn__7filebufPCci	filebuf::xsputn(char const *, int)
000616c8	xsgetn__7filebufPci	filebuf::xsgetn(char *, int)
000616f0	__as__22_IO_istream_withassignR7istream	_IO_istream_withassign::operator=(istream &)
00061754	__as__22_IO_ostream_withassignR7ostream	_IO_ostream_withassign::operator=(ostream &)
000617b4	__default_terminate	__default_terminate
000617d0	__terminate	__terminate
000617f8	__throw_type_match	__throw_type_match
0006182c	__empty	__empty
00061888	__get_eh_context	__get_eh_context
000618ac	__get_eh_info	__get_eh_info
0006195c	__get_dynamic_handler_chain	__get_dynamic_handler_chain
00061984	__sjthrow	__sjthrow
00061a94	__sjpopnthrow	__sjpopnthrow
00061b8c	__eh_rtime_match	__eh_rtime_match
00061be4	__get_eh_table_version	__get_eh_table_version
00061bf4	__get_eh_table_language	__get_eh_table_language
00061e98	__unwinding_cleanup	__unwinding_cleanup
00062208	__throw	__throw
000622c8	__rethrow	__rethrow
00062394	__pure_virtual	__pure_virtual
000623d0	__udivdi3	__udivdi3
000624f0	__umoddi3	__umoddi3
00062684	terminate__Fv	terminate(void)
000626a4	__default_unexpected__Fv	__default_unexpected(void)
000626c0	set_terminate__FPFv_v	set_terminate(void (*)(void))
000626e8	set_unexpected__FPFv_v	set_unexpected(void (*)(void))
00062714	unexpected__Fv	unexpected(void)
00062734	__cp_exception_info	__cp_exception_info
0006275c	__cp_eh_info	__cp_eh_info
00062780	__start_cp_handler	__start_cp_handler
000627ac	__eh_alloc	__eh_alloc
000627e4	__eh_free	__eh_free
00062810	__cplus_type_matcher	__cplus_type_matcher
0006287c	__cp_push_exception	__cp_push_exception
000628f0	__cp_pop_exception	__cp_pop_exception
000629a0	__uncatch_exception	__uncatch_exception
000629d0	__check_eh_spec	__check_eh_spec
00062ba4	__throw_bad_cast	__throw_bad_cast
00062c48	__throw_bad_typeid	__throw_bad_typeid
00062ce8	uncaught_exception__Fv	uncaught_exception(void)
00062d1c	what__C9exception	exception::what(void) const
00062d44	__9exception	exception::exception(void)
00062d6c	_._9exception	exception::~exception(void)
00062da4	__13bad_exception	bad_exception::bad_exception(void)
00062dd4	_._13bad_exception	bad_exception::~bad_exception(void)
00063894	__register_frame_info	__register_frame_info
000638e0	__register_frame	__register_frame
00063918	__register_frame_info_table	__register_frame_info_table
00063960	__register_frame_table	__register_frame_table
00063998	__deregister_frame_info	__deregister_frame_info
00063a00	__deregister_frame	__deregister_frame
00063a34	__frame_state_for	__frame_state_for
00063cb4	__builtin_delete	__builtin_delete
00063d54	__builtin_new	__builtin_new
00063eb4	__builtin_vec_delete	__builtin_vec_delete
00063f54	__builtin_vec_new	__builtin_vec_new
00064004	_._9type_info	type_info::~type_info(void)
0006403c	__eq__C9type_infoRC9type_info	type_info::operator==(type_info const &) const
00064080	__rtti_class	__rtti_class
000640cc	__rtti_si	__rtti_si
00064114	__rtti_user	__rtti_user
0006414c	dcast__C16__user_type_infoRC9type_infoiPvPC9type_infoT3	__user_type_info::dcast(type_info const &, int, void *, type_info const *, void *) const
00064184	dcast__C14__si_type_infoRC9type_infoiPvPC9type_infoT3	__si_type_info::dcast(type_info const &, int, void *, type_info const *, void *) const
000641e4	dcast__C17__class_type_infoRC9type_infoiPvPC9type_infoT3	__class_type_info::dcast(type_info const &, int, void *, type_info const *, void *) const
00064334	__9type_infoPCc	type_info::type_info(char const *)
0006435c	name__C9type_info	type_info::name(void) const
0006436c	__ne__C9type_infoRC9type_info	type_info::operator!=(type_info const &) const
0006439c	__8bad_cast	bad_cast::bad_cast(void)
000643cc	_._8bad_cast	bad_cast::~bad_cast(void)
0006440c	__10bad_typeid	bad_typeid::bad_typeid(void)
0006443c	_._10bad_typeid	bad_typeid::~bad_typeid(void)
0006447c	__16__user_type_infoPCc	__user_type_info::__user_type_info(char const *)
000644b0	__14__si_type_infoPCcRC16__user_type_info	__si_type_info::__si_type_info(char const *, __user_type_info const &)
000644f8	__17__class_type_infoPCcPCQ217__class_type_info9base_infoUi	__class_type_info::__class_type_info(char const *, __class_type_info::base_info const *, unsigned int)
00064554	before__C9type_infoRC9type_info	type_info::before(type_info const &) const
00064588	__throw_type_match_rtti	__throw_type_match_rtti
00064a20	__is_pointer__FPv	__is_pointer(void *)
00064a74	__rtti_ptr	__rtti_ptr
00064ab0	__rtti_attr	__rtti_attr
00064af4	__rtti_func	__rtti_func
00064b2c	__rtti_ptmf	__rtti_ptmf
00064b64	__rtti_ptmd	__rtti_ptmd
00064b9c	__rtti_array	__rtti_array
00064bd4	__dynamic_cast	__dynamic_cast
00064c28	__tfv	void type_info function
00064c70	__tfx	long long type_info function
00064cb8	__tfl	long type_info function
00064d00	__tfi	int type_info function
00064d48	__tfs	short type_info function
00064d90	__tfb	bool type_info function
00064dd8	__tfc	char type_info function
00064e20	__tfw	wchar_t type_info function
00064e68	__tfr	long double type_info function
00064eb0	__tfd	double type_info function
00064ef8	__tff	float type_info function
00064f40	__tfUi	unsigned int type_info function
00064f88	__tfUl	unsigned long type_info function
00064fd0	__tfUx	unsigned long long type_info function
00065018	__tfUs	unsigned short type_info function
00065060	__tfUc	unsigned char type_info function
000650a8	__tfSc	signed char type_info function
000650f0	set_new_handler__FPFv_v	set_new_handler(void (*)(void))
00065118	what__C9bad_alloc	bad_alloc::what(void) const
00065138	__nw__FUiPv	operator new(unsigned int, void *)
00065154	__vn__FUiPv	operator new [](unsigned int, void *)
000651e4	_S_chunk_alloc__t24__default_alloc_template2b1i0UiRi	__default_alloc_template<true, 0>::_S_chunk_alloc(unsigned int, int &)
00065394	clone__Q2t12basic_string3ZcZt18string_char_traits1ZcZt24__default_alloc_template2b1i0_3Rep	basic_string<char, string_char_traits<char>, __default_alloc_template<true, 0> >::Rep::clone(void)
000655b4	alloc__t12basic_string3ZcZt18string_char_traits1ZcZt24__default_alloc_template2b1i0Uib	basic_string<char, string_char_traits<char>, __default_alloc_template<true, 0> >::alloc(unsigned int, bool)
00065894	replace__t12basic_string3ZcZt18string_char_traits1ZcZt24__default_alloc_template2b1i0UiUiUic	basic_string<char, string_char_traits<char>, __default_alloc_template<true, 0> >::replace(unsigned int, unsigned int, unsigned int, char)
00065c64	replace__t12basic_string3ZcZt18string_char_traits1ZcZt24__default_alloc_template2b1i0UiUiPCcUi	basic_string<char, string_char_traits<char>, __default_alloc_template<true, 0> >::replace(unsigned int, unsigned int, char const *, unsigned int)
00066044	replace__t12basic_string3ZcZt18string_char_traits1ZcZt24__default_alloc_template2b1i0UiUiRCt12basic_string3ZcZt18string_char_traits1ZcZt24__default_alloc_template2b1i0UiUi	basic_string<char, string_char_traits<char>, __default_alloc_template<true, 0> >::replace(unsigned int, unsigned int, basic_string<char, string_char_traits<char>, __default_alloc_template<true, 0> > const &, unsigned int, unsigned int)
000661a4	replace__H1ZPCc_t12basic_string3ZcZt18string_char_traits1ZcZt24__default_alloc_template2b1i0PcT1X00X00_Rt12basic_string3ZcZt18string_char_traits1ZcZt24__default_alloc_template2b1i0	basic_string<char, string_char_traits<char>, __default_alloc_template<true, 0> > & basic_string<char, string_char_traits<char>, __default_alloc_template<true, 0> >::replace<char const *>(char *, char *, char const *, char const *)
000665a4	compare__Ct12basic_string3ZcZt18string_char_traits1ZcZt24__default_alloc_template2b1i0RCt12basic_string3ZcZt18string_char_traits1ZcZt24__default_alloc_template2b1i0UiUi	basic_string<char, string_char_traits<char>, __default_alloc_template<true, 0> >::compare(basic_string<char, string_char_traits<char>, __default_alloc_template<true, 0> > const &, unsigned int, unsigned int) const
00066654	__uninitialized_copy_aux__H2ZPQ219cISC3BuildingFamily13tFamilyMemberZPQ219cISC3BuildingFamily13tFamilyMember_X01X01X11G12__false_type_X11	cISC3BuildingFamily::tFamilyMember * __uninitialized_copy_aux<cISC3BuildingFamily::tFamilyMember *, cISC3BuildingFamily::tFamilyMember *>(cISC3BuildingFamily::tFamilyMember *, cISC3BuildingFamily::tFamilyMember *, cISC3BuildingFamily::tFamilyMember *, __false_type)
000666a4	_M_insert_aux__t6vector2ZQ219cISC3BuildingFamily13tFamilyMemberZt9allocator1ZQ219cISC3BuildingFamily13tFamilyMemberPQ219cISC3BuildingFamily13tFamilyMemberRCQ219cISC3BuildingFamily13tFamilyMember	vector<cISC3BuildingFamily::tFamilyMember, allocator<cISC3BuildingFamily::tFamilyMember> >::_M_insert_aux(cISC3BuildingFamily::tFamilyMember *, cISC3BuildingFamily::tFamilyMember const &)
00066abc	__thunk_4_QueryInterface__18cRZResourceFactoryUiPPv	virtual function thunk (delta:-4) for cRZResourceFactory::QueryInterface(unsigned int, void **)
00066ad8	__thunk_4_AddRef__18cRZResourceFactory	virtual function thunk (delta:-4) for cRZResourceFactory::AddRef(void)
00066af4	__thunk_4_Release__18cRZResourceFactory	virtual function thunk (delta:-4) for cRZResourceFactory::Release(void)
00066b10	__thunk_4__._25cSC3BuildingFamilyFactory	virtual function thunk (delta:-4) for cSC3BuildingFamilyFactory::~cSC3BuildingFamilyFactory(void)
00066b2c	__thunk_4_QueryInterface__18cSC3BuildingFamilyUiPPv	virtual function thunk (delta:-4) for cSC3BuildingFamily::QueryInterface(unsigned int, void **)
00066b48	__thunk_4_AddRef__18cSC3BuildingFamily	virtual function thunk (delta:-4) for cSC3BuildingFamily::AddRef(void)
00066b64	__thunk_4_Release__18cSC3BuildingFamily	virtual function thunk (delta:-4) for cSC3BuildingFamily::Release(void)
00066b80	__thunk_4_DebugInstanceTag__18cSC3BuildingFamilyR10cIGZString	virtual function thunk (delta:-4) for cSC3BuildingFamily::DebugInstanceTag(cIGZString &)
00066b9c	__thunk_4_DebugClassTag__18cSC3BuildingFamilyR10cIGZString	virtual function thunk (delta:-4) for cSC3BuildingFamily::DebugClassTag(cIGZString &)
00066bb8	__thunk_4_DebugTypeTag__18cSC3BuildingFamilyR10cIGZString	virtual function thunk (delta:-4) for cSC3BuildingFamily::DebugTypeTag(cIGZString &)
00066bd4	__thunk_4__._18cSC3BuildingFamily	virtual function thunk (delta:-4) for cSC3BuildingFamily::~cSC3BuildingFamily(void)
00066bf4	_._25cSC3BuildingFamilyFactory	cSC3BuildingFamilyFactory::~cSC3BuildingFamilyFactory(void)
00066c30	find__t8_Rb_tree5ZUiZt4pair2ZCUiZt6vector2ZUiZt9allocator1ZUiZt10_Select1st1Zt4pair2ZCUiZt6vector2ZUiZt9allocator1ZUiZt4less1ZUiZt9allocator1Zt6vector2ZUiZt9allocator1ZUiRCUi	_Rb_tree<unsigned int, pair<unsigned int const, vector<unsigned int, allocator<unsigned int> > >, _Select1st<pair<unsigned int const, vector<unsigned int, allocator<unsigned int> > > >, less<unsigned int>, allocator<vector<unsigned int, allocator<unsigned int> > > >::find(unsigned int const &)
00066c94	_M_insert_aux__t6vector2ZUiZt9allocator1ZUiPUiRCUi	vector<unsigned int, allocator<unsigned int> >::_M_insert_aux(unsigned int *, unsigned int const &)
00066fc4	__t4pair2ZCUiZt6vector2ZUiZt9allocator1ZUiRCt4pair2ZCUiZt6vector2ZUiZt9allocator1ZUi	pair<unsigned int const, vector<unsigned int, allocator<unsigned int> > >::pair(pair<unsigned int const, vector<unsigned int, allocator<unsigned int> > > const &)
00067204	_M_insert__t8_Rb_tree5ZUiZt4pair2ZCUiZt6vector2ZUiZt9allocator1ZUiZt10_Select1st1Zt4pair2ZCUiZt6vector2ZUiZt9allocator1ZUiZt4less1ZUiZt9allocator1Zt6vector2ZUiZt9allocator1ZUiP18_Rb_tree_node_baseT1RCt4pair2ZCUiZt6vector2ZUiZt9allocator1ZUi	_Rb_tree<unsigned int, pair<unsigned int const, vector<unsigned int, allocator<unsigned int> > >, _Select1st<pair<unsigned int const, vector<unsigned int, allocator<unsigned int> > > >, less<unsigned int>, allocator<vector<unsigned int, allocator<unsigned int> > > >::_M_insert(_Rb_tree_node_base *, _Rb_tree_node_base *, pair<unsigned int const, vector<unsigned int, allocator<unsigned int> > > const &)
00067734	insert_unique__t8_Rb_tree5ZUiZt4pair2ZCUiZt6vector2ZUiZt9allocator1ZUiZt10_Select1st1Zt4pair2ZCUiZt6vector2ZUiZt9allocator1ZUiZt4less1ZUiZt9allocator1Zt6vector2ZUiZt9allocator1ZUiRCt4pair2ZCUiZt6vector2ZUiZt9allocator1ZUi	_Rb_tree<unsigned int, pair<unsigned int const, vector<unsigned int, allocator<unsigned int> > >, _Select1st<pair<unsigned int const, vector<unsigned int, allocator<unsigned int> > > >, less<unsigned int>, allocator<vector<unsigned int, allocator<unsigned int> > > >::insert_unique(pair<unsigned int const, vector<unsigned int, allocator<unsigned int> > > const &)
00067824	insert_unique__t8_Rb_tree5ZUiZt4pair2ZCUiZt6vector2ZUiZt9allocator1ZUiZt10_Select1st1Zt4pair2ZCUiZt6vector2ZUiZt9allocator1ZUiZt4less1ZUiZt9allocator1Zt6vector2ZUiZt9allocator1ZUiGt17_Rb_tree_iterator3Zt4pair2ZCUiZt6vector2ZUiZt9allocator1ZUiZRt4pair2ZCUiZt6vector2ZUiZt9allocator1ZUiZPt4pair2ZCUiZt6vector2ZUiZt9allocator1ZUiRCt4pair2ZCUiZt6vector2ZUiZt9allocator1ZUi	_Rb_tree<unsigned int, pair<unsigned int const, vector<unsigned int, allocator<unsigned int> > >, _Select1st<pair<unsigned int const, vector<unsigned int, allocator<unsigned int> > > >, less<unsigned int>, allocator<vector<unsigned int, allocator<unsigned int> > > >::insert_unique(_Rb_tree_iterator<pair<unsigned int const, vector<unsigned int, allocator<unsigned int> > >, pair<unsigned int const, vector<unsigned int, allocator<unsigned int> > > &, pair<unsigned int const, vector<unsigned int, allocator<unsigned int> > > *>, pair<unsigned int const, vector<unsigned int, allocator<unsigned int> > > const &)
000679a4	__as__t6vector2ZUiZt9allocator1ZUiRCt6vector2ZUiZt9allocator1ZUi	vector<unsigned int, allocator<unsigned int> >::operator=(vector<unsigned int, allocator<unsigned int> > const &)
00067cf4	_M_insert__t8_Rb_tree5ZUiZt4pair2ZCUiZiZt10_Select1st1Zt4pair2ZCUiZiZt4less1ZUiZt9allocator1ZiP18_Rb_tree_node_baseT1RCt4pair2ZCUiZi	_Rb_tree<unsigned int, pair<unsigned int const, int>, _Select1st<pair<unsigned int const, int> >, less<unsigned int>, allocator<int> >::_M_insert(_Rb_tree_node_base *, _Rb_tree_node_base *, pair<unsigned int const, int> const &)
000680d4	insert_unique__t8_Rb_tree5ZUiZt4pair2ZCUiZiZt10_Select1st1Zt4pair2ZCUiZiZt4less1ZUiZt9allocator1ZiRCt4pair2ZCUiZi	_Rb_tree<unsigned int, pair<unsigned int const, int>, _Select1st<pair<unsigned int const, int> >, less<unsigned int>, allocator<int> >::insert_unique(pair<unsigned int const, int> const &)
000681c4	insert_unique__t8_Rb_tree5ZUiZt4pair2ZCUiZiZt10_Select1st1Zt4pair2ZCUiZiZt4less1ZUiZt9allocator1ZiGt17_Rb_tree_iterator3Zt4pair2ZCUiZiZRt4pair2ZCUiZiZPt4pair2ZCUiZiRCt4pair2ZCUiZi	_Rb_tree<unsigned int, pair<unsigned int const, int>, _Select1st<pair<unsigned int const, int> >, less<unsigned int>, allocator<int> >::insert_unique(_Rb_tree_iterator<pair<unsigned int const, int>, pair<unsigned int const, int> &, pair<unsigned int const, int> *>, pair<unsigned int const, int> const &)
00068340	find__t8_Rb_tree5ZUiZt4pair2ZCUiZiZt10_Select1st1Zt4pair2ZCUiZiZt4less1ZUiZt9allocator1ZiRCUi	_Rb_tree<unsigned int, pair<unsigned int const, int>, _Select1st<pair<unsigned int const, int> >, less<unsigned int>, allocator<int> >::find(unsigned int const &)
000683a4	_M_erase__t8_Rb_tree5ZQ227cSC3BuildingLayerStaticInfo5_tddkZt4pair2ZCQ227cSC3BuildingLayerStaticInfo5_tddkZt6vector2ZP19cISC3BuildingAttribZt9allocator1ZP19cISC3BuildingAttribZt10_Select1st1Zt4pair2ZCQ227cSC3BuildingLayerStaticInfo5_tddkZt6vector2ZP19cISC3BuildingAttribZt9allocator1ZP19cISC3BuildingAttribZt4less1ZQ227cSC3BuildingLayerStaticInfo5_tddkZt9allocator1Zt6vector2ZP19cISC3BuildingAttribZt9allocator1ZP19cISC3BuildingAttribPt13_Rb_tree_node1Zt4pair2ZCQ227cSC3BuildingLayerStaticInfo5_tddkZt6vector2ZP19cISC3BuildingAttribZt9allocator1ZP19cISC3BuildingAttrib	_Rb_tree<cSC3BuildingLayerStaticInfo::_tddk, pair<cSC3BuildingLayerStaticInfo::_tddk const, vector<cISC3BuildingAttrib *, allocator<cISC3BuildingAttrib *> > >, _Select1st<pair<cSC3BuildingLayerStaticInfo::_tddk const, vector<cISC3BuildingAttrib *, allocator<cISC3BuildingAttrib *> > > >, less<cSC3BuildingLayerStaticInfo::_tddk>, allocator<vector<cISC3BuildingAttrib *, allocator<cISC3BuildingAttrib *> > > >::_M_erase(_Rb_tree_node<pair<cSC3BuildingLayerStaticInfo::_tddk const, vector<cISC3BuildingAttrib *, allocator<cISC3BuildingAttrib *> > > > *)
00068434	erase__t8_Rb_tree5ZQ227cSC3BuildingLayerStaticInfo5_tddkZt4pair2ZCQ227cSC3BuildingLayerStaticInfo5_tddkZt6vector2ZP19cISC3BuildingAttribZt9allocator1ZP19cISC3BuildingAttribZt10_Select1st1Zt4pair2ZCQ227cSC3BuildingLayerStaticInfo5_tddkZt6vector2ZP19cISC3BuildingAttribZt9allocator1ZP19cISC3BuildingAttribZt4less1ZQ227cSC3BuildingLayerStaticInfo5_tddkZt9allocator1Zt6vector2ZP19cISC3BuildingAttribZt9allocator1ZP19cISC3BuildingAttribGt17_Rb_tree_iterator3Zt4pair2ZCQ227cSC3BuildingLayerStaticInfo5_tddkZt6vector2ZP19cISC3BuildingAttribZt9allocator1ZP19cISC3BuildingAttribZRt4pair2ZCQ227cSC3BuildingLayerStaticInfo5_tddkZt6vector2ZP19cISC3BuildingAttribZt9allocator1ZP19cISC3BuildingAttribZPt4pair2ZCQ227cSC3BuildingLayerStaticInfo5_tddkZt6vector2ZP19cISC3BuildingAttribZt9allocator1ZP19cISC3BuildingAttribT1	_Rb_tree<cSC3BuildingLayerStaticInfo::_tddk, pair<cSC3BuildingLayerStaticInfo::_tddk const, vector<cISC3BuildingAttrib *, allocator<cISC3BuildingAttrib *> > >, _Select1st<pair<cSC3BuildingLayerStaticInfo::_tddk const, vector<cISC3BuildingAttrib *, allocator<cISC3BuildingAttrib *> > > >, less<cSC3BuildingLayerStaticInfo::_tddk>, allocator<vector<cISC3BuildingAttrib *, allocator<cISC3BuildingAttrib *> > > >::erase(_Rb_tree_iterator<pair<cSC3BuildingLayerStaticInfo::_tddk const, vector<cISC3BuildingAttrib *, allocator<cISC3BuildingAttrib *> > >, pair<cSC3BuildingLayerStaticInfo::_tddk const, vector<cISC3BuildingAttrib *, allocator<cISC3BuildingAttrib *> > > &, pair<cSC3BuildingLayerStaticInfo::_tddk const, vector<cISC3BuildingAttrib *, allocator<cISC3BuildingAttrib *> > > *>, _Rb_tree_iterator<pair<cSC3BuildingLayerStaticInfo::_tddk const, vector<cISC3BuildingAttrib *, allocator<cISC3BuildingAttrib *> > >, pair<cSC3BuildingLayerStaticInfo::_tddk const, vector<cISC3BuildingAttrib *, allocator<cISC3BuildingAttrib *> > > &, pair<cSC3BuildingLayerStaticInfo::_tddk const, vector<cISC3BuildingAttrib *, allocator<cISC3BuildingAttrib *> > > *>)
00068970	lower_bound__t8_Rb_tree5ZQ227cSC3BuildingLayerStaticInfo5_tddkZt4pair2ZCQ227cSC3BuildingLayerStaticInfo5_tddkZt6vector2ZP19cISC3BuildingAttribZt9allocator1ZP19cISC3BuildingAttribZt10_Select1st1Zt4pair2ZCQ227cSC3BuildingLayerStaticInfo5_tddkZt6vector2ZP19cISC3BuildingAttribZt9allocator1ZP19cISC3BuildingAttribZt4less1ZQ227cSC3BuildingLayerStaticInfo5_tddkZt9allocator1Zt6vector2ZP19cISC3BuildingAttribZt9allocator1ZP19cISC3BuildingAttribRCQ227cSC3BuildingLayerStaticInfo5_tddk	_Rb_tree<cSC3BuildingLayerStaticInfo::_tddk, pair<cSC3BuildingLayerStaticInfo::_tddk const, vector<cISC3BuildingAttrib *, allocator<cISC3BuildingAttrib *> > >, _Select1st<pair<cSC3BuildingLayerStaticInfo::_tddk const, vector<cISC3BuildingAttrib *, allocator<cISC3BuildingAttrib *> > > >, less<cSC3BuildingLayerStaticInfo::_tddk>, allocator<vector<cISC3BuildingAttrib *, allocator<cISC3BuildingAttrib *> > > >::lower_bound(cSC3BuildingLayerStaticInfo::_tddk const &)
00068a04	__t4pair2ZCQ227cSC3BuildingLayerStaticInfo5_tddkZt6vector2ZP19cISC3BuildingAttribZt9allocator1ZP19cISC3BuildingAttribRCt4pair2ZCQ227cSC3BuildingLayerStaticInfo5_tddkZt6vector2ZP19cISC3BuildingAttribZt9allocator1ZP19cISC3BuildingAttrib	pair<cSC3BuildingLayerStaticInfo::_tddk const, vector<cISC3BuildingAttrib *, allocator<cISC3BuildingAttrib *> > >::pair(pair<cSC3BuildingLayerStaticInfo::_tddk const, vector<cISC3BuildingAttrib *, allocator<cISC3BuildingAttrib *> > > const &)
00068c54	_M_insert__t8_Rb_tree5ZQ227cSC3BuildingLayerStaticInfo5_tddkZt4pair2ZCQ227cSC3BuildingLayerStaticInfo5_tddkZt6vector2ZP19cISC3BuildingAttribZt9allocator1ZP19cISC3BuildingAttribZt10_Select1st1Zt4pair2ZCQ227cSC3BuildingLayerStaticInfo5_tddkZt6vector2ZP19cISC3BuildingAttribZt9allocator1ZP19cISC3BuildingAttribZt4less1ZQ227cSC3BuildingLayerStaticInfo5_tddkZt9allocator1Zt6vector2ZP19cISC3BuildingAttribZt9allocator1ZP19cISC3BuildingAttribP18_Rb_tree_node_baseT1RCt4pair2ZCQ227cSC3BuildingLayerStaticInfo5_tddkZt6vector2ZP19cISC3BuildingAttribZt9allocator1ZP19cISC3BuildingAttrib	_Rb_tree<cSC3BuildingLayerStaticInfo::_tddk, pair<cSC3BuildingLayerStaticInfo::_tddk const, vector<cISC3BuildingAttrib *, allocator<cISC3BuildingAttrib *> > >, _Select1st<pair<cSC3BuildingLayerStaticInfo::_tddk const, vector<cISC3BuildingAttrib *, allocator<cISC3BuildingAttrib *> > > >, less<cSC3BuildingLayerStaticInfo::_tddk>, allocator<vector<cISC3BuildingAttrib *, allocator<cISC3BuildingAttrib *> > > >::_M_insert(_Rb_tree_node_base *, _Rb_tree_node_base *, pair<cSC3BuildingLayerStaticInfo::_tddk const, vector<cISC3BuildingAttrib *, allocator<cISC3BuildingAttrib *> > > const &)
000691e4	insert_unique__t8_Rb_tree5ZQ227cSC3BuildingLayerStaticInfo5_tddkZt4pair2ZCQ227cSC3BuildingLayerStaticInfo5_tddkZt6vector2ZP19cISC3BuildingAttribZt9allocator1ZP19cISC3BuildingAttribZt10_Select1st1Zt4pair2ZCQ227cSC3BuildingLayerStaticInfo5_tddkZt6vector2ZP19cISC3BuildingAttribZt9allocator1ZP19cISC3BuildingAttribZt4less1ZQ227cSC3BuildingLayerStaticInfo5_tddkZt9allocator1Zt6vector2ZP19cISC3BuildingAttribZt9allocator1ZP19cISC3BuildingAttribRCt4pair2ZCQ227cSC3BuildingLayerStaticInfo5_tddkZt6vector2ZP19cISC3BuildingAttribZt9allocator1ZP19cISC3BuildingAttrib	_Rb_tree<cSC3BuildingLayerStaticInfo::_tddk, pair<cSC3BuildingLayerStaticInfo::_tddk const, vector<cISC3BuildingAttrib *, allocator<cISC3BuildingAttrib *> > >, _Select1st<pair<cSC3BuildingLayerStaticInfo::_tddk const, vector<cISC3BuildingAttrib *, allocator<cISC3BuildingAttrib *> > > >, less<cSC3BuildingLayerStaticInfo::_tddk>, allocator<vector<cISC3BuildingAttrib *, allocator<cISC3BuildingAttrib *> > > >::insert_unique(pair<cSC3BuildingLayerStaticInfo::_tddk const, vector<cISC3BuildingAttrib *, allocator<cISC3BuildingAttrib *> > > const &)
000693d4	insert_unique__t8_Rb_tree5ZQ227cSC3BuildingLayerStaticInfo5_tddkZt4pair2ZCQ227cSC3BuildingLayerStaticInfo5_tddkZt6vector2ZP19cISC3BuildingAttribZt9allocator1ZP19cISC3BuildingAttribZt10_Select1st1Zt4pair2ZCQ227cSC3BuildingLayerStaticInfo5_tddkZt6vector2ZP19cISC3BuildingAttribZt9allocator1ZP19cISC3BuildingAttribZt4less1ZQ227cSC3BuildingLayerStaticInfo5_tddkZt9allocator1Zt6vector2ZP19cISC3BuildingAttribZt9allocator1ZP19cISC3BuildingAttribGt17_Rb_tree_iterator3Zt4pair2ZCQ227cSC3BuildingLayerStaticInfo5_tddkZt6vector2ZP19cISC3BuildingAttribZt9allocator1ZP19cISC3BuildingAttribZRt4pair2ZCQ227cSC3BuildingLayerStaticInfo5_tddkZt6vector2ZP19cISC3BuildingAttribZt9allocator1ZP19cISC3BuildingAttribZPt4pair2ZCQ227cSC3BuildingLayerStaticInfo5_tddkZt6vector2ZP19cISC3BuildingAttribZt9allocator1ZP19cISC3BuildingAttribRCt4pair2ZCQ227cSC3BuildingLayerStaticInfo5_tddkZt6vector2ZP19cISC3BuildingAttribZt9allocator1ZP19cISC3BuildingAttrib	_Rb_tree<cSC3BuildingLayerStaticInfo::_tddk, pair<cSC3BuildingLayerStaticInfo::_tddk const, vector<cISC3BuildingAttrib *, allocator<cISC3BuildingAttrib *> > >, _Select1st<pair<cSC3BuildingLayerStaticInfo::_tddk const, vector<cISC3BuildingAttrib *, allocator<cISC3BuildingAttrib *> > > >, less<cSC3BuildingLayerStaticInfo::_tddk>, allocator<vector<cISC3BuildingAttrib *, allocator<cISC3BuildingAttrib *> > > >::insert_unique(_Rb_tree_iterator<pair<cSC3BuildingLayerStaticInfo::_tddk const, vector<cISC3BuildingAttrib *, allocator<cISC3BuildingAttrib *> > >, pair<cSC3BuildingLayerStaticInfo::_tddk const, vector<cISC3BuildingAttrib *, allocator<cISC3BuildingAttrib *> > > &, pair<cSC3BuildingLayerStaticInfo::_tddk const, vector<cISC3BuildingAttrib *, allocator<cISC3BuildingAttrib *> > > *>, pair<cSC3BuildingLayerStaticInfo::_tddk const, vector<cISC3BuildingAttrib *, allocator<cISC3BuildingAttrib *> > > const &)
00069694	_M_insert_aux__t6vector2ZP19cISC3BuildingAttribZt9allocator1ZP19cISC3BuildingAttribPP19cISC3BuildingAttribRCP19cISC3BuildingAttrib	vector<cISC3BuildingAttrib *, allocator<cISC3BuildingAttrib *> >::_M_insert_aux(cISC3BuildingAttrib **, cISC3BuildingAttrib *const &)
000699c4	_M_insert__t8_Rb_tree5ZUiZUiZt9_Identity1ZUiZt7greater1ZUiZt9allocator1ZUiP18_Rb_tree_node_baseT1RCUi	_Rb_tree<unsigned int, unsigned int, _Identity<unsigned int>, greater<unsigned int>, allocator<unsigned int> >::_M_insert(_Rb_tree_node_base *, _Rb_tree_node_base *, unsigned int const &)
00069d94	insert_unique__t8_Rb_tree5ZUiZUiZt9_Identity1ZUiZt7greater1ZUiZt9allocator1ZUiRCUi	_Rb_tree<unsigned int, unsigned int, _Identity<unsigned int>, greater<unsigned int>, allocator<unsigned int> >::insert_unique(unsigned int const &)
00069e80	find__t8_Rb_tree5ZQ227cSC3BuildingLayerStaticInfo5_tddkZt4pair2ZCQ227cSC3BuildingLayerStaticInfo5_tddkZt6vector2ZP19cISC3BuildingAttribZt9allocator1ZP19cISC3BuildingAttribZt10_Select1st1Zt4pair2ZCQ227cSC3BuildingLayerStaticInfo5_tddkZt6vector2ZP19cISC3BuildingAttribZt9allocator1ZP19cISC3BuildingAttribZt4less1ZQ227cSC3BuildingLayerStaticInfo5_tddkZt9allocator1Zt6vector2ZP19cISC3BuildingAttribZt9allocator1ZP19cISC3BuildingAttribRCQ227cSC3BuildingLayerStaticInfo5_tddk	_Rb_tree<cSC3BuildingLayerStaticInfo::_tddk, pair<cSC3BuildingLayerStaticInfo::_tddk const, vector<cISC3BuildingAttrib *, allocator<cISC3BuildingAttrib *> > >, _Select1st<pair<cSC3BuildingLayerStaticInfo::_tddk const, vector<cISC3BuildingAttrib *, allocator<cISC3BuildingAttrib *> > > >, less<cSC3BuildingLayerStaticInfo::_tddk>, allocator<vector<cISC3BuildingAttrib *, allocator<cISC3BuildingAttrib *> > > >::find(cSC3BuildingLayerStaticInfo::_tddk const &)
00069fb4	__as__t6vector2ZP19cISC3BuildingAttribZt9allocator1ZP19cISC3BuildingAttribRCt6vector2ZP19cISC3BuildingAttribZt9allocator1ZP19cISC3BuildingAttrib	vector<cISC3BuildingAttrib *, allocator<cISC3BuildingAttrib *> >::operator=(vector<cISC3BuildingAttrib *, allocator<cISC3BuildingAttrib *> > const &)
0006a2f8	__thunk_12_QueryInterface__17cSC3BuildingLayerUiPPv	virtual function thunk (delta:-12) for cSC3BuildingLayer::QueryInterface(unsigned int, void **)
0006a314	__thunk_12_AddRef__17cSC3BuildingLayer	virtual function thunk (delta:-12) for cSC3BuildingLayer::AddRef(void)
0006a330	__thunk_12_Release__17cSC3BuildingLayer	virtual function thunk (delta:-12) for cSC3BuildingLayer::Release(void)
0006a34c	__thunk_12_CreateOccupant__17cSC3BuildingLayerR14cGZResourceKeyUiPPv	virtual function thunk (delta:-12) for cSC3BuildingLayer::CreateOccupant(cGZResourceKey &, unsigned int, void **)
0006a368	__thunk_12_CreateOccupant__17cSC3BuildingLayerP19cISC3OccupantAttribUiPPv	virtual function thunk (delta:-12) for cSC3BuildingLayer::CreateOccupant(cISC3OccupantAttrib *, unsigned int, void **)
0006a384	__thunk_8_QueryInterface__17cSC3BuildingLayerUiPPv	virtual function thunk (delta:-8) for cSC3BuildingLayer::QueryInterface(unsigned int, void **)
0006a3a0	__thunk_8_AddRef__17cSC3BuildingLayer	virtual function thunk (delta:-8) for cSC3BuildingLayer::AddRef(void)
0006a3bc	__thunk_8_Release__17cSC3BuildingLayer	virtual function thunk (delta:-8) for cSC3BuildingLayer::Release(void)
0006a3d8	__thunk_8_OccupantInserted__17cSC3BuildingLayerUiP13cISC3Occupant	virtual function thunk (delta:-8) for cSC3BuildingLayer::OccupantInserted(unsigned int, cISC3Occupant *)
0006a3f4	__thunk_8_OccupantRemoved__17cSC3BuildingLayerUiP13cISC3Occupant	virtual function thunk (delta:-8) for cSC3BuildingLayer::OccupantRemoved(unsigned int, cISC3Occupant *)
0006a410	__thunk_8_OccupantMoved__17cSC3BuildingLayerUiP13cISC3OccupantRC13cSC3CityCoord	virtual function thunk (delta:-8) for cSC3BuildingLayer::OccupantMoved(unsigned int, cISC3Occupant *, cSC3CityCoord const &)
0006a42c	__thunk_8_OccupantChanged__17cSC3BuildingLayerUiP13cISC3OccupantiPv	virtual function thunk (delta:-8) for cSC3BuildingLayer::OccupantChanged(unsigned int, cISC3Occupant *, int, void *)
0006a448	__thunk_8_CellChangedAll__17cSC3BuildingLayerUi	virtual function thunk (delta:-8) for cSC3BuildingLayer::CellChangedAll(unsigned int)
0006a464	__thunk_8_CellChanged__17cSC3BuildingLayerUiUiUi	virtual function thunk (delta:-8) for cSC3BuildingLayer::CellChanged(unsigned int, unsigned int, unsigned int)
0006a480	__thunk_8_CellChanged__17cSC3BuildingLayerUiUiUiUiUi	virtual function thunk (delta:-8) for cSC3BuildingLayer::CellChanged(unsigned int, unsigned int, unsigned int, unsigned int, unsigned int)
0006a49c	__thunk_4_QueryInterface__17cSC3BuildingLayerUiPPv	virtual function thunk (delta:-4) for cSC3BuildingLayer::QueryInterface(unsigned int, void **)
0006a4b8	__thunk_4_AddRef__17cSC3BuildingLayer	virtual function thunk (delta:-4) for cSC3BuildingLayer::AddRef(void)
0006a4d4	__thunk_4_Release__17cSC3BuildingLayer	virtual function thunk (delta:-4) for cSC3BuildingLayer::Release(void)
0006a4f0	__thunk_4_DoMessage__17cSC3BuildingLayerR10cGZMessage	virtual function thunk (delta:-4) for cSC3BuildingLayer::DoMessage(cGZMessage &)
0006a50c	__thunk_4_DoQueryInfo__17cSC3BuildingLayerR10cGZMessageP11cIGZUnknown	virtual function thunk (delta:-4) for cSC3BuildingLayer::DoQueryInfo(cGZMessage &, cIGZUnknown *)
0006a528	__thunk_4_StaticInit__17cSC3BuildingLayerP19cISC3CityDefinition	virtual function thunk (delta:-4) for cSC3BuildingLayer::StaticInit(cISC3CityDefinition *)
0006a544	__thunk_4_StaticShutdown__17cSC3BuildingLayer	virtual function thunk (delta:-4) for cSC3BuildingLayer::StaticShutdown(void)
0006a560	__thunk_4_Init__17cSC3BuildingLayerP9cISC3City	virtual function thunk (delta:-4) for cSC3BuildingLayer::Init(cISC3City *)
0006a57c	__thunk_4_Init__17cSC3BuildingLayerP9cISC3CityP13cISC2Importer	virtual function thunk (delta:-4) for cSC3BuildingLayer::Init(cISC3City *, cISC2Importer *)
0006a598	__thunk_4_Init__17cSC3BuildingLayerP9cISC3CityP13cIGZDBSegment	virtual function thunk (delta:-4) for cSC3BuildingLayer::Init(cISC3City *, cIGZDBSegment *)
0006a5b4	__thunk_4_Save__17cSC3BuildingLayerP9cISC3CityP13cIGZDBSegment	virtual function thunk (delta:-4) for cSC3BuildingLayer::Save(cISC3City *, cIGZDBSegment *)
0006a5d0	__thunk_4_SimulationBegin__17cSC3BuildingLayer	virtual function thunk (delta:-4) for cSC3BuildingLayer::SimulationBegin(void)
0006a5ec	__thunk_4_SimulationEnd__17cSC3BuildingLayer	virtual function thunk (delta:-4) for cSC3BuildingLayer::SimulationEnd(void)
0006a608	__thunk_4_Shutdown__17cSC3BuildingLayer	virtual function thunk (delta:-4) for cSC3BuildingLayer::Shutdown(void)
0006a624	__thunk_4_GetManipulator__17cSC3BuildingLayerRC18cISC3CityAgentTypePP25cISC3CityLayerManipulatorRi	virtual function thunk (delta:-4) for cSC3BuildingLayer::GetManipulator(cISC3CityAgentType const &, cISC3CityLayerManipulator **, int &)
0006a640	__thunk_4_GetLayerType__17cSC3BuildingLayer	virtual function thunk (delta:-4) for cSC3BuildingLayer::GetLayerType(void)
0006a65c	__thunk_4_DebugClassTag__17cSC3BuildingLayerR10cIGZString	virtual function thunk (delta:-4) for cSC3BuildingLayer::DebugClassTag(cIGZString &)
0006a678	__thunk_4_DebugTypeTag__17cSC3BuildingLayerR10cIGZString	virtual function thunk (delta:-4) for cSC3BuildingLayer::DebugTypeTag(cIGZString &)
0006a6a4	_M_erase__t8_Rb_tree5ZUiZt4pair2ZCUiZiZt10_Select1st1Zt4pair2ZCUiZiZt4less1ZUiZt9allocator1ZiPt13_Rb_tree_node1Zt4pair2ZCUiZi	_Rb_tree<unsigned int, pair<unsigned int const, int>, _Select1st<pair<unsigned int const, int> >, less<unsigned int>, allocator<int> >::_M_erase(_Rb_tree_node<pair<unsigned int const, int> > *)
0006a720	_._t3map4ZUiZiZt4less1ZUiZt9allocator1Zi	map<unsigned int, int, less<unsigned int>, allocator<int> >::~map(void)
0006a7d4	_M_erase__t8_Rb_tree5ZUiZt4pair2ZCUiZt6vector2ZUiZt9allocator1ZUiZt10_Select1st1Zt4pair2ZCUiZt6vector2ZUiZt9allocator1ZUiZt4less1ZUiZt9allocator1Zt6vector2ZUiZt9allocator1ZUiPt13_Rb_tree_node1Zt4pair2ZCUiZt6vector2ZUiZt9allocator1ZUi	_Rb_tree<unsigned int, pair<unsigned int const, vector<unsigned int, allocator<unsigned int> > >, _Select1st<pair<unsigned int const, vector<unsigned int, allocator<unsigned int> > > >, less<unsigned int>, allocator<vector<unsigned int, allocator<unsigned int> > > >::_M_erase(_Rb_tree_node<pair<unsigned int const, vector<unsigned int, allocator<unsigned int> > > > *)
0006a864	_._t3map4ZUiZt6vector2ZUiZt9allocator1ZUiZt4less1ZUiZt9allocator1Zt6vector2ZUiZt9allocator1ZUi	map<unsigned int, vector<unsigned int, allocator<unsigned int> >, less<unsigned int>, allocator<vector<unsigned int, allocator<unsigned int> > > >::~map(void)
0006a90c	_._t3map4ZQ227cSC3BuildingLayerStaticInfo5_tddkZt6vector2ZP19cISC3BuildingAttribZt9allocator1ZP19cISC3BuildingAttribZt4less1ZQ227cSC3BuildingLayerStaticInfo5_tddkZt9allocator1Zt6vector2ZP19cISC3BuildingAttribZt9allocator1ZP19cISC3BuildingAttrib	map<cSC3BuildingLayerStaticInfo::_tddk, vector<cISC3BuildingAttrib *, allocator<cISC3BuildingAttrib *> >, less<cSC3BuildingLayerStaticInfo::_tddk>, allocator<vector<cISC3BuildingAttrib *, allocator<cISC3BuildingAttrib *> > > >::~map(void)
0006a9b4	_M_erase__t8_Rb_tree5ZUiZUiZt9_Identity1ZUiZt7greater1ZUiZt9allocator1ZUiPt13_Rb_tree_node1ZUi	_Rb_tree<unsigned int, unsigned int, _Identity<unsigned int>, greater<unsigned int>, allocator<unsigned int> >::_M_erase(_Rb_tree_node<unsigned int> *)
0006aa30	_._t3set3ZUiZt7greater1ZUiZt9allocator1ZUi	set<unsigned int, greater<unsigned int>, allocator<unsigned int> >::~set(void)
0006aad4	Test__18cSC3OccTestDefaultP13cISC3Occupant	cSC3OccTestDefault::Test(cISC3Occupant *)
0006aae4	QueryInterface__18cSC3OccTestDefaultUiPPv	cSC3OccTestDefault::QueryInterface(unsigned int, void **)
0006ab3c	AddRef__18cSC3OccTestDefault	cSC3OccTestDefault::AddRef(void)
0006ab58	Release__18cSC3OccTestDefault	cSC3OccTestDefault::Release(void)
0006aba0	_._18cSC3OccTestDefault	cSC3OccTestDefault::~cSC3OccTestDefault(void)
0006abd8	_._19cSC3OccTestBuilding	cSC3OccTestBuilding::~cSC3OccTestBuilding(void)
0006ac10	Test__19cSC3OccTestBuildingP13cISC3Occupant	cSC3OccTestBuilding::Test(cISC3Occupant *)
0006ac44	_._t4pair2ZCUiZt6vector2ZUiZt9allocator1ZUi	pair<unsigned int const, vector<unsigned int, allocator<unsigned int> > >::~pair(void)
0006ace4	_._t4pair2ZCQ227cSC3BuildingLayerStaticInfo5_tddkZt6vector2ZP19cISC3BuildingAttribZt9allocator1ZP19cISC3BuildingAttrib	pair<cSC3BuildingLayerStaticInfo::_tddk const, vector<cISC3BuildingAttrib *, allocator<cISC3BuildingAttrib *> > >::~pair(void)
0006ad84	_._t10cRZCellMap1ZUc	cRZCellMap<unsigned char>::~cRZCellMap(void)
0006ae04	__t10cRZCellMap1ZUcUiUiRCUc	cRZCellMap<unsigned char>::cRZCellMap(unsigned int, unsigned int, unsigned char const &)
0006ae9c	SetValue__t10cRZCellMap1ZUcUiUiRCUc	cRZCellMap<unsigned char>::SetValue(unsigned int, unsigned int, unsigned char const &)
0006aebc	GetValue__Ct10cRZCellMap1ZUcUiUiRUc	cRZCellMap<unsigned char>::GetValue(unsigned int, unsigned int, unsigned char &) const
0006aee0	lower_bound__t8_Rb_tree5ZUiZt4pair2ZCUiZt6vector2ZUiZt9allocator1ZUiZt10_Select1st1Zt4pair2ZCUiZt6vector2ZUiZt9allocator1ZUiZt4less1ZUiZt9allocator1Zt6vector2ZUiZt9allocator1ZUiRCUi	_Rb_tree<unsigned int, pair<unsigned int const, vector<unsigned int, allocator<unsigned int> > >, _Select1st<pair<unsigned int const, vector<unsigned int, allocator<unsigned int> > > >, less<unsigned int>, allocator<vector<unsigned int, allocator<unsigned int> > > >::lower_bound(unsigned int const &)
0006af24	_S_oom_malloc__t23__malloc_alloc_template1i0Ui	__malloc_alloc_template<0>::_S_oom_malloc(unsigned int)
0006afa4	_S_refill__t24__default_alloc_template2b1i0Ui	__default_alloc_template<true, 0>::_S_refill(unsigned int)
0006b030	lower_bound__t8_Rb_tree5ZUiZt4pair2ZCUiZiZt10_Select1st1Zt4pair2ZCUiZiZt4less1ZUiZt9allocator1ZiRCUi	_Rb_tree<unsigned int, pair<unsigned int const, int>, _Select1st<pair<unsigned int const, int> >, less<unsigned int>, allocator<int> >::lower_bound(unsigned int const &)
0006b070	find__Ct12basic_string3ZcZt18string_char_traits1ZcZt24__default_alloc_template2b1i0PCcUiUi	basic_string<char, string_char_traits<char>, __default_alloc_template<true, 0> >::find(char const *, unsigned int, unsigned int) const
0006b0e4	_M_insert_aux__t6vector2ZP13cISC3BuildingZt9allocator1ZP13cISC3BuildingPP13cISC3BuildingRCP13cISC3Building	vector<cISC3Building *, allocator<cISC3Building *> >::_M_insert_aux(cISC3Building **, cISC3Building *const &)
0006b4a4	_M_insert_aux__t6vector2ZP13cISC3OccupantZt9allocator1ZP13cISC3OccupantPP13cISC3OccupantRCP13cISC3Occupant	vector<cISC3Occupant *, allocator<cISC3Occupant *> >::_M_insert_aux(cISC3Occupant **, cISC3Occupant *const &)
0006b864	_._19cSC3StringTokenData	cSC3StringTokenData::~cSC3StringTokenData(void)
0006b920	__thunk_144__._20cSC3CityToolDemolish	virtual function thunk (delta:-144) for cSC3CityToolDemolish::~cSC3CityToolDemolish(void)
0006b940	__thunk_144_Release__20cSC3CityToolDemolish	virtual function thunk (delta:-144) for cSC3CityToolDemolish::Release(void)
0006b960	__thunk_144_AddRef__20cSC3CityToolDemolish	virtual function thunk (delta:-144) for cSC3CityToolDemolish::AddRef(void)
0006b980	__thunk_140_QueryInterface__20cSC3CityToolDemolishUiPPv	virtual function thunk (delta:-140) for cSC3CityToolDemolish::QueryInterface(unsigned int, void **)
0006b9a0	__thunk_140_AddRef__20cSC3CityToolDemolish	virtual function thunk (delta:-140) for cSC3CityToolDemolish::AddRef(void)
0006b9c0	__thunk_140_Release__20cSC3CityToolDemolish	virtual function thunk (delta:-140) for cSC3CityToolDemolish::Release(void)
0006b9e0	__thunk_140_Execute__20cSC3CityToolDemolish	virtual function thunk (delta:-140) for cSC3CityToolDemolish::Execute(void)
0006ba00	__thunk_92__._30cSC3CityToolPlaceMultiBuilding	virtual function thunk (delta:-92) for cSC3CityToolPlaceMultiBuilding::~cSC3CityToolPlaceMultiBuilding(void)
0006ba1c	__thunk_92_Release__30cSC3CityToolPlaceMultiBuilding	virtual function thunk (delta:-92) for cSC3CityToolPlaceMultiBuilding::Release(void)
0006ba38	__thunk_92_AddRef__30cSC3CityToolPlaceMultiBuilding	virtual function thunk (delta:-92) for cSC3CityToolPlaceMultiBuilding::AddRef(void)
0006ba54	__thunk_88_QueryInterface__30cSC3CityToolPlaceMultiBuildingUiPPv	virtual function thunk (delta:-88) for cSC3CityToolPlaceMultiBuilding::QueryInterface(unsigned int, void **)
0006ba70	__thunk_88_AddRef__30cSC3CityToolPlaceMultiBuilding	virtual function thunk (delta:-88) for cSC3CityToolPlaceMultiBuilding::AddRef(void)
0006ba8c	__thunk_88_Release__30cSC3CityToolPlaceMultiBuilding	virtual function thunk (delta:-88) for cSC3CityToolPlaceMultiBuilding::Release(void)
0006baa8	__thunk_88_Execute__30cSC3CityToolPlaceMultiBuilding	virtual function thunk (delta:-88) for cSC3CityToolPlaceMultiBuilding::Execute(void)
0006bac4	__thunk_92__._31cSC3CityToolPlaceSubwayBuilding	virtual function thunk (delta:-92) for cSC3CityToolPlaceSubwayBuilding::~cSC3CityToolPlaceSubwayBuilding(void)
0006bae0	__thunk_92_Release__25cSC3CityToolPlaceBuilding	virtual function thunk (delta:-92) for cSC3CityToolPlaceBuilding::Release(void)
0006bafc	__thunk_92_AddRef__25cSC3CityToolPlaceBuilding	virtual function thunk (delta:-92) for cSC3CityToolPlaceBuilding::AddRef(void)
0006bb18	__thunk_88_QueryInterface__25cSC3CityToolPlaceBuildingUiPPv	virtual function thunk (delta:-88) for cSC3CityToolPlaceBuilding::QueryInterface(unsigned int, void **)
0006bb34	__thunk_88_AddRef__25cSC3CityToolPlaceBuilding	virtual function thunk (delta:-88) for cSC3CityToolPlaceBuilding::AddRef(void)
0006bb50	__thunk_88_Release__25cSC3CityToolPlaceBuilding	virtual function thunk (delta:-88) for cSC3CityToolPlaceBuilding::Release(void)
0006bb6c	__thunk_88_Execute__31cSC3CityToolPlaceSubwayBuilding	virtual function thunk (delta:-88) for cSC3CityToolPlaceSubwayBuilding::Execute(void)
0006bb88	__thunk_92__._33cSC3CityToolPlacePlumbingBuilding	virtual function thunk (delta:-92) for cSC3CityToolPlacePlumbingBuilding::~cSC3CityToolPlacePlumbingBuilding(void)
0006bba4	__thunk_88_Execute__33cSC3CityToolPlacePlumbingBuilding	virtual function thunk (delta:-88) for cSC3CityToolPlacePlumbingBuilding::Execute(void)
0006bbc0	__thunk_92__._32cSC3CityToolPlaceBuildingOnWater	virtual function thunk (delta:-92) for cSC3CityToolPlaceBuildingOnWater::~cSC3CityToolPlaceBuildingOnWater(void)
0006bbdc	__thunk_88_Execute__32cSC3CityToolPlaceBuildingOnWater	virtual function thunk (delta:-88) for cSC3CityToolPlaceBuildingOnWater::Execute(void)
0006bbf8	__thunk_92__._25cSC3CityToolPlaceBuilding	virtual function thunk (delta:-92) for cSC3CityToolPlaceBuilding::~cSC3CityToolPlaceBuilding(void)
0006bc14	__thunk_88_Execute__25cSC3CityToolPlaceBuilding	virtual function thunk (delta:-88) for cSC3CityToolPlaceBuilding::Execute(void)
0006bc34	_._22cSC3BuildingCmdFactory	cSC3BuildingCmdFactory::~cSC3BuildingCmdFactory(void)
0006bc60	__thunk_92__._12cCTPlaceTree	virtual function thunk (delta:-92) for cCTPlaceTree::~cCTPlaceTree(void)
0006bc7c	__thunk_92_Release__12cCTPlaceTree	virtual function thunk (delta:-92) for cCTPlaceTree::Release(void)
0006bc98	__thunk_92_AddRef__12cCTPlaceTree	virtual function thunk (delta:-92) for cCTPlaceTree::AddRef(void)
0006bcb4	__thunk_88_QueryInterface__12cCTPlaceTreeUiPPv	virtual function thunk (delta:-88) for cCTPlaceTree::QueryInterface(unsigned int, void **)
0006bcd0	__thunk_88_AddRef__12cCTPlaceTree	virtual function thunk (delta:-88) for cCTPlaceTree::AddRef(void)
0006bcec	__thunk_88_Release__12cCTPlaceTree	virtual function thunk (delta:-88) for cCTPlaceTree::Release(void)
0006bd08	__thunk_88_Execute__12cCTPlaceTree	virtual function thunk (delta:-88) for cCTPlaceTree::Execute(void)
0006bd24	__thunk_92__._17cSC3CityToolQuery	virtual function thunk (delta:-92) for cSC3CityToolQuery::~cSC3CityToolQuery(void)
0006bd40	__thunk_92_Release__17cSC3CityToolQuery	virtual function thunk (delta:-92) for cSC3CityToolQuery::Release(void)
0006bd5c	__thunk_92_AddRef__17cSC3CityToolQuery	virtual function thunk (delta:-92) for cSC3CityToolQuery::AddRef(void)
0006bd78	__thunk_88_QueryInterface__17cSC3CityToolQueryUiPPv	virtual function thunk (delta:-88) for cSC3CityToolQuery::QueryInterface(unsigned int, void **)
0006bd94	__thunk_88_AddRef__17cSC3CityToolQuery	virtual function thunk (delta:-88) for cSC3CityToolQuery::AddRef(void)
0006bdb0	__thunk_88_Release__17cSC3CityToolQuery	virtual function thunk (delta:-88) for cSC3CityToolQuery::Release(void)
0006bdcc	__thunk_88_Execute__17cSC3CityToolQuery	virtual function thunk (delta:-88) for cSC3CityToolQuery::Execute(void)
0006bdec	_._17cSC3CityToolQuery	cSC3CityToolQuery::~cSC3CityToolQuery(void)
0006be44	__thunk_24_QueryInterface__18cSC3OccupantAttribUiPPv	virtual function thunk (delta:-24) for cSC3OccupantAttrib::QueryInterface(unsigned int, void **)
0006be60	__thunk_24_AddRef__18cSC3OccupantAttrib	virtual function thunk (delta:-24) for cSC3OccupantAttrib::AddRef(void)
0006be7c	__thunk_24_Release__18cSC3OccupantAttrib	virtual function thunk (delta:-24) for cSC3OccupantAttrib::Release(void)
0006be98	__thunk_24_TokenRead__15cSC3FloraAttribR15cISLTokenRecord	virtual function thunk (delta:-24) for cSC3FloraAttrib::TokenRead(cISLTokenRecord &)
0006beb4	__thunk_24_TokenWrite__15cSC3FloraAttribR15cISLTokenRecord	virtual function thunk (delta:-24) for cSC3FloraAttrib::TokenWrite(cISLTokenRecord &)
0006bed0	__thunk_24_SetIsTextRecord__18cSC3OccupantAttribb	virtual function thunk (delta:-24) for cSC3OccupantAttrib::SetIsTextRecord(bool)
0006beec	__thunk_24_IsTextRecord__C18cSC3OccupantAttrib	virtual function thunk (delta:-24) for cSC3OccupantAttrib::IsTextRecord(void) const
0006bf08	__thunk_20_QueryInterface__18cSC3OccupantAttribUiPPv	virtual function thunk (delta:-20) for cSC3OccupantAttrib::QueryInterface(unsigned int, void **)
0006bf24	__thunk_20_AddRef__18cSC3OccupantAttrib	virtual function thunk (delta:-20) for cSC3OccupantAttrib::AddRef(void)
0006bf40	__thunk_20_Release__18cSC3OccupantAttrib	virtual function thunk (delta:-20) for cSC3OccupantAttrib::Release(void)
0006bf5c	__thunk_20_GetOccupantGZCLSID__C18cSC3OccupantAttribRUi	virtual function thunk (delta:-20) for cSC3OccupantAttrib::GetOccupantGZCLSID(unsigned int &) const
0006bf78	__thunk_20_SetOccupantGZCLSID__18cSC3OccupantAttribUi	virtual function thunk (delta:-20) for cSC3OccupantAttrib::SetOccupantGZCLSID(unsigned int)
0006bf94	__thunk_20_Key__C18cSC3OccupantAttrib	virtual function thunk (delta:-20) for cSC3OccupantAttrib::Key(void) const
0006bfb0	__thunk_20_IsGeomFlag__18cSC3OccupantAttribUi	virtual function thunk (delta:-20) for cSC3OccupantAttrib::IsGeomFlag(unsigned int)
0006bfcc	__thunk_20_SetGeomFlag__18cSC3OccupantAttribUi	virtual function thunk (delta:-20) for cSC3OccupantAttrib::SetGeomFlag(unsigned int)
0006bfe8	__thunk_20_ClearGeomFlag__18cSC3OccupantAttribUi	virtual function thunk (delta:-20) for cSC3OccupantAttrib::ClearGeomFlag(unsigned int)
0006c004	__thunk_20_GetGeomFlag__18cSC3OccupantAttrib	virtual function thunk (delta:-20) for cSC3OccupantAttrib::GetGeomFlag(void)
0006c020	__thunk_20_GetOccLayerFlag__18cSC3OccupantAttrib	virtual function thunk (delta:-20) for cSC3OccupantAttrib::GetOccLayerFlag(void)
0006c03c	__thunk_20_SetOccLayerFlag__18cSC3OccupantAttribUc	virtual function thunk (delta:-20) for cSC3OccupantAttrib::SetOccLayerFlag(unsigned char)
0006c058	__thunk_20_MajorType__C15cSC3FloraAttrib	virtual function thunk (delta:-20) for cSC3FloraAttrib::MajorType(void) const
0006c074	__thunk_20_SubTypeInfo__C18cSC3OccupantAttrib	virtual function thunk (delta:-20) for cSC3OccupantAttrib::SubTypeInfo(void) const
0006c090	__thunk_20_AnimType__C18cSC3OccupantAttrib	virtual function thunk (delta:-20) for cSC3OccupantAttrib::AnimType(void) const
0006c0ac	__thunk_20_GetName__18cSC3OccupantAttribR10cIGZString	virtual function thunk (delta:-20) for cSC3OccupantAttrib::GetName(cIGZString &)
0006c0c8	__thunk_20_SizeInCellsX__18cSC3OccupantAttrib	virtual function thunk (delta:-20) for cSC3OccupantAttrib::SizeInCellsX(void)
0006c0e4	__thunk_20_SizeInCellsZ__18cSC3OccupantAttrib	virtual function thunk (delta:-20) for cSC3OccupantAttrib::SizeInCellsZ(void)
0006c100	__thunk_20_SizeInCellsY__18cSC3OccupantAttrib	virtual function thunk (delta:-20) for cSC3OccupantAttrib::SizeInCellsY(void)
0006c11c	__thunk_20_CityAgentType__18cSC3OccupantAttrib	virtual function thunk (delta:-20) for cSC3OccupantAttrib::CityAgentType(void)
0006c138	__thunk_20_TypeId__C18cSC3OccupantAttrib	virtual function thunk (delta:-20) for cSC3OccupantAttrib::TypeId(void) const
0006c154	__thunk_20_GetSpriteAttrib__18cSC3OccupantAttribUi	virtual function thunk (delta:-20) for cSC3OccupantAttrib::GetSpriteAttrib(unsigned int)
0006c170	__thunk_20_GetSpriteAttrib__18cSC3OccupantAttrib	virtual function thunk (delta:-20) for cSC3OccupantAttrib::GetSpriteAttrib(void)
0006c18c	__thunk_20_GetOriginalSpriteAttrib__18cSC3OccupantAttrib	virtual function thunk (delta:-20) for cSC3OccupantAttrib::GetOriginalSpriteAttrib(void)
0006c1a8	__thunk_20_GetDefaultLayerFlag__C18cSC3OccupantAttrib	virtual function thunk (delta:-20) for cSC3OccupantAttrib::GetDefaultLayerFlag(void) const
0006c1c4	__thunk_20_SetDefaultLayerFlag__18cSC3OccupantAttribUi	virtual function thunk (delta:-20) for cSC3OccupantAttrib::SetDefaultLayerFlag(unsigned int)
0006c1e0	__thunk_20_GetPeopleProducerAttrib__18cSC3OccupantAttrib	virtual function thunk (delta:-20) for cSC3OccupantAttrib::GetPeopleProducerAttrib(void)
0006c1fc	__thunk_20_GetVehicleProducerAttrib__18cSC3OccupantAttrib	virtual function thunk (delta:-20) for cSC3OccupantAttrib::GetVehicleProducerAttrib(void)
0006c218	__thunk_20_Flammability__18cSC3OccupantAttrib	virtual function thunk (delta:-20) for cSC3OccupantAttrib::Flammability(void)
0006c234	__thunk_20_GetSoundObjectId__18cSC3OccupantAttribRi	virtual function thunk (delta:-20) for cSC3OccupantAttrib::GetSoundObjectId(int &)
0006c250	__thunk_20_GetSoundKeyA__18cSC3OccupantAttribR14cGZResourceKey	virtual function thunk (delta:-20) for cSC3OccupantAttrib::GetSoundKeyA(cGZResourceKey &)
0006c26c	__thunk_20_GetSoundKeyB__18cSC3OccupantAttribR14cGZResourceKey	virtual function thunk (delta:-20) for cSC3OccupantAttrib::GetSoundKeyB(cGZResourceKey &)
0006c288	__thunk_20_GetPlopCursorKey__18cSC3OccupantAttribR14cGZResourceKey	virtual function thunk (delta:-20) for cSC3OccupantAttrib::GetPlopCursorKey(cGZResourceKey &)
0006c2a4	__thunk_20_GetQueryDescKey__18cSC3OccupantAttribR14cGZResourceKey	virtual function thunk (delta:-20) for cSC3OccupantAttrib::GetQueryDescKey(cGZResourceKey &)
0006c2c0	__thunk_20_GetQueryFormatFlags__18cSC3OccupantAttribRUi	virtual function thunk (delta:-20) for cSC3OccupantAttrib::GetQueryFormatFlags(unsigned int &)
0006c2dc	__thunk_20_GetQueryDialogClass__18cSC3OccupantAttrib	virtual function thunk (delta:-20) for cSC3OccupantAttrib::GetQueryDialogClass(void)
0006c2f8	__thunk_20_SetQueryDialogClass__18cSC3OccupantAttribUi	virtual function thunk (delta:-20) for cSC3OccupantAttrib::SetQueryDialogClass(unsigned int)
0006c314	__thunk_20_DebugInstanceTag__18cSC3OccupantAttribR10cIGZString	virtual function thunk (delta:-20) for cSC3OccupantAttrib::DebugInstanceTag(cIGZString &)
0006c330	__thunk_20_DebugClassTag__18cSC3OccupantAttribR10cIGZString	virtual function thunk (delta:-20) for cSC3OccupantAttrib::DebugClassTag(cIGZString &)
0006c34c	__thunk_20_DebugTypeTag__18cSC3OccupantAttribR10cIGZString	virtual function thunk (delta:-20) for cSC3OccupantAttrib::DebugTypeTag(cIGZString &)
0006c368	__thunk_20_GetNameKey__18cSC3OccupantAttribR14cGZResourceKey	virtual function thunk (delta:-20) for cSC3OccupantAttrib::GetNameKey(cGZResourceKey &)
0006c384	__thunk_20_SetOverRideAttrib__18cSC3OccupantAttribP22cISC3OccAttribOverRide	virtual function thunk (delta:-20) for cSC3OccupantAttrib::SetOverRideAttrib(cISC3OccAttribOverRide *)
0006c3a0	__thunk_20_GetOverRideAttrib__18cSC3OccupantAttrib	virtual function thunk (delta:-20) for cSC3OccupantAttrib::GetOverRideAttrib(void)
0006c3bc	__thunk_20_GetArchitectName__18cSC3OccupantAttribR10cIGZString	virtual function thunk (delta:-20) for cSC3OccupantAttrib::GetArchitectName(cIGZString &)
0006c3d8	__thunk_4_QueryInterface__9cSC3FloraUiPPv	virtual function thunk (delta:-4) for cSC3Flora::QueryInterface(unsigned int, void **)
0006c3f4	__thunk_4_AddRef__9cSC3Flora	virtual function thunk (delta:-4) for cSC3Flora::AddRef(void)
0006c410	__thunk_4_Release__9cSC3Flora	virtual function thunk (delta:-4) for cSC3Flora::Release(void)
0006c42c	__thunk_4_Init__9cSC3FloraR14cGZResourceKey	virtual function thunk (delta:-4) for cSC3Flora::Init(cGZResourceKey &)
0006c448	__thunk_4_GetGeomFlag__9cSC3Flora	virtual function thunk (delta:-4) for cSC3Flora::GetGeomFlag(void)
0006c464	__thunk_4_MajorType__C9cSC3Flora	virtual function thunk (delta:-4) for cSC3Flora::MajorType(void) const
0006c480	__thunk_4_GetSubTypeData__9cSC3FloraUi	virtual function thunk (delta:-4) for cSC3Flora::GetSubTypeData(unsigned int)
0006c49c	__thunk_4_GetName__9cSC3FloraR10cIGZString	virtual function thunk (delta:-4) for cSC3Flora::GetName(cIGZString &)
0006c4b8	__thunk_4__._9cSC3Flora	virtual function thunk (delta:-4) for cSC3Flora::~cSC3Flora(void)
0006c4d4	__thunk_4_QueryInterface__14cSC3FloraLayerUiPPv	virtual function thunk (delta:-4) for cSC3FloraLayer::QueryInterface(unsigned int, void **)
0006c4f0	__thunk_4_AddRef__14cSC3FloraLayer	virtual function thunk (delta:-4) for cSC3FloraLayer::AddRef(void)
0006c50c	__thunk_4_Release__14cSC3FloraLayer	virtual function thunk (delta:-4) for cSC3FloraLayer::Release(void)
0006c528	__thunk_4_CreateOccupant__14cSC3FloraLayerR14cGZResourceKeyUiPPv	virtual function thunk (delta:-4) for cSC3FloraLayer::CreateOccupant(cGZResourceKey &, unsigned int, void **)
0006c544	__thunk_4_CreateOccupant__14cSC3FloraLayerP19cISC3OccupantAttribUiPPv	virtual function thunk (delta:-4) for cSC3FloraLayer::CreateOccupant(cISC3OccupantAttrib *, unsigned int, void **)
0006c564	_._16cSC3OccTestFlora	cSC3OccTestFlora::~cSC3OccTestFlora(void)
0006c59c	Test__16cSC3OccTestFloraP13cISC3Occupant	cSC3OccTestFlora::Test(cISC3Occupant *)
0006c5d4	_M_insert_aux__t6vector2ZP23cISC3CityChangeReceiverZt9allocator1ZP23cISC3CityChangeReceiverPP23cISC3CityChangeReceiverRCP23cISC3CityChangeReceiver	vector<cISC3CityChangeReceiver *, allocator<cISC3CityChangeReceiver *> >::_M_insert_aux(cISC3CityChangeReceiver **, cISC3CityChangeReceiver *const &)
0006c904	__as__t6vector2ZP13cISC3OccupantZt9allocator1ZP13cISC3OccupantRCt6vector2ZP13cISC3OccupantZt9allocator1ZP13cISC3Occupant	vector<cISC3Occupant *, allocator<cISC3Occupant *> >::operator=(vector<cISC3Occupant *, allocator<cISC3Occupant *> > const &)
0006cc48	__thunk_4_QueryInterface__19cSC3OccupantManagerUiPPv	virtual function thunk (delta:-4) for cSC3OccupantManager::QueryInterface(unsigned int, void **)
0006cc64	__thunk_4_AddRef__19cSC3OccupantManager	virtual function thunk (delta:-4) for cSC3OccupantManager::AddRef(void)
0006cc80	__thunk_4_Release__19cSC3OccupantManager	virtual function thunk (delta:-4) for cSC3OccupantManager::Release(void)
0006cc9c	__thunk_4_DoAnimationTick__19cSC3OccupantManagerUi	virtual function thunk (delta:-4) for cSC3OccupantManager::DoAnimationTick(unsigned int)
0006ccb8	__thunk_4_GetAnimationTickPriority__19cSC3OccupantManagerRUcRi	virtual function thunk (delta:-4) for cSC3OccupantManager::GetAnimationTickPriority(unsigned char &, int &)
0006ccd4	__thunk_8_QueryInterface__19cSC3OccupantManagerUiPPv	virtual function thunk (delta:-8) for cSC3OccupantManager::QueryInterface(unsigned int, void **)
0006ccf0	__thunk_8_AddRef__19cSC3OccupantManager	virtual function thunk (delta:-8) for cSC3OccupantManager::AddRef(void)
0006cd0c	__thunk_8_Release__19cSC3OccupantManager	virtual function thunk (delta:-8) for cSC3OccupantManager::Release(void)
0006cd28	__thunk_8_DoMessage__19cSC3OccupantManagerR10cGZMessage	virtual function thunk (delta:-8) for cSC3OccupantManager::DoMessage(cGZMessage &)
0006cd48	_._7cRZLock	cRZLock::~cRZLock(void)
0006cd9c	_._18cSC3OccTestAnimNew	cSC3OccTestAnimNew::~cSC3OccTestAnimNew(void)
0006ce24	Test__18cSC3OccTestAnimNewP13cISC3Occupant	cSC3OccTestAnimNew::Test(cISC3Occupant *)
0006cf84	_._t10cRZCellMap1ZQ219cSC3OccupantManager8tOccCell	cRZCellMap<cSC3OccupantManager::tOccCell>::~cRZCellMap(void)
0006d004	find__H2ZPP13cISC3OccupantZP13cISC3Occupant_X01X01RCX11G26random_access_iterator_tag_X01	cISC3Occupant ** find<cISC3Occupant **, cISC3Occupant *>(cISC3Occupant **, cISC3Occupant **, cISC3Occupant * const &, random_access_iterator_tag)
0006d0b4	_M_insert__t8_Rb_tree5Z13cSC3OccManKeyZt4pair2ZC13cSC3OccManKeyZP13cISC3OccupantZt10_Select1st1Zt4pair2ZC13cSC3OccManKeyZP13cISC3OccupantZt4less1Z13cSC3OccManKeyZt9allocator1ZP13cISC3OccupantP18_Rb_tree_node_baseT1RCt4pair2ZC13cSC3OccManKeyZP13cISC3Occupant	_Rb_tree<cSC3OccManKey, pair<cSC3OccManKey const, cISC3Occupant *>, _Select1st<pair<cSC3OccManKey const, cISC3Occupant *> >, less<cSC3OccManKey>, allocator<cISC3Occupant *> >::_M_insert(_Rb_tree_node_base *, _Rb_tree_node_base *, pair<cSC3OccManKey const, cISC3Occupant *> const &)
0006d4e4	insert_unique__t8_Rb_tree5Z13cSC3OccManKeyZt4pair2ZC13cSC3OccManKeyZP13cISC3OccupantZt10_Select1st1Zt4pair2ZC13cSC3OccManKeyZP13cISC3OccupantZt4less1Z13cSC3OccManKeyZt9allocator1ZP13cISC3OccupantRCt4pair2ZC13cSC3OccManKeyZP13cISC3Occupant	_Rb_tree<cSC3OccManKey, pair<cSC3OccManKey const, cISC3Occupant *>, _Select1st<pair<cSC3OccManKey const, cISC3Occupant *> >, less<cSC3OccManKey>, allocator<cISC3Occupant *> >::insert_unique(pair<cSC3OccManKey const, cISC3Occupant *> const &)
0006d690	find__t8_Rb_tree5Z13cSC3OccManKeyZt4pair2ZC13cSC3OccManKeyZP13cISC3OccupantZt10_Select1st1Zt4pair2ZC13cSC3OccManKeyZP13cISC3OccupantZt4less1Z13cSC3OccManKeyZt9allocator1ZP13cISC3OccupantRC13cSC3OccManKey	_Rb_tree<cSC3OccManKey, pair<cSC3OccManKey const, cISC3Occupant *>, _Select1st<pair<cSC3OccManKey const, cISC3Occupant *> >, less<cSC3OccManKey>, allocator<cISC3Occupant *> >::find(cSC3OccManKey const &)
0006d794	_M_erase__t8_Rb_tree5Z13cSC3OccManKeyZt4pair2ZC13cSC3OccManKeyZP13cISC3OccupantZt10_Select1st1Zt4pair2ZC13cSC3OccManKeyZP13cISC3OccupantZt4less1Z13cSC3OccManKeyZt9allocator1ZP13cISC3OccupantPt13_Rb_tree_node1Zt4pair2ZC13cSC3OccManKeyZP13cISC3Occupant	_Rb_tree<cSC3OccManKey, pair<cSC3OccManKey const, cISC3Occupant *>, _Select1st<pair<cSC3OccManKey const, cISC3Occupant *> >, less<cSC3OccManKey>, allocator<cISC3Occupant *> >::_M_erase(_Rb_tree_node<pair<cSC3OccManKey const, cISC3Occupant *> > *)
0006d810	lower_bound__t8_Rb_tree5Z13cSC3OccManKeyZt4pair2ZC13cSC3OccManKeyZP13cISC3OccupantZt10_Select1st1Zt4pair2ZC13cSC3OccManKeyZP13cISC3OccupantZt4less1Z13cSC3OccManKeyZt9allocator1ZP13cISC3OccupantRC13cSC3OccManKey	_Rb_tree<cSC3OccManKey, pair<cSC3OccManKey const, cISC3Occupant *>, _Select1st<pair<cSC3OccManKey const, cISC3Occupant *> >, less<cSC3OccManKey>, allocator<cISC3Occupant *> >::lower_bound(cSC3OccManKey const &)
0006d8a0	upper_bound__t8_Rb_tree5Z13cSC3OccManKeyZt4pair2ZC13cSC3OccManKeyZP13cISC3OccupantZt10_Select1st1Zt4pair2ZC13cSC3OccManKeyZP13cISC3OccupantZt4less1Z13cSC3OccManKeyZt9allocator1ZP13cISC3OccupantRC13cSC3OccManKey	_Rb_tree<cSC3OccManKey, pair<cSC3OccManKey const, cISC3Occupant *>, _Select1st<pair<cSC3OccManKey const, cISC3Occupant *> >, less<cSC3OccManKey>, allocator<cISC3Occupant *> >::upper_bound(cSC3OccManKey const &)
0006d930	_._t3map4Z13cSC3OccManKeyZP13cISC3OccupantZt4less1Z13cSC3OccManKeyZt9allocator1ZP13cISC3Occupant	map<cSC3OccManKey, cISC3Occupant *, less<cSC3OccManKey>, allocator<cISC3Occupant *> >::~map(void)
0006d9d4	__thunk_24_QueryInterface__14cSC3PortAttribUiPPv	virtual function thunk (delta:-24) for cSC3PortAttrib::QueryInterface(unsigned int, void **)
0006d9f0	__thunk_24_AddRef__14cSC3PortAttrib	virtual function thunk (delta:-24) for cSC3PortAttrib::AddRef(void)
0006da0c	__thunk_24_Release__14cSC3PortAttrib	virtual function thunk (delta:-24) for cSC3PortAttrib::Release(void)
0006da28	__thunk_24_TokenRead__14cSC3PortAttribR15cISLTokenRecord	virtual function thunk (delta:-24) for cSC3PortAttrib::TokenRead(cISLTokenRecord &)
0006da44	__thunk_24_TokenWrite__14cSC3PortAttribR15cISLTokenRecord	virtual function thunk (delta:-24) for cSC3PortAttrib::TokenWrite(cISLTokenRecord &)
0006da60	__thunk_24_SetIsTextRecord__14cSC3PortAttribb	virtual function thunk (delta:-24) for cSC3PortAttrib::SetIsTextRecord(bool)
0006da7c	__thunk_24_IsTextRecord__C14cSC3PortAttrib	virtual function thunk (delta:-24) for cSC3PortAttrib::IsTextRecord(void) const
0006da98	__thunk_20_QueryInterface__14cSC3PortAttribUiPPv	virtual function thunk (delta:-20) for cSC3PortAttrib::QueryInterface(unsigned int, void **)
0006dab4	__thunk_20_AddRef__14cSC3PortAttrib	virtual function thunk (delta:-20) for cSC3PortAttrib::AddRef(void)
0006dad0	__thunk_20_Release__14cSC3PortAttrib	virtual function thunk (delta:-20) for cSC3PortAttrib::Release(void)
0006daec	__thunk_20_GetOccupantGZCLSID__C14cSC3PortAttribRUi	virtual function thunk (delta:-20) for cSC3PortAttrib::GetOccupantGZCLSID(unsigned int &) const
0006db08	__thunk_20_SetOccupantGZCLSID__14cSC3PortAttribUi	virtual function thunk (delta:-20) for cSC3PortAttrib::SetOccupantGZCLSID(unsigned int)
0006db24	__thunk_20_Key__C14cSC3PortAttrib	virtual function thunk (delta:-20) for cSC3PortAttrib::Key(void) const
0006db40	__thunk_20_IsGeomFlag__14cSC3PortAttribUi	virtual function thunk (delta:-20) for cSC3PortAttrib::IsGeomFlag(unsigned int)
0006db5c	__thunk_20_SetGeomFlag__14cSC3PortAttribUi	virtual function thunk (delta:-20) for cSC3PortAttrib::SetGeomFlag(unsigned int)
0006db78	__thunk_20_ClearGeomFlag__14cSC3PortAttribUi	virtual function thunk (delta:-20) for cSC3PortAttrib::ClearGeomFlag(unsigned int)
0006db94	__thunk_20_GetGeomFlag__14cSC3PortAttrib	virtual function thunk (delta:-20) for cSC3PortAttrib::GetGeomFlag(void)
0006dbb0	__thunk_20_GetOccLayerFlag__14cSC3PortAttrib	virtual function thunk (delta:-20) for cSC3PortAttrib::GetOccLayerFlag(void)
0006dbcc	__thunk_20_SetOccLayerFlag__14cSC3PortAttribUc	virtual function thunk (delta:-20) for cSC3PortAttrib::SetOccLayerFlag(unsigned char)
0006dbe8	__thunk_20_MajorType__C14cSC3PortAttrib	virtual function thunk (delta:-20) for cSC3PortAttrib::MajorType(void) const
0006dc04	__thunk_20_SubTypeInfo__C14cSC3PortAttrib	virtual function thunk (delta:-20) for cSC3PortAttrib::SubTypeInfo(void) const
0006dc20	__thunk_20_AnimType__C14cSC3PortAttrib	virtual function thunk (delta:-20) for cSC3PortAttrib::AnimType(void) const
0006dc3c	__thunk_20_GetName__14cSC3PortAttribR10cIGZString	virtual function thunk (delta:-20) for cSC3PortAttrib::GetName(cIGZString &)
0006dc58	__thunk_20_SizeInCellsX__14cSC3PortAttrib	virtual function thunk (delta:-20) for cSC3PortAttrib::SizeInCellsX(void)
0006dc74	__thunk_20_SizeInCellsZ__14cSC3PortAttrib	virtual function thunk (delta:-20) for cSC3PortAttrib::SizeInCellsZ(void)
0006dc90	__thunk_20_SizeInCellsY__14cSC3PortAttrib	virtual function thunk (delta:-20) for cSC3PortAttrib::SizeInCellsY(void)
0006dcac	__thunk_20_CityAgentType__14cSC3PortAttrib	virtual function thunk (delta:-20) for cSC3PortAttrib::CityAgentType(void)
0006dcc8	__thunk_20_TypeId__C14cSC3PortAttrib	virtual function thunk (delta:-20) for cSC3PortAttrib::TypeId(void) const
0006dce4	__thunk_20_GetSpriteAttrib__14cSC3PortAttribUi	virtual function thunk (delta:-20) for cSC3PortAttrib::GetSpriteAttrib(unsigned int)
0006dd00	__thunk_20_GetSpriteAttrib__14cSC3PortAttrib	virtual function thunk (delta:-20) for cSC3PortAttrib::GetSpriteAttrib(void)
0006dd1c	__thunk_20_GetOriginalSpriteAttrib__14cSC3PortAttrib	virtual function thunk (delta:-20) for cSC3PortAttrib::GetOriginalSpriteAttrib(void)
0006dd38	__thunk_20_GetDefaultLayerFlag__C14cSC3PortAttrib	virtual function thunk (delta:-20) for cSC3PortAttrib::GetDefaultLayerFlag(void) const
0006dd54	__thunk_20_SetDefaultLayerFlag__14cSC3PortAttribUi	virtual function thunk (delta:-20) for cSC3PortAttrib::SetDefaultLayerFlag(unsigned int)
0006dd70	__thunk_20_GetPeopleProducerAttrib__14cSC3PortAttrib	virtual function thunk (delta:-20) for cSC3PortAttrib::GetPeopleProducerAttrib(void)
0006dd8c	__thunk_20_GetVehicleProducerAttrib__14cSC3PortAttrib	virtual function thunk (delta:-20) for cSC3PortAttrib::GetVehicleProducerAttrib(void)
0006dda8	__thunk_20_Flammability__14cSC3PortAttrib	virtual function thunk (delta:-20) for cSC3PortAttrib::Flammability(void)
0006ddc4	__thunk_20_GetSoundObjectId__14cSC3PortAttribRi	virtual function thunk (delta:-20) for cSC3PortAttrib::GetSoundObjectId(int &)
0006dde0	__thunk_20_GetSoundKeyA__14cSC3PortAttribR14cGZResourceKey	virtual function thunk (delta:-20) for cSC3PortAttrib::GetSoundKeyA(cGZResourceKey &)
0006ddfc	__thunk_20_GetSoundKeyB__14cSC3PortAttribR14cGZResourceKey	virtual function thunk (delta:-20) for cSC3PortAttrib::GetSoundKeyB(cGZResourceKey &)
0006de18	__thunk_20_GetPlopCursorKey__14cSC3PortAttribR14cGZResourceKey	virtual function thunk (delta:-20) for cSC3PortAttrib::GetPlopCursorKey(cGZResourceKey &)
0006de34	__thunk_20_GetQueryDescKey__14cSC3PortAttribR14cGZResourceKey	virtual function thunk (delta:-20) for cSC3PortAttrib::GetQueryDescKey(cGZResourceKey &)
0006de50	__thunk_20_GetQueryFormatFlags__14cSC3PortAttribRUi	virtual function thunk (delta:-20) for cSC3PortAttrib::GetQueryFormatFlags(unsigned int &)
0006de6c	__thunk_20_GetQueryDialogClass__14cSC3PortAttrib	virtual function thunk (delta:-20) for cSC3PortAttrib::GetQueryDialogClass(void)
0006de88	__thunk_20_SetQueryDialogClass__14cSC3PortAttribUi	virtual function thunk (delta:-20) for cSC3PortAttrib::SetQueryDialogClass(unsigned int)
0006dea4	__thunk_20_DebugInstanceTag__14cSC3PortAttribR10cIGZString	virtual function thunk (delta:-20) for cSC3PortAttrib::DebugInstanceTag(cIGZString &)
0006dec0	__thunk_20_DebugClassTag__14cSC3PortAttribR10cIGZString	virtual function thunk (delta:-20) for cSC3PortAttrib::DebugClassTag(cIGZString &)
0006dedc	__thunk_20_DebugTypeTag__14cSC3PortAttribR10cIGZString	virtual function thunk (delta:-20) for cSC3PortAttrib::DebugTypeTag(cIGZString &)
0006def8	__thunk_20_GetNameKey__14cSC3PortAttribR14cGZResourceKey	virtual function thunk (delta:-20) for cSC3PortAttrib::GetNameKey(cGZResourceKey &)
0006df14	__thunk_20_SetOverRideAttrib__14cSC3PortAttribP22cISC3OccAttribOverRide	virtual function thunk (delta:-20) for cSC3PortAttrib::SetOverRideAttrib(cISC3OccAttribOverRide *)
0006df30	__thunk_20_GetOverRideAttrib__14cSC3PortAttrib	virtual function thunk (delta:-20) for cSC3PortAttrib::GetOverRideAttrib(void)
0006df4c	__thunk_20_GetArchitectName__14cSC3PortAttribR10cIGZString	virtual function thunk (delta:-20) for cSC3PortAttrib::GetArchitectName(cIGZString &)
0006df68	__thunk_324_QueryInterface__14cSC3PortAttribUiPPv	virtual function thunk (delta:-324) for cSC3PortAttrib::QueryInterface(unsigned int, void **)
0006df88	__thunk_324_AddRef__14cSC3PortAttrib	virtual function thunk (delta:-324) for cSC3PortAttrib::AddRef(void)
0006dfa8	__thunk_324_Release__14cSC3PortAttrib	virtual function thunk (delta:-324) for cSC3PortAttrib::Release(void)
0006dfc8	__thunk_324_GetOccupantGZCLSID__C14cSC3PortAttribRUi	virtual function thunk (delta:-324) for cSC3PortAttrib::GetOccupantGZCLSID(unsigned int &) const
0006dfe8	__thunk_324_SetOccupantGZCLSID__14cSC3PortAttribUi	virtual function thunk (delta:-324) for cSC3PortAttrib::SetOccupantGZCLSID(unsigned int)
0006e008	__thunk_324_Key__C14cSC3PortAttrib	virtual function thunk (delta:-324) for cSC3PortAttrib::Key(void) const
0006e028	__thunk_324_IsGeomFlag__14cSC3PortAttribUi	virtual function thunk (delta:-324) for cSC3PortAttrib::IsGeomFlag(unsigned int)
0006e048	__thunk_324_SetGeomFlag__14cSC3PortAttribUi	virtual function thunk (delta:-324) for cSC3PortAttrib::SetGeomFlag(unsigned int)
0006e068	__thunk_324_ClearGeomFlag__14cSC3PortAttribUi	virtual function thunk (delta:-324) for cSC3PortAttrib::ClearGeomFlag(unsigned int)
0006e088	__thunk_324_GetGeomFlag__14cSC3PortAttrib	virtual function thunk (delta:-324) for cSC3PortAttrib::GetGeomFlag(void)
0006e0a8	__thunk_324_GetOccLayerFlag__14cSC3PortAttrib	virtual function thunk (delta:-324) for cSC3PortAttrib::GetOccLayerFlag(void)
0006e0c8	__thunk_324_SetOccLayerFlag__14cSC3PortAttribUc	virtual function thunk (delta:-324) for cSC3PortAttrib::SetOccLayerFlag(unsigned char)
0006e0e8	__thunk_324_MajorType__C14cSC3PortAttrib	virtual function thunk (delta:-324) for cSC3PortAttrib::MajorType(void) const
0006e108	__thunk_324_SubTypeInfo__C14cSC3PortAttrib	virtual function thunk (delta:-324) for cSC3PortAttrib::SubTypeInfo(void) const
0006e128	__thunk_324_AnimType__C14cSC3PortAttrib	virtual function thunk (delta:-324) for cSC3PortAttrib::AnimType(void) const
0006e148	__thunk_324_GetName__14cSC3PortAttribR10cIGZString	virtual function thunk (delta:-324) for cSC3PortAttrib::GetName(cIGZString &)
0006e168	__thunk_324_SizeInCellsX__14cSC3PortAttrib	virtual function thunk (delta:-324) for cSC3PortAttrib::SizeInCellsX(void)
0006e188	__thunk_324_SizeInCellsZ__14cSC3PortAttrib	virtual function thunk (delta:-324) for cSC3PortAttrib::SizeInCellsZ(void)
0006e1a8	__thunk_324_SizeInCellsY__14cSC3PortAttrib	virtual function thunk (delta:-324) for cSC3PortAttrib::SizeInCellsY(void)
0006e1c8	__thunk_324_CityAgentType__14cSC3PortAttrib	virtual function thunk (delta:-324) for cSC3PortAttrib::CityAgentType(void)
0006e1e8	__thunk_324_TypeId__C14cSC3PortAttrib	virtual function thunk (delta:-324) for cSC3PortAttrib::TypeId(void) const
0006e208	__thunk_324_GetSpriteAttrib__14cSC3PortAttribUi	virtual function thunk (delta:-324) for cSC3PortAttrib::GetSpriteAttrib(unsigned int)
0006e228	__thunk_324_GetSpriteAttrib__14cSC3PortAttrib	virtual function thunk (delta:-324) for cSC3PortAttrib::GetSpriteAttrib(void)
0006e248	__thunk_324_GetOriginalSpriteAttrib__14cSC3PortAttrib	virtual function thunk (delta:-324) for cSC3PortAttrib::GetOriginalSpriteAttrib(void)
0006e268	__thunk_324_GetDefaultLayerFlag__C14cSC3PortAttrib	virtual function thunk (delta:-324) for cSC3PortAttrib::GetDefaultLayerFlag(void) const
0006e288	__thunk_324_SetDefaultLayerFlag__14cSC3PortAttribUi	virtual function thunk (delta:-324) for cSC3PortAttrib::SetDefaultLayerFlag(unsigned int)
0006e2a8	__thunk_324_GetPeopleProducerAttrib__14cSC3PortAttrib	virtual function thunk (delta:-324) for cSC3PortAttrib::GetPeopleProducerAttrib(void)
0006e2c8	__thunk_324_GetVehicleProducerAttrib__14cSC3PortAttrib	virtual function thunk (delta:-324) for cSC3PortAttrib::GetVehicleProducerAttrib(void)
0006e2e8	__thunk_324_Flammability__14cSC3PortAttrib	virtual function thunk (delta:-324) for cSC3PortAttrib::Flammability(void)
0006e308	__thunk_324_GetSoundObjectId__14cSC3PortAttribRi	virtual function thunk (delta:-324) for cSC3PortAttrib::GetSoundObjectId(int &)
0006e328	__thunk_324_GetSoundKeyA__14cSC3PortAttribR14cGZResourceKey	virtual function thunk (delta:-324) for cSC3PortAttrib::GetSoundKeyA(cGZResourceKey &)
0006e348	__thunk_324_GetSoundKeyB__14cSC3PortAttribR14cGZResourceKey	virtual function thunk (delta:-324) for cSC3PortAttrib::GetSoundKeyB(cGZResourceKey &)
0006e368	__thunk_324_GetPlopCursorKey__14cSC3PortAttribR14cGZResourceKey	virtual function thunk (delta:-324) for cSC3PortAttrib::GetPlopCursorKey(cGZResourceKey &)
0006e388	__thunk_324_GetQueryDescKey__14cSC3PortAttribR14cGZResourceKey	virtual function thunk (delta:-324) for cSC3PortAttrib::GetQueryDescKey(cGZResourceKey &)
0006e3a8	__thunk_324_GetQueryFormatFlags__14cSC3PortAttribRUi	virtual function thunk (delta:-324) for cSC3PortAttrib::GetQueryFormatFlags(unsigned int &)
0006e3c8	__thunk_324_GetQueryDialogClass__14cSC3PortAttrib	virtual function thunk (delta:-324) for cSC3PortAttrib::GetQueryDialogClass(void)
0006e3e8	__thunk_324_SetQueryDialogClass__14cSC3PortAttribUi	virtual function thunk (delta:-324) for cSC3PortAttrib::SetQueryDialogClass(unsigned int)
0006e408	__thunk_324_DebugInstanceTag__14cSC3PortAttribR10cIGZString	virtual function thunk (delta:-324) for cSC3PortAttrib::DebugInstanceTag(cIGZString &)
0006e428	__thunk_324_DebugClassTag__14cSC3PortAttribR10cIGZString	virtual function thunk (delta:-324) for cSC3PortAttrib::DebugClassTag(cIGZString &)
0006e448	__thunk_324_DebugTypeTag__14cSC3PortAttribR10cIGZString	virtual function thunk (delta:-324) for cSC3PortAttrib::DebugTypeTag(cIGZString &)
0006e468	__thunk_324_GetNameKey__14cSC3PortAttribR14cGZResourceKey	virtual function thunk (delta:-324) for cSC3PortAttrib::GetNameKey(cGZResourceKey &)
0006e488	__thunk_324_SetOverRideAttrib__14cSC3PortAttribP22cISC3OccAttribOverRide	virtual function thunk (delta:-324) for cSC3PortAttrib::SetOverRideAttrib(cISC3OccAttribOverRide *)
0006e4a8	__thunk_324_GetOverRideAttrib__14cSC3PortAttrib	virtual function thunk (delta:-324) for cSC3PortAttrib::GetOverRideAttrib(void)
0006e4c8	__thunk_324_GetArchitectName__14cSC3PortAttribR10cIGZString	virtual function thunk (delta:-324) for cSC3PortAttrib::GetArchitectName(cIGZString &)
0006e4e8	__thunk_324_AsISC3OccupantAttrib__14cSC3PortAttrib	virtual function thunk (delta:-324) for cSC3PortAttrib::AsISC3OccupantAttrib(void)
0006e508	__thunk_324_GetPowerConsumption__14cSC3PortAttrib	virtual function thunk (delta:-324) for cSC3PortAttrib::GetPowerConsumption(void)
0006e528	__thunk_324_SetPowerConsumption__14cSC3PortAttribUc	virtual function thunk (delta:-324) for cSC3PortAttrib::SetPowerConsumption(unsigned char)
0006e548	__thunk_324_GetPlacementInfo__14cSC3PortAttrib	virtual function thunk (delta:-324) for cSC3PortAttrib::GetPlacementInfo(void)
0006e568	__thunk_324_AsISC3BuildingAttrib__14cSC3PortAttrib	virtual function thunk (delta:-324) for cSC3PortAttrib::AsISC3BuildingAttrib(void)
0006e588	__thunk_324_GetPortType__14cSC3PortAttrib	virtual function thunk (delta:-324) for cSC3PortAttrib::GetPortType(void)
0006e5a8	__thunk_308_QueryInterface__14cSC3PortAttribUiPPv	virtual function thunk (delta:-308) for cSC3PortAttrib::QueryInterface(unsigned int, void **)
0006e5c8	__thunk_308_AddRef__14cSC3PortAttrib	virtual function thunk (delta:-308) for cSC3PortAttrib::AddRef(void)
0006e5e8	__thunk_308_Release__14cSC3PortAttrib	virtual function thunk (delta:-308) for cSC3PortAttrib::Release(void)
0006e608	__thunk_308_GetOccupantGZCLSID__C14cSC3PortAttribRUi	virtual function thunk (delta:-308) for cSC3PortAttrib::GetOccupantGZCLSID(unsigned int &) const
0006e628	__thunk_308_SetOccupantGZCLSID__14cSC3PortAttribUi	virtual function thunk (delta:-308) for cSC3PortAttrib::SetOccupantGZCLSID(unsigned int)
0006e648	__thunk_308_Key__C14cSC3PortAttrib	virtual function thunk (delta:-308) for cSC3PortAttrib::Key(void) const
0006e668	__thunk_308_IsGeomFlag__14cSC3PortAttribUi	virtual function thunk (delta:-308) for cSC3PortAttrib::IsGeomFlag(unsigned int)
0006e688	__thunk_308_SetGeomFlag__14cSC3PortAttribUi	virtual function thunk (delta:-308) for cSC3PortAttrib::SetGeomFlag(unsigned int)
0006e6a8	__thunk_308_ClearGeomFlag__14cSC3PortAttribUi	virtual function thunk (delta:-308) for cSC3PortAttrib::ClearGeomFlag(unsigned int)
0006e6c8	__thunk_308_GetGeomFlag__14cSC3PortAttrib	virtual function thunk (delta:-308) for cSC3PortAttrib::GetGeomFlag(void)
0006e6e8	__thunk_308_GetOccLayerFlag__14cSC3PortAttrib	virtual function thunk (delta:-308) for cSC3PortAttrib::GetOccLayerFlag(void)
0006e708	__thunk_308_SetOccLayerFlag__14cSC3PortAttribUc	virtual function thunk (delta:-308) for cSC3PortAttrib::SetOccLayerFlag(unsigned char)
0006e728	__thunk_308_MajorType__C14cSC3PortAttrib	virtual function thunk (delta:-308) for cSC3PortAttrib::MajorType(void) const
0006e748	__thunk_308_SubTypeInfo__C14cSC3PortAttrib	virtual function thunk (delta:-308) for cSC3PortAttrib::SubTypeInfo(void) const
0006e768	__thunk_308_AnimType__C14cSC3PortAttrib	virtual function thunk (delta:-308) for cSC3PortAttrib::AnimType(void) const
0006e788	__thunk_308_GetName__14cSC3PortAttribR10cIGZString	virtual function thunk (delta:-308) for cSC3PortAttrib::GetName(cIGZString &)
0006e7a8	__thunk_308_SizeInCellsX__14cSC3PortAttrib	virtual function thunk (delta:-308) for cSC3PortAttrib::SizeInCellsX(void)
0006e7c8	__thunk_308_SizeInCellsZ__14cSC3PortAttrib	virtual function thunk (delta:-308) for cSC3PortAttrib::SizeInCellsZ(void)
0006e7e8	__thunk_308_SizeInCellsY__14cSC3PortAttrib	virtual function thunk (delta:-308) for cSC3PortAttrib::SizeInCellsY(void)
0006e808	__thunk_308_CityAgentType__14cSC3PortAttrib	virtual function thunk (delta:-308) for cSC3PortAttrib::CityAgentType(void)
0006e828	__thunk_308_TypeId__C14cSC3PortAttrib	virtual function thunk (delta:-308) for cSC3PortAttrib::TypeId(void) const
0006e848	__thunk_308_GetSpriteAttrib__14cSC3PortAttribUi	virtual function thunk (delta:-308) for cSC3PortAttrib::GetSpriteAttrib(unsigned int)
0006e868	__thunk_308_GetSpriteAttrib__14cSC3PortAttrib	virtual function thunk (delta:-308) for cSC3PortAttrib::GetSpriteAttrib(void)
0006e888	__thunk_308_GetOriginalSpriteAttrib__14cSC3PortAttrib	virtual function thunk (delta:-308) for cSC3PortAttrib::GetOriginalSpriteAttrib(void)
0006e8a8	__thunk_308_GetDefaultLayerFlag__C14cSC3PortAttrib	virtual function thunk (delta:-308) for cSC3PortAttrib::GetDefaultLayerFlag(void) const
0006e8c8	__thunk_308_SetDefaultLayerFlag__14cSC3PortAttribUi	virtual function thunk (delta:-308) for cSC3PortAttrib::SetDefaultLayerFlag(unsigned int)
0006e8e8	__thunk_308_GetPeopleProducerAttrib__14cSC3PortAttrib	virtual function thunk (delta:-308) for cSC3PortAttrib::GetPeopleProducerAttrib(void)
0006e908	__thunk_308_GetVehicleProducerAttrib__14cSC3PortAttrib	virtual function thunk (delta:-308) for cSC3PortAttrib::GetVehicleProducerAttrib(void)
0006e928	__thunk_308_Flammability__14cSC3PortAttrib	virtual function thunk (delta:-308) for cSC3PortAttrib::Flammability(void)
0006e948	__thunk_308_GetSoundObjectId__14cSC3PortAttribRi	virtual function thunk (delta:-308) for cSC3PortAttrib::GetSoundObjectId(int &)
0006e968	__thunk_308_GetSoundKeyA__14cSC3PortAttribR14cGZResourceKey	virtual function thunk (delta:-308) for cSC3PortAttrib::GetSoundKeyA(cGZResourceKey &)
0006e988	__thunk_308_GetSoundKeyB__14cSC3PortAttribR14cGZResourceKey	virtual function thunk (delta:-308) for cSC3PortAttrib::GetSoundKeyB(cGZResourceKey &)
0006e9a8	__thunk_308_GetPlopCursorKey__14cSC3PortAttribR14cGZResourceKey	virtual function thunk (delta:-308) for cSC3PortAttrib::GetPlopCursorKey(cGZResourceKey &)
0006e9c8	__thunk_308_GetQueryDescKey__14cSC3PortAttribR14cGZResourceKey	virtual function thunk (delta:-308) for cSC3PortAttrib::GetQueryDescKey(cGZResourceKey &)
0006e9e8	__thunk_308_GetQueryFormatFlags__14cSC3PortAttribRUi	virtual function thunk (delta:-308) for cSC3PortAttrib::GetQueryFormatFlags(unsigned int &)
0006ea08	__thunk_308_GetQueryDialogClass__14cSC3PortAttrib	virtual function thunk (delta:-308) for cSC3PortAttrib::GetQueryDialogClass(void)
0006ea28	__thunk_308_SetQueryDialogClass__14cSC3PortAttribUi	virtual function thunk (delta:-308) for cSC3PortAttrib::SetQueryDialogClass(unsigned int)
0006ea48	__thunk_308_DebugInstanceTag__14cSC3PortAttribR10cIGZString	virtual function thunk (delta:-308) for cSC3PortAttrib::DebugInstanceTag(cIGZString &)
0006ea68	__thunk_308_DebugClassTag__14cSC3PortAttribR10cIGZString	virtual function thunk (delta:-308) for cSC3PortAttrib::DebugClassTag(cIGZString &)
0006ea88	__thunk_308_DebugTypeTag__14cSC3PortAttribR10cIGZString	virtual function thunk (delta:-308) for cSC3PortAttrib::DebugTypeTag(cIGZString &)
0006eaa8	__thunk_308_GetNameKey__14cSC3PortAttribR14cGZResourceKey	virtual function thunk (delta:-308) for cSC3PortAttrib::GetNameKey(cGZResourceKey &)
0006eac8	__thunk_308_SetOverRideAttrib__14cSC3PortAttribP22cISC3OccAttribOverRide	virtual function thunk (delta:-308) for cSC3PortAttrib::SetOverRideAttrib(cISC3OccAttribOverRide *)
0006eae8	__thunk_308_GetOverRideAttrib__14cSC3PortAttrib	virtual function thunk (delta:-308) for cSC3PortAttrib::GetOverRideAttrib(void)
0006eb08	__thunk_308_GetArchitectName__14cSC3PortAttribR10cIGZString	virtual function thunk (delta:-308) for cSC3PortAttrib::GetArchitectName(cIGZString &)
0006eb28	__thunk_308_AsISC3OccupantAttrib__14cSC3PortAttrib	virtual function thunk (delta:-308) for cSC3PortAttrib::AsISC3OccupantAttrib(void)
0006eb48	__thunk_308_GetPowerConsumption__14cSC3PortAttrib	virtual function thunk (delta:-308) for cSC3PortAttrib::GetPowerConsumption(void)
0006eb68	__thunk_308_SetPowerConsumption__14cSC3PortAttribUc	virtual function thunk (delta:-308) for cSC3PortAttrib::SetPowerConsumption(unsigned char)
0006eb88	__thunk_308_GetPlacementInfo__14cSC3PortAttrib	virtual function thunk (delta:-308) for cSC3PortAttrib::GetPlacementInfo(void)
0006eba8	__thunk_36_QueryInterface__13cSC3PortLayerUiPPv	virtual function thunk (delta:-36) for cSC3PortLayer::QueryInterface(unsigned int, void **)
0006ebc4	__thunk_36_AddRef__13cSC3PortLayer	virtual function thunk (delta:-36) for cSC3PortLayer::AddRef(void)
0006ebe0	__thunk_36_Release__13cSC3PortLayer	virtual function thunk (delta:-36) for cSC3PortLayer::Release(void)
0006ebfc	__thunk_36_OccupantInserted__13cSC3PortLayerUiP13cISC3Occupant	virtual function thunk (delta:-36) for cSC3PortLayer::OccupantInserted(unsigned int, cISC3Occupant *)
0006ec18	__thunk_36_OccupantRemoved__13cSC3PortLayerUiP13cISC3Occupant	virtual function thunk (delta:-36) for cSC3PortLayer::OccupantRemoved(unsigned int, cISC3Occupant *)
0006ec34	__thunk_36_OccupantMoved__13cSC3PortLayerUiP13cISC3OccupantRC13cSC3CityCoord	virtual function thunk (delta:-36) for cSC3PortLayer::OccupantMoved(unsigned int, cISC3Occupant *, cSC3CityCoord const &)
0006ec50	__thunk_36_OccupantChanged__13cSC3PortLayerUiP13cISC3OccupantiPv	virtual function thunk (delta:-36) for cSC3PortLayer::OccupantChanged(unsigned int, cISC3Occupant *, int, void *)
0006ec6c	__thunk_36_CellChangedAll__13cSC3PortLayerUi	virtual function thunk (delta:-36) for cSC3PortLayer::CellChangedAll(unsigned int)
0006ec88	__thunk_36_CellChanged__13cSC3PortLayerUiUiUi	virtual function thunk (delta:-36) for cSC3PortLayer::CellChanged(unsigned int, unsigned int, unsigned int)
0006eca4	__thunk_36_CellChanged__13cSC3PortLayerUiUiUiUiUi	virtual function thunk (delta:-36) for cSC3PortLayer::CellChanged(unsigned int, unsigned int, unsigned int, unsigned int, unsigned int)
0006ecc0	__thunk_28_QueryInterface__13cSC3PortLayerUiPPv	virtual function thunk (delta:-28) for cSC3PortLayer::QueryInterface(unsigned int, void **)
0006ecdc	__thunk_28_AddRef__13cSC3PortLayer	virtual function thunk (delta:-28) for cSC3PortLayer::AddRef(void)
0006ecf8	__thunk_28_Release__13cSC3PortLayer	virtual function thunk (delta:-28) for cSC3PortLayer::Release(void)
0006ed14	__thunk_28_CellCountX__C13cSC3PortLayer	virtual function thunk (delta:-28) for cSC3PortLayer::CellCountX(void) const
0006ed30	__thunk_28_CellCountZ__C13cSC3PortLayer	virtual function thunk (delta:-28) for cSC3PortLayer::CellCountZ(void) const
0006ed4c	__thunk_28_GetValueSint32__C13cSC3PortLayerUiUiRi	virtual function thunk (delta:-28) for cSC3PortLayer::GetValueSint32(unsigned int, unsigned int, int &) const
0006ed68	__thunk_28_InBounds__C13cSC3PortLayerUiUi	virtual function thunk (delta:-28) for cSC3PortLayer::InBounds(unsigned int, unsigned int) const
0006ed84	__thunk_28_InBounds__C13cSC3PortLayerUiUiUiUi	virtual function thunk (delta:-28) for cSC3PortLayer::InBounds(unsigned int, unsigned int, unsigned int, unsigned int) const
0006eda0	__thunk_28_ValidRect__C13cSC3PortLayerUiUiUiUi	virtual function thunk (delta:-28) for cSC3PortLayer::ValidRect(unsigned int, unsigned int, unsigned int, unsigned int) const
0006edbc	__thunk_28_SerialRead__13cSC3PortLayerR18cIGZDBSerialRecord	virtual function thunk (delta:-28) for cSC3PortLayer::SerialRead(cIGZDBSerialRecord &)
0006edd8	__thunk_28_SerialWrite__C13cSC3PortLayerR18cIGZDBSerialRecord	virtual function thunk (delta:-28) for cSC3PortLayer::SerialWrite(cIGZDBSerialRecord &) const
0006edf4	__thunk_28_Init__13cSC3PortLayerP9cISC3CityRCUc	virtual function thunk (delta:-28) for cSC3PortLayer::Init(cISC3City *, unsigned char const &)
0006ee10	__thunk_28_Shutdown__13cSC3PortLayer	virtual function thunk (delta:-28) for cSC3PortLayer::Shutdown(void)
0006ee2c	__thunk_28_GetValue__C13cSC3PortLayerUiUiRUc	virtual function thunk (delta:-28) for cSC3PortLayer::GetValue(unsigned int, unsigned int, unsigned char &) const
0006ee48	__thunk_28_SetValue__13cSC3PortLayerUiUiRCUc	virtual function thunk (delta:-28) for cSC3PortLayer::SetValue(unsigned int, unsigned int, unsigned char const &)
0006ee64	__thunk_28_SetAllCells__13cSC3PortLayerRCUc	virtual function thunk (delta:-28) for cSC3PortLayer::SetAllCells(unsigned char const &)
0006ee80	__thunk_28_SetValue__13cSC3PortLayerUiUiUiUiRCUc	virtual function thunk (delta:-28) for cSC3PortLayer::SetValue(unsigned int, unsigned int, unsigned int, unsigned int, unsigned char const &)
0006ee9c	__thunk_28_OverlapsRunway__13cSC3PortLayerRC17sIGZPointXZUint32T1	virtual function thunk (delta:-28) for cSC3PortLayer::OverlapsRunway(sIGZPointXZUint32 const &, sIGZPointXZUint32 const &)
0006eeb8	__thunk_28_OverlapsControlTower__13cSC3PortLayerUiUi	virtual function thunk (delta:-28) for cSC3PortLayer::OverlapsControlTower(unsigned int, unsigned int)
0006eed4	__thunk_28_HasRunwayService__13cSC3PortLayerUiUi	virtual function thunk (delta:-28) for cSC3PortLayer::HasRunwayService(unsigned int, unsigned int)
0006eef0	__thunk_28_HasControlTowerService__13cSC3PortLayerUiUi	virtual function thunk (delta:-28) for cSC3PortLayer::HasControlTowerService(unsigned int, unsigned int)
0006ef0c	__thunk_28_HasPierService__13cSC3PortLayerUiUi	virtual function thunk (delta:-28) for cSC3PortLayer::HasPierService(unsigned int, unsigned int)
0006ef28	__thunk_28_AddRunway__13cSC3PortLayerRC17sIGZPointXZUint32T1	virtual function thunk (delta:-28) for cSC3PortLayer::AddRunway(sIGZPointXZUint32 const &, sIGZPointXZUint32 const &)
0006ef44	__thunk_28_AddControlTower__13cSC3PortLayerUiUi	virtual function thunk (delta:-28) for cSC3PortLayer::AddControlTower(unsigned int, unsigned int)
0006ef60	__thunk_28_AddPier__13cSC3PortLayerUiUi	virtual function thunk (delta:-28) for cSC3PortLayer::AddPier(unsigned int, unsigned int)
0006ef7c	__thunk_28_RemoveRunway__13cSC3PortLayerRC17sIGZPointXZUint32T1	virtual function thunk (delta:-28) for cSC3PortLayer::RemoveRunway(sIGZPointXZUint32 const &, sIGZPointXZUint32 const &)
0006ef98	__thunk_28_RemoveControlTower__13cSC3PortLayerUiUi	virtual function thunk (delta:-28) for cSC3PortLayer::RemoveControlTower(unsigned int, unsigned int)
0006efb4	__thunk_28_RemovePier__13cSC3PortLayerUiUi	virtual function thunk (delta:-28) for cSC3PortLayer::RemovePier(unsigned int, unsigned int)
0006efd0	__thunk_32_QueryInterface__13cSC3PortLayerUiPPv	virtual function thunk (delta:-32) for cSC3PortLayer::QueryInterface(unsigned int, void **)
0006efec	__thunk_32_AddRef__13cSC3PortLayer	virtual function thunk (delta:-32) for cSC3PortLayer::AddRef(void)
0006f008	__thunk_32_Release__13cSC3PortLayer	virtual function thunk (delta:-32) for cSC3PortLayer::Release(void)
0006f024	__thunk_32_DoMessage__13cSC3PortLayerR10cGZMessage	virtual function thunk (delta:-32) for cSC3PortLayer::DoMessage(cGZMessage &)
0006f040	__thunk_32_DoQueryInfo__13cSC3PortLayerR10cGZMessageP11cIGZUnknown	virtual function thunk (delta:-32) for cSC3PortLayer::DoQueryInfo(cGZMessage &, cIGZUnknown *)
0006f05c	__thunk_32_StaticInit__13cSC3PortLayerP19cISC3CityDefinition	virtual function thunk (delta:-32) for cSC3PortLayer::StaticInit(cISC3CityDefinition *)
0006f078	__thunk_32_StaticShutdown__13cSC3PortLayer	virtual function thunk (delta:-32) for cSC3PortLayer::StaticShutdown(void)
0006f094	__thunk_32_Init__13cSC3PortLayerP9cISC3City	virtual function thunk (delta:-32) for cSC3PortLayer::Init(cISC3City *)
0006f0b0	__thunk_32_Init__13cSC3PortLayerP9cISC3CityP13cISC2Importer	virtual function thunk (delta:-32) for cSC3PortLayer::Init(cISC3City *, cISC2Importer *)
0006f0cc	__thunk_32_Init__13cSC3PortLayerP9cISC3CityP13cIGZDBSegment	virtual function thunk (delta:-32) for cSC3PortLayer::Init(cISC3City *, cIGZDBSegment *)
0006f0e8	__thunk_32_Save__13cSC3PortLayerP9cISC3CityP13cIGZDBSegment	virtual function thunk (delta:-32) for cSC3PortLayer::Save(cISC3City *, cIGZDBSegment *)
0006f104	__thunk_32_SimulationBegin__13cSC3PortLayer	virtual function thunk (delta:-32) for cSC3PortLayer::SimulationBegin(void)
0006f120	__thunk_32_SimulationEnd__13cSC3PortLayer	virtual function thunk (delta:-32) for cSC3PortLayer::SimulationEnd(void)
0006f13c	__thunk_32_Shutdown__13cSC3PortLayer	virtual function thunk (delta:-32) for cSC3PortLayer::Shutdown(void)
0006f158	__thunk_32_GetManipulator__13cSC3PortLayerRC18cISC3CityAgentTypePP25cISC3CityLayerManipulatorRi	virtual function thunk (delta:-32) for cSC3PortLayer::GetManipulator(cISC3CityAgentType const &, cISC3CityLayerManipulator **, int &)
0006f174	__thunk_32_GetLayerType__13cSC3PortLayer	virtual function thunk (delta:-32) for cSC3PortLayer::GetLayerType(void)
0006f190	__thunk_32_DebugClassTag__13cSC3PortLayerR10cIGZString	virtual function thunk (delta:-32) for cSC3PortLayer::DebugClassTag(cIGZString &)
0006f1ac	__thunk_32_DebugTypeTag__13cSC3PortLayerR10cIGZString	virtual function thunk (delta:-32) for cSC3PortLayer::DebugTypeTag(cIGZString &)
0006f1cc	AddRef__t20cSC3CityCellMapSized1ZUc	cSC3CityCellMapSized<unsigned char>::AddRef(void)
0006f214	QueryInterface__t20cSC3CityCellMapSized1ZUcUiPPv	cSC3CityCellMapSized<unsigned char>::QueryInterface(unsigned int, void **)
0006f290	_._t20cSC3CityCellMapSized1ZUc	cSC3CityCellMapSized<unsigned char>::~cSC3CityCellMapSized(void)
0006f2c8	Release__t20cSC3CityCellMapSized1ZUc	cSC3CityCellMapSized<unsigned char>::Release(void)
0006f324	CellCountX__Ct20cSC3CityCellMapSized1ZUc	cSC3CityCellMapSized<unsigned char>::CellCountX(void) const
0006f334	CellCountZ__Ct20cSC3CityCellMapSized1ZUc	cSC3CityCellMapSized<unsigned char>::CellCountZ(void) const
0006f348	GetValueSint32__Ct20cSC3CityCellMapSized1ZUcUiUiRi	cSC3CityCellMapSized<unsigned char>::GetValueSint32(unsigned int, unsigned int, int &) const
0006f390	GetValue__Ct20cSC3CityCellMapSized1ZUcUiUiRUc	cSC3CityCellMapSized<unsigned char>::GetValue(unsigned int, unsigned int, unsigned char &) const
0006f3cc	SetValue__t20cSC3CityCellMapSized1ZUcUiUiRCUc	cSC3CityCellMapSized<unsigned char>::SetValue(unsigned int, unsigned int, unsigned char const &)
0006f414	SetValue__t20cSC3CityCellMapSized1ZUcUiUiUiUiRCUc	cSC3CityCellMapSized<unsigned char>::SetValue(unsigned int, unsigned int, unsigned int, unsigned int, unsigned char const &)
0006f494	SetAllCells__t20cSC3CityCellMapSized1ZUcRCUc	cSC3CityCellMapSized<unsigned char>::SetAllCells(unsigned char const &)
0006f4c4	InBounds__Ct20cSC3CityCellMapSized1ZUcUiUi	cSC3CityCellMapSized<unsigned char>::InBounds(unsigned int, unsigned int) const
0006f518	InBounds__Ct20cSC3CityCellMapSized1ZUcUiUiUiUi	cSC3CityCellMapSized<unsigned char>::InBounds(unsigned int, unsigned int, unsigned int, unsigned int) const
0006f574	ValidRect__Ct20cSC3CityCellMapSized1ZUcUiUiUiUi	cSC3CityCellMapSized<unsigned char>::ValidRect(unsigned int, unsigned int, unsigned int, unsigned int) const
0006f594	SerialRead__t20cSC3CityCellMapSized1ZUcR18cIGZDBSerialRecord	cSC3CityCellMapSized<unsigned char>::SerialRead(cIGZDBSerialRecord &)
0006f5f4	SerialWrite__Ct20cSC3CityCellMapSized1ZUcR18cIGZDBSerialRecord	cSC3CityCellMapSized<unsigned char>::SerialWrite(cIGZDBSerialRecord &) const
0006f654	Shutdown__t20cSC3CityCellMapSized1ZUc	cSC3CityCellMapSized<unsigned char>::Shutdown(void)
0006f6a4	Init__t20cSC3CityCellMapSized1ZUcP9cISC3CityRCUc	cSC3CityCellMapSized<unsigned char>::Init(cISC3City *, unsigned char const &)
0006f7a4	SetAllCells__t10cRZCellMap1ZUcRCUc	cRZCellMap<unsigned char>::SetAllCells(unsigned char const &)
0006f7f4	GetDirectorID__C14cSGCOMDirector	cSGCOMDirector::GetDirectorID(void) const
0006f800	AppRegister__14cSGCOMDirectorP12cIGZRegistry	cSGCOMDirector::AppRegister(cIGZRegistry *)
0006f810	_._14cSGCOMDirector	cSGCOMDirector::~cSGCOMDirector(void)
0006f854	CreatecSC3OccupantManager__14cSGCOMDirector	cSGCOMDirector::CreatecSC3OccupantManager(void)
0006f8c4	CreatecSC3OccupantAttrib__14cSGCOMDirector	cSGCOMDirector::CreatecSC3OccupantAttrib(void)
0006f944	CreatecSC3OccAttribOverRide__14cSGCOMDirector	cSGCOMDirector::CreatecSC3OccAttribOverRide(void)
0006f9c4	CreatecSC3OccAttribOverRideContainer__14cSGCOMDirector	cSGCOMDirector::CreatecSC3OccAttribOverRideContainer(void)
0006fa34	CreatecSC3FloraLayer__14cSGCOMDirector	cSGCOMDirector::CreatecSC3FloraLayer(void)
0006faa4	CreatecSC3FloraAttrib__14cSGCOMDirector	cSGCOMDirector::CreatecSC3FloraAttrib(void)
0006fb24	CreatecSC3BuildingAttrib__14cSGCOMDirector	cSGCOMDirector::CreatecSC3BuildingAttrib(void)
0006fba4	CreatecSC3Building__14cSGCOMDirector	cSGCOMDirector::CreatecSC3Building(void)
0006fc24	CreatecSC3BuildingStaticAnim__14cSGCOMDirector	cSGCOMDirector::CreatecSC3BuildingStaticAnim(void)
0006fcc4	CreatecSC3BuildingLayer__14cSGCOMDirector	cSGCOMDirector::CreatecSC3BuildingLayer(void)
0006fd34	CreatecSC3PortAttrib__14cSGCOMDirector	cSGCOMDirector::CreatecSC3PortAttrib(void)
0006fdb4	CreatecSC3BuildingFamilyFactory__14cSGCOMDirector	cSGCOMDirector::CreatecSC3BuildingFamilyFactory(void)
0006fe64	CreatecSC3PortLayer__14cSGCOMDirector	cSGCOMDirector::CreatecSC3PortLayer(void)
0006fee4	CreatecSGDemolitionLayer__14cSGCOMDirector	cSGCOMDirector::CreatecSGDemolitionLayer(void)
0006ff54	__uninitialized_copy_aux__H2ZP13cSC3CityCoordZP13cSC3CityCoord_X01X01X11G12__false_type_X11	cSC3CityCoord * __uninitialized_copy_aux<cSC3CityCoord *, cSC3CityCoord *>(cSC3CityCoord *, cSC3CityCoord *, cSC3CityCoord *, __false_type)
0006ffa4	_M_insert_aux__t6vector2Z13cSC3CityCoordZt9allocator1Z13cSC3CityCoordP13cSC3CityCoordRC13cSC3CityCoord	vector<cSC3CityCoord, allocator<cSC3CityCoord> >::_M_insert_aux(cSC3CityCoord *, cSC3CityCoord const &)
00070414	_M_erase__t8_Rb_tree5Zt4pair2ZCUiZUiZt4pair2ZCt4pair2ZCUiZUiZPFv_P11cIGZUnknownZt10_Select1st1Zt4pair2ZCt4pair2ZCUiZUiZPFv_P11cIGZUnknownZt4less1Zt4pair2ZCUiZUiZt9allocator1ZPFv_P11cIGZUnknownPt13_Rb_tree_node1Zt4pair2ZCt4pair2ZCUiZUiZPFv_P11cIGZUnknown	_Rb_tree<pair<unsigned int const, unsigned int>, pair<pair<unsigned int const, unsigned int> const, cIGZUnknown *(*)(void)>, _Select1st<pair<pair<unsigned int const, unsigned int> const, cIGZUnknown *(*)(void)> >, less<pair<unsigned int const, unsigned int> >, allocator<cIGZUnknown *(*)(void)> >::_M_erase(_Rb_tree_node<pair<pair<unsigned int const, unsigned int> const, cIGZUnknown *(*)(void)> > *)
00070494	_M_insert_aux__t6vector2ZP17cRZCOMDllDirectorZt9allocator1ZP17cRZCOMDllDirectorPP17cRZCOMDllDirectorRCP17cRZCOMDllDirector	vector<cRZCOMDllDirector *, allocator<cRZCOMDllDirector *> >::_M_insert_aux(cRZCOMDllDirector **, cRZCOMDllDirector *const &)
000707c4	_M_insert__t8_Rb_tree5Zt4pair2ZCUiZUiZt4pair2ZCt4pair2ZCUiZUiZPFv_P11cIGZUnknownZt10_Select1st1Zt4pair2ZCt4pair2ZCUiZUiZPFv_P11cIGZUnknownZt4less1Zt4pair2ZCUiZUiZt9allocator1ZPFv_P11cIGZUnknownP18_Rb_tree_node_baseT1RCt4pair2ZCt4pair2ZCUiZUiZPFv_P11cIGZUnknown	_Rb_tree<pair<unsigned int const, unsigned int>, pair<pair<unsigned int const, unsigned int> const, cIGZUnknown *(*)(void)>, _Select1st<pair<pair<unsigned int const, unsigned int> const, cIGZUnknown *(*)(void)> >, less<pair<unsigned int const, unsigned int> >, allocator<cIGZUnknown *(*)(void)> >::_M_insert(_Rb_tree_node_base *, _Rb_tree_node_base *, pair<pair<unsigned int const, unsigned int> const, cIGZUnknown *(*)(void)> const &)
00070be4	insert_unique__t8_Rb_tree5Zt4pair2ZCUiZUiZt4pair2ZCt4pair2ZCUiZUiZPFv_P11cIGZUnknownZt10_Select1st1Zt4pair2ZCt4pair2ZCUiZUiZPFv_P11cIGZUnknownZt4less1Zt4pair2ZCUiZUiZt9allocator1ZPFv_P11cIGZUnknownRCt4pair2ZCt4pair2ZCUiZUiZPFv_P11cIGZUnknown	_Rb_tree<pair<unsigned int const, unsigned int>, pair<pair<unsigned int const, unsigned int> const, cIGZUnknown *(*)(void)>, _Select1st<pair<pair<unsigned int const, unsigned int> const, cIGZUnknown *(*)(void)> >, less<pair<unsigned int const, unsigned int> >, allocator<cIGZUnknown *(*)(void)> >::insert_unique(pair<pair<unsigned int const, unsigned int> const, cIGZUnknown *(*)(void)> const &)
00070d3c	__thunk_4_QueryInterface__17cRZCOMDllDirectorUiPPv	virtual function thunk (delta:-4) for cRZCOMDllDirector::QueryInterface(unsigned int, void **)
00070d58	__thunk_4_AddRef__17cRZCOMDllDirector	virtual function thunk (delta:-4) for cRZCOMDllDirector::AddRef(void)
00070d74	__thunk_4_Release__17cRZCOMDllDirector	virtual function thunk (delta:-4) for cRZCOMDllDirector::Release(void)
00070d90	__thunk_4_PreFrameWorkInit__17cRZCOMDllDirector	virtual function thunk (delta:-4) for cRZCOMDllDirector::PreFrameWorkInit(void)
00070dac	__thunk_4_PreAppInit__17cRZCOMDllDirector	virtual function thunk (delta:-4) for cRZCOMDllDirector::PreAppInit(void)
00070dc8	__thunk_4_PostAppInit__17cRZCOMDllDirector	virtual function thunk (delta:-4) for cRZCOMDllDirector::PostAppInit(void)
00070de4	__thunk_4_PreAppShutdown__17cRZCOMDllDirector	virtual function thunk (delta:-4) for cRZCOMDllDirector::PreAppShutdown(void)
00070e00	__thunk_4_PostAppShutdown__17cRZCOMDllDirector	virtual function thunk (delta:-4) for cRZCOMDllDirector::PostAppShutdown(void)
00070e1c	__thunk_4_PostSystemServiceShutdown__17cRZCOMDllDirector	virtual function thunk (delta:-4) for cRZCOMDllDirector::PostSystemServiceShutdown(void)
00070e38	__thunk_4_AbortiveQuit__17cRZCOMDllDirector	virtual function thunk (delta:-4) for cRZCOMDllDirector::AbortiveQuit(void)
00070e54	__thunk_4_OnInstall__17cRZCOMDllDirector	virtual function thunk (delta:-4) for cRZCOMDllDirector::OnInstall(void)
00070e74	_._t3map4Zt4pair2ZCUiZUiZPFv_P11cIGZUnknownZt4less1Zt4pair2ZCUiZUiZt9allocator1ZPFv_P11cIGZUnknown	map<pair<unsigned int const, unsigned int>, cIGZUnknown *(*)(void), less<pair<unsigned int const, unsigned int> >, allocator<cIGZUnknown *(*)(void)> >::~map(void)
00070f20	_._11logic_error	logic_error::~logic_error(void)
00070fd0	__11logic_errorRC11logic_error	logic_error::logic_error(logic_error const &)
0007102c	__tf11logic_error	logic_error type_info function
00071064	_._12domain_error	domain_error::~domain_error(void)
00071080	__tf12domain_error	domain_error type_info function
000710d8	_._16invalid_argument	invalid_argument::~invalid_argument(void)
000710f4	__tf16invalid_argument	invalid_argument type_info function
0007114c	_._12length_error	length_error::~length_error(void)
00071168	__tf12length_error	length_error type_info function
000711c0	_._12out_of_range	out_of_range::~out_of_range(void)
000711dc	__tf12out_of_range	out_of_range type_info function
00071240	_._13runtime_error	runtime_error::~runtime_error(void)
000712e4	__tf13runtime_error	runtime_error type_info function
0007131c	_._11range_error	range_error::~range_error(void)
00071338	__tf11range_error	range_error type_info function
00071390	_._14overflow_error	overflow_error::~overflow_error(void)
000713ac	__tf14overflow_error	overflow_error type_info function
00071404	_._15underflow_error	underflow_error::~underflow_error(void)
00071420	__tf15underflow_error	underflow_error type_info function
00071478	__thunk_4__._22_IO_ostream_withassign	virtual function thunk (delta:-4) for _IO_ostream_withassign::~_IO_ostream_withassign(void)
00071484	__thunk_8__._22_IO_istream_withassign	virtual function thunk (delta:-8) for _IO_istream_withassign::~_IO_istream_withassign(void)
00071490	__thunk_12__._8iostream	virtual function thunk (delta:-12) for iostream::~iostream(void)
0007149c	__thunk_8__._7istream	virtual function thunk (delta:-8) for istream::~istream(void)
000714a8	__thunk_4__._7ostream	virtual function thunk (delta:-4) for ostream::~ostream(void)
000714b4	_._8iostream	iostream::~iostream(void)
00071518	_._7ostream	ostream::~ostream(void)
0007156c	__tf7ostream	ostream type_info function
000715a4	_._7istream	istream::~istream(void)
000715f8	__tf7istream	istream type_info function
00071630	__tf8iostream	iostream type_info function
000716ac	_._22_IO_istream_withassign	_IO_istream_withassign::~_IO_istream_withassign(void)
00071708	__tf22_IO_istream_withassign	_IO_istream_withassign type_info function
00071760	_._22_IO_ostream_withassign	_IO_ostream_withassign::~_IO_ostream_withassign(void)
000717bc	__tf22_IO_ostream_withassign	_IO_ostream_withassign type_info function
00071814	__tf3ios	ios type_info function
0007184c	__tf9streambuf	streambuf type_info function
00071884	__tf7filebuf	filebuf type_info function
000718dc	__tf11_ios_fields	_ios_fields type_info function
00071908	__tf8_IO_FILE	_IO_FILE type_info function
00071938	__tf9exception	exception type_info function
00071978	__tf13bad_exception	bad_exception type_info function
000719e4	__tf9type_info	type_info type_info function
00071a24	__tf8bad_cast	bad_cast type_info function
00071a70	__tf10bad_typeid	bad_typeid type_info function
00071abc	_._16__user_type_info	__user_type_info::~__user_type_info(void)
00071aec	__tf16__user_type_info	__user_type_info type_info function
00071b58	_._14__si_type_info	__si_type_info::~__si_type_info(void)
00071b88	__tf14__si_type_info	__si_type_info type_info function
00071c24	_._17__class_type_info	__class_type_info::~__class_type_info(void)
00071c54	__tf17__class_type_info	__class_type_info type_info function
00071cf0	_._19__pointer_type_info	__pointer_type_info::~__pointer_type_info(void)
00071d20	__tf19__pointer_type_info	__pointer_type_info type_info function
00071d6c	_._16__attr_type_info	__attr_type_info::~__attr_type_info(void)
00071d9c	__tf16__attr_type_info	__attr_type_info type_info function
00071de8	_._19__builtin_type_info	__builtin_type_info::~__builtin_type_info(void)
00071e18	__tf19__builtin_type_info	__builtin_type_info type_info function
00071e64	_._16__func_type_info	__func_type_info::~__func_type_info(void)
00071e94	__tf16__func_type_info	__func_type_info type_info function
00071ee0	_._16__ptmf_type_info	__ptmf_type_info::~__ptmf_type_info(void)
00071f10	__tf16__ptmf_type_info	__ptmf_type_info type_info function
00071f5c	_._16__ptmd_type_info	__ptmd_type_info::~__ptmd_type_info(void)
00071f8c	__tf16__ptmd_type_info	__ptmd_type_info type_info function
00071fd8	_._17__array_type_info	__array_type_info::~__array_type_info(void)
00072008	__tf17__array_type_info	__array_type_info type_info function
00072054	_._9bad_alloc	bad_alloc::~bad_alloc(void)
0007208c	__tf9bad_alloc	bad_alloc type_info function
000720d4	_fini	_fini
