addr	mangled	demangled
0002a678	_init	_init
0002b9e4	__23cSC3BuildingFireStation	cSC3BuildingFireStation::cSC3BuildingFireStation(void)
0002dd44	SetFundingPercentage__23cSC3BuildingFireStationUc	cSC3BuildingFireStation::SetFundingPercentage(unsigned char)
0002de78	DoStandardQueryViewInfo__23cSC3BuildingFireStationR10cGZMessageP21cISC3WinQueryListView	cSC3BuildingFireStation::DoStandardQueryViewInfo(cGZMessage &, cISC3WinQueryListView *)
0002e304	GetInfoStrings__23cSC3BuildingFireStationR10cIGZStringT1UiPb	cSC3BuildingFireStation::GetInfoStrings(cIGZString &, cIGZString &, unsigned int, bool *)
00031b1c	DoQueryViews__23cSC3BuildingFireStationR10cGZMessageP13cISC3WinQuery	cSC3BuildingFireStation::DoQueryViews(cGZMessage &, cISC3WinQuery *)
00031fb0	_._23cSC3BuildingFireStation	cSC3BuildingFireStation::~cSC3BuildingFireStation(void)
00032024	GetCoverageRadius__23cSC3BuildingFireStation	cSC3BuildingFireStation::GetCoverageRadius(void)
00032034	GetMaxCoverage__23cSC3BuildingFireStation	cSC3BuildingFireStation::GetMaxCoverage(void)
00032044	GetMinCoverage__23cSC3BuildingFireStation	cSC3BuildingFireStation::GetMinCoverage(void)
00032054	GetMonthlyUpkeep__23cSC3BuildingFireStation	cSC3BuildingFireStation::GetMonthlyUpkeep(void)
00032068	Init__23cSC3BuildingFireStationP9cISC3CityP19cISC3OccPersistInfo	cSC3BuildingFireStation::Init(cISC3City *, cISC3OccPersistInfo *)
00032128	Save__23cSC3BuildingFireStationP9cISC3CityR19cISC3OccPersistInfo	cSC3BuildingFireStation::Save(cISC3City *, cISC3OccPersistInfo &)
000321e8	SerialRead__23cSC3BuildingFireStationP9cISC3CityR18cIGZDBSerialRecord	cSC3BuildingFireStation::SerialRead(cISC3City *, cIGZDBSerialRecord &)
00032290	SerialWrite__23cSC3BuildingFireStationP9cISC3CityR18cIGZDBSerialRecord	cSC3BuildingFireStation::SerialWrite(cISC3City *, cIGZDBSerialRecord &)
0003233c	AsISC3Building__23cSC3BuildingFireStation	cSC3BuildingFireStation::AsISC3Building(void)
0003234c	AsISC3Occupant__23cSC3BuildingFireStation	cSC3BuildingFireStation::AsISC3Occupant(void)
00032360	AddRef__23cSC3BuildingFireStation	cSC3BuildingFireStation::AddRef(void)
0003238c	Release__23cSC3BuildingFireStation	cSC3BuildingFireStation::Release(void)
000323b8	QueryInterface__23cSC3BuildingFireStationUiPPv	cSC3BuildingFireStation::QueryInterface(unsigned int, void **)
00032430	DoDebugQueryViewInfo__23cSC3BuildingFireStationR10cGZMessageP21cISC3WinQueryListView	cSC3BuildingFireStation::DoDebugQueryViewInfo(cGZMessage &, cISC3WinQueryListView *)
00032460	GetDebugInfoStringCount__23cSC3BuildingFireStation	cSC3BuildingFireStation::GetDebugInfoStringCount(void)
0003246c	GetDebugInfoStrings__23cSC3BuildingFireStationR10cIGZStringT1Ui	cSC3BuildingFireStation::GetDebugInfoStrings(cIGZString &, cIGZString &, unsigned int)
00032478	GetInfoStringCount__23cSC3BuildingFireStation	cSC3BuildingFireStation::GetInfoStringCount(void)
000324b4	__16cSC3BuildingJail	cSC3BuildingJail::cSC3BuildingJail(void)
00033614	DoStandardQueryViewInfo__16cSC3BuildingJailR10cGZMessageP21cISC3WinQueryListView	cSC3BuildingJail::DoStandardQueryViewInfo(cGZMessage &, cISC3WinQueryListView *)
00035b28	_._16cSC3BuildingJail	cSC3BuildingJail::~cSC3BuildingJail(void)
00035ba0	Init__16cSC3BuildingJailP9cISC3CityP19cISC3OccPersistInfo	cSC3BuildingJail::Init(cISC3City *, cISC3OccPersistInfo *)
00035c18	Save__16cSC3BuildingJailP9cISC3CityR19cISC3OccPersistInfo	cSC3BuildingJail::Save(cISC3City *, cISC3OccPersistInfo &)
00035c90	SerialRead__16cSC3BuildingJailP9cISC3CityR18cIGZDBSerialRecord	cSC3BuildingJail::SerialRead(cISC3City *, cIGZDBSerialRecord &)
00035ce0	SerialWrite__16cSC3BuildingJailP9cISC3CityR18cIGZDBSerialRecord	cSC3BuildingJail::SerialWrite(cISC3City *, cIGZDBSerialRecord &)
00035d30	AsISC3Building__16cSC3BuildingJail	cSC3BuildingJail::AsISC3Building(void)
00035d40	AsISC3Occupant__16cSC3BuildingJail	cSC3BuildingJail::AsISC3Occupant(void)
00035d54	AddRef__16cSC3BuildingJail	cSC3BuildingJail::AddRef(void)
00035d80	Release__16cSC3BuildingJail	cSC3BuildingJail::Release(void)
00035dac	QueryInterface__16cSC3BuildingJailUiPPv	cSC3BuildingJail::QueryInterface(unsigned int, void **)
00035e20	GetInmateCapacity__16cSC3BuildingJail	cSC3BuildingJail::GetInmateCapacity(void)
00035e3c	GetInmateCount__16cSC3BuildingJail	cSC3BuildingJail::GetInmateCount(void)
00035e4c	SetInmateCount__16cSC3BuildingJailUi	cSC3BuildingJail::SetInmateCount(unsigned int)
00035e60	GetMonthlyUpkeep__16cSC3BuildingJail	cSC3BuildingJail::GetMonthlyUpkeep(void)
00035e80	SetFundingPercentage__16cSC3BuildingJailUc	cSC3BuildingJail::SetFundingPercentage(unsigned char)
00035ee4	DoDebugQueryViewInfo__16cSC3BuildingJailR10cGZMessageP21cISC3WinQueryListView	cSC3BuildingJail::DoDebugQueryViewInfo(cGZMessage &, cISC3WinQueryListView *)
00035f14	GetDebugInfoStringCount__16cSC3BuildingJail	cSC3BuildingJail::GetDebugInfoStringCount(void)
00035f20	GetDebugInfoStrings__16cSC3BuildingJailR10cIGZStringT1Ui	cSC3BuildingJail::GetDebugInfoStrings(cIGZString &, cIGZString &, unsigned int)
00035f64	__25cSC3BuildingPoliceStation	cSC3BuildingPoliceStation::cSC3BuildingPoliceStation(void)
000387f4	SetFundingPercentage__25cSC3BuildingPoliceStationUc	cSC3BuildingPoliceStation::SetFundingPercentage(unsigned char)
00038938	DoStandardQueryViewInfo__25cSC3BuildingPoliceStationR10cGZMessageP21cISC3WinQueryListView	cSC3BuildingPoliceStation::DoStandardQueryViewInfo(cGZMessage &, cISC3WinQueryListView *)
00038dd0	GetInfoStrings__25cSC3BuildingPoliceStationR10cIGZStringT1UiPb	cSC3BuildingPoliceStation::GetInfoStrings(cIGZString &, cIGZString &, unsigned int, bool *)
0003c978	DoQueryViews__25cSC3BuildingPoliceStationR10cGZMessageP13cISC3WinQuery	cSC3BuildingPoliceStation::DoQueryViews(cGZMessage &, cISC3WinQuery *)
0003ce08	_._25cSC3BuildingPoliceStation	cSC3BuildingPoliceStation::~cSC3BuildingPoliceStation(void)
0003ce7c	GetCoverageRadius__25cSC3BuildingPoliceStation	cSC3BuildingPoliceStation::GetCoverageRadius(void)
0003ce8c	GetMaxCoverage__25cSC3BuildingPoliceStation	cSC3BuildingPoliceStation::GetMaxCoverage(void)
0003ce9c	GetMinCoverage__25cSC3BuildingPoliceStation	cSC3BuildingPoliceStation::GetMinCoverage(void)
0003ceac	GetMonthlyUpkeep__25cSC3BuildingPoliceStation	cSC3BuildingPoliceStation::GetMonthlyUpkeep(void)
0003cec0	Init__25cSC3BuildingPoliceStationP9cISC3CityP19cISC3OccPersistInfo	cSC3BuildingPoliceStation::Init(cISC3City *, cISC3OccPersistInfo *)
0003cf80	Save__25cSC3BuildingPoliceStationP9cISC3CityR19cISC3OccPersistInfo	cSC3BuildingPoliceStation::Save(cISC3City *, cISC3OccPersistInfo &)
0003d040	SerialRead__25cSC3BuildingPoliceStationP9cISC3CityR18cIGZDBSerialRecord	cSC3BuildingPoliceStation::SerialRead(cISC3City *, cIGZDBSerialRecord &)
0003d0e8	SerialWrite__25cSC3BuildingPoliceStationP9cISC3CityR18cIGZDBSerialRecord	cSC3BuildingPoliceStation::SerialWrite(cISC3City *, cIGZDBSerialRecord &)
0003d194	AsISC3Building__25cSC3BuildingPoliceStation	cSC3BuildingPoliceStation::AsISC3Building(void)
0003d1a4	AsISC3Occupant__25cSC3BuildingPoliceStation	cSC3BuildingPoliceStation::AsISC3Occupant(void)
0003d1b8	AddRef__25cSC3BuildingPoliceStation	cSC3BuildingPoliceStation::AddRef(void)
0003d1e4	Release__25cSC3BuildingPoliceStation	cSC3BuildingPoliceStation::Release(void)
0003d210	QueryInterface__25cSC3BuildingPoliceStationUiPPv	cSC3BuildingPoliceStation::QueryInterface(unsigned int, void **)
0003d28c	DoDebugQueryViewInfo__25cSC3BuildingPoliceStationR10cGZMessageP21cISC3WinQueryListView	cSC3BuildingPoliceStation::DoDebugQueryViewInfo(cGZMessage &, cISC3WinQueryListView *)
0003d2bc	GetDebugInfoStringCount__25cSC3BuildingPoliceStation	cSC3BuildingPoliceStation::GetDebugInfoStringCount(void)
0003d2c8	GetDebugInfoStrings__25cSC3BuildingPoliceStationR10cIGZStringT1Ui	cSC3BuildingPoliceStation::GetDebugInfoStrings(cIGZString &, cIGZString &, unsigned int)
0003d2d4	GetInfoStringCount__25cSC3BuildingPoliceStation	cSC3BuildingPoliceStation::GetInfoStringCount(void)
0003d314	__14cSC3CrimeLayer	cSC3CrimeLayer::cSC3CrimeLayer(void)
0003d6b0	StaticInit__14cSC3CrimeLayerP19cISC3CityDefinition	cSC3CrimeLayer::StaticInit(cISC3CityDefinition *)
000401c8	registerAgentModifier__14cSC3CrimeLayerRC9cRZStringT1Pv	cSC3CrimeLayer::registerAgentModifier(cRZString const &, cRZString const &, void *)
00040e68	Init__14cSC3CrimeLayerP9cISC3City	cSC3CrimeLayer::Init(cISC3City *)
00041b78	Init__14cSC3CrimeLayerP9cISC3CityP13cIGZDBSegment	cSC3CrimeLayer::Init(cISC3City *, cIGZDBSegment *)
00041f34	Save__14cSC3CrimeLayerP9cISC3CityP13cIGZDBSegment	cSC3CrimeLayer::Save(cISC3City *, cIGZDBSegment *)
00042270	Shutdown__14cSC3CrimeLayer	cSC3CrimeLayer::Shutdown(void)
00042374	SimulationBegin__14cSC3CrimeLayer	cSC3CrimeLayer::SimulationBegin(void)
000426f8	updateHistoryObjects__14cSC3CrimeLayer	cSC3CrimeLayer::updateHistoryObjects(void)
00042c04	EndOfMonth__14cSC3CrimeLayer	cSC3CrimeLayer::EndOfMonth(void)
00042ce0	QueryInterface__14cSC3CrimeLayerUiPPv	cSC3CrimeLayer::QueryInterface(unsigned int, void **)
00042e50	doDailySim__14cSC3CrimeLayer	cSC3CrimeLayer::doDailySim(void)
00043420	occupantChanged__14cSC3CrimeLayerQ214cSC3CrimeLayer11tChangeTypeP13cISC3Occupant	cSC3CrimeLayer::occupantChanged(cSC3CrimeLayer::tChangeType, cISC3Occupant *)
000438e4	_._14cSC3CrimeLayer	cSC3CrimeLayer::~cSC3CrimeLayer(void)
00043a28	GetLayerType__14cSC3CrimeLayer	cSC3CrimeLayer::GetLayerType(void)
00043a34	GetAverageValue__14cSC3CrimeLayer	cSC3CrimeLayer::GetAverageValue(void)
00043a48	TypeId__C14cSC3CrimeLayer	cSC3CrimeLayer::TypeId(void) const
00043a54	AgentType__14cSC3CrimeLayer	cSC3CrimeLayer::AgentType(void)
00043a60	SetAgentType__14cSC3CrimeLayerP18cISC3CityAgentType	cSC3CrimeLayer::SetAgentType(cISC3CityAgentType *)
00043a6c	IsAgentLocking__14cSC3CrimeLayer	cSC3CrimeLayer::IsAgentLocking(void)
00043a78	DebugInstanceTag__14cSC3CrimeLayerR10cIGZString	cSC3CrimeLayer::DebugInstanceTag(cIGZString &)
00043a88	Init__14cSC3CrimeLayerP9cISC3CityRCUc	cSC3CrimeLayer::Init(cISC3City *, unsigned char const &)
00043abc	CellCountX__C14cSC3CrimeLayer	cSC3CrimeLayer::CellCountX(void) const
00043ae8	CellCountZ__C14cSC3CrimeLayer	cSC3CrimeLayer::CellCountZ(void) const
00043b14	GetValueSint32__C14cSC3CrimeLayerUiUiRi	cSC3CrimeLayer::GetValueSint32(unsigned int, unsigned int, int &) const
00043b5c	GetValue__C14cSC3CrimeLayerUiUiRUc	cSC3CrimeLayer::GetValue(unsigned int, unsigned int, unsigned char &) const
00043b94	SetValue__14cSC3CrimeLayerUiUiRCUc	cSC3CrimeLayer::SetValue(unsigned int, unsigned int, unsigned char const &)
00043bcc	SetValue__14cSC3CrimeLayerUiUiUiUiRCUc	cSC3CrimeLayer::SetValue(unsigned int, unsigned int, unsigned int, unsigned int, unsigned char const &)
00043c10	SetAllCells__14cSC3CrimeLayerRCUc	cSC3CrimeLayer::SetAllCells(unsigned char const &)
00043c40	InBounds__C14cSC3CrimeLayerUiUi	cSC3CrimeLayer::InBounds(unsigned int, unsigned int) const
00043c74	InBounds__C14cSC3CrimeLayerUiUiUiUi	cSC3CrimeLayer::InBounds(unsigned int, unsigned int, unsigned int, unsigned int) const
00043cb4	ValidRect__C14cSC3CrimeLayerUiUiUiUi	cSC3CrimeLayer::ValidRect(unsigned int, unsigned int, unsigned int, unsigned int) const
00043cf4	SerialRead__14cSC3CrimeLayerR18cIGZDBSerialRecord	cSC3CrimeLayer::SerialRead(cIGZDBSerialRecord &)
00043d24	SerialWrite__C14cSC3CrimeLayerR18cIGZDBSerialRecord	cSC3CrimeLayer::SerialWrite(cIGZDBSerialRecord &) const
00043d50	OccupantMoved__14cSC3CrimeLayerUiP13cISC3OccupantRC13cSC3CityCoord	cSC3CrimeLayer::OccupantMoved(unsigned int, cISC3Occupant *, cSC3CityCoord const &)
00043d5c	CellChangedAll__14cSC3CrimeLayerUi	cSC3CrimeLayer::CellChangedAll(unsigned int)
00043d68	CellChanged__14cSC3CrimeLayerUiUiUi	cSC3CrimeLayer::CellChanged(unsigned int, unsigned int, unsigned int)
00043d74	CellChanged__14cSC3CrimeLayerUiUiUiUiUi	cSC3CrimeLayer::CellChanged(unsigned int, unsigned int, unsigned int, unsigned int, unsigned int)
00043d84	StaticShutdown__14cSC3CrimeLayer	cSC3CrimeLayer::StaticShutdown(void)
00043dd0	Init__14cSC3CrimeLayerP9cISC3CityP13cISC2Importer	cSC3CrimeLayer::Init(cISC3City *, cISC2Importer *)
00043ed0	SimulationEnd__14cSC3CrimeLayer	cSC3CrimeLayer::SimulationEnd(void)
00043f4c	DoMessage__14cSC3CrimeLayerR10cGZMessage	cSC3CrimeLayer::DoMessage(cGZMessage &)
00043f58	EndOfCycle__14cSC3CrimeLayer	cSC3CrimeLayer::EndOfCycle(void)
00043fa4	AddRef__14cSC3CrimeLayer	cSC3CrimeLayer::AddRef(void)
00043fd0	Release__14cSC3CrimeLayer	cSC3CrimeLayer::Release(void)
00043ffc	Simulate__14cSC3CrimeLayeri	cSC3CrimeLayer::Simulate(int)
00044048	MinimumExecutionInterval__14cSC3CrimeLayer	cSC3CrimeLayer::MinimumExecutionInterval(void)
00044054	GetManipulator__14cSC3CrimeLayerRC18cISC3CityAgentTypePP25cISC3CityLayerManipulatorRi	cSC3CrimeLayer::GetManipulator(cISC3CityAgentType const &, cISC3CityLayerManipulator **, int &)
0004406c	OccupantInserted__14cSC3CrimeLayerUiP13cISC3Occupant	cSC3CrimeLayer::OccupantInserted(unsigned int, cISC3Occupant *)
0004409c	OccupantRemoved__14cSC3CrimeLayerUiP13cISC3Occupant	cSC3CrimeLayer::OccupantRemoved(unsigned int, cISC3Occupant *)
000440c8	OccupantChanged__14cSC3CrimeLayerUiP13cISC3OccupantiPv	cSC3CrimeLayer::OccupantChanged(unsigned int, cISC3Occupant *, int, void *)
00044134	on_window_create__14cSC3CrimeLayerR10cGZMessageP11cIGZUnknown	cSC3CrimeLayer::on_window_create(cGZMessage &, cIGZUnknown *)
000443c0	DoStandardQueryViewInfo__14cSC3CrimeLayerR10cGZMessageP21cISC3WinQueryListView	cSC3CrimeLayer::DoStandardQueryViewInfo(cGZMessage &, cISC3WinQueryListView *)
000448a8	GetInfoStrings__14cSC3CrimeLayerUiUiR10cIGZStringT3UiPb	cSC3CrimeLayer::GetInfoStrings(unsigned int, unsigned int, cIGZString &, cIGZString &, unsigned int, bool *)
000457e4	DebugClassTag__14cSC3CrimeLayerR10cIGZString	cSC3CrimeLayer::DebugClassTag(cIGZString &)
000457f0	DebugTypeTag__14cSC3CrimeLayerR10cIGZString	cSC3CrimeLayer::DebugTypeTag(cIGZString &)
00045800	DoQueryInfo__14cSC3CrimeLayerR10cGZMessageP11cIGZUnknown	cSC3CrimeLayer::DoQueryInfo(cGZMessage &, cIGZUnknown *)
000458c8	GetInfoStringCount__14cSC3CrimeLayerUi	cSC3CrimeLayer::GetInfoStringCount(unsigned int)
000458d4	GetInfoStrings__14cSC3CrimeLayerUiUiUiUiRUiR10cIGZStringT6	cSC3CrimeLayer::GetInfoStrings(unsigned int, unsigned int, unsigned int, unsigned int, unsigned int &, cIGZString &, cIGZString &)
000458e0	DoQueryViews__14cSC3CrimeLayerR10cGZMessageP13cISC3WinQuery	cSC3CrimeLayer::DoQueryViews(cGZMessage &, cISC3WinQuery *)
000458ec	DoDebugQueryViewInfo__14cSC3CrimeLayerR10cGZMessageP21cISC3WinQueryListView	cSC3CrimeLayer::DoDebugQueryViewInfo(cGZMessage &, cISC3WinQueryListView *)
000458f8	GetDebugInfoStringCount__14cSC3CrimeLayer	cSC3CrimeLayer::GetDebugInfoStringCount(void)
00045904	GetDebugInfoStrings__14cSC3CrimeLayerUiUiR10cIGZStringT3Ui	cSC3CrimeLayer::GetDebugInfoStrings(unsigned int, unsigned int, cIGZString &, cIGZString &, unsigned int)
00045910	GetInfoStringCount__14cSC3CrimeLayer	cSC3CrimeLayer::GetInfoStringCount(void)
0004591c	GetMapSpriteCount__14cSC3CrimeLayer	cSC3CrimeLayer::GetMapSpriteCount(void)
00045928	GetSpriteIdFromIndex__14cSC3CrimeLayerUiRUi	cSC3CrimeLayer::GetSpriteIdFromIndex(unsigned int, unsigned int &)
00045948	CreateMapSprite__14cSC3CrimeLayerUiUiPPv	cSC3CrimeLayer::CreateMapSprite(unsigned int, unsigned int, void **)
00045a10	__18cSC3CrimeMapSpriteR14cSC3CrimeLayerP14cISC3ZoneLayer	cSC3CrimeMapSprite::cSC3CrimeMapSprite(cSC3CrimeLayer &, cISC3ZoneLayer *)
00045b00	_._18cSC3CrimeMapSprite	cSC3CrimeMapSprite::~cSC3CrimeMapSprite(void)
00045b70	GetColor__18cSC3CrimeMapSpriteUiUiRUi	cSC3CrimeMapSprite::GetColor(unsigned int, unsigned int, unsigned int &)
00045c24	__13cSC3FireLayer	cSC3FireLayer::cSC3FireLayer(void)
00046258	StaticInit__13cSC3FireLayerP19cISC3CityDefinition	cSC3FireLayer::StaticInit(cISC3CityDefinition *)
00048624	Init__13cSC3FireLayerP9cISC3City	cSC3FireLayer::Init(cISC3City *)
00048a78	Init__13cSC3FireLayerP9cISC3CityP13cIGZDBSegment	cSC3FireLayer::Init(cISC3City *, cIGZDBSegment *)
00048d30	Save__13cSC3FireLayerP9cISC3CityP13cIGZDBSegment	cSC3FireLayer::Save(cISC3City *, cIGZDBSegment *)
00048ff8	Shutdown__13cSC3FireLayer	cSC3FireLayer::Shutdown(void)
000492d4	DispatchCrew__13cSC3FireLayerUiUi	cSC3FireLayer::DispatchCrew(unsigned int, unsigned int)
000496f4	RevokeDispatch__13cSC3FireLayerUiUi	cSC3FireLayer::RevokeDispatch(unsigned int, unsigned int)
000498d8	RevokeAllDispatches__13cSC3FireLayer	cSC3FireLayer::RevokeAllDispatches(void)
00049958	SelectLocationToDispatchHelicopterFrom__13cSC3FireLayerRUiT1	cSC3FireLayer::SelectLocationToDispatchHelicopterFrom(unsigned int &, unsigned int &)
00049a94	SetFundingPercentage__13cSC3FireLayerUc	cSC3FireLayer::SetFundingPercentage(unsigned char)
00049c68	ChanceOfStrike__13cSC3FireLayer	cSC3FireLayer::ChanceOfStrike(void)
00049d04	GetStrikingBuildings__13cSC3FireLayerPP13cISC3OccupantUiRUi	cSC3FireLayer::GetStrikingBuildings(cISC3Occupant **, unsigned int, unsigned int &)
00049dec	QueryInterface__13cSC3FireLayerUiPPv	cSC3FireLayer::QueryInterface(unsigned int, void **)
00049f38	occupantChanged__13cSC3FireLayerQ213cSC3FireLayer11tChangeTypeP13cISC3Occupant	cSC3FireLayer::occupantChanged(cSC3FireLayer::tChangeType, cISC3Occupant *)
0004a4d0	updateMaps__13cSC3FireLayerRC14sIGZRectUint32Ucss	cSC3FireLayer::updateMaps(sIGZRectUint32 const &, unsigned char, short, short)
0004a78c	Init__24cSC3DailyFireManipulatorP9cISC3City	cSC3DailyFireManipulator::Init(cISC3City *)
0004a880	Apply__24cSC3DailyFireManipulatorR14cISC3CityAgent	cSC3DailyFireManipulator::Apply(cISC3CityAgent &)
0004aca0	_._13cSC3FireLayer	cSC3FireLayer::~cSC3FireLayer(void)
0004ae10	GetTotalCityFireUpkeep__13cSC3FireLayer	cSC3FireLayer::GetTotalCityFireUpkeep(void)
0004ae20	IsOnStrike__13cSC3FireLayer	cSC3FireLayer::IsOnStrike(void)
0004ae30	GetAverageCoverage__13cSC3FireLayer	cSC3FireLayer::GetAverageCoverage(void)
0004ae40	GetPercentCoverage__13cSC3FireLayer	cSC3FireLayer::GetPercentCoverage(void)
0004ae54	AddRef__13cSC3FireLayer	cSC3FireLayer::AddRef(void)
0004ae90	Release__13cSC3FireLayer	cSC3FireLayer::Release(void)
0004aeec	GetLayerType__13cSC3FireLayer	cSC3FireLayer::GetLayerType(void)
0004aefc	Init__13cSC3FireLayerP9cISC3CityRCUc	cSC3FireLayer::Init(cISC3City *, unsigned char const &)
0004aff4	CellCountX__C13cSC3FireLayer	cSC3FireLayer::CellCountX(void) const
0004b004	CellCountZ__C13cSC3FireLayer	cSC3FireLayer::CellCountZ(void) const
0004b018	GetValueSint32__C13cSC3FireLayerUiUiRi	cSC3FireLayer::GetValueSint32(unsigned int, unsigned int, int &) const
0004b068	GetValue__C13cSC3FireLayerUiUiRUc	cSC3FireLayer::GetValue(unsigned int, unsigned int, unsigned char &) const
0004b0a4	SetValue__13cSC3FireLayerUiUiRCUc	cSC3FireLayer::SetValue(unsigned int, unsigned int, unsigned char const &)
0004b0e0	SetValue__13cSC3FireLayerUiUiUiUiRCUc	cSC3FireLayer::SetValue(unsigned int, unsigned int, unsigned int, unsigned int, unsigned char const &)
0004b164	SetAllCells__13cSC3FireLayerRCUc	cSC3FireLayer::SetAllCells(unsigned char const &)
0004b194	InBounds__C13cSC3FireLayerUiUi	cSC3FireLayer::InBounds(unsigned int, unsigned int) const
0004b1e8	InBounds__C13cSC3FireLayerUiUiUiUi	cSC3FireLayer::InBounds(unsigned int, unsigned int, unsigned int, unsigned int) const
0004b244	ValidRect__C13cSC3FireLayerUiUiUiUi	cSC3FireLayer::ValidRect(unsigned int, unsigned int, unsigned int, unsigned int) const
0004b264	SerialRead__13cSC3FireLayerR18cIGZDBSerialRecord	cSC3FireLayer::SerialRead(cIGZDBSerialRecord &)
0004b2c4	SerialWrite__C13cSC3FireLayerR18cIGZDBSerialRecord	cSC3FireLayer::SerialWrite(cIGZDBSerialRecord &) const
0004b320	DoMessage__13cSC3FireLayerR10cGZMessage	cSC3FireLayer::DoMessage(cGZMessage &)
0004b32c	OccupantMoved__13cSC3FireLayerUiP13cISC3OccupantRC13cSC3CityCoord	cSC3FireLayer::OccupantMoved(unsigned int, cISC3Occupant *, cSC3CityCoord const &)
0004b338	CellChangedAll__13cSC3FireLayerUi	cSC3FireLayer::CellChangedAll(unsigned int)
0004b344	CellChanged__13cSC3FireLayerUiUiUi	cSC3FireLayer::CellChanged(unsigned int, unsigned int, unsigned int)
0004b350	CellChanged__13cSC3FireLayerUiUiUiUiUi	cSC3FireLayer::CellChanged(unsigned int, unsigned int, unsigned int, unsigned int, unsigned int)
0004b360	_._24cSC3DailyFireManipulator	cSC3DailyFireManipulator::~cSC3DailyFireManipulator(void)
0004b3b8	IsLockingCity__24cSC3DailyFireManipulator	cSC3DailyFireManipulator::IsLockingCity(void)
0004b3c8	AddRef__24cSC3DailyFireManipulator	cSC3DailyFireManipulator::AddRef(void)
0004b3f4	Release__24cSC3DailyFireManipulator	cSC3DailyFireManipulator::Release(void)
0004b41c	StaticShutdown__13cSC3FireLayer	cSC3FireLayer::StaticShutdown(void)
0004b428	Init__13cSC3FireLayerP9cISC3CityP13cISC2Importer	cSC3FireLayer::Init(cISC3City *, cISC2Importer *)
0004b438	SimulationBegin__13cSC3FireLayer	cSC3FireLayer::SimulationBegin(void)
0004b4bc	SimulationEnd__13cSC3FireLayer	cSC3FireLayer::SimulationEnd(void)
0004b4c8	EndOfMonth__13cSC3FireLayer	cSC3FireLayer::EndOfMonth(void)
0004b558	EndStrike__13cSC3FireLayer	cSC3FireLayer::EndStrike(void)
0004b5c4	GetManipulator__13cSC3FireLayerRC18cISC3CityAgentTypePP25cISC3CityLayerManipulatorRi	cSC3FireLayer::GetManipulator(cISC3CityAgentType const &, cISC3CityLayerManipulator **, int &)
0004b6b4	OccupantInserted__13cSC3FireLayerUiP13cISC3Occupant	cSC3FireLayer::OccupantInserted(unsigned int, cISC3Occupant *)
0004b6e4	OccupantRemoved__13cSC3FireLayerUiP13cISC3Occupant	cSC3FireLayer::OccupantRemoved(unsigned int, cISC3Occupant *)
0004b710	OccupantChanged__13cSC3FireLayerUiP13cISC3OccupantiPv	cSC3FireLayer::OccupantChanged(unsigned int, cISC3Occupant *, int, void *)
0004b720	__24cSC3DailyFireManipulator	cSC3DailyFireManipulator::cSC3DailyFireManipulator(void)
0004b7f0	Shutdown__24cSC3DailyFireManipulator	cSC3DailyFireManipulator::Shutdown(void)
0004b868	QueryInterface__24cSC3DailyFireManipulatorUiPPv	cSC3DailyFireManipulator::QueryInterface(unsigned int, void **)
0004b8ac	DebugInstanceTag__24cSC3DailyFireManipulatorR10cIGZString	cSC3DailyFireManipulator::DebugInstanceTag(cIGZString &)
0004b8b8	DebugClassTag__24cSC3DailyFireManipulatorR10cIGZString	cSC3DailyFireManipulator::DebugClassTag(cIGZString &)
0004b8c4	DebugTypeTag__24cSC3DailyFireManipulatorR10cIGZString	cSC3DailyFireManipulator::DebugTypeTag(cIGZString &)
0004b904	DoQueryInfo__13cSC3FireLayerR10cGZMessageP11cIGZUnknown	cSC3FireLayer::DoQueryInfo(cGZMessage &, cIGZUnknown *)
0004bb30	__17cSC3FireMapSpriteR13cSC3FireLayerP14cISC3ZoneLayer	cSC3FireMapSprite::cSC3FireMapSprite(cSC3FireLayer &, cISC3ZoneLayer *)
0004bc40	Draw__17cSC3FireMapSpriteP10cIGZBufferRC7cRZRectP7cRZRect	cSC3FireMapSprite::Draw(cIGZBuffer *, cRZRect const &, cRZRect *)
0004bdc0	DebugClassTag__13cSC3FireLayerR10cIGZString	cSC3FireLayer::DebugClassTag(cIGZString &)
0004bdcc	DebugTypeTag__13cSC3FireLayerR10cIGZString	cSC3FireLayer::DebugTypeTag(cIGZString &)
0004bdd8	GetInfoStringCount__13cSC3FireLayerUi	cSC3FireLayer::GetInfoStringCount(unsigned int)
0004bde4	GetInfoStrings__13cSC3FireLayerUiUiUiUiRUiR10cIGZStringT6	cSC3FireLayer::GetInfoStrings(unsigned int, unsigned int, unsigned int, unsigned int, unsigned int &, cIGZString &, cIGZString &)
0004bdf0	DoQueryViews__13cSC3FireLayerR10cGZMessageP13cISC3WinQuery	cSC3FireLayer::DoQueryViews(cGZMessage &, cISC3WinQuery *)
0004bdfc	DoStandardQueryViewInfo__13cSC3FireLayerR10cGZMessageP21cISC3WinQueryListView	cSC3FireLayer::DoStandardQueryViewInfo(cGZMessage &, cISC3WinQueryListView *)
0004be08	DoDebugQueryViewInfo__13cSC3FireLayerR10cGZMessageP21cISC3WinQueryListView	cSC3FireLayer::DoDebugQueryViewInfo(cGZMessage &, cISC3WinQueryListView *)
0004be14	GetDebugInfoStringCount__13cSC3FireLayer	cSC3FireLayer::GetDebugInfoStringCount(void)
0004be20	GetDebugInfoStrings__13cSC3FireLayerUiUiR10cIGZStringT3Ui	cSC3FireLayer::GetDebugInfoStrings(unsigned int, unsigned int, cIGZString &, cIGZString &, unsigned int)
0004be2c	GetInfoStringCount__13cSC3FireLayer	cSC3FireLayer::GetInfoStringCount(void)
0004be38	GetInfoStrings__13cSC3FireLayerUiUiR10cIGZStringT3Ui	cSC3FireLayer::GetInfoStrings(unsigned int, unsigned int, cIGZString &, cIGZString &, unsigned int)
0004be44	GetMapSpriteCount__13cSC3FireLayer	cSC3FireLayer::GetMapSpriteCount(void)
0004be50	GetSpriteIdFromIndex__13cSC3FireLayerUiRUi	cSC3FireLayer::GetSpriteIdFromIndex(unsigned int, unsigned int &)
0004be74	CreateMapSprite__13cSC3FireLayerUiUiPPv	cSC3FireLayer::CreateMapSprite(unsigned int, unsigned int, void **)
0004bf64	_._17cSC3FireMapSprite	cSC3FireMapSprite::~cSC3FireMapSprite(void)
0004bfd0	GetColor__17cSC3FireMapSpriteUiUiRUi	cSC3FireMapSprite::GetColor(unsigned int, unsigned int, unsigned int &)
0004c014	StaticInit__21cSC3FlammabilityLayerP19cISC3CityDefinition	cSC3FlammabilityLayer::StaticInit(cISC3CityDefinition *)
0004d544	__21cSC3FlammabilityLayer	cSC3FlammabilityLayer::cSC3FlammabilityLayer(void)
0004d664	doDailySim__21cSC3FlammabilityLayer	cSC3FlammabilityLayer::doDailySim(void)
0004d73c	calculateValue__21cSC3FlammabilityLayerUiUi	cSC3FlammabilityLayer::calculateValue(unsigned int, unsigned int)
0004d89c	Init__21cSC3FlammabilityLayerP9cISC3City	cSC3FlammabilityLayer::Init(cISC3City *)
0004da20	Init__21cSC3FlammabilityLayerP9cISC3CityP13cIGZDBSegment	cSC3FlammabilityLayer::Init(cISC3City *, cIGZDBSegment *)
0004dbe0	Save__21cSC3FlammabilityLayerP9cISC3CityP13cIGZDBSegment	cSC3FlammabilityLayer::Save(cISC3City *, cIGZDBSegment *)
0004dd80	QueryInterface__21cSC3FlammabilityLayerUiPPv	cSC3FlammabilityLayer::QueryInterface(unsigned int, void **)
0004debc	Shutdown__21cSC3FlammabilityLayer	cSC3FlammabilityLayer::Shutdown(void)
0004df9c	DoMessage__21cSC3FlammabilityLayerR10cGZMessage	cSC3FlammabilityLayer::DoMessage(cGZMessage &)
0004e0cc	StaticShutdown__21cSC3FlammabilityLayer	cSC3FlammabilityLayer::StaticShutdown(void)
0004e0d8	Init__21cSC3FlammabilityLayerP9cISC3CityP13cISC2Importer	cSC3FlammabilityLayer::Init(cISC3City *, cISC2Importer *)
0004e0e4	GetLayerType__21cSC3FlammabilityLayer	cSC3FlammabilityLayer::GetLayerType(void)
0004e0f0	TypeId__C21cSC3FlammabilityLayer	cSC3FlammabilityLayer::TypeId(void) const
0004e0fc	IsAgentLocking__21cSC3FlammabilityLayer	cSC3FlammabilityLayer::IsAgentLocking(void)
0004e108	AgentType__21cSC3FlammabilityLayer	cSC3FlammabilityLayer::AgentType(void)
0004e114	SetAgentType__21cSC3FlammabilityLayerP18cISC3CityAgentType	cSC3FlammabilityLayer::SetAgentType(cISC3CityAgentType *)
0004e124	SetValue__21cSC3FlammabilityLayerUiUiRCUc	cSC3FlammabilityLayer::SetValue(unsigned int, unsigned int, unsigned char const &)
0004e158	DebugInstanceTag__21cSC3FlammabilityLayerR10cIGZString	cSC3FlammabilityLayer::DebugInstanceTag(cIGZString &)
0004e164	AddRef__21cSC3FlammabilityLayer	cSC3FlammabilityLayer::AddRef(void)
0004e180	_._21cSC3FlammabilityLayer	cSC3FlammabilityLayer::~cSC3FlammabilityLayer(void)
0004e1f4	GetManipulator__21cSC3FlammabilityLayerRC18cISC3CityAgentTypePP25cISC3CityLayerManipulatorRi	cSC3FlammabilityLayer::GetManipulator(cISC3CityAgentType const &, cISC3CityLayerManipulator **, int &)
0004e20c	Simulate__21cSC3FlammabilityLayeri	cSC3FlammabilityLayer::Simulate(int)
0004e23c	MinimumExecutionInterval__21cSC3FlammabilityLayer	cSC3FlammabilityLayer::MinimumExecutionInterval(void)
0004e24c	GetValue__21cSC3FlammabilityLayerUiUiRUc	cSC3FlammabilityLayer::GetValue(unsigned int, unsigned int, unsigned char &)
0004e2c0	GetAverageValue__21cSC3FlammabilityLayer	cSC3FlammabilityLayer::GetAverageValue(void)
0004e2d4	SimulationBegin__21cSC3FlammabilityLayer	cSC3FlammabilityLayer::SimulationBegin(void)
0004e35c	SimulationEnd__21cSC3FlammabilityLayer	cSC3FlammabilityLayer::SimulationEnd(void)
0004e3a8	Release__21cSC3FlammabilityLayer	cSC3FlammabilityLayer::Release(void)
0004e424	DoQueryInfo__21cSC3FlammabilityLayerR10cGZMessageP11cIGZUnknown	cSC3FlammabilityLayer::DoQueryInfo(cGZMessage &, cIGZUnknown *)
0004e650	DoStandardQueryViewInfo__21cSC3FlammabilityLayerR10cGZMessageP21cISC3WinQueryListView	cSC3FlammabilityLayer::DoStandardQueryViewInfo(cGZMessage &, cISC3WinQueryListView *)
0004eb38	GetInfoStrings__21cSC3FlammabilityLayerUiUiR10cIGZStringT3UiPb	cSC3FlammabilityLayer::GetInfoStrings(unsigned int, unsigned int, cIGZString &, cIGZString &, unsigned int, bool *)
0004fa84	DoQueryViews__21cSC3FlammabilityLayerR10cGZMessageP13cISC3WinQuery	cSC3FlammabilityLayer::DoQueryViews(cGZMessage &, cISC3WinQuery *)
0004fa90	DoDebugQueryViewInfo__21cSC3FlammabilityLayerR10cGZMessageP21cISC3WinQueryListView	cSC3FlammabilityLayer::DoDebugQueryViewInfo(cGZMessage &, cISC3WinQueryListView *)
0004fa9c	GetDebugInfoStringCount__21cSC3FlammabilityLayer	cSC3FlammabilityLayer::GetDebugInfoStringCount(void)
0004faa8	GetDebugInfoStrings__21cSC3FlammabilityLayerUiUiR10cIGZStringT3Ui	cSC3FlammabilityLayer::GetDebugInfoStrings(unsigned int, unsigned int, cIGZString &, cIGZString &, unsigned int)
0004fab4	GetInfoStringCount__21cSC3FlammabilityLayer	cSC3FlammabilityLayer::GetInfoStringCount(void)
0004fac0	DebugClassTag__21cSC3FlammabilityLayerR10cIGZString	cSC3FlammabilityLayer::DebugClassTag(cIGZString &)
0004facc	DebugTypeTag__21cSC3FlammabilityLayerR10cIGZString	cSC3FlammabilityLayer::DebugTypeTag(cIGZString &)
0004fad8	GetInfoStringCount__21cSC3FlammabilityLayerUi	cSC3FlammabilityLayer::GetInfoStringCount(unsigned int)
0004fae4	GetInfoStrings__21cSC3FlammabilityLayerUiUiUiUiRUiR10cIGZStringT6	cSC3FlammabilityLayer::GetInfoStrings(unsigned int, unsigned int, unsigned int, unsigned int, unsigned int &, cIGZString &, cIGZString &)
0004faf0	GetMapSpriteCount__21cSC3FlammabilityLayer	cSC3FlammabilityLayer::GetMapSpriteCount(void)
0004fafc	GetSpriteIdFromIndex__21cSC3FlammabilityLayerUiRUi	cSC3FlammabilityLayer::GetSpriteIdFromIndex(unsigned int, unsigned int &)
0004fb24	CreateMapSprite__21cSC3FlammabilityLayerUiUiPPv	cSC3FlammabilityLayer::CreateMapSprite(unsigned int, unsigned int, void **)
0004fc00	__25cSC3FlammabilityMapSpriteR21cSC3FlammabilityLayerP14cISC3ZoneLayer	cSC3FlammabilityMapSprite::cSC3FlammabilityMapSprite(cSC3FlammabilityLayer &, cISC3ZoneLayer *)
0004fd00	_._25cSC3FlammabilityMapSprite	cSC3FlammabilityMapSprite::~cSC3FlammabilityMapSprite(void)
0004fd70	GetColor__25cSC3FlammabilityMapSpriteUiUiRUi	cSC3FlammabilityMapSprite::GetColor(unsigned int, unsigned int, unsigned int &)
0004fe14	__15cSC3PoliceLayer	cSC3PoliceLayer::cSC3PoliceLayer(void)
00050578	StaticInit__15cSC3PoliceLayerP19cISC3CityDefinition	cSC3PoliceLayer::StaticInit(cISC3CityDefinition *)
00053b64	Init__15cSC3PoliceLayerP9cISC3City	cSC3PoliceLayer::Init(cISC3City *)
00054000	Init__15cSC3PoliceLayerP9cISC3CityP13cIGZDBSegment	cSC3PoliceLayer::Init(cISC3City *, cIGZDBSegment *)
000542b0	Save__15cSC3PoliceLayerP9cISC3CityP13cIGZDBSegment	cSC3PoliceLayer::Save(cISC3City *, cIGZDBSegment *)
00054574	Shutdown__15cSC3PoliceLayer	cSC3PoliceLayer::Shutdown(void)
000548b4	DispatchCrew__15cSC3PoliceLayerUiUi	cSC3PoliceLayer::DispatchCrew(unsigned int, unsigned int)
00054cd4	RevokeDispatch__15cSC3PoliceLayerUiUi	cSC3PoliceLayer::RevokeDispatch(unsigned int, unsigned int)
00054eb8	RevokeAllDispatches__15cSC3PoliceLayer	cSC3PoliceLayer::RevokeAllDispatches(void)
00054f38	SetFundingPercentage__15cSC3PoliceLayerUc	cSC3PoliceLayer::SetFundingPercentage(unsigned char)
00055110	ChanceOfStrike__15cSC3PoliceLayer	cSC3PoliceLayer::ChanceOfStrike(void)
000551a4	GetStrikingBuildings__15cSC3PoliceLayerPP13cISC3OccupantUiRUi	cSC3PoliceLayer::GetStrikingBuildings(cISC3Occupant **, unsigned int, unsigned int &)
00055280	QueryInterface__15cSC3PoliceLayerUiPPv	cSC3PoliceLayer::QueryInterface(unsigned int, void **)
00055370	occupantChanged__15cSC3PoliceLayerQ215cSC3PoliceLayer11tChangeTypeP13cISC3Occupant	cSC3PoliceLayer::occupantChanged(cSC3PoliceLayer::tChangeType, cISC3Occupant *)
00055d7c	redistributeInmates__15cSC3PoliceLayer	cSC3PoliceLayer::redistributeInmates(void)
00056020	updateMaps__15cSC3PoliceLayerRC14sIGZRectUint32Ucss	cSC3PoliceLayer::updateMaps(sIGZRectUint32 const &, unsigned char, short, short)
00056314	SelectLocationToDispatchHelicopterFrom__15cSC3PoliceLayerRUiT1	cSC3PoliceLayer::SelectLocationToDispatchHelicopterFrom(unsigned int &, unsigned int &)
00056450	Init__26cSC3DailyPoliceManipulatorP9cISC3City	cSC3DailyPoliceManipulator::Init(cISC3City *)
000565a0	Apply__26cSC3DailyPoliceManipulatorR14cISC3CityAgent	cSC3DailyPoliceManipulator::Apply(cISC3CityAgent &)
00056a64	rehabilitateCriminals__26cSC3DailyPoliceManipulator	cSC3DailyPoliceManipulator::rehabilitateCriminals(void)
00056b70	_._15cSC3PoliceLayer	cSC3PoliceLayer::~cSC3PoliceLayer(void)
00056d30	GetTotalCityPoliceUpkeep__15cSC3PoliceLayer	cSC3PoliceLayer::GetTotalCityPoliceUpkeep(void)
00056d40	IsOnStrike__15cSC3PoliceLayer	cSC3PoliceLayer::IsOnStrike(void)
00056d50	GetAverageCoverage__15cSC3PoliceLayer	cSC3PoliceLayer::GetAverageCoverage(void)
00056d60	GetPercentCoverage__15cSC3PoliceLayer	cSC3PoliceLayer::GetPercentCoverage(void)
00056d70	GetTotalJailCapacity__15cSC3PoliceLayer	cSC3PoliceLayer::GetTotalJailCapacity(void)
00056d80	GetInmatePopulation__15cSC3PoliceLayer	cSC3PoliceLayer::GetInmatePopulation(void)
00056d90	GetCriminalsAtLarge__15cSC3PoliceLayer	cSC3PoliceLayer::GetCriminalsAtLarge(void)
00056da4	AddRef__15cSC3PoliceLayer	cSC3PoliceLayer::AddRef(void)
00056de0	Release__15cSC3PoliceLayer	cSC3PoliceLayer::Release(void)
00056e3c	GetLayerType__15cSC3PoliceLayer	cSC3PoliceLayer::GetLayerType(void)
00056e4c	Init__15cSC3PoliceLayerP9cISC3CityRCUc	cSC3PoliceLayer::Init(cISC3City *, unsigned char const &)
00056f44	CellCountX__C15cSC3PoliceLayer	cSC3PoliceLayer::CellCountX(void) const
00056f54	CellCountZ__C15cSC3PoliceLayer	cSC3PoliceLayer::CellCountZ(void) const
00056f68	GetValueSint32__C15cSC3PoliceLayerUiUiRi	cSC3PoliceLayer::GetValueSint32(unsigned int, unsigned int, int &) const
00056fb8	GetValue__C15cSC3PoliceLayerUiUiRUc	cSC3PoliceLayer::GetValue(unsigned int, unsigned int, unsigned char &) const
00056ff4	SetValue__15cSC3PoliceLayerUiUiRCUc	cSC3PoliceLayer::SetValue(unsigned int, unsigned int, unsigned char const &)
00057030	SetValue__15cSC3PoliceLayerUiUiUiUiRCUc	cSC3PoliceLayer::SetValue(unsigned int, unsigned int, unsigned int, unsigned int, unsigned char const &)
000570b4	SetAllCells__15cSC3PoliceLayerRCUc	cSC3PoliceLayer::SetAllCells(unsigned char const &)
000570e4	InBounds__C15cSC3PoliceLayerUiUi	cSC3PoliceLayer::InBounds(unsigned int, unsigned int) const
00057138	InBounds__C15cSC3PoliceLayerUiUiUiUi	cSC3PoliceLayer::InBounds(unsigned int, unsigned int, unsigned int, unsigned int) const
00057194	ValidRect__C15cSC3PoliceLayerUiUiUiUi	cSC3PoliceLayer::ValidRect(unsigned int, unsigned int, unsigned int, unsigned int) const
000571b4	SerialRead__15cSC3PoliceLayerR18cIGZDBSerialRecord	cSC3PoliceLayer::SerialRead(cIGZDBSerialRecord &)
00057214	SerialWrite__C15cSC3PoliceLayerR18cIGZDBSerialRecord	cSC3PoliceLayer::SerialWrite(cIGZDBSerialRecord &) const
00057270	DoMessage__15cSC3PoliceLayerR10cGZMessage	cSC3PoliceLayer::DoMessage(cGZMessage &)
0005727c	OccupantMoved__15cSC3PoliceLayerUiP13cISC3OccupantRC13cSC3CityCoord	cSC3PoliceLayer::OccupantMoved(unsigned int, cISC3Occupant *, cSC3CityCoord const &)
00057288	CellChangedAll__15cSC3PoliceLayerUi	cSC3PoliceLayer::CellChangedAll(unsigned int)
00057294	CellChanged__15cSC3PoliceLayerUiUiUi	cSC3PoliceLayer::CellChanged(unsigned int, unsigned int, unsigned int)
000572a0	CellChanged__15cSC3PoliceLayerUiUiUiUiUi	cSC3PoliceLayer::CellChanged(unsigned int, unsigned int, unsigned int, unsigned int, unsigned int)
000572b0	_._26cSC3DailyPoliceManipulator	cSC3DailyPoliceManipulator::~cSC3DailyPoliceManipulator(void)
00057308	IsLockingCity__26cSC3DailyPoliceManipulator	cSC3DailyPoliceManipulator::IsLockingCity(void)
00057318	AddRef__26cSC3DailyPoliceManipulator	cSC3DailyPoliceManipulator::AddRef(void)
00057344	Release__26cSC3DailyPoliceManipulator	cSC3DailyPoliceManipulator::Release(void)
0005736c	StaticShutdown__15cSC3PoliceLayer	cSC3PoliceLayer::StaticShutdown(void)
00057378	Init__15cSC3PoliceLayerP9cISC3CityP13cISC2Importer	cSC3PoliceLayer::Init(cISC3City *, cISC2Importer *)
00057388	SimulationBegin__15cSC3PoliceLayer	cSC3PoliceLayer::SimulationBegin(void)
0005740c	SimulationEnd__15cSC3PoliceLayer	cSC3PoliceLayer::SimulationEnd(void)
00057418	EndOfMonth__15cSC3PoliceLayer	cSC3PoliceLayer::EndOfMonth(void)
000574a8	EndStrike__15cSC3PoliceLayer	cSC3PoliceLayer::EndStrike(void)
0005750c	GetManipulator__15cSC3PoliceLayerRC18cISC3CityAgentTypePP25cISC3CityLayerManipulatorRi	cSC3PoliceLayer::GetManipulator(cISC3CityAgentType const &, cISC3CityLayerManipulator **, int &)
00057600	OccupantInserted__15cSC3PoliceLayerUiP13cISC3Occupant	cSC3PoliceLayer::OccupantInserted(unsigned int, cISC3Occupant *)
00057630	OccupantRemoved__15cSC3PoliceLayerUiP13cISC3Occupant	cSC3PoliceLayer::OccupantRemoved(unsigned int, cISC3Occupant *)
0005765c	OccupantChanged__15cSC3PoliceLayerUiP13cISC3OccupantiPv	cSC3PoliceLayer::OccupantChanged(unsigned int, cISC3Occupant *, int, void *)
0005766c	__26cSC3DailyPoliceManipulator	cSC3DailyPoliceManipulator::cSC3DailyPoliceManipulator(void)
00057740	Shutdown__26cSC3DailyPoliceManipulator	cSC3DailyPoliceManipulator::Shutdown(void)
000577d4	incarcerateCriminals__26cSC3DailyPoliceManipulatori	cSC3DailyPoliceManipulator::incarcerateCriminals(int)
00057810	QueryInterface__26cSC3DailyPoliceManipulatorUiPPv	cSC3DailyPoliceManipulator::QueryInterface(unsigned int, void **)
0005784c	DebugInstanceTag__26cSC3DailyPoliceManipulatorR10cIGZString	cSC3DailyPoliceManipulator::DebugInstanceTag(cIGZString &)
00057858	DebugClassTag__26cSC3DailyPoliceManipulatorR10cIGZString	cSC3DailyPoliceManipulator::DebugClassTag(cIGZString &)
00057864	DebugTypeTag__26cSC3DailyPoliceManipulatorR10cIGZString	cSC3DailyPoliceManipulator::DebugTypeTag(cIGZString &)
000578a4	DoQueryInfo__15cSC3PoliceLayerR10cGZMessageP11cIGZUnknown	cSC3PoliceLayer::DoQueryInfo(cGZMessage &, cIGZUnknown *)
00057ad0	__19cSC3PoliceMapSpriteR15cSC3PoliceLayerP14cISC3ZoneLayer	cSC3PoliceMapSprite::cSC3PoliceMapSprite(cSC3PoliceLayer &, cISC3ZoneLayer *)
00057be0	Draw__19cSC3PoliceMapSpriteP10cIGZBufferRC7cRZRectP7cRZRect	cSC3PoliceMapSprite::Draw(cIGZBuffer *, cRZRect const &, cRZRect *)
00057d60	DebugClassTag__15cSC3PoliceLayerR10cIGZString	cSC3PoliceLayer::DebugClassTag(cIGZString &)
00057d6c	DebugTypeTag__15cSC3PoliceLayerR10cIGZString	cSC3PoliceLayer::DebugTypeTag(cIGZString &)
00057d78	GetInfoStringCount__15cSC3PoliceLayerUi	cSC3PoliceLayer::GetInfoStringCount(unsigned int)
00057d84	GetInfoStrings__15cSC3PoliceLayerUiUiUiUiRUiR10cIGZStringT6	cSC3PoliceLayer::GetInfoStrings(unsigned int, unsigned int, unsigned int, unsigned int, unsigned int &, cIGZString &, cIGZString &)
00057d90	DoQueryViews__15cSC3PoliceLayerR10cGZMessageP13cISC3WinQuery	cSC3PoliceLayer::DoQueryViews(cGZMessage &, cISC3WinQuery *)
00057d9c	DoStandardQueryViewInfo__15cSC3PoliceLayerR10cGZMessageP21cISC3WinQueryListView	cSC3PoliceLayer::DoStandardQueryViewInfo(cGZMessage &, cISC3WinQueryListView *)
00057da8	DoDebugQueryViewInfo__15cSC3PoliceLayerR10cGZMessageP21cISC3WinQueryListView	cSC3PoliceLayer::DoDebugQueryViewInfo(cGZMessage &, cISC3WinQueryListView *)
00057db4	GetDebugInfoStringCount__15cSC3PoliceLayer	cSC3PoliceLayer::GetDebugInfoStringCount(void)
00057dc0	GetDebugInfoStrings__15cSC3PoliceLayerUiUiR10cIGZStringT3Ui	cSC3PoliceLayer::GetDebugInfoStrings(unsigned int, unsigned int, cIGZString &, cIGZString &, unsigned int)
00057dcc	GetInfoStringCount__15cSC3PoliceLayer	cSC3PoliceLayer::GetInfoStringCount(void)
00057dd8	GetInfoStrings__15cSC3PoliceLayerUiUiR10cIGZStringT3Ui	cSC3PoliceLayer::GetInfoStrings(unsigned int, unsigned int, cIGZString &, cIGZString &, unsigned int)
00057de4	GetMapSpriteCount__15cSC3PoliceLayer	cSC3PoliceLayer::GetMapSpriteCount(void)
00057df0	GetSpriteIdFromIndex__15cSC3PoliceLayerUiRUi	cSC3PoliceLayer::GetSpriteIdFromIndex(unsigned int, unsigned int &)
00057e14	CreateMapSprite__15cSC3PoliceLayerUiUiPPv	cSC3PoliceLayer::CreateMapSprite(unsigned int, unsigned int, void **)
00057f04	_._19cSC3PoliceMapSprite	cSC3PoliceMapSprite::~cSC3PoliceMapSprite(void)
00057f70	GetColor__19cSC3PoliceMapSpriteUiUiRUi	cSC3PoliceMapSprite::GetColor(unsigned int, unsigned int, unsigned int &)
00057fb4	RZGetCOMDllDirector_SimServ__Fv	RZGetCOMDllDirector_SimServ(void)
000581b4	__17cRZCOMDllDirector	cRZCOMDllDirector::cRZCOMDllDirector(void)
00058444	_._17cRZCOMDllDirector	cRZCOMDllDirector::~cRZCOMDllDirector(void)
00058584	InitializeCOM__17cRZCOMDllDirectorP7cIGZCOMR10cIGZString	cRZCOMDllDirector::InitializeCOM(cIGZCOM *, cIGZString &)
00058874	OnStart__17cRZCOMDllDirectorP7cIGZCOM	cRZCOMDllDirector::OnStart(cIGZCOM *)
000589d0	GetClassObject__17cRZCOMDllDirectorUiUiPPv	cRZCOMDllDirector::GetClassObject(unsigned int, unsigned int, void **)
00058ae8	EnumClassObjects__17cRZCOMDllDirectorPFUiUiPv_vPv	cRZCOMDllDirector::EnumClassObjects(void (*)(unsigned int, unsigned int, void *), void *)
00058bc8	AddDirector__17cRZCOMDllDirectorP17cRZCOMDllDirector	cRZCOMDllDirector::AddDirector(cRZCOMDllDirector *)
00058c70	OnUnload__17cRZCOMDllDirector	cRZCOMDllDirector::OnUnload(void)
00058c80	GZCOM__Fv	GZCOM(void)
00058cb0	GZDllGetGZCOMDirector	GZDllGetGZCOMDirector
00058cd0	QueryInterface__17cRZCOMDllDirectorUiPPv	cRZCOMDllDirector::QueryInterface(unsigned int, void **)
00058d4c	FrameWork__17cRZCOMDllDirector	cRZCOMDllDirector::FrameWork(void)
00058d5c	AddRef__17cRZCOMDllDirector	cRZCOMDllDirector::AddRef(void)
00058d78	Release__17cRZCOMDllDirector	cRZCOMDllDirector::Release(void)
00058da0	RemoveRef__17cRZCOMDllDirector	cRZCOMDllDirector::RemoveRef(void)
00058db8	RefCount__17cRZCOMDllDirector	cRZCOMDllDirector::RefCount(void)
00058dcc	ModuleName__17cRZCOMDllDirectorR10cIGZString	cRZCOMDllDirector::ModuleName(cIGZString &)
00058e00	CanUnloadNow__17cRZCOMDllDirector	cRZCOMDllDirector::CanUnloadNow(void)
00058e58	AddCls__17cRZCOMDllDirectorUiPFv_P11cIGZUnknownUi	cRZCOMDllDirector::AddCls(unsigned int, cIGZUnknown *(*)(void), unsigned int)
00058eac	AppRegister__17cRZCOMDllDirectorP12cIGZRegistry	cRZCOMDllDirector::AppRegister(cIGZRegistry *)
00058f04	PreFrameWorkInit__17cRZCOMDllDirector	cRZCOMDllDirector::PreFrameWorkInit(void)
00058f10	PreAppInit__17cRZCOMDllDirector	cRZCOMDllDirector::PreAppInit(void)
00058f1c	PostAppInit__17cRZCOMDllDirector	cRZCOMDllDirector::PostAppInit(void)
00058f28	PreAppShutdown__17cRZCOMDllDirector	cRZCOMDllDirector::PreAppShutdown(void)
00058f34	PostAppShutdown__17cRZCOMDllDirector	cRZCOMDllDirector::PostAppShutdown(void)
00058f40	PostSystemServiceShutdown__17cRZCOMDllDirector	cRZCOMDllDirector::PostSystemServiceShutdown(void)
00058f4c	AbortiveQuit__17cRZCOMDllDirector	cRZCOMDllDirector::AbortiveQuit(void)
00058f58	OnInstall__17cRZCOMDllDirector	cRZCOMDllDirector::OnInstall(void)
00058f64	GZCOM__17cRZCOMDllDirector	cRZCOMDllDirector::GZCOM(void)
00058f80	__out_of_range__FPCc	__out_of_range(char const *)
000591e8	__length_error__FPCc	__length_error(char const *)
00059448	__11logic_errorRCt12basic_string3ZcZt18string_char_traits1ZcZt24__default_alloc_template2b1i0	logic_error::logic_error(basic_string<char, string_char_traits<char>, __default_alloc_template<true, 0> > const &)
000594a4	what__C11logic_error	logic_error::what(void) const
000594cc	__12domain_errorRCt12basic_string3ZcZt18string_char_traits1ZcZt24__default_alloc_template2b1i0	domain_error::domain_error(basic_string<char, string_char_traits<char>, __default_alloc_template<true, 0> > const &)
0005952c	__16invalid_argumentRCt12basic_string3ZcZt18string_char_traits1ZcZt24__default_alloc_template2b1i0	invalid_argument::invalid_argument(basic_string<char, string_char_traits<char>, __default_alloc_template<true, 0> > const &)
0005958c	__12length_errorRCt12basic_string3ZcZt18string_char_traits1ZcZt24__default_alloc_template2b1i0	length_error::length_error(basic_string<char, string_char_traits<char>, __default_alloc_template<true, 0> > const &)
000595ec	__12out_of_rangeRCt12basic_string3ZcZt18string_char_traits1ZcZt24__default_alloc_template2b1i0	out_of_range::out_of_range(basic_string<char, string_char_traits<char>, __default_alloc_template<true, 0> > const &)
0005964c	__13runtime_errorRCt12basic_string3ZcZt18string_char_traits1ZcZt24__default_alloc_template2b1i0	runtime_error::runtime_error(basic_string<char, string_char_traits<char>, __default_alloc_template<true, 0> > const &)
000596ac	what__C13runtime_error	runtime_error::what(void) const
000596d0	__13runtime_error	runtime_error::runtime_error(void)
00059734	__11range_errorRCt12basic_string3ZcZt18string_char_traits1ZcZt24__default_alloc_template2b1i0	range_error::range_error(basic_string<char, string_char_traits<char>, __default_alloc_template<true, 0> > const &)
0005978c	__14overflow_errorRCt12basic_string3ZcZt18string_char_traits1ZcZt24__default_alloc_template2b1i0	overflow_error::overflow_error(basic_string<char, string_char_traits<char>, __default_alloc_template<true, 0> > const &)
000597ec	__15underflow_errorRCt12basic_string3ZcZt18string_char_traits1ZcZt24__default_alloc_template2b1i0	underflow_error::underflow_error(basic_string<char, string_char_traits<char>, __default_alloc_template<true, 0> > const &)
00059850	__7istreamiP9streambufP7ostream	istream::istream(int, streambuf *, ostream *)
00059904	skip_ws__FP9streambuf	skip_ws(streambuf *)
00059938	get__7istreamRc	istream::get(char &)
00059a18	peek__7istream	istream::peek(void)
00059a74	ignore__7istreamii	istream::ignore(int, int)
00059b6c	read__7istreamPci	istream::read(char *, int)
00059c44	sync__7istream	istream::sync(void)
00059c84	seekg__7istreamx	istream::seekg(long long)
00059cbc	seekg__7istreamxQ23ios8seek_dir	istream::seekg(long long, ios::seek_dir)
00059cfc	tellg__7istream	istream::tellg(void)
00059d3c	__rs__7istreamRc	istream::operator>>(char &)
00059e24	__rs__7istreamPc	istream::operator>>(char *)
0005a240	__rs__7istreamRs	istream::operator>>(short &)
0005a284	__rs__7istreamRUs	istream::operator>>(unsigned short &)
0005a2c8	__rs__7istreamRi	istream::operator>>(int &)
0005a308	__rs__7istreamRUi	istream::operator>>(unsigned int &)
0005a348	__rs__7istreamRl	istream::operator>>(long &)
0005a388	__rs__7istreamRUl	istream::operator>>(unsigned long &)
0005a3c8	__rs__7istreamRx	istream::operator>>(long long &)
0005a410	__rs__7istreamRUx	istream::operator>>(unsigned long long &)
0005a458	__rs__7istreamRb	istream::operator>>(bool &)
0005a4a4	__rs__7istreamRr	istream::operator>>(long double &)
0005a578	__rs__7istreamRd	istream::operator>>(double &)
0005a648	__rs__7istreamRf	istream::operator>>(float &)
0005a718	__rs__7istreamP9streambuf	istream::operator>>(streambuf *)
0005a81c	__ls__7ostreamc	ostream::operator<<(char)
0005ab8c	__ls__7ostreami	ostream::operator<<(int)
0005ac38	__ls__7ostreamUi	ostream::operator<<(unsigned int)
0005acc8	__ls__7ostreaml	ostream::operator<<(long)
0005ad74	__ls__7ostreamUl	ostream::operator<<(unsigned long)
0005ae04	__ls__7ostreamx	ostream::operator<<(long long)
0005aeb8	__ls__7ostreamUx	ostream::operator<<(unsigned long long)
0005af48	__ls__7ostreamd	ostream::operator<<(double)
0005b0f8	__ls__7ostreamr	ostream::operator<<(long double)
0005b2ac	__ls__7ostreamPCc	ostream::operator<<(char const *)
0005b438	__ls__7ostreamP9streambuf	ostream::operator<<(streambuf *)
0005b550	__7ostreamiP9streambufP7ostream	ostream::ostream(int, streambuf *, ostream *)
0005b5fc	seekp__7ostreamx	ostream::seekp(long long)
0005b634	seekp__7ostreamxQ23ios8seek_dir	ostream::seekp(long long, ios::seek_dir)
0005b674	tellp__7ostream	ostream::tellp(void)
0005b6b4	flush__7ostream	ostream::flush(void)
0005b6e4	flush__FR7ostream	flush(ostream &)
0005b6fc	ws__FR7istream	ws(istream &)
0005b7d8	_skip_ws__7istream	istream::_skip_ws(void)
0005b820	ends__FR7ostream	ends(ostream &)
0005b844	endl__FR7ostream	endl(ostream &)
0005b870	lock__FR7istream	lock(istream &)
0005b890	unlock__FR7istream	unlock(istream &)
0005b8b0	lock__FR7ostream	lock(ostream &)
0005b8d0	unlock__FR7ostream	unlock(ostream &)
0005b8f0	write__7ostreamPCci	ostream::write(char const *, int)
0005b9c4	do_osfx__7ostream	ostream::do_osfx(void)
0005ba10	__8iostreamiP9streambufP7ostream	iostream::iostream(int, streambuf *, ostream *)
0005bad4	close__3ios	ios::close(void)
0005bb18	skip__7istreami	istream::skip(int)
0005bb40	__7ostreami	ostream::ostream(int)
0005bba0	opfx__7ostream	ostream::opfx(void)
0005bbe4	osfx__7ostream	ostream::osfx(void)
0005bc18	put__7ostreamc	ostream::put(char)
0005bc40	put__7ostreamUc	ostream::put(unsigned char)
0005bc68	put__7ostreamSc	ostream::put(signed char)
0005bc90	write__7ostreamPCUci	ostream::write(unsigned char const *, int)
0005bcb0	write__7ostreamPCSci	ostream::write(signed char const *, int)
0005bcd0	write__7ostreamPCvi	ostream::write(void const *, int)
0005bcf0	__ls__7ostreamUc	ostream::operator<<(unsigned char)
0005bd0c	__ls__7ostreamSc	ostream::operator<<(signed char)
0005bd28	__ls__7ostreamPCUc	ostream::operator<<(unsigned char const *)
0005bd44	__ls__7ostreamPCSc	ostream::operator<<(signed char const *)
0005bd60	__ls__7ostreams	ostream::operator<<(short)
0005bd7c	__ls__7ostreamUs	ostream::operator<<(unsigned short)
0005bd98	__ls__7ostreamb	ostream::operator<<(bool)
0005bdb4	__ls__7ostreamf	ostream::operator<<(float)
0005bdd4	__ls__7ostreamPFR7ostream_R7ostream	ostream::operator<<(ostream &(*)(ostream &))
0005bdec	__ls__7ostreamPFR3ios_R3ios	ostream::operator<<(ios &(*)(ios &))
0005be0c	ostreambuf__C7ostream	ostream::ostreambuf(void) const
0005be1c	__7istreami	istream::istream(int)
0005be84	get__7istreamPUcic	istream::get(unsigned char *, int, char)
0005bea8	get__7istreamRUc	istream::get(unsigned char &)
0005bec4	getline__7istreamPUcic	istream::getline(unsigned char *, int, char)
0005bee8	get__7istreamRSc	istream::get(signed char &)
0005bf04	get__7istreamPScic	istream::get(signed char *, int, char)
0005bf28	getline__7istreamPScic	istream::getline(signed char *, int, char)
0005bf4c	read__7istreamPUci	istream::read(unsigned char *, int)
0005bf6c	read__7istreamPSci	istream::read(signed char *, int)
0005bf8c	read__7istreamPvi	istream::read(void *, int)
0005bfac	ipfx__7istreami	istream::ipfx(int)
0005c030	ipfx0__7istream	istream::ipfx0(void)
0005c094	ipfx1__7istream	istream::ipfx1(void)
0005c0e8	isfx__7istream	istream::isfx(void)
0005c104	get__7istream	istream::get(void)
0005c188	gcount__7istream	istream::gcount(void)
0005c198	putback__7istreamc	istream::putback(char)
0005c1d0	unget__7istream	istream::unget(void)
0005c204	unget__7istreamc	istream::unget(char)
0005c23c	istreambuf__C7istream	istream::istreambuf(void) const
0005c24c	__rs__7istreamPUc	istream::operator>>(unsigned char *)
0005c268	__rs__7istreamPSc	istream::operator>>(signed char *)
0005c284	__rs__7istreamRUc	istream::operator>>(unsigned char &)
0005c2a0	__rs__7istreamRSc	istream::operator>>(signed char &)
0005c2bc	__rs__7istreamPFR3ios_R3ios	istream::operator>>(ios &(*)(ios &))
0005c2dc	__rs__7istreamPFR7istream_R7istream	istream::operator>>(istream &(*)(istream &))
0005c2f4	__8iostreami	iostream::iostream(int)
0005c374	__as__22_IO_istream_withassignR22_IO_istream_withassign	_IO_istream_withassign::operator=(_IO_istream_withassign &)
0005c390	__as__22_IO_ostream_withassignR22_IO_ostream_withassign	_IO_ostream_withassign::operator=(_IO_ostream_withassign &)
0005c3ac	dec__FR3ios	dec(ios &)
0005c3c4	hex__FR3ios	hex(ios &)
0005c3dc	oct__FR3ios	oct(ios &)
0005c400	getline__7istreamPcic	istream::getline(char *, int, char)
0005c56c	get__7istreamPcic	istream::get(char *, int, char)
0005c678	_sb_readline__FP9streambufRlc	_sb_readline(streambuf *, long &, char)
0005c794	gets__7istreamPPcc	istream::gets(char **, char)
0005c8a0	scan__7istreamPCce	istream::scan(char const *,...)
0005c978	vscan__7istreamPCcPv	istream::vscan(char const *, void *)
0005ca48	vscan__9streambufPCcPvP3ios	streambuf::vscan(char const *, void *, ios *)
0005ca84	scan__9streambufPCce	streambuf::scan(char const *,...)
0005caa4	sync_with_stdio__3iosi	ios::sync_with_stdio(int)
0005cab0	_un_link__9streambuf	streambuf::_un_link(void)
0005cac8	_link_in__9streambuf	streambuf::_link_in(void)
0005cae0	switch_to_get_mode__9streambuf	streambuf::switch_to_get_mode(void)
0005caf8	free_backup_area__9streambuf	streambuf::free_backup_area(void)
0005cb10	__overflow__FP9streambufi	__overflow(streambuf *, int)
0005cb30	underflow__9streambuf	streambuf::underflow(void)
0005cb3c	uflow__9streambuf	streambuf::uflow(void)
0005cb54	overflow__9streambufi	streambuf::overflow(int)
0005cb60	xsputn__9streambufPCci	streambuf::xsputn(char const *, int)
0005cb80	xsgetn__9streambufPci	streambuf::xsgetn(char *, int)
0005cba0	ignore__9streambufi	streambuf::ignore(int)
0005cbf0	sync__9streambuf	streambuf::sync(void)
0005cbfc	pbackfail__9streambufi	streambuf::pbackfail(int)
0005cc18	setbuf__9streambufPci	streambuf::setbuf(char *, int)
0005ccb8	seekpos__9streambufxi	streambuf::seekpos(long long, int)
0005cce8	sseekpos__9streambufxi	streambuf::sseekpos(long long, int)
0005cd08	setb__9streambufPcT1i	streambuf::setb(char *, char *, int)
0005cd2c	doallocate__9streambuf	streambuf::doallocate(void)
0005cd44	doallocbuf__9streambuf	streambuf::doallocbuf(void)
0005cd5c	__9streambufi	streambuf::streambuf(int)
0005cd98	_._9streambuf	streambuf::~streambuf(void)
0005cdf8	seekoff__9streambufxQ23ios8seek_diri	streambuf::seekoff(long long, ios::seek_dir, int)
0005ce0c	sseekoff__9streambufxQ23ios8seek_diri	streambuf::sseekoff(long long, ios::seek_dir, int)
0005ce34	sputbackc__9streambufc	streambuf::sputbackc(char)
0005ce50	sungetc__9streambuf	streambuf::sungetc(void)
0005ce68	get_column__9streambuf	streambuf::get_column(void)
0005ce9c	set_column__9streambufi	streambuf::set_column(int)
0005ceb0	flush_all__9streambuf	streambuf::flush_all(void)
0005cec0	flush_all_linebuffered__9streambuf	streambuf::flush_all_linebuffered(void)
0005ced0	sys_stat__9streambufPv	streambuf::sys_stat(void *)
0005ceec	sys_read__9streambufPci	streambuf::sys_read(char *, int)
0005cef8	sys_write__9streambufPCci	streambuf::sys_write(char const *, int)
0005cf04	sys_seek__9streambufxQ23ios8seek_dir	streambuf::sys_seek(long long, ios::seek_dir)
0005cf18	sys_close__9streambuf	streambuf::sys_close(void)
0005cf24	showmanyc__9streambuf	streambuf::showmanyc(void)
0005cf30	imbue__9streambufPv	streambuf::imbue(void *)
0005cf38	__12streammarkerP9streambuf	streammarker::streammarker(streambuf *)
0005cf58	_._12streammarker	streammarker::~streammarker(void)
0005cf8c	delta__12streammarkerR12streammarker	streammarker::delta(streammarker &)
0005cfa8	delta__12streammarker	streammarker::delta(void)
0005cfc0	seekmark__9streambufR12streammarkeri	streambuf::seekmark(streammarker &, int)
0005cfe0	unsave_markers__9streambuf	streambuf::unsave_markers(void)
0005cff8	readable__3ios	ios::readable(void)
0005d010	writable__3ios	ios::writable(void)
0005d028	is_open__3ios	ios::is_open(void)
0005d04c	tie__C3ios	ios::tie(void) const
0005d05c	tie__3iosP7ostream	ios::tie(ostream *)
0005d074	fill__C3ios	ios::fill(void) const
0005d084	fill__3iosw	ios::fill(wchar_t)
0005d09c	flags__C3ios	ios::flags(void) const
0005d0ac	flags__3iosUl	ios::flags(unsigned long)
0005d0c4	precision__C3ios	ios::precision(void) const
0005d0d4	precision__3iosi	ios::precision(int)
0005d0ec	setf__3iosUl	ios::setf(unsigned long)
0005d104	setf__3iosUlUl	ios::setf(unsigned long, unsigned long)
0005d128	unsetf__3iosUl	ios::unsetf(unsigned long)
0005d144	width__C3ios	ios::width(void) const
0005d154	width__3iosi	ios::width(int)
0005d16c	_throw_failure__C3ios	ios::_throw_failure(void) const
0005d174	clear__3iosi	ios::clear(int)
0005d190	set__3iosi	ios::set(int)
0005d1a0	setstate__3iosi	ios::setstate(int)
0005d1b0	good__C3ios	ios::good(void) const
0005d1c4	eof__C3ios	ios::eof(void) const
0005d1d8	fail__C3ios	ios::fail(void) const
0005d1ec	bad__C3ios	ios::bad(void) const
0005d200	rdstate__C3ios	ios::rdstate(void) const
0005d210	__opPv__C3ios	ios::operator void *(void) const
0005d22c	__nt__C3ios	ios::operator!(void) const
0005d240	exceptions__C3ios	ios::exceptions(void) const
0005d250	exceptions__3iosi	ios::exceptions(int)
0005d260	rdbuf__C3ios	ios::rdbuf(void) const
0005d26c	rdbuf__3iosP9streambuf	ios::rdbuf(streambuf *)
0005d28c	sync_with_stdio__3ios	ios::sync_with_stdio(void)
0005d2a0	unset__3ios11state_value	ios::unset(state_value)
0005d2b4	__Q23ios4Init	ios::Init::Init(void)
0005d2c0	set_offset__12streammarkeri	streammarker::set_offset(int)
0005d2d0	saving__12streammarker	streammarker::saving(void)
0005d2dc	_vtable__9streambuf	streambuf::_vtable(void)
0005d2ec	xchain__9streambuf	streambuf::xchain(void)
0005d2fc	gptr__C9streambuf	streambuf::gptr(void) const
0005d318	pptr__C9streambuf	streambuf::pptr(void) const
0005d328	egptr__C9streambuf	streambuf::egptr(void) const
0005d348	epptr__C9streambuf	streambuf::epptr(void) const
0005d358	pbase__C9streambuf	streambuf::pbase(void) const
0005d368	eback__C9streambuf	streambuf::eback(void) const
0005d388	base__C9streambuf	streambuf::base(void) const
0005d398	ebuf__C9streambuf	streambuf::ebuf(void) const
0005d3a8	blen__C9streambuf	streambuf::blen(void) const
0005d3bc	xput_char__9streambufc	streambuf::xput_char(char)
0005d3d4	xflags__9streambuf	streambuf::xflags(void)
0005d3e0	xflags__9streambufi	streambuf::xflags(int)
0005d3f4	xsetflags__9streambufi	streambuf::xsetflags(int)
0005d404	xsetflags__9streambufii	streambuf::xsetflags(int, int)
0005d420	gbump__9streambufi	streambuf::gbump(int)
0005d43c	pbump__9streambufi	streambuf::pbump(int)
0005d450	setp__9streambufPcT1	streambuf::setp(char *, char *)
0005d46c	setg__9streambufPcN21	streambuf::setg(char *, char *, char *)
0005d4a0	shortbuf__9streambuf	streambuf::shortbuf(void)
0005d4b0	in_backup__9streambuf	streambuf::in_backup(void)
0005d4c4	Gbase__9streambuf	streambuf::Gbase(void)
0005d4dc	eGptr__9streambuf	streambuf::eGptr(void)
0005d4f8	Bbase__9streambuf	streambuf::Bbase(void)
0005d518	Bptr__9streambuf	streambuf::Bptr(void)
0005d528	eBptr__9streambuf	streambuf::eBptr(void)
0005d548	Nbase__9streambuf	streambuf::Nbase(void)
0005d558	eNptr__9streambuf	streambuf::eNptr(void)
0005d568	have_backup__9streambuf	streambuf::have_backup(void)
0005d57c	have_markers__9streambuf	streambuf::have_markers(void)
0005d590	put_mode__9streambuf	streambuf::put_mode(void)
0005d5a4	pubseekoff__9streambufxQ23ios8seek_diri	streambuf::pubseekoff(long long, ios::seek_dir, int)
0005d5cc	pubseekpos__9streambufxi	streambuf::pubseekpos(long long, int)
0005d5ec	unbuffered__9streambuf	streambuf::unbuffered(void)
0005d600	linebuffered__9streambuf	streambuf::linebuffered(void)
0005d614	unbuffered__9streambufi	streambuf::unbuffered(int)
0005d62c	linebuffered__9streambufi	streambuf::linebuffered(int)
0005d648	allocate__9streambuf	streambuf::allocate(void)
0005d674	allocbuf__9streambuf	streambuf::allocbuf(void)
0005d690	in_avail__9streambuf	streambuf::in_avail(void)
0005d6a4	out_waiting__9streambuf	streambuf::out_waiting(void)
0005d6b8	sputn__9streambufPCci	streambuf::sputn(char const *, int)
0005d6e0	padn__9streambufci	streambuf::padn(char, int)
0005d700	sgetn__9streambufPci	streambuf::sgetn(char *, int)
0005d720	sputc__9streambufi	streambuf::sputc(int)
0005d73c	sbumpc__9streambuf	streambuf::sbumpc(void)
0005d754	sgetc__9streambuf	streambuf::sgetc(void)
0005d76c	snextc__9streambuf	streambuf::snextc(void)
0005d7a4	stossc__9streambuf	streambuf::stossc(void)
0005d7bc	is_open__C7filebuf	filebuf::is_open(void) const
0005d7d0	fd__C7filebuf	filebuf::fd(void) const
0005d7ec	is_reading__7filebuf	filebuf::is_reading(void)
0005d820	cur_ptr__7filebuf	filebuf::cur_ptr(void)
0005d860	file_ptr__7filebuf	filebuf::file_ptr(void)
0005d878	init__3iosP9streambufP7ostream	ios::init(streambuf *, ostream *)
0005d8c8	__3iosP9streambufP7ostream	ios::ios(streambuf *, ostream *)
0005d91c	_._3ios	ios::~ios(void)
0005d960	init__7filebuf	filebuf::init(void)
0005d978	__7filebuf	filebuf::filebuf(void)
0005d9d8	__7filebufi	filebuf::filebuf(int)
0005da3c	__7filebufiPci	filebuf::filebuf(int, char *, int)
0005dabc	_._7filebuf	filebuf::~filebuf(void)
0005db18	open__7filebufPCcii	filebuf::open(char const *, int, int)
0005dbc8	open__7filebufPCcT1	filebuf::open(char const *, char const *)
0005dbe8	attach__7filebufi	filebuf::attach(int)
0005dc04	setbuf__7filebufPci	filebuf::setbuf(char *, int)
0005dc24	doallocate__7filebuf	filebuf::doallocate(void)
0005dc3c	overflow__7filebufi	filebuf::overflow(int)
0005dc58	underflow__7filebuf	filebuf::underflow(void)
0005dc70	sync__7filebuf	filebuf::sync(void)
0005dc88	seekoff__7filebufxQ23ios8seek_diri	filebuf::seekoff(long long, ios::seek_dir, int)
0005dcb0	close__7filebuf	filebuf::close(void)
0005dcd4	sys_read__7filebufPci	filebuf::sys_read(char *, int)
0005dcf4	sys_seek__7filebufxQ23ios8seek_dir	filebuf::sys_seek(long long, ios::seek_dir)
0005dd14	sys_write__7filebufPCci	filebuf::sys_write(char const *, int)
0005dd34	sys_stat__7filebufPv	filebuf::sys_stat(void *)
0005dd50	sys_close__7filebuf	filebuf::sys_close(void)
0005dd68	xsputn__7filebufPCci	filebuf::xsputn(char const *, int)
0005dd88	xsgetn__7filebufPci	filebuf::xsgetn(char *, int)
0005ddb0	__as__22_IO_istream_withassignR7istream	_IO_istream_withassign::operator=(istream &)
0005de14	__as__22_IO_ostream_withassignR7ostream	_IO_ostream_withassign::operator=(ostream &)
0005de74	__default_terminate	__default_terminate
0005de90	__terminate	__terminate
0005deb8	__throw_type_match	__throw_type_match
0005deec	__empty	__empty
0005df48	__get_eh_context	__get_eh_context
0005df6c	__get_eh_info	__get_eh_info
0005e01c	__get_dynamic_handler_chain	__get_dynamic_handler_chain
0005e044	__sjthrow	__sjthrow
0005e154	__sjpopnthrow	__sjpopnthrow
0005e24c	__eh_rtime_match	__eh_rtime_match
0005e2a4	__get_eh_table_version	__get_eh_table_version
0005e2b4	__get_eh_table_language	__get_eh_table_language
0005e558	__unwinding_cleanup	__unwinding_cleanup
0005e8c8	__throw	__throw
0005e988	__rethrow	__rethrow
0005ea54	__pure_virtual	__pure_virtual
0005ea90	__udivdi3	__udivdi3
0005ebb0	__umoddi3	__umoddi3
0005ed44	terminate__Fv	terminate(void)
0005ed64	__default_unexpected__Fv	__default_unexpected(void)
0005ed80	set_terminate__FPFv_v	set_terminate(void (*)(void))
0005eda8	set_unexpected__FPFv_v	set_unexpected(void (*)(void))
0005edd4	unexpected__Fv	unexpected(void)
0005edf4	__cp_exception_info	__cp_exception_info
0005ee1c	__cp_eh_info	__cp_eh_info
0005ee40	__start_cp_handler	__start_cp_handler
0005ee6c	__eh_alloc	__eh_alloc
0005eea4	__eh_free	__eh_free
0005eed0	__cplus_type_matcher	__cplus_type_matcher
0005ef3c	__cp_push_exception	__cp_push_exception
0005efb0	__cp_pop_exception	__cp_pop_exception
0005f060	__uncatch_exception	__uncatch_exception
0005f090	__check_eh_spec	__check_eh_spec
0005f264	__throw_bad_cast	__throw_bad_cast
0005f308	__throw_bad_typeid	__throw_bad_typeid
0005f3a8	uncaught_exception__Fv	uncaught_exception(void)
0005f3dc	what__C9exception	exception::what(void) const
0005f404	__9exception	exception::exception(void)
0005f42c	_._9exception	exception::~exception(void)
0005f464	__13bad_exception	bad_exception::bad_exception(void)
0005f494	_._13bad_exception	bad_exception::~bad_exception(void)
0005ff54	__register_frame_info	__register_frame_info
0005ffa0	__register_frame	__register_frame
0005ffd8	__register_frame_info_table	__register_frame_info_table
00060020	__register_frame_table	__register_frame_table
00060058	__deregister_frame_info	__deregister_frame_info
000600c0	__deregister_frame	__deregister_frame
000600f4	__frame_state_for	__frame_state_for
00060374	__builtin_delete	__builtin_delete
00060414	__builtin_new	__builtin_new
00060574	__builtin_vec_delete	__builtin_vec_delete
00060614	__builtin_vec_new	__builtin_vec_new
000606c4	_._9type_info	type_info::~type_info(void)
000606fc	__eq__C9type_infoRC9type_info	type_info::operator==(type_info const &) const
00060740	__rtti_class	__rtti_class
0006078c	__rtti_si	__rtti_si
000607d4	__rtti_user	__rtti_user
0006080c	dcast__C16__user_type_infoRC9type_infoiPvPC9type_infoT3	__user_type_info::dcast(type_info const &, int, void *, type_info const *, void *) const
00060844	dcast__C14__si_type_infoRC9type_infoiPvPC9type_infoT3	__si_type_info::dcast(type_info const &, int, void *, type_info const *, void *) const
000608a4	dcast__C17__class_type_infoRC9type_infoiPvPC9type_infoT3	__class_type_info::dcast(type_info const &, int, void *, type_info const *, void *) const
000609f4	__9type_infoPCc	type_info::type_info(char const *)
00060a1c	name__C9type_info	type_info::name(void) const
00060a2c	__ne__C9type_infoRC9type_info	type_info::operator!=(type_info const &) const
00060a5c	__8bad_cast	bad_cast::bad_cast(void)
00060a8c	_._8bad_cast	bad_cast::~bad_cast(void)
00060acc	__10bad_typeid	bad_typeid::bad_typeid(void)
00060afc	_._10bad_typeid	bad_typeid::~bad_typeid(void)
00060b3c	__16__user_type_infoPCc	__user_type_info::__user_type_info(char const *)
00060b70	__14__si_type_infoPCcRC16__user_type_info	__si_type_info::__si_type_info(char const *, __user_type_info const &)
00060bb8	__17__class_type_infoPCcPCQ217__class_type_info9base_infoUi	__class_type_info::__class_type_info(char const *, __class_type_info::base_info const *, unsigned int)
00060c14	before__C9type_infoRC9type_info	type_info::before(type_info const &) const
00060c48	__throw_type_match_rtti	__throw_type_match_rtti
000610e0	__is_pointer__FPv	__is_pointer(void *)
00061134	__rtti_ptr	__rtti_ptr
00061170	__rtti_attr	__rtti_attr
000611b4	__rtti_func	__rtti_func
000611ec	__rtti_ptmf	__rtti_ptmf
00061224	__rtti_ptmd	__rtti_ptmd
0006125c	__rtti_array	__rtti_array
00061294	__dynamic_cast	__dynamic_cast
000612e8	__tfv	void type_info function
00061330	__tfx	long long type_info function
00061378	__tfl	long type_info function
000613c0	__tfi	int type_info function
00061408	__tfs	short type_info function
00061450	__tfb	bool type_info function
00061498	__tfc	char type_info function
000614e0	__tfw	wchar_t type_info function
00061528	__tfr	long double type_info function
00061570	__tfd	double type_info function
000615b8	__tff	float type_info function
00061600	__tfUi	unsigned int type_info function
00061648	__tfUl	unsigned long type_info function
00061690	__tfUx	unsigned long long type_info function
000616d8	__tfUs	unsigned short type_info function
00061720	__tfUc	unsigned char type_info function
00061768	__tfSc	signed char type_info function
000617b0	set_new_handler__FPFv_v	set_new_handler(void (*)(void))
000617d8	what__C9bad_alloc	bad_alloc::what(void) const
000617f8	__nw__FUiPv	operator new(unsigned int, void *)
00061814	__vn__FUiPv	operator new [](unsigned int, void *)
000618a4	_S_chunk_alloc__t24__default_alloc_template2b1i0UiRi	__default_alloc_template<true, 0>::_S_chunk_alloc(unsigned int, int &)
00061a54	clone__Q2t12basic_string3ZcZt18string_char_traits1ZcZt24__default_alloc_template2b1i0_3Rep	basic_string<char, string_char_traits<char>, __default_alloc_template<true, 0> >::Rep::clone(void)
00061c74	alloc__t12basic_string3ZcZt18string_char_traits1ZcZt24__default_alloc_template2b1i0Uib	basic_string<char, string_char_traits<char>, __default_alloc_template<true, 0> >::alloc(unsigned int, bool)
00061f54	replace__t12basic_string3ZcZt18string_char_traits1ZcZt24__default_alloc_template2b1i0UiUiUic	basic_string<char, string_char_traits<char>, __default_alloc_template<true, 0> >::replace(unsigned int, unsigned int, unsigned int, char)
00062324	replace__t12basic_string3ZcZt18string_char_traits1ZcZt24__default_alloc_template2b1i0UiUiPCcUi	basic_string<char, string_char_traits<char>, __default_alloc_template<true, 0> >::replace(unsigned int, unsigned int, char const *, unsigned int)
00062704	replace__t12basic_string3ZcZt18string_char_traits1ZcZt24__default_alloc_template2b1i0UiUiRCt12basic_string3ZcZt18string_char_traits1ZcZt24__default_alloc_template2b1i0UiUi	basic_string<char, string_char_traits<char>, __default_alloc_template<true, 0> >::replace(unsigned int, unsigned int, basic_string<char, string_char_traits<char>, __default_alloc_template<true, 0> > const &, unsigned int, unsigned int)
00062864	replace__H1ZPCc_t12basic_string3ZcZt18string_char_traits1ZcZt24__default_alloc_template2b1i0PcT1X00X00_Rt12basic_string3ZcZt18string_char_traits1ZcZt24__default_alloc_template2b1i0	basic_string<char, string_char_traits<char>, __default_alloc_template<true, 0> > & basic_string<char, string_char_traits<char>, __default_alloc_template<true, 0> >::replace<char const *>(char *, char *, char const *, char const *)
00062c64	compare__Ct12basic_string3ZcZt18string_char_traits1ZcZt24__default_alloc_template2b1i0RCt12basic_string3ZcZt18string_char_traits1ZcZt24__default_alloc_template2b1i0UiUi	basic_string<char, string_char_traits<char>, __default_alloc_template<true, 0> >::compare(basic_string<char, string_char_traits<char>, __default_alloc_template<true, 0> > const &, unsigned int, unsigned int) const
00062d0c	__thunk_12_QueryInterface__23cSC3BuildingFireStationUiPPv	virtual function thunk (delta:-12) for cSC3BuildingFireStation::QueryInterface(unsigned int, void **)
00062d28	__thunk_12_AddRef__23cSC3BuildingFireStation	virtual function thunk (delta:-12) for cSC3BuildingFireStation::AddRef(void)
00062d44	__thunk_12_Release__23cSC3BuildingFireStation	virtual function thunk (delta:-12) for cSC3BuildingFireStation::Release(void)
00062d60	__thunk_4_Simulate__12cSC3Buildingi	virtual function thunk (delta:-4) for cSC3Building::Simulate(int)
00062d7c	__thunk_4_MinimumExecutionInterval__12cSC3Building	virtual function thunk (delta:-4) for cSC3Building::MinimumExecutionInterval(void)
00062d98	__thunk_4_IsAgentLocking__12cSC3Building	virtual function thunk (delta:-4) for cSC3Building::IsAgentLocking(void)
00062db4	__thunk_4_TypeId__C12cSC3Building	virtual function thunk (delta:-4) for cSC3Building::TypeId(void) const
00062dd0	__thunk_4_AgentType__12cSC3Building	virtual function thunk (delta:-4) for cSC3Building::AgentType(void)
00062dec	__thunk_4_SetAgentType__12cSC3BuildingP18cISC3CityAgentType	virtual function thunk (delta:-4) for cSC3Building::SetAgentType(cISC3CityAgentType *)
00062e08	__thunk_4_DebugInstanceTag__12cSC3BuildingR10cIGZString	virtual function thunk (delta:-4) for cSC3Building::DebugInstanceTag(cIGZString &)
00062e24	__thunk_4_DebugClassTag__12cSC3BuildingR10cIGZString	virtual function thunk (delta:-4) for cSC3Building::DebugClassTag(cIGZString &)
00062e40	__thunk_4_DebugTypeTag__12cSC3BuildingR10cIGZString	virtual function thunk (delta:-4) for cSC3Building::DebugTypeTag(cIGZString &)
00062e5c	__thunk_8_QueryInterface__23cSC3BuildingFireStationUiPPv	virtual function thunk (delta:-8) for cSC3BuildingFireStation::QueryInterface(unsigned int, void **)
00062e78	__thunk_8_AddRef__23cSC3BuildingFireStation	virtual function thunk (delta:-8) for cSC3BuildingFireStation::AddRef(void)
00062e94	__thunk_8_Release__23cSC3BuildingFireStation	virtual function thunk (delta:-8) for cSC3BuildingFireStation::Release(void)
00062eb0	__thunk_8_AsISC3Occupant__23cSC3BuildingFireStation	virtual function thunk (delta:-8) for cSC3BuildingFireStation::AsISC3Occupant(void)
00062ecc	__thunk_8_Init__23cSC3BuildingFireStationP9cISC3CityP19cISC3OccPersistInfo	virtual function thunk (delta:-8) for cSC3BuildingFireStation::Init(cISC3City *, cISC3OccPersistInfo *)
00062ee8	__thunk_8_Save__23cSC3BuildingFireStationP9cISC3CityR19cISC3OccPersistInfo	virtual function thunk (delta:-8) for cSC3BuildingFireStation::Save(cISC3City *, cISC3OccPersistInfo &)
00062f04	__thunk_4_QueryInterface__23cSC3BuildingFireStationUiPPv	virtual function thunk (delta:-4) for cSC3BuildingFireStation::QueryInterface(unsigned int, void **)
00062f20	__thunk_4_AddRef__23cSC3BuildingFireStation	virtual function thunk (delta:-4) for cSC3BuildingFireStation::AddRef(void)
00062f3c	__thunk_4_Release__23cSC3BuildingFireStation	virtual function thunk (delta:-4) for cSC3BuildingFireStation::Release(void)
00062f58	__thunk_4_AsISC3Occupant__23cSC3BuildingFireStation	virtual function thunk (delta:-4) for cSC3BuildingFireStation::AsISC3Occupant(void)
00062f74	__thunk_4_GetMonthlyUpkeep__23cSC3BuildingFireStation	virtual function thunk (delta:-4) for cSC3BuildingFireStation::GetMonthlyUpkeep(void)
00062f90	__thunk_4_SetFundingPercentage__23cSC3BuildingFireStationUc	virtual function thunk (delta:-4) for cSC3BuildingFireStation::SetFundingPercentage(unsigned char)
00062fac	__thunk_16_QueryInterface__23cSC3BuildingFireStationUiPPv	virtual function thunk (delta:-16) for cSC3BuildingFireStation::QueryInterface(unsigned int, void **)
00062fc8	__thunk_16_AddRef__23cSC3BuildingFireStation	virtual function thunk (delta:-16) for cSC3BuildingFireStation::AddRef(void)
00062fe4	__thunk_16_Release__23cSC3BuildingFireStation	virtual function thunk (delta:-16) for cSC3BuildingFireStation::Release(void)
00063000	__thunk_8_DoMessage__12cSC3BuildingR10cGZMessage	virtual function thunk (delta:-8) for cSC3Building::DoMessage(cGZMessage &)
0006301c	__thunk_8_DoQueryInfo__12cSC3BuildingR10cGZMessageP11cIGZUnknown	virtual function thunk (delta:-8) for cSC3Building::DoQueryInfo(cGZMessage &, cIGZUnknown *)
00063038	__thunk_8_Init__12cSC3BuildingP19cISC3OccupantAttrib	virtual function thunk (delta:-8) for cSC3Building::Init(cISC3OccupantAttrib *)
00063054	__thunk_8_Init__12cSC3BuildingR14cGZResourceKey	virtual function thunk (delta:-8) for cSC3Building::Init(cGZResourceKey &)
00063070	__thunk_16_Init__23cSC3BuildingFireStationP9cISC3CityP19cISC3OccPersistInfo	virtual function thunk (delta:-16) for cSC3BuildingFireStation::Init(cISC3City *, cISC3OccPersistInfo *)
0006308c	__thunk_8_Shutdown__12cSC3Building	virtual function thunk (delta:-8) for cSC3Building::Shutdown(void)
000630a8	__thunk_16_Save__23cSC3BuildingFireStationP9cISC3CityR19cISC3OccPersistInfo	virtual function thunk (delta:-16) for cSC3BuildingFireStation::Save(cISC3City *, cISC3OccPersistInfo &)
000630c4	__thunk_8_GetGeomFlag__12cSC3Building	virtual function thunk (delta:-8) for cSC3Building::GetGeomFlag(void)
000630e0	__thunk_8_GetName__12cSC3BuildingR10cIGZString	virtual function thunk (delta:-8) for cSC3Building::GetName(cIGZString &)
000630fc	__thunk_8_GetAttribData__12cSC3Building	virtual function thunk (delta:-8) for cSC3Building::GetAttribData(void)
00063118	__thunk_8_TypeId__C12cSC3Building	virtual function thunk (delta:-8) for cSC3Building::TypeId(void) const
00063134	__thunk_8_GetSpriteAttrib__12cSC3BuildingUi	virtual function thunk (delta:-8) for cSC3Building::GetSpriteAttrib(unsigned int)
00063150	__thunk_8_GetSpriteAttrib__12cSC3Building	virtual function thunk (delta:-8) for cSC3Building::GetSpriteAttrib(void)
0006316c	__thunk_8_GetMemUse__C12cSC3Building	virtual function thunk (delta:-8) for cSC3Building::GetMemUse(void) const
00063188	__thunk_8_DebugInstanceTag__12cSC3BuildingR10cIGZString	virtual function thunk (delta:-8) for cSC3Building::DebugInstanceTag(cIGZString &)
000631a4	__thunk_8_DebugClassTag__12cSC3BuildingR10cIGZString	virtual function thunk (delta:-8) for cSC3Building::DebugClassTag(cIGZString &)
000631c0	__thunk_8_DebugTypeTag__12cSC3BuildingR10cIGZString	virtual function thunk (delta:-8) for cSC3Building::DebugTypeTag(cIGZString &)
000631dc	__thunk_16_DoQueryViews__23cSC3BuildingFireStationR10cGZMessageP13cISC3WinQuery	virtual function thunk (delta:-16) for cSC3BuildingFireStation::DoQueryViews(cGZMessage &, cISC3WinQuery *)
000631f8	__thunk_16_DoStandardQueryViewInfo__23cSC3BuildingFireStationR10cGZMessageP21cISC3WinQueryListView	virtual function thunk (delta:-16) for cSC3BuildingFireStation::DoStandardQueryViewInfo(cGZMessage &, cISC3WinQueryListView *)
00063214	__thunk_16_DoDebugQueryViewInfo__23cSC3BuildingFireStationR10cGZMessageP21cISC3WinQueryListView	virtual function thunk (delta:-16) for cSC3BuildingFireStation::DoDebugQueryViewInfo(cGZMessage &, cISC3WinQueryListView *)
00063230	__thunk_8_DoExitQueryWindow__12cSC3BuildingR10cGZMessageP13cISC3WinQuery	virtual function thunk (delta:-8) for cSC3Building::DoExitQueryWindow(cGZMessage &, cISC3WinQuery *)
0006324c	__thunk_16_SerialRead__23cSC3BuildingFireStationP9cISC3CityR18cIGZDBSerialRecord	virtual function thunk (delta:-16) for cSC3BuildingFireStation::SerialRead(cISC3City *, cIGZDBSerialRecord &)
00063268	__thunk_16_SerialWrite__23cSC3BuildingFireStationP9cISC3CityR18cIGZDBSerialRecord	virtual function thunk (delta:-16) for cSC3BuildingFireStation::SerialWrite(cISC3City *, cIGZDBSerialRecord &)
00063284	__thunk_16__._23cSC3BuildingFireStation	virtual function thunk (delta:-16) for cSC3BuildingFireStation::~cSC3BuildingFireStation(void)
000632a0	__thunk_12_QueryInterface__16cSC3BuildingJailUiPPv	virtual function thunk (delta:-12) for cSC3BuildingJail::QueryInterface(unsigned int, void **)
000632bc	__thunk_12_AddRef__16cSC3BuildingJail	virtual function thunk (delta:-12) for cSC3BuildingJail::AddRef(void)
000632d8	__thunk_12_Release__16cSC3BuildingJail	virtual function thunk (delta:-12) for cSC3BuildingJail::Release(void)
000632f4	__thunk_8_QueryInterface__16cSC3BuildingJailUiPPv	virtual function thunk (delta:-8) for cSC3BuildingJail::QueryInterface(unsigned int, void **)
00063310	__thunk_8_AddRef__16cSC3BuildingJail	virtual function thunk (delta:-8) for cSC3BuildingJail::AddRef(void)
0006332c	__thunk_8_Release__16cSC3BuildingJail	virtual function thunk (delta:-8) for cSC3BuildingJail::Release(void)
00063348	__thunk_8_AsISC3Occupant__16cSC3BuildingJail	virtual function thunk (delta:-8) for cSC3BuildingJail::AsISC3Occupant(void)
00063364	__thunk_8_Init__16cSC3BuildingJailP9cISC3CityP19cISC3OccPersistInfo	virtual function thunk (delta:-8) for cSC3BuildingJail::Init(cISC3City *, cISC3OccPersistInfo *)
00063380	__thunk_8_Save__16cSC3BuildingJailP9cISC3CityR19cISC3OccPersistInfo	virtual function thunk (delta:-8) for cSC3BuildingJail::Save(cISC3City *, cISC3OccPersistInfo &)
0006339c	__thunk_4_QueryInterface__16cSC3BuildingJailUiPPv	virtual function thunk (delta:-4) for cSC3BuildingJail::QueryInterface(unsigned int, void **)
000633b8	__thunk_4_AddRef__16cSC3BuildingJail	virtual function thunk (delta:-4) for cSC3BuildingJail::AddRef(void)
000633d4	__thunk_4_Release__16cSC3BuildingJail	virtual function thunk (delta:-4) for cSC3BuildingJail::Release(void)
000633f0	__thunk_4_AsISC3Occupant__16cSC3BuildingJail	virtual function thunk (delta:-4) for cSC3BuildingJail::AsISC3Occupant(void)
0006340c	__thunk_4_GetMonthlyUpkeep__16cSC3BuildingJail	virtual function thunk (delta:-4) for cSC3BuildingJail::GetMonthlyUpkeep(void)
00063428	__thunk_4_SetFundingPercentage__16cSC3BuildingJailUc	virtual function thunk (delta:-4) for cSC3BuildingJail::SetFundingPercentage(unsigned char)
00063444	__thunk_16_QueryInterface__16cSC3BuildingJailUiPPv	virtual function thunk (delta:-16) for cSC3BuildingJail::QueryInterface(unsigned int, void **)
00063460	__thunk_16_AddRef__16cSC3BuildingJail	virtual function thunk (delta:-16) for cSC3BuildingJail::AddRef(void)
0006347c	__thunk_16_Release__16cSC3BuildingJail	virtual function thunk (delta:-16) for cSC3BuildingJail::Release(void)
00063498	__thunk_16_Init__16cSC3BuildingJailP9cISC3CityP19cISC3OccPersistInfo	virtual function thunk (delta:-16) for cSC3BuildingJail::Init(cISC3City *, cISC3OccPersistInfo *)
000634b4	__thunk_16_Save__16cSC3BuildingJailP9cISC3CityR19cISC3OccPersistInfo	virtual function thunk (delta:-16) for cSC3BuildingJail::Save(cISC3City *, cISC3OccPersistInfo &)
000634d0	__thunk_8_DoQueryViews__12cSC3BuildingR10cGZMessageP13cISC3WinQuery	virtual function thunk (delta:-8) for cSC3Building::DoQueryViews(cGZMessage &, cISC3WinQuery *)
000634ec	__thunk_16_DoStandardQueryViewInfo__16cSC3BuildingJailR10cGZMessageP21cISC3WinQueryListView	virtual function thunk (delta:-16) for cSC3BuildingJail::DoStandardQueryViewInfo(cGZMessage &, cISC3WinQueryListView *)
00063508	__thunk_16_DoDebugQueryViewInfo__16cSC3BuildingJailR10cGZMessageP21cISC3WinQueryListView	virtual function thunk (delta:-16) for cSC3BuildingJail::DoDebugQueryViewInfo(cGZMessage &, cISC3WinQueryListView *)
00063524	__thunk_16_SerialRead__16cSC3BuildingJailP9cISC3CityR18cIGZDBSerialRecord	virtual function thunk (delta:-16) for cSC3BuildingJail::SerialRead(cISC3City *, cIGZDBSerialRecord &)
00063540	__thunk_16_SerialWrite__16cSC3BuildingJailP9cISC3CityR18cIGZDBSerialRecord	virtual function thunk (delta:-16) for cSC3BuildingJail::SerialWrite(cISC3City *, cIGZDBSerialRecord &)
0006355c	__thunk_16__._16cSC3BuildingJail	virtual function thunk (delta:-16) for cSC3BuildingJail::~cSC3BuildingJail(void)
00063578	__thunk_12_QueryInterface__25cSC3BuildingPoliceStationUiPPv	virtual function thunk (delta:-12) for cSC3BuildingPoliceStation::QueryInterface(unsigned int, void **)
00063594	__thunk_12_AddRef__25cSC3BuildingPoliceStation	virtual function thunk (delta:-12) for cSC3BuildingPoliceStation::AddRef(void)
000635b0	__thunk_12_Release__25cSC3BuildingPoliceStation	virtual function thunk (delta:-12) for cSC3BuildingPoliceStation::Release(void)
000635cc	__thunk_8_QueryInterface__25cSC3BuildingPoliceStationUiPPv	virtual function thunk (delta:-8) for cSC3BuildingPoliceStation::QueryInterface(unsigned int, void **)
000635e8	__thunk_8_AddRef__25cSC3BuildingPoliceStation	virtual function thunk (delta:-8) for cSC3BuildingPoliceStation::AddRef(void)
00063604	__thunk_8_Release__25cSC3BuildingPoliceStation	virtual function thunk (delta:-8) for cSC3BuildingPoliceStation::Release(void)
00063620	__thunk_8_AsISC3Occupant__25cSC3BuildingPoliceStation	virtual function thunk (delta:-8) for cSC3BuildingPoliceStation::AsISC3Occupant(void)
0006363c	__thunk_8_Init__25cSC3BuildingPoliceStationP9cISC3CityP19cISC3OccPersistInfo	virtual function thunk (delta:-8) for cSC3BuildingPoliceStation::Init(cISC3City *, cISC3OccPersistInfo *)
00063658	__thunk_8_Save__25cSC3BuildingPoliceStationP9cISC3CityR19cISC3OccPersistInfo	virtual function thunk (delta:-8) for cSC3BuildingPoliceStation::Save(cISC3City *, cISC3OccPersistInfo &)
00063674	__thunk_4_QueryInterface__25cSC3BuildingPoliceStationUiPPv	virtual function thunk (delta:-4) for cSC3BuildingPoliceStation::QueryInterface(unsigned int, void **)
00063690	__thunk_4_AddRef__25cSC3BuildingPoliceStation	virtual function thunk (delta:-4) for cSC3BuildingPoliceStation::AddRef(void)
000636ac	__thunk_4_Release__25cSC3BuildingPoliceStation	virtual function thunk (delta:-4) for cSC3BuildingPoliceStation::Release(void)
000636c8	__thunk_4_AsISC3Occupant__25cSC3BuildingPoliceStation	virtual function thunk (delta:-4) for cSC3BuildingPoliceStation::AsISC3Occupant(void)
000636e4	__thunk_4_GetMonthlyUpkeep__25cSC3BuildingPoliceStation	virtual function thunk (delta:-4) for cSC3BuildingPoliceStation::GetMonthlyUpkeep(void)
00063700	__thunk_4_SetFundingPercentage__25cSC3BuildingPoliceStationUc	virtual function thunk (delta:-4) for cSC3BuildingPoliceStation::SetFundingPercentage(unsigned char)
0006371c	__thunk_16_QueryInterface__25cSC3BuildingPoliceStationUiPPv	virtual function thunk (delta:-16) for cSC3BuildingPoliceStation::QueryInterface(unsigned int, void **)
00063738	__thunk_16_AddRef__25cSC3BuildingPoliceStation	virtual function thunk (delta:-16) for cSC3BuildingPoliceStation::AddRef(void)
00063754	__thunk_16_Release__25cSC3BuildingPoliceStation	virtual function thunk (delta:-16) for cSC3BuildingPoliceStation::Release(void)
00063770	__thunk_16_Init__25cSC3BuildingPoliceStationP9cISC3CityP19cISC3OccPersistInfo	virtual function thunk (delta:-16) for cSC3BuildingPoliceStation::Init(cISC3City *, cISC3OccPersistInfo *)
0006378c	__thunk_16_Save__25cSC3BuildingPoliceStationP9cISC3CityR19cISC3OccPersistInfo	virtual function thunk (delta:-16) for cSC3BuildingPoliceStation::Save(cISC3City *, cISC3OccPersistInfo &)
000637a8	__thunk_16_DoQueryViews__25cSC3BuildingPoliceStationR10cGZMessageP13cISC3WinQuery	virtual function thunk (delta:-16) for cSC3BuildingPoliceStation::DoQueryViews(cGZMessage &, cISC3WinQuery *)
000637c4	__thunk_16_DoStandardQueryViewInfo__25cSC3BuildingPoliceStationR10cGZMessageP21cISC3WinQueryListView	virtual function thunk (delta:-16) for cSC3BuildingPoliceStation::DoStandardQueryViewInfo(cGZMessage &, cISC3WinQueryListView *)
000637e0	__thunk_16_DoDebugQueryViewInfo__25cSC3BuildingPoliceStationR10cGZMessageP21cISC3WinQueryListView	virtual function thunk (delta:-16) for cSC3BuildingPoliceStation::DoDebugQueryViewInfo(cGZMessage &, cISC3WinQueryListView *)
000637fc	__thunk_16_SerialRead__25cSC3BuildingPoliceStationP9cISC3CityR18cIGZDBSerialRecord	virtual function thunk (delta:-16) for cSC3BuildingPoliceStation::SerialRead(cISC3City *, cIGZDBSerialRecord &)
00063818	__thunk_16_SerialWrite__25cSC3BuildingPoliceStationP9cISC3CityR18cIGZDBSerialRecord	virtual function thunk (delta:-16) for cSC3BuildingPoliceStation::SerialWrite(cISC3City *, cIGZDBSerialRecord &)
00063834	__thunk_16__._25cSC3BuildingPoliceStation	virtual function thunk (delta:-16) for cSC3BuildingPoliceStation::~cSC3BuildingPoliceStation(void)
00063854	insert__t6vector2ZUsZt9allocator1ZUsPUsUiRCUs	vector<unsigned short, allocator<unsigned short> >::insert(unsigned short *, unsigned int, unsigned short const &)
00063c74	insert__t6vector2ZUiZt9allocator1ZUiPUiUiRCUi	vector<unsigned int, allocator<unsigned int> >::insert(unsigned int *, unsigned int, unsigned int const &)
00064094	_M_erase__t8_Rb_tree5ZUiZt4pair2ZCUiZQ214cSC3CrimeLayer5_tmodZt10_Select1st1Zt4pair2ZCUiZQ214cSC3CrimeLayer5_tmodZt4less1ZUiZt9allocator1ZQ214cSC3CrimeLayer5_tmodPt13_Rb_tree_node1Zt4pair2ZCUiZQ214cSC3CrimeLayer5_tmod	_Rb_tree<unsigned int, pair<unsigned int const, cSC3CrimeLayer::_tmod>, _Select1st<pair<unsigned int const, cSC3CrimeLayer::_tmod> >, less<unsigned int>, allocator<cSC3CrimeLayer::_tmod> >::_M_erase(_Rb_tree_node<pair<unsigned int const, cSC3CrimeLayer::_tmod> > *)
00064114	erase__t8_Rb_tree5ZUiZt4pair2ZCUiZQ214cSC3CrimeLayer5_tmodZt10_Select1st1Zt4pair2ZCUiZQ214cSC3CrimeLayer5_tmodZt4less1ZUiZt9allocator1ZQ214cSC3CrimeLayer5_tmodGt17_Rb_tree_iterator3Zt4pair2ZCUiZQ214cSC3CrimeLayer5_tmodZRt4pair2ZCUiZQ214cSC3CrimeLayer5_tmodZPt4pair2ZCUiZQ214cSC3CrimeLayer5_tmodT1	_Rb_tree<unsigned int, pair<unsigned int const, cSC3CrimeLayer::_tmod>, _Select1st<pair<unsigned int const, cSC3CrimeLayer::_tmod> >, less<unsigned int>, allocator<cSC3CrimeLayer::_tmod> >::erase(_Rb_tree_iterator<pair<unsigned int const, cSC3CrimeLayer::_tmod>, pair<unsigned int const, cSC3CrimeLayer::_tmod> &, pair<unsigned int const, cSC3CrimeLayer::_tmod> *>, _Rb_tree_iterator<pair<unsigned int const, cSC3CrimeLayer::_tmod>, pair<unsigned int const, cSC3CrimeLayer::_tmod> &, pair<unsigned int const, cSC3CrimeLayer::_tmod> *>)
00064624	_M_insert__t8_Rb_tree5ZUiZt4pair2ZCUiZQ214cSC3CrimeLayer5_tmodZt10_Select1st1Zt4pair2ZCUiZQ214cSC3CrimeLayer5_tmodZt4less1ZUiZt9allocator1ZQ214cSC3CrimeLayer5_tmodP18_Rb_tree_node_baseT1RCt4pair2ZCUiZQ214cSC3CrimeLayer5_tmod	_Rb_tree<unsigned int, pair<unsigned int const, cSC3CrimeLayer::_tmod>, _Select1st<pair<unsigned int const, cSC3CrimeLayer::_tmod> >, less<unsigned int>, allocator<cSC3CrimeLayer::_tmod> >::_M_insert(_Rb_tree_node_base *, _Rb_tree_node_base *, pair<unsigned int const, cSC3CrimeLayer::_tmod> const &)
00064a04	insert_unique__t8_Rb_tree5ZUiZt4pair2ZCUiZQ214cSC3CrimeLayer5_tmodZt10_Select1st1Zt4pair2ZCUiZQ214cSC3CrimeLayer5_tmodZt4less1ZUiZt9allocator1ZQ214cSC3CrimeLayer5_tmodRCt4pair2ZCUiZQ214cSC3CrimeLayer5_tmod	_Rb_tree<unsigned int, pair<unsigned int const, cSC3CrimeLayer::_tmod>, _Select1st<pair<unsigned int const, cSC3CrimeLayer::_tmod> >, less<unsigned int>, allocator<cSC3CrimeLayer::_tmod> >::insert_unique(pair<unsigned int const, cSC3CrimeLayer::_tmod> const &)
00064af4	insert_unique__t8_Rb_tree5ZUiZt4pair2ZCUiZQ214cSC3CrimeLayer5_tmodZt10_Select1st1Zt4pair2ZCUiZQ214cSC3CrimeLayer5_tmodZt4less1ZUiZt9allocator1ZQ214cSC3CrimeLayer5_tmodGt17_Rb_tree_iterator3Zt4pair2ZCUiZQ214cSC3CrimeLayer5_tmodZRt4pair2ZCUiZQ214cSC3CrimeLayer5_tmodZPt4pair2ZCUiZQ214cSC3CrimeLayer5_tmodRCt4pair2ZCUiZQ214cSC3CrimeLayer5_tmod	_Rb_tree<unsigned int, pair<unsigned int const, cSC3CrimeLayer::_tmod>, _Select1st<pair<unsigned int const, cSC3CrimeLayer::_tmod> >, less<unsigned int>, allocator<cSC3CrimeLayer::_tmod> >::insert_unique(_Rb_tree_iterator<pair<unsigned int const, cSC3CrimeLayer::_tmod>, pair<unsigned int const, cSC3CrimeLayer::_tmod> &, pair<unsigned int const, cSC3CrimeLayer::_tmod> *>, pair<unsigned int const, cSC3CrimeLayer::_tmod> const &)
00064c70	find__t8_Rb_tree5ZUiZt4pair2ZCUiZQ214cSC3CrimeLayer5_tmodZt10_Select1st1Zt4pair2ZCUiZQ214cSC3CrimeLayer5_tmodZt4less1ZUiZt9allocator1ZQ214cSC3CrimeLayer5_tmodRCUi	_Rb_tree<unsigned int, pair<unsigned int const, cSC3CrimeLayer::_tmod>, _Select1st<pair<unsigned int const, cSC3CrimeLayer::_tmod> >, less<unsigned int>, allocator<cSC3CrimeLayer::_tmod> >::find(unsigned int const &)
00064cd4	erase__t8_Rb_tree5ZUiZt4pair2ZCUiZQ214cSC3CrimeLayer5_tmodZt10_Select1st1Zt4pair2ZCUiZQ214cSC3CrimeLayer5_tmodZt4less1ZUiZt9allocator1ZQ214cSC3CrimeLayer5_tmodRCUi	_Rb_tree<unsigned int, pair<unsigned int const, cSC3CrimeLayer::_tmod>, _Select1st<pair<unsigned int const, cSC3CrimeLayer::_tmod> >, less<unsigned int>, allocator<cSC3CrimeLayer::_tmod> >::erase(unsigned int const &)
00064df0	__thunk_40_QueryInterface__14cSC3CrimeLayerUiPPv	virtual function thunk (delta:-40) for cSC3CrimeLayer::QueryInterface(unsigned int, void **)
00064e0c	__thunk_40_AddRef__14cSC3CrimeLayer	virtual function thunk (delta:-40) for cSC3CrimeLayer::AddRef(void)
00064e28	__thunk_40_Release__14cSC3CrimeLayer	virtual function thunk (delta:-40) for cSC3CrimeLayer::Release(void)
00064e44	__thunk_40_OccupantInserted__14cSC3CrimeLayerUiP13cISC3Occupant	virtual function thunk (delta:-40) for cSC3CrimeLayer::OccupantInserted(unsigned int, cISC3Occupant *)
00064e60	__thunk_40_OccupantRemoved__14cSC3CrimeLayerUiP13cISC3Occupant	virtual function thunk (delta:-40) for cSC3CrimeLayer::OccupantRemoved(unsigned int, cISC3Occupant *)
00064e7c	__thunk_40_OccupantMoved__14cSC3CrimeLayerUiP13cISC3OccupantRC13cSC3CityCoord	virtual function thunk (delta:-40) for cSC3CrimeLayer::OccupantMoved(unsigned int, cISC3Occupant *, cSC3CityCoord const &)
00064e98	__thunk_40_OccupantChanged__14cSC3CrimeLayerUiP13cISC3OccupantiPv	virtual function thunk (delta:-40) for cSC3CrimeLayer::OccupantChanged(unsigned int, cISC3Occupant *, int, void *)
00064eb4	__thunk_40_CellChangedAll__14cSC3CrimeLayerUi	virtual function thunk (delta:-40) for cSC3CrimeLayer::CellChangedAll(unsigned int)
00064ed0	__thunk_40_CellChanged__14cSC3CrimeLayerUiUiUi	virtual function thunk (delta:-40) for cSC3CrimeLayer::CellChanged(unsigned int, unsigned int, unsigned int)
00064eec	__thunk_40_CellChanged__14cSC3CrimeLayerUiUiUiUiUi	virtual function thunk (delta:-40) for cSC3CrimeLayer::CellChanged(unsigned int, unsigned int, unsigned int, unsigned int, unsigned int)
00064f08	__thunk_44_QueryInterface__14cSC3CrimeLayerUiPPv	virtual function thunk (delta:-44) for cSC3CrimeLayer::QueryInterface(unsigned int, void **)
00064f24	__thunk_44_AddRef__14cSC3CrimeLayer	virtual function thunk (delta:-44) for cSC3CrimeLayer::AddRef(void)
00064f40	__thunk_44_Release__14cSC3CrimeLayer	virtual function thunk (delta:-44) for cSC3CrimeLayer::Release(void)
00064f5c	__thunk_44_GetInfoStringCount__14cSC3CrimeLayerUi	virtual function thunk (delta:-44) for cSC3CrimeLayer::GetInfoStringCount(unsigned int)
00064f78	__thunk_44_GetInfoStrings__14cSC3CrimeLayerUiUiUiUiRUiR10cIGZStringT6	virtual function thunk (delta:-44) for cSC3CrimeLayer::GetInfoStrings(unsigned int, unsigned int, unsigned int, unsigned int, unsigned int &, cIGZString &, cIGZString &)
00064f94	__thunk_36_QueryInterface__14cSC3CrimeLayerUiPPv	virtual function thunk (delta:-36) for cSC3CrimeLayer::QueryInterface(unsigned int, void **)
00064fb0	__thunk_36_AddRef__14cSC3CrimeLayer	virtual function thunk (delta:-36) for cSC3CrimeLayer::AddRef(void)
00064fcc	__thunk_36_Release__14cSC3CrimeLayer	virtual function thunk (delta:-36) for cSC3CrimeLayer::Release(void)
00064fe8	__thunk_36_Simulate__14cSC3CrimeLayeri	virtual function thunk (delta:-36) for cSC3CrimeLayer::Simulate(int)
00065004	__thunk_36_MinimumExecutionInterval__14cSC3CrimeLayer	virtual function thunk (delta:-36) for cSC3CrimeLayer::MinimumExecutionInterval(void)
00065020	__thunk_36_IsAgentLocking__14cSC3CrimeLayer	virtual function thunk (delta:-36) for cSC3CrimeLayer::IsAgentLocking(void)
0006503c	__thunk_36_TypeId__C14cSC3CrimeLayer	virtual function thunk (delta:-36) for cSC3CrimeLayer::TypeId(void) const
00065058	__thunk_36_AgentType__14cSC3CrimeLayer	virtual function thunk (delta:-36) for cSC3CrimeLayer::AgentType(void)
00065074	__thunk_36_SetAgentType__14cSC3CrimeLayerP18cISC3CityAgentType	virtual function thunk (delta:-36) for cSC3CrimeLayer::SetAgentType(cISC3CityAgentType *)
00065090	__thunk_36_DebugInstanceTag__14cSC3CrimeLayerR10cIGZString	virtual function thunk (delta:-36) for cSC3CrimeLayer::DebugInstanceTag(cIGZString &)
000650ac	__thunk_36_DebugClassTag__14cSC3CrimeLayerR10cIGZString	virtual function thunk (delta:-36) for cSC3CrimeLayer::DebugClassTag(cIGZString &)
000650c8	__thunk_36_DebugTypeTag__14cSC3CrimeLayerR10cIGZString	virtual function thunk (delta:-36) for cSC3CrimeLayer::DebugTypeTag(cIGZString &)
000650e4	__thunk_48_QueryInterface__14cSC3CrimeLayerUiPPv	virtual function thunk (delta:-48) for cSC3CrimeLayer::QueryInterface(unsigned int, void **)
00065100	__thunk_48_AddRef__14cSC3CrimeLayer	virtual function thunk (delta:-48) for cSC3CrimeLayer::AddRef(void)
0006511c	__thunk_48_Release__14cSC3CrimeLayer	virtual function thunk (delta:-48) for cSC3CrimeLayer::Release(void)
00065138	__thunk_48_CreateMapSprite__14cSC3CrimeLayerUiUiPPv	virtual function thunk (delta:-48) for cSC3CrimeLayer::CreateMapSprite(unsigned int, unsigned int, void **)
00065154	__thunk_48_GetMapSpriteCount__14cSC3CrimeLayer	virtual function thunk (delta:-48) for cSC3CrimeLayer::GetMapSpriteCount(void)
00065170	__thunk_48_GetSpriteIdFromIndex__14cSC3CrimeLayerUiRUi	virtual function thunk (delta:-48) for cSC3CrimeLayer::GetSpriteIdFromIndex(unsigned int, unsigned int &)
0006518c	__thunk_28_QueryInterface__14cSC3CrimeLayerUiPPv	virtual function thunk (delta:-28) for cSC3CrimeLayer::QueryInterface(unsigned int, void **)
000651a8	__thunk_28_AddRef__14cSC3CrimeLayer	virtual function thunk (delta:-28) for cSC3CrimeLayer::AddRef(void)
000651c4	__thunk_28_Release__14cSC3CrimeLayer	virtual function thunk (delta:-28) for cSC3CrimeLayer::Release(void)
000651e0	__thunk_28_CellCountX__C14cSC3CrimeLayer	virtual function thunk (delta:-28) for cSC3CrimeLayer::CellCountX(void) const
000651fc	__thunk_28_CellCountZ__C14cSC3CrimeLayer	virtual function thunk (delta:-28) for cSC3CrimeLayer::CellCountZ(void) const
00065218	__thunk_28_GetValueSint32__C14cSC3CrimeLayerUiUiRi	virtual function thunk (delta:-28) for cSC3CrimeLayer::GetValueSint32(unsigned int, unsigned int, int &) const
00065234	__thunk_28_InBounds__C14cSC3CrimeLayerUiUi	virtual function thunk (delta:-28) for cSC3CrimeLayer::InBounds(unsigned int, unsigned int) const
00065250	__thunk_28_InBounds__C14cSC3CrimeLayerUiUiUiUi	virtual function thunk (delta:-28) for cSC3CrimeLayer::InBounds(unsigned int, unsigned int, unsigned int, unsigned int) const
0006526c	__thunk_28_ValidRect__C14cSC3CrimeLayerUiUiUiUi	virtual function thunk (delta:-28) for cSC3CrimeLayer::ValidRect(unsigned int, unsigned int, unsigned int, unsigned int) const
00065288	__thunk_28_SerialRead__14cSC3CrimeLayerR18cIGZDBSerialRecord	virtual function thunk (delta:-28) for cSC3CrimeLayer::SerialRead(cIGZDBSerialRecord &)
000652a4	__thunk_28_SerialWrite__C14cSC3CrimeLayerR18cIGZDBSerialRecord	virtual function thunk (delta:-28) for cSC3CrimeLayer::SerialWrite(cIGZDBSerialRecord &) const
000652c0	__thunk_28_Init__14cSC3CrimeLayerP9cISC3CityRCUc	virtual function thunk (delta:-28) for cSC3CrimeLayer::Init(cISC3City *, unsigned char const &)
000652dc	__thunk_28_Shutdown__14cSC3CrimeLayer	virtual function thunk (delta:-28) for cSC3CrimeLayer::Shutdown(void)
000652f8	__thunk_28_GetValue__C14cSC3CrimeLayerUiUiRUc	virtual function thunk (delta:-28) for cSC3CrimeLayer::GetValue(unsigned int, unsigned int, unsigned char &) const
00065314	__thunk_28_SetValue__14cSC3CrimeLayerUiUiRCUc	virtual function thunk (delta:-28) for cSC3CrimeLayer::SetValue(unsigned int, unsigned int, unsigned char const &)
00065330	__thunk_28_SetAllCells__14cSC3CrimeLayerRCUc	virtual function thunk (delta:-28) for cSC3CrimeLayer::SetAllCells(unsigned char const &)
0006534c	__thunk_28_SetValue__14cSC3CrimeLayerUiUiUiUiRCUc	virtual function thunk (delta:-28) for cSC3CrimeLayer::SetValue(unsigned int, unsigned int, unsigned int, unsigned int, unsigned char const &)
00065368	__thunk_28_GetAverageValue__14cSC3CrimeLayer	virtual function thunk (delta:-28) for cSC3CrimeLayer::GetAverageValue(void)
00065384	__thunk_32_QueryInterface__14cSC3CrimeLayerUiPPv	virtual function thunk (delta:-32) for cSC3CrimeLayer::QueryInterface(unsigned int, void **)
000653a0	__thunk_32_AddRef__14cSC3CrimeLayer	virtual function thunk (delta:-32) for cSC3CrimeLayer::AddRef(void)
000653bc	__thunk_32_Release__14cSC3CrimeLayer	virtual function thunk (delta:-32) for cSC3CrimeLayer::Release(void)
000653d8	__thunk_32_DoMessage__14cSC3CrimeLayerR10cGZMessage	virtual function thunk (delta:-32) for cSC3CrimeLayer::DoMessage(cGZMessage &)
000653f4	__thunk_32_DoQueryInfo__14cSC3CrimeLayerR10cGZMessageP11cIGZUnknown	virtual function thunk (delta:-32) for cSC3CrimeLayer::DoQueryInfo(cGZMessage &, cIGZUnknown *)
00065410	__thunk_32_StaticInit__14cSC3CrimeLayerP19cISC3CityDefinition	virtual function thunk (delta:-32) for cSC3CrimeLayer::StaticInit(cISC3CityDefinition *)
0006542c	__thunk_32_StaticShutdown__14cSC3CrimeLayer	virtual function thunk (delta:-32) for cSC3CrimeLayer::StaticShutdown(void)
00065448	__thunk_32_Init__14cSC3CrimeLayerP9cISC3City	virtual function thunk (delta:-32) for cSC3CrimeLayer::Init(cISC3City *)
00065464	__thunk_32_Init__14cSC3CrimeLayerP9cISC3CityP13cISC2Importer	virtual function thunk (delta:-32) for cSC3CrimeLayer::Init(cISC3City *, cISC2Importer *)
00065480	__thunk_32_Init__14cSC3CrimeLayerP9cISC3CityP13cIGZDBSegment	virtual function thunk (delta:-32) for cSC3CrimeLayer::Init(cISC3City *, cIGZDBSegment *)
0006549c	__thunk_32_Save__14cSC3CrimeLayerP9cISC3CityP13cIGZDBSegment	virtual function thunk (delta:-32) for cSC3CrimeLayer::Save(cISC3City *, cIGZDBSegment *)
000654b8	__thunk_32_SimulationBegin__14cSC3CrimeLayer	virtual function thunk (delta:-32) for cSC3CrimeLayer::SimulationBegin(void)
000654d4	__thunk_32_SimulationEnd__14cSC3CrimeLayer	virtual function thunk (delta:-32) for cSC3CrimeLayer::SimulationEnd(void)
000654f0	__thunk_32_Shutdown__14cSC3CrimeLayer	virtual function thunk (delta:-32) for cSC3CrimeLayer::Shutdown(void)
0006550c	__thunk_32_GetManipulator__14cSC3CrimeLayerRC18cISC3CityAgentTypePP25cISC3CityLayerManipulatorRi	virtual function thunk (delta:-32) for cSC3CrimeLayer::GetManipulator(cISC3CityAgentType const &, cISC3CityLayerManipulator **, int &)
00065528	__thunk_32_GetLayerType__14cSC3CrimeLayer	virtual function thunk (delta:-32) for cSC3CrimeLayer::GetLayerType(void)
00065544	__thunk_32_DebugClassTag__14cSC3CrimeLayerR10cIGZString	virtual function thunk (delta:-32) for cSC3CrimeLayer::DebugClassTag(cIGZString &)
00065560	__thunk_32_DebugTypeTag__14cSC3CrimeLayerR10cIGZString	virtual function thunk (delta:-32) for cSC3CrimeLayer::DebugTypeTag(cIGZString &)
00065584	_._14RandomIterator	RandomIterator::~RandomIterator(void)
0006561c	__27cRandomIteratorSerializable	cRandomIteratorSerializable::cRandomIteratorSerializable(void)
000656a8	_._t3map4ZUiZQ214cSC3CrimeLayer5_tmodZt4less1ZUiZt9allocator1ZQ214cSC3CrimeLayer5_tmod	map<unsigned int, cSC3CrimeLayer::_tmod, less<unsigned int>, allocator<cSC3CrimeLayer::_tmod> >::~map(void)
00065750	_._t20cSC3CityCellMapSized1ZUc	cSC3CityCellMapSized<unsigned char>::~cSC3CityCellMapSized(void)
00065788	_._t20cSC3CityCellMapSized1Zs	cSC3CityCellMapSized<short>::~cSC3CityCellMapSized(void)
000657c0	Shutdown__t20cSC3CityCellMapSized1ZUc	cSC3CityCellMapSized<unsigned char>::Shutdown(void)
0006580c	__t20cSC3CityCellMapSized1ZUci	cSC3CityCellMapSized<unsigned char>::cSC3CityCellMapSized(int)
00065870	__t20cSC3CityCellMapSized1Zsi	cSC3CityCellMapSized<short>::cSC3CityCellMapSized(int)
000658d4	_S_oom_malloc__t23__malloc_alloc_template1i0Ui	__malloc_alloc_template<0>::_S_oom_malloc(unsigned int)
00065954	_S_refill__t24__default_alloc_template2b1i0Ui	__default_alloc_template<true, 0>::_S_refill(unsigned int)
000659e0	lower_bound__t8_Rb_tree5ZUiZt4pair2ZCUiZQ214cSC3CrimeLayer5_tmodZt10_Select1st1Zt4pair2ZCUiZQ214cSC3CrimeLayer5_tmodZt4less1ZUiZt9allocator1ZQ214cSC3CrimeLayer5_tmodRCUi	_Rb_tree<unsigned int, pair<unsigned int const, cSC3CrimeLayer::_tmod>, _Select1st<pair<unsigned int const, cSC3CrimeLayer::_tmod> >, less<unsigned int>, allocator<cSC3CrimeLayer::_tmod> >::lower_bound(unsigned int const &)
00065a1c	Shutdown__t20cSC3CityCellMapSized1Zs	cSC3CityCellMapSized<short>::Shutdown(void)
00065a74	Init__t20cSC3CityCellMapSized1ZsP9cISC3CityRCs	cSC3CityCellMapSized<short>::Init(cISC3City *, short const &)
00065be4	SerialRead__t20cSC3CityCellMapSized1ZsR18cIGZDBSerialRecord	cSC3CityCellMapSized<short>::SerialRead(cIGZDBSerialRecord &)
00065c44	SerialWrite__Ct20cSC3CityCellMapSized1ZsR18cIGZDBSerialRecord	cSC3CityCellMapSized<short>::SerialWrite(cIGZDBSerialRecord &) const
00065cb4	SetAllCells__t20cSC3CityCellMapSized1ZsRCs	cSC3CityCellMapSized<short>::SetAllCells(short const &)
00065d0c	GetValue__Ct20cSC3CityCellMapSized1ZsUiUiRs	cSC3CityCellMapSized<short>::GetValue(unsigned int, unsigned int, short &) const
00065d3c	SetValue__t20cSC3CityCellMapSized1ZsUiUiRCs	cSC3CityCellMapSized<short>::SetValue(unsigned int, unsigned int, short const &)
00065d74	QueryInterface__t20cSC3CityCellMapSized1ZUcUiPPv	cSC3CityCellMapSized<unsigned char>::QueryInterface(unsigned int, void **)
00065df4	QueryInterface__t20cSC3CityCellMapSized1ZsUiPPv	cSC3CityCellMapSized<short>::QueryInterface(unsigned int, void **)
00065e74	Init__t20cSC3CityCellMapSized1ZUcP9cISC3CityRCUc	cSC3CityCellMapSized<unsigned char>::Init(cISC3City *, unsigned char const &)
00065fdc	CellCountX__Ct20cSC3CityCellMapSized1ZUc	cSC3CityCellMapSized<unsigned char>::CellCountX(void) const
00065fec	CellCountZ__Ct20cSC3CityCellMapSized1ZUc	cSC3CityCellMapSized<unsigned char>::CellCountZ(void) const
00065ffc	GetValue__Ct20cSC3CityCellMapSized1ZUcUiUiRUc	cSC3CityCellMapSized<unsigned char>::GetValue(unsigned int, unsigned int, unsigned char &) const
0006602c	SetValue__t20cSC3CityCellMapSized1ZUcUiUiRCUc	cSC3CityCellMapSized<unsigned char>::SetValue(unsigned int, unsigned int, unsigned char const &)
00066060	SetValue__t20cSC3CityCellMapSized1ZUcUiUiUiUiRCUc	cSC3CityCellMapSized<unsigned char>::SetValue(unsigned int, unsigned int, unsigned int, unsigned int, unsigned char const &)
000660d4	SetAllCells__t20cSC3CityCellMapSized1ZUcRCUc	cSC3CityCellMapSized<unsigned char>::SetAllCells(unsigned char const &)
00066130	InBounds__Ct20cSC3CityCellMapSized1ZUcUiUi	cSC3CityCellMapSized<unsigned char>::InBounds(unsigned int, unsigned int) const
00066184	InBounds__Ct20cSC3CityCellMapSized1ZUcUiUiUiUi	cSC3CityCellMapSized<unsigned char>::InBounds(unsigned int, unsigned int, unsigned int, unsigned int) const
000661e0	ValidRect__Ct20cSC3CityCellMapSized1ZUcUiUiUiUi	cSC3CityCellMapSized<unsigned char>::ValidRect(unsigned int, unsigned int, unsigned int, unsigned int) const
00066204	SerialRead__t20cSC3CityCellMapSized1ZUcR18cIGZDBSerialRecord	cSC3CityCellMapSized<unsigned char>::SerialRead(cIGZDBSerialRecord &)
00066264	SerialWrite__Ct20cSC3CityCellMapSized1ZUcR18cIGZDBSerialRecord	cSC3CityCellMapSized<unsigned char>::SerialWrite(cIGZDBSerialRecord &) const
000662c4	AddRef__t20cSC3CityCellMapSized1ZUc	cSC3CityCellMapSized<unsigned char>::AddRef(void)
00066300	AddRef__t20cSC3CityCellMapSized1Zs	cSC3CityCellMapSized<short>::AddRef(void)
00066344	_._t10cRZCellMap1Zs	cRZCellMap<short>::~cRZCellMap(void)
000663bc	Release__t20cSC3CityCellMapSized1ZUc	cSC3CityCellMapSized<unsigned char>::Release(void)
0006641c	Release__t20cSC3CityCellMapSized1Zs	cSC3CityCellMapSized<short>::Release(void)
00066478	CellCountX__Ct20cSC3CityCellMapSized1Zs	cSC3CityCellMapSized<short>::CellCountX(void) const
00066488	CellCountZ__Ct20cSC3CityCellMapSized1Zs	cSC3CityCellMapSized<short>::CellCountZ(void) const
00066498	GetValueSint32__Ct20cSC3CityCellMapSized1ZsUiUiRi	cSC3CityCellMapSized<short>::GetValueSint32(unsigned int, unsigned int, int &) const
000664cc	InBounds__Ct20cSC3CityCellMapSized1ZsUiUi	cSC3CityCellMapSized<short>::InBounds(unsigned int, unsigned int) const
00066520	InBounds__Ct20cSC3CityCellMapSized1ZsUiUiUiUi	cSC3CityCellMapSized<short>::InBounds(unsigned int, unsigned int, unsigned int, unsigned int) const
0006657c	ValidRect__Ct20cSC3CityCellMapSized1ZsUiUiUiUi	cSC3CityCellMapSized<short>::ValidRect(unsigned int, unsigned int, unsigned int, unsigned int) const
000665a0	SetValue__t20cSC3CityCellMapSized1ZsUiUiUiUiRCs	cSC3CityCellMapSized<short>::SetValue(unsigned int, unsigned int, unsigned int, unsigned int, short const &)
0006660c	GetValueSint32__Ct20cSC3CityCellMapSized1ZUcUiUiRi	cSC3CityCellMapSized<unsigned char>::GetValueSint32(unsigned int, unsigned int, int &) const
00066644	_._t10cRZCellMap1ZUc	cRZCellMap<unsigned char>::~cRZCellMap(void)
000666c4	clear__t10_List_base2ZP24cISC3BuildingFireStationZt9allocator1ZP24cISC3BuildingFireStation	_List_base<cISC3BuildingFireStation *, allocator<cISC3BuildingFireStation *> >::clear(void)
00066744	clear__t10_List_base2ZP19cISC3BuildingBudgetZt9allocator1ZP19cISC3BuildingBudget	_List_base<cISC3BuildingBudget *, allocator<cISC3BuildingBudget *> >::clear(void)
000667c4	clear__t10_List_base2ZQ213cSC3FireLayer17tDispatchInstanceZt9allocator1ZQ213cSC3FireLayer17tDispatchInstance	_List_base<cSC3FireLayer::tDispatchInstance, allocator<cSC3FireLayer::tDispatchInstance> >::clear(void)
00066844	erase__t4list2ZP24cISC3BuildingFireStationZt9allocator1ZP24cISC3BuildingFireStationGt14_List_iterator3ZP24cISC3BuildingFireStationZRP24cISC3BuildingFireStationZPP24cISC3BuildingFireStationT1	list<cISC3BuildingFireStation *, allocator<cISC3BuildingFireStation *> >::erase(_List_iterator<cISC3BuildingFireStation *, cISC3BuildingFireStation *&, cISC3BuildingFireStation **>, _List_iterator<cISC3BuildingFireStation *, cISC3BuildingFireStation *&, cISC3BuildingFireStation **>)
000668f4	erase__t4list2ZP19cISC3BuildingBudgetZt9allocator1ZP19cISC3BuildingBudgetGt14_List_iterator3ZP19cISC3BuildingBudgetZRP19cISC3BuildingBudgetZPP19cISC3BuildingBudgetT1	list<cISC3BuildingBudget *, allocator<cISC3BuildingBudget *> >::erase(_List_iterator<cISC3BuildingBudget *, cISC3BuildingBudget *&, cISC3BuildingBudget **>, _List_iterator<cISC3BuildingBudget *, cISC3BuildingBudget *&, cISC3BuildingBudget **>)
00066994	__thunk_4__._24cSC3DailyFireManipulator	virtual function thunk (delta:-4) for cSC3DailyFireManipulator::~cSC3DailyFireManipulator(void)
000669b0	__thunk_4_Release__24cSC3DailyFireManipulator	virtual function thunk (delta:-4) for cSC3DailyFireManipulator::Release(void)
000669cc	__thunk_4_AddRef__24cSC3DailyFireManipulator	virtual function thunk (delta:-4) for cSC3DailyFireManipulator::AddRef(void)
000669e8	__thunk_44_QueryInterface__13cSC3FireLayerUiPPv	virtual function thunk (delta:-44) for cSC3FireLayer::QueryInterface(unsigned int, void **)
00066a04	__thunk_44_AddRef__13cSC3FireLayer	virtual function thunk (delta:-44) for cSC3FireLayer::AddRef(void)
00066a20	__thunk_44_Release__13cSC3FireLayer	virtual function thunk (delta:-44) for cSC3FireLayer::Release(void)
00066a3c	__thunk_44_CreateMapSprite__13cSC3FireLayerUiUiPPv	virtual function thunk (delta:-44) for cSC3FireLayer::CreateMapSprite(unsigned int, unsigned int, void **)
00066a58	__thunk_44_GetMapSpriteCount__13cSC3FireLayer	virtual function thunk (delta:-44) for cSC3FireLayer::GetMapSpriteCount(void)
00066a74	__thunk_44_GetSpriteIdFromIndex__13cSC3FireLayerUiRUi	virtual function thunk (delta:-44) for cSC3FireLayer::GetSpriteIdFromIndex(unsigned int, unsigned int &)
00066a90	__thunk_40_QueryInterface__13cSC3FireLayerUiPPv	virtual function thunk (delta:-40) for cSC3FireLayer::QueryInterface(unsigned int, void **)
00066aac	__thunk_40_AddRef__13cSC3FireLayer	virtual function thunk (delta:-40) for cSC3FireLayer::AddRef(void)
00066ac8	__thunk_40_Release__13cSC3FireLayer	virtual function thunk (delta:-40) for cSC3FireLayer::Release(void)
00066ae4	__thunk_40_GetInfoStringCount__13cSC3FireLayerUi	virtual function thunk (delta:-40) for cSC3FireLayer::GetInfoStringCount(unsigned int)
00066b00	__thunk_40_GetInfoStrings__13cSC3FireLayerUiUiUiUiRUiR10cIGZStringT6	virtual function thunk (delta:-40) for cSC3FireLayer::GetInfoStrings(unsigned int, unsigned int, unsigned int, unsigned int, unsigned int &, cIGZString &, cIGZString &)
00066b1c	__thunk_36_QueryInterface__13cSC3FireLayerUiPPv	virtual function thunk (delta:-36) for cSC3FireLayer::QueryInterface(unsigned int, void **)
00066b38	__thunk_36_AddRef__13cSC3FireLayer	virtual function thunk (delta:-36) for cSC3FireLayer::AddRef(void)
00066b54	__thunk_36_Release__13cSC3FireLayer	virtual function thunk (delta:-36) for cSC3FireLayer::Release(void)
00066b70	__thunk_36_OccupantInserted__13cSC3FireLayerUiP13cISC3Occupant	virtual function thunk (delta:-36) for cSC3FireLayer::OccupantInserted(unsigned int, cISC3Occupant *)
00066b8c	__thunk_36_OccupantRemoved__13cSC3FireLayerUiP13cISC3Occupant	virtual function thunk (delta:-36) for cSC3FireLayer::OccupantRemoved(unsigned int, cISC3Occupant *)
00066ba8	__thunk_36_OccupantMoved__13cSC3FireLayerUiP13cISC3OccupantRC13cSC3CityCoord	virtual function thunk (delta:-36) for cSC3FireLayer::OccupantMoved(unsigned int, cISC3Occupant *, cSC3CityCoord const &)
00066bc4	__thunk_36_OccupantChanged__13cSC3FireLayerUiP13cISC3OccupantiPv	virtual function thunk (delta:-36) for cSC3FireLayer::OccupantChanged(unsigned int, cISC3Occupant *, int, void *)
00066be0	__thunk_36_CellChangedAll__13cSC3FireLayerUi	virtual function thunk (delta:-36) for cSC3FireLayer::CellChangedAll(unsigned int)
00066bfc	__thunk_36_CellChanged__13cSC3FireLayerUiUiUi	virtual function thunk (delta:-36) for cSC3FireLayer::CellChanged(unsigned int, unsigned int, unsigned int)
00066c18	__thunk_36_CellChanged__13cSC3FireLayerUiUiUiUiUi	virtual function thunk (delta:-36) for cSC3FireLayer::CellChanged(unsigned int, unsigned int, unsigned int, unsigned int, unsigned int)
00066c34	__thunk_28_QueryInterface__13cSC3FireLayerUiPPv	virtual function thunk (delta:-28) for cSC3FireLayer::QueryInterface(unsigned int, void **)
00066c50	__thunk_28_AddRef__13cSC3FireLayer	virtual function thunk (delta:-28) for cSC3FireLayer::AddRef(void)
00066c6c	__thunk_28_Release__13cSC3FireLayer	virtual function thunk (delta:-28) for cSC3FireLayer::Release(void)
00066c88	__thunk_28_CellCountX__C13cSC3FireLayer	virtual function thunk (delta:-28) for cSC3FireLayer::CellCountX(void) const
00066ca4	__thunk_28_CellCountZ__C13cSC3FireLayer	virtual function thunk (delta:-28) for cSC3FireLayer::CellCountZ(void) const
00066cc0	__thunk_28_GetValueSint32__C13cSC3FireLayerUiUiRi	virtual function thunk (delta:-28) for cSC3FireLayer::GetValueSint32(unsigned int, unsigned int, int &) const
00066cdc	__thunk_28_InBounds__C13cSC3FireLayerUiUi	virtual function thunk (delta:-28) for cSC3FireLayer::InBounds(unsigned int, unsigned int) const
00066cf8	__thunk_28_InBounds__C13cSC3FireLayerUiUiUiUi	virtual function thunk (delta:-28) for cSC3FireLayer::InBounds(unsigned int, unsigned int, unsigned int, unsigned int) const
00066d14	__thunk_28_ValidRect__C13cSC3FireLayerUiUiUiUi	virtual function thunk (delta:-28) for cSC3FireLayer::ValidRect(unsigned int, unsigned int, unsigned int, unsigned int) const
00066d30	__thunk_28_SerialRead__13cSC3FireLayerR18cIGZDBSerialRecord	virtual function thunk (delta:-28) for cSC3FireLayer::SerialRead(cIGZDBSerialRecord &)
00066d4c	__thunk_28_SerialWrite__C13cSC3FireLayerR18cIGZDBSerialRecord	virtual function thunk (delta:-28) for cSC3FireLayer::SerialWrite(cIGZDBSerialRecord &) const
00066d68	__thunk_28_Init__13cSC3FireLayerP9cISC3CityRCUc	virtual function thunk (delta:-28) for cSC3FireLayer::Init(cISC3City *, unsigned char const &)
00066d84	__thunk_28_Shutdown__13cSC3FireLayer	virtual function thunk (delta:-28) for cSC3FireLayer::Shutdown(void)
00066da0	__thunk_28_GetValue__C13cSC3FireLayerUiUiRUc	virtual function thunk (delta:-28) for cSC3FireLayer::GetValue(unsigned int, unsigned int, unsigned char &) const
00066dbc	__thunk_28_SetValue__13cSC3FireLayerUiUiRCUc	virtual function thunk (delta:-28) for cSC3FireLayer::SetValue(unsigned int, unsigned int, unsigned char const &)
00066dd8	__thunk_28_SetAllCells__13cSC3FireLayerRCUc	virtual function thunk (delta:-28) for cSC3FireLayer::SetAllCells(unsigned char const &)
00066df4	__thunk_28_SetValue__13cSC3FireLayerUiUiUiUiRCUc	virtual function thunk (delta:-28) for cSC3FireLayer::SetValue(unsigned int, unsigned int, unsigned int, unsigned int, unsigned char const &)
00066e10	__thunk_28_DispatchCrew__13cSC3FireLayerUiUi	virtual function thunk (delta:-28) for cSC3FireLayer::DispatchCrew(unsigned int, unsigned int)
00066e2c	__thunk_28_RevokeDispatch__13cSC3FireLayerUiUi	virtual function thunk (delta:-28) for cSC3FireLayer::RevokeDispatch(unsigned int, unsigned int)
00066e48	__thunk_28_RevokeAllDispatches__13cSC3FireLayer	virtual function thunk (delta:-28) for cSC3FireLayer::RevokeAllDispatches(void)
00066e64	__thunk_28_GetTotalCityFireUpkeep__13cSC3FireLayer	virtual function thunk (delta:-28) for cSC3FireLayer::GetTotalCityFireUpkeep(void)
00066e80	__thunk_28_SetFundingPercentage__13cSC3FireLayerUc	virtual function thunk (delta:-28) for cSC3FireLayer::SetFundingPercentage(unsigned char)
00066e9c	__thunk_28_IsOnStrike__13cSC3FireLayer	virtual function thunk (delta:-28) for cSC3FireLayer::IsOnStrike(void)
00066eb8	__thunk_28_ChanceOfStrike__13cSC3FireLayer	virtual function thunk (delta:-28) for cSC3FireLayer::ChanceOfStrike(void)
00066ed4	__thunk_28_EndStrike__13cSC3FireLayer	virtual function thunk (delta:-28) for cSC3FireLayer::EndStrike(void)
00066ef0	__thunk_28_GetStrikingBuildings__13cSC3FireLayerPP13cISC3OccupantUiRUi	virtual function thunk (delta:-28) for cSC3FireLayer::GetStrikingBuildings(cISC3Occupant **, unsigned int, unsigned int &)
00066f0c	__thunk_28_GetAverageCoverage__13cSC3FireLayer	virtual function thunk (delta:-28) for cSC3FireLayer::GetAverageCoverage(void)
00066f28	__thunk_28_GetPercentCoverage__13cSC3FireLayer	virtual function thunk (delta:-28) for cSC3FireLayer::GetPercentCoverage(void)
00066f44	__thunk_32_QueryInterface__13cSC3FireLayerUiPPv	virtual function thunk (delta:-32) for cSC3FireLayer::QueryInterface(unsigned int, void **)
00066f60	__thunk_32_AddRef__13cSC3FireLayer	virtual function thunk (delta:-32) for cSC3FireLayer::AddRef(void)
00066f7c	__thunk_32_Release__13cSC3FireLayer	virtual function thunk (delta:-32) for cSC3FireLayer::Release(void)
00066f98	__thunk_32_DoMessage__13cSC3FireLayerR10cGZMessage	virtual function thunk (delta:-32) for cSC3FireLayer::DoMessage(cGZMessage &)
00066fb4	__thunk_32_DoQueryInfo__13cSC3FireLayerR10cGZMessageP11cIGZUnknown	virtual function thunk (delta:-32) for cSC3FireLayer::DoQueryInfo(cGZMessage &, cIGZUnknown *)
00066fd0	__thunk_32_StaticInit__13cSC3FireLayerP19cISC3CityDefinition	virtual function thunk (delta:-32) for cSC3FireLayer::StaticInit(cISC3CityDefinition *)
00066fec	__thunk_32_StaticShutdown__13cSC3FireLayer	virtual function thunk (delta:-32) for cSC3FireLayer::StaticShutdown(void)
00067008	__thunk_32_Init__13cSC3FireLayerP9cISC3City	virtual function thunk (delta:-32) for cSC3FireLayer::Init(cISC3City *)
00067024	__thunk_32_Init__13cSC3FireLayerP9cISC3CityP13cISC2Importer	virtual function thunk (delta:-32) for cSC3FireLayer::Init(cISC3City *, cISC2Importer *)
00067040	__thunk_32_Init__13cSC3FireLayerP9cISC3CityP13cIGZDBSegment	virtual function thunk (delta:-32) for cSC3FireLayer::Init(cISC3City *, cIGZDBSegment *)
0006705c	__thunk_32_Save__13cSC3FireLayerP9cISC3CityP13cIGZDBSegment	virtual function thunk (delta:-32) for cSC3FireLayer::Save(cISC3City *, cIGZDBSegment *)
00067078	__thunk_32_SimulationBegin__13cSC3FireLayer	virtual function thunk (delta:-32) for cSC3FireLayer::SimulationBegin(void)
00067094	__thunk_32_SimulationEnd__13cSC3FireLayer	virtual function thunk (delta:-32) for cSC3FireLayer::SimulationEnd(void)
000670b0	__thunk_32_Shutdown__13cSC3FireLayer	virtual function thunk (delta:-32) for cSC3FireLayer::Shutdown(void)
000670cc	__thunk_32_GetManipulator__13cSC3FireLayerRC18cISC3CityAgentTypePP25cISC3CityLayerManipulatorRi	virtual function thunk (delta:-32) for cSC3FireLayer::GetManipulator(cISC3CityAgentType const &, cISC3CityLayerManipulator **, int &)
000670e8	__thunk_32_GetLayerType__13cSC3FireLayer	virtual function thunk (delta:-32) for cSC3FireLayer::GetLayerType(void)
00067104	__thunk_32_DebugClassTag__13cSC3FireLayerR10cIGZString	virtual function thunk (delta:-32) for cSC3FireLayer::DebugClassTag(cIGZString &)
00067120	__thunk_32_DebugTypeTag__13cSC3FireLayerR10cIGZString	virtual function thunk (delta:-32) for cSC3FireLayer::DebugTypeTag(cIGZString &)
00067140	AddRef__t20cSC3CityCellMapSized1Zi	cSC3CityCellMapSized<int>::AddRef(void)
00067184	QueryInterface__t20cSC3CityCellMapSized1ZiUiPPv	cSC3CityCellMapSized<int>::QueryInterface(unsigned int, void **)
00067200	_._t20cSC3CityCellMapSized1Zi	cSC3CityCellMapSized<int>::~cSC3CityCellMapSized(void)
00067244	_._t10cRZCellMap1Zi	cRZCellMap<int>::~cRZCellMap(void)
000672bc	Shutdown__t20cSC3CityCellMapSized1Zi	cSC3CityCellMapSized<int>::Shutdown(void)
00067314	Init__t20cSC3CityCellMapSized1ZiP9cISC3CityRCi	cSC3CityCellMapSized<int>::Init(cISC3City *, int const &)
00067480	SetAllCells__t20cSC3CityCellMapSized1ZiRCi	cSC3CityCellMapSized<int>::SetAllCells(int const &)
000674ac	GetValue__Ct20cSC3CityCellMapSized1ZiUiUiRi	cSC3CityCellMapSized<int>::GetValue(unsigned int, unsigned int, int &) const
000674dc	SetValue__t20cSC3CityCellMapSized1ZiUiUiRCi	cSC3CityCellMapSized<int>::SetValue(unsigned int, unsigned int, int const &)
00067514	SetAllCells__t10cRZCellMap1ZiRCi	cRZCellMap<int>::SetAllCells(int const &)
00067570	Release__t20cSC3CityCellMapSized1Zi	cSC3CityCellMapSized<int>::Release(void)
000675cc	CellCountX__Ct20cSC3CityCellMapSized1Zi	cSC3CityCellMapSized<int>::CellCountX(void) const
000675dc	CellCountZ__Ct20cSC3CityCellMapSized1Zi	cSC3CityCellMapSized<int>::CellCountZ(void) const
000675ec	GetValueSint32__Ct20cSC3CityCellMapSized1ZiUiUiRi	cSC3CityCellMapSized<int>::GetValueSint32(unsigned int, unsigned int, int &) const
00067620	InBounds__Ct20cSC3CityCellMapSized1ZiUiUi	cSC3CityCellMapSized<int>::InBounds(unsigned int, unsigned int) const
00067674	InBounds__Ct20cSC3CityCellMapSized1ZiUiUiUiUi	cSC3CityCellMapSized<int>::InBounds(unsigned int, unsigned int, unsigned int, unsigned int) const
000676d0	ValidRect__Ct20cSC3CityCellMapSized1ZiUiUiUiUi	cSC3CityCellMapSized<int>::ValidRect(unsigned int, unsigned int, unsigned int, unsigned int) const
000676f4	SerialRead__t20cSC3CityCellMapSized1ZiR18cIGZDBSerialRecord	cSC3CityCellMapSized<int>::SerialRead(cIGZDBSerialRecord &)
00067764	SerialWrite__Ct20cSC3CityCellMapSized1ZiR18cIGZDBSerialRecord	cSC3CityCellMapSized<int>::SerialWrite(cIGZDBSerialRecord &) const
000677d0	SetValue__t20cSC3CityCellMapSized1ZiUiUiUiUiRCi	cSC3CityCellMapSized<int>::SetValue(unsigned int, unsigned int, unsigned int, unsigned int, int const &)
00067844	__t10cRZCellMap1ZUcUiUiRCUc	cRZCellMap<unsigned char>::cRZCellMap(unsigned int, unsigned int, unsigned char const &)
000678dc	GetValue__Ct10cRZCellMap1ZUcUiUiRUc	cRZCellMap<unsigned char>::GetValue(unsigned int, unsigned int, unsigned char &) const
000678fc	SetValue__t10cRZCellMap1ZUcUiUiRCUc	cRZCellMap<unsigned char>::SetValue(unsigned int, unsigned int, unsigned char const &)
00067924	SetAllCells__t10cRZCellMap1ZUcRCUc	cRZCellMap<unsigned char>::SetAllCells(unsigned char const &)
00067974	__thunk_32_QueryInterface__21cSC3FlammabilityLayerUiPPv	virtual function thunk (delta:-32) for cSC3FlammabilityLayer::QueryInterface(unsigned int, void **)
00067990	__thunk_32_AddRef__21cSC3FlammabilityLayer	virtual function thunk (delta:-32) for cSC3FlammabilityLayer::AddRef(void)
000679ac	__thunk_32_Release__21cSC3FlammabilityLayer	virtual function thunk (delta:-32) for cSC3FlammabilityLayer::Release(void)
000679c8	__thunk_32_GetInfoStringCount__21cSC3FlammabilityLayerUi	virtual function thunk (delta:-32) for cSC3FlammabilityLayer::GetInfoStringCount(unsigned int)
000679e4	__thunk_32_GetInfoStrings__21cSC3FlammabilityLayerUiUiUiUiRUiR10cIGZStringT6	virtual function thunk (delta:-32) for cSC3FlammabilityLayer::GetInfoStrings(unsigned int, unsigned int, unsigned int, unsigned int, unsigned int &, cIGZString &, cIGZString &)
00067a00	__thunk_28_QueryInterface__21cSC3FlammabilityLayerUiPPv	virtual function thunk (delta:-28) for cSC3FlammabilityLayer::QueryInterface(unsigned int, void **)
00067a1c	__thunk_28_AddRef__21cSC3FlammabilityLayer	virtual function thunk (delta:-28) for cSC3FlammabilityLayer::AddRef(void)
00067a38	__thunk_28_Release__21cSC3FlammabilityLayer	virtual function thunk (delta:-28) for cSC3FlammabilityLayer::Release(void)
00067a54	__thunk_28_CreateMapSprite__21cSC3FlammabilityLayerUiUiPPv	virtual function thunk (delta:-28) for cSC3FlammabilityLayer::CreateMapSprite(unsigned int, unsigned int, void **)
00067a70	__thunk_28_GetMapSpriteCount__21cSC3FlammabilityLayer	virtual function thunk (delta:-28) for cSC3FlammabilityLayer::GetMapSpriteCount(void)
00067a8c	__thunk_28_GetSpriteIdFromIndex__21cSC3FlammabilityLayerUiRUi	virtual function thunk (delta:-28) for cSC3FlammabilityLayer::GetSpriteIdFromIndex(unsigned int, unsigned int &)
00067aa8	__thunk_24_QueryInterface__21cSC3FlammabilityLayerUiPPv	virtual function thunk (delta:-24) for cSC3FlammabilityLayer::QueryInterface(unsigned int, void **)
00067ac4	__thunk_24_AddRef__21cSC3FlammabilityLayer	virtual function thunk (delta:-24) for cSC3FlammabilityLayer::AddRef(void)
00067ae0	__thunk_24_Release__21cSC3FlammabilityLayer	virtual function thunk (delta:-24) for cSC3FlammabilityLayer::Release(void)
00067afc	__thunk_24_Simulate__21cSC3FlammabilityLayeri	virtual function thunk (delta:-24) for cSC3FlammabilityLayer::Simulate(int)
00067b18	__thunk_24_MinimumExecutionInterval__21cSC3FlammabilityLayer	virtual function thunk (delta:-24) for cSC3FlammabilityLayer::MinimumExecutionInterval(void)
00067b34	__thunk_24_IsAgentLocking__21cSC3FlammabilityLayer	virtual function thunk (delta:-24) for cSC3FlammabilityLayer::IsAgentLocking(void)
00067b50	__thunk_24_TypeId__C21cSC3FlammabilityLayer	virtual function thunk (delta:-24) for cSC3FlammabilityLayer::TypeId(void) const
00067b6c	__thunk_24_AgentType__21cSC3FlammabilityLayer	virtual function thunk (delta:-24) for cSC3FlammabilityLayer::AgentType(void)
00067b88	__thunk_24_SetAgentType__21cSC3FlammabilityLayerP18cISC3CityAgentType	virtual function thunk (delta:-24) for cSC3FlammabilityLayer::SetAgentType(cISC3CityAgentType *)
00067ba4	__thunk_24_DebugInstanceTag__21cSC3FlammabilityLayerR10cIGZString	virtual function thunk (delta:-24) for cSC3FlammabilityLayer::DebugInstanceTag(cIGZString &)
00067bc0	__thunk_24_DebugClassTag__21cSC3FlammabilityLayerR10cIGZString	virtual function thunk (delta:-24) for cSC3FlammabilityLayer::DebugClassTag(cIGZString &)
00067bdc	__thunk_24_DebugTypeTag__21cSC3FlammabilityLayerR10cIGZString	virtual function thunk (delta:-24) for cSC3FlammabilityLayer::DebugTypeTag(cIGZString &)
00067bf8	__thunk_20_QueryInterface__21cSC3FlammabilityLayerUiPPv	virtual function thunk (delta:-20) for cSC3FlammabilityLayer::QueryInterface(unsigned int, void **)
00067c14	__thunk_20_AddRef__21cSC3FlammabilityLayer	virtual function thunk (delta:-20) for cSC3FlammabilityLayer::AddRef(void)
00067c30	__thunk_20_Release__21cSC3FlammabilityLayer	virtual function thunk (delta:-20) for cSC3FlammabilityLayer::Release(void)
00067c4c	__thunk_20_DoMessage__21cSC3FlammabilityLayerR10cGZMessage	virtual function thunk (delta:-20) for cSC3FlammabilityLayer::DoMessage(cGZMessage &)
00067c68	__thunk_20_DoQueryInfo__21cSC3FlammabilityLayerR10cGZMessageP11cIGZUnknown	virtual function thunk (delta:-20) for cSC3FlammabilityLayer::DoQueryInfo(cGZMessage &, cIGZUnknown *)
00067c84	__thunk_20_StaticInit__21cSC3FlammabilityLayerP19cISC3CityDefinition	virtual function thunk (delta:-20) for cSC3FlammabilityLayer::StaticInit(cISC3CityDefinition *)
00067ca0	__thunk_20_StaticShutdown__21cSC3FlammabilityLayer	virtual function thunk (delta:-20) for cSC3FlammabilityLayer::StaticShutdown(void)
00067cbc	__thunk_20_Init__21cSC3FlammabilityLayerP9cISC3City	virtual function thunk (delta:-20) for cSC3FlammabilityLayer::Init(cISC3City *)
00067cd8	__thunk_20_Init__21cSC3FlammabilityLayerP9cISC3CityP13cISC2Importer	virtual function thunk (delta:-20) for cSC3FlammabilityLayer::Init(cISC3City *, cISC2Importer *)
00067cf4	__thunk_20_Init__21cSC3FlammabilityLayerP9cISC3CityP13cIGZDBSegment	virtual function thunk (delta:-20) for cSC3FlammabilityLayer::Init(cISC3City *, cIGZDBSegment *)
00067d10	__thunk_20_Save__21cSC3FlammabilityLayerP9cISC3CityP13cIGZDBSegment	virtual function thunk (delta:-20) for cSC3FlammabilityLayer::Save(cISC3City *, cIGZDBSegment *)
00067d2c	__thunk_20_SimulationBegin__21cSC3FlammabilityLayer	virtual function thunk (delta:-20) for cSC3FlammabilityLayer::SimulationBegin(void)
00067d48	__thunk_20_SimulationEnd__21cSC3FlammabilityLayer	virtual function thunk (delta:-20) for cSC3FlammabilityLayer::SimulationEnd(void)
00067d64	__thunk_20_Shutdown__21cSC3FlammabilityLayer	virtual function thunk (delta:-20) for cSC3FlammabilityLayer::Shutdown(void)
00067d80	__thunk_20_GetManipulator__21cSC3FlammabilityLayerRC18cISC3CityAgentTypePP25cISC3CityLayerManipulatorRi	virtual function thunk (delta:-20) for cSC3FlammabilityLayer::GetManipulator(cISC3CityAgentType const &, cISC3CityLayerManipulator **, int &)
00067d9c	__thunk_20_GetLayerType__21cSC3FlammabilityLayer	virtual function thunk (delta:-20) for cSC3FlammabilityLayer::GetLayerType(void)
00067db8	__thunk_20_DebugClassTag__21cSC3FlammabilityLayerR10cIGZString	virtual function thunk (delta:-20) for cSC3FlammabilityLayer::DebugClassTag(cIGZString &)
00067dd4	__thunk_20_DebugTypeTag__21cSC3FlammabilityLayerR10cIGZString	virtual function thunk (delta:-20) for cSC3FlammabilityLayer::DebugTypeTag(cIGZString &)
00067df0	__thunk_16_QueryInterface__21cSC3FlammabilityLayerUiPPv	virtual function thunk (delta:-16) for cSC3FlammabilityLayer::QueryInterface(unsigned int, void **)
00067e0c	__thunk_16_AddRef__21cSC3FlammabilityLayer	virtual function thunk (delta:-16) for cSC3FlammabilityLayer::AddRef(void)
00067e28	__thunk_16_Release__21cSC3FlammabilityLayer	virtual function thunk (delta:-16) for cSC3FlammabilityLayer::Release(void)
00067e44	__thunk_16_GetValue__21cSC3FlammabilityLayerUiUiRUc	virtual function thunk (delta:-16) for cSC3FlammabilityLayer::GetValue(unsigned int, unsigned int, unsigned char &)
00067e60	__thunk_16_SetValue__21cSC3FlammabilityLayerUiUiRCUc	virtual function thunk (delta:-16) for cSC3FlammabilityLayer::SetValue(unsigned int, unsigned int, unsigned char const &)
00067e7c	__thunk_16_GetAverageValue__21cSC3FlammabilityLayer	virtual function thunk (delta:-16) for cSC3FlammabilityLayer::GetAverageValue(void)
00067e9c	__t15cSC3CityCellMap1ZUc	cSC3CityCellMap<unsigned char>::cSC3CityCellMap(void)
00067eec	Shutdown__t15cSC3CityCellMap1ZUc	cSC3CityCellMap<unsigned char>::Shutdown(void)
00067f34	CellCountX__Ct15cSC3CityCellMap1ZUc	cSC3CityCellMap<unsigned char>::CellCountX(void) const
00067f44	CellCountZ__Ct15cSC3CityCellMap1ZUc	cSC3CityCellMap<unsigned char>::CellCountZ(void) const
00067f54	GetValue__Ct15cSC3CityCellMap1ZUcUiUiRUc	cSC3CityCellMap<unsigned char>::GetValue(unsigned int, unsigned int, unsigned char &) const
00067f84	Init__t15cSC3CityCellMap1ZUcP9cISC3CityRCUc	cSC3CityCellMap<unsigned char>::Init(cISC3City *, unsigned char const &)
000680d4	SerialRead__t15cSC3CityCellMap1ZUcR18cIGZDBSerialRecord	cSC3CityCellMap<unsigned char>::SerialRead(cIGZDBSerialRecord &)
00068134	SetAllCells__t15cSC3CityCellMap1ZUcRCUc	cSC3CityCellMap<unsigned char>::SetAllCells(unsigned char const &)
00068194	SerialWrite__Ct15cSC3CityCellMap1ZUcR18cIGZDBSerialRecord	cSC3CityCellMap<unsigned char>::SerialWrite(cIGZDBSerialRecord &) const
000681f0	GetValueSint32__Ct15cSC3CityCellMap1ZUcUiUiRi	cSC3CityCellMap<unsigned char>::GetValueSint32(unsigned int, unsigned int, int &) const
00068218	InBounds__Ct15cSC3CityCellMap1ZUcUiUi	cSC3CityCellMap<unsigned char>::InBounds(unsigned int, unsigned int) const
0006826c	InBounds__Ct15cSC3CityCellMap1ZUcUiUiUiUi	cSC3CityCellMap<unsigned char>::InBounds(unsigned int, unsigned int, unsigned int, unsigned int) const
000682c8	ValidRect__Ct15cSC3CityCellMap1ZUcUiUiUiUi	cSC3CityCellMap<unsigned char>::ValidRect(unsigned int, unsigned int, unsigned int, unsigned int) const
000682f4	SetValue__t15cSC3CityCellMap1ZUcUiUiUiUiRCUc	cSC3CityCellMap<unsigned char>::SetValue(unsigned int, unsigned int, unsigned int, unsigned int, unsigned char const &)
00068364	QueryInterface__t15cSC3CityCellMap1ZUcUiPPv	cSC3CityCellMap<unsigned char>::QueryInterface(unsigned int, void **)
000683dc	SetValue__t15cSC3CityCellMap1ZUcUiUiRCUc	cSC3CityCellMap<unsigned char>::SetValue(unsigned int, unsigned int, unsigned char const &)
00068404	AddRef__t15cSC3CityCellMap1ZUc	cSC3CityCellMap<unsigned char>::AddRef(void)
00068440	_._t15cSC3CityCellMap1ZUc	cSC3CityCellMap<unsigned char>::~cSC3CityCellMap(void)
000684a4	Release__t15cSC3CityCellMap1ZUc	cSC3CityCellMap<unsigned char>::Release(void)
00068504	clear__t10_List_base2ZP26cISC3BuildingPoliceStationZt9allocator1ZP26cISC3BuildingPoliceStation	_List_base<cISC3BuildingPoliceStation *, allocator<cISC3BuildingPoliceStation *> >::clear(void)
00068584	clear__t10_List_base2ZQ215cSC3PoliceLayer17tDispatchInstanceZt9allocator1ZQ215cSC3PoliceLayer17tDispatchInstance	_List_base<cSC3PoliceLayer::tDispatchInstance, allocator<cSC3PoliceLayer::tDispatchInstance> >::clear(void)
00068604	clear__t10_List_base2ZP17cISC3BuildingJailZt9allocator1ZP17cISC3BuildingJail	_List_base<cISC3BuildingJail *, allocator<cISC3BuildingJail *> >::clear(void)
00068684	erase__t4list2ZP26cISC3BuildingPoliceStationZt9allocator1ZP26cISC3BuildingPoliceStationGt14_List_iterator3ZP26cISC3BuildingPoliceStationZRP26cISC3BuildingPoliceStationZPP26cISC3BuildingPoliceStationT1	list<cISC3BuildingPoliceStation *, allocator<cISC3BuildingPoliceStation *> >::erase(_List_iterator<cISC3BuildingPoliceStation *, cISC3BuildingPoliceStation *&, cISC3BuildingPoliceStation **>, _List_iterator<cISC3BuildingPoliceStation *, cISC3BuildingPoliceStation *&, cISC3BuildingPoliceStation **>)
00068734	erase__t4list2ZP17cISC3BuildingJailZt9allocator1ZP17cISC3BuildingJailGt14_List_iterator3ZP17cISC3BuildingJailZRP17cISC3BuildingJailZPP17cISC3BuildingJailT1	list<cISC3BuildingJail *, allocator<cISC3BuildingJail *> >::erase(_List_iterator<cISC3BuildingJail *, cISC3BuildingJail *&, cISC3BuildingJail **>, _List_iterator<cISC3BuildingJail *, cISC3BuildingJail *&, cISC3BuildingJail **>)
000687d4	__thunk_4__._26cSC3DailyPoliceManipulator	virtual function thunk (delta:-4) for cSC3DailyPoliceManipulator::~cSC3DailyPoliceManipulator(void)
000687f0	__thunk_4_Release__26cSC3DailyPoliceManipulator	virtual function thunk (delta:-4) for cSC3DailyPoliceManipulator::Release(void)
0006880c	__thunk_4_AddRef__26cSC3DailyPoliceManipulator	virtual function thunk (delta:-4) for cSC3DailyPoliceManipulator::AddRef(void)
00068828	__thunk_44_QueryInterface__15cSC3PoliceLayerUiPPv	virtual function thunk (delta:-44) for cSC3PoliceLayer::QueryInterface(unsigned int, void **)
00068844	__thunk_44_AddRef__15cSC3PoliceLayer	virtual function thunk (delta:-44) for cSC3PoliceLayer::AddRef(void)
00068860	__thunk_44_Release__15cSC3PoliceLayer	virtual function thunk (delta:-44) for cSC3PoliceLayer::Release(void)
0006887c	__thunk_44_CreateMapSprite__15cSC3PoliceLayerUiUiPPv	virtual function thunk (delta:-44) for cSC3PoliceLayer::CreateMapSprite(unsigned int, unsigned int, void **)
00068898	__thunk_44_GetMapSpriteCount__15cSC3PoliceLayer	virtual function thunk (delta:-44) for cSC3PoliceLayer::GetMapSpriteCount(void)
000688b4	__thunk_44_GetSpriteIdFromIndex__15cSC3PoliceLayerUiRUi	virtual function thunk (delta:-44) for cSC3PoliceLayer::GetSpriteIdFromIndex(unsigned int, unsigned int &)
000688d0	__thunk_40_QueryInterface__15cSC3PoliceLayerUiPPv	virtual function thunk (delta:-40) for cSC3PoliceLayer::QueryInterface(unsigned int, void **)
000688ec	__thunk_40_AddRef__15cSC3PoliceLayer	virtual function thunk (delta:-40) for cSC3PoliceLayer::AddRef(void)
00068908	__thunk_40_Release__15cSC3PoliceLayer	virtual function thunk (delta:-40) for cSC3PoliceLayer::Release(void)
00068924	__thunk_40_GetInfoStringCount__15cSC3PoliceLayerUi	virtual function thunk (delta:-40) for cSC3PoliceLayer::GetInfoStringCount(unsigned int)
00068940	__thunk_40_GetInfoStrings__15cSC3PoliceLayerUiUiUiUiRUiR10cIGZStringT6	virtual function thunk (delta:-40) for cSC3PoliceLayer::GetInfoStrings(unsigned int, unsigned int, unsigned int, unsigned int, unsigned int &, cIGZString &, cIGZString &)
0006895c	__thunk_36_QueryInterface__15cSC3PoliceLayerUiPPv	virtual function thunk (delta:-36) for cSC3PoliceLayer::QueryInterface(unsigned int, void **)
00068978	__thunk_36_AddRef__15cSC3PoliceLayer	virtual function thunk (delta:-36) for cSC3PoliceLayer::AddRef(void)
00068994	__thunk_36_Release__15cSC3PoliceLayer	virtual function thunk (delta:-36) for cSC3PoliceLayer::Release(void)
000689b0	__thunk_36_OccupantInserted__15cSC3PoliceLayerUiP13cISC3Occupant	virtual function thunk (delta:-36) for cSC3PoliceLayer::OccupantInserted(unsigned int, cISC3Occupant *)
000689cc	__thunk_36_OccupantRemoved__15cSC3PoliceLayerUiP13cISC3Occupant	virtual function thunk (delta:-36) for cSC3PoliceLayer::OccupantRemoved(unsigned int, cISC3Occupant *)
000689e8	__thunk_36_OccupantMoved__15cSC3PoliceLayerUiP13cISC3OccupantRC13cSC3CityCoord	virtual function thunk (delta:-36) for cSC3PoliceLayer::OccupantMoved(unsigned int, cISC3Occupant *, cSC3CityCoord const &)
00068a04	__thunk_36_OccupantChanged__15cSC3PoliceLayerUiP13cISC3OccupantiPv	virtual function thunk (delta:-36) for cSC3PoliceLayer::OccupantChanged(unsigned int, cISC3Occupant *, int, void *)
00068a20	__thunk_36_CellChangedAll__15cSC3PoliceLayerUi	virtual function thunk (delta:-36) for cSC3PoliceLayer::CellChangedAll(unsigned int)
00068a3c	__thunk_36_CellChanged__15cSC3PoliceLayerUiUiUi	virtual function thunk (delta:-36) for cSC3PoliceLayer::CellChanged(unsigned int, unsigned int, unsigned int)
00068a58	__thunk_36_CellChanged__15cSC3PoliceLayerUiUiUiUiUi	virtual function thunk (delta:-36) for cSC3PoliceLayer::CellChanged(unsigned int, unsigned int, unsigned int, unsigned int, unsigned int)
00068a74	__thunk_28_QueryInterface__15cSC3PoliceLayerUiPPv	virtual function thunk (delta:-28) for cSC3PoliceLayer::QueryInterface(unsigned int, void **)
00068a90	__thunk_28_AddRef__15cSC3PoliceLayer	virtual function thunk (delta:-28) for cSC3PoliceLayer::AddRef(void)
00068aac	__thunk_28_Release__15cSC3PoliceLayer	virtual function thunk (delta:-28) for cSC3PoliceLayer::Release(void)
00068ac8	__thunk_28_CellCountX__C15cSC3PoliceLayer	virtual function thunk (delta:-28) for cSC3PoliceLayer::CellCountX(void) const
00068ae4	__thunk_28_CellCountZ__C15cSC3PoliceLayer	virtual function thunk (delta:-28) for cSC3PoliceLayer::CellCountZ(void) const
00068b00	__thunk_28_GetValueSint32__C15cSC3PoliceLayerUiUiRi	virtual function thunk (delta:-28) for cSC3PoliceLayer::GetValueSint32(unsigned int, unsigned int, int &) const
00068b1c	__thunk_28_InBounds__C15cSC3PoliceLayerUiUi	virtual function thunk (delta:-28) for cSC3PoliceLayer::InBounds(unsigned int, unsigned int) const
00068b38	__thunk_28_InBounds__C15cSC3PoliceLayerUiUiUiUi	virtual function thunk (delta:-28) for cSC3PoliceLayer::InBounds(unsigned int, unsigned int, unsigned int, unsigned int) const
00068b54	__thunk_28_ValidRect__C15cSC3PoliceLayerUiUiUiUi	virtual function thunk (delta:-28) for cSC3PoliceLayer::ValidRect(unsigned int, unsigned int, unsigned int, unsigned int) const
00068b70	__thunk_28_SerialRead__15cSC3PoliceLayerR18cIGZDBSerialRecord	virtual function thunk (delta:-28) for cSC3PoliceLayer::SerialRead(cIGZDBSerialRecord &)
00068b8c	__thunk_28_SerialWrite__C15cSC3PoliceLayerR18cIGZDBSerialRecord	virtual function thunk (delta:-28) for cSC3PoliceLayer::SerialWrite(cIGZDBSerialRecord &) const
00068ba8	__thunk_28_Init__15cSC3PoliceLayerP9cISC3CityRCUc	virtual function thunk (delta:-28) for cSC3PoliceLayer::Init(cISC3City *, unsigned char const &)
00068bc4	__thunk_28_Shutdown__15cSC3PoliceLayer	virtual function thunk (delta:-28) for cSC3PoliceLayer::Shutdown(void)
00068be0	__thunk_28_GetValue__C15cSC3PoliceLayerUiUiRUc	virtual function thunk (delta:-28) for cSC3PoliceLayer::GetValue(unsigned int, unsigned int, unsigned char &) const
00068bfc	__thunk_28_SetValue__15cSC3PoliceLayerUiUiRCUc	virtual function thunk (delta:-28) for cSC3PoliceLayer::SetValue(unsigned int, unsigned int, unsigned char const &)
00068c18	__thunk_28_SetAllCells__15cSC3PoliceLayerRCUc	virtual function thunk (delta:-28) for cSC3PoliceLayer::SetAllCells(unsigned char const &)
00068c34	__thunk_28_SetValue__15cSC3PoliceLayerUiUiUiUiRCUc	virtual function thunk (delta:-28) for cSC3PoliceLayer::SetValue(unsigned int, unsigned int, unsigned int, unsigned int, unsigned char const &)
00068c50	__thunk_28_DispatchCrew__15cSC3PoliceLayerUiUi	virtual function thunk (delta:-28) for cSC3PoliceLayer::DispatchCrew(unsigned int, unsigned int)
00068c6c	__thunk_28_RevokeDispatch__15cSC3PoliceLayerUiUi	virtual function thunk (delta:-28) for cSC3PoliceLayer::RevokeDispatch(unsigned int, unsigned int)
00068c88	__thunk_28_RevokeAllDispatches__15cSC3PoliceLayer	virtual function thunk (delta:-28) for cSC3PoliceLayer::RevokeAllDispatches(void)
00068ca4	__thunk_28_GetTotalCityPoliceUpkeep__15cSC3PoliceLayer	virtual function thunk (delta:-28) for cSC3PoliceLayer::GetTotalCityPoliceUpkeep(void)
00068cc0	__thunk_28_SetFundingPercentage__15cSC3PoliceLayerUc	virtual function thunk (delta:-28) for cSC3PoliceLayer::SetFundingPercentage(unsigned char)
00068cdc	__thunk_28_IsOnStrike__15cSC3PoliceLayer	virtual function thunk (delta:-28) for cSC3PoliceLayer::IsOnStrike(void)
00068cf8	__thunk_28_ChanceOfStrike__15cSC3PoliceLayer	virtual function thunk (delta:-28) for cSC3PoliceLayer::ChanceOfStrike(void)
00068d14	__thunk_28_EndStrike__15cSC3PoliceLayer	virtual function thunk (delta:-28) for cSC3PoliceLayer::EndStrike(void)
00068d30	__thunk_28_GetStrikingBuildings__15cSC3PoliceLayerPP13cISC3OccupantUiRUi	virtual function thunk (delta:-28) for cSC3PoliceLayer::GetStrikingBuildings(cISC3Occupant **, unsigned int, unsigned int &)
00068d4c	__thunk_28_GetAverageCoverage__15cSC3PoliceLayer	virtual function thunk (delta:-28) for cSC3PoliceLayer::GetAverageCoverage(void)
00068d68	__thunk_28_GetPercentCoverage__15cSC3PoliceLayer	virtual function thunk (delta:-28) for cSC3PoliceLayer::GetPercentCoverage(void)
00068d84	__thunk_28_GetTotalJailCapacity__15cSC3PoliceLayer	virtual function thunk (delta:-28) for cSC3PoliceLayer::GetTotalJailCapacity(void)
00068da0	__thunk_28_GetInmatePopulation__15cSC3PoliceLayer	virtual function thunk (delta:-28) for cSC3PoliceLayer::GetInmatePopulation(void)
00068dbc	__thunk_28_GetCriminalsAtLarge__15cSC3PoliceLayer	virtual function thunk (delta:-28) for cSC3PoliceLayer::GetCriminalsAtLarge(void)
00068dd8	__thunk_32_QueryInterface__15cSC3PoliceLayerUiPPv	virtual function thunk (delta:-32) for cSC3PoliceLayer::QueryInterface(unsigned int, void **)
00068df4	__thunk_32_AddRef__15cSC3PoliceLayer	virtual function thunk (delta:-32) for cSC3PoliceLayer::AddRef(void)
00068e10	__thunk_32_Release__15cSC3PoliceLayer	virtual function thunk (delta:-32) for cSC3PoliceLayer::Release(void)
00068e2c	__thunk_32_DoMessage__15cSC3PoliceLayerR10cGZMessage	virtual function thunk (delta:-32) for cSC3PoliceLayer::DoMessage(cGZMessage &)
00068e48	__thunk_32_DoQueryInfo__15cSC3PoliceLayerR10cGZMessageP11cIGZUnknown	virtual function thunk (delta:-32) for cSC3PoliceLayer::DoQueryInfo(cGZMessage &, cIGZUnknown *)
00068e64	__thunk_32_StaticInit__15cSC3PoliceLayerP19cISC3CityDefinition	virtual function thunk (delta:-32) for cSC3PoliceLayer::StaticInit(cISC3CityDefinition *)
00068e80	__thunk_32_StaticShutdown__15cSC3PoliceLayer	virtual function thunk (delta:-32) for cSC3PoliceLayer::StaticShutdown(void)
00068e9c	__thunk_32_Init__15cSC3PoliceLayerP9cISC3City	virtual function thunk (delta:-32) for cSC3PoliceLayer::Init(cISC3City *)
00068eb8	__thunk_32_Init__15cSC3PoliceLayerP9cISC3CityP13cISC2Importer	virtual function thunk (delta:-32) for cSC3PoliceLayer::Init(cISC3City *, cISC2Importer *)
00068ed4	__thunk_32_Init__15cSC3PoliceLayerP9cISC3CityP13cIGZDBSegment	virtual function thunk (delta:-32) for cSC3PoliceLayer::Init(cISC3City *, cIGZDBSegment *)
00068ef0	__thunk_32_Save__15cSC3PoliceLayerP9cISC3CityP13cIGZDBSegment	virtual function thunk (delta:-32) for cSC3PoliceLayer::Save(cISC3City *, cIGZDBSegment *)
00068f0c	__thunk_32_SimulationBegin__15cSC3PoliceLayer	virtual function thunk (delta:-32) for cSC3PoliceLayer::SimulationBegin(void)
00068f28	__thunk_32_SimulationEnd__15cSC3PoliceLayer	virtual function thunk (delta:-32) for cSC3PoliceLayer::SimulationEnd(void)
00068f44	__thunk_32_Shutdown__15cSC3PoliceLayer	virtual function thunk (delta:-32) for cSC3PoliceLayer::Shutdown(void)
00068f60	__thunk_32_GetManipulator__15cSC3PoliceLayerRC18cISC3CityAgentTypePP25cISC3CityLayerManipulatorRi	virtual function thunk (delta:-32) for cSC3PoliceLayer::GetManipulator(cISC3CityAgentType const &, cISC3CityLayerManipulator **, int &)
00068f7c	__thunk_32_GetLayerType__15cSC3PoliceLayer	virtual function thunk (delta:-32) for cSC3PoliceLayer::GetLayerType(void)
00068f98	__thunk_32_DebugClassTag__15cSC3PoliceLayerR10cIGZString	virtual function thunk (delta:-32) for cSC3PoliceLayer::DebugClassTag(cIGZString &)
00068fb4	__thunk_32_DebugTypeTag__15cSC3PoliceLayerR10cIGZString	virtual function thunk (delta:-32) for cSC3PoliceLayer::DebugTypeTag(cIGZString &)
00068fd0	GetDirectorID__C14cSVCOMDirector	cSVCOMDirector::GetDirectorID(void) const
00068fdc	AppRegister__14cSVCOMDirectorP12cIGZRegistry	cSVCOMDirector::AppRegister(cIGZRegistry *)
00068fec	_._14cSVCOMDirector	cSVCOMDirector::~cSVCOMDirector(void)
00069034	CreatecSC3CrimeLayer__14cSVCOMDirector	cSVCOMDirector::CreatecSC3CrimeLayer(void)
000690b4	CreatecSC3FlammabilityLayer__14cSVCOMDirector	cSVCOMDirector::CreatecSC3FlammabilityLayer(void)
00069134	CreatecSC3PoliceLayer__14cSVCOMDirector	cSVCOMDirector::CreatecSC3PoliceLayer(void)
000691b4	CreatecSC3FireLayer__14cSVCOMDirector	cSVCOMDirector::CreatecSC3FireLayer(void)
00069234	CreatecSC3BuildingFireStation__14cSVCOMDirector	cSVCOMDirector::CreatecSC3BuildingFireStation(void)
000692b4	CreatecSC3BuildingPoliceStation__14cSVCOMDirector	cSVCOMDirector::CreatecSC3BuildingPoliceStation(void)
00069334	CreatecSC3BuildingJail__14cSVCOMDirector	cSVCOMDirector::CreatecSC3BuildingJail(void)
000693b4	_M_erase__t8_Rb_tree5Zt4pair2ZCUiZUiZt4pair2ZCt4pair2ZCUiZUiZPFv_P11cIGZUnknownZt10_Select1st1Zt4pair2ZCt4pair2ZCUiZUiZPFv_P11cIGZUnknownZt4less1Zt4pair2ZCUiZUiZt9allocator1ZPFv_P11cIGZUnknownPt13_Rb_tree_node1Zt4pair2ZCt4pair2ZCUiZUiZPFv_P11cIGZUnknown	_Rb_tree<pair<unsigned int const, unsigned int>, pair<pair<unsigned int const, unsigned int> const, cIGZUnknown *(*)(void)>, _Select1st<pair<pair<unsigned int const, unsigned int> const, cIGZUnknown *(*)(void)> >, less<pair<unsigned int const, unsigned int> >, allocator<cIGZUnknown *(*)(void)> >::_M_erase(_Rb_tree_node<pair<pair<unsigned int const, unsigned int> const, cIGZUnknown *(*)(void)> > *)
00069434	_M_insert_aux__t6vector2ZP17cRZCOMDllDirectorZt9allocator1ZP17cRZCOMDllDirectorPP17cRZCOMDllDirectorRCP17cRZCOMDllDirector	vector<cRZCOMDllDirector *, allocator<cRZCOMDllDirector *> >::_M_insert_aux(cRZCOMDllDirector **, cRZCOMDllDirector *const &)
00069764	_M_insert__t8_Rb_tree5Zt4pair2ZCUiZUiZt4pair2ZCt4pair2ZCUiZUiZPFv_P11cIGZUnknownZt10_Select1st1Zt4pair2ZCt4pair2ZCUiZUiZPFv_P11cIGZUnknownZt4less1Zt4pair2ZCUiZUiZt9allocator1ZPFv_P11cIGZUnknownP18_Rb_tree_node_baseT1RCt4pair2ZCt4pair2ZCUiZUiZPFv_P11cIGZUnknown	_Rb_tree<pair<unsigned int const, unsigned int>, pair<pair<unsigned int const, unsigned int> const, cIGZUnknown *(*)(void)>, _Select1st<pair<pair<unsigned int const, unsigned int> const, cIGZUnknown *(*)(void)> >, less<pair<unsigned int const, unsigned int> >, allocator<cIGZUnknown *(*)(void)> >::_M_insert(_Rb_tree_node_base *, _Rb_tree_node_base *, pair<pair<unsigned int const, unsigned int> const, cIGZUnknown *(*)(void)> const &)
00069b84	insert_unique__t8_Rb_tree5Zt4pair2ZCUiZUiZt4pair2ZCt4pair2ZCUiZUiZPFv_P11cIGZUnknownZt10_Select1st1Zt4pair2ZCt4pair2ZCUiZUiZPFv_P11cIGZUnknownZt4less1Zt4pair2ZCUiZUiZt9allocator1ZPFv_P11cIGZUnknownRCt4pair2ZCt4pair2ZCUiZUiZPFv_P11cIGZUnknown	_Rb_tree<pair<unsigned int const, unsigned int>, pair<pair<unsigned int const, unsigned int> const, cIGZUnknown *(*)(void)>, _Select1st<pair<pair<unsigned int const, unsigned int> const, cIGZUnknown *(*)(void)> >, less<pair<unsigned int const, unsigned int> >, allocator<cIGZUnknown *(*)(void)> >::insert_unique(pair<pair<unsigned int const, unsigned int> const, cIGZUnknown *(*)(void)> const &)
00069cdc	__thunk_4_QueryInterface__17cRZCOMDllDirectorUiPPv	virtual function thunk (delta:-4) for cRZCOMDllDirector::QueryInterface(unsigned int, void **)
00069cf8	__thunk_4_AddRef__17cRZCOMDllDirector	virtual function thunk (delta:-4) for cRZCOMDllDirector::AddRef(void)
00069d14	__thunk_4_Release__17cRZCOMDllDirector	virtual function thunk (delta:-4) for cRZCOMDllDirector::Release(void)
00069d30	__thunk_4_PreFrameWorkInit__17cRZCOMDllDirector	virtual function thunk (delta:-4) for cRZCOMDllDirector::PreFrameWorkInit(void)
00069d4c	__thunk_4_PreAppInit__17cRZCOMDllDirector	virtual function thunk (delta:-4) for cRZCOMDllDirector::PreAppInit(void)
00069d68	__thunk_4_PostAppInit__17cRZCOMDllDirector	virtual function thunk (delta:-4) for cRZCOMDllDirector::PostAppInit(void)
00069d84	__thunk_4_PreAppShutdown__17cRZCOMDllDirector	virtual function thunk (delta:-4) for cRZCOMDllDirector::PreAppShutdown(void)
00069da0	__thunk_4_PostAppShutdown__17cRZCOMDllDirector	virtual function thunk (delta:-4) for cRZCOMDllDirector::PostAppShutdown(void)
00069dbc	__thunk_4_PostSystemServiceShutdown__17cRZCOMDllDirector	virtual function thunk (delta:-4) for cRZCOMDllDirector::PostSystemServiceShutdown(void)
00069dd8	__thunk_4_AbortiveQuit__17cRZCOMDllDirector	virtual function thunk (delta:-4) for cRZCOMDllDirector::AbortiveQuit(void)
00069df4	__thunk_4_OnInstall__17cRZCOMDllDirector	virtual function thunk (delta:-4) for cRZCOMDllDirector::OnInstall(void)
00069e14	_._t3map4Zt4pair2ZCUiZUiZPFv_P11cIGZUnknownZt4less1Zt4pair2ZCUiZUiZt9allocator1ZPFv_P11cIGZUnknown	map<pair<unsigned int const, unsigned int>, cIGZUnknown *(*)(void), less<pair<unsigned int const, unsigned int> >, allocator<cIGZUnknown *(*)(void)> >::~map(void)
00069ec0	_._11logic_error	logic_error::~logic_error(void)
00069f70	__11logic_errorRC11logic_error	logic_error::logic_error(logic_error const &)
00069fcc	__tf11logic_error	logic_error type_info function
0006a004	_._12domain_error	domain_error::~domain_error(void)
0006a020	__tf12domain_error	domain_error type_info function
0006a078	_._16invalid_argument	invalid_argument::~invalid_argument(void)
0006a094	__tf16invalid_argument	invalid_argument type_info function
0006a0ec	_._12length_error	length_error::~length_error(void)
0006a108	__tf12length_error	length_error type_info function
0006a160	_._12out_of_range	out_of_range::~out_of_range(void)
0006a17c	__tf12out_of_range	out_of_range type_info function
0006a1e0	_._13runtime_error	runtime_error::~runtime_error(void)
0006a284	__tf13runtime_error	runtime_error type_info function
0006a2bc	_._11range_error	range_error::~range_error(void)
0006a2d8	__tf11range_error	range_error type_info function
0006a330	_._14overflow_error	overflow_error::~overflow_error(void)
0006a34c	__tf14overflow_error	overflow_error type_info function
0006a3a4	_._15underflow_error	underflow_error::~underflow_error(void)
0006a3c0	__tf15underflow_error	underflow_error type_info function
0006a418	__thunk_4__._22_IO_ostream_withassign	virtual function thunk (delta:-4) for _IO_ostream_withassign::~_IO_ostream_withassign(void)
0006a424	__thunk_8__._22_IO_istream_withassign	virtual function thunk (delta:-8) for _IO_istream_withassign::~_IO_istream_withassign(void)
0006a430	__thunk_12__._8iostream	virtual function thunk (delta:-12) for iostream::~iostream(void)
0006a43c	__thunk_8__._7istream	virtual function thunk (delta:-8) for istream::~istream(void)
0006a448	__thunk_4__._7ostream	virtual function thunk (delta:-4) for ostream::~ostream(void)
0006a454	_._8iostream	iostream::~iostream(void)
0006a4b8	_._7ostream	ostream::~ostream(void)
0006a50c	__tf7ostream	ostream type_info function
0006a544	_._7istream	istream::~istream(void)
0006a598	__tf7istream	istream type_info function
0006a5d0	__tf8iostream	iostream type_info function
0006a64c	_._22_IO_istream_withassign	_IO_istream_withassign::~_IO_istream_withassign(void)
0006a6a8	__tf22_IO_istream_withassign	_IO_istream_withassign type_info function
0006a700	_._22_IO_ostream_withassign	_IO_ostream_withassign::~_IO_ostream_withassign(void)
0006a75c	__tf22_IO_ostream_withassign	_IO_ostream_withassign type_info function
0006a7b4	__tf3ios	ios type_info function
0006a7ec	__tf9streambuf	streambuf type_info function
0006a824	__tf7filebuf	filebuf type_info function
0006a87c	__tf11_ios_fields	_ios_fields type_info function
0006a8a8	__tf8_IO_FILE	_IO_FILE type_info function
0006a8d8	__tf9exception	exception type_info function
0006a918	__tf13bad_exception	bad_exception type_info function
0006a984	__tf9type_info	type_info type_info function
0006a9c4	__tf8bad_cast	bad_cast type_info function
0006aa10	__tf10bad_typeid	bad_typeid type_info function
0006aa5c	_._16__user_type_info	__user_type_info::~__user_type_info(void)
0006aa8c	__tf16__user_type_info	__user_type_info type_info function
0006aaf8	_._14__si_type_info	__si_type_info::~__si_type_info(void)
0006ab28	__tf14__si_type_info	__si_type_info type_info function
0006abc4	_._17__class_type_info	__class_type_info::~__class_type_info(void)
0006abf4	__tf17__class_type_info	__class_type_info type_info function
0006ac90	_._19__pointer_type_info	__pointer_type_info::~__pointer_type_info(void)
0006acc0	__tf19__pointer_type_info	__pointer_type_info type_info function
0006ad0c	_._16__attr_type_info	__attr_type_info::~__attr_type_info(void)
0006ad3c	__tf16__attr_type_info	__attr_type_info type_info function
0006ad88	_._19__builtin_type_info	__builtin_type_info::~__builtin_type_info(void)
0006adb8	__tf19__builtin_type_info	__builtin_type_info type_info function
0006ae04	_._16__func_type_info	__func_type_info::~__func_type_info(void)
0006ae34	__tf16__func_type_info	__func_type_info type_info function
0006ae80	_._16__ptmf_type_info	__ptmf_type_info::~__ptmf_type_info(void)
0006aeb0	__tf16__ptmf_type_info	__ptmf_type_info type_info function
0006aefc	_._16__ptmd_type_info	__ptmd_type_info::~__ptmd_type_info(void)
0006af2c	__tf16__ptmd_type_info	__ptmd_type_info type_info function
0006af78	_._17__array_type_info	__array_type_info::~__array_type_info(void)
0006afa8	__tf17__array_type_info	__array_type_info type_info function
0006aff4	_._9bad_alloc	bad_alloc::~bad_alloc(void)
0006b02c	__tf9bad_alloc	bad_alloc type_info function
0006b074	_fini	_fini
