addr	mangled	demangled
00043a58	_init	_init
00046614	__12cSSAeroplane	cSSAeroplane::cSSAeroplane(void)
00046790	_._12cSSAeroplane	cSSAeroplane::~cSSAeroplane(void)
00046840	DisasterFightingRoutineUpdateFn__12cSSAeroplaneUiQ210cSSVehicle11tExecStatusb	cSSAeroplane::DisasterFightingRoutineUpdateFn(unsigned int, cSSVehicle::tExecStatus, bool)
00046c70	DoPlaneRoutineUpdateFn__12cSSAeroplaneUiQ210cSSVehicle11tExecStatusb	cSSAeroplane::DoPlaneRoutineUpdateFn(unsigned int, cSSVehicle::tExecStatus, bool)
00046ef8	MakeArrivingPlane__12cSSAeroplaneiUi	cSSAeroplane::MakeArrivingPlane(int, unsigned int)
000470e0	MakeDisasterFightingPlane__12cSSAeroplaneiiii	cSSAeroplane::MakeDisasterFightingPlane(int, int, int, int)
00047248	Redirect__12cSSAeroplaneUiUi	cSSAeroplane::Redirect(unsigned int, unsigned int)
00047394	MoveAlongTaxiwayUpdateFn__12cSSAeroplaneUiQ210cSSVehicle11tExecStatusb	cSSAeroplane::MoveAlongTaxiwayUpdateFn(unsigned int, cSSVehicle::tExecStatus, bool)
000475e4	MoveToNeighbor__12cSSAeroplane	cSSAeroplane::MoveToNeighbor(void)
000477d0	SlowDownOnRunway__12cSSAeroplane	cSSAeroplane::SlowDownOnRunway(void)
00047920	SpeedUpOnRunway__12cSSAeroplane	cSSAeroplane::SpeedUpOnRunway(void)
00047a70	StaticInit__12cSSAeroplane	cSSAeroplane::StaticInit(void)
00047cac	StaticShutdown__12cSSAeroplane	cSSAeroplane::StaticShutdown(void)
00047d9c	TakeOffUpdateFn__12cSSAeroplaneUiQ210cSSVehicle11tExecStatusb	cSSAeroplane::TakeOffUpdateFn(unsigned int, cSSVehicle::tExecStatus, bool)
00047f80	TouchDown__12cSSAeroplane	cSSAeroplane::TouchDown(void)
00048190	TouchDownUpdateFn__12cSSAeroplaneUiQ210cSSVehicle11tExecStatusb	cSSAeroplane::TouchDownUpdateFn(unsigned int, cSSVehicle::tExecStatus, bool)
00048350	TurnIntoRunway__12cSSAeroplane	cSSAeroplane::TurnIntoRunway(void)
000484d4	TurnIntoRunwayUpdateFn__12cSSAeroplaneUiQ210cSSVehicle11tExecStatusb	cSSAeroplane::TurnIntoRunwayUpdateFn(unsigned int, cSSVehicle::tExecStatus, bool)
00048780	TurnIntoTaxiway__12cSSAeroplane	cSSAeroplane::TurnIntoTaxiway(void)
000488f4	TurnIntoTaxiwayUpdateFn__12cSSAeroplaneUiQ210cSSVehicle11tExecStatusb	cSSAeroplane::TurnIntoTaxiwayUpdateFn(unsigned int, cSSVehicle::tExecStatus, bool)
00048b8c	IsAirVehicle__12cSSAeroplane	cSSAeroplane::IsAirVehicle(void)
00048b98	SetPlaneAction__12cSSAeroplaneQ212cSSAeroplane12tPlaneAction	cSSAeroplane::SetPlaneAction(cSSAeroplane::tPlaneAction)
00048bac	CurrentAction__12cSSAeroplane	cSSAeroplane::CurrentAction(void)
00048bc0	SetCurrentViewType__12cSSAeroplanei	cSSAeroplane::SetCurrentViewType(int)
00048be0	IsNormalRoutinePlane__12cSSAeroplane	cSSAeroplane::IsNormalRoutinePlane(void)
00048bf4	GetFrameNumber__C12cSSAeroplaneii	cSSAeroplane::GetFrameNumber(int, int) const
00048c5c	ApproachAirport__12cSSAeroplane	cSSAeroplane::ApproachAirport(void)
00048c88	Descend__12cSSAeroplane	cSSAeroplane::Descend(void)
00048cb8	DescendUpdateFn__12cSSAeroplaneUiQ210cSSVehicle11tExecStatusb	cSSAeroplane::DescendUpdateFn(unsigned int, cSSVehicle::tExecStatus, bool)
00048d60	DisasterFightingRoutine__12cSSAeroplaneUiUiUiUi	cSSAeroplane::DisasterFightingRoutine(unsigned int, unsigned int, unsigned int, unsigned int)
00048e88	DoCircularMotionOnTakeOff__12cSSAeroplane	cSSAeroplane::DoCircularMotionOnTakeOff(void)
00048f20	DoPlaneRoutine__12cSSAeroplane	cSSAeroplane::DoPlaneRoutine(void)
00048f50	Draw__C12cSSAeroplaneP10cIGZBufferiiiiP7cRZRect	cSSAeroplane::Draw(cIGZBuffer *, int, int, int, int, cRZRect *) const
00049004	Draw__C12cSSAeroplaneP10cIGZBufferRC7cRZRectiiP7cRZRect	cSSAeroplane::Draw(cIGZBuffer *, cRZRect const &, int, int, cRZRect *) const
000490b0	EndDispatchMission__12cSSAeroplane	cSSAeroplane::EndDispatchMission(void)
000490c8	ExecuteCurrentUpdateFn__12cSSAeroplaneUiQ210cSSVehicle11tExecStatusb	cSSAeroplane::ExecuteCurrentUpdateFn(unsigned int, cSSVehicle::tExecStatus, bool)
00049174	GetPermissionForLanding__12cSSAeroplane	cSSAeroplane::GetPermissionForLanding(void)
000491a4	GetPermissionForLandingUpdateFn__12cSSAeroplaneUiQ210cSSVehicle11tExecStatusb	cSSAeroplane::GetPermissionForLandingUpdateFn(unsigned int, cSSVehicle::tExecStatus, bool)
0004922c	GetPermissionToTakeOff__12cSSAeroplane	cSSAeroplane::GetPermissionToTakeOff(void)
00049270	GetPermissionToTakeOffUpdateFn__12cSSAeroplaneUiQ210cSSVehicle11tExecStatusb	cSSAeroplane::GetPermissionToTakeOffUpdateFn(unsigned int, cSSVehicle::tExecStatus, bool)
000492e8	MakeDepartingPlane__12cSSAeroplaneUiUiUc	cSSAeroplane::MakeDepartingPlane(unsigned int, unsigned int, unsigned char)
000493f0	MoveAlongTaxiway__12cSSAeroplane	cSSAeroplane::MoveAlongTaxiway(void)
00049450	SetProducer__12cSSAeroplaneP19cISSVehicleProducer	cSSAeroplane::SetProducer(cISSVehicleProducer *)
00049490	SlowDownOnRunwayUpdateFn__12cSSAeroplaneUiQ210cSSVehicle11tExecStatusb	cSSAeroplane::SlowDownOnRunwayUpdateFn(unsigned int, cSSVehicle::tExecStatus, bool)
000494c8	SpeedUpOnRunwayUpdateFn__12cSSAeroplaneUiQ210cSSVehicle11tExecStatusb	cSSAeroplane::SpeedUpOnRunwayUpdateFn(unsigned int, cSSVehicle::tExecStatus, bool)
000494fc	SubTypeInfo__C12cSSAeroplane	cSSAeroplane::SubTypeInfo(void) const
00049508	TakeOff__12cSSAeroplane	cSSAeroplane::TakeOff(void)
00049574	CitySpecificStaticInit__20cSSAirTrafficManagerP9cISC3City	cSSAirTrafficManager::CitySpecificStaticInit(cISC3City *)
00049684	CitySpecificStaticShutdown__20cSSAirTrafficManager	cSSAirTrafficManager::CitySpecificStaticShutdown(void)
00049710	CreateAnArrivingPlane__20cSSAirTrafficManager	cSSAirTrafficManager::CreateAnArrivingPlane(void)
00049860	CreateAPlane__20cSSAirTrafficManager	cSSAirTrafficManager::CreateAPlane(void)
00049ad8	__20cSSAirTrafficManager	cSSAirTrafficManager::cSSAirTrafficManager(void)
00049d70	_._20cSSAirTrafficManager	cSSAirTrafficManager::~cSSAirTrafficManager(void)
00049e58	EvaluateRunwayConfig__20cSSAirTrafficManager	cSSAirTrafficManager::EvaluateRunwayConfig(void)
0004a094	DetermineTaxiwaySide__20cSSAirTrafficManager	cSSAirTrafficManager::DetermineTaxiwaySide(void)
0004a168	KillAllPlanes__20cSSAirTrafficManager	cSSAirTrafficManager::KillAllPlanes(void)
0004a1dc	PlaceInitialPlanes__20cSSAirTrafficManager	cSSAirTrafficManager::PlaceInitialPlanes(void)
0004a3b0	PlaneEnteredTaxiway__20cSSAirTrafficManagerP12cSSAeroplane	cSSAirTrafficManager::PlaneEnteredTaxiway(cSSAeroplane *)
0004a4ac	PlaneLeftTaxiway__20cSSAirTrafficManagerP12cSSAeroplane	cSSAirTrafficManager::PlaneLeftTaxiway(cSSAeroplane *)
0004a550	TaxiwayCellEmpty__20cSSAirTrafficManagerUiUi	cSSAirTrafficManager::TaxiwayCellEmpty(unsigned int, unsigned int)
0004a628	VehicleDisappears__20cSSAirTrafficManagerP11cISSVehicle	cSSAirTrafficManager::VehicleDisappears(cISSVehicle *)
0004a720	AnchorTile__20cSSAirTrafficManager	cSSAirTrafficManager::AnchorTile(void)
0004a730	GetRunwayEnd__20cSSAirTrafficManagerRUiT1	cSSAirTrafficManager::GetRunwayEnd(unsigned int &, unsigned int &)
0004a74c	GetRunwayBegin__20cSSAirTrafficManagerRUiT1	cSSAirTrafficManager::GetRunwayBegin(unsigned int &, unsigned int &)
0004a768	TaxiwaySide__20cSSAirTrafficManager	cSSAirTrafficManager::TaxiwaySide(void)
0004a778	IsRunwayInXDirection__20cSSAirTrafficManager	cSSAirTrafficManager::IsRunwayInXDirection(void)
0004a78c	AddRef__20cSSAirTrafficManager	cSSAirTrafficManager::AddRef(void)
0004a7a8	AddRunwayTileIfConnected__20cSSAirTrafficManagerP13cISC3Occupant	cSSAirTrafficManager::AddRunwayTileIfConnected(cISC3Occupant *)
0004a82c	CanOperate__20cSSAirTrafficManager	cSSAirTrafficManager::CanOperate(void)
0004a88c	GetLandingBeginCell__20cSSAirTrafficManagerRUiT1Ui	cSSAirTrafficManager::GetLandingBeginCell(unsigned int &, unsigned int &, unsigned int)
0004a8fc	GetTaxiwayEnd__20cSSAirTrafficManagerRUiT1	cSSAirTrafficManager::GetTaxiwayEnd(unsigned int &, unsigned int &)
0004a954	Init__20cSSAirTrafficManagerP13cISC3OccupantP26cSSAirTrafficManagerAttrib	cSSAirTrafficManager::Init(cISC3Occupant *, cSSAirTrafficManagerAttrib *)
0004a9ec	MicroYAtRunwayBegin__20cSSAirTrafficManager	cSSAirTrafficManager::MicroYAtRunwayBegin(void)
0004aa30	NeedVehicleDisappear__20cSSAirTrafficManagerP11cISSVehicleRUs	cSSAirTrafficManager::NeedVehicleDisappear(cISSVehicle *, unsigned short &)
0004aa40	QueryInterface__20cSSAirTrafficManagerUiPPv	cSSAirTrafficManager::QueryInterface(unsigned int, void **)
0004aaa4	Release__20cSSAirTrafficManager	cSSAirTrafficManager::Release(void)
0004aae4	RelinquishRunway__20cSSAirTrafficManagerP12cSSAeroplane	cSSAirTrafficManager::RelinquishRunway(cSSAeroplane *)
0004ab00	ReserveRunway__20cSSAirTrafficManagerP12cSSAeroplane	cSSAirTrafficManager::ReserveRunway(cSSAeroplane *)
0004ab20	RunwayTilePresent__20cSSAirTrafficManagerUiUi	cSSAirTrafficManager::RunwayTilePresent(unsigned int, unsigned int)
0004abdc	Shutdown__20cSSAirTrafficManager	cSSAirTrafficManager::Shutdown(void)
0004ac4c	Tick__20cSSAirTrafficManagerUi	cSSAirTrafficManager::Tick(unsigned int)
0004acf4	__26cSSAirTrafficManagerAttrib	cSSAirTrafficManagerAttrib::cSSAirTrafficManagerAttrib(void)
0004ad48	_._26cSSAirTrafficManagerAttrib	cSSAirTrafficManagerAttrib::~cSSAirTrafficManagerAttrib(void)
0004adf8	SerialRead__26cSSAirTrafficManagerAttribR18cIGZDBSerialRecord	cSSAirTrafficManagerAttrib::SerialRead(cIGZDBSerialRecord &)
0004b0b0	DebugInstanceTag__26cSSAirTrafficManagerAttribR10cIGZString	cSSAirTrafficManagerAttrib::DebugInstanceTag(cIGZString &)
0004b0dc	DebugClassTag__26cSSAirTrafficManagerAttribR10cIGZString	cSSAirTrafficManagerAttrib::DebugClassTag(cIGZString &)
0004b0ec	DebugTypeTag__26cSSAirTrafficManagerAttribR10cIGZString	cSSAirTrafficManagerAttrib::DebugTypeTag(cIGZString &)
0004b11c	GetAPlaneResInstId__26cSSAirTrafficManagerAttrib	cSSAirTrafficManagerAttrib::GetAPlaneResInstId(void)
0004b160	SerialWrite__26cSSAirTrafficManagerAttribR18cIGZDBSerialRecord	cSSAirTrafficManagerAttrib::SerialWrite(cIGZDBSerialRecord &)
0004b16c	Shutdown__26cSSAirTrafficManagerAttrib	cSSAirTrafficManagerAttrib::Shutdown(void)
0004b188	CreateInstance__33cSSAirTrafficManagerAttribFactoryUiUiPPv	cSSAirTrafficManagerAttribFactory::CreateInstance(unsigned int, unsigned int, void **)
0004b230	SerialRead__33cSSAirTrafficManagerAttribFactoryR12cIGZResourceR18cIGZDBSerialRecord	cSSAirTrafficManagerAttribFactory::SerialRead(cIGZResource &, cIGZDBSerialRecord &)
0004b25c	SerialWrite__33cSSAirTrafficManagerAttribFactoryR12cIGZResourceR18cIGZDBSerialRecord	cSSAirTrafficManagerAttribFactory::SerialWrite(cIGZResource &, cIGZDBSerialRecord &)
0004b2a4	SerialRead__19cSSAnimSpriteAttribR18cIGZDBSerialRecord	cSSAnimSpriteAttrib::SerialRead(cIGZDBSerialRecord &)
0004b804	SerialReadBinary__19cSSAnimSpriteAttribR18cIGZDBSerialRecord	cSSAnimSpriteAttrib::SerialReadBinary(cIGZDBSerialRecord &)
0004b9ec	SerialWrite__19cSSAnimSpriteAttribR18cIGZDBSerialRecord	cSSAnimSpriteAttrib::SerialWrite(cIGZDBSerialRecord &)
0004bbac	Shutdown__19cSSAnimSpriteAttrib	cSSAnimSpriteAttrib::Shutdown(void)
0004bcf4	GetSpriteRepository__19cSSAnimSpriteAttrib	cSSAnimSpriteAttrib::GetSpriteRepository(void)
0004bd08	__19cSSAnimSpriteAttrib	cSSAnimSpriteAttrib::cSSAnimSpriteAttrib(void)
0004bd54	_._19cSSAnimSpriteAttrib	cSSAnimSpriteAttrib::~cSSAnimSpriteAttrib(void)
0004bd9c	DebugInstanceTag__19cSSAnimSpriteAttribR10cIGZString	cSSAnimSpriteAttrib::DebugInstanceTag(cIGZString &)
0004bdc8	DebugClassTag__19cSSAnimSpriteAttribR10cIGZString	cSSAnimSpriteAttrib::DebugClassTag(cIGZString &)
0004bdd8	DebugTypeTag__19cSSAnimSpriteAttribR10cIGZString	cSSAnimSpriteAttrib::DebugTypeTag(cIGZString &)
0004be04	GetActionDescriptor__19cSSAnimSpriteAttribUi	cSSAnimSpriteAttrib::GetActionDescriptor(unsigned int)
0004be3c	GetARandomActionDescriptor__19cSSAnimSpriteAttrib	cSSAnimSpriteAttrib::GetARandomActionDescriptor(void)
0004be78	GetDefaultActionDescriptor__19cSSAnimSpriteAttrib	cSSAnimSpriteAttrib::GetDefaultActionDescriptor(void)
0004beb8	CreateInstance__26cSSAnimSpriteAttribFactoryUiUiPPv	cSSAnimSpriteAttribFactory::CreateInstance(unsigned int, unsigned int, void **)
0004bf64	SerialRead__26cSSAnimSpriteAttribFactoryR12cIGZResourceR18cIGZDBSerialRecord	cSSAnimSpriteAttribFactory::SerialRead(cIGZResource &, cIGZDBSerialRecord &)
0004bf94	SerialWrite__26cSSAnimSpriteAttribFactoryR12cIGZResourceR18cIGZDBSerialRecord	cSSAnimSpriteAttribFactory::SerialWrite(cIGZResource &, cIGZDBSerialRecord &)
0004bff4	BoatRoutine__7cSSBoat	cSSBoat::BoatRoutine(void)
0004c11c	BoatRoutineUpdateFn__7cSSBoatUiQ210cSSVehicle11tExecStatusb	cSSBoat::BoatRoutineUpdateFn(unsigned int, cSSVehicle::tExecStatus, bool)
0004c2a8	__7cSSBoat	cSSBoat::cSSBoat(void)
0004c380	FindStraightWaterPoint__7cSSBoatfiRiT3	cSSBoat::FindStraightWaterPoint(float, int, int &, int &)
0004c4f4	Init__7cSSBoatRC14cGZResourceKey	cSSBoat::Init(cGZResourceKey const &)
0004c740	PutInCell__7cSSBoatUiUi	cSSBoat::PutInCell(unsigned int, unsigned int)
0004c8e8	GetStartingPoint__7cSSBoatRUiT1	cSSBoat::GetStartingPoint(unsigned int &, unsigned int &)
0004c910	SetCurrentViewType__7cSSBoati	cSSBoat::SetCurrentViewType(int)
0004c934	GetFrameNumber__C7cSSBoatii	cSSBoat::GetFrameNumber(int, int) const
0004c9b0	AddRef__7cSSBoat	cSSBoat::AddRef(void)
0004c9dc	EnableWake__7cSSBoatb	cSSBoat::EnableWake(bool)
0004ca20	ChangePosition__7cSSBoatR13cSC3CityCoord	cSSBoat::ChangePosition(cSC3CityCoord &)
0004ca70	CitySpecificStaticInit__7cSSBoatP9cISC3City	cSSBoat::CitySpecificStaticInit(cISC3City *)
0004cab8	CitySpecificStaticShutdown__7cSSBoat	cSSBoat::CitySpecificStaticShutdown(void)
0004caf8	_._7cSSBoat	cSSBoat::~cSSBoat(void)
0004cb6c	Draw__C7cSSBoatP10cIGZBufferiiiiP7cRZRect	cSSBoat::Draw(cIGZBuffer *, int, int, int, int, cRZRect *) const
0004cc50	Draw__C7cSSBoatP10cIGZBufferRC7cRZRectiiP7cRZRect	cSSBoat::Draw(cIGZBuffer *, cRZRect const &, int, int, cRZRect *) const
0004cd30	ExecuteCurrentUpdateFn__7cSSBoatUiQ210cSSVehicle11tExecStatusb	cSSBoat::ExecuteCurrentUpdateFn(unsigned int, cSSVehicle::tExecStatus, bool)
0004cdd8	FindAnyNeighboringWaterPoint__7cSSBoatiRUcRiT3	cSSBoat::FindAnyNeighboringWaterPoint(int, unsigned char &, int &, int &)
0004ce6c	FindAWaterPoint__7cSSBoatfiRiT3Rf	cSSBoat::FindAWaterPoint(float, int, int &, int &, float &)
0004cf64	NeedVehicleDisappear__7cSSBoatP11cISSVehicleRUs	cSSBoat::NeedVehicleDisappear(cISSVehicle *, unsigned short &)
0004cf74	QueryInterface__7cSSBoatUiPPv	cSSBoat::QueryInterface(unsigned int, void **)
0004cfc8	Release__7cSSBoat	cSSBoat::Release(void)
0004cff4	SetOrientation__7cSSBoatUc	cSSBoat::SetOrientation(unsigned char)
0004d044	Shutdown__7cSSBoat	cSSBoat::Shutdown(void)
0004d0d0	StaticInit__7cSSBoat	cSSBoat::StaticInit(void)
0004d120	StaticShutdown__7cSSBoat	cSSBoat::StaticShutdown(void)
0004d150	SubTypeInfo__C7cSSBoat	cSSBoat::SubTypeInfo(void) const
0004d160	Tick__7cSSBoatUi	cSSBoat::Tick(unsigned int)
0004d21c	VehicleDisappears__7cSSBoatP11cISSVehicle	cSSBoat::VehicleDisappears(cISSVehicle *)
0004d264	BoatHitLand__15cSSBoatProducerUiUi	cSSBoatProducer::BoatHitLand(unsigned int, unsigned int)
0004d44c	CanPlaceBoat__15cSSBoatProducerUiUi	cSSBoatProducer::CanPlaceBoat(unsigned int, unsigned int)
0004d5b0	CitySpecificStaticInit__15cSSBoatProducerP9cISC3City	cSSBoatProducer::CitySpecificStaticInit(cISC3City *)
0004d6c8	CitySpecificStaticShutdown__15cSSBoatProducer	cSSBoatProducer::CitySpecificStaticShutdown(void)
0004d768	CreateABoat__15cSSBoatProducerP24cSSVehicleProducerAttrib	cSSBoatProducer::CreateABoat(cSSVehicleProducerAttrib *)
0004d894	CreateAndPlaceABoat__15cSSBoatProducer	cSSBoatProducer::CreateAndPlaceABoat(void)
0004da6c	__15cSSBoatProducer	cSSBoatProducer::cSSBoatProducer(void)
0004df64	_._15cSSBoatProducer	cSSBoatProducer::~cSSBoatProducer(void)
0004e0d8	DeterminePointsWhereBoatsCanBePlaced__15cSSBoatProducer	cSSBoatProducer::DeterminePointsWhereBoatsCanBePlaced(void)
0004e324	FindAWaterPointToPlaceBoat__15cSSBoatProducerRUiT1	cSSBoatProducer::FindAWaterPointToPlaceBoat(unsigned int &, unsigned int &)
0004e4f4	MarinaInsertedIntoCity__15cSSBoatProducerP13cISC3Occupant	cSSBoatProducer::MarinaInsertedIntoCity(cISC3Occupant *)
0004e5fc	MarinaRemovedFromCity__15cSSBoatProducerP13cISC3Occupant	cSSBoatProducer::MarinaRemovedFromCity(cISC3Occupant *)
0004e6a0	RemoveBoats__15cSSBoatProducerUi	cSSBoatProducer::RemoveBoats(unsigned int)
0004e924	StaticInit__15cSSBoatProducer	cSSBoatProducer::StaticInit(void)
0004f348	Tick__15cSSBoatProducerUi	cSSBoatProducer::Tick(unsigned int)
0004f62c	VehicleDisappears__15cSSBoatProducerP11cISSVehicle	cSSBoatProducer::VehicleDisappears(cISSVehicle *)
0004f72c	AddRef__15cSSBoatProducer	cSSBoatProducer::AddRef(void)
0004f748	Init__15cSSBoatProducer	cSSBoatProducer::Init(void)
0004f794	IsCloseToMarina__15cSSBoatProducerii	cSSBoatProducer::IsCloseToMarina(int, int)
0004f820	IsGridContainingCellUnoccupiedByBoats__15cSSBoatProducerUiUi	cSSBoatProducer::IsGridContainingCellUnoccupiedByBoats(unsigned int, unsigned int)
0004f8ac	NeedVehicleDisappear__15cSSBoatProducerP11cISSVehicleRUs	cSSBoatProducer::NeedVehicleDisappear(cISSVehicle *, unsigned short &)
0004f8bc	PlaceInitialBoats__15cSSBoatProducer	cSSBoatProducer::PlaceInitialBoats(void)
0004f90c	QueryInterface__15cSSBoatProducerUiPPv	cSSBoatProducer::QueryInterface(unsigned int, void **)
0004f96c	Release__15cSSBoatProducer	cSSBoatProducer::Release(void)
0004f9b0	SetNumberOfBoatsToProduce__15cSSBoatProducerUi	cSSBoatProducer::SetNumberOfBoatsToProduce(unsigned int)
0004f9ec	Shutdown__15cSSBoatProducer	cSSBoatProducer::Shutdown(void)
0004fa58	StaticShutdown__15cSSBoatProducer	cSSBoatProducer::StaticShutdown(void)
0004fae4	RZGetCOMDllDirector_StrtSim__Fv	RZGetCOMDllDirector_StrtSim(void)
0004fcf4	__19cSSDependentVehicle	cSSDependentVehicle::cSSDependentVehicle(void)
0004fd40	SubTypeInfo__C19cSSDependentVehicle	cSSDependentVehicle::SubTypeInfo(void) const
0004fd54	DisasterFightingRoutine__13cSSHelicopterUiUiUiUi	cSSHelicopter::DisasterFightingRoutine(unsigned int, unsigned int, unsigned int, unsigned int)
0004ff48	DisasterFightingRoutineUpdateFn__13cSSHelicopterUiQ210cSSVehicle11tExecStatusb	cSSHelicopter::DisasterFightingRoutineUpdateFn(unsigned int, cSSVehicle::tExecStatus, bool)
00050040	MoveCircular__13cSSHelicopter	cSSHelicopter::MoveCircular(void)
0005014c	MoveToNeighbor__13cSSHelicopter	cSSHelicopter::MoveToNeighbor(void)
00050280	NormalHelicopterRoutine__13cSSHelicopter	cSSHelicopter::NormalHelicopterRoutine(void)
00050444	NormalHelicopterRoutineUpdateFn__13cSSHelicopterUiQ210cSSVehicle11tExecStatusb	cSSHelicopter::NormalHelicopterRoutineUpdateFn(unsigned int, cSSVehicle::tExecStatus, bool)
00050570	IsAirVehicle__13cSSHelicopter	cSSHelicopter::IsAirVehicle(void)
0005057c	IsNormalRoutineHelicopter__13cSSHelicopter	cSSHelicopter::IsNormalRoutineHelicopter(void)
00050590	SetCurrentViewType__13cSSHelicopteri	cSSHelicopter::SetCurrentViewType(int)
000505b4	GetFrameNumber__C13cSSHelicopterii	cSSHelicopter::GetFrameNumber(int, int) const
00050628	CitySpecificStaticInit__13cSSHelicopterP9cISC3City	cSSHelicopter::CitySpecificStaticInit(cISC3City *)
000506a8	CitySpecificStaticShutdown__13cSSHelicopter	cSSHelicopter::CitySpecificStaticShutdown(void)
000506e8	__13cSSHelicopter	cSSHelicopter::cSSHelicopter(void)
00050744	_._13cSSHelicopter	cSSHelicopter::~cSSHelicopter(void)
000507a0	Draw__C13cSSHelicopterP10cIGZBufferiiiiP7cRZRect	cSSHelicopter::Draw(cIGZBuffer *, int, int, int, int, cRZRect *) const
00050874	Draw__C13cSSHelicopterP10cIGZBufferRC7cRZRectiiP7cRZRect	cSSHelicopter::Draw(cIGZBuffer *, cRZRect const &, int, int, cRZRect *) const
00050948	EndDispatchMission__13cSSHelicopter	cSSHelicopter::EndDispatchMission(void)
00050960	ExecuteCurrentUpdateFn__13cSSHelicopterUiQ210cSSVehicle11tExecStatusb	cSSHelicopter::ExecuteCurrentUpdateFn(unsigned int, cSSVehicle::tExecStatus, bool)
00050a08	GetAPointOnTheEdgeOfTheCity__13cSSHelicopterUcRiT2	cSSHelicopter::GetAPointOnTheEdgeOfTheCity(unsigned char, int &, int &)
00050b0c	MakeNormalRoutineHelicopter__13cSSHelicopter	cSSHelicopter::MakeNormalRoutineHelicopter(void)
00050b78	MakeDisasterFightingHelicopter__13cSSHelicopteriiii	cSSHelicopter::MakeDisasterFightingHelicopter(int, int, int, int)
00050bfc	MoveStraight__13cSSHelicopter	cSSHelicopter::MoveStraight(void)
00050c8c	StaticInit__13cSSHelicopter	cSSHelicopter::StaticInit(void)
00050cf8	StaticShutdown__13cSSHelicopter	cSSHelicopter::StaticShutdown(void)
00050d34	SubTypeInfo__C13cSSHelicopter	cSSHelicopter::SubTypeInfo(void) const
00050d44	CreateAHelicopter__21cSSHelicopterProducer	cSSHelicopterProducer::CreateAHelicopter(void)
00050ee0	SetNumNormalRoutineHelicopters__21cSSHelicopterProducerUi	cSSHelicopterProducer::SetNumNormalRoutineHelicopters(unsigned int)
00050ef0	AddRef__21cSSHelicopterProducer	cSSHelicopterProducer::AddRef(void)
00050f0c	CitySpecificStaticInit__21cSSHelicopterProducerP9cISC3City	cSSHelicopterProducer::CitySpecificStaticInit(cISC3City *)
00050f44	CitySpecificStaticShutdown__21cSSHelicopterProducer	cSSHelicopterProducer::CitySpecificStaticShutdown(void)
00050f84	CreateANormalRoutineHelicopter__21cSSHelicopterProducer	cSSHelicopterProducer::CreateANormalRoutineHelicopter(void)
00050ff0	__21cSSHelicopterProducer	cSSHelicopterProducer::cSSHelicopterProducer(void)
00051048	_._21cSSHelicopterProducer	cSSHelicopterProducer::~cSSHelicopterProducer(void)
00051098	DispatchHelicopter__21cSSHelicopterProducerUiUiUiUi	cSSHelicopterProducer::DispatchHelicopter(unsigned int, unsigned int, unsigned int, unsigned int)
0005111c	Init__21cSSHelicopterProducerP26cSSAirTrafficManagerAttrib	cSSHelicopterProducer::Init(cSSAirTrafficManagerAttrib *)
00051178	NeedVehicleDisappear__21cSSHelicopterProducerP11cISSVehicleRUs	cSSHelicopterProducer::NeedVehicleDisappear(cISSVehicle *, unsigned short &)
00051188	QueryInterface__21cSSHelicopterProducerUiPPv	cSSHelicopterProducer::QueryInterface(unsigned int, void **)
000511e8	Release__21cSSHelicopterProducer	cSSHelicopterProducer::Release(void)
00051244	Shutdown__21cSSHelicopterProducer	cSSHelicopterProducer::Shutdown(void)
0005128c	Tick__21cSSHelicopterProducerUi	cSSHelicopterProducer::Tick(unsigned int)
00051328	VehicleDisappears__21cSSHelicopterProducerP11cISSVehicle	cSSHelicopterProducer::VehicleDisappears(cISSVehicle *)
00051384	Test__30cSSOccFilterRoadVehicleRectSetP13cISC3Occupant	cSSOccFilterRoadVehicleRectSet::Test(cISC3Occupant *)
0005143c	__30cSSOccFilterRoadVehicleRectSet	cSSOccFilterRoadVehicleRectSet::cSSOccFilterRoadVehicleRectSet(void)
0005148c	Test__25cSSOccFilterPeopleRectSetP13cISC3Occupant	cSSOccFilterPeopleRectSet::Test(cISC3Occupant *)
00051538	SetRectangles__25cSSOccFilterPeopleRectSetP14sIGZRectUint32Ri	cSSOccFilterPeopleRectSet::SetRectangles(sIGZRectUint32 *, int &)
000515a4	SetRectangles__30cSSOccFilterRoadVehicleRectSetP14sIGZRectUint32Ri	cSSOccFilterRoadVehicleRectSet::SetRectangles(sIGZRectUint32 *, int &)
0005160c	Test__35cSSOccFilterNonEmergencyRoadVehicleP13cISC3Occupant	cSSOccFilterNonEmergencyRoadVehicle::Test(cISC3Occupant *)
00051668	Test__16cSSOccFilterBoatP13cISC3Occupant	cSSOccFilterBoat::Test(cISC3Occupant *)
000516c4	SelectAnEdge__15tPPathGraphNodeUc	tPPathGraphNode::SelectAnEdge(unsigned char)
00051784	__15tPPathGraphEdge	tPPathGraphEdge::tPPathGraphEdge(void)
000517e8	_._15tPPathGraphEdge	tPPathGraphEdge::~tPPathGraphEdge(void)
0005189c	__19cSSPPathGraphAttribP23cSSStrtSimTrBlockAttrib	cSSPPathGraphAttrib::cSSPPathGraphAttrib(cSSStrtSimTrBlockAttrib *)
00051910	_._19cSSPPathGraphAttrib	cSSPPathGraphAttrib::~cSSPPathGraphAttrib(void)
000519dc	GetIntersectingCrossWalks__19cSSPPathGraphAttribRC13cSC3CityCoordT1Rt6vector2ZScZt9allocator1ZScUc	cSSPPathGraphAttrib::GetIntersectingCrossWalks(cSC3CityCoord const &, cSC3CityCoord const &, vector<signed char, allocator<signed char> > &, unsigned char)
00051b18	GetNearestNodeAtGivenAltitude__19cSSPPathGraphAttribiii	cSSPPathGraphAttrib::GetNearestNodeAtGivenAltitude(int, int, int)
00051ba4	Init__19cSSPPathGraphAttrib	cSSPPathGraphAttrib::Init(void)
00051d60	SerialRead__19cSSPPathGraphAttribR18cIGZDBSerialRecord	cSSPPathGraphAttrib::SerialRead(cIGZDBSerialRecord &)
00052a58	SerialReadBinary__19cSSPPathGraphAttribR18cIGZDBSerialRecord	cSSPPathGraphAttrib::SerialReadBinary(cIGZDBSerialRecord &)
00053344	SerialWrite__19cSSPPathGraphAttribR18cIGZDBSerialRecord	cSSPPathGraphAttrib::SerialWrite(cIGZDBSerialRecord &)
00053590	GetPosition__15tPPathGraphNodeR13cSC3CityCoord	tPPathGraphNode::GetPosition(cSC3CityCoord &)
000535b4	SelectAnInternalEdge__15tPPathGraphNode	tPPathGraphNode::SelectAnInternalEdge(void)
00053638	GetNode__19cSSPPathGraphAttribii	cSSPPathGraphAttrib::GetNode(int, int)
000536d4	MakeCurrentPath__14cSSParadeBlockP15cISSVehiclePath	cSSParadeBlock::MakeCurrentPath(cISSVehiclePath *)
000537cc	PlaceOnTransitTile__14cSSParadeBlockP13cISC3Occupant	cSSParadeBlock::PlaceOnTransitTile(cISC3Occupant *)
000538d4	PlaceOnTransitTile__14cSSParadeBlockP13cISC3OccupantUc	cSSParadeBlock::PlaceOnTransitTile(cISC3Occupant *, unsigned char)
00053ab8	ParadeBlockMovement__14cSSParadeBlock	cSSParadeBlock::ParadeBlockMovement(void)
00053c0c	ParadeBlockMovementUpdateFn__14cSSParadeBlockUiQ210cSSVehicle11tExecStatusb	cSSParadeBlock::ParadeBlockMovementUpdateFn(unsigned int, cSSVehicle::tExecStatus, bool)
00053d6c	StaticInit__14cSSParadeBlock	cSSParadeBlock::StaticInit(void)
00053e08	SelectPath__14cSSParadeBlockP13cISC3Occupant	cSSParadeBlock::SelectPath(cISC3Occupant *)
00053f1c	IsBored__14cSSParadeBlock	cSSParadeBlock::IsBored(void)
00053f2c	GetOrientation__14cSSParadeBlock	cSSParadeBlock::GetOrientation(void)
00053f40	SetCurrentViewType__14cSSParadeBlocki	cSSParadeBlock::SetCurrentViewType(int)
00053f64	GetFrameNumber__C14cSSParadeBlockii	cSSParadeBlock::GetFrameNumber(int, int) const
00053fd8	AddRef__14cSSParadeBlock	cSSParadeBlock::AddRef(void)
00054004	CallScriptFunction__14cSSParadeBlockPQ216cSSStrtSimScript12tInstruction	cSSParadeBlock::CallScriptFunction(cSSStrtSimScript::tInstruction *)
0005406c	__14cSSParadeBlock	cSSParadeBlock::cSSParadeBlock(void)
0005410c	_._14cSSParadeBlock	cSSParadeBlock::~cSSParadeBlock(void)
00054170	Disburse__14cSSParadeBlock	cSSParadeBlock::Disburse(void)
00054184	DoMessage__14cSSParadeBlockR10cGZMessage	cSSParadeBlock::DoMessage(cGZMessage &)
00054194	Draw__C14cSSParadeBlockP10cIGZBufferiiiiP7cRZRect	cSSParadeBlock::Draw(cIGZBuffer *, int, int, int, int, cRZRect *) const
0005426c	Draw__C14cSSParadeBlockP10cIGZBufferRC7cRZRectiiP7cRZRect	cSSParadeBlock::Draw(cIGZBuffer *, cRZRect const &, int, int, cRZRect *) const
00054338	GetAllSpans__C14cSSParadeBlockiiR7cRZRect	cSSParadeBlock::GetAllSpans(int, int, cRZRect &) const
0005436c	EnterPathInVehicleLessTile__14cSSParadeBlockP15cISSVehiclePath	cSSParadeBlock::EnterPathInVehicleLessTile(cISSVehiclePath *)
000543b4	EnterPathInVehicleLessTileUpdateFn__14cSSParadeBlockUiQ210cSSVehicle11tExecStatusb	cSSParadeBlock::EnterPathInVehicleLessTileUpdateFn(unsigned int, cSSVehicle::tExecStatus, bool)
00054444	ExecuteCurrentUpdateFn__14cSSParadeBlockUiQ210cSSVehicle11tExecStatusb	cSSParadeBlock::ExecuteCurrentUpdateFn(unsigned int, cSSVehicle::tExecStatus, bool)
000544e8	GetGeomFlag__14cSSParadeBlock	cSSParadeBlock::GetGeomFlag(void)
000544f4	GetLocation__14cSSParadeBlockRUiT1	cSSParadeBlock::GetLocation(unsigned int &, unsigned int &)
00054518	GetLocationMicro__14cSSParadeBlockRiN21	cSSParadeBlock::GetLocationMicro(int &, int &, int &)
00054544	LeaveLastPath__14cSSParadeBlock	cSSParadeBlock::LeaveLastPath(void)
000545c0	QueryInterface__14cSSParadeBlockUiPPv	cSSParadeBlock::QueryInterface(unsigned int, void **)
00054618	Release__14cSSParadeBlock	cSSParadeBlock::Release(void)
00054644	ParadeBlockMovementScriptFn__14cSSParadeBlockPQ216cSSStrtSimScript12tInstruction	cSSParadeBlock::ParadeBlockMovementScriptFn(cSSStrtSimScript::tInstruction *)
00054670	SetAssociatedParadeInstance__14cSSParadeBlockP24cISC3EventParadeInstance	cSSParadeBlock::SetAssociatedParadeInstance(cISC3EventParadeInstance *)
000546a4	Shutdown__14cSSParadeBlock	cSSParadeBlock::Shutdown(void)
0005472c	StaticShutdown__14cSSParadeBlock	cSSParadeBlock::StaticShutdown(void)
00054764	SubTypeInfo__C14cSSParadeBlock	cSSParadeBlock::SubTypeInfo(void) const
00054774	Tick__14cSSParadeBlockUi	cSSParadeBlock::Tick(unsigned int)
000547e8	SelectAnEdge__14cSSParadeBlockP15tVPathGraphNodeii	cSSParadeBlock::SelectAnEdge(tVPathGraphNode *, int, int)
00054864	ChangePosition__14cSSParadeBlockR13cSC3CityCoord	cSSParadeBlock::ChangePosition(cSC3CityCoord &)
00054944	SetOrientation__14cSSParadeBlockUc	cSSParadeBlock::SetOrientation(unsigned char)
00054980	Rewind__20cSSPeopleForwardPath	cSSPeopleForwardPath::Rewind(void)
00054994	GetStartPoint__20cSSPeopleForwardPathRiN21	cSSPeopleForwardPath::GetStartPoint(int &, int &, int &)
000549d4	GetNextPoint__20cSSPeopleForwardPathRiN21	cSSPeopleForwardPath::GetNextPoint(int &, int &, int &)
00054a30	GetEndOrientation__20cSSPeopleForwardPath	cSSPeopleForwardPath::GetEndOrientation(void)
00054a44	GetEndCell__20cSSPeopleForwardPathRUiT1	cSSPeopleForwardPath::GetEndCell(unsigned int &, unsigned int &)
00054a84	GetEdge__20cSSPeopleForwardPath	cSSPeopleForwardPath::GetEdge(void)
00054a94	Rewind__21cSSPeopleBackwardPath	cSSPeopleBackwardPath::Rewind(void)
00054aa8	GetStartPoint__21cSSPeopleBackwardPathRiN21	cSSPeopleBackwardPath::GetStartPoint(int &, int &, int &)
00054af0	GetNextPoint__21cSSPeopleBackwardPathRiN21	cSSPeopleBackwardPath::GetNextPoint(int &, int &, int &)
00054b44	GetEndOrientation__21cSSPeopleBackwardPath	cSSPeopleBackwardPath::GetEndOrientation(void)
00054b58	GetEndCell__21cSSPeopleBackwardPathRUiT1	cSSPeopleBackwardPath::GetEndCell(unsigned int &, unsigned int &)
00054b8c	GetEdge__21cSSPeopleBackwardPath	cSSPeopleBackwardPath::GetEdge(void)
00054ba0	__20cSSPeopleForwardPathiiiP17cSSStrtSimTrBlockP15tPPathGraphEdge	cSSPeopleForwardPath::cSSPeopleForwardPath(int, int, int, cSSStrtSimTrBlock *, tPPathGraphEdge *)
00054c34	_._20cSSPeopleForwardPath	cSSPeopleForwardPath::~cSSPeopleForwardPath(void)
00054c8c	EnterPerson__20cSSPeopleForwardPathP10cISSPerson	cSSPeopleForwardPath::EnterPerson(cISSPerson *)
00054cd0	PersonLeftPath__20cSSPeopleForwardPathP10cISSPerson	cSSPeopleForwardPath::PersonLeftPath(cISSPerson *)
00054d10	__21cSSPeopleBackwardPathiiiP17cSSStrtSimTrBlockP15tPPathGraphEdge	cSSPeopleBackwardPath::cSSPeopleBackwardPath(int, int, int, cSSStrtSimTrBlock *, tPPathGraphEdge *)
00054da4	_._21cSSPeopleBackwardPath	cSSPeopleBackwardPath::~cSSPeopleBackwardPath(void)
00054dfc	EnterPerson__21cSSPeopleBackwardPathP10cISSPerson	cSSPeopleBackwardPath::EnterPerson(cISSPerson *)
00054e40	PersonLeftPath__21cSSPeopleBackwardPathP10cISSPerson	cSSPeopleBackwardPath::PersonLeftPath(cISSPerson *)
00054e84	SerialRead__19cSSPeoplePathAttribR18cIGZDBSerialRecord	cSSPeoplePathAttrib::SerialRead(cIGZDBSerialRecord &)
00055208	SerialReadBinary__19cSSPeoplePathAttribR18cIGZDBSerialRecord	cSSPeoplePathAttrib::SerialReadBinary(cIGZDBSerialRecord &)
00055360	SerialWrite__19cSSPeoplePathAttribR18cIGZDBSerialRecord	cSSPeoplePathAttrib::SerialWrite(cIGZDBSerialRecord &)
000554a0	GetEndOrientation__19cSSPeoplePathAttrib	cSSPeoplePathAttrib::GetEndOrientation(void)
000554b0	GetBeginOrientation__19cSSPeoplePathAttrib	cSSPeoplePathAttrib::GetBeginOrientation(void)
000554c4	__19cSSPeoplePathAttrib	cSSPeoplePathAttrib::cSSPeoplePathAttrib(void)
00055514	_._19cSSPeoplePathAttrib	cSSPeoplePathAttrib::~cSSPeoplePathAttrib(void)
00055560	Shutdown__19cSSPeoplePathAttrib	cSSPeoplePathAttrib::Shutdown(void)
000555dc	CreateInstance__26cSSPeoplePathAttribFactoryUiUiPPv	cSSPeoplePathAttribFactory::CreateInstance(unsigned int, unsigned int, void **)
00055690	SerialRead__26cSSPeoplePathAttribFactoryR12cIGZResourceR18cIGZDBSerialRecord	cSSPeoplePathAttribFactory::SerialRead(cIGZResource &, cIGZDBSerialRecord &)
000556c0	SerialWrite__26cSSPeoplePathAttribFactoryR12cIGZResourceR18cIGZDBSerialRecord	cSSPeoplePathAttribFactory::SerialWrite(cIGZResource &, cIGZDBSerialRecord &)
000556f4	PutPeopleInRect__17cSSPeopleProducerRC14sIGZRectUint32	cSSPeopleProducer::PutPeopleInRect(sIGZRectUint32 const &)
00055974	PutPeopleOnRoadTile__17cSSPeopleProducerP13cISC3OccupantUi	cSSPeopleProducer::PutPeopleOnRoadTile(cISC3Occupant *, unsigned int)
00055b04	SelectBehaviorMode__17cSSPeopleProducer	cSSPeopleProducer::SelectBehaviorMode(void)
00055d34	IncludeRoads__17cSSPeopleProducerP13cISC3Occupant	cSSPeopleProducer::IncludeRoads(cISC3Occupant *)
00055d64	AddRef__17cSSPeopleProducer	cSSPeopleProducer::AddRef(void)
00055d80	ChangeLocation__17cSSPeopleProducerUiUi	cSSPeopleProducer::ChangeLocation(unsigned int, unsigned int)
00055e2c	CitySpecificStaticInit__17cSSPeopleProducerP9cISC3City	cSSPeopleProducer::CitySpecificStaticInit(cISC3City *)
00055ed0	ComputeSurroundRect__17cSSPeopleProducerUiUiR14sIGZRectUint32	cSSPeopleProducer::ComputeSurroundRect(unsigned int, unsigned int, sIGZRectUint32 &)
00055f50	CitySpecificStaticShutdown__17cSSPeopleProducer	cSSPeopleProducer::CitySpecificStaticShutdown(void)
00055fb0	__17cSSPeopleProducer	cSSPeopleProducer::cSSPeopleProducer(void)
0005602c	_._17cSSPeopleProducer	cSSPeopleProducer::~cSSPeopleProducer(void)
0005607c	Init__17cSSPeopleProducerP24cISSPeopleProducerAttribUiUi	cSSPeopleProducer::Init(cISSPeopleProducerAttrib *, unsigned int, unsigned int)
00056150	PersonDisappears__17cSSPeopleProducerP10cISSPerson	cSSPeopleProducer::PersonDisappears(cISSPerson *)
00056194	QueryInterface__17cSSPeopleProducerUiPPv	cSSPeopleProducer::QueryInterface(unsigned int, void **)
000561f0	RectIntersect__17cSSPeopleProducerRC14sIGZRectUint32T1R14sIGZRectUint32	cSSPeopleProducer::RectIntersect(sIGZRectUint32 const &, sIGZRectUint32 const &, sIGZRectUint32 &)
00056270	Release__17cSSPeopleProducer	cSSPeopleProducer::Release(void)
000562cc	SetRemovalCompensation__17cSSPeopleProducerb	cSSPeopleProducer::SetRemovalCompensation(bool)
000562e0	Shutdown__17cSSPeopleProducer	cSSPeopleProducer::Shutdown(void)
00056324	Tick__17cSSPeopleProducerUi	cSSPeopleProducer::Tick(unsigned int)
000563a4	SpreadSpectators__17cSSPeopleProducerUiUiUi	cSSPeopleProducer::SpreadSpectators(unsigned int, unsigned int, unsigned int)
00056530	__23cSSPeopleProducerAttrib	cSSPeopleProducerAttrib::cSSPeopleProducerAttrib(void)
000565bc	_._23cSSPeopleProducerAttrib	cSSPeopleProducerAttrib::~cSSPeopleProducerAttrib(void)
000567b0	SerialReadBinary__23cSSPeopleProducerAttribR18cIGZDBSerialRecord	cSSPeopleProducerAttrib::SerialReadBinary(cIGZDBSerialRecord &)
00057308	SerialReadText__23cSSPeopleProducerAttribR18cIGZDBSerialRecord	cSSPeopleProducerAttrib::SerialReadText(cIGZDBSerialRecord &)
000580d8	SerialWrite__23cSSPeopleProducerAttribR18cIGZDBSerialRecord	cSSPeopleProducerAttrib::SerialWrite(cIGZDBSerialRecord &)
00058434	Shutdown__23cSSPeopleProducerAttrib	cSSPeopleProducerAttrib::Shutdown(void)
0005864c	AddRef__23cSSPeopleProducerAttrib	cSSPeopleProducerAttrib::AddRef(void)
00058674	GetMode__23cSSPeopleProducerAttribUi	cSSPeopleProducerAttrib::GetMode(unsigned int)
000586a0	GetNumberOfModes__23cSSPeopleProducerAttrib	cSSPeopleProducerAttrib::GetNumberOfModes(void)
000586bc	GetModeSelectionMethod__23cSSPeopleProducerAttrib	cSSPeopleProducerAttrib::GetModeSelectionMethod(void)
000586d8	GetResKey__C23cSSPeopleProducerAttribR14cGZResourceKey	cSSPeopleProducerAttrib::GetResKey(cGZResourceKey &) const
00058700	QueryInterface__23cSSPeopleProducerAttribUiPPv	cSSPeopleProducerAttrib::QueryInterface(unsigned int, void **)
00058770	Release__23cSSPeopleProducerAttrib	cSSPeopleProducerAttrib::Release(void)
0005879c	DebugInstanceTag__23cSSPeopleProducerAttribR10cIGZString	cSSPeopleProducerAttrib::DebugInstanceTag(cIGZString &)
000587c8	DebugClassTag__23cSSPeopleProducerAttribR10cIGZString	cSSPeopleProducerAttrib::DebugClassTag(cIGZString &)
000587d8	DebugTypeTag__23cSSPeopleProducerAttribR10cIGZString	cSSPeopleProducerAttrib::DebugTypeTag(cIGZString &)
00058808	SerialRead__23cSSPeopleProducerAttribR18cIGZDBSerialRecord	cSSPeopleProducerAttrib::SerialRead(cIGZDBSerialRecord &)
000588a4	BuildPath__9cSSPersonUiUiP15tPPathGraphEdge	cSSPerson::BuildPath(unsigned int, unsigned int, tPPathGraphEdge *)
00058ad0	ChooseNextPathGraph__9cSSPersonUcRP19cSSPPathGraphAttribRP15tPPathGraphNode	cSSPerson::ChooseNextPathGraph(unsigned char, cSSPPathGraphAttrib *&, tPPathGraphNode *&)
00058cc4	CitySpecificStaticInit__9cSSPersonP9cISC3City	cSSPerson::CitySpecificStaticInit(cISC3City *)
00058de8	CitySpecificStaticShutdown__9cSSPerson	cSSPerson::CitySpecificStaticShutdown(void)
00058e88	__9cSSPerson	cSSPerson::cSSPerson(void)
00058f5c	ExecuteScriptUpdateFn__9cSSPersonUiQ29cSSPerson11tExecStatusb	cSSPerson::ExecuteScriptUpdateFn(unsigned int, cSSPerson::tExecStatus, bool)
0005908c	GetPathGraphAndNodeForMyPosition__9cSSPersonRP19cSSPPathGraphAttribRP15tPPathGraphNode	cSSPerson::GetPathGraphAndNodeForMyPosition(cSSPPathGraphAttrib *&, tPPathGraphNode *&)
000591c4	MoveAlongPath__9cSSPersonUsfP14cISSPeoplePath	cSSPerson::MoveAlongPath(unsigned short, float, cISSPeoplePath *)
000592d8	MoveNStages__9cSSPersoniiUsii	cSSPerson::MoveNStages(int, int, unsigned short, int, int)
00059518	MoveNStagesUpdateFn__9cSSPersonUiQ29cSSPerson11tExecStatusb	cSSPerson::MoveNStagesUpdateFn(unsigned int, cSSPerson::tExecStatus, bool)
00059748	MoveToPoint__9cSSPersonUsfiii	cSSPerson::MoveToPoint(unsigned short, float, int, int, int)
000598fc	MoveToPointUpdateFn__9cSSPersonUiQ29cSSPerson11tExecStatusb	cSSPerson::MoveToPointUpdateFn(unsigned int, cSSPerson::tExecStatus, bool)
00059ab4	PanicBehavior__9cSSPerson	cSSPerson::PanicBehavior(void)
00059c14	PanicBehaviorUpdateFn__9cSSPersonUiQ29cSSPerson11tExecStatusb	cSSPerson::PanicBehaviorUpdateFn(unsigned int, cSSPerson::tExecStatus, bool)
00059d70	PlaceOnTransitTile__9cSSPersonP13cISC3Occupant	cSSPerson::PlaceOnTransitTile(cISC3Occupant *)
00059fc4	SelectNextEdge__9cSSPersonP15tPPathGraphNodeUc	cSSPerson::SelectNextEdge(tPPathGraphNode *, unsigned char)
0005a494	SpiralMotion__9cSSPersonR17cRZ3DPointFloat32T1	cSSPerson::SpiralMotion(cRZ3DPointFloat32 &, cRZ3DPointFloat32 &)
0005a5bc	SpiralMotionUpdateFn__9cSSPersonUiQ29cSSPerson11tExecStatusb	cSSPerson::SpiralMotionUpdateFn(unsigned int, cSSPerson::tExecStatus, bool)
0005aa70	StaticInit__9cSSPerson	cSSPerson::StaticInit(void)
0005ab50	Tick__9cSSPersonUi	cSSPerson::Tick(unsigned int)
0005aca8	GetProducer__C9cSSPerson	cSSPerson::GetProducer(void) const
0005acbc	IncludeRoads__9cSSPersonP13cISC3Occupant	cSSPerson::IncludeRoads(cISC3Occupant *)
0005acf0	SetBirthZoomLevel__9cSSPersoni	cSSPerson::SetBirthZoomLevel(int)
0005ad14	BirthZoomLevel__9cSSPerson	cSSPerson::BirthZoomLevel(void)
0005ad30	GetSpriteAttrib__9cSSPerson	cSSPerson::GetSpriteAttrib(void)
0005ad40	SetSpriteAttrib__9cSSPersonP21cISC3CitySpriteAttrib	cSSPerson::SetSpriteAttrib(cISC3CitySpriteAttrib *)
0005ad4c	Init__9cSSPersonP21cISC3CitySpriteAttrib	cSSPerson::Init(cISC3CitySpriteAttrib *)
0005ad58	GetRotationOffset__C9cSSPersonRUc	cSSPerson::GetRotationOffset(unsigned char &) const
0005ad60	SetRotationOffset__9cSSPersonUc	cSSPerson::SetRotationOffset(unsigned char)
0005ad68	GetLayerFlags__C9cSSPerson	cSSPerson::GetLayerFlags(void) const
0005ad74	GetLayerFlags32__C9cSSPerson	cSSPerson::GetLayerFlags32(void) const
0005ad80	SetHilite__9cSSPersonUi	cSSPerson::SetHilite(unsigned int)
0005ad94	SetLayer__9cSSPersonUc	cSSPerson::SetLayer(unsigned char)
0005ad9c	SetNext__9cSSPersonP19cISC3CitySpriteInst	cSSPerson::SetNext(cISC3CitySpriteInst *)
0005ada4	GetNext__9cSSPerson	cSSPerson::GetNext(void)
0005adb0	GetSpriteInst__9cSSPerson	cSSPerson::GetSpriteInst(void)
0005adc4	IsGeomFlag__9cSSPersonUi	cSSPerson::IsGeomFlag(unsigned int)
0005adf8	SetGeomFlag__9cSSPersonUi	cSSPerson::SetGeomFlag(unsigned int)
0005ae04	ClearGeomFlag__9cSSPersonUi	cSSPerson::ClearGeomFlag(unsigned int)
0005ae10	IsInState__9cSSPersonQ29cSSPerson12tPersonState	cSSPerson::IsInState(cSSPerson::tPersonState)
0005ae24	SetState__9cSSPersonQ29cSSPerson12tPersonState	cSSPerson::SetState(cSSPerson::tPersonState)
0005ae34	ResetState__9cSSPersonQ29cSSPerson12tPersonState	cSSPerson::ResetState(cSSPerson::tPersonState)
0005ae48	PushStateStack__9cSSPersoni	cSSPerson::PushStateStack(int)
0005ae64	PopStateStack__9cSSPersoni	cSSPerson::PopStateStack(int)
0005ae80	PushToActionStack__9cSSPersonPM9cSSPersonFP9cSSPersonUiQ29cSSPerson11tExecStatusb_Q29cSSPerson11tExecStatus	cSSPerson::PushToActionStack(cSSPerson::tExecStatus (cSSPerson::*)(cSSPerson *, unsigned int, cSSPerson::tExecStatus, bool))
0005aeb4	PopActionStack__9cSSPerson	cSSPerson::PopActionStack(void)
0005aec8	GetFrameNumber__C9cSSPersonii	cSSPerson::GetFrameNumber(int, int) const
0005af24	InCityBoundsMicro__9cSSPersonii	cSSPerson::InCityBoundsMicro(int, int)
0005af6c	AddRef__9cSSPerson	cSSPerson::AddRef(void)
0005af98	_._9cSSPerson	cSSPerson::~cSSPerson(void)
0005b000	Draw__C9cSSPersonP10cIGZBufferiiiiP7cRZRect	cSSPerson::Draw(cIGZBuffer *, int, int, int, int, cRZRect *) const
0005b094	Draw__C9cSSPersonP10cIGZBufferRC7cRZRectiiP7cRZRect	cSSPerson::Draw(cIGZBuffer *, cRZRect const &, int, int, cRZRect *) const
0005b124	ExecuteScript__9cSSPersonR14cGZResourceKeyii	cSSPerson::ExecuteScript(cGZResourceKey &, int, int)
0005b1fc	ExecuteScriptScriptFn__9cSSPersonPQ216cSSStrtSimScript12tInstruction	cSSPerson::ExecuteScriptScriptFn(cSSStrtSimScript::tInstruction *)
0005b300	GetAllSpans__C9cSSPersoniiR7cRZRect	cSSPerson::GetAllSpans(int, int, cRZRect &) const
0005b384	GetAreaFromPt__C9cSSPersoniiR7cRZRectii	cSSPerson::GetAreaFromPt(int, int, cRZRect &, int, int) const
0005b40c	GetGeomFlag__9cSSPerson	cSSPerson::GetGeomFlag(void)
0005b41c	GetH__C9cSSPersonii	cSSPerson::GetH(int, int) const
0005b49c	GetW__C9cSSPersonii	cSSPerson::GetW(int, int) const
0005b51c	GetPathGraphOnRoadOcc__C9cSSPersonP13cISC3OccupantiiRP19cSSPPathGraphAttribRP15tPPathGraphNode	cSSPerson::GetPathGraphOnRoadOcc(cISC3Occupant *, int, int, cSSPPathGraphAttrib *&, tPPathGraphNode *&) const
0005b5dc	Init__9cSSPersonRC14cGZResourceKey	cSSPerson::Init(cGZResourceKey const &)
0005b640	InsideStaticOccupant__9cSSPersoniii	cSSPerson::InsideStaticOccupant(int, int, int)
0005b6f4	IsPixelOpaque__C9cSSPersoniiii	cSSPerson::IsPixelOpaque(int, int, int, int) const
0005b778	MoveAlongPathUpdateFn__9cSSPersonUiQ29cSSPerson11tExecStatusb	cSSPerson::MoveAlongPathUpdateFn(unsigned int, cSSPerson::tExecStatus, bool)
0005b810	MoveNStagesScriptFn__9cSSPersonPQ216cSSStrtSimScript12tInstruction	cSSPerson::MoveNStagesScriptFn(cSSStrtSimScript::tInstruction *)
0005b854	PlayAnimation__9cSSPersonUsii	cSSPerson::PlayAnimation(unsigned short, int, int)
0005b934	PlayAnimationUpdateFn__9cSSPersonUiQ29cSSPerson11tExecStatusb	cSSPerson::PlayAnimationUpdateFn(unsigned int, cSSPerson::tExecStatus, bool)
0005b9e0	PlayAnimationScriptFn__9cSSPersonPQ216cSSStrtSimScript12tInstruction	cSSPerson::PlayAnimationScriptFn(cSSStrtSimScript::tInstruction *)
0005bac8	Prepare__9cSSPersoniib	cSSPerson::Prepare(int, int, bool)
0005bad8	QueryInterface__9cSSPersonUiPPv	cSSPerson::QueryInterface(unsigned int, void **)
0005bb50	Release__9cSSPerson	cSSPerson::Release(void)
0005bb7c	SelectAnEdge__9cSSPersonPUiUiP15tPPathGraphNodebUc	cSSPerson::SelectAnEdge(unsigned int *, unsigned int, tPPathGraphNode *, bool, unsigned char)
0005bc44	SetProducer__9cSSPersonP18cISSPeopleProducer	cSSPerson::SetProducer(cISSPeopleProducer *)
0005bc78	Shutdown__9cSSPerson	cSSPerson::Shutdown(void)
0005bd70	StaticShutdown__9cSSPerson	cSSPerson::StaticShutdown(void)
0005bda0	SubTypeInfo__C9cSSPerson	cSSPerson::SubTypeInfo(void) const
0005bdac	Unprepare__9cSSPersonii	cSSPerson::Unprepare(int, int)
0005bdbc	WaitForPathClearance__9cSSPersonP14cISSPeoplePath	cSSPerson::WaitForPathClearance(cISSPeoplePath *)
0005be2c	WaitForPathClearanceUpdateFn__9cSSPersonUiQ29cSSPerson11tExecStatusb	cSSPerson::WaitForPathClearanceUpdateFn(unsigned int, cSSPerson::tExecStatus, bool)
0005beb4	WipeActionStack__9cSSPerson	cSSPerson::WipeActionStack(void)
0005bf74	SerialRead__15cSSPersonAttribR18cIGZDBSerialRecord	cSSPersonAttrib::SerialRead(cIGZDBSerialRecord &)
0005c2f4	__15cSSPersonAttrib	cSSPersonAttrib::cSSPersonAttrib(void)
0005c34c	_._15cSSPersonAttrib	cSSPersonAttrib::~cSSPersonAttrib(void)
0005c394	SerialReadBinary__15cSSPersonAttribR18cIGZDBSerialRecord	cSSPersonAttrib::SerialReadBinary(cIGZDBSerialRecord &)
0005c418	SerialWrite__15cSSPersonAttribR18cIGZDBSerialRecord	cSSPersonAttrib::SerialWrite(cIGZDBSerialRecord &)
0005c4d0	Shutdown__15cSSPersonAttrib	cSSPersonAttrib::Shutdown(void)
0005c510	DebugInstanceTag__15cSSPersonAttribR10cIGZString	cSSPersonAttrib::DebugInstanceTag(cIGZString &)
0005c53c	DebugClassTag__15cSSPersonAttribR10cIGZString	cSSPersonAttrib::DebugClassTag(cIGZString &)
0005c54c	DebugTypeTag__15cSSPersonAttribR10cIGZString	cSSPersonAttrib::DebugTypeTag(cIGZString &)
0005c57c	CreateInstance__22cSSPersonAttribFactoryUiUiPPv	cSSPersonAttribFactory::CreateInstance(unsigned int, unsigned int, void **)
0005c630	SerialRead__22cSSPersonAttribFactoryR12cIGZResourceR18cIGZDBSerialRecord	cSSPersonAttribFactory::SerialRead(cIGZResource &, cIGZDBSerialRecord &)
0005c660	SerialWrite__22cSSPersonAttribFactoryR12cIGZResourceR18cIGZDBSerialRecord	cSSPersonAttribFactory::SerialWrite(cIGZResource &, cIGZDBSerialRecord &)
0005c724	PlaceOnTransitTile__14cSSRailVehicleP13cISC3OccupantUc	cSSRailVehicle::PlaceOnTransitTile(cISC3Occupant *, unsigned char)
0005c980	SetCurrentViewType__14cSSRailVehiclei	cSSRailVehicle::SetCurrentViewType(int)
0005c9a4	SetBirthZoomLevel__14cSSRailVehiclei	cSSRailVehicle::SetBirthZoomLevel(int)
0005c9c8	BirthZoomLevel__14cSSRailVehicle	cSSRailVehicle::BirthZoomLevel(void)
0005c9e8	GetFrameNumber__C14cSSRailVehicleii	cSSRailVehicle::GetFrameNumber(int, int) const
0005ca50	__14cSSRailVehicle	cSSRailVehicle::cSSRailVehicle(void)
0005caa8	_._14cSSRailVehicle	cSSRailVehicle::~cSSRailVehicle(void)
0005cb04	Draw__C14cSSRailVehicleP10cIGZBufferiiiiP7cRZRect	cSSRailVehicle::Draw(cIGZBuffer *, int, int, int, int, cRZRect *) const
0005cbb8	Draw__C14cSSRailVehicleP10cIGZBufferRC7cRZRectiiP7cRZRect	cSSRailVehicle::Draw(cIGZBuffer *, cRZRect const &, int, int, cRZRect *) const
0005cc68	SubTypeInfo__C14cSSRailVehicle	cSSRailVehicle::SubTypeInfo(void) const
0005cc84	PlaceOnTransitTile__12cSSRiotCrowdP13cISC3Occupant	cSSRiotCrowd::PlaceOnTransitTile(cISC3Occupant *)
0005cda8	RiotCrowdMovement__12cSSRiotCrowd	cSSRiotCrowd::RiotCrowdMovement(void)
0005ceec	RiotCrowdMovementUpdateFn__12cSSRiotCrowdUiQ210cSSVehicle11tExecStatusb	cSSRiotCrowd::RiotCrowdMovementUpdateFn(unsigned int, cSSVehicle::tExecStatus, bool)
0005d01c	StaticInit__12cSSRiotCrowd	cSSRiotCrowd::StaticInit(void)
0005d0b8	ThrowFireBall__12cSSRiotCrowd	cSSRiotCrowd::ThrowFireBall(void)
0005d2d4	SetCurrentViewType__12cSSRiotCrowdi	cSSRiotCrowd::SetCurrentViewType(int)
0005d2f8	GetFrameNumber__C12cSSRiotCrowdii	cSSRiotCrowd::GetFrameNumber(int, int) const
0005d36c	AddRef__12cSSRiotCrowd	cSSRiotCrowd::AddRef(void)
0005d398	CallScriptFunction__12cSSRiotCrowdPQ216cSSStrtSimScript12tInstruction	cSSRiotCrowd::CallScriptFunction(cSSStrtSimScript::tInstruction *)
0005d404	__12cSSRiotCrowd	cSSRiotCrowd::cSSRiotCrowd(void)
0005d49c	_._12cSSRiotCrowd	cSSRiotCrowd::~cSSRiotCrowd(void)
0005d500	Disburse__12cSSRiotCrowd	cSSRiotCrowd::Disburse(void)
0005d518	DoMessage__12cSSRiotCrowdR10cGZMessage	cSSRiotCrowd::DoMessage(cGZMessage &)
0005d570	Draw__C12cSSRiotCrowdP10cIGZBufferiiiiP7cRZRect	cSSRiotCrowd::Draw(cIGZBuffer *, int, int, int, int, cRZRect *) const
0005d644	Draw__C12cSSRiotCrowdP10cIGZBufferRC7cRZRectiiP7cRZRect	cSSRiotCrowd::Draw(cIGZBuffer *, cRZRect const &, int, int, cRZRect *) const
0005d718	EnterPathInVehicleLessTile__12cSSRiotCrowdP15cISSVehiclePath	cSSRiotCrowd::EnterPathInVehicleLessTile(cISSVehiclePath *)
0005d760	EnterPathInVehicleLessTileUpdateFn__12cSSRiotCrowdUiQ210cSSVehicle11tExecStatusb	cSSRiotCrowd::EnterPathInVehicleLessTileUpdateFn(unsigned int, cSSVehicle::tExecStatus, bool)
0005d7f4	ExecuteCurrentUpdateFn__12cSSRiotCrowdUiQ210cSSVehicle11tExecStatusb	cSSRiotCrowd::ExecuteCurrentUpdateFn(unsigned int, cSSVehicle::tExecStatus, bool)
0005d898	GetGeomFlag__12cSSRiotCrowd	cSSRiotCrowd::GetGeomFlag(void)
0005d8a4	GetLocation__12cSSRiotCrowdRUiT1	cSSRiotCrowd::GetLocation(unsigned int &, unsigned int &)
0005d8c8	GetLocationMicro__12cSSRiotCrowdRiN21	cSSRiotCrowd::GetLocationMicro(int &, int &, int &)
0005d8f4	LeaveLastPath__12cSSRiotCrowd	cSSRiotCrowd::LeaveLastPath(void)
0005d998	MakeCurrentPath__12cSSRiotCrowdP15cISSVehiclePath	cSSRiotCrowd::MakeCurrentPath(cISSVehiclePath *)
0005da20	QueryInterface__12cSSRiotCrowdUiPPv	cSSRiotCrowd::QueryInterface(unsigned int, void **)
0005da78	Release__12cSSRiotCrowd	cSSRiotCrowd::Release(void)
0005daa4	RiotCrowdMovementScriptFn__12cSSRiotCrowdPQ216cSSStrtSimScript12tInstruction	cSSRiotCrowd::RiotCrowdMovementScriptFn(cSSStrtSimScript::tInstruction *)
0005dad0	SetAssociatedRiotInstance__12cSSRiotCrowdP25cISC3DisasterRiotInstance	cSSRiotCrowd::SetAssociatedRiotInstance(cISC3DisasterRiotInstance *)
0005db04	SetMinAndMaxTimeBetweenFireballThrows__12cSSRiotCrowdii	cSSRiotCrowd::SetMinAndMaxTimeBetweenFireballThrows(int, int)
0005db60	Shutdown__12cSSRiotCrowd	cSSRiotCrowd::Shutdown(void)
0005dc04	StaticShutdown__12cSSRiotCrowd	cSSRiotCrowd::StaticShutdown(void)
0005dc38	SubTypeInfo__C12cSSRiotCrowd	cSSRiotCrowd::SubTypeInfo(void) const
0005dc48	Tick__12cSSRiotCrowdUi	cSSRiotCrowd::Tick(unsigned int)
0005dd04	EvaluateBSplinePoint__7cSSShipRiT1	cSSShip::EvaluateBSplinePoint(int &, int &)
0005de2c	GetSetForOutBoundJourney__7cSSShip	cSSShip::GetSetForOutBoundJourney(void)
0005dff4	Init__7cSSShipRC14cGZResourceKey	cSSShip::Init(cGZResourceKey const &)
0005e1e0	MakeArrivingShip__7cSSShipP17sIGZPointXZUint32Ui	cSSShip::MakeArrivingShip(sIGZPointXZUint32 *, unsigned int)
0005e504	MakeParkedShip__7cSSShipP17sIGZPointXZUint32Ui	cSSShip::MakeParkedShip(sIGZPointXZUint32 *, unsigned int)
0005e684	MoveToNeighborUpdateFn__7cSSShipUiQ210cSSVehicle11tExecStatusb	cSSShip::MoveToNeighborUpdateFn(unsigned int, cSSVehicle::tExecStatus, bool)
0005e7c8	StaticInit__7cSSShip	cSSShip::StaticInit(void)
0005e84c	SetCurrentViewType__7cSSShipi	cSSShip::SetCurrentViewType(int)
0005e870	GetFrameNumber__C7cSSShipii	cSSShip::GetFrameNumber(int, int) const
0005e8ec	AddRef__7cSSShip	cSSShip::AddRef(void)
0005e914	ApproachSeaport__7cSSShip	cSSShip::ApproachSeaport(void)
0005e944	ApproachSeaportUpdateFn__7cSSShipUiQ210cSSVehicle11tExecStatusb	cSSShip::ApproachSeaportUpdateFn(unsigned int, cSSVehicle::tExecStatus, bool)
0005e9f8	EnableWake__7cSSShipb	cSSShip::EnableWake(bool)
0005ea3c	ChangePosition__7cSSShipR13cSC3CityCoord	cSSShip::ChangePosition(cSC3CityCoord &)
0005ea8c	CitySpecificStaticInit__7cSSShipP9cISC3City	cSSShip::CitySpecificStaticInit(cISC3City *)
0005ead4	CitySpecificStaticShutdown__7cSSShip	cSSShip::CitySpecificStaticShutdown(void)
0005eb14	__7cSSShip	cSSShip::cSSShip(void)
0005ec04	_._7cSSShip	cSSShip::~cSSShip(void)
0005ec78	Draw__C7cSSShipP10cIGZBufferiiiiP7cRZRect	cSSShip::Draw(cIGZBuffer *, int, int, int, int, cRZRect *) const
0005ed58	Draw__C7cSSShipP10cIGZBufferRC7cRZRectiiP7cRZRect	cSSShip::Draw(cIGZBuffer *, cRZRect const &, int, int, cRZRect *) const
0005ee34	ExecuteCurrentUpdateFn__7cSSShipUiQ210cSSVehicle11tExecStatusb	cSSShip::ExecuteCurrentUpdateFn(unsigned int, cSSVehicle::tExecStatus, bool)
0005eedc	GetNextPointIn__7cSSShipRiT1	cSSShip::GetNextPointIn(int &, int &)
0005ef9c	GetNextPointOut__7cSSShipRiT1	cSSShip::GetNextPointOut(int &, int &)
0005f064	MoveToNeighbor__7cSSShip	cSSShip::MoveToNeighbor(void)
0005f094	NeedVehicleDisappear__7cSSShipP11cISSVehicleRUs	cSSShip::NeedVehicleDisappear(cISSVehicle *, unsigned short &)
0005f0a4	QueryInterface__7cSSShipUiPPv	cSSShip::QueryInterface(unsigned int, void **)
0005f0f8	Release__7cSSShip	cSSShip::Release(void)
0005f124	SetOrientation__7cSSShipUc	cSSShip::SetOrientation(unsigned char)
0005f174	ShipRoutine__7cSSShip	cSSShip::ShipRoutine(void)
0005f1ec	ShipRoutineUpdateFn__7cSSShipUiQ210cSSVehicle11tExecStatusb	cSSShip::ShipRoutineUpdateFn(unsigned int, cSSVehicle::tExecStatus, bool)
0005f320	Shutdown__7cSSShip	cSSShip::Shutdown(void)
0005f3dc	StaticShutdown__7cSSShip	cSSShip::StaticShutdown(void)
0005f414	SubTypeInfo__C7cSSShip	cSSShip::SubTypeInfo(void) const
0005f424	Tick__7cSSShipUi	cSSShip::Tick(unsigned int)
0005f4e8	VehicleDisappears__7cSSShipP11cISSVehicle	cSSShip::VehicleDisappears(cISSVehicle *)
0005f530	WaitAtPier__7cSSShip	cSSShip::WaitAtPier(void)
0005f57c	WaitForTurnAround__7cSSShip	cSSShip::WaitForTurnAround(void)
0005f5d4	CitySpecificStaticInit__15cSSShipProducerP9cISC3City	cSSShipProducer::CitySpecificStaticInit(cISC3City *)
0005f6c4	CitySpecificStaticShutdown__15cSSShipProducer	cSSShipProducer::CitySpecificStaticShutdown(void)
0005f764	CreateAShip__15cSSShipProducer	cSSShipProducer::CreateAShip(void)
0005f950	InitPathRelatedInfo__15cSSShipProducer	cSSShipProducer::InitPathRelatedInfo(void)
0005fb7c	PierDirection__15cSSShipProducer	cSSShipProducer::PierDirection(void)
0005fb94	InCityBounds__15cSSShipProducerUiUi	cSSShipProducer::InCityBounds(unsigned int, unsigned int)
0005fbcc	AddPierTileIfConnected__15cSSShipProducerP13cISC3Occupant	cSSShipProducer::AddPierTileIfConnected(cISC3Occupant *)
0005fc70	AddRef__15cSSShipProducer	cSSShipProducer::AddRef(void)
0005fc8c	CreateAnArrivingShip__15cSSShipProducer	cSSShipProducer::CreateAnArrivingShip(void)
0005fcf8	__15cSSShipProducer	cSSShipProducer::cSSShipProducer(void)
0005fd54	_._15cSSShipProducer	cSSShipProducer::~cSSShipProducer(void)
0005fda4	Init__15cSSShipProducerP13cISC3Occupant	cSSShipProducer::Init(cISC3Occupant *)
0005fe50	NeedVehicleDisappear__15cSSShipProducerP11cISSVehicleRUs	cSSShipProducer::NeedVehicleDisappear(cISSVehicle *, unsigned short &)
0005fe60	PierToSeawallConnectorPresent__15cSSShipProducerUiUi	cSSShipProducer::PierToSeawallConnectorPresent(unsigned int, unsigned int)
0005ff04	PierPresent__15cSSShipProducerUiUi	cSSShipProducer::PierPresent(unsigned int, unsigned int)
0005ffa8	PlaceInitialShip__15cSSShipProducer	cSSShipProducer::PlaceInitialShip(void)
00060038	QueryInterface__15cSSShipProducerUiPPv	cSSShipProducer::QueryInterface(unsigned int, void **)
00060098	Release__15cSSShipProducer	cSSShipProducer::Release(void)
000600f4	ReEvaluateSeaportMapAndPath__15cSSShipProducer	cSSShipProducer::ReEvaluateSeaportMapAndPath(void)
00060140	Shutdown__15cSSShipProducer	cSSShipProducer::Shutdown(void)
0006018c	StaticInit__15cSSShipProducer	cSSShipProducer::StaticInit(void)
00060248	StaticShutdown__15cSSShipProducer	cSSShipProducer::StaticShutdown(void)
000602a4	Tick__15cSSShipProducerUi	cSSShipProducer::Tick(unsigned int)
00060374	VehicleDisappears__15cSSShipProducerP11cISSVehicle	cSSShipProducer::VehicleDisappears(cISSVehicle *)
000603b4	StrikeCrowdRoutine__14cSSStrikeCrowd	cSSStrikeCrowd::StrikeCrowdRoutine(void)
000604c4	GetFrameNumber__C14cSSStrikeCrowdii	cSSStrikeCrowd::GetFrameNumber(int, int) const
00060538	__14cSSStrikeCrowd	cSSStrikeCrowd::cSSStrikeCrowd(void)
00060598	_._14cSSStrikeCrowd	cSSStrikeCrowd::~cSSStrikeCrowd(void)
000605f4	Draw__C14cSSStrikeCrowdP10cIGZBufferiiiiP7cRZRect	cSSStrikeCrowd::Draw(cIGZBuffer *, int, int, int, int, cRZRect *) const
000606c0	Draw__C14cSSStrikeCrowdP10cIGZBufferRC7cRZRectiiP7cRZRect	cSSStrikeCrowd::Draw(cIGZBuffer *, cRZRect const &, int, int, cRZRect *) const
0006078c	EnterPathInTile__14cSSStrikeCrowdP15cISSVehiclePath	cSSStrikeCrowd::EnterPathInTile(cISSVehiclePath *)
00060800	GetGeomFlag__14cSSStrikeCrowd	cSSStrikeCrowd::GetGeomFlag(void)
00060810	LeaveLastPath__14cSSStrikeCrowd	cSSStrikeCrowd::LeaveLastPath(void)
00060868	PlaceOnTransitTile__14cSSStrikeCrowdP13cISC3Occupant	cSSStrikeCrowd::PlaceOnTransitTile(cISC3Occupant *)
00060928	Shutdown__14cSSStrikeCrowd	cSSStrikeCrowd::Shutdown(void)
000609b0	SubTypeInfo__C14cSSStrikeCrowd	cSSStrikeCrowd::SubTypeInfo(void) const
000609c4	CitySpecificStaticInit__22cSSStrikeCrowdProducerP9cISC3City	cSSStrikeCrowdProducer::CitySpecificStaticInit(cISC3City *)
00060a98	CitySpecificStaticShutdown__22cSSStrikeCrowdProducer	cSSStrikeCrowdProducer::CitySpecificStaticShutdown(void)
00060b58	CreateAndPlaceCrowdNearOccupant__22cSSStrikeCrowdProducerP13cISC3Occupant	cSSStrikeCrowdProducer::CreateAndPlaceCrowdNearOccupant(cISC3Occupant *)
00060e10	CreateAStrikeCrowd__22cSSStrikeCrowdProducer	cSSStrikeCrowdProducer::CreateAStrikeCrowd(void)
00060f40	CreateStrikeVisuals__22cSSStrikeCrowdProducerPP13cISC3OccupantUiRt6vector2ZP14cSSStrikeCrowdZt9allocator1ZP14cSSStrikeCrowd	cSSStrikeCrowdProducer::CreateStrikeVisuals(cISC3Occupant **, unsigned int, vector<cSSStrikeCrowd *, allocator<cSSStrikeCrowd *> > &)
000610a4	__22cSSStrikeCrowdProducer	cSSStrikeCrowdProducer::cSSStrikeCrowdProducer(void)
00061614	_._22cSSStrikeCrowdProducer	cSSStrikeCrowdProducer::~cSSStrikeCrowdProducer(void)
000618d4	DoMessage__22cSSStrikeCrowdProducerR10cGZMessage	cSSStrikeCrowdProducer::DoMessage(cGZMessage &)
00061c04	EndStrike__22cSSStrikeCrowdProducerRt6vector2ZP14cSSStrikeCrowdZt9allocator1ZP14cSSStrikeCrowd	cSSStrikeCrowdProducer::EndStrike(vector<cSSStrikeCrowd *, allocator<cSSStrikeCrowd *> > &)
00061c80	Init__22cSSStrikeCrowdProducer	cSSStrikeCrowdProducer::Init(void)
00061d68	OccupantInserted__22cSSStrikeCrowdProducerP13cISC3Occupant	cSSStrikeCrowdProducer::OccupantInserted(cISC3Occupant *)
00061e30	OccupantRemoved__22cSSStrikeCrowdProducerP13cISC3Occupant	cSSStrikeCrowdProducer::OccupantRemoved(cISC3Occupant *)
000622c4	Shutdown__22cSSStrikeCrowdProducer	cSSStrikeCrowdProducer::Shutdown(void)
00062528	AddRef__22cSSStrikeCrowdProducer	cSSStrikeCrowdProducer::AddRef(void)
00062544	BeginCollegeStrike__22cSSStrikeCrowdProducer	cSSStrikeCrowdProducer::BeginCollegeStrike(void)
0006259c	BeginFireStrike__22cSSStrikeCrowdProducer	cSSStrikeCrowdProducer::BeginFireStrike(void)
00062608	BeginSchoolStrike__22cSSStrikeCrowdProducer	cSSStrikeCrowdProducer::BeginSchoolStrike(void)
00062660	BeginHealthStrike__22cSSStrikeCrowdProducer	cSSStrikeCrowdProducer::BeginHealthStrike(void)
000626b8	BeginPoliceStrike__22cSSStrikeCrowdProducer	cSSStrikeCrowdProducer::BeginPoliceStrike(void)
00062724	BeginTransitStrike__22cSSStrikeCrowdProducer	cSSStrikeCrowdProducer::BeginTransitStrike(void)
00062794	ExpandRectToIncludeNeighborhood__22cSSStrikeCrowdProducerR14sIGZRectUint32Ui	cSSStrikeCrowdProducer::ExpandRectToIncludeNeighborhood(sIGZRectUint32 &, unsigned int)
0006283c	IncludeRoads__22cSSStrikeCrowdProducerP13cISC3Occupant	cSSStrikeCrowdProducer::IncludeRoads(cISC3Occupant *)
0006286c	NeedVehicleDisappear__22cSSStrikeCrowdProducerP11cISSVehicleRUs	cSSStrikeCrowdProducer::NeedVehicleDisappear(cISSVehicle *, unsigned short &)
0006287c	QueryInterface__22cSSStrikeCrowdProducerUiPPv	cSSStrikeCrowdProducer::QueryInterface(unsigned int, void **)
000628dc	Release__22cSSStrikeCrowdProducer	cSSStrikeCrowdProducer::Release(void)
0006291c	VehicleDisappears__22cSSStrikeCrowdProducerP11cISSVehicle	cSSStrikeCrowdProducer::VehicleDisappears(cISSVehicle *)
00062954	BackgroundResLoaderThreadFunction__15cSSStrtSimLayerPv	cSSStrtSimLayer::BackgroundResLoaderThreadFunction(void *)
00062ae0	ComputeSurroundStrips__15cSSStrtSimLayerRC14sIGZRectUint32UiUiUiP14sIGZRectUint32RUi	cSSStrtSimLayer::ComputeSurroundStrips(sIGZRectUint32 const &, unsigned int, unsigned int, unsigned int, sIGZRectUint32 *, unsigned int &)
00062cac	CreatePeopleSceneForOccupant__15cSSStrtSimLayerP13cISC3Occupant	cSSStrtSimLayer::CreatePeopleSceneForOccupant(cISC3Occupant *)
00062e04	CreateRiotCrowd__15cSSStrtSimLayer	cSSStrtSimLayer::CreateRiotCrowd(void)
00062f20	CreateParadeBlock__15cSSStrtSimLayerUi	cSSStrtSimLayer::CreateParadeBlock(unsigned int)
00063040	__15cSSStrtSimLayer	cSSStrtSimLayer::cSSStrtSimLayer(void)
000639f4	_._15cSSStrtSimLayer	cSSStrtSimLayer::~cSSStrtSimLayer(void)
00063b60	DisasterAdd__15cSSStrtSimLayerP21cISC3DisasterInstance	cSSStrtSimLayer::DisasterAdd(cISC3DisasterInstance *)
000640c4	DisasterRemove__15cSSStrtSimLayerP21cISC3DisasterInstance	cSSStrtSimLayer::DisasterRemove(cISC3DisasterInstance *)
0006432c	DispatchAirplane__15cSSStrtSimLayerUiUi	cSSStrtSimLayer::DispatchAirplane(unsigned int, unsigned int)
000645e0	DoAnimationTick__15cSSStrtSimLayerUi	cSSStrtSimLayer::DoAnimationTick(unsigned int)
000648d0	ErasePeopleSceneForOccupant__15cSSStrtSimLayerP13cISC3Occupant	cSSStrtSimLayer::ErasePeopleSceneForOccupant(cISC3Occupant *)
00064d48	GetAnimSpriteAttrib__15cSSStrtSimLayerRC14cGZResourceKeyRP12cIGZResource	cSSStrtSimLayer::GetAnimSpriteAttrib(cGZResourceKey const &, cIGZResource *&)
00064e50	GetPersonAttrib__15cSSStrtSimLayerRC14cGZResourceKeyRP12cIGZResource	cSSStrtSimLayer::GetPersonAttrib(cGZResourceKey const &, cIGZResource *&)
00064f58	GetPplPathAttrib__15cSSStrtSimLayerRC14cGZResourceKeyRP12cIGZResource	cSSStrtSimLayer::GetPplPathAttrib(cGZResourceKey const &, cIGZResource *&)
00065060	GetScript__15cSSStrtSimLayerRC14cGZResourceKeyRP12cIGZResource	cSSStrtSimLayer::GetScript(cGZResourceKey const &, cIGZResource *&)
00065168	GetSSTrBlockAttrib__15cSSStrtSimLayerUi	cSSStrtSimLayer::GetSSTrBlockAttrib(unsigned int)
00065288	GetTextLine__15cSSStrtSimLayerR18cIGZDBSerialRecordR9cRZString	cSSStrtSimLayer::GetTextLine(cIGZDBSerialRecord &, cRZString &)
00065320	GetVclPathAttrib__15cSSStrtSimLayerRC14cGZResourceKeyRP12cIGZResource	cSSStrtSimLayer::GetVclPathAttrib(cGZResourceKey const &, cIGZResource *&)
00065428	GetVehicleAttrib__15cSSStrtSimLayerRC14cGZResourceKeyRP12cIGZResource	cSSStrtSimLayer::GetVehicleAttrib(cGZResourceKey const &, cIGZResource *&)
00065568	Init__15cSSStrtSimLayerP9cISC3City	cSSStrtSimLayer::Init(cISC3City *)
00065d74	InitDisasterInfo__15cSSStrtSimLayer	cSSStrtSimLayer::InitDisasterInfo(void)
00065e3c	OccupantInserted__15cSSStrtSimLayerUiP13cISC3Occupant	cSSStrtSimLayer::OccupantInserted(unsigned int, cISC3Occupant *)
00066118	OccupantRemoved__15cSSStrtSimLayerUiP13cISC3Occupant	cSSStrtSimLayer::OccupantRemoved(unsigned int, cISC3Occupant *)
000666e4	PierAdded__15cSSStrtSimLayerP13cISC3Occupant	cSSStrtSimLayer::PierAdded(cISC3Occupant *)
00066844	PierRemoved__15cSSStrtSimLayerP13cISC3Occupant	cSSStrtSimLayer::PierRemoved(cISC3Occupant *)
00066ca8	ProcessViewChange__15cSSStrtSimLayerR10cGZMessage	cSSStrtSimLayer::ProcessViewChange(cGZMessage &)
00066fa8	RunwayTileAdded__15cSSStrtSimLayerP13cISC3Occupant	cSSStrtSimLayer::RunwayTileAdded(cISC3Occupant *)
00067184	RunwayTileRemoved__15cSSStrtSimLayerP13cISC3Occupant	cSSStrtSimLayer::RunwayTileRemoved(cISC3Occupant *)
0006724c	Shutdown__15cSSStrtSimLayer	cSSStrtSimLayer::Shutdown(void)
00067968	ShutdownPeople__15cSSStrtSimLayer	cSSStrtSimLayer::ShutdownPeople(void)
00067acc	SimulationBegin__15cSSStrtSimLayer	cSSStrtSimLayer::SimulationBegin(void)
00067bd0	StaticInit__15cSSStrtSimLayerP19cISC3CityDefinition	cSSStrtSimLayer::StaticInit(cISC3CityDefinition *)
00068b84	StaticShutdown__15cSSStrtSimLayer	cSSStrtSimLayer::StaticShutdown(void)
00069298	SubtractRect__15cSSStrtSimLayerRC14sIGZRectUint32T1P14sIGZRectUint32Ri	cSSStrtSimLayer::SubtractRect(sIGZRectUint32 const &, sIGZRectUint32 const &, sIGZRectUint32 *, int &)
00069424	SubwayTileInserted__15cSSStrtSimLayerR10cGZMessage	cSSStrtSimLayer::SubwayTileInserted(cGZMessage &)
00069560	SubwayTileRemoved__15cSSStrtSimLayerR10cGZMessage	cSSStrtSimLayer::SubwayTileRemoved(cGZMessage &)
000699f8	UpdatePeopleView__15cSSStrtSimLayer	cSSStrtSimLayer::UpdatePeopleView(void)
00069f88	UpdateSubwayView__15cSSStrtSimLayer	cSSStrtSimLayer::UpdateSubwayView(void)
0006a110	UpdateTrainsView__15cSSStrtSimLayer	cSSStrtSimLayer::UpdateTrainsView(void)
0006a2a4	UpdateVehicleView__15cSSStrtSimLayer	cSSStrtSimLayer::UpdateVehicleView(void)
0006a5a0	Apply__26cSSStrtSimLayerManipulatorR14cISC3CityAgent	cSSStrtSimLayerManipulator::Apply(cISC3CityAgent &)
0006b020	Init__15cSSStrtSimLayer	cSSStrtSimLayer::Init(void)
0006b02c	Save__15cSSStrtSimLayerP9cISC3CityP13cIGZDBSegment	cSSStrtSimLayer::Save(cISC3City *, cIGZDBSegment *)
0006b038	GetLayerType__15cSSStrtSimLayer	cSSStrtSimLayer::GetLayerType(void)
0006b044	GetStrtSimRect__15cSSStrtSimLayer	cSSStrtSimLayer::GetStrtSimRect(void)
0006b054	IsPeopleSimRectCellUnsafe__15cSSStrtSimLayerUiUi	cSSStrtSimLayer::IsPeopleSimRectCellUnsafe(unsigned int, unsigned int)
0006b09c	IsPeopleSimRectCellClearlySafe__15cSSStrtSimLayerUiUi	cSSStrtSimLayer::IsPeopleSimRectCellClearlySafe(unsigned int, unsigned int)
0006b0ec	SafetyValueInPeopleSimRect__15cSSStrtSimLayerii	cSSStrtSimLayer::SafetyValueInPeopleSimRect(int, int)
0006b120	DisastersPresent__15cSSStrtSimLayer	cSSStrtSimLayer::DisastersPresent(void)
0006b134	InCityBounds__15cSSStrtSimLayerUiUi	cSSStrtSimLayer::InCityBounds(unsigned int, unsigned int)
0006b158	GetResourceManager__15cSSStrtSimLayer	cSSStrtSimLayer::GetResourceManager(void)
0006b174	OccupantMoved__15cSSStrtSimLayerUiP13cISC3OccupantRC13cSC3CityCoord	cSSStrtSimLayer::OccupantMoved(unsigned int, cISC3Occupant *, cSC3CityCoord const &)
0006b180	OccupantChanged__15cSSStrtSimLayerUiP13cISC3OccupantiPv	cSSStrtSimLayer::OccupantChanged(unsigned int, cISC3Occupant *, int, void *)
0006b18c	IsLockingCity__26cSSStrtSimLayerManipulator	cSSStrtSimLayerManipulator::IsLockingCity(void)
0006b19c	AddEmergencyVehicleResInstId__15cSSStrtSimLayerRC9cRZStringT1Pv	cSSStrtSimLayer::AddEmergencyVehicleResInstId(cRZString const &, cRZString const &, void *)
0006b20c	AddKeyVehicleResInstId__15cSSStrtSimLayerRC9cRZStringT1Pv	cSSStrtSimLayer::AddKeyVehicleResInstId(cRZString const &, cRZString const &, void *)
0006b278	AddRef__15cSSStrtSimLayer	cSSStrtSimLayer::AddRef(void)
0006b290	BeginEmergencyMode__15cSSStrtSimLayer	cSSStrtSimLayer::BeginEmergencyMode(void)
0006b2e8	CellChangedAll__15cSSStrtSimLayerUi	cSSStrtSimLayer::CellChangedAll(unsigned int)
0006b2f4	CellChanged__15cSSStrtSimLayerUiUiUi	cSSStrtSimLayer::CellChanged(unsigned int, unsigned int, unsigned int)
0006b300	CellChanged__15cSSStrtSimLayerUiUiUiUiUi	cSSStrtSimLayer::CellChanged(unsigned int, unsigned int, unsigned int, unsigned int, unsigned int)
0006b30c	CellIsInBorderOfPeopleSimRect__15cSSStrtSimLayerUiUi	cSSStrtSimLayer::CellIsInBorderOfPeopleSimRect(unsigned int, unsigned int)
0006b34c	CellIsInPeopleSimRect__15cSSStrtSimLayerUiUi	cSSStrtSimLayer::CellIsInPeopleSimRect(unsigned int, unsigned int)
0006b388	CellIsInVehicleSimRect__15cSSStrtSimLayerUiUi	cSSStrtSimLayer::CellIsInVehicleSimRect(unsigned int, unsigned int)
0006b3c4	CitySpecificSubSystemsInit__15cSSStrtSimLayer	cSSStrtSimLayer::CitySpecificSubSystemsInit(void)
0006b4a4	CitySpecificSubSystemsShutdown__15cSSStrtSimLayer	cSSStrtSimLayer::CitySpecificSubSystemsShutdown(void)
0006b504	ComputeSurroundRect__15cSSStrtSimLayerRC14sIGZRectUint32R14sIGZRectUint32Ui	cSSStrtSimLayer::ComputeSurroundRect(sIGZRectUint32 const &, sIGZRectUint32 &, unsigned int)
0006b574	Contains__15cSSStrtSimLayerRC14sIGZRectUint32T1	cSSStrtSimLayer::Contains(sIGZRectUint32 const &, sIGZRectUint32 const &)
0006b5ac	CreateGlobalPplProducer__15cSSStrtSimLayer	cSSStrtSimLayer::CreateGlobalPplProducer(void)
0006b688	CreateGlobalVclProducer__15cSSStrtSimLayer	cSSStrtSimLayer::CreateGlobalVclProducer(void)
0006b760	CreatePeopleScene__15cSSStrtSimLayerRC14sIGZRectUint32	cSSStrtSimLayer::CreatePeopleScene(sIGZRectUint32 const &)
0006b824	CreateParadeSpectators__15cSSStrtSimLayerUiUiUi	cSSStrtSimLayer::CreateParadeSpectators(unsigned int, unsigned int, unsigned int)
0006b860	DebugClassTag__15cSSStrtSimLayerR10cIGZString	cSSStrtSimLayer::DebugClassTag(cIGZString &)
0006b86c	DebugTypeTag__15cSSStrtSimLayerR10cIGZString	cSSStrtSimLayer::DebugTypeTag(cIGZString &)
0006b87c	DisasterChangeCallback__15cSSStrtSimLayerP21cISC3DisasterInstance19tDisasterChangeTypePv	cSSStrtSimLayer::DisasterChangeCallback(cISC3DisasterInstance *, tDisasterChangeType, void *)
0006b8f8	RedirectAirplane__15cSSStrtSimLayerP13cISC3OccupantUiUi	cSSStrtSimLayer::RedirectAirplane(cISC3Occupant *, unsigned int, unsigned int)
0006b92c	DispatchHelicopter__15cSSStrtSimLayerUiUiUiUi	cSSStrtSimLayer::DispatchHelicopter(unsigned int, unsigned int, unsigned int, unsigned int)
0006b984	DoMessage__15cSSStrtSimLayerR10cGZMessage	cSSStrtSimLayer::DoMessage(cGZMessage &)
0006ba5c	DoQueryInfo__15cSSStrtSimLayerR10cGZMessageP11cIGZUnknown	cSSStrtSimLayer::DoQueryInfo(cGZMessage &, cIGZUnknown *)
0006ba6c	EndBackgroundResLoader__15cSSStrtSimLayer	cSSStrtSimLayer::EndBackgroundResLoader(void)
0006bad4	EndEmergencyMode__15cSSStrtSimLayer	cSSStrtSimLayer::EndEmergencyMode(void)
0006bb3c	ErasePeopleScene__15cSSStrtSimLayerRC14sIGZRectUint32	cSSStrtSimLayer::ErasePeopleScene(sIGZRectUint32 const &)
0006bc00	GetAnimationTickPriority__15cSSStrtSimLayerRUcRi	cSSStrtSimLayer::GetAnimationTickPriority(unsigned char &, int &)
0006bc1c	GetAnEmergencyVehicleResInstId__15cSSStrtSimLayerRUi	cSSStrtSimLayer::GetAnEmergencyVehicleResInstId(unsigned int &)
0006bc78	GetBlockDistance__15cSSStrtSimLayeriiii	cSSStrtSimLayer::GetBlockDistance(int, int, int, int)
0006bc9c	GetBorderRects__15cSSStrtSimLayerPP14sIGZRectUint32RUi	cSSStrtSimLayer::GetBorderRects(sIGZRectUint32 **, unsigned int &)
0006bcdc	GetManipulator__15cSSStrtSimLayerRC18cISC3CityAgentTypePP25cISC3CityLayerManipulatorRi	cSSStrtSimLayer::GetManipulator(cISC3CityAgentType const &, cISC3CityLayerManipulator **, int &)
0006bd30	GetPortAttrib__15cSSStrtSimLayerP13cISC3OccupantRP15cISC3PortAttrib	cSSStrtSimLayer::GetPortAttrib(cISC3Occupant *, cISC3PortAttrib *&)
0006bd74	GetSimRectIndices__15cSSStrtSimLayerR14sIGZRectUint32	cSSStrtSimLayer::GetSimRectIndices(sIGZRectUint32 &)
0006bda4	GetVariantValue__15cSSStrtSimLayerG7cRZRect	cSSStrtSimLayer::GetVariantValue(cRZRect)
0006bdb0	IdenticalRects__15cSSStrtSimLayerRC14sIGZRectUint32T1	cSSStrtSimLayer::IdenticalRects(sIGZRectUint32 const &, sIGZRectUint32 const &)
0006bde8	Init__15cSSStrtSimLayerP9cISC3CityP13cISC2Importer	cSSStrtSimLayer::Init(cISC3City *, cISC2Importer *)
0006bdf4	Init__15cSSStrtSimLayerP9cISC3CityP13cIGZDBSegment	cSSStrtSimLayer::Init(cISC3City *, cIGZDBSegment *)
0006be04	IsRunway__15cSSStrtSimLayerP13cISC3Occupant	cSSStrtSimLayer::IsRunway(cISC3Occupant *)
0006be84	IsTaxiway__15cSSStrtSimLayerP13cISC3Occupant	cSSStrtSimLayer::IsTaxiway(cISC3Occupant *)
0006bf00	MakeRectAroundPoint__15cSSStrtSimLayerUiUiR14sIGZRectUint32	cSSStrtSimLayer::MakeRectAroundPoint(unsigned int, unsigned int, sIGZRectUint32 &)
0006bf64	QueryInterface__15cSSStrtSimLayerUiPPv	cSSStrtSimLayer::QueryInterface(unsigned int, void **)
0006c010	RectIntersect__15cSSStrtSimLayerRC14sIGZRectUint32T1R14sIGZRectUint32	cSSStrtSimLayer::RectIntersect(sIGZRectUint32 const &, sIGZRectUint32 const &, sIGZRectUint32 &)
0006c090	RegisterDisasterCallback__15cSSStrtSimLayer	cSSStrtSimLayer::RegisterDisasterCallback(void)
0006c0e4	Release__15cSSStrtSimLayer	cSSStrtSimLayer::Release(void)
0006c128	RevokeDispatchedAirplane__15cSSStrtSimLayerP13cISC3Occupant	cSSStrtSimLayer::RevokeDispatchedAirplane(cISC3Occupant *)
0006c154	RevokeDispatchedHelicopter__15cSSStrtSimLayerP13cISC3Occupant	cSSStrtSimLayer::RevokeDispatchedHelicopter(cISC3Occupant *)
0006c180	SetNumZoomLevelsPeopleAreVisible__15cSSStrtSimLayeri	cSSStrtSimLayer::SetNumZoomLevelsPeopleAreVisible(int)
0006c1d0	SetNumZoomLevelsTrafficVisible__15cSSStrtSimLayeri	cSSStrtSimLayer::SetNumZoomLevelsTrafficVisible(int)
0006c244	ShutdownVehicles__15cSSStrtSimLayer	cSSStrtSimLayer::ShutdownVehicles(void)
0006c298	SimulationEnd__15cSSStrtSimLayer	cSSStrtSimLayer::SimulationEnd(void)
0006c2a8	StartBackgroundResLoader__15cSSStrtSimLayer	cSSStrtSimLayer::StartBackgroundResLoader(void)
0006c330	ToxicCloudPresent__C15cSSStrtSimLayerUiUi	cSSStrtSimLayer::ToxicCloudPresent(unsigned int, unsigned int) const
0006c374	UnregisterDisasterCallback__15cSSStrtSimLayer	cSSStrtSimLayer::UnregisterDisasterCallback(void)
0006c3bc	UpdateBoatView__15cSSStrtSimLayer	cSSStrtSimLayer::UpdateBoatView(void)
0006c3e8	UpdateHelicopterView__15cSSStrtSimLayer	cSSStrtSimLayer::UpdateHelicopterView(void)
0006c4d0	UpdateNumberOfBoats__15cSSStrtSimLayer	cSSStrtSimLayer::UpdateNumberOfBoats(void)
0006c584	UpdateNumberOfHelicopters__15cSSStrtSimLayer	cSSStrtSimLayer::UpdateNumberOfHelicopters(void)
0006c628	UpdatePlanesView__15cSSStrtSimLayer	cSSStrtSimLayer::UpdatePlanesView(void)
0006c654	UpdateShipView__15cSSStrtSimLayer	cSSStrtSimLayer::UpdateShipView(void)
0006c67c	AddRef__26cSSStrtSimLayerManipulator	cSSStrtSimLayerManipulator::AddRef(void)
0006c698	__26cSSStrtSimLayerManipulatorP15cSSStrtSimLayer	cSSStrtSimLayerManipulator::cSSStrtSimLayerManipulator(cSSStrtSimLayer *)
0006c6dc	_._26cSSStrtSimLayerManipulator	cSSStrtSimLayerManipulator::~cSSStrtSimLayerManipulator(void)
0006c710	DebugClassTag__26cSSStrtSimLayerManipulatorR10cIGZString	cSSStrtSimLayerManipulator::DebugClassTag(cIGZString &)
0006c71c	DebugInstanceTag__26cSSStrtSimLayerManipulatorR10cIGZString	cSSStrtSimLayerManipulator::DebugInstanceTag(cIGZString &)
0006c728	DebugTypeTag__26cSSStrtSimLayerManipulatorR10cIGZString	cSSStrtSimLayerManipulator::DebugTypeTag(cIGZString &)
0006c738	QueryInterface__26cSSStrtSimLayerManipulatorUiPPv	cSSStrtSimLayerManipulator::QueryInterface(unsigned int, void **)
0006c798	Release__26cSSStrtSimLayerManipulator	cSSStrtSimLayerManipulator::Release(void)
0006c844	_._18cSSStrtSimOccupant	cSSStrtSimOccupant::~cSSStrtSimOccupant(void)
0006c878	DoQueryInfo__18cSSStrtSimOccupantR10cGZMessageP11cIGZUnknown	cSSStrtSimOccupant::DoQueryInfo(cGZMessage &, cIGZUnknown *)
0006c884	DoMessage__18cSSStrtSimOccupantR10cGZMessage	cSSStrtSimOccupant::DoMessage(cGZMessage &)
0006c890	Init__18cSSStrtSimOccupantR14cGZResourceKey	cSSStrtSimOccupant::Init(cGZResourceKey &)
0006c89c	Init__18cSSStrtSimOccupantP19cISC3OccupantAttrib	cSSStrtSimOccupant::Init(cISC3OccupantAttrib *)
0006c8a8	Init__18cSSStrtSimOccupantP9cISC3CityP19cISC3OccPersistInfo	cSSStrtSimOccupant::Init(cISC3City *, cISC3OccPersistInfo *)
0006c8b4	Save__18cSSStrtSimOccupantP9cISC3CityR19cISC3OccPersistInfo	cSSStrtSimOccupant::Save(cISC3City *, cISC3OccPersistInfo &)
0006c8c0	IsInCity__C18cSSStrtSimOccupant	cSSStrtSimOccupant::IsInCity(void) const
0006c8d4	MajorType__C18cSSStrtSimOccupant	cSSStrtSimOccupant::MajorType(void) const
0006c8e0	TypeId__C18cSSStrtSimOccupant	cSSStrtSimOccupant::TypeId(void) const
0006c8ec	AnimType__C18cSSStrtSimOccupant	cSSStrtSimOccupant::AnimType(void) const
0006c8f8	AnimStart__18cSSStrtSimOccupant	cSSStrtSimOccupant::AnimStart(void)
0006c900	AnimStop__18cSSStrtSimOccupant	cSSStrtSimOccupant::AnimStop(void)
0006c908	CanSimRemove__C18cSSStrtSimOccupant	cSSStrtSimOccupant::CanSimRemove(void) const
0006c914	SetSimRemove__18cSSStrtSimOccupantb	cSSStrtSimOccupant::SetSimRemove(bool)
0006c91c	CanUserRemove__C18cSSStrtSimOccupant	cSSStrtSimOccupant::CanUserRemove(void) const
0006c928	SetUserRemove__18cSSStrtSimOccupantb	cSSStrtSimOccupant::SetUserRemove(bool)
0006c930	GetName__18cSSStrtSimOccupantR10cIGZString	cSSStrtSimOccupant::GetName(cIGZString &)
0006c93c	GetName__18cSSStrtSimOccupant	cSSStrtSimOccupant::GetName(void)
0006c948	GetAttribData__18cSSStrtSimOccupant	cSSStrtSimOccupant::GetAttribData(void)
0006c954	GetSubSystemData__18cSSStrtSimOccupantUiPPv	cSSStrtSimOccupant::GetSubSystemData(unsigned int, void **)
0006c960	CityAgentType__18cSSStrtSimOccupant	cSSStrtSimOccupant::CityAgentType(void)
0006c96c	GetOrientation__C18cSSStrtSimOccupantRUsN21	cSSStrtSimOccupant::GetOrientation(unsigned short &, unsigned short &, unsigned short &) const
0006c974	GetRotationFlag__C18cSSStrtSimOccupantRUi	cSSStrtSimOccupant::GetRotationFlag(unsigned int &) const
0006c980	GetBoundingRectInCellCoords__C18cSSStrtSimOccupantR14sIGZRectUint32	cSSStrtSimOccupant::GetBoundingRectInCellCoords(sIGZRectUint32 &) const
0006c988	GetLocationInAnimCellCoords__C18cSSStrtSimOccupantRUiT1	cSSStrtSimOccupant::GetLocationInAnimCellCoords(unsigned int &, unsigned int &) const
0006c9a4	GetBoundingRectInAnimCellCoords__C18cSSStrtSimOccupantR14sIGZRectUint32	cSSStrtSimOccupant::GetBoundingRectInAnimCellCoords(sIGZRectUint32 &) const
0006c9ac	SizeInCellsX__C18cSSStrtSimOccupant	cSSStrtSimOccupant::SizeInCellsX(void) const
0006c9b8	SizeInCellsZ__C18cSSStrtSimOccupant	cSSStrtSimOccupant::SizeInCellsZ(void) const
0006c9c4	SizeInCellsY__C18cSSStrtSimOccupant	cSSStrtSimOccupant::SizeInCellsY(void) const
0006c9d0	SetAltAnimCells__18cSSStrtSimOccupantUs	cSSStrtSimOccupant::SetAltAnimCells(unsigned short)
0006c9e4	SetLocationInAnimCoords__18cSSStrtSimOccupantUiUi	cSSStrtSimOccupant::SetLocationInAnimCoords(unsigned int, unsigned int)
0006c9fc	SetLocation__18cSSStrtSimOccupantRC13cSC3CityCoord	cSSStrtSimOccupant::SetLocation(cSC3CityCoord const &)
0006ca1c	SetSubTypeInfo__18cSSStrtSimOccupantUc	cSSStrtSimOccupant::SetSubTypeInfo(unsigned char)
0006ca24	GetSubTypeData__18cSSStrtSimOccupantUi	cSSStrtSimOccupant::GetSubTypeData(unsigned int)
0006ca30	SetOrientation__18cSSStrtSimOccupantUsUsUs	cSSStrtSimOccupant::SetOrientation(unsigned short, unsigned short, unsigned short)
0006ca38	SetRotationFlag__18cSSStrtSimOccupantUi	cSSStrtSimOccupant::SetRotationFlag(unsigned int)
0006ca44	GetMarkBit__C18cSSStrtSimOccupant	cSSStrtSimOccupant::GetMarkBit(void) const
0006ca50	SetMarkBit__18cSSStrtSimOccupantb	cSSStrtSimOccupant::SetMarkBit(bool)
0006ca58	SerialRead__18cSSStrtSimOccupantP9cISC3CityR18cIGZDBSerialRecord	cSSStrtSimOccupant::SerialRead(cISC3City *, cIGZDBSerialRecord &)
0006ca64	SerialWrite__18cSSStrtSimOccupantP9cISC3CityR18cIGZDBSerialRecord	cSSStrtSimOccupant::SerialWrite(cISC3City *, cIGZDBSerialRecord &)
0006ca70	GetSoundObjectId__18cSSStrtSimOccupanti	cSSStrtSimOccupant::GetSoundObjectId(int)
0006ca80	GetSpriteAttrib__18cSSStrtSimOccupantUi	cSSStrtSimOccupant::GetSpriteAttrib(unsigned int)
0006cad0	GetSpriteInst__18cSSStrtSimOccupantUi	cSSStrtSimOccupant::GetSpriteInst(unsigned int)
0006cb1c	GetDefaultLayerFlag__C18cSSStrtSimOccupant	cSSStrtSimOccupant::GetDefaultLayerFlag(void) const
0006cb28	SetDefaultLayerFlag__18cSSStrtSimOccupantUi	cSSStrtSimOccupant::SetDefaultLayerFlag(unsigned int)
0006cb34	CreateQueryDialog__18cSSStrtSimOccupantPP13cISC3WinQuery	cSSStrtSimOccupant::CreateQueryDialog(cISC3WinQuery **)
0006cb40	GetMemUse__C18cSSStrtSimOccupant	cSSStrtSimOccupant::GetMemUse(void) const
0006cb4c	DebugInstanceTag__18cSSStrtSimOccupantR10cIGZString	cSSStrtSimOccupant::DebugInstanceTag(cIGZString &)
0006cb58	DebugClassTag__18cSSStrtSimOccupantR10cIGZString	cSSStrtSimOccupant::DebugClassTag(cIGZString &)
0006cb64	DebugTypeTag__18cSSStrtSimOccupantR10cIGZString	cSSStrtSimOccupant::DebugTypeTag(cIGZString &)
0006cb70	GetOccLayerFlag__18cSSStrtSimOccupant	cSSStrtSimOccupant::GetOccLayerFlag(void)
0006cb7c	SetOccLayerFlag__18cSSStrtSimOccupantUi	cSSStrtSimOccupant::SetOccLayerFlag(unsigned int)
0006cb84	AddRef__18cSSStrtSimOccupant	cSSStrtSimOccupant::AddRef(void)
0006cba0	__18cSSStrtSimOccupant	cSSStrtSimOccupant::cSSStrtSimOccupant(void)
0006cc04	GetAlt__C18cSSStrtSimOccupant	cSSStrtSimOccupant::GetAlt(void) const
0006cc14	GetAltAnimCells__C18cSSStrtSimOccupant	cSSStrtSimOccupant::GetAltAnimCells(void) const
0006cc24	GetAltWorldUnits__C18cSSStrtSimOccupant	cSSStrtSimOccupant::GetAltWorldUnits(void) const
0006cc30	GetLocation__C18cSSStrtSimOccupantR13cSC3CityCoord	cSSStrtSimOccupant::GetLocation(cSC3CityCoord &) const
0006cc50	GetLocationInCellCoords__C18cSSStrtSimOccupantRUiT1	cSSStrtSimOccupant::GetLocationInCellCoords(unsigned int &, unsigned int &) const
0006cc78	GetBounds__C18cSSStrtSimOccupantR14cSC3CityBounds	cSSStrtSimOccupant::GetBounds(cSC3CityBounds &) const
0006cd14	QueryInterface__18cSSStrtSimOccupantUiPPv	cSSStrtSimOccupant::QueryInterface(unsigned int, void **)
0006cd74	Release__18cSSStrtSimOccupant	cSSStrtSimOccupant::Release(void)
0006cdbc	GetIsInCityFlag__C18cSSStrtSimOccupant	cSSStrtSimOccupant::GetIsInCityFlag(void) const
0006cdcc	SetIsInCityFlag__18cSSStrtSimOccupantUi	cSSStrtSimOccupant::SetIsInCityFlag(unsigned int)
0006cddc	TestIsInCityFlag__C18cSSStrtSimOccupantUi	cSSStrtSimOccupant::TestIsInCityFlag(unsigned int) const
0006cdf4	ClearIsInCityFlag__18cSSStrtSimOccupantUi	cSSStrtSimOccupant::ClearIsInCityFlag(unsigned int)
0006ce30	SizeInAnimCellsX__C18cSSStrtSimOccupant	cSSStrtSimOccupant::SizeInAnimCellsX(void) const
0006ce3c	SizeInAnimCellsZ__C18cSSStrtSimOccupant	cSSStrtSimOccupant::SizeInAnimCellsZ(void) const
0006ce48	SizeInAnimCellsY__C18cSSStrtSimOccupant	cSSStrtSimOccupant::SizeInAnimCellsY(void) const
0006ce54	SetAlt__18cSSStrtSimOccupantUc	cSSStrtSimOccupant::SetAlt(unsigned char)
0006ce68	SetLocationInCellCoords__18cSSStrtSimOccupantUiUi	cSSStrtSimOccupant::SetLocationInCellCoords(unsigned int, unsigned int)
0006ce94	SerialRead__16cSSStrtSimScriptR18cIGZDBSerialRecord	cSSStrtSimScript::SerialRead(cIGZDBSerialRecord &)
0006d164	__16cSSStrtSimScript	cSSStrtSimScript::cSSStrtSimScript(void)
0006d1a8	_._16cSSStrtSimScript	cSSStrtSimScript::~cSSStrtSimScript(void)
0006d1ec	SerialWrite__16cSSStrtSimScriptR18cIGZDBSerialRecord	cSSStrtSimScript::SerialWrite(cIGZDBSerialRecord &)
0006d1fc	Shutdown__16cSSStrtSimScript	cSSStrtSimScript::Shutdown(void)
0006d26c	DebugInstanceTag__16cSSStrtSimScriptR10cIGZString	cSSStrtSimScript::DebugInstanceTag(cIGZString &)
0006d298	DebugClassTag__16cSSStrtSimScriptR10cIGZString	cSSStrtSimScript::DebugClassTag(cIGZString &)
0006d2a8	DebugTypeTag__16cSSStrtSimScriptR10cIGZString	cSSStrtSimScript::DebugTypeTag(cIGZString &)
0006d2d8	CreateInstance__23cSSStrtSimScriptFactoryUiUiPPv	cSSStrtSimScriptFactory::CreateInstance(unsigned int, unsigned int, void **)
0006d380	SerialRead__23cSSStrtSimScriptFactoryR12cIGZResourceR18cIGZDBSerialRecord	cSSStrtSimScriptFactory::SerialRead(cIGZResource &, cIGZDBSerialRecord &)
0006d3ac	SerialWrite__23cSSStrtSimScriptFactoryR12cIGZResourceR18cIGZDBSerialRecord	cSSStrtSimScriptFactory::SerialWrite(cIGZResource &, cIGZDBSerialRecord &)
0006d3c4	EnterVehicle__17cSSStrtSimTrBlockP15cISSVehiclePathP11cISSVehicleib	cSSStrtSimTrBlock::EnterVehicle(cISSVehiclePath *, cISSVehicle *, int, bool)
0006d540	__24cSSStrtSimTrBlockFactory	cSSStrtSimTrBlockFactory::cSSStrtSimTrBlockFactory(void)
0006d578	GetStrtSimAttrib__17cSSStrtSimTrBlock	cSSStrtSimTrBlock::GetStrtSimAttrib(void)
0006d588	IsBlockedPath__17cSSStrtSimTrBlockSc	cSSStrtSimTrBlock::IsBlockedPath(signed char)
0006d5a4	AddRef__24cSSStrtSimTrBlockFactory	cSSStrtSimTrBlockFactory::AddRef(void)
0006d5e0	CreateStrtSimTrBlock__24cSSStrtSimTrBlockFactoryRC14cGZResourceKeyPPv	cSSStrtSimTrBlockFactory::CreateStrtSimTrBlock(cGZResourceKey const &, void **)
0006d6c0	QueryInterface__24cSSStrtSimTrBlockFactoryUiPPv	cSSStrtSimTrBlockFactory::QueryInterface(unsigned int, void **)
0006d720	Release__24cSSStrtSimTrBlockFactory	cSSStrtSimTrBlockFactory::Release(void)
0006d774	AddRef__17cSSStrtSimTrBlock	cSSStrtSimTrBlock::AddRef(void)
0006d78c	AllowVehicleEntrance__17cSSStrtSimTrBlock	cSSStrtSimTrBlock::AllowVehicleEntrance(void)
0006d7a0	BlockPath__17cSSStrtSimTrBlockP15cISSVehiclePath	cSSStrtSimTrBlock::BlockPath(cISSVehiclePath *)
0006d7dc	ContainsVehicles__17cSSStrtSimTrBlock	cSSStrtSimTrBlock::ContainsVehicles(void)
0006d814	__17cSSStrtSimTrBlock	cSSStrtSimTrBlock::cSSStrtSimTrBlock(void)
0006d870	_._17cSSStrtSimTrBlock	cSSStrtSimTrBlock::~cSSStrtSimTrBlock(void)
0006d8bc	DisallowVehicleEntrance__17cSSStrtSimTrBlock	cSSStrtSimTrBlock::DisallowVehicleEntrance(void)
0006d8d0	EnterPerson__17cSSStrtSimTrBlockP14cISSPeoplePathP10cISSPerson	cSSStrtSimTrBlock::EnterPerson(cISSPeoplePath *, cISSPerson *)
0006d934	Init__17cSSStrtSimTrBlockRC14cGZResourceKey	cSSStrtSimTrBlock::Init(cGZResourceKey const &)
0006d9cc	LastVehicle__17cSSStrtSimTrBlockSc	cSSStrtSimTrBlock::LastVehicle(signed char)
0006d9e0	PersonLeftPath__17cSSStrtSimTrBlockScP10cISSPerson	cSSStrtSimTrBlock::PersonLeftPath(signed char, cISSPerson *)
0006d9f8	QueryInterface__17cSSStrtSimTrBlockUiPPv	cSSStrtSimTrBlock::QueryInterface(unsigned int, void **)
0006da58	Release__17cSSStrtSimTrBlock	cSSStrtSimTrBlock::Release(void)
0006dab4	Shutdown__17cSSStrtSimTrBlock	cSSStrtSimTrBlock::Shutdown(void)
0006db18	UnblockPath__17cSSStrtSimTrBlockP15cISSVehiclePath	cSSStrtSimTrBlock::UnblockPath(cISSVehiclePath *)
0006db54	VehicleLeftPath__17cSSStrtSimTrBlockScP11cISSVehicle	cSSStrtSimTrBlock::VehicleLeftPath(signed char, cISSVehicle *)
0006db84	LinesIntersect__23cSSStrtSimTrBlockAttribRC13cSC3CityCoordN31	cSSStrtSimTrBlockAttrib::LinesIntersect(cSC3CityCoord const &, cSC3CityCoord const &, cSC3CityCoord const &, cSC3CityCoord const &)
0006dd70	SerialRead__23cSSStrtSimTrBlockAttribR18cIGZDBSerialRecord	cSSStrtSimTrBlockAttrib::SerialRead(cIGZDBSerialRecord &)
0006e294	SerialReadBinary__23cSSStrtSimTrBlockAttribR18cIGZDBSerialRecord	cSSStrtSimTrBlockAttrib::SerialReadBinary(cIGZDBSerialRecord &)
0006e448	SerialWrite__23cSSStrtSimTrBlockAttribR18cIGZDBSerialRecord	cSSStrtSimTrBlockAttrib::SerialWrite(cIGZDBSerialRecord &)
0006e518	GetVPathGraphAttrib__23cSSStrtSimTrBlockAttrib	cSSStrtSimTrBlockAttrib::GetVPathGraphAttrib(void)
0006e528	GetPPathGraphAttrib__23cSSStrtSimTrBlockAttrib	cSSStrtSimTrBlockAttrib::GetPPathGraphAttrib(void)
0006e538	GetCornerOffset__23cSSStrtSimTrBlockAttribUc	cSSStrtSimTrBlockAttrib::GetCornerOffset(unsigned char)
0006e550	__23cSSStrtSimTrBlockAttrib	cSSStrtSimTrBlockAttrib::cSSStrtSimTrBlockAttrib(void)
0006e594	_._23cSSStrtSimTrBlockAttrib	cSSStrtSimTrBlockAttrib::~cSSStrtSimTrBlockAttrib(void)
0006e5dc	Shutdown__23cSSStrtSimTrBlockAttrib	cSSStrtSimTrBlockAttrib::Shutdown(void)
0006e638	Init__23cSSStrtSimTrBlockAttrib	cSSStrtSimTrBlockAttrib::Init(void)
0006e680	CreateInstance__30cSSStrtSimTrBlockAttribFactoryUiUiPPv	cSSStrtSimTrBlockAttribFactory::CreateInstance(unsigned int, unsigned int, void **)
0006e724	SerialRead__30cSSStrtSimTrBlockAttribFactoryR12cIGZResourceR18cIGZDBSerialRecord	cSSStrtSimTrBlockAttribFactory::SerialRead(cIGZResource &, cIGZDBSerialRecord &)
0006e754	SerialWrite__30cSSStrtSimTrBlockAttribFactoryR12cIGZResourceR18cIGZDBSerialRecord	cSSStrtSimTrBlockAttribFactory::SerialWrite(cIGZResource &, cIGZDBSerialRecord &)
0006e784	CreateAndAddSubwayVehicle__17cSSSubwayProducerRC14cGZResourceKeyPP16cSSSubwayVehicleRUi	cSSSubwayProducer::CreateAndAddSubwayVehicle(cGZResourceKey const &, cSSSubwayVehicle **, unsigned int &)
0006e8b8	CreateASubwayTrain__17cSSSubwayProducer	cSSSubwayProducer::CreateASubwayTrain(void)
0006ed4c	AddRef__17cSSSubwayProducer	cSSSubwayProducer::AddRef(void)
0006ed68	CitySpecificStaticInit__17cSSSubwayProducerP9cISC3City	cSSSubwayProducer::CitySpecificStaticInit(cISC3City *)
0006ee00	CitySpecificStaticShutdown__17cSSSubwayProducer	cSSSubwayProducer::CitySpecificStaticShutdown(void)
0006ee60	__17cSSSubwayProducer	cSSSubwayProducer::cSSSubwayProducer(void)
0006eec4	_._17cSSSubwayProducer	cSSSubwayProducer::~cSSSubwayProducer(void)
0006ef14	IncludeSubway__17cSSSubwayProducerP13cISC3Occupant	cSSSubwayProducer::IncludeSubway(cISC3Occupant *)
0006ef64	Init__17cSSSubwayProducerP13cISC3OccupantP22cSSTrainProducerAttrib	cSSSubwayProducer::Init(cISC3Occupant *, cSSTrainProducerAttrib *)
0006efd0	NeedVehicleDisappear__17cSSSubwayProducerP11cISSVehicleRUs	cSSSubwayProducer::NeedVehicleDisappear(cISSVehicle *, unsigned short &)
0006efe0	QueryInterface__17cSSSubwayProducerUiPPv	cSSSubwayProducer::QueryInterface(unsigned int, void **)
0006f044	Release__17cSSSubwayProducer	cSSSubwayProducer::Release(void)
0006f0a0	SetVehicleProduceState__17cSSSubwayProducerb	cSSSubwayProducer::SetVehicleProduceState(bool)
0006f0b4	Shutdown__17cSSSubwayProducer	cSSSubwayProducer::Shutdown(void)
0006f10c	Tick__17cSSSubwayProducerUi	cSSSubwayProducer::Tick(unsigned int)
0006f168	VehicleDisappears__17cSSSubwayProducerP11cISSVehicle	cSSSubwayProducer::VehicleDisappears(cISSVehicle *)
0006f1a4	PlaceOnTransitTile__16cSSSubwayVehicleP13cISC3OccupantUc	cSSSubwayVehicle::PlaceOnTransitTile(cISC3Occupant *, unsigned char)
0006f400	SetCurrentViewType__16cSSSubwayVehiclei	cSSSubwayVehicle::SetCurrentViewType(int)
0006f424	SetBirthZoomLevel__16cSSSubwayVehiclei	cSSSubwayVehicle::SetBirthZoomLevel(int)
0006f448	BirthZoomLevel__16cSSSubwayVehicle	cSSSubwayVehicle::BirthZoomLevel(void)
0006f468	GetFrameNumber__C16cSSSubwayVehicleii	cSSSubwayVehicle::GetFrameNumber(int, int) const
0006f4d0	__16cSSSubwayVehicle	cSSSubwayVehicle::cSSSubwayVehicle(void)
0006f528	_._16cSSSubwayVehicle	cSSSubwayVehicle::~cSSSubwayVehicle(void)
0006f570	Draw__C16cSSSubwayVehicleP10cIGZBufferiiiiP7cRZRect	cSSSubwayVehicle::Draw(cIGZBuffer *, int, int, int, int, cRZRect *) const
0006f624	Draw__C16cSSSubwayVehicleP10cIGZBufferRC7cRZRectiiP7cRZRect	cSSSubwayVehicle::Draw(cIGZBuffer *, cRZRect const &, int, int, cRZRect *) const
0006f6d0	SubTypeInfo__C16cSSSubwayVehicle	cSSSubwayVehicle::SubTypeInfo(void) const
0006f6e4	CreateAndAddRailVehicle__16cSSTrainProducerRC14cGZResourceKeyPP14cSSRailVehicleRUi	cSSTrainProducer::CreateAndAddRailVehicle(cGZResourceKey const &, cSSRailVehicle **, unsigned int &)
0006f818	CreateATrain__16cSSTrainProducer	cSSTrainProducer::CreateATrain(void)
0006fe54	AddRef__16cSSTrainProducer	cSSTrainProducer::AddRef(void)
0006fe70	CitySpecificStaticInit__16cSSTrainProducerP9cISC3City	cSSTrainProducer::CitySpecificStaticInit(cISC3City *)
0006feec	CitySpecificStaticShutdown__16cSSTrainProducer	cSSTrainProducer::CitySpecificStaticShutdown(void)
0006ff2c	__16cSSTrainProducer	cSSTrainProducer::cSSTrainProducer(void)
0006ff90	_._16cSSTrainProducer	cSSTrainProducer::~cSSTrainProducer(void)
0006ffe0	IncludeRail__16cSSTrainProducerP13cISC3Occupant	cSSTrainProducer::IncludeRail(cISC3Occupant *)
00070014	Init__16cSSTrainProducerP13cISC3OccupantP22cSSTrainProducerAttrib	cSSTrainProducer::Init(cISC3Occupant *, cSSTrainProducerAttrib *)
00070080	NeedVehicleDisappear__16cSSTrainProducerP11cISSVehicleRUs	cSSTrainProducer::NeedVehicleDisappear(cISSVehicle *, unsigned short &)
00070090	QueryInterface__16cSSTrainProducerUiPPv	cSSTrainProducer::QueryInterface(unsigned int, void **)
000700f4	Release__16cSSTrainProducer	cSSTrainProducer::Release(void)
00070150	SetVehicleProduceState__16cSSTrainProducerb	cSSTrainProducer::SetVehicleProduceState(bool)
00070164	Shutdown__16cSSTrainProducer	cSSTrainProducer::Shutdown(void)
000701bc	Tick__16cSSTrainProducerUi	cSSTrainProducer::Tick(unsigned int)
00070218	VehicleDisappears__16cSSTrainProducerP11cISSVehicle	cSSTrainProducer::VehicleDisappears(cISSVehicle *)
00070254	__22cSSTrainProducerAttrib	cSSTrainProducerAttrib::cSSTrainProducerAttrib(void)
000702b4	_._22cSSTrainProducerAttrib	cSSTrainProducerAttrib::~cSSTrainProducerAttrib(void)
00070398	SerialRead__22cSSTrainProducerAttribR18cIGZDBSerialRecord	cSSTrainProducerAttrib::SerialRead(cIGZDBSerialRecord &)
000708f0	SerialWrite__22cSSTrainProducerAttribR18cIGZDBSerialRecord	cSSTrainProducerAttrib::SerialWrite(cIGZDBSerialRecord &)
000708fc	Shutdown__22cSSTrainProducerAttrib	cSSTrainProducerAttrib::Shutdown(void)
00070918	DebugInstanceTag__22cSSTrainProducerAttribR10cIGZString	cSSTrainProducerAttrib::DebugInstanceTag(cIGZString &)
00070944	DebugClassTag__22cSSTrainProducerAttribR10cIGZString	cSSTrainProducerAttrib::DebugClassTag(cIGZString &)
00070954	DebugTypeTag__22cSSTrainProducerAttribR10cIGZString	cSSTrainProducerAttrib::DebugTypeTag(cIGZString &)
00070984	CreateInstance__29cSSTrainProducerAttribFactoryUiUiPPv	cSSTrainProducerAttribFactory::CreateInstance(unsigned int, unsigned int, void **)
00070a30	SerialRead__29cSSTrainProducerAttribFactoryR12cIGZResourceR18cIGZDBSerialRecord	cSSTrainProducerAttribFactory::SerialRead(cIGZResource &, cIGZDBSerialRecord &)
00070a5c	SerialWrite__29cSSTrainProducerAttribFactoryR12cIGZResourceR18cIGZDBSerialRecord	cSSTrainProducerAttribFactory::SerialWrite(cIGZResource &, cIGZDBSerialRecord &)
00070a74	__15tVPathGraphEdge	tVPathGraphEdge::tVPathGraphEdge(void)
00070af0	_._15tVPathGraphEdge	tVPathGraphEdge::~tVPathGraphEdge(void)
00070bfc	__19cSSVPathGraphAttribP23cSSStrtSimTrBlockAttrib	cSSVPathGraphAttrib::cSSVPathGraphAttrib(cSSStrtSimTrBlockAttrib *)
00070c78	_._19cSSVPathGraphAttrib	cSSVPathGraphAttrib::~cSSVPathGraphAttrib(void)
00070ddc	DeterminePathIntersections__19cSSVPathGraphAttrib	cSSVPathGraphAttrib::DeterminePathIntersections(void)
00070f3c	GetIntersectingVehiclePaths__19cSSVPathGraphAttribRC13cSC3CityCoordT1Rt6vector2ZScZt9allocator1ZScUc	cSSVPathGraphAttrib::GetIntersectingVehiclePaths(cSC3CityCoord const &, cSC3CityCoord const &, vector<signed char, allocator<signed char> > &, unsigned char)
00071050	GetNode__19cSSVPathGraphAttribiiUc	cSSVPathGraphAttrib::GetNode(int, int, unsigned char)
00071160	Init__19cSSVPathGraphAttrib	cSSVPathGraphAttrib::Init(void)
00071388	SelectANodeAndInternalEdge__19cSSVPathGraphAttribRP15tVPathGraphNodeRP15tVPathGraphEdgeUc	cSSVPathGraphAttrib::SelectANodeAndInternalEdge(tVPathGraphNode *&, tVPathGraphEdge *&, unsigned char)
00071484	SelectANodeAndInternalEdgeOfOrientation__19cSSVPathGraphAttribRP15tVPathGraphNodeRP15tVPathGraphEdgeUcUc	cSSVPathGraphAttrib::SelectANodeAndInternalEdgeOfOrientation(tVPathGraphNode *&, tVPathGraphEdge *&, unsigned char, unsigned char)
00071574	SerialRead__19cSSVPathGraphAttribR18cIGZDBSerialRecord	cSSVPathGraphAttrib::SerialRead(cIGZDBSerialRecord &)
00072294	SerialReadBinary__19cSSVPathGraphAttribR18cIGZDBSerialRecord	cSSVPathGraphAttrib::SerialReadBinary(cIGZDBSerialRecord &)
00072c14	SerialWrite__19cSSVPathGraphAttribR18cIGZDBSerialRecord	cSSVPathGraphAttrib::SerialWrite(cIGZDBSerialRecord &)
00072e94	GetNextPath__15tVPathGraphNode	tVPathGraphNode::GetNextPath(void)
00072efc	GetInternalEdge__15tVPathGraphNode	tVPathGraphNode::GetInternalEdge(void)
00072f30	GetOutgoingEdges__15tVPathGraphNodePP15tVPathGraphEdgeRUi	tVPathGraphNode::GetOutgoingEdges(tVPathGraphEdge **, unsigned int &)
00072f7c	GetPosition__15tVPathGraphNodeR13cSC3CityCoord	tVPathGraphNode::GetPosition(cSC3CityCoord &)
00072fa0	VehiclePathsIntersect__19cSSVPathGraphAttribRC13cSC3CityCoordN31	cSSVPathGraphAttrib::VehiclePathsIntersect(cSC3CityCoord const &, cSC3CityCoord const &, cSC3CityCoord const &, cSC3CityCoord const &)
00073024	AppearOnPathUpdateFn__10cSSVehicleUiQ210cSSVehicle11tExecStatusb	cSSVehicle::AppearOnPathUpdateFn(unsigned int, cSSVehicle::tExecStatus, bool)
0007316c	BuildPath__10cSSVehicleP18cISSStrtSimTrBlockUiUcUiP15tVPathGraphEdge	cSSVehicle::BuildPath(cISSStrtSimTrBlock *, unsigned int, unsigned char, unsigned int, tVPathGraphEdge *)
000732e4	ChangePosition__10cSSVehicleR13cSC3CityCoord	cSSVehicle::ChangePosition(cSC3CityCoord &)
000733fc	GetBoundingRectInAnimCellCoords__C10cSSVehicleR14sIGZRectUint32	cSSVehicle::GetBoundingRectInAnimCellCoords(sIGZRectUint32 &) const
00073524	GetTrueBoundingRect__C10cSSVehicleP17sIGZPointXZSint32	cSSVehicle::GetTrueBoundingRect(sIGZPointXZSint32 *) const
000737d8	CircularMotionUpdateFn__10cSSVehicleUiQ210cSSVehicle11tExecStatusb	cSSVehicle::CircularMotionUpdateFn(unsigned int, cSSVehicle::tExecStatus, bool)
00073a30	CircularMotionInCityUpdateFn__10cSSVehicleUiQ210cSSVehicle11tExecStatusb	cSSVehicle::CircularMotionInCityUpdateFn(unsigned int, cSSVehicle::tExecStatus, bool)
00073c20	CitySpecificStaticInit__10cSSVehicleP9cISC3City	cSSVehicle::CitySpecificStaticInit(cISC3City *)
00073de8	CitySpecificStaticShutdown__10cSSVehicle	cSSVehicle::CitySpecificStaticShutdown(void)
00073ee0	ComputePitch__10cSSVehicle	cSSVehicle::ComputePitch(void)
00074038	__10cSSVehicle	cSSVehicle::cSSVehicle(void)
000741c4	ExecuteScriptUpdateFn__10cSSVehicleUiQ210cSSVehicle11tExecStatusb	cSSVehicle::ExecuteScriptUpdateFn(unsigned int, cSSVehicle::tExecStatus, bool)
000742a8	FollowerMoveAlongPath__10cSSVehicle	cSSVehicle::FollowerMoveAlongPath(void)
000743d4	FollowerMoveToPoint__10cSSVehicleiiii	cSSVehicle::FollowerMoveToPoint(int, int, int, int)
00074534	FollowerMoveToPointMoveDist__10cSSVehiclePQ210cSSVehicle25tStateFollowerMoveToPointf	cSSVehicle::FollowerMoveToPointMoveDist(cSSVehicle::tStateFollowerMoveToPoint *, float)
000747e8	FollowTerrainMoveToPoint__10cSSVehicleiiiif	cSSVehicle::FollowTerrainMoveToPoint(int, int, int, int, float)
000749ac	FollowTerrainMoveToPointUpdateFn__10cSSVehicleUiQ210cSSVehicle11tExecStatusb	cSSVehicle::FollowTerrainMoveToPointUpdateFn(unsigned int, cSSVehicle::tExecStatus, bool)
00074b68	Init__10cSSVehicleRC14cGZResourceKey	cSSVehicle::Init(cGZResourceKey const &)
00074c48	LeaveLastPath__10cSSVehicle	cSSVehicle::LeaveLastPath(void)
00074d1c	MakeCurrentPath__10cSSVehicleP15cISSVehiclePath	cSSVehicle::MakeCurrentPath(cISSVehiclePath *)
00074e28	MoveAlongPath__10cSSVehicle	cSSVehicle::MoveAlongPath(void)
00074f54	MoveNStagesUpdateFn__10cSSVehicleUiQ210cSSVehicle11tExecStatusb	cSSVehicle::MoveNStagesUpdateFn(unsigned int, cSSVehicle::tExecStatus, bool)
000751b8	MoveToPoint__10cSSVehicleiiii	cSSVehicle::MoveToPoint(int, int, int, int)
00075334	MoveToPointMoveDist__10cSSVehiclePQ210cSSVehicle17tStateMoveToPointf	cSSVehicle::MoveToPointMoveDist(cSSVehicle::tStateMoveToPoint *, float)
00075648	OnWaterMoveToPoint__10cSSVehicleiifb	cSSVehicle::OnWaterMoveToPoint(int, int, float, bool)
00075794	OnWaterMoveToPointUpdateFn__10cSSVehicleUiQ210cSSVehicle11tExecStatusb	cSSVehicle::OnWaterMoveToPointUpdateFn(unsigned int, cSSVehicle::tExecStatus, bool)
00075990	PlaceOnTransitTile__10cSSVehicleP13cISC3Occupant	cSSVehicle::PlaceOnTransitTile(cISC3Occupant *)
00075bb0	QueryAltitudeAndComputeSpeedComponents__10cSSVehicleffiiRfT5	cSSVehicle::QueryAltitudeAndComputeSpeedComponents(float, float, int, int, float &, float &)
00075d38	SelectAnEdge__10cSSVehicleP15tVPathGraphNodeii	cSSVehicle::SelectAnEdge(tVPathGraphNode *, int, int)
00075f18	SelectPath__10cSSVehicleP13cISC3Occupant	cSSVehicle::SelectPath(cISC3Occupant *)
00076054	SelectPath__10cSSVehicleiii	cSSVehicle::SelectPath(int, int, int)
000761f4	SelectPathFromConnectingNodeOnNextCell__10cSSVehicleiiP15tVPathGraphEdgeii	cSSVehicle::SelectPathFromConnectingNodeOnNextCell(int, int, tVPathGraphEdge *, int, int)
000764a8	Shutdown__10cSSVehicle	cSSVehicle::Shutdown(void)
000766c4	SpiralMotion__10cSSVehicleR17cRZ3DPointFloat32T1	cSSVehicle::SpiralMotion(cRZ3DPointFloat32 &, cRZ3DPointFloat32 &)
000767d0	SpiralMotionUpdateFn__10cSSVehicleUiQ210cSSVehicle11tExecStatusb	cSSVehicle::SpiralMotionUpdateFn(unsigned int, cSSVehicle::tExecStatus, bool)
00076ca0	StaticInit__10cSSVehicle	cSSVehicle::StaticInit(void)
00076f7c	Tick__10cSSVehicleUi	cSSVehicle::Tick(unsigned int)
00077140	DebugInstanceTag__10cSSVehicleR10cIGZString	cSSVehicle::DebugInstanceTag(cIGZString &)
0007714c	DebugClassTag__10cSSVehicleR10cIGZString	cSSVehicle::DebugClassTag(cIGZString &)
00077158	DebugTypeTag__10cSSVehicleR10cIGZString	cSSVehicle::DebugTypeTag(cIGZString &)
00077164	IsVisible__10cSSVehicle	cSSVehicle::IsVisible(void)
00077174	SetVehicleAhead__10cSSVehicleP11cISSVehicle	cSSVehicle::SetVehicleAhead(cISSVehicle *)
00077188	FollowingVehicleDisappeared__10cSSVehicleP11cISSVehicle	cSSVehicle::FollowingVehicleDisappeared(cISSVehicle *)
0007719c	VehicleAheadLeftPath__10cSSVehicleP11cISSVehicle	cSSVehicle::VehicleAheadLeftPath(cISSVehicle *)
000771b0	IsAirVehicle__10cSSVehicle	cSSVehicle::IsAirVehicle(void)
000771c0	SetBirthZoomLevel__10cSSVehiclei	cSSVehicle::SetBirthZoomLevel(int)
000771e4	BirthZoomLevel__10cSSVehicle	cSSVehicle::BirthZoomLevel(void)
00077200	SetSpriteAttrib__10cSSVehicleP21cISC3CitySpriteAttrib	cSSVehicle::SetSpriteAttrib(cISC3CitySpriteAttrib *)
0007720c	Init__10cSSVehicleP21cISC3CitySpriteAttrib	cSSVehicle::Init(cISC3CitySpriteAttrib *)
00077218	SetRotationOffset__10cSSVehicleUc	cSSVehicle::SetRotationOffset(unsigned char)
00077220	GetLayerFlags32__C10cSSVehicle	cSSVehicle::GetLayerFlags32(void) const
0007722c	SetHilite__10cSSVehicleUi	cSSVehicle::SetHilite(unsigned int)
00077240	SetLayer__10cSSVehicleUc	cSSVehicle::SetLayer(unsigned char)
00077248	SetNext__10cSSVehicleP19cISC3CitySpriteInst	cSSVehicle::SetNext(cISC3CitySpriteInst *)
00077250	GetNext__10cSSVehicle	cSSVehicle::GetNext(void)
0007725c	GetRotationOffset__C10cSSVehicleRUc	cSSVehicle::GetRotationOffset(unsigned char &) const
00077264	GetSpriteAttrib__10cSSVehicle	cSSVehicle::GetSpriteAttrib(void)
00077274	GetSpriteInst__10cSSVehicle	cSSVehicle::GetSpriteInst(void)
00077284	GetGeomFlag__10cSSVehicle	cSSVehicle::GetGeomFlag(void)
00077294	IsGeomFlag__10cSSVehicleUi	cSSVehicle::IsGeomFlag(unsigned int)
000772ac	SetGeomFlag__10cSSVehicleUi	cSSVehicle::SetGeomFlag(unsigned int)
000772c0	ClearGeomFlag__10cSSVehicleUi	cSSVehicle::ClearGeomFlag(unsigned int)
000772d4	IsInState__10cSSVehicleQ210cSSVehicle13tVehicleState	cSSVehicle::IsInState(cSSVehicle::tVehicleState)
000772e8	SetState__10cSSVehicleQ210cSSVehicle13tVehicleState	cSSVehicle::SetState(cSSVehicle::tVehicleState)
000772f8	ResetState__10cSSVehicleQ210cSSVehicle13tVehicleState	cSSVehicle::ResetState(cSSVehicle::tVehicleState)
0007730c	PopActionStack__10cSSVehicle	cSSVehicle::PopActionStack(void)
0007731c	PopStateStack__10cSSVehiclei	cSSVehicle::PopStateStack(int)
00077338	PushStateStack__10cSSVehiclei	cSSVehicle::PushStateStack(int)
00077354	PushToActionStack__10cSSVehicleUi	cSSVehicle::PushToActionStack(unsigned int)
00077380	InCityBoundsMicro__10cSSVehicleii	cSSVehicle::InCityBoundsMicro(int, int)
000773c0	InCityBoundsCell__10cSSVehicleUiUi	cSSVehicle::InCityBoundsCell(unsigned int, unsigned int)
000773f8	GetFrameNumber__C10cSSVehicleii	cSSVehicle::GetFrameNumber(int, int) const
0007746c	AddRef__10cSSVehicle	cSSVehicle::AddRef(void)
00077494	AppearOnPath__10cSSVehicleP15cISSVehiclePath	cSSVehicle::AppearOnPath(cISSVehiclePath *)
000774dc	CallScriptFunction__10cSSVehiclePQ216cSSStrtSimScript12tInstruction	cSSVehicle::CallScriptFunction(cSSStrtSimScript::tInstruction *)
0007753c	CalculateAngle__10cSSVehicleiiii	cSSVehicle::CalculateAngle(int, int, int, int)
0007756c	ChangeToSortIdOfPath__10cSSVehicleP15cISSVehiclePath	cSSVehicle::ChangeToSortIdOfPath(cISSVehiclePath *)
000775d0	ChangeVehicleAngle__10cSSVehicleff	cSSVehicle::ChangeVehicleAngle(float, float)
00077684	GetBoundingRectInCellCoords__C10cSSVehicleR14sIGZRectUint32	cSSVehicle::GetBoundingRectInCellCoords(sIGZRectUint32 &) const
000776c8	GetCenterOfMass__C10cSSVehicleR17sIGZPointXZSint32	cSSVehicle::GetCenterOfMass(sIGZPointXZSint32 &) const
00077790	CircularMotion__10cSSVehicleiiffii	cSSVehicle::CircularMotion(int, int, float, float, int, int)
0007790c	CircularMotionInCity__10cSSVehicleiifff	cSSVehicle::CircularMotionInCity(int, int, float, float, float)
00077a58	ComputeYForTerrainFollowing__10cSSVehicleiiii	cSSVehicle::ComputeYForTerrainFollowing(int, int, int, int)
00077b08	_._10cSSVehicle	cSSVehicle::~cSSVehicle(void)
00077b70	DecideSirenState__10cSSVehicle	cSSVehicle::DecideSirenState(void)
00077bd8	DistanceToBack__10cSSVehicleiP15cISSVehiclePath	cSSVehicle::DistanceToBack(int, cISSVehiclePath *)
00077c94	DoNothing__10cSSVehicle	cSSVehicle::DoNothing(void)
00077cc0	DoNothingUpdateFn__10cSSVehicleUiQ210cSSVehicle11tExecStatusb	cSSVehicle::DoNothingUpdateFn(unsigned int, cSSVehicle::tExecStatus, bool)
00077cdc	Draw__C10cSSVehicleP10cIGZBufferiiiiP7cRZRect	cSSVehicle::Draw(cIGZBuffer *, int, int, int, int, cRZRect *) const
00077d98	Draw__C10cSSVehicleP10cIGZBufferRC7cRZRectiiP7cRZRect	cSSVehicle::Draw(cIGZBuffer *, cRZRect const &, int, int, cRZRect *) const
00077e50	ExecuteCurrentUpdateFn__10cSSVehicleUiQ210cSSVehicle11tExecStatusb	cSSVehicle::ExecuteCurrentUpdateFn(unsigned int, cSSVehicle::tExecStatus, bool)
00077ed4	ExecuteScript__10cSSVehicleR14cGZResourceKeyii	cSSVehicle::ExecuteScript(cGZResourceKey &, int, int)
00077f9c	ExecuteScriptScriptFn__10cSSVehiclePQ216cSSStrtSimScript12tInstruction	cSSVehicle::ExecuteScriptScriptFn(cSSStrtSimScript::tInstruction *)
00078088	FollowerDisappeared__10cSSVehicleP11cISSVehicle	cSSVehicle::FollowerDisappeared(cISSVehicle *)
000780a0	FollowerMoveAlongPathUpdateFn__10cSSVehicleUiQ210cSSVehicle11tExecStatusb	cSSVehicle::FollowerMoveAlongPathUpdateFn(unsigned int, cSSVehicle::tExecStatus, bool)
0007812c	FollowerMoveNStages__10cSSVehicleUs	cSSVehicle::FollowerMoveNStages(unsigned short)
000781ac	FollowerMoveNStagesScriptFn__10cSSVehiclePQ216cSSStrtSimScript12tInstruction	cSSVehicle::FollowerMoveNStagesScriptFn(cSSStrtSimScript::tInstruction *)
00078230	FollowerMoveNStagesUpdateFn__10cSSVehicleUiQ210cSSVehicle11tExecStatusb	cSSVehicle::FollowerMoveNStagesUpdateFn(unsigned int, cSSVehicle::tExecStatus, bool)
000782e8	FollowerMoveToPointUpdateFn__10cSSVehicleUiQ210cSSVehicle11tExecStatusb	cSSVehicle::FollowerMoveToPointUpdateFn(unsigned int, cSSVehicle::tExecStatus, bool)
0007838c	GetAllSpans__C10cSSVehicleiiR7cRZRect	cSSVehicle::GetAllSpans(int, int, cRZRect &) const
00078428	GetAltitude__10cSSVehicleP13cISC3OccupantP23cSSStrtSimTrBlockAttrib	cSSVehicle::GetAltitude(cISC3Occupant *, cSSStrtSimTrBlockAttrib *)
00078494	GetAreaFromPt__C10cSSVehicleiiR7cRZRectii	cSSVehicle::GetAreaFromPt(int, int, cRZRect &, int, int) const
00078540	GetH__C10cSSVehicleii	cSSVehicle::GetH(int, int) const
000785d4	GetLocationInCellCoords__C10cSSVehicleRUiT1	cSSVehicle::GetLocationInCellCoords(unsigned int &, unsigned int &) const
000785f8	GetNextPath__10cSSVehicle	cSSVehicle::GetNextPath(void)
00078670	GetW__C10cSSVehicleii	cSSVehicle::GetW(int, int) const
00078704	IdleForDuration__10cSSVehicleUi	cSSVehicle::IdleForDuration(unsigned int)
00078750	IdleForDurationUpdateFn__10cSSVehicleUiQ210cSSVehicle11tExecStatusb	cSSVehicle::IdleForDurationUpdateFn(unsigned int, cSSVehicle::tExecStatus, bool)
00078798	IncludeRail__10cSSVehicleP13cISC3Occupant	cSSVehicle::IncludeRail(cISC3Occupant *)
000787cc	IncludeRoadsAndAvenues__10cSSVehicleP13cISC3Occupant	cSSVehicle::IncludeRoadsAndAvenues(cISC3Occupant *)
0007880c	IncludeSubway__10cSSVehicleP13cISC3Occupant	cSSVehicle::IncludeSubway(cISC3Occupant *)
0007885c	InsideStaticOccupant__10cSSVehicleiii	cSSVehicle::InsideStaticOccupant(int, int, int)
0007891c	IsEmergencyVehicle__10cSSVehicle	cSSVehicle::IsEmergencyVehicle(void)
00078934	IsPixelOpaque__C10cSSVehicleiiii	cSSVehicle::IsPixelOpaque(int, int, int, int) const
000789d0	LastMovementDist__10cSSVehicle	cSSVehicle::LastMovementDist(void)
000789ec	LeaderDisappeared__10cSSVehicleP11cISSVehicle	cSSVehicle::LeaderDisappeared(cISSVehicle *)
00078a04	LeaderEnteredPath__10cSSVehicleP15cISSVehiclePath	cSSVehicle::LeaderEnteredPath(cISSVehiclePath *)
00078a84	LeaveAllPaths__10cSSVehicle	cSSVehicle::LeaveAllPaths(void)
00078ae0	Width__C10cSSVehicle	cSSVehicle::Width(void) const
00078aec	Length__C10cSSVehicle	cSSVehicle::Length(void) const
00078b04	MoveAlongPathUpdateFn__10cSSVehicleUiQ210cSSVehicle11tExecStatusb	cSSVehicle::MoveAlongPathUpdateFn(unsigned int, cSSVehicle::tExecStatus, bool)
00078b90	MoveNStages__10cSSVehicleiiUs	cSSVehicle::MoveNStages(int, int, unsigned short)
00078c68	MoveNStagesScriptFn__10cSSVehiclePQ216cSSStrtSimScript12tInstruction	cSSVehicle::MoveNStagesScriptFn(cSSStrtSimScript::tInstruction *)
00078d48	MoveToPointUpdateFn__10cSSVehicleUiQ210cSSVehicle11tExecStatusb	cSSVehicle::MoveToPointUpdateFn(unsigned int, cSSVehicle::tExecStatus, bool)
00078dd4	PlaceOnTransitTile__10cSSVehicleP13cISC3OccupantUc	cSSVehicle::PlaceOnTransitTile(cISC3Occupant *, unsigned char)
00078de4	PlayAnimation__10cSSVehicleUsii	cSSVehicle::PlayAnimation(unsigned short, int, int)
00078ea4	PlayAnimationUpdateFn__10cSSVehicleUiQ210cSSVehicle11tExecStatusb	cSSVehicle::PlayAnimationUpdateFn(unsigned int, cSSVehicle::tExecStatus, bool)
00078eec	PlayAnimationScriptFn__10cSSVehiclePQ216cSSStrtSimScript12tInstruction	cSSVehicle::PlayAnimationScriptFn(cSSStrtSimScript::tInstruction *)
00078fb4	Prepare__10cSSVehicleiib	cSSVehicle::Prepare(int, int, bool)
00078fc4	QueryAltitudeAndComputeYGradientPerUnitAngle__10cSSVehicleiiffii	cSSVehicle::QueryAltitudeAndComputeYGradientPerUnitAngle(int, int, float, float, int, int)
00079104	QueryInterface__10cSSVehicleUiPPv	cSSVehicle::QueryInterface(unsigned int, void **)
0007917c	Release__10cSSVehicle	cSSVehicle::Release(void)
000791a8	SelectNextPath__10cSSVehicleP15cISSVehiclePathRP15cISSVehiclePath	cSSVehicle::SelectNextPath(cISSVehiclePath *, cISSVehiclePath *&)
00079294	SetFollower__10cSSVehicleP11cISSVehicle	cSSVehicle::SetFollower(cISSVehicle *)
000792ac	SetFollowingVehicle__10cSSVehicleP11cISSVehicle	cSSVehicle::SetFollowingVehicle(cISSVehicle *)
000792f4	SetLeader__10cSSVehicleP11cISSVehicle	cSSVehicle::SetLeader(cISSVehicle *)
0007930c	SetOrientation__10cSSVehicleUc	cSSVehicle::SetOrientation(unsigned char)
00079344	SetProducer__10cSSVehicleP19cISSVehicleProducer	cSSVehicle::SetProducer(cISSVehicleProducer *)
00079378	SetVisibility__10cSSVehicleb	cSSVehicle::SetVisibility(bool)
000793c0	StaticShutdown__10cSSVehicle	cSSVehicle::StaticShutdown(void)
00079414	SubTypeInfo__C10cSSVehicle	cSSVehicle::SubTypeInfo(void) const
00079424	TickFromLeader__10cSSVehicle	cSSVehicle::TickFromLeader(void)
000794b8	Unprepare__10cSSVehicleii	cSSVehicle::Unprepare(int, int)
000794c8	WaitForPathClearance__10cSSVehicleP15cISSVehiclePath	cSSVehicle::WaitForPathClearance(cISSVehiclePath *)
00079550	WaitForPathClearanceUpdateFn__10cSSVehicleUiQ210cSSVehicle11tExecStatusb	cSSVehicle::WaitForPathClearanceUpdateFn(unsigned int, cSSVehicle::tExecStatus, bool)
00079648	WipeActionStack__10cSSVehicle	cSSVehicle::WipeActionStack(void)
000796e4	SerialRead__16cSSVehicleAttribR18cIGZDBSerialRecord	cSSVehicleAttrib::SerialRead(cIGZDBSerialRecord &)
0007a104	SerialReadBinary__16cSSVehicleAttribR18cIGZDBSerialRecord	cSSVehicleAttrib::SerialReadBinary(cIGZDBSerialRecord &)
0007a280	SerialWrite__16cSSVehicleAttribR18cIGZDBSerialRecord	cSSVehicleAttrib::SerialWrite(cIGZDBSerialRecord &)
0007a418	ScriptKey__16cSSVehicleAttrib	cSSVehicleAttrib::ScriptKey(void)
0007a428	AnimSpriteAttrib__16cSSVehicleAttrib	cSSVehicleAttrib::AnimSpriteAttrib(void)
0007a438	Length__16cSSVehicleAttrib	cSSVehicleAttrib::Length(void)
0007a448	MaxSpeed__16cSSVehicleAttrib	cSSVehicleAttrib::MaxSpeed(void)
0007a45c	__16cSSVehicleAttrib	cSSVehicleAttrib::cSSVehicleAttrib(void)
0007a4b4	_._16cSSVehicleAttrib	cSSVehicleAttrib::~cSSVehicleAttrib(void)
0007a4f8	DebugClassTag__16cSSVehicleAttribR10cIGZString	cSSVehicleAttrib::DebugClassTag(cIGZString &)
0007a508	DebugInstanceTag__16cSSVehicleAttribR10cIGZString	cSSVehicleAttrib::DebugInstanceTag(cIGZString &)
0007a538	DebugTypeTag__16cSSVehicleAttribR10cIGZString	cSSVehicleAttrib::DebugTypeTag(cIGZString &)
0007a568	Shutdown__16cSSVehicleAttrib	cSSVehicleAttrib::Shutdown(void)
0007a5a8	CreateInstance__23cSSVehicleAttribFactoryUiUiPPv	cSSVehicleAttribFactory::CreateInstance(unsigned int, unsigned int, void **)
0007a660	SerialRead__23cSSVehicleAttribFactoryR12cIGZResourceR18cIGZDBSerialRecord	cSSVehicleAttribFactory::SerialRead(cIGZResource &, cIGZDBSerialRecord &)
0007a690	SerialWrite__23cSSVehicleAttribFactoryR12cIGZResourceR18cIGZDBSerialRecord	cSSVehicleAttribFactory::SerialWrite(cIGZResource &, cIGZDBSerialRecord &)
0007a6c4	GetCopy__21cSSVehicleForwardPath	cSSVehicleForwardPath::GetCopy(void)
0007a7a0	GetCopy__22cSSVehicleBackwardPath	cSSVehicleBackwardPath::GetCopy(void)
0007a870	SetSpeed__21cSSVehicleForwardPathf	cSSVehicleForwardPath::SetSpeed(float)
0007a880	Speed__21cSSVehicleForwardPath	cSSVehicleForwardPath::Speed(void)
0007a890	GetEdge__21cSSVehicleForwardPath	cSSVehicleForwardPath::GetEdge(void)
0007a8a0	GetStrtSimTrBlock__21cSSVehicleForwardPath	cSSVehicleForwardPath::GetStrtSimTrBlock(void)
0007a8b0	GetReferenceMicroY__21cSSVehicleForwardPath	cSSVehicleForwardPath::GetReferenceMicroY(void)
0007a8c0	SetSpeed__22cSSVehicleBackwardPathf	cSSVehicleBackwardPath::SetSpeed(float)
0007a8d0	Speed__22cSSVehicleBackwardPath	cSSVehicleBackwardPath::Speed(void)
0007a8e0	GetEdge__22cSSVehicleBackwardPath	cSSVehicleBackwardPath::GetEdge(void)
0007a8f0	GetStrtSimTrBlock__22cSSVehicleBackwardPath	cSSVehicleBackwardPath::GetStrtSimTrBlock(void)
0007a900	GetReferenceMicroY__22cSSVehicleBackwardPath	cSSVehicleBackwardPath::GetReferenceMicroY(void)
0007a910	SetSpeed__22cSSVehicleStraightPathf	cSSVehicleStraightPath::SetSpeed(float)
0007a920	Speed__22cSSVehicleStraightPath	cSSVehicleStraightPath::Speed(void)
0007a930	BlockPath__22cSSVehicleStraightPath	cSSVehicleStraightPath::BlockPath(void)
0007a938	UnblockPath__22cSSVehicleStraightPath	cSSVehicleStraightPath::UnblockPath(void)
0007a940	SortId__22cSSVehicleStraightPathRi	cSSVehicleStraightPath::SortId(int &)
0007a94c	SetSpeed__24cSSVehiclePathWithAttribf	cSSVehiclePathWithAttrib::SetSpeed(float)
0007a95c	Speed__24cSSVehiclePathWithAttrib	cSSVehiclePathWithAttrib::Speed(void)
0007a96c	BlockPath__24cSSVehiclePathWithAttrib	cSSVehiclePathWithAttrib::BlockPath(void)
0007a974	UnblockPath__24cSSVehiclePathWithAttrib	cSSVehiclePathWithAttrib::UnblockPath(void)
0007a97c	AddRef__21cSSVehicleForwardPath	cSSVehicleForwardPath::AddRef(void)
0007a998	BlockPath__21cSSVehicleForwardPath	cSSVehicleForwardPath::BlockPath(void)
0007a9c8	__21cSSVehicleForwardPathP18cISSStrtSimTrBlockiiiP15tVPathGraphEdge	cSSVehicleForwardPath::cSSVehicleForwardPath(cISSStrtSimTrBlock *, int, int, int, tVPathGraphEdge *)
0007aa50	__21cSSVehicleForwardPathP21cSSVehicleForwardPath	cSSVehicleForwardPath::cSSVehicleForwardPath(cSSVehicleForwardPath *)
0007aad8	_._21cSSVehicleForwardPath	cSSVehicleForwardPath::~cSSVehicleForwardPath(void)
0007ab28	EnterVehicle__21cSSVehicleForwardPathP11cISSVehiclei	cSSVehicleForwardPath::EnterVehicle(cISSVehicle *, int)
0007ab6c	ForceEnterVehicle__21cSSVehicleForwardPathP11cISSVehicle	cSSVehicleForwardPath::ForceEnterVehicle(cISSVehicle *)
0007aba8	GetDistToEndFromCurrentPoint__21cSSVehicleForwardPathRi	cSSVehicleForwardPath::GetDistToEndFromCurrentPoint(int &)
0007abd8	GetEndCell__21cSSVehicleForwardPathRUiT1	cSSVehicleForwardPath::GetEndCell(unsigned int &, unsigned int &)
0007ac18	GetEndOrientation__21cSSVehicleForwardPath	cSSVehicleForwardPath::GetEndOrientation(void)
0007ac2c	GetEndPoint__21cSSVehicleForwardPathRiN21	cSSVehicleForwardPath::GetEndPoint(int &, int &, int &)
0007ac74	GetNextPoint__21cSSVehicleForwardPathRiN21	cSSVehicleForwardPath::GetNextPoint(int &, int &, int &)
0007acd0	GetPitch__21cSSVehicleForwardPath	cSSVehicleForwardPath::GetPitch(void)
0007ace0	GetPlacingOrientation__21cSSVehicleForwardPath	cSSVehicleForwardPath::GetPlacingOrientation(void)
0007acf4	GetStartPoint__21cSSVehicleForwardPathRiN21	cSSVehicleForwardPath::GetStartPoint(int &, int &, int &)
0007ad38	LastVehicle__21cSSVehicleForwardPath	cSSVehicleForwardPath::LastVehicle(void)
0007ad6c	Length__21cSSVehicleForwardPath	cSSVehicleForwardPath::Length(void)
0007ad84	QueryInterface__21cSSVehicleForwardPathUiPPv	cSSVehicleForwardPath::QueryInterface(unsigned int, void **)
0007ade4	Release__21cSSVehicleForwardPath	cSSVehicleForwardPath::Release(void)
0007ae44	Rewind__21cSSVehicleForwardPath	cSSVehicleForwardPath::Rewind(void)
0007ae58	SortId__21cSSVehicleForwardPathRi	cSSVehicleForwardPath::SortId(int &)
0007ae74	UnblockPath__21cSSVehicleForwardPath	cSSVehicleForwardPath::UnblockPath(void)
0007aea4	VehicleLeftPath__21cSSVehicleForwardPathP11cISSVehicle	cSSVehicleForwardPath::VehicleLeftPath(cISSVehicle *)
0007aee0	AddRef__22cSSVehicleBackwardPath	cSSVehicleBackwardPath::AddRef(void)
0007aefc	BlockPath__22cSSVehicleBackwardPath	cSSVehicleBackwardPath::BlockPath(void)
0007af2c	__22cSSVehicleBackwardPathP18cISSStrtSimTrBlockiiiP15tVPathGraphEdge	cSSVehicleBackwardPath::cSSVehicleBackwardPath(cISSStrtSimTrBlock *, int, int, int, tVPathGraphEdge *)
0007afb4	__22cSSVehicleBackwardPathP22cSSVehicleBackwardPath	cSSVehicleBackwardPath::cSSVehicleBackwardPath(cSSVehicleBackwardPath *)
0007b03c	_._22cSSVehicleBackwardPath	cSSVehicleBackwardPath::~cSSVehicleBackwardPath(void)
0007b08c	EnterVehicle__22cSSVehicleBackwardPathP11cISSVehiclei	cSSVehicleBackwardPath::EnterVehicle(cISSVehicle *, int)
0007b0d0	ForceEnterVehicle__22cSSVehicleBackwardPathP11cISSVehicle	cSSVehicleBackwardPath::ForceEnterVehicle(cISSVehicle *)
0007b10c	GetEndPoint__22cSSVehicleBackwardPathRiN21	cSSVehicleBackwardPath::GetEndPoint(int &, int &, int &)
0007b150	GetDistToEndFromCurrentPoint__22cSSVehicleBackwardPathRi	cSSVehicleBackwardPath::GetDistToEndFromCurrentPoint(int &)
0007b1a0	GetEndCell__22cSSVehicleBackwardPathRUiT1	cSSVehicleBackwardPath::GetEndCell(unsigned int &, unsigned int &)
0007b1d4	GetEndOrientation__22cSSVehicleBackwardPath	cSSVehicleBackwardPath::GetEndOrientation(void)
0007b1e8	GetNextPoint__22cSSVehicleBackwardPathRiN21	cSSVehicleBackwardPath::GetNextPoint(int &, int &, int &)
0007b244	GetPitch__22cSSVehicleBackwardPath	cSSVehicleBackwardPath::GetPitch(void)
0007b254	GetPlacingOrientation__22cSSVehicleBackwardPath	cSSVehicleBackwardPath::GetPlacingOrientation(void)
0007b274	GetStartPoint__22cSSVehicleBackwardPathRiN21	cSSVehicleBackwardPath::GetStartPoint(int &, int &, int &)
0007b2c8	LastVehicle__22cSSVehicleBackwardPath	cSSVehicleBackwardPath::LastVehicle(void)
0007b2fc	Length__22cSSVehicleBackwardPath	cSSVehicleBackwardPath::Length(void)
0007b314	QueryInterface__22cSSVehicleBackwardPathUiPPv	cSSVehicleBackwardPath::QueryInterface(unsigned int, void **)
0007b374	Release__22cSSVehicleBackwardPath	cSSVehicleBackwardPath::Release(void)
0007b3d4	Rewind__22cSSVehicleBackwardPath	cSSVehicleBackwardPath::Rewind(void)
0007b3e8	SortId__22cSSVehicleBackwardPathRi	cSSVehicleBackwardPath::SortId(int &)
0007b404	UnblockPath__22cSSVehicleBackwardPath	cSSVehicleBackwardPath::UnblockPath(void)
0007b434	VehicleLeftPath__22cSSVehicleBackwardPathP11cISSVehicle	cSSVehicleBackwardPath::VehicleLeftPath(cISSVehicle *)
0007b470	AddRef__22cSSVehicleStraightPath	cSSVehicleStraightPath::AddRef(void)
0007b48c	__22cSSVehicleStraightPathiiiiii	cSSVehicleStraightPath::cSSVehicleStraightPath(int, int, int, int, int, int)
0007b5a8	EnterVehicle__22cSSVehicleStraightPathP11cISSVehiclei	cSSVehicleStraightPath::EnterVehicle(cISSVehicle *, int)
0007b5b4	ForceEnterVehicle__22cSSVehicleStraightPathP11cISSVehicle	cSSVehicleStraightPath::ForceEnterVehicle(cISSVehicle *)
0007b5c0	GetCopy__22cSSVehicleStraightPath	cSSVehicleStraightPath::GetCopy(void)
0007b5cc	GetDistToEndFromCurrentPoint__22cSSVehicleStraightPathRi	cSSVehicleStraightPath::GetDistToEndFromCurrentPoint(int &)
0007b60c	GetEdge__22cSSVehicleStraightPath	cSSVehicleStraightPath::GetEdge(void)
0007b618	GetEndCell__22cSSVehicleStraightPathRUiT1	cSSVehicleStraightPath::GetEndCell(unsigned int &, unsigned int &)
0007b63c	GetEndOrientation__22cSSVehicleStraightPath	cSSVehicleStraightPath::GetEndOrientation(void)
0007b64c	GetEndPoint__22cSSVehicleStraightPathRiN21	cSSVehicleStraightPath::GetEndPoint(int &, int &, int &)
0007b674	GetNextPoint__22cSSVehicleStraightPathRiN21	cSSVehicleStraightPath::GetNextPoint(int &, int &, int &)
0007b6d0	GetPitch__22cSSVehicleStraightPath	cSSVehicleStraightPath::GetPitch(void)
0007b6e0	GetPlacingOrientation__22cSSVehicleStraightPath	cSSVehicleStraightPath::GetPlacingOrientation(void)
0007b6f0	GetReferenceMicroY__22cSSVehicleStraightPath	cSSVehicleStraightPath::GetReferenceMicroY(void)
0007b6fc	GetStartPoint__22cSSVehicleStraightPathRiN21	cSSVehicleStraightPath::GetStartPoint(int &, int &, int &)
0007b724	GetStrtSimTrBlock__22cSSVehicleStraightPath	cSSVehicleStraightPath::GetStrtSimTrBlock(void)
0007b730	LastVehicle__22cSSVehicleStraightPath	cSSVehicleStraightPath::LastVehicle(void)
0007b73c	Length__22cSSVehicleStraightPath	cSSVehicleStraightPath::Length(void)
0007b750	QueryInterface__22cSSVehicleStraightPathUiPPv	cSSVehicleStraightPath::QueryInterface(unsigned int, void **)
0007b7b0	Rewind__22cSSVehicleStraightPath	cSSVehicleStraightPath::Rewind(void)
0007b7c4	Release__22cSSVehicleStraightPath	cSSVehicleStraightPath::Release(void)
0007b800	VehicleLeftPath__22cSSVehicleStraightPathP11cISSVehicle	cSSVehicleStraightPath::VehicleLeftPath(cISSVehicle *)
0007b808	AddRef__24cSSVehiclePathWithAttrib	cSSVehiclePathWithAttrib::AddRef(void)
0007b824	__24cSSVehiclePathWithAttribiiiP20cSSVehiclePathAttrib	cSSVehiclePathWithAttrib::cSSVehiclePathWithAttrib(int, int, int, cSSVehiclePathAttrib *)
0007b890	EnterVehicle__24cSSVehiclePathWithAttribP11cISSVehiclei	cSSVehiclePathWithAttrib::EnterVehicle(cISSVehicle *, int)
0007b89c	ForceEnterVehicle__24cSSVehiclePathWithAttribP11cISSVehicle	cSSVehiclePathWithAttrib::ForceEnterVehicle(cISSVehicle *)
0007b8a8	GetCopy__24cSSVehiclePathWithAttrib	cSSVehiclePathWithAttrib::GetCopy(void)
0007b8b4	GetDistToEndFromCurrentPoint__24cSSVehiclePathWithAttribRi	cSSVehiclePathWithAttrib::GetDistToEndFromCurrentPoint(int &)
0007b8dc	GetEdge__24cSSVehiclePathWithAttrib	cSSVehiclePathWithAttrib::GetEdge(void)
0007b8e8	GetEndCell__24cSSVehiclePathWithAttribRUiT1	cSSVehiclePathWithAttrib::GetEndCell(unsigned int &, unsigned int &)
0007b928	GetEndOrientation__24cSSVehiclePathWithAttrib	cSSVehiclePathWithAttrib::GetEndOrientation(void)
0007b93c	GetPlacingOrientation__24cSSVehiclePathWithAttrib	cSSVehiclePathWithAttrib::GetPlacingOrientation(void)
0007b950	GetEndPoint__24cSSVehiclePathWithAttribRiN21	cSSVehiclePathWithAttrib::GetEndPoint(int &, int &, int &)
0007b998	GetNextPoint__24cSSVehiclePathWithAttribRiN21	cSSVehiclePathWithAttrib::GetNextPoint(int &, int &, int &)
0007b9f0	GetPitch__24cSSVehiclePathWithAttrib	cSSVehiclePathWithAttrib::GetPitch(void)
0007ba00	GetReferenceMicroY__24cSSVehiclePathWithAttrib	cSSVehiclePathWithAttrib::GetReferenceMicroY(void)
0007ba0c	GetStartPoint__24cSSVehiclePathWithAttribRiN21	cSSVehiclePathWithAttrib::GetStartPoint(int &, int &, int &)
0007ba4c	GetStrtSimTrBlock__24cSSVehiclePathWithAttrib	cSSVehiclePathWithAttrib::GetStrtSimTrBlock(void)
0007ba58	LastVehicle__24cSSVehiclePathWithAttrib	cSSVehiclePathWithAttrib::LastVehicle(void)
0007ba64	Length__24cSSVehiclePathWithAttrib	cSSVehiclePathWithAttrib::Length(void)
0007ba7c	QueryInterface__24cSSVehiclePathWithAttribUiPPv	cSSVehiclePathWithAttrib::QueryInterface(unsigned int, void **)
0007badc	Release__24cSSVehiclePathWithAttrib	cSSVehiclePathWithAttrib::Release(void)
0007bb18	SortId__24cSSVehiclePathWithAttribRi	cSSVehiclePathWithAttrib::SortId(int &)
0007bb30	Rewind__24cSSVehiclePathWithAttrib	cSSVehiclePathWithAttrib::Rewind(void)
0007bb44	VehicleLeftPath__24cSSVehiclePathWithAttribP11cISSVehicle	cSSVehiclePathWithAttrib::VehicleLeftPath(cISSVehicle *)
0007bb54	SerialRead__20cSSVehiclePathAttribR18cIGZDBSerialRecord	cSSVehiclePathAttrib::SerialRead(cIGZDBSerialRecord &)
0007c074	SerialReadBinary__20cSSVehiclePathAttribR18cIGZDBSerialRecord	cSSVehiclePathAttrib::SerialReadBinary(cIGZDBSerialRecord &)
0007c33c	SerialWrite__20cSSVehiclePathAttribR18cIGZDBSerialRecord	cSSVehiclePathAttrib::SerialWrite(cIGZDBSerialRecord &)
0007c484	GetEndOrientation__20cSSVehiclePathAttrib	cSSVehiclePathAttrib::GetEndOrientation(void)
0007c494	GetBeginOrientation__20cSSVehiclePathAttrib	cSSVehiclePathAttrib::GetBeginOrientation(void)
0007c4a8	Release__20cSSVehiclePathAttrib	cSSVehiclePathAttrib::Release(void)
0007c4d4	__20cSSVehiclePathAttrib	cSSVehiclePathAttrib::cSSVehiclePathAttrib(void)
0007c530	_._20cSSVehiclePathAttrib	cSSVehiclePathAttrib::~cSSVehiclePathAttrib(void)
0007c57c	Shutdown__20cSSVehiclePathAttrib	cSSVehiclePathAttrib::Shutdown(void)
0007c610	CreateInstance__27cSSVehiclePathAttribFactoryUiUiPPv	cSSVehiclePathAttribFactory::CreateInstance(unsigned int, unsigned int, void **)
0007c6d0	SerialRead__27cSSVehiclePathAttribFactoryR12cIGZResourceR18cIGZDBSerialRecord	cSSVehiclePathAttribFactory::SerialRead(cIGZResource &, cIGZDBSerialRecord &)
0007c700	SerialWrite__27cSSVehiclePathAttribFactoryR12cIGZResourceR18cIGZDBSerialRecord	cSSVehiclePathAttribFactory::SerialWrite(cIGZResource &, cIGZDBSerialRecord &)
0007c734	AddAttribute__18cSSVehicleProducerUiP24cSSVehicleProducerAttrib	cSSVehicleProducer::AddAttribute(unsigned int, cSSVehicleProducerAttrib *)
0007c8c8	CitySpecificStaticInit__18cSSVehicleProducerP9cISC3City	cSSVehicleProducer::CitySpecificStaticInit(cISC3City *)
0007c9d0	CitySpecificStaticShutdown__18cSSVehicleProducer	cSSVehicleProducer::CitySpecificStaticShutdown(void)
0007ca70	GetAVehicleResourceInstance__18cSSVehicleProducerUiRUi	cSSVehicleProducer::GetAVehicleResourceInstance(unsigned int, unsigned int &)
0007cb60	Init__18cSSVehicleProducerP25cISSVehicleProducerAttrib	cSSVehicleProducer::Init(cISSVehicleProducerAttrib *)
0007ce30	PutAVehicleInRect__18cSSVehicleProducer	cSSVehicleProducer::PutAVehicleInRect(void)
0007cfa0	PutVehiclesInRect__18cSSVehicleProducerRC14sIGZRectUint32	cSSVehicleProducer::PutVehiclesInRect(sIGZRectUint32 const &)
0007d120	PutVehiclesOnRoadTile__18cSSVehicleProducerP13cISC3OccupantUi	cSSVehicleProducer::PutVehiclesOnRoadTile(cISC3Occupant *, unsigned int)
0007d2f4	RemoveAttribute__18cSSVehicleProducerUiP24cSSVehicleProducerAttrib	cSSVehicleProducer::RemoveAttribute(unsigned int, cSSVehicleProducerAttrib *)
0007d880	Shutdown__18cSSVehicleProducer	cSSVehicleProducer::Shutdown(void)
0007d9a4	UpdateFrequencies__18cSSVehicleProducerUif	cSSVehicleProducer::UpdateFrequencies(unsigned int, float)
0007daec	UpdateSimRect__18cSSVehicleProducer	cSSVehicleProducer::UpdateSimRect(void)
0007dc68	GetGridIndex__18cSSVehicleProducerUiUi	cSSVehicleProducer::GetGridIndex(unsigned int, unsigned int)
0007dc98	IncludeRoadsAndAvenues__18cSSVehicleProducerP13cISC3Occupant	cSSVehicleProducer::IncludeRoadsAndAvenues(cISC3Occupant *)
0007dcd4	AddRef__18cSSVehicleProducer	cSSVehicleProducer::AddRef(void)
0007dcf0	AddVehicleTypeInfoForOccupant__18cSSVehicleProducerP13cISC3Occupant	cSSVehicleProducer::AddVehicleTypeInfoForOccupant(cISC3Occupant *)
0007dd7c	__18cSSVehicleProducer	cSSVehicleProducer::cSSVehicleProducer(void)
0007dde8	_._18cSSVehicleProducer	cSSVehicleProducer::~cSSVehicleProducer(void)
0007de38	NeedVehicleDisappear__18cSSVehicleProducerP11cISSVehicleRUs	cSSVehicleProducer::NeedVehicleDisappear(cISSVehicle *, unsigned short &)
0007decc	QueryInterface__18cSSVehicleProducerUiPPv	cSSVehicleProducer::QueryInterface(unsigned int, void **)
0007df2c	Release__18cSSVehicleProducer	cSSVehicleProducer::Release(void)
0007df8c	RemoveVehicleTypeInfoForOccupant__18cSSVehicleProducerP13cISC3Occupant	cSSVehicleProducer::RemoveVehicleTypeInfoForOccupant(cISC3Occupant *)
0007e018	SetEmergencyMode__18cSSVehicleProducerb	cSSVehicleProducer::SetEmergencyMode(bool)
0007e048	SetSimRect__18cSSVehicleProducerRC14sIGZRectUint32	cSSVehicleProducer::SetSimRect(sIGZRectUint32 const &)
0007e088	SetVehicleProduceState__18cSSVehicleProducerb	cSSVehicleProducer::SetVehicleProduceState(bool)
0007e09c	Tick__18cSSVehicleProducerUi	cSSVehicleProducer::Tick(unsigned int)
0007e124	VehicleDisappears__18cSSVehicleProducerP11cISSVehicle	cSSVehicleProducer::VehicleDisappears(cISSVehicle *)
0007e164	SerialRead__24cSSVehicleProducerAttribR18cIGZDBSerialRecord	cSSVehicleProducerAttrib::SerialRead(cIGZDBSerialRecord &)
0007e514	SerialReadBinary__24cSSVehicleProducerAttribR18cIGZDBSerialRecord	cSSVehicleProducerAttrib::SerialReadBinary(cIGZDBSerialRecord &)
0007e66c	SerialWrite__24cSSVehicleProducerAttribR18cIGZDBSerialRecord	cSSVehicleProducerAttrib::SerialWrite(cIGZDBSerialRecord &)
0007e7c0	NumberOfVehicles__24cSSVehicleProducerAttrib	cSSVehicleProducerAttrib::NumberOfVehicles(void)
0007e7d4	AddRef__24cSSVehicleProducerAttrib	cSSVehicleProducerAttrib::AddRef(void)
0007e800	__24cSSVehicleProducerAttrib	cSSVehicleProducerAttrib::cSSVehicleProducerAttrib(void)
0007e868	_._24cSSVehicleProducerAttrib	cSSVehicleProducerAttrib::~cSSVehicleProducerAttrib(void)
0007e8b8	GetAVehicleType__C24cSSVehicleProducerAttribR14cGZResourceKey	cSSVehicleProducerAttrib::GetAVehicleType(cGZResourceKey &) const
0007e90c	GetResKey__C24cSSVehicleProducerAttribR14cGZResourceKey	cSSVehicleProducerAttrib::GetResKey(cGZResourceKey &) const
0007e934	QueryInterface__24cSSVehicleProducerAttribUiPPv	cSSVehicleProducerAttrib::QueryInterface(unsigned int, void **)
0007e988	Release__24cSSVehicleProducerAttrib	cSSVehicleProducerAttrib::Release(void)
0007e9b4	Shutdown__24cSSVehicleProducerAttrib	cSSVehicleProducerAttrib::Shutdown(void)
0007e9f0	DebugInstanceTag__24cSSVehicleProducerAttribR10cIGZString	cSSVehicleProducerAttrib::DebugInstanceTag(cIGZString &)
0007ea1c	DebugClassTag__24cSSVehicleProducerAttribR10cIGZString	cSSVehicleProducerAttrib::DebugClassTag(cIGZString &)
0007ea2c	DebugTypeTag__24cSSVehicleProducerAttribR10cIGZString	cSSVehicleProducerAttrib::DebugTypeTag(cIGZString &)
0007ea5c	CreateInstance__31cSSVehicleProducerAttribFactoryUiUiPPv	cSSVehicleProducerAttribFactory::CreateInstance(unsigned int, unsigned int, void **)
0007eb24	SerialRead__31cSSVehicleProducerAttribFactoryR12cIGZResourceR18cIGZDBSerialRecord	cSSVehicleProducerAttribFactory::SerialRead(cIGZResource &, cIGZDBSerialRecord &)
0007eb54	SerialWrite__31cSSVehicleProducerAttribFactoryR12cIGZResourceR18cIGZDBSerialRecord	cSSVehicleProducerAttribFactory::SerialWrite(cIGZResource &, cIGZDBSerialRecord &)
0007ebb4	__17cRZCOMDllDirector	cRZCOMDllDirector::cRZCOMDllDirector(void)
0007ee44	_._17cRZCOMDllDirector	cRZCOMDllDirector::~cRZCOMDllDirector(void)
0007ef84	InitializeCOM__17cRZCOMDllDirectorP7cIGZCOMR10cIGZString	cRZCOMDllDirector::InitializeCOM(cIGZCOM *, cIGZString &)
0007f274	OnStart__17cRZCOMDllDirectorP7cIGZCOM	cRZCOMDllDirector::OnStart(cIGZCOM *)
0007f3d0	GetClassObject__17cRZCOMDllDirectorUiUiPPv	cRZCOMDllDirector::GetClassObject(unsigned int, unsigned int, void **)
0007f4e8	EnumClassObjects__17cRZCOMDllDirectorPFUiUiPv_vPv	cRZCOMDllDirector::EnumClassObjects(void (*)(unsigned int, unsigned int, void *), void *)
0007f5c8	AddDirector__17cRZCOMDllDirectorP17cRZCOMDllDirector	cRZCOMDllDirector::AddDirector(cRZCOMDllDirector *)
0007f670	OnUnload__17cRZCOMDllDirector	cRZCOMDllDirector::OnUnload(void)
0007f680	GZCOM__Fv	GZCOM(void)
0007f6b0	GZDllGetGZCOMDirector	GZDllGetGZCOMDirector
0007f6d0	QueryInterface__17cRZCOMDllDirectorUiPPv	cRZCOMDllDirector::QueryInterface(unsigned int, void **)
0007f74c	FrameWork__17cRZCOMDllDirector	cRZCOMDllDirector::FrameWork(void)
0007f75c	AddRef__17cRZCOMDllDirector	cRZCOMDllDirector::AddRef(void)
0007f778	Release__17cRZCOMDllDirector	cRZCOMDllDirector::Release(void)
0007f7a0	RemoveRef__17cRZCOMDllDirector	cRZCOMDllDirector::RemoveRef(void)
0007f7b8	RefCount__17cRZCOMDllDirector	cRZCOMDllDirector::RefCount(void)
0007f7cc	ModuleName__17cRZCOMDllDirectorR10cIGZString	cRZCOMDllDirector::ModuleName(cIGZString &)
0007f800	CanUnloadNow__17cRZCOMDllDirector	cRZCOMDllDirector::CanUnloadNow(void)
0007f858	AddCls__17cRZCOMDllDirectorUiPFv_P11cIGZUnknownUi	cRZCOMDllDirector::AddCls(unsigned int, cIGZUnknown *(*)(void), unsigned int)
0007f8ac	AppRegister__17cRZCOMDllDirectorP12cIGZRegistry	cRZCOMDllDirector::AppRegister(cIGZRegistry *)
0007f904	PreFrameWorkInit__17cRZCOMDllDirector	cRZCOMDllDirector::PreFrameWorkInit(void)
0007f910	PreAppInit__17cRZCOMDllDirector	cRZCOMDllDirector::PreAppInit(void)
0007f91c	PostAppInit__17cRZCOMDllDirector	cRZCOMDllDirector::PostAppInit(void)
0007f928	PreAppShutdown__17cRZCOMDllDirector	cRZCOMDllDirector::PreAppShutdown(void)
0007f934	PostAppShutdown__17cRZCOMDllDirector	cRZCOMDllDirector::PostAppShutdown(void)
0007f940	PostSystemServiceShutdown__17cRZCOMDllDirector	cRZCOMDllDirector::PostSystemServiceShutdown(void)
0007f94c	AbortiveQuit__17cRZCOMDllDirector	cRZCOMDllDirector::AbortiveQuit(void)
0007f958	OnInstall__17cRZCOMDllDirector	cRZCOMDllDirector::OnInstall(void)
0007f964	GZCOM__17cRZCOMDllDirector	cRZCOMDllDirector::GZCOM(void)
0007f980	__out_of_range__FPCc	__out_of_range(char const *)
0007fbe8	__length_error__FPCc	__length_error(char const *)
0007fe48	__11logic_errorRCt12basic_string3ZcZt18string_char_traits1ZcZt24__default_alloc_template2b1i0	logic_error::logic_error(basic_string<char, string_char_traits<char>, __default_alloc_template<true, 0> > const &)
0007fea4	what__C11logic_error	logic_error::what(void) const
0007fecc	__12domain_errorRCt12basic_string3ZcZt18string_char_traits1ZcZt24__default_alloc_template2b1i0	domain_error::domain_error(basic_string<char, string_char_traits<char>, __default_alloc_template<true, 0> > const &)
0007ff2c	__16invalid_argumentRCt12basic_string3ZcZt18string_char_traits1ZcZt24__default_alloc_template2b1i0	invalid_argument::invalid_argument(basic_string<char, string_char_traits<char>, __default_alloc_template<true, 0> > const &)
0007ff8c	__12length_errorRCt12basic_string3ZcZt18string_char_traits1ZcZt24__default_alloc_template2b1i0	length_error::length_error(basic_string<char, string_char_traits<char>, __default_alloc_template<true, 0> > const &)
0007ffec	__12out_of_rangeRCt12basic_string3ZcZt18string_char_traits1ZcZt24__default_alloc_template2b1i0	out_of_range::out_of_range(basic_string<char, string_char_traits<char>, __default_alloc_template<true, 0> > const &)
0008004c	__13runtime_errorRCt12basic_string3ZcZt18string_char_traits1ZcZt24__default_alloc_template2b1i0	runtime_error::runtime_error(basic_string<char, string_char_traits<char>, __default_alloc_template<true, 0> > const &)
000800ac	what__C13runtime_error	runtime_error::what(void) const
000800d0	__13runtime_error	runtime_error::runtime_error(void)
00080134	__11range_errorRCt12basic_string3ZcZt18string_char_traits1ZcZt24__default_alloc_template2b1i0	range_error::range_error(basic_string<char, string_char_traits<char>, __default_alloc_template<true, 0> > const &)
0008018c	__14overflow_errorRCt12basic_string3ZcZt18string_char_traits1ZcZt24__default_alloc_template2b1i0	overflow_error::overflow_error(basic_string<char, string_char_traits<char>, __default_alloc_template<true, 0> > const &)
000801ec	__15underflow_errorRCt12basic_string3ZcZt18string_char_traits1ZcZt24__default_alloc_template2b1i0	underflow_error::underflow_error(basic_string<char, string_char_traits<char>, __default_alloc_template<true, 0> > const &)
00080250	__7istreamiP9streambufP7ostream	istream::istream(int, streambuf *, ostream *)
00080304	skip_ws__FP9streambuf	skip_ws(streambuf *)
00080338	get__7istreamRc	istream::get(char &)
00080418	peek__7istream	istream::peek(void)
00080474	ignore__7istreamii	istream::ignore(int, int)
0008056c	read__7istreamPci	istream::read(char *, int)
00080644	sync__7istream	istream::sync(void)
00080684	seekg__7istreamx	istream::seekg(long long)
000806bc	seekg__7istreamxQ23ios8seek_dir	istream::seekg(long long, ios::seek_dir)
000806fc	tellg__7istream	istream::tellg(void)
0008073c	__rs__7istreamRc	istream::operator>>(char &)
00080824	__rs__7istreamPc	istream::operator>>(char *)
00080c40	__rs__7istreamRs	istream::operator>>(short &)
00080c84	__rs__7istreamRUs	istream::operator>>(unsigned short &)
00080cc8	__rs__7istreamRi	istream::operator>>(int &)
00080d08	__rs__7istreamRUi	istream::operator>>(unsigned int &)
00080d48	__rs__7istreamRl	istream::operator>>(long &)
00080d88	__rs__7istreamRUl	istream::operator>>(unsigned long &)
00080dc8	__rs__7istreamRx	istream::operator>>(long long &)
00080e10	__rs__7istreamRUx	istream::operator>>(unsigned long long &)
00080e58	__rs__7istreamRb	istream::operator>>(bool &)
00080ea4	__rs__7istreamRr	istream::operator>>(long double &)
00080f78	__rs__7istreamRd	istream::operator>>(double &)
00081048	__rs__7istreamRf	istream::operator>>(float &)
00081118	__rs__7istreamP9streambuf	istream::operator>>(streambuf *)
0008121c	__ls__7ostreamc	ostream::operator<<(char)
0008158c	__ls__7ostreami	ostream::operator<<(int)
00081638	__ls__7ostreamUi	ostream::operator<<(unsigned int)
000816c8	__ls__7ostreaml	ostream::operator<<(long)
00081774	__ls__7ostreamUl	ostream::operator<<(unsigned long)
00081804	__ls__7ostreamx	ostream::operator<<(long long)
000818b8	__ls__7ostreamUx	ostream::operator<<(unsigned long long)
00081948	__ls__7ostreamd	ostream::operator<<(double)
00081af8	__ls__7ostreamr	ostream::operator<<(long double)
00081cac	__ls__7ostreamPCc	ostream::operator<<(char const *)
00081e38	__ls__7ostreamP9streambuf	ostream::operator<<(streambuf *)
00081f50	__7ostreamiP9streambufP7ostream	ostream::ostream(int, streambuf *, ostream *)
00081ffc	seekp__7ostreamx	ostream::seekp(long long)
00082034	seekp__7ostreamxQ23ios8seek_dir	ostream::seekp(long long, ios::seek_dir)
00082074	tellp__7ostream	ostream::tellp(void)
000820b4	flush__7ostream	ostream::flush(void)
000820e4	flush__FR7ostream	flush(ostream &)
000820fc	ws__FR7istream	ws(istream &)
000821d8	_skip_ws__7istream	istream::_skip_ws(void)
00082220	ends__FR7ostream	ends(ostream &)
00082244	endl__FR7ostream	endl(ostream &)
00082270	lock__FR7istream	lock(istream &)
00082290	unlock__FR7istream	unlock(istream &)
000822b0	lock__FR7ostream	lock(ostream &)
000822d0	unlock__FR7ostream	unlock(ostream &)
000822f0	write__7ostreamPCci	ostream::write(char const *, int)
000823c4	do_osfx__7ostream	ostream::do_osfx(void)
00082410	__8iostreamiP9streambufP7ostream	iostream::iostream(int, streambuf *, ostream *)
000824d4	close__3ios	ios::close(void)
00082518	skip__7istreami	istream::skip(int)
00082540	__7ostreami	ostream::ostream(int)
000825a0	opfx__7ostream	ostream::opfx(void)
000825e4	osfx__7ostream	ostream::osfx(void)
00082618	put__7ostreamc	ostream::put(char)
00082640	put__7ostreamUc	ostream::put(unsigned char)
00082668	put__7ostreamSc	ostream::put(signed char)
00082690	write__7ostreamPCUci	ostream::write(unsigned char const *, int)
000826b0	write__7ostreamPCSci	ostream::write(signed char const *, int)
000826d0	write__7ostreamPCvi	ostream::write(void const *, int)
000826f0	__ls__7ostreamUc	ostream::operator<<(unsigned char)
0008270c	__ls__7ostreamSc	ostream::operator<<(signed char)
00082728	__ls__7ostreamPCUc	ostream::operator<<(unsigned char const *)
00082744	__ls__7ostreamPCSc	ostream::operator<<(signed char const *)
00082760	__ls__7ostreams	ostream::operator<<(short)
0008277c	__ls__7ostreamUs	ostream::operator<<(unsigned short)
00082798	__ls__7ostreamb	ostream::operator<<(bool)
000827b4	__ls__7ostreamf	ostream::operator<<(float)
000827d4	__ls__7ostreamPFR7ostream_R7ostream	ostream::operator<<(ostream &(*)(ostream &))
000827ec	__ls__7ostreamPFR3ios_R3ios	ostream::operator<<(ios &(*)(ios &))
0008280c	ostreambuf__C7ostream	ostream::ostreambuf(void) const
0008281c	__7istreami	istream::istream(int)
00082884	get__7istreamPUcic	istream::get(unsigned char *, int, char)
000828a8	get__7istreamRUc	istream::get(unsigned char &)
000828c4	getline__7istreamPUcic	istream::getline(unsigned char *, int, char)
000828e8	get__7istreamRSc	istream::get(signed char &)
00082904	get__7istreamPScic	istream::get(signed char *, int, char)
00082928	getline__7istreamPScic	istream::getline(signed char *, int, char)
0008294c	read__7istreamPUci	istream::read(unsigned char *, int)
0008296c	read__7istreamPSci	istream::read(signed char *, int)
0008298c	read__7istreamPvi	istream::read(void *, int)
000829ac	ipfx__7istreami	istream::ipfx(int)
00082a30	ipfx0__7istream	istream::ipfx0(void)
00082a94	ipfx1__7istream	istream::ipfx1(void)
00082ae8	isfx__7istream	istream::isfx(void)
00082b04	get__7istream	istream::get(void)
00082b88	gcount__7istream	istream::gcount(void)
00082b98	putback__7istreamc	istream::putback(char)
00082bd0	unget__7istream	istream::unget(void)
00082c04	unget__7istreamc	istream::unget(char)
00082c3c	istreambuf__C7istream	istream::istreambuf(void) const
00082c4c	__rs__7istreamPUc	istream::operator>>(unsigned char *)
00082c68	__rs__7istreamPSc	istream::operator>>(signed char *)
00082c84	__rs__7istreamRUc	istream::operator>>(unsigned char &)
00082ca0	__rs__7istreamRSc	istream::operator>>(signed char &)
00082cbc	__rs__7istreamPFR3ios_R3ios	istream::operator>>(ios &(*)(ios &))
00082cdc	__rs__7istreamPFR7istream_R7istream	istream::operator>>(istream &(*)(istream &))
00082cf4	__8iostreami	iostream::iostream(int)
00082d74	__as__22_IO_istream_withassignR22_IO_istream_withassign	_IO_istream_withassign::operator=(_IO_istream_withassign &)
00082d90	__as__22_IO_ostream_withassignR22_IO_ostream_withassign	_IO_ostream_withassign::operator=(_IO_ostream_withassign &)
00082dac	dec__FR3ios	dec(ios &)
00082dc4	hex__FR3ios	hex(ios &)
00082ddc	oct__FR3ios	oct(ios &)
00082e00	getline__7istreamPcic	istream::getline(char *, int, char)
00082f6c	get__7istreamPcic	istream::get(char *, int, char)
00083078	_sb_readline__FP9streambufRlc	_sb_readline(streambuf *, long &, char)
00083194	gets__7istreamPPcc	istream::gets(char **, char)
000832a0	scan__7istreamPCce	istream::scan(char const *,...)
00083378	vscan__7istreamPCcPv	istream::vscan(char const *, void *)
00083448	vscan__9streambufPCcPvP3ios	streambuf::vscan(char const *, void *, ios *)
00083484	scan__9streambufPCce	streambuf::scan(char const *,...)
000834a4	sync_with_stdio__3iosi	ios::sync_with_stdio(int)
000834b0	_un_link__9streambuf	streambuf::_un_link(void)
000834c8	_link_in__9streambuf	streambuf::_link_in(void)
000834e0	switch_to_get_mode__9streambuf	streambuf::switch_to_get_mode(void)
000834f8	free_backup_area__9streambuf	streambuf::free_backup_area(void)
00083510	__overflow__FP9streambufi	__overflow(streambuf *, int)
00083530	underflow__9streambuf	streambuf::underflow(void)
0008353c	uflow__9streambuf	streambuf::uflow(void)
00083554	overflow__9streambufi	streambuf::overflow(int)
00083560	xsputn__9streambufPCci	streambuf::xsputn(char const *, int)
00083580	xsgetn__9streambufPci	streambuf::xsgetn(char *, int)
000835a0	ignore__9streambufi	streambuf::ignore(int)
000835f0	sync__9streambuf	streambuf::sync(void)
000835fc	pbackfail__9streambufi	streambuf::pbackfail(int)
00083618	setbuf__9streambufPci	streambuf::setbuf(char *, int)
000836b8	seekpos__9streambufxi	streambuf::seekpos(long long, int)
000836e8	sseekpos__9streambufxi	streambuf::sseekpos(long long, int)
00083708	setb__9streambufPcT1i	streambuf::setb(char *, char *, int)
0008372c	doallocate__9streambuf	streambuf::doallocate(void)
00083744	doallocbuf__9streambuf	streambuf::doallocbuf(void)
0008375c	__9streambufi	streambuf::streambuf(int)
00083798	_._9streambuf	streambuf::~streambuf(void)
000837f8	seekoff__9streambufxQ23ios8seek_diri	streambuf::seekoff(long long, ios::seek_dir, int)
0008380c	sseekoff__9streambufxQ23ios8seek_diri	streambuf::sseekoff(long long, ios::seek_dir, int)
00083834	sputbackc__9streambufc	streambuf::sputbackc(char)
00083850	sungetc__9streambuf	streambuf::sungetc(void)
00083868	get_column__9streambuf	streambuf::get_column(void)
0008389c	set_column__9streambufi	streambuf::set_column(int)
000838b0	flush_all__9streambuf	streambuf::flush_all(void)
000838c0	flush_all_linebuffered__9streambuf	streambuf::flush_all_linebuffered(void)
000838d0	sys_stat__9streambufPv	streambuf::sys_stat(void *)
000838ec	sys_read__9streambufPci	streambuf::sys_read(char *, int)
000838f8	sys_write__9streambufPCci	streambuf::sys_write(char const *, int)
00083904	sys_seek__9streambufxQ23ios8seek_dir	streambuf::sys_seek(long long, ios::seek_dir)
00083918	sys_close__9streambuf	streambuf::sys_close(void)
00083924	showmanyc__9streambuf	streambuf::showmanyc(void)
00083930	imbue__9streambufPv	streambuf::imbue(void *)
00083938	__12streammarkerP9streambuf	streammarker::streammarker(streambuf *)
00083958	_._12streammarker	streammarker::~streammarker(void)
0008398c	delta__12streammarkerR12streammarker	streammarker::delta(streammarker &)
000839a8	delta__12streammarker	streammarker::delta(void)
000839c0	seekmark__9streambufR12streammarkeri	streambuf::seekmark(streammarker &, int)
000839e0	unsave_markers__9streambuf	streambuf::unsave_markers(void)
000839f8	readable__3ios	ios::readable(void)
00083a10	writable__3ios	ios::writable(void)
00083a28	is_open__3ios	ios::is_open(void)
00083a4c	tie__C3ios	ios::tie(void) const
00083a5c	tie__3iosP7ostream	ios::tie(ostream *)
00083a74	fill__C3ios	ios::fill(void) const
00083a84	fill__3iosw	ios::fill(wchar_t)
00083a9c	flags__C3ios	ios::flags(void) const
00083aac	flags__3iosUl	ios::flags(unsigned long)
00083ac4	precision__C3ios	ios::precision(void) const
00083ad4	precision__3iosi	ios::precision(int)
00083aec	setf__3iosUl	ios::setf(unsigned long)
00083b04	setf__3iosUlUl	ios::setf(unsigned long, unsigned long)
00083b28	unsetf__3iosUl	ios::unsetf(unsigned long)
00083b44	width__C3ios	ios::width(void) const
00083b54	width__3iosi	ios::width(int)
00083b6c	_throw_failure__C3ios	ios::_throw_failure(void) const
00083b74	clear__3iosi	ios::clear(int)
00083b90	set__3iosi	ios::set(int)
00083ba0	setstate__3iosi	ios::setstate(int)
00083bb0	good__C3ios	ios::good(void) const
00083bc4	eof__C3ios	ios::eof(void) const
00083bd8	fail__C3ios	ios::fail(void) const
00083bec	bad__C3ios	ios::bad(void) const
00083c00	rdstate__C3ios	ios::rdstate(void) const
00083c10	__opPv__C3ios	ios::operator void *(void) const
00083c2c	__nt__C3ios	ios::operator!(void) const
00083c40	exceptions__C3ios	ios::exceptions(void) const
00083c50	exceptions__3iosi	ios::exceptions(int)
00083c60	rdbuf__C3ios	ios::rdbuf(void) const
00083c6c	rdbuf__3iosP9streambuf	ios::rdbuf(streambuf *)
00083c8c	sync_with_stdio__3ios	ios::sync_with_stdio(void)
00083ca0	unset__3ios11state_value	ios::unset(state_value)
00083cb4	__Q23ios4Init	ios::Init::Init(void)
00083cc0	set_offset__12streammarkeri	streammarker::set_offset(int)
00083cd0	saving__12streammarker	streammarker::saving(void)
00083cdc	_vtable__9streambuf	streambuf::_vtable(void)
00083cec	xchain__9streambuf	streambuf::xchain(void)
00083cfc	gptr__C9streambuf	streambuf::gptr(void) const
00083d18	pptr__C9streambuf	streambuf::pptr(void) const
00083d28	egptr__C9streambuf	streambuf::egptr(void) const
00083d48	epptr__C9streambuf	streambuf::epptr(void) const
00083d58	pbase__C9streambuf	streambuf::pbase(void) const
00083d68	eback__C9streambuf	streambuf::eback(void) const
00083d88	base__C9streambuf	streambuf::base(void) const
00083d98	ebuf__C9streambuf	streambuf::ebuf(void) const
00083da8	blen__C9streambuf	streambuf::blen(void) const
00083dbc	xput_char__9streambufc	streambuf::xput_char(char)
00083dd4	xflags__9streambuf	streambuf::xflags(void)
00083de0	xflags__9streambufi	streambuf::xflags(int)
00083df4	xsetflags__9streambufi	streambuf::xsetflags(int)
00083e04	xsetflags__9streambufii	streambuf::xsetflags(int, int)
00083e20	gbump__9streambufi	streambuf::gbump(int)
00083e3c	pbump__9streambufi	streambuf::pbump(int)
00083e50	setp__9streambufPcT1	streambuf::setp(char *, char *)
00083e6c	setg__9streambufPcN21	streambuf::setg(char *, char *, char *)
00083ea0	shortbuf__9streambuf	streambuf::shortbuf(void)
00083eb0	in_backup__9streambuf	streambuf::in_backup(void)
00083ec4	Gbase__9streambuf	streambuf::Gbase(void)
00083edc	eGptr__9streambuf	streambuf::eGptr(void)
00083ef8	Bbase__9streambuf	streambuf::Bbase(void)
00083f18	Bptr__9streambuf	streambuf::Bptr(void)
00083f28	eBptr__9streambuf	streambuf::eBptr(void)
00083f48	Nbase__9streambuf	streambuf::Nbase(void)
00083f58	eNptr__9streambuf	streambuf::eNptr(void)
00083f68	have_backup__9streambuf	streambuf::have_backup(void)
00083f7c	have_markers__9streambuf	streambuf::have_markers(void)
00083f90	put_mode__9streambuf	streambuf::put_mode(void)
00083fa4	pubseekoff__9streambufxQ23ios8seek_diri	streambuf::pubseekoff(long long, ios::seek_dir, int)
00083fcc	pubseekpos__9streambufxi	streambuf::pubseekpos(long long, int)
00083fec	unbuffered__9streambuf	streambuf::unbuffered(void)
00084000	linebuffered__9streambuf	streambuf::linebuffered(void)
00084014	unbuffered__9streambufi	streambuf::unbuffered(int)
0008402c	linebuffered__9streambufi	streambuf::linebuffered(int)
00084048	allocate__9streambuf	streambuf::allocate(void)
00084074	allocbuf__9streambuf	streambuf::allocbuf(void)
00084090	in_avail__9streambuf	streambuf::in_avail(void)
000840a4	out_waiting__9streambuf	streambuf::out_waiting(void)
000840b8	sputn__9streambufPCci	streambuf::sputn(char const *, int)
000840e0	padn__9streambufci	streambuf::padn(char, int)
00084100	sgetn__9streambufPci	streambuf::sgetn(char *, int)
00084120	sputc__9streambufi	streambuf::sputc(int)
0008413c	sbumpc__9streambuf	streambuf::sbumpc(void)
00084154	sgetc__9streambuf	streambuf::sgetc(void)
0008416c	snextc__9streambuf	streambuf::snextc(void)
000841a4	stossc__9streambuf	streambuf::stossc(void)
000841bc	is_open__C7filebuf	filebuf::is_open(void) const
000841d0	fd__C7filebuf	filebuf::fd(void) const
000841ec	is_reading__7filebuf	filebuf::is_reading(void)
00084220	cur_ptr__7filebuf	filebuf::cur_ptr(void)
00084260	file_ptr__7filebuf	filebuf::file_ptr(void)
00084278	init__3iosP9streambufP7ostream	ios::init(streambuf *, ostream *)
000842c8	__3iosP9streambufP7ostream	ios::ios(streambuf *, ostream *)
0008431c	_._3ios	ios::~ios(void)
00084360	init__7filebuf	filebuf::init(void)
00084378	__7filebuf	filebuf::filebuf(void)
000843d8	__7filebufi	filebuf::filebuf(int)
0008443c	__7filebufiPci	filebuf::filebuf(int, char *, int)
000844bc	_._7filebuf	filebuf::~filebuf(void)
00084518	open__7filebufPCcii	filebuf::open(char const *, int, int)
000845c8	open__7filebufPCcT1	filebuf::open(char const *, char const *)
000845e8	attach__7filebufi	filebuf::attach(int)
00084604	setbuf__7filebufPci	filebuf::setbuf(char *, int)
00084624	doallocate__7filebuf	filebuf::doallocate(void)
0008463c	overflow__7filebufi	filebuf::overflow(int)
00084658	underflow__7filebuf	filebuf::underflow(void)
00084670	sync__7filebuf	filebuf::sync(void)
00084688	seekoff__7filebufxQ23ios8seek_diri	filebuf::seekoff(long long, ios::seek_dir, int)
000846b0	close__7filebuf	filebuf::close(void)
000846d4	sys_read__7filebufPci	filebuf::sys_read(char *, int)
000846f4	sys_seek__7filebufxQ23ios8seek_dir	filebuf::sys_seek(long long, ios::seek_dir)
00084714	sys_write__7filebufPCci	filebuf::sys_write(char const *, int)
00084734	sys_stat__7filebufPv	filebuf::sys_stat(void *)
00084750	sys_close__7filebuf	filebuf::sys_close(void)
00084768	xsputn__7filebufPCci	filebuf::xsputn(char const *, int)
00084788	xsgetn__7filebufPci	filebuf::xsgetn(char *, int)
000847b0	__as__22_IO_istream_withassignR7istream	_IO_istream_withassign::operator=(istream &)
00084814	__as__22_IO_ostream_withassignR7ostream	_IO_ostream_withassign::operator=(ostream &)
00084874	__default_terminate	__default_terminate
00084890	__terminate	__terminate
000848b8	__throw_type_match	__throw_type_match
000848ec	__empty	__empty
00084948	__get_eh_context	__get_eh_context
0008496c	__get_eh_info	__get_eh_info
00084a1c	__get_dynamic_handler_chain	__get_dynamic_handler_chain
00084a44	__sjthrow	__sjthrow
00084b54	__sjpopnthrow	__sjpopnthrow
00084c4c	__eh_rtime_match	__eh_rtime_match
00084ca4	__get_eh_table_version	__get_eh_table_version
00084cb4	__get_eh_table_language	__get_eh_table_language
00084f58	__unwinding_cleanup	__unwinding_cleanup
000852c8	__throw	__throw
00085388	__rethrow	__rethrow
00085454	__pure_virtual	__pure_virtual
00085490	__udivdi3	__udivdi3
000855b0	__umoddi3	__umoddi3
00085744	terminate__Fv	terminate(void)
00085764	__default_unexpected__Fv	__default_unexpected(void)
00085780	set_terminate__FPFv_v	set_terminate(void (*)(void))
000857a8	set_unexpected__FPFv_v	set_unexpected(void (*)(void))
000857d4	unexpected__Fv	unexpected(void)
000857f4	__cp_exception_info	__cp_exception_info
0008581c	__cp_eh_info	__cp_eh_info
00085840	__start_cp_handler	__start_cp_handler
0008586c	__eh_alloc	__eh_alloc
000858a4	__eh_free	__eh_free
000858d0	__cplus_type_matcher	__cplus_type_matcher
0008593c	__cp_push_exception	__cp_push_exception
000859b0	__cp_pop_exception	__cp_pop_exception
00085a60	__uncatch_exception	__uncatch_exception
00085a90	__check_eh_spec	__check_eh_spec
00085c64	__throw_bad_cast	__throw_bad_cast
00085d08	__throw_bad_typeid	__throw_bad_typeid
00085da8	uncaught_exception__Fv	uncaught_exception(void)
00085ddc	what__C9exception	exception::what(void) const
00085e04	__9exception	exception::exception(void)
00085e2c	_._9exception	exception::~exception(void)
00085e64	__13bad_exception	bad_exception::bad_exception(void)
00085e94	_._13bad_exception	bad_exception::~bad_exception(void)
00086954	__register_frame_info	__register_frame_info
000869a0	__register_frame	__register_frame
000869d8	__register_frame_info_table	__register_frame_info_table
00086a20	__register_frame_table	__register_frame_table
00086a58	__deregister_frame_info	__deregister_frame_info
00086ac0	__deregister_frame	__deregister_frame
00086af4	__frame_state_for	__frame_state_for
00086d74	__builtin_delete	__builtin_delete
00086e14	__builtin_new	__builtin_new
00086f74	__builtin_vec_delete	__builtin_vec_delete
00087014	__builtin_vec_new	__builtin_vec_new
000870c4	_._9type_info	type_info::~type_info(void)
000870fc	__eq__C9type_infoRC9type_info	type_info::operator==(type_info const &) const
00087140	__rtti_class	__rtti_class
0008718c	__rtti_si	__rtti_si
000871d4	__rtti_user	__rtti_user
0008720c	dcast__C16__user_type_infoRC9type_infoiPvPC9type_infoT3	__user_type_info::dcast(type_info const &, int, void *, type_info const *, void *) const
00087244	dcast__C14__si_type_infoRC9type_infoiPvPC9type_infoT3	__si_type_info::dcast(type_info const &, int, void *, type_info const *, void *) const
000872a4	dcast__C17__class_type_infoRC9type_infoiPvPC9type_infoT3	__class_type_info::dcast(type_info const &, int, void *, type_info const *, void *) const
000873f4	__9type_infoPCc	type_info::type_info(char const *)
0008741c	name__C9type_info	type_info::name(void) const
0008742c	__ne__C9type_infoRC9type_info	type_info::operator!=(type_info const &) const
0008745c	__8bad_cast	bad_cast::bad_cast(void)
0008748c	_._8bad_cast	bad_cast::~bad_cast(void)
000874cc	__10bad_typeid	bad_typeid::bad_typeid(void)
000874fc	_._10bad_typeid	bad_typeid::~bad_typeid(void)
0008753c	__16__user_type_infoPCc	__user_type_info::__user_type_info(char const *)
00087570	__14__si_type_infoPCcRC16__user_type_info	__si_type_info::__si_type_info(char const *, __user_type_info const &)
000875b8	__17__class_type_infoPCcPCQ217__class_type_info9base_infoUi	__class_type_info::__class_type_info(char const *, __class_type_info::base_info const *, unsigned int)
00087614	before__C9type_infoRC9type_info	type_info::before(type_info const &) const
00087648	__throw_type_match_rtti	__throw_type_match_rtti
00087ae0	__is_pointer__FPv	__is_pointer(void *)
00087b34	__rtti_ptr	__rtti_ptr
00087b70	__rtti_attr	__rtti_attr
00087bb4	__rtti_func	__rtti_func
00087bec	__rtti_ptmf	__rtti_ptmf
00087c24	__rtti_ptmd	__rtti_ptmd
00087c5c	__rtti_array	__rtti_array
00087c94	__dynamic_cast	__dynamic_cast
00087ce8	__tfv	void type_info function
00087d30	__tfx	long long type_info function
00087d78	__tfl	long type_info function
00087dc0	__tfi	int type_info function
00087e08	__tfs	short type_info function
00087e50	__tfb	bool type_info function
00087e98	__tfc	char type_info function
00087ee0	__tfw	wchar_t type_info function
00087f28	__tfr	long double type_info function
00087f70	__tfd	double type_info function
00087fb8	__tff	float type_info function
00088000	__tfUi	unsigned int type_info function
00088048	__tfUl	unsigned long type_info function
00088090	__tfUx	unsigned long long type_info function
000880d8	__tfUs	unsigned short type_info function
00088120	__tfUc	unsigned char type_info function
00088168	__tfSc	signed char type_info function
000881b0	set_new_handler__FPFv_v	set_new_handler(void (*)(void))
000881d8	what__C9bad_alloc	bad_alloc::what(void) const
000881f8	__nw__FUiPv	operator new(unsigned int, void *)
00088214	__vn__FUiPv	operator new [](unsigned int, void *)
000882a4	clone__Q2t12basic_string3ZcZt18string_char_traits1ZcZt24__default_alloc_template2b1i0_3Rep	basic_string<char, string_char_traits<char>, __default_alloc_template<true, 0> >::Rep::clone(void)
00088414	alloc__t12basic_string3ZcZt18string_char_traits1ZcZt24__default_alloc_template2b1i0Uib	basic_string<char, string_char_traits<char>, __default_alloc_template<true, 0> >::alloc(unsigned int, bool)
00088654	replace__t12basic_string3ZcZt18string_char_traits1ZcZt24__default_alloc_template2b1i0UiUiUic	basic_string<char, string_char_traits<char>, __default_alloc_template<true, 0> >::replace(unsigned int, unsigned int, unsigned int, char)
00088994	replace__t12basic_string3ZcZt18string_char_traits1ZcZt24__default_alloc_template2b1i0UiUiPCcUi	basic_string<char, string_char_traits<char>, __default_alloc_template<true, 0> >::replace(unsigned int, unsigned int, char const *, unsigned int)
00088ce4	replace__t12basic_string3ZcZt18string_char_traits1ZcZt24__default_alloc_template2b1i0UiUiRCt12basic_string3ZcZt18string_char_traits1ZcZt24__default_alloc_template2b1i0UiUi	basic_string<char, string_char_traits<char>, __default_alloc_template<true, 0> >::replace(unsigned int, unsigned int, basic_string<char, string_char_traits<char>, __default_alloc_template<true, 0> > const &, unsigned int, unsigned int)
00088e44	replace__H1ZPCc_t12basic_string3ZcZt18string_char_traits1ZcZt24__default_alloc_template2b1i0PcT1X00X00_Rt12basic_string3ZcZt18string_char_traits1ZcZt24__default_alloc_template2b1i0	basic_string<char, string_char_traits<char>, __default_alloc_template<true, 0> > & basic_string<char, string_char_traits<char>, __default_alloc_template<true, 0> >::replace<char const *>(char *, char *, char const *, char const *)
000891a4	compare__Ct12basic_string3ZcZt18string_char_traits1ZcZt24__default_alloc_template2b1i0RCt12basic_string3ZcZt18string_char_traits1ZcZt24__default_alloc_template2b1i0UiUi	basic_string<char, string_char_traits<char>, __default_alloc_template<true, 0> >::compare(basic_string<char, string_char_traits<char>, __default_alloc_template<true, 0> > const &, unsigned int, unsigned int) const
00089254	_S_chunk_alloc__t24__default_alloc_template2b1i0UiRi	__default_alloc_template<true, 0>::_S_chunk_alloc(unsigned int, int &)
000893b4	clear__t10_List_base2ZQ212cSSAeroplane10tTargetLocZt9allocator1ZQ212cSSAeroplane10tTargetLoc	_List_base<cSSAeroplane::tTargetLoc, allocator<cSSAeroplane::tTargetLoc> >::clear(void)
00089430	__thunk_28_QueryInterface__10cSSVehicleUiPPv	virtual function thunk (delta:-28) for cSSVehicle::QueryInterface(unsigned int, void **)
0008944c	__thunk_28_AddRef__10cSSVehicle	virtual function thunk (delta:-28) for cSSVehicle::AddRef(void)
00089468	__thunk_28_Release__10cSSVehicle	virtual function thunk (delta:-28) for cSSVehicle::Release(void)
00089484	__thunk_28_GetW__C10cSSVehicleii	virtual function thunk (delta:-28) for cSSVehicle::GetW(int, int) const
000894a0	__thunk_28_GetH__C10cSSVehicleii	virtual function thunk (delta:-28) for cSSVehicle::GetH(int, int) const
000894bc	__thunk_28_GetAllSpans__C10cSSVehicleiiR7cRZRect	virtual function thunk (delta:-28) for cSSVehicle::GetAllSpans(int, int, cRZRect &) const
000894d8	__thunk_28_GetAreaFromPt__C10cSSVehicleiiR7cRZRectii	virtual function thunk (delta:-28) for cSSVehicle::GetAreaFromPt(int, int, cRZRect &, int, int) const
000894f4	__thunk_28_GetRotationOffset__C10cSSVehicleRUc	virtual function thunk (delta:-28) for cSSVehicle::GetRotationOffset(unsigned char &) const
00089510	__thunk_28_GetLayerFlags32__C10cSSVehicle	virtual function thunk (delta:-28) for cSSVehicle::GetLayerFlags32(void) const
0008952c	__thunk_28_SetRotationOffset__10cSSVehicleUc	virtual function thunk (delta:-28) for cSSVehicle::SetRotationOffset(unsigned char)
00089548	__thunk_28_SetHilite__10cSSVehicleUi	virtual function thunk (delta:-28) for cSSVehicle::SetHilite(unsigned int)
00089564	__thunk_28_SetLayer__10cSSVehicleUc	virtual function thunk (delta:-28) for cSSVehicle::SetLayer(unsigned char)
00089580	__thunk_28_IsPixelOpaque__C10cSSVehicleiiii	virtual function thunk (delta:-28) for cSSVehicle::IsPixelOpaque(int, int, int, int) const
0008959c	__thunk_28_Prepare__10cSSVehicleiib	virtual function thunk (delta:-28) for cSSVehicle::Prepare(int, int, bool)
000895b8	__thunk_28_Unprepare__10cSSVehicleii	virtual function thunk (delta:-28) for cSSVehicle::Unprepare(int, int)
000895d4	__thunk_28_Draw__C12cSSAeroplaneP10cIGZBufferiiiiP7cRZRect	virtual function thunk (delta:-28) for cSSAeroplane::Draw(cIGZBuffer *, int, int, int, int, cRZRect *) const
000895f0	__thunk_28_Draw__C12cSSAeroplaneP10cIGZBufferRC7cRZRectiiP7cRZRect	virtual function thunk (delta:-28) for cSSAeroplane::Draw(cIGZBuffer *, cRZRect const &, int, int, cRZRect *) const
0008960c	__thunk_28_Tick__10cSSVehicleUi	virtual function thunk (delta:-28) for cSSVehicle::Tick(unsigned int)
00089628	__thunk_28_Init__10cSSVehicleP21cISC3CitySpriteAttrib	virtual function thunk (delta:-28) for cSSVehicle::Init(cISC3CitySpriteAttrib *)
00089644	__thunk_28_IsGeomFlag__10cSSVehicleUi	virtual function thunk (delta:-28) for cSSVehicle::IsGeomFlag(unsigned int)
00089660	__thunk_28_SetGeomFlag__10cSSVehicleUi	virtual function thunk (delta:-28) for cSSVehicle::SetGeomFlag(unsigned int)
0008967c	__thunk_28_ClearGeomFlag__10cSSVehicleUi	virtual function thunk (delta:-28) for cSSVehicle::ClearGeomFlag(unsigned int)
00089698	__thunk_28_GetGeomFlag__10cSSVehicle	virtual function thunk (delta:-28) for cSSVehicle::GetGeomFlag(void)
000896b4	__thunk_28_SetNext__10cSSVehicleP19cISC3CitySpriteInst	virtual function thunk (delta:-28) for cSSVehicle::SetNext(cISC3CitySpriteInst *)
000896d0	__thunk_28_GetNext__10cSSVehicle	virtual function thunk (delta:-28) for cSSVehicle::GetNext(void)
000896ec	__thunk_24_QueryInterface__10cSSVehicleUiPPv	virtual function thunk (delta:-24) for cSSVehicle::QueryInterface(unsigned int, void **)
00089708	__thunk_24_AddRef__10cSSVehicle	virtual function thunk (delta:-24) for cSSVehicle::AddRef(void)
00089724	__thunk_24_Release__10cSSVehicle	virtual function thunk (delta:-24) for cSSVehicle::Release(void)
00089740	__thunk_24_PlaceOnTransitTile__10cSSVehicleP13cISC3Occupant	virtual function thunk (delta:-24) for cSSVehicle::PlaceOnTransitTile(cISC3Occupant *)
0008975c	__thunk_24_PlaceOnTransitTile__10cSSVehicleP13cISC3OccupantUc	virtual function thunk (delta:-24) for cSSVehicle::PlaceOnTransitTile(cISC3Occupant *, unsigned char)
00089778	__thunk_24_DistanceToBack__10cSSVehicleiP15cISSVehiclePath	virtual function thunk (delta:-24) for cSSVehicle::DistanceToBack(int, cISSVehiclePath *)
00089794	__thunk_24_SetFollowingVehicle__10cSSVehicleP11cISSVehicle	virtual function thunk (delta:-24) for cSSVehicle::SetFollowingVehicle(cISSVehicle *)
000897b0	__thunk_24_SetVehicleAhead__10cSSVehicleP11cISSVehicle	virtual function thunk (delta:-24) for cSSVehicle::SetVehicleAhead(cISSVehicle *)
000897cc	__thunk_24_FollowingVehicleDisappeared__10cSSVehicleP11cISSVehicle	virtual function thunk (delta:-24) for cSSVehicle::FollowingVehicleDisappeared(cISSVehicle *)
000897e8	__thunk_24_VehicleAheadLeftPath__10cSSVehicleP11cISSVehicle	virtual function thunk (delta:-24) for cSSVehicle::VehicleAheadLeftPath(cISSVehicle *)
00089804	__thunk_24_IsVisible__10cSSVehicle	virtual function thunk (delta:-24) for cSSVehicle::IsVisible(void)
00089820	__thunk_24_Width__C10cSSVehicle	virtual function thunk (delta:-24) for cSSVehicle::Width(void) const
0008983c	__thunk_24_Length__C10cSSVehicle	virtual function thunk (delta:-24) for cSSVehicle::Length(void) const
00089858	__thunk_24_SetFollower__10cSSVehicleP11cISSVehicle	virtual function thunk (delta:-24) for cSSVehicle::SetFollower(cISSVehicle *)
00089874	__thunk_24_SetLeader__10cSSVehicleP11cISSVehicle	virtual function thunk (delta:-24) for cSSVehicle::SetLeader(cISSVehicle *)
00089890	__thunk_24_LeaderDisappeared__10cSSVehicleP11cISSVehicle	virtual function thunk (delta:-24) for cSSVehicle::LeaderDisappeared(cISSVehicle *)
000898ac	__thunk_24_FollowerDisappeared__10cSSVehicleP11cISSVehicle	virtual function thunk (delta:-24) for cSSVehicle::FollowerDisappeared(cISSVehicle *)
000898c8	__thunk_24_LastMovementDist__10cSSVehicle	virtual function thunk (delta:-24) for cSSVehicle::LastMovementDist(void)
000898e4	__thunk_24_TickFromLeader__10cSSVehicle	virtual function thunk (delta:-24) for cSSVehicle::TickFromLeader(void)
00089900	__thunk_24_LeaderEnteredPath__10cSSVehicleP15cISSVehiclePath	virtual function thunk (delta:-24) for cSSVehicle::LeaderEnteredPath(cISSVehiclePath *)
0008991c	__thunk_24_GetLocationInCellCoords__C10cSSVehicleRUiT1	virtual function thunk (delta:-24) for cSSVehicle::GetLocationInCellCoords(unsigned int &, unsigned int &) const
00089938	__thunk_24_GetTrueBoundingRect__C10cSSVehicleP17sIGZPointXZSint32	virtual function thunk (delta:-24) for cSSVehicle::GetTrueBoundingRect(sIGZPointXZSint32 *) const
00089954	__thunk_24_GetCenterOfMass__C10cSSVehicleR17sIGZPointXZSint32	virtual function thunk (delta:-24) for cSSVehicle::GetCenterOfMass(sIGZPointXZSint32 &) const
00089970	__thunk_24_IsEmergencyVehicle__10cSSVehicle	virtual function thunk (delta:-24) for cSSVehicle::IsEmergencyVehicle(void)
0008998c	__thunk_24_IsAirVehicle__12cSSAeroplane	virtual function thunk (delta:-24) for cSSAeroplane::IsAirVehicle(void)
000899a8	__thunk_24_SetOrientation__10cSSVehicleUc	virtual function thunk (delta:-24) for cSSVehicle::SetOrientation(unsigned char)
000899c4	__thunk_24_ChangePosition__10cSSVehicleR13cSC3CityCoord	virtual function thunk (delta:-24) for cSSVehicle::ChangePosition(cSC3CityCoord &)
000899e4	_S_oom_malloc__t23__malloc_alloc_template1i0Ui	__malloc_alloc_template<0>::_S_oom_malloc(unsigned int)
00089a64	_S_refill__t24__default_alloc_template2b1i0Ui	__default_alloc_template<true, 0>::_S_refill(unsigned int)
00089af4	clear__t10_List_base2ZP12cSSAeroplaneZt9allocator1ZP12cSSAeroplane	_List_base<cSSAeroplane *, allocator<cSSAeroplane *> >::clear(void)
00089b74	_M_insert_aux__t6vector2ZUiZt9allocator1ZUiPUiRCUi	vector<unsigned int, allocator<unsigned int> >::_M_insert_aux(unsigned int *, unsigned int const &)
00089f2c	__thunk_4_QueryInterface__18cRZResourceFactoryUiPPv	virtual function thunk (delta:-4) for cRZResourceFactory::QueryInterface(unsigned int, void **)
00089f48	__thunk_4_AddRef__18cRZResourceFactory	virtual function thunk (delta:-4) for cRZResourceFactory::AddRef(void)
00089f64	__thunk_4_Release__18cRZResourceFactory	virtual function thunk (delta:-4) for cRZResourceFactory::Release(void)
00089f80	__thunk_4__._33cSSAirTrafficManagerAttribFactory	virtual function thunk (delta:-4) for cSSAirTrafficManagerAttribFactory::~cSSAirTrafficManagerAttribFactory(void)
00089fa0	_._33cSSAirTrafficManagerAttribFactory	cSSAirTrafficManagerAttribFactory::~cSSAirTrafficManagerAttribFactory(void)
00089fdc	__thunk_4__._26cSSAnimSpriteAttribFactory	virtual function thunk (delta:-4) for cSSAnimSpriteAttribFactory::~cSSAnimSpriteAttribFactory(void)
00089ffc	_._26cSSAnimSpriteAttribFactory	cSSAnimSpriteAttribFactory::~cSSAnimSpriteAttribFactory(void)
0008a038	__thunk_352_QueryInterface__7cSSBoatUiPPv	virtual function thunk (delta:-352) for cSSBoat::QueryInterface(unsigned int, void **)
0008a058	__thunk_352_AddRef__7cSSBoat	virtual function thunk (delta:-352) for cSSBoat::AddRef(void)
0008a078	__thunk_352_Release__7cSSBoat	virtual function thunk (delta:-352) for cSSBoat::Release(void)
0008a098	__thunk_352_EnableWake__7cSSBoatb	virtual function thunk (delta:-352) for cSSBoat::EnableWake(bool)
0008a0b8	__thunk_28_QueryInterface__7cSSBoatUiPPv	virtual function thunk (delta:-28) for cSSBoat::QueryInterface(unsigned int, void **)
0008a0d4	__thunk_28_AddRef__7cSSBoat	virtual function thunk (delta:-28) for cSSBoat::AddRef(void)
0008a0f0	__thunk_28_Release__7cSSBoat	virtual function thunk (delta:-28) for cSSBoat::Release(void)
0008a10c	__thunk_28_Draw__C7cSSBoatP10cIGZBufferiiiiP7cRZRect	virtual function thunk (delta:-28) for cSSBoat::Draw(cIGZBuffer *, int, int, int, int, cRZRect *) const
0008a128	__thunk_28_Draw__C7cSSBoatP10cIGZBufferRC7cRZRectiiP7cRZRect	virtual function thunk (delta:-28) for cSSBoat::Draw(cIGZBuffer *, cRZRect const &, int, int, cRZRect *) const
0008a144	__thunk_28_Tick__7cSSBoatUi	virtual function thunk (delta:-28) for cSSBoat::Tick(unsigned int)
0008a160	__thunk_24_QueryInterface__7cSSBoatUiPPv	virtual function thunk (delta:-24) for cSSBoat::QueryInterface(unsigned int, void **)
0008a17c	__thunk_24_AddRef__7cSSBoat	virtual function thunk (delta:-24) for cSSBoat::AddRef(void)
0008a198	__thunk_24_Release__7cSSBoat	virtual function thunk (delta:-24) for cSSBoat::Release(void)
0008a1b4	__thunk_24_IsAirVehicle__10cSSVehicle	virtual function thunk (delta:-24) for cSSVehicle::IsAirVehicle(void)
0008a1d0	__thunk_24_SetOrientation__7cSSBoatUc	virtual function thunk (delta:-24) for cSSBoat::SetOrientation(unsigned char)
0008a1ec	__thunk_24_ChangePosition__7cSSBoatR13cSC3CityCoord	virtual function thunk (delta:-24) for cSSBoat::ChangePosition(cSC3CityCoord &)
0008a208	__thunk_348_QueryInterface__7cSSBoatUiPPv	virtual function thunk (delta:-348) for cSSBoat::QueryInterface(unsigned int, void **)
0008a228	__thunk_348_AddRef__7cSSBoat	virtual function thunk (delta:-348) for cSSBoat::AddRef(void)
0008a248	__thunk_348_Release__7cSSBoat	virtual function thunk (delta:-348) for cSSBoat::Release(void)
0008a268	__thunk_348_Shutdown__7cSSBoat	virtual function thunk (delta:-348) for cSSBoat::Shutdown(void)
0008a288	__thunk_348_VehicleDisappears__7cSSBoatP11cISSVehicle	virtual function thunk (delta:-348) for cSSBoat::VehicleDisappears(cISSVehicle *)
0008a2a8	__thunk_348_NeedVehicleDisappear__7cSSBoatP11cISSVehicleRUs	virtual function thunk (delta:-348) for cSSBoat::NeedVehicleDisappear(cISSVehicle *, unsigned short &)
0008a2d4	clear__t10_List_base2ZUiZt9allocator1ZUi	_List_base<unsigned int, allocator<unsigned int> >::clear(void)
0008a354	clear__t10_List_base2ZP13cISC3OccupantZt9allocator1ZP13cISC3Occupant	_List_base<cISC3Occupant *, allocator<cISC3Occupant *> >::clear(void)
0008a3d4	clear__t10_List_base2ZP7cSSBoatZt9allocator1ZP7cSSBoat	_List_base<cSSBoat *, allocator<cSSBoat *> >::clear(void)
0008a454	_M_insert_aux__t6vector2ZP13cISC3OccupantZt9allocator1ZP13cISC3OccupantPP13cISC3OccupantRCP13cISC3Occupant	vector<cISC3Occupant *, allocator<cISC3Occupant *> >::_M_insert_aux(cISC3Occupant **, cISC3Occupant *const &)
0008a780	_._20cSSOccFilterAutomata	cSSOccFilterAutomata::~cSSOccFilterAutomata(void)
0008a7b8	Test__20cSSOccFilterAutomataP13cISC3Occupant	cSSOccFilterAutomata::Test(cISC3Occupant *)
0008a7f4	QueryInterface__20cSSOccFilterAutomataUiPPv	cSSOccFilterAutomata::QueryInterface(unsigned int, void **)
0008a850	AddRef__20cSSOccFilterAutomata	cSSOccFilterAutomata::AddRef(void)
0008a88c	Release__20cSSOccFilterAutomata	cSSOccFilterAutomata::Release(void)
0008a8e8	GetDirectorID__C14cSSCOMDirector	cSSCOMDirector::GetDirectorID(void) const
0008a8f8	_._14cSSCOMDirector	cSSCOMDirector::~cSSCOMDirector(void)
0008a944	CreatecSSStrtSimLayer__14cSSCOMDirector	cSSCOMDirector::CreatecSSStrtSimLayer(void)
0008a9b4	CreatecSSPeopleProducerAttrib__14cSSCOMDirector	cSSCOMDirector::CreatecSSPeopleProducerAttrib(void)
0008aa34	CreatecSSVehicleProducerAttribFactory__14cSSCOMDirector	cSSCOMDirector::CreatecSSVehicleProducerAttribFactory(void)
0008aae4	CreatecSSTrainProducerAttribFactory__14cSSCOMDirector	cSSCOMDirector::CreatecSSTrainProducerAttribFactory(void)
0008ab94	CreatecSSAirTrafficManagerAttribFactory__14cSSCOMDirector	cSSCOMDirector::CreatecSSAirTrafficManagerAttribFactory(void)
0008ac44	CreatecSSPeoplePathAttribFactory__14cSSCOMDirector	cSSCOMDirector::CreatecSSPeoplePathAttribFactory(void)
0008acf4	CreatecSSVehiclePathAttribFactory__14cSSCOMDirector	cSSCOMDirector::CreatecSSVehiclePathAttribFactory(void)
0008ada4	CreatecSSStrtSimScriptFactory__14cSSCOMDirector	cSSCOMDirector::CreatecSSStrtSimScriptFactory(void)
0008ae54	CreatecSSAnimSpriteAttribFactory__14cSSCOMDirector	cSSCOMDirector::CreatecSSAnimSpriteAttribFactory(void)
0008af04	CreatecSSPersonAttribFactory__14cSSCOMDirector	cSSCOMDirector::CreatecSSPersonAttribFactory(void)
0008afb4	CreatecSSVehicleAttribFactory__14cSSCOMDirector	cSSCOMDirector::CreatecSSVehicleAttribFactory(void)
0008b060	CreatecSSStrtSimTrBlockFactory__14cSSCOMDirector	cSSCOMDirector::CreatecSSStrtSimTrBlockFactory(void)
0008b0b4	CreatecSSStrtSimTrBlockAttribFactory__14cSSCOMDirector	cSSCOMDirector::CreatecSSStrtSimTrBlockAttribFactory(void)
0008b160	_._19cSSDependentVehicle	cSSDependentVehicle::~cSSDependentVehicle(void)
0008b1a4	__thunk_28_Draw__C13cSSHelicopterP10cIGZBufferiiiiP7cRZRect	virtual function thunk (delta:-28) for cSSHelicopter::Draw(cIGZBuffer *, int, int, int, int, cRZRect *) const
0008b1c0	__thunk_28_Draw__C13cSSHelicopterP10cIGZBufferRC7cRZRectiiP7cRZRect	virtual function thunk (delta:-28) for cSSHelicopter::Draw(cIGZBuffer *, cRZRect const &, int, int, cRZRect *) const
0008b1dc	__thunk_24_IsAirVehicle__13cSSHelicopter	virtual function thunk (delta:-24) for cSSHelicopter::IsAirVehicle(void)
0008b1fc	_._25cSSOccFilterPeopleRectSet	cSSOccFilterPeopleRectSet::~cSSOccFilterPeopleRectSet(void)
0008b234	_._30cSSOccFilterRoadVehicleRectSet	cSSOccFilterRoadVehicleRectSet::~cSSOccFilterRoadVehicleRectSet(void)
0008b26c	_._35cSSOccFilterNonEmergencyRoadVehicle	cSSOccFilterNonEmergencyRoadVehicle::~cSSOccFilterNonEmergencyRoadVehicle(void)
0008b2a4	_._16cSSOccFilterBoat	cSSOccFilterBoat::~cSSOccFilterBoat(void)
0008b2e4	_M_insert_aux__t6vector2ZScZt9allocator1ZScPScRCSc	vector<signed char, allocator<signed char> >::_M_insert_aux(signed char *, signed char const &)
0008b5f4	__uninitialized_copy_aux__H2ZP15tPPathGraphNodeZP15tPPathGraphNode_X01X01X11G12__false_type_X11	tPPathGraphNode * __uninitialized_copy_aux<tPPathGraphNode *, tPPathGraphNode *>(tPPathGraphNode *, tPPathGraphNode *, tPPathGraphNode *, __false_type)
0008b6d4	__uninitialized_copy_aux__H2ZP15tPPathGraphEdgeZP15tPPathGraphEdge_X01X01X11G12__false_type_X11	tPPathGraphEdge * __uninitialized_copy_aux<tPPathGraphEdge *, tPPathGraphEdge *>(tPPathGraphEdge *, tPPathGraphEdge *, tPPathGraphEdge *, __false_type)
0008b7b4	__as__t6vector2ZScZt9allocator1ZScRCt6vector2ZScZt9allocator1ZSc	vector<signed char, allocator<signed char> >::operator=(vector<signed char, allocator<signed char> > const &)
0008bab4	_M_insert_aux__t6vector2Z15tPPathGraphEdgeZt9allocator1Z15tPPathGraphEdgeP15tPPathGraphEdgeRC15tPPathGraphEdge	vector<tPPathGraphEdge, allocator<tPPathGraphEdge> >::_M_insert_aux(tPPathGraphEdge *, tPPathGraphEdge const &)
0008bf74	__uninitialized_copy_aux__H2ZPC15tPPathGraphEdgeZP15tPPathGraphEdge_X01X01X11G12__false_type_X11	tPPathGraphEdge * __uninitialized_copy_aux<tPPathGraphEdge const *, tPPathGraphEdge *>(tPPathGraphEdge const *, tPPathGraphEdge const *, tPPathGraphEdge *, __false_type)
0008c054	__as__t6vector2Z15tPPathGraphEdgeZt9allocator1Z15tPPathGraphEdgeRCt6vector2Z15tPPathGraphEdgeZt9allocator1Z15tPPathGraphEdge	vector<tPPathGraphEdge, allocator<tPPathGraphEdge> >::operator=(vector<tPPathGraphEdge, allocator<tPPathGraphEdge> > const &)
0008c4f4	_M_insert_aux__t6vector2Z15tPPathGraphNodeZt9allocator1Z15tPPathGraphNodeP15tPPathGraphNodeRC15tPPathGraphNode	vector<tPPathGraphNode, allocator<tPPathGraphNode> >::_M_insert_aux(tPPathGraphNode *, tPPathGraphNode const &)
0008c964	__15tPPathGraphEdgeRC15tPPathGraphEdge	tPPathGraphEdge::tPPathGraphEdge(tPPathGraphEdge const &)
0008cbc4	_._15tPPathGraphNode	tPPathGraphNode::~tPPathGraphNode(void)
0008cc90	__15tPPathGraphNode	tPPathGraphNode::tPPathGraphNode(void)
0008ccd4	__15tPPathGraphNodeRC15tPPathGraphNode	tPPathGraphNode::tPPathGraphNode(tPPathGraphNode const &)
0008cf40	__thunk_348_QueryInterface__14cSSParadeBlockUiPPv	virtual function thunk (delta:-348) for cSSParadeBlock::QueryInterface(unsigned int, void **)
0008cf60	__thunk_348_AddRef__14cSSParadeBlock	virtual function thunk (delta:-348) for cSSParadeBlock::AddRef(void)
0008cf80	__thunk_348_Release__14cSSParadeBlock	virtual function thunk (delta:-348) for cSSParadeBlock::Release(void)
0008cfa0	__thunk_348_PlaceOnTransitTile__14cSSParadeBlockP13cISC3Occupant	virtual function thunk (delta:-348) for cSSParadeBlock::PlaceOnTransitTile(cISC3Occupant *)
0008cfc0	__thunk_348_PlaceOnTransitTile__14cSSParadeBlockP13cISC3OccupantUc	virtual function thunk (delta:-348) for cSSParadeBlock::PlaceOnTransitTile(cISC3Occupant *, unsigned char)
0008cfe0	__thunk_348_SetAssociatedParadeInstance__14cSSParadeBlockP24cISC3EventParadeInstance	virtual function thunk (delta:-348) for cSSParadeBlock::SetAssociatedParadeInstance(cISC3EventParadeInstance *)
0008d000	__thunk_348_GetLocation__14cSSParadeBlockRUiT1	virtual function thunk (delta:-348) for cSSParadeBlock::GetLocation(unsigned int &, unsigned int &)
0008d020	__thunk_348_GetLocationMicro__14cSSParadeBlockRiN21	virtual function thunk (delta:-348) for cSSParadeBlock::GetLocationMicro(int &, int &, int &)
0008d040	__thunk_348_Disburse__14cSSParadeBlock	virtual function thunk (delta:-348) for cSSParadeBlock::Disburse(void)
0008d060	__thunk_348_IsBored__14cSSParadeBlock	virtual function thunk (delta:-348) for cSSParadeBlock::IsBored(void)
0008d080	__thunk_348_GetOrientation__14cSSParadeBlock	virtual function thunk (delta:-348) for cSSParadeBlock::GetOrientation(void)
0008d0a0	__thunk_24_QueryInterface__14cSSParadeBlockUiPPv	virtual function thunk (delta:-24) for cSSParadeBlock::QueryInterface(unsigned int, void **)
0008d0bc	__thunk_24_AddRef__14cSSParadeBlock	virtual function thunk (delta:-24) for cSSParadeBlock::AddRef(void)
0008d0d8	__thunk_24_Release__14cSSParadeBlock	virtual function thunk (delta:-24) for cSSParadeBlock::Release(void)
0008d0f4	__thunk_24_PlaceOnTransitTile__14cSSParadeBlockP13cISC3Occupant	virtual function thunk (delta:-24) for cSSParadeBlock::PlaceOnTransitTile(cISC3Occupant *)
0008d110	__thunk_24_PlaceOnTransitTile__14cSSParadeBlockP13cISC3OccupantUc	virtual function thunk (delta:-24) for cSSParadeBlock::PlaceOnTransitTile(cISC3Occupant *, unsigned char)
0008d12c	__thunk_24_SetOrientation__14cSSParadeBlockUc	virtual function thunk (delta:-24) for cSSParadeBlock::SetOrientation(unsigned char)
0008d148	__thunk_24_ChangePosition__14cSSParadeBlockR13cSC3CityCoord	virtual function thunk (delta:-24) for cSSParadeBlock::ChangePosition(cSC3CityCoord &)
0008d164	__thunk_28_QueryInterface__14cSSParadeBlockUiPPv	virtual function thunk (delta:-28) for cSSParadeBlock::QueryInterface(unsigned int, void **)
0008d180	__thunk_28_AddRef__14cSSParadeBlock	virtual function thunk (delta:-28) for cSSParadeBlock::AddRef(void)
0008d19c	__thunk_28_Release__14cSSParadeBlock	virtual function thunk (delta:-28) for cSSParadeBlock::Release(void)
0008d1b8	__thunk_28_GetAllSpans__C14cSSParadeBlockiiR7cRZRect	virtual function thunk (delta:-28) for cSSParadeBlock::GetAllSpans(int, int, cRZRect &) const
0008d1d4	__thunk_28_Draw__C14cSSParadeBlockP10cIGZBufferiiiiP7cRZRect	virtual function thunk (delta:-28) for cSSParadeBlock::Draw(cIGZBuffer *, int, int, int, int, cRZRect *) const
0008d1f0	__thunk_28_Draw__C14cSSParadeBlockP10cIGZBufferRC7cRZRectiiP7cRZRect	virtual function thunk (delta:-28) for cSSParadeBlock::Draw(cIGZBuffer *, cRZRect const &, int, int, cRZRect *) const
0008d20c	__thunk_28_Tick__14cSSParadeBlockUi	virtual function thunk (delta:-28) for cSSParadeBlock::Tick(unsigned int)
0008d228	__thunk_28_GetGeomFlag__14cSSParadeBlock	virtual function thunk (delta:-28) for cSSParadeBlock::GetGeomFlag(void)
0008d248	_._14cISSPeoplePath	cISSPeoplePath::~cISSPeoplePath(void)
0008d27c	__thunk_4__._26cSSPeoplePathAttribFactory	virtual function thunk (delta:-4) for cSSPeoplePathAttribFactory::~cSSPeoplePathAttribFactory(void)
0008d29c	_._26cSSPeoplePathAttribFactory	cSSPeoplePathAttribFactory::~cSSPeoplePathAttribFactory(void)
0008d2e4	__uninitialized_copy_aux__H2ZPQ223cSSPeopleProducerAttrib17tCountryModeGroupZPQ223cSSPeopleProducerAttrib17tCountryModeGroup_X01X01X11G12__false_type_X11	cSSPeopleProducerAttrib::tCountryModeGroup * __uninitialized_copy_aux<cSSPeopleProducerAttrib::tCountryModeGroup *, cSSPeopleProducerAttrib::tCountryModeGroup *>(cSSPeopleProducerAttrib::tCountryModeGroup *, cSSPeopleProducerAttrib::tCountryModeGroup *, cSSPeopleProducerAttrib::tCountryModeGroup *, __false_type)
0008d3c4	_M_insert_aux__t6vector2ZQ223cSSPeopleProducerAttrib17tCountryModeGroupZt9allocator1ZQ223cSSPeopleProducerAttrib17tCountryModeGroupPQ223cSSPeopleProducerAttrib17tCountryModeGroupRCQ223cSSPeopleProducerAttrib17tCountryModeGroup	vector<cSSPeopleProducerAttrib::tCountryModeGroup, allocator<cSSPeopleProducerAttrib::tCountryModeGroup> >::_M_insert_aux(cSSPeopleProducerAttrib::tCountryModeGroup *, cSSPeopleProducerAttrib::tCountryModeGroup const &)
0008d87c	__thunk_20_QueryInterface__23cSSPeopleProducerAttribUiPPv	virtual function thunk (delta:-20) for cSSPeopleProducerAttrib::QueryInterface(unsigned int, void **)
0008d898	__thunk_20_AddRef__23cSSPeopleProducerAttrib	virtual function thunk (delta:-20) for cSSPeopleProducerAttrib::AddRef(void)
0008d8b4	__thunk_20_Release__23cSSPeopleProducerAttrib	virtual function thunk (delta:-20) for cSSPeopleProducerAttrib::Release(void)
0008d8d0	__thunk_20_GetNumberOfModes__23cSSPeopleProducerAttrib	virtual function thunk (delta:-20) for cSSPeopleProducerAttrib::GetNumberOfModes(void)
0008d8ec	__thunk_20_GetModeSelectionMethod__23cSSPeopleProducerAttrib	virtual function thunk (delta:-20) for cSSPeopleProducerAttrib::GetModeSelectionMethod(void)
0008d908	__thunk_20_GetMode__23cSSPeopleProducerAttribUi	virtual function thunk (delta:-20) for cSSPeopleProducerAttrib::GetMode(unsigned int)
0008d924	__thunk_20_GetResKey__C23cSSPeopleProducerAttribR14cGZResourceKey	virtual function thunk (delta:-20) for cSSPeopleProducerAttrib::GetResKey(cGZResourceKey &) const
0008d940	__thunk_24_QueryInterface__23cSSPeopleProducerAttribUiPPv	virtual function thunk (delta:-24) for cSSPeopleProducerAttrib::QueryInterface(unsigned int, void **)
0008d95c	__thunk_24_AddRef__23cSSPeopleProducerAttrib	virtual function thunk (delta:-24) for cSSPeopleProducerAttrib::AddRef(void)
0008d978	__thunk_24_Release__23cSSPeopleProducerAttrib	virtual function thunk (delta:-24) for cSSPeopleProducerAttrib::Release(void)
0008d994	__thunk_24_SerialRead__23cSSPeopleProducerAttribR18cIGZDBSerialRecord	virtual function thunk (delta:-24) for cSSPeopleProducerAttrib::SerialRead(cIGZDBSerialRecord &)
0008d9b0	__thunk_24_SerialWrite__23cSSPeopleProducerAttribR18cIGZDBSerialRecord	virtual function thunk (delta:-24) for cSSPeopleProducerAttrib::SerialWrite(cIGZDBSerialRecord &)
0008d9d4	compare__Ct12basic_string3ZcZt18string_char_traits1ZcZt24__default_alloc_template2b1i0PCcUiUi	basic_string<char, string_char_traits<char>, __default_alloc_template<true, 0> >::compare(char const *, unsigned int, unsigned int) const
0008da44	__thunk_28_QueryInterface__9cSSPersonUiPPv	virtual function thunk (delta:-28) for cSSPerson::QueryInterface(unsigned int, void **)
0008da60	__thunk_28_AddRef__9cSSPerson	virtual function thunk (delta:-28) for cSSPerson::AddRef(void)
0008da7c	__thunk_28_Release__9cSSPerson	virtual function thunk (delta:-28) for cSSPerson::Release(void)
0008da98	__thunk_28_GetW__C9cSSPersonii	virtual function thunk (delta:-28) for cSSPerson::GetW(int, int) const
0008dab4	__thunk_28_GetH__C9cSSPersonii	virtual function thunk (delta:-28) for cSSPerson::GetH(int, int) const
0008dad0	__thunk_28_GetAllSpans__C9cSSPersoniiR7cRZRect	virtual function thunk (delta:-28) for cSSPerson::GetAllSpans(int, int, cRZRect &) const
0008daec	__thunk_28_GetAreaFromPt__C9cSSPersoniiR7cRZRectii	virtual function thunk (delta:-28) for cSSPerson::GetAreaFromPt(int, int, cRZRect &, int, int) const
0008db08	__thunk_28_GetRotationOffset__C9cSSPersonRUc	virtual function thunk (delta:-28) for cSSPerson::GetRotationOffset(unsigned char &) const
0008db24	__thunk_28_GetLayerFlags32__C9cSSPerson	virtual function thunk (delta:-28) for cSSPerson::GetLayerFlags32(void) const
0008db40	__thunk_28_SetRotationOffset__9cSSPersonUc	virtual function thunk (delta:-28) for cSSPerson::SetRotationOffset(unsigned char)
0008db5c	__thunk_28_SetHilite__9cSSPersonUi	virtual function thunk (delta:-28) for cSSPerson::SetHilite(unsigned int)
0008db78	__thunk_28_SetLayer__9cSSPersonUc	virtual function thunk (delta:-28) for cSSPerson::SetLayer(unsigned char)
0008db94	__thunk_28_IsPixelOpaque__C9cSSPersoniiii	virtual function thunk (delta:-28) for cSSPerson::IsPixelOpaque(int, int, int, int) const
0008dbb0	__thunk_28_Prepare__9cSSPersoniib	virtual function thunk (delta:-28) for cSSPerson::Prepare(int, int, bool)
0008dbcc	__thunk_28_Unprepare__9cSSPersonii	virtual function thunk (delta:-28) for cSSPerson::Unprepare(int, int)
0008dbe8	__thunk_28_Draw__C9cSSPersonP10cIGZBufferiiiiP7cRZRect	virtual function thunk (delta:-28) for cSSPerson::Draw(cIGZBuffer *, int, int, int, int, cRZRect *) const
0008dc04	__thunk_28_Draw__C9cSSPersonP10cIGZBufferRC7cRZRectiiP7cRZRect	virtual function thunk (delta:-28) for cSSPerson::Draw(cIGZBuffer *, cRZRect const &, int, int, cRZRect *) const
0008dc20	__thunk_28_Tick__9cSSPersonUi	virtual function thunk (delta:-28) for cSSPerson::Tick(unsigned int)
0008dc3c	__thunk_28_Init__9cSSPersonP21cISC3CitySpriteAttrib	virtual function thunk (delta:-28) for cSSPerson::Init(cISC3CitySpriteAttrib *)
0008dc58	__thunk_28_IsGeomFlag__9cSSPersonUi	virtual function thunk (delta:-28) for cSSPerson::IsGeomFlag(unsigned int)
0008dc74	__thunk_28_SetGeomFlag__9cSSPersonUi	virtual function thunk (delta:-28) for cSSPerson::SetGeomFlag(unsigned int)
0008dc90	__thunk_28_ClearGeomFlag__9cSSPersonUi	virtual function thunk (delta:-28) for cSSPerson::ClearGeomFlag(unsigned int)
0008dcac	__thunk_28_GetGeomFlag__9cSSPerson	virtual function thunk (delta:-28) for cSSPerson::GetGeomFlag(void)
0008dcc8	__thunk_28_SetNext__9cSSPersonP19cISC3CitySpriteInst	virtual function thunk (delta:-28) for cSSPerson::SetNext(cISC3CitySpriteInst *)
0008dce4	__thunk_28_GetNext__9cSSPerson	virtual function thunk (delta:-28) for cSSPerson::GetNext(void)
0008dd00	__thunk_24_QueryInterface__9cSSPersonUiPPv	virtual function thunk (delta:-24) for cSSPerson::QueryInterface(unsigned int, void **)
0008dd1c	__thunk_24_AddRef__9cSSPerson	virtual function thunk (delta:-24) for cSSPerson::AddRef(void)
0008dd38	__thunk_24_Release__9cSSPerson	virtual function thunk (delta:-24) for cSSPerson::Release(void)
0008dd54	__thunk_24_PlaceOnTransitTile__9cSSPersonP13cISC3Occupant	virtual function thunk (delta:-24) for cSSPerson::PlaceOnTransitTile(cISC3Occupant *)
0008dd74	_._21cSSPeopleStraightPath	cSSPeopleStraightPath::~cSSPeopleStraightPath(void)
0008dda8	EnterPerson__21cSSPeopleStraightPathP10cISSPerson	cSSPeopleStraightPath::EnterPerson(cISSPerson *)
0008ddb4	PersonLeftPath__21cSSPeopleStraightPathP10cISSPerson	cSSPeopleStraightPath::PersonLeftPath(cISSPerson *)
0008ddbc	GetEndOrientation__21cSSPeopleStraightPath	cSSPeopleStraightPath::GetEndOrientation(void)
0008ddcc	GetEndCell__21cSSPeopleStraightPathRUiT1	cSSPeopleStraightPath::GetEndCell(unsigned int &, unsigned int &)
0008ddf0	GetNextPoint__21cSSPeopleStraightPathRiN21	cSSPeopleStraightPath::GetNextPoint(int &, int &, int &)
0008de44	GetStartPoint__21cSSPeopleStraightPathRiN21	cSSPeopleStraightPath::GetStartPoint(int &, int &, int &)
0008de6c	Rewind__21cSSPeopleStraightPath	cSSPeopleStraightPath::Rewind(void)
0008de7c	GetEdge__21cSSPeopleStraightPath	cSSPeopleStraightPath::GetEdge(void)
0008de88	__as__t9cRZTriple3ZfZfZfRCt9cRZTriple3ZfZfZf	cRZTriple<float, float, float>::operator=(cRZTriple<float, float, float> const &)
0008dea8	__thunk_4__._22cSSPersonAttribFactory	virtual function thunk (delta:-4) for cSSPersonAttribFactory::~cSSPersonAttribFactory(void)
0008dec8	_._22cSSPersonAttribFactory	cSSPersonAttribFactory::~cSSPersonAttribFactory(void)
0008df04	__thunk_24_PlaceOnTransitTile__14cSSRailVehicleP13cISC3OccupantUc	virtual function thunk (delta:-24) for cSSRailVehicle::PlaceOnTransitTile(cISC3Occupant *, unsigned char)
0008df20	__thunk_28_Draw__C14cSSRailVehicleP10cIGZBufferiiiiP7cRZRect	virtual function thunk (delta:-28) for cSSRailVehicle::Draw(cIGZBuffer *, int, int, int, int, cRZRect *) const
0008df3c	__thunk_28_Draw__C14cSSRailVehicleP10cIGZBufferRC7cRZRectiiP7cRZRect	virtual function thunk (delta:-28) for cSSRailVehicle::Draw(cIGZBuffer *, cRZRect const &, int, int, cRZRect *) const
0008df58	__thunk_24_QueryInterface__12cSSRiotCrowdUiPPv	virtual function thunk (delta:-24) for cSSRiotCrowd::QueryInterface(unsigned int, void **)
0008df74	__thunk_24_AddRef__12cSSRiotCrowd	virtual function thunk (delta:-24) for cSSRiotCrowd::AddRef(void)
0008df90	__thunk_24_Release__12cSSRiotCrowd	virtual function thunk (delta:-24) for cSSRiotCrowd::Release(void)
0008dfac	__thunk_24_PlaceOnTransitTile__12cSSRiotCrowdP13cISC3Occupant	virtual function thunk (delta:-24) for cSSRiotCrowd::PlaceOnTransitTile(cISC3Occupant *)
0008dfc8	__thunk_348_QueryInterface__12cSSRiotCrowdUiPPv	virtual function thunk (delta:-348) for cSSRiotCrowd::QueryInterface(unsigned int, void **)
0008dfe8	__thunk_348_AddRef__12cSSRiotCrowd	virtual function thunk (delta:-348) for cSSRiotCrowd::AddRef(void)
0008e008	__thunk_348_Release__12cSSRiotCrowd	virtual function thunk (delta:-348) for cSSRiotCrowd::Release(void)
0008e028	__thunk_348_PlaceOnTransitTile__12cSSRiotCrowdP13cISC3Occupant	virtual function thunk (delta:-348) for cSSRiotCrowd::PlaceOnTransitTile(cISC3Occupant *)
0008e048	__thunk_348_SetAssociatedRiotInstance__12cSSRiotCrowdP25cISC3DisasterRiotInstance	virtual function thunk (delta:-348) for cSSRiotCrowd::SetAssociatedRiotInstance(cISC3DisasterRiotInstance *)
0008e068	__thunk_348_GetLocation__12cSSRiotCrowdRUiT1	virtual function thunk (delta:-348) for cSSRiotCrowd::GetLocation(unsigned int &, unsigned int &)
0008e088	__thunk_348_GetLocationMicro__12cSSRiotCrowdRiN21	virtual function thunk (delta:-348) for cSSRiotCrowd::GetLocationMicro(int &, int &, int &)
0008e0a8	__thunk_348_Disburse__12cSSRiotCrowd	virtual function thunk (delta:-348) for cSSRiotCrowd::Disburse(void)
0008e0c8	__thunk_348_SetMinAndMaxTimeBetweenFireballThrows__12cSSRiotCrowdii	virtual function thunk (delta:-348) for cSSRiotCrowd::SetMinAndMaxTimeBetweenFireballThrows(int, int)
0008e0e8	__thunk_28_QueryInterface__12cSSRiotCrowdUiPPv	virtual function thunk (delta:-28) for cSSRiotCrowd::QueryInterface(unsigned int, void **)
0008e104	__thunk_28_AddRef__12cSSRiotCrowd	virtual function thunk (delta:-28) for cSSRiotCrowd::AddRef(void)
0008e120	__thunk_28_Release__12cSSRiotCrowd	virtual function thunk (delta:-28) for cSSRiotCrowd::Release(void)
0008e13c	__thunk_28_Draw__C12cSSRiotCrowdP10cIGZBufferiiiiP7cRZRect	virtual function thunk (delta:-28) for cSSRiotCrowd::Draw(cIGZBuffer *, int, int, int, int, cRZRect *) const
0008e158	__thunk_28_Draw__C12cSSRiotCrowdP10cIGZBufferRC7cRZRectiiP7cRZRect	virtual function thunk (delta:-28) for cSSRiotCrowd::Draw(cIGZBuffer *, cRZRect const &, int, int, cRZRect *) const
0008e174	__thunk_28_Tick__12cSSRiotCrowdUi	virtual function thunk (delta:-28) for cSSRiotCrowd::Tick(unsigned int)
0008e190	__thunk_28_GetGeomFlag__12cSSRiotCrowd	virtual function thunk (delta:-28) for cSSRiotCrowd::GetGeomFlag(void)
0008e1ac	__t9cRZTriple3ZfZfZf	cRZTriple<float, float, float>::cRZTriple(void)
0008e1b8	__thunk_352_QueryInterface__7cSSShipUiPPv	virtual function thunk (delta:-352) for cSSShip::QueryInterface(unsigned int, void **)
0008e1d8	__thunk_352_AddRef__7cSSShip	virtual function thunk (delta:-352) for cSSShip::AddRef(void)
0008e1f8	__thunk_352_Release__7cSSShip	virtual function thunk (delta:-352) for cSSShip::Release(void)
0008e218	__thunk_352_EnableWake__7cSSShipb	virtual function thunk (delta:-352) for cSSShip::EnableWake(bool)
0008e238	__thunk_28_QueryInterface__7cSSShipUiPPv	virtual function thunk (delta:-28) for cSSShip::QueryInterface(unsigned int, void **)
0008e254	__thunk_28_AddRef__7cSSShip	virtual function thunk (delta:-28) for cSSShip::AddRef(void)
0008e270	__thunk_28_Release__7cSSShip	virtual function thunk (delta:-28) for cSSShip::Release(void)
0008e28c	__thunk_28_Draw__C7cSSShipP10cIGZBufferiiiiP7cRZRect	virtual function thunk (delta:-28) for cSSShip::Draw(cIGZBuffer *, int, int, int, int, cRZRect *) const
0008e2a8	__thunk_28_Draw__C7cSSShipP10cIGZBufferRC7cRZRectiiP7cRZRect	virtual function thunk (delta:-28) for cSSShip::Draw(cIGZBuffer *, cRZRect const &, int, int, cRZRect *) const
0008e2c4	__thunk_28_Tick__7cSSShipUi	virtual function thunk (delta:-28) for cSSShip::Tick(unsigned int)
0008e2e0	__thunk_24_QueryInterface__7cSSShipUiPPv	virtual function thunk (delta:-24) for cSSShip::QueryInterface(unsigned int, void **)
0008e2fc	__thunk_24_AddRef__7cSSShip	virtual function thunk (delta:-24) for cSSShip::AddRef(void)
0008e318	__thunk_24_Release__7cSSShip	virtual function thunk (delta:-24) for cSSShip::Release(void)
0008e334	__thunk_24_SetOrientation__7cSSShipUc	virtual function thunk (delta:-24) for cSSShip::SetOrientation(unsigned char)
0008e350	__thunk_24_ChangePosition__7cSSShipR13cSC3CityCoord	virtual function thunk (delta:-24) for cSSShip::ChangePosition(cSC3CityCoord &)
0008e36c	__thunk_348_QueryInterface__7cSSShipUiPPv	virtual function thunk (delta:-348) for cSSShip::QueryInterface(unsigned int, void **)
0008e38c	__thunk_348_AddRef__7cSSShip	virtual function thunk (delta:-348) for cSSShip::AddRef(void)
0008e3ac	__thunk_348_Release__7cSSShip	virtual function thunk (delta:-348) for cSSShip::Release(void)
0008e3cc	__thunk_348_Shutdown__7cSSShip	virtual function thunk (delta:-348) for cSSShip::Shutdown(void)
0008e3ec	__thunk_348_VehicleDisappears__7cSSShipP11cISSVehicle	virtual function thunk (delta:-348) for cSSShip::VehicleDisappears(cISSVehicle *)
0008e40c	__thunk_348_NeedVehicleDisappear__7cSSShipP11cISSVehicleRUs	virtual function thunk (delta:-348) for cSSShip::NeedVehicleDisappear(cISSVehicle *, unsigned short &)
0008e42c	__thunk_24_PlaceOnTransitTile__14cSSStrikeCrowdP13cISC3Occupant	virtual function thunk (delta:-24) for cSSStrikeCrowd::PlaceOnTransitTile(cISC3Occupant *)
0008e448	__thunk_28_Draw__C14cSSStrikeCrowdP10cIGZBufferiiiiP7cRZRect	virtual function thunk (delta:-28) for cSSStrikeCrowd::Draw(cIGZBuffer *, int, int, int, int, cRZRect *) const
0008e464	__thunk_28_Draw__C14cSSStrikeCrowdP10cIGZBufferRC7cRZRectiiP7cRZRect	virtual function thunk (delta:-28) for cSSStrikeCrowd::Draw(cIGZBuffer *, cRZRect const &, int, int, cRZRect *) const
0008e480	__thunk_28_GetGeomFlag__14cSSStrikeCrowd	virtual function thunk (delta:-28) for cSSStrikeCrowd::GetGeomFlag(void)
0008e4a4	_M_insert_aux__t6vector2ZP14cSSStrikeCrowdZt9allocator1ZP14cSSStrikeCrowdPP14cSSStrikeCrowdRCP14cSSStrikeCrowd	vector<cSSStrikeCrowd *, allocator<cSSStrikeCrowd *> >::_M_insert_aux(cSSStrikeCrowd **, cSSStrikeCrowd *const &)
0008e7d4	_M_erase__t8_Rb_tree5ZP13cISC3OccupantZP13cISC3OccupantZt9_Identity1ZP13cISC3OccupantZt4less1ZP13cISC3OccupantZt9allocator1ZP13cISC3OccupantPt13_Rb_tree_node1ZP13cISC3Occupant	_Rb_tree<cISC3Occupant *, cISC3Occupant *, _Identity<cISC3Occupant *>, less<cISC3Occupant *>, allocator<cISC3Occupant *> >::_M_erase(_Rb_tree_node<cISC3Occupant *> *)
0008e854	_M_insert__t8_Rb_tree5ZP13cISC3OccupantZP13cISC3OccupantZt9_Identity1ZP13cISC3OccupantZt4less1ZP13cISC3OccupantZt9allocator1ZP13cISC3OccupantP18_Rb_tree_node_baseT1RCP13cISC3Occupant	_Rb_tree<cISC3Occupant *, cISC3Occupant *, _Identity<cISC3Occupant *>, less<cISC3Occupant *>, allocator<cISC3Occupant *> >::_M_insert(_Rb_tree_node_base *, _Rb_tree_node_base *, cISC3Occupant *const &)
0008ec24	insert_unique__t8_Rb_tree5ZP13cISC3OccupantZP13cISC3OccupantZt9_Identity1ZP13cISC3OccupantZt4less1ZP13cISC3OccupantZt9allocator1ZP13cISC3OccupantRCP13cISC3Occupant	_Rb_tree<cISC3Occupant *, cISC3Occupant *, _Identity<cISC3Occupant *>, less<cISC3Occupant *>, allocator<cISC3Occupant *> >::insert_unique(cISC3Occupant *const &)
0008ed10	find__Ct8_Rb_tree5ZP13cISC3OccupantZP13cISC3OccupantZt9_Identity1ZP13cISC3OccupantZt4less1ZP13cISC3OccupantZt9allocator1ZP13cISC3OccupantRCP13cISC3Occupant	_Rb_tree<cISC3Occupant *, cISC3Occupant *, _Identity<cISC3Occupant *>, less<cISC3Occupant *>, allocator<cISC3Occupant *> >::find(cISC3Occupant *const &) const
0008ed70	__thunk_4_QueryInterface__22cSSStrikeCrowdProducerUiPPv	virtual function thunk (delta:-4) for cSSStrikeCrowdProducer::QueryInterface(unsigned int, void **)
0008ed8c	__thunk_4_AddRef__22cSSStrikeCrowdProducer	virtual function thunk (delta:-4) for cSSStrikeCrowdProducer::AddRef(void)
0008eda8	__thunk_4_Release__22cSSStrikeCrowdProducer	virtual function thunk (delta:-4) for cSSStrikeCrowdProducer::Release(void)
0008edc4	__thunk_4_DoMessage__22cSSStrikeCrowdProducerR10cGZMessage	virtual function thunk (delta:-4) for cSSStrikeCrowdProducer::DoMessage(cGZMessage &)
0008ede4	_._t3set3ZP13cISC3OccupantZt4less1ZP13cISC3OccupantZt9allocator1ZP13cISC3Occupant	set<cISC3Occupant *, less<cISC3Occupant *>, allocator<cISC3Occupant *> >::~set(void)
0008ee90	Reset__14SpiralIteratorii	SpiralIterator::Reset(int, int)
0008ef14	DoXZEnd__14SpiralIterator	SpiralIterator::DoXZEnd(void)
0008f010	SetNextEndpoint__14SpiralIterator	SpiralIterator::SetNextEndpoint(void)
0008f070	find__t8_Rb_tree5ZUiZt4pair2ZCUiZP12cIGZResourceZt10_Select1st1Zt4pair2ZCUiZP12cIGZResourceZt4less1ZUiZt9allocator1ZP12cIGZResourceRCUi	_Rb_tree<unsigned int, pair<unsigned int const, cIGZResource *>, _Select1st<pair<unsigned int const, cIGZResource *> >, less<unsigned int>, allocator<cIGZResource *> >::find(unsigned int const &)
0008f0d4	_M_insert__t8_Rb_tree5ZUiZt4pair2ZCUiZP12cIGZResourceZt10_Select1st1Zt4pair2ZCUiZP12cIGZResourceZt4less1ZUiZt9allocator1ZP12cIGZResourceP18_Rb_tree_node_baseT1RCt4pair2ZCUiZP12cIGZResource	_Rb_tree<unsigned int, pair<unsigned int const, cIGZResource *>, _Select1st<pair<unsigned int const, cIGZResource *> >, less<unsigned int>, allocator<cIGZResource *> >::_M_insert(_Rb_tree_node_base *, _Rb_tree_node_base *, pair<unsigned int const, cIGZResource *> const &)
0008f4b4	insert_unique__t8_Rb_tree5ZUiZt4pair2ZCUiZP12cIGZResourceZt10_Select1st1Zt4pair2ZCUiZP12cIGZResourceZt4less1ZUiZt9allocator1ZP12cIGZResourceRCt4pair2ZCUiZP12cIGZResource	_Rb_tree<unsigned int, pair<unsigned int const, cIGZResource *>, _Select1st<pair<unsigned int const, cIGZResource *> >, less<unsigned int>, allocator<cIGZResource *> >::insert_unique(pair<unsigned int const, cIGZResource *> const &)
0008f5a4	insert_unique__t8_Rb_tree5ZUiZt4pair2ZCUiZP12cIGZResourceZt10_Select1st1Zt4pair2ZCUiZP12cIGZResourceZt4less1ZUiZt9allocator1ZP12cIGZResourceGt17_Rb_tree_iterator3Zt4pair2ZCUiZP12cIGZResourceZRt4pair2ZCUiZP12cIGZResourceZPt4pair2ZCUiZP12cIGZResourceRCt4pair2ZCUiZP12cIGZResource	_Rb_tree<unsigned int, pair<unsigned int const, cIGZResource *>, _Select1st<pair<unsigned int const, cIGZResource *> >, less<unsigned int>, allocator<cIGZResource *> >::insert_unique(_Rb_tree_iterator<pair<unsigned int const, cIGZResource *>, pair<unsigned int const, cIGZResource *> &, pair<unsigned int const, cIGZResource *> *>, pair<unsigned int const, cIGZResource *> const &)
0008f720	find__t8_Rb_tree5ZP13cISC3OccupantZt4pair2ZCP13cISC3OccupantZP17cSSPeopleProducerZt10_Select1st1Zt4pair2ZCP13cISC3OccupantZP17cSSPeopleProducerZt4less1ZP13cISC3OccupantZt9allocator1ZP17cSSPeopleProducerRCP13cISC3Occupant	_Rb_tree<cISC3Occupant *, pair<cISC3Occupant *const, cSSPeopleProducer *>, _Select1st<pair<cISC3Occupant *const, cSSPeopleProducer *> >, less<cISC3Occupant *>, allocator<cSSPeopleProducer *> >::find(cISC3Occupant *const &)
0008f784	_M_insert__t8_Rb_tree5ZP13cISC3OccupantZt4pair2ZCP13cISC3OccupantZP17cSSPeopleProducerZt10_Select1st1Zt4pair2ZCP13cISC3OccupantZP17cSSPeopleProducerZt4less1ZP13cISC3OccupantZt9allocator1ZP17cSSPeopleProducerP18_Rb_tree_node_baseT1RCt4pair2ZCP13cISC3OccupantZP17cSSPeopleProducer	_Rb_tree<cISC3Occupant *, pair<cISC3Occupant *const, cSSPeopleProducer *>, _Select1st<pair<cISC3Occupant *const, cSSPeopleProducer *> >, less<cISC3Occupant *>, allocator<cSSPeopleProducer *> >::_M_insert(_Rb_tree_node_base *, _Rb_tree_node_base *, pair<cISC3Occupant *const, cSSPeopleProducer *> const &)
0008fb64	insert_unique__t8_Rb_tree5ZP13cISC3OccupantZt4pair2ZCP13cISC3OccupantZP17cSSPeopleProducerZt10_Select1st1Zt4pair2ZCP13cISC3OccupantZP17cSSPeopleProducerZt4less1ZP13cISC3OccupantZt9allocator1ZP17cSSPeopleProducerRCt4pair2ZCP13cISC3OccupantZP17cSSPeopleProducer	_Rb_tree<cISC3Occupant *, pair<cISC3Occupant *const, cSSPeopleProducer *>, _Select1st<pair<cISC3Occupant *const, cSSPeopleProducer *> >, less<cISC3Occupant *>, allocator<cSSPeopleProducer *> >::insert_unique(pair<cISC3Occupant *const, cSSPeopleProducer *> const &)
0008fc54	_M_erase__t8_Rb_tree5ZP13cISC3OccupantZt4pair2ZCP13cISC3OccupantZP17cSSPeopleProducerZt10_Select1st1Zt4pair2ZCP13cISC3OccupantZP17cSSPeopleProducerZt4less1ZP13cISC3OccupantZt9allocator1ZP17cSSPeopleProducerPt13_Rb_tree_node1Zt4pair2ZCP13cISC3OccupantZP17cSSPeopleProducer	_Rb_tree<cISC3Occupant *, pair<cISC3Occupant *const, cSSPeopleProducer *>, _Select1st<pair<cISC3Occupant *const, cSSPeopleProducer *> >, less<cISC3Occupant *>, allocator<cSSPeopleProducer *> >::_M_erase(_Rb_tree_node<pair<cISC3Occupant *const, cSSPeopleProducer *> > *)
0008fcd4	_M_erase__t8_Rb_tree5ZP13cISC3OccupantZt4pair2ZCP13cISC3OccupantZP16cSSTrainProducerZt10_Select1st1Zt4pair2ZCP13cISC3OccupantZP16cSSTrainProducerZt4less1ZP13cISC3OccupantZt9allocator1ZP16cSSTrainProducerPt13_Rb_tree_node1Zt4pair2ZCP13cISC3OccupantZP16cSSTrainProducer	_Rb_tree<cISC3Occupant *, pair<cISC3Occupant *const, cSSTrainProducer *>, _Select1st<pair<cISC3Occupant *const, cSSTrainProducer *> >, less<cISC3Occupant *>, allocator<cSSTrainProducer *> >::_M_erase(_Rb_tree_node<pair<cISC3Occupant *const, cSSTrainProducer *> > *)
0008fd54	_M_erase__t8_Rb_tree5ZP13cISC3OccupantZt4pair2ZCP13cISC3OccupantZP17cSSSubwayProducerZt10_Select1st1Zt4pair2ZCP13cISC3OccupantZP17cSSSubwayProducerZt4less1ZP13cISC3OccupantZt9allocator1ZP17cSSSubwayProducerPt13_Rb_tree_node1Zt4pair2ZCP13cISC3OccupantZP17cSSSubwayProducer	_Rb_tree<cISC3Occupant *, pair<cISC3Occupant *const, cSSSubwayProducer *>, _Select1st<pair<cISC3Occupant *const, cSSSubwayProducer *> >, less<cISC3Occupant *>, allocator<cSSSubwayProducer *> >::_M_erase(_Rb_tree_node<pair<cISC3Occupant *const, cSSSubwayProducer *> > *)
0008fdd4	_M_erase__t8_Rb_tree5ZP13cISC3OccupantZt4pair2ZCP13cISC3OccupantZP15cSSShipProducerZt10_Select1st1Zt4pair2ZCP13cISC3OccupantZP15cSSShipProducerZt4less1ZP13cISC3OccupantZt9allocator1ZP15cSSShipProducerPt13_Rb_tree_node1Zt4pair2ZCP13cISC3OccupantZP15cSSShipProducer	_Rb_tree<cISC3Occupant *, pair<cISC3Occupant *const, cSSShipProducer *>, _Select1st<pair<cISC3Occupant *const, cSSShipProducer *> >, less<cISC3Occupant *>, allocator<cSSShipProducer *> >::_M_erase(_Rb_tree_node<pair<cISC3Occupant *const, cSSShipProducer *> > *)
0008fe54	clear__t10_List_base2ZP20cSSAirTrafficManagerZt9allocator1ZP20cSSAirTrafficManager	_List_base<cSSAirTrafficManager *, allocator<cSSAirTrafficManager *> >::clear(void)
0008fed0	find__t8_Rb_tree5ZUiZt4pair2ZCUiZP23cSSStrtSimTrBlockAttribZt10_Select1st1Zt4pair2ZCUiZP23cSSStrtSimTrBlockAttribZt4less1ZUiZt9allocator1ZP23cSSStrtSimTrBlockAttribRCUi	_Rb_tree<unsigned int, pair<unsigned int const, cSSStrtSimTrBlockAttrib *>, _Select1st<pair<unsigned int const, cSSStrtSimTrBlockAttrib *> >, less<unsigned int>, allocator<cSSStrtSimTrBlockAttrib *> >::find(unsigned int const &)
0008ff34	_M_insert__t8_Rb_tree5ZUiZt4pair2ZCUiZP23cSSStrtSimTrBlockAttribZt10_Select1st1Zt4pair2ZCUiZP23cSSStrtSimTrBlockAttribZt4less1ZUiZt9allocator1ZP23cSSStrtSimTrBlockAttribP18_Rb_tree_node_baseT1RCt4pair2ZCUiZP23cSSStrtSimTrBlockAttrib	_Rb_tree<unsigned int, pair<unsigned int const, cSSStrtSimTrBlockAttrib *>, _Select1st<pair<unsigned int const, cSSStrtSimTrBlockAttrib *> >, less<unsigned int>, allocator<cSSStrtSimTrBlockAttrib *> >::_M_insert(_Rb_tree_node_base *, _Rb_tree_node_base *, pair<unsigned int const, cSSStrtSimTrBlockAttrib *> const &)
00090314	insert_unique__t8_Rb_tree5ZUiZt4pair2ZCUiZP23cSSStrtSimTrBlockAttribZt10_Select1st1Zt4pair2ZCUiZP23cSSStrtSimTrBlockAttribZt4less1ZUiZt9allocator1ZP23cSSStrtSimTrBlockAttribRCt4pair2ZCUiZP23cSSStrtSimTrBlockAttrib	_Rb_tree<unsigned int, pair<unsigned int const, cSSStrtSimTrBlockAttrib *>, _Select1st<pair<unsigned int const, cSSStrtSimTrBlockAttrib *> >, less<unsigned int>, allocator<cSSStrtSimTrBlockAttrib *> >::insert_unique(pair<unsigned int const, cSSStrtSimTrBlockAttrib *> const &)
00090404	insert_unique__t8_Rb_tree5ZUiZt4pair2ZCUiZP23cSSStrtSimTrBlockAttribZt10_Select1st1Zt4pair2ZCUiZP23cSSStrtSimTrBlockAttribZt4less1ZUiZt9allocator1ZP23cSSStrtSimTrBlockAttribGt17_Rb_tree_iterator3Zt4pair2ZCUiZP23cSSStrtSimTrBlockAttribZRt4pair2ZCUiZP23cSSStrtSimTrBlockAttribZPt4pair2ZCUiZP23cSSStrtSimTrBlockAttribRCt4pair2ZCUiZP23cSSStrtSimTrBlockAttrib	_Rb_tree<unsigned int, pair<unsigned int const, cSSStrtSimTrBlockAttrib *>, _Select1st<pair<unsigned int const, cSSStrtSimTrBlockAttrib *> >, less<unsigned int>, allocator<cSSStrtSimTrBlockAttrib *> >::insert_unique(_Rb_tree_iterator<pair<unsigned int const, cSSStrtSimTrBlockAttrib *>, pair<unsigned int const, cSSStrtSimTrBlockAttrib *> &, pair<unsigned int const, cSSStrtSimTrBlockAttrib *> *>, pair<unsigned int const, cSSStrtSimTrBlockAttrib *> const &)
00090584	_M_insert__t8_Rb_tree5ZP13cISC3OccupantZt4pair2ZCP13cISC3OccupantZP16cSSTrainProducerZt10_Select1st1Zt4pair2ZCP13cISC3OccupantZP16cSSTrainProducerZt4less1ZP13cISC3OccupantZt9allocator1ZP16cSSTrainProducerP18_Rb_tree_node_baseT1RCt4pair2ZCP13cISC3OccupantZP16cSSTrainProducer	_Rb_tree<cISC3Occupant *, pair<cISC3Occupant *const, cSSTrainProducer *>, _Select1st<pair<cISC3Occupant *const, cSSTrainProducer *> >, less<cISC3Occupant *>, allocator<cSSTrainProducer *> >::_M_insert(_Rb_tree_node_base *, _Rb_tree_node_base *, pair<cISC3Occupant *const, cSSTrainProducer *> const &)
00090964	insert_unique__t8_Rb_tree5ZP13cISC3OccupantZt4pair2ZCP13cISC3OccupantZP16cSSTrainProducerZt10_Select1st1Zt4pair2ZCP13cISC3OccupantZP16cSSTrainProducerZt4less1ZP13cISC3OccupantZt9allocator1ZP16cSSTrainProducerRCt4pair2ZCP13cISC3OccupantZP16cSSTrainProducer	_Rb_tree<cISC3Occupant *, pair<cISC3Occupant *const, cSSTrainProducer *>, _Select1st<pair<cISC3Occupant *const, cSSTrainProducer *> >, less<cISC3Occupant *>, allocator<cSSTrainProducer *> >::insert_unique(pair<cISC3Occupant *const, cSSTrainProducer *> const &)
00090a50	find__t8_Rb_tree5ZP13cISC3OccupantZt4pair2ZCP13cISC3OccupantZP16cSSTrainProducerZt10_Select1st1Zt4pair2ZCP13cISC3OccupantZP16cSSTrainProducerZt4less1ZP13cISC3OccupantZt9allocator1ZP16cSSTrainProducerRCP13cISC3Occupant	_Rb_tree<cISC3Occupant *, pair<cISC3Occupant *const, cSSTrainProducer *>, _Select1st<pair<cISC3Occupant *const, cSSTrainProducer *> >, less<cISC3Occupant *>, allocator<cSSTrainProducer *> >::find(cISC3Occupant *const &)
00090ab4	_M_insert__t8_Rb_tree5ZP13cISC3OccupantZt4pair2ZCP13cISC3OccupantZP15cSSShipProducerZt10_Select1st1Zt4pair2ZCP13cISC3OccupantZP15cSSShipProducerZt4less1ZP13cISC3OccupantZt9allocator1ZP15cSSShipProducerP18_Rb_tree_node_baseT1RCt4pair2ZCP13cISC3OccupantZP15cSSShipProducer	_Rb_tree<cISC3Occupant *, pair<cISC3Occupant *const, cSSShipProducer *>, _Select1st<pair<cISC3Occupant *const, cSSShipProducer *> >, less<cISC3Occupant *>, allocator<cSSShipProducer *> >::_M_insert(_Rb_tree_node_base *, _Rb_tree_node_base *, pair<cISC3Occupant *const, cSSShipProducer *> const &)
00090e94	insert_unique__t8_Rb_tree5ZP13cISC3OccupantZt4pair2ZCP13cISC3OccupantZP15cSSShipProducerZt10_Select1st1Zt4pair2ZCP13cISC3OccupantZP15cSSShipProducerZt4less1ZP13cISC3OccupantZt9allocator1ZP15cSSShipProducerRCt4pair2ZCP13cISC3OccupantZP15cSSShipProducer	_Rb_tree<cISC3Occupant *, pair<cISC3Occupant *const, cSSShipProducer *>, _Select1st<pair<cISC3Occupant *const, cSSShipProducer *> >, less<cISC3Occupant *>, allocator<cSSShipProducer *> >::insert_unique(pair<cISC3Occupant *const, cSSShipProducer *> const &)
00090f80	find__t8_Rb_tree5ZP13cISC3OccupantZt4pair2ZCP13cISC3OccupantZP15cSSShipProducerZt10_Select1st1Zt4pair2ZCP13cISC3OccupantZP15cSSShipProducerZt4less1ZP13cISC3OccupantZt9allocator1ZP15cSSShipProducerRCP13cISC3Occupant	_Rb_tree<cISC3Occupant *, pair<cISC3Occupant *const, cSSShipProducer *>, _Select1st<pair<cISC3Occupant *const, cSSShipProducer *> >, less<cISC3Occupant *>, allocator<cSSShipProducer *> >::find(cISC3Occupant *const &)
00090fe4	erase__t8_Rb_tree5ZP13cISC3OccupantZt4pair2ZCP13cISC3OccupantZP17cSSPeopleProducerZt10_Select1st1Zt4pair2ZCP13cISC3OccupantZP17cSSPeopleProducerZt4less1ZP13cISC3OccupantZt9allocator1ZP17cSSPeopleProducerGt17_Rb_tree_iterator3Zt4pair2ZCP13cISC3OccupantZP17cSSPeopleProducerZRt4pair2ZCP13cISC3OccupantZP17cSSPeopleProducerZPt4pair2ZCP13cISC3OccupantZP17cSSPeopleProducerT1	_Rb_tree<cISC3Occupant *, pair<cISC3Occupant *const, cSSPeopleProducer *>, _Select1st<pair<cISC3Occupant *const, cSSPeopleProducer *> >, less<cISC3Occupant *>, allocator<cSSPeopleProducer *> >::erase(_Rb_tree_iterator<pair<cISC3Occupant *const, cSSPeopleProducer *>, pair<cISC3Occupant *const, cSSPeopleProducer *> &, pair<cISC3Occupant *const, cSSPeopleProducer *> *>, _Rb_tree_iterator<pair<cISC3Occupant *const, cSSPeopleProducer *>, pair<cISC3Occupant *const, cSSPeopleProducer *> &, pair<cISC3Occupant *const, cSSPeopleProducer *> *>)
000914f4	_M_erase__t8_Rb_tree5ZUiZt4pair2ZCUiZP23cSSStrtSimTrBlockAttribZt10_Select1st1Zt4pair2ZCUiZP23cSSStrtSimTrBlockAttribZt4less1ZUiZt9allocator1ZP23cSSStrtSimTrBlockAttribPt13_Rb_tree_node1Zt4pair2ZCUiZP23cSSStrtSimTrBlockAttrib	_Rb_tree<unsigned int, pair<unsigned int const, cSSStrtSimTrBlockAttrib *>, _Select1st<pair<unsigned int const, cSSStrtSimTrBlockAttrib *> >, less<unsigned int>, allocator<cSSStrtSimTrBlockAttrib *> >::_M_erase(_Rb_tree_node<pair<unsigned int const, cSSStrtSimTrBlockAttrib *> > *)
00091574	_M_erase__t8_Rb_tree5ZUiZt4pair2ZCUiZP12cIGZResourceZt10_Select1st1Zt4pair2ZCUiZP12cIGZResourceZt4less1ZUiZt9allocator1ZP12cIGZResourcePt13_Rb_tree_node1Zt4pair2ZCUiZP12cIGZResource	_Rb_tree<unsigned int, pair<unsigned int const, cIGZResource *>, _Select1st<pair<unsigned int const, cIGZResource *> >, less<unsigned int>, allocator<cIGZResource *> >::_M_erase(_Rb_tree_node<pair<unsigned int const, cIGZResource *> > *)
000915f4	_M_insert__t8_Rb_tree5ZP13cISC3OccupantZt4pair2ZCP13cISC3OccupantZP17cSSSubwayProducerZt10_Select1st1Zt4pair2ZCP13cISC3OccupantZP17cSSSubwayProducerZt4less1ZP13cISC3OccupantZt9allocator1ZP17cSSSubwayProducerP18_Rb_tree_node_baseT1RCt4pair2ZCP13cISC3OccupantZP17cSSSubwayProducer	_Rb_tree<cISC3Occupant *, pair<cISC3Occupant *const, cSSSubwayProducer *>, _Select1st<pair<cISC3Occupant *const, cSSSubwayProducer *> >, less<cISC3Occupant *>, allocator<cSSSubwayProducer *> >::_M_insert(_Rb_tree_node_base *, _Rb_tree_node_base *, pair<cISC3Occupant *const, cSSSubwayProducer *> const &)
000919d4	insert_unique__t8_Rb_tree5ZP13cISC3OccupantZt4pair2ZCP13cISC3OccupantZP17cSSSubwayProducerZt10_Select1st1Zt4pair2ZCP13cISC3OccupantZP17cSSSubwayProducerZt4less1ZP13cISC3OccupantZt9allocator1ZP17cSSSubwayProducerRCt4pair2ZCP13cISC3OccupantZP17cSSSubwayProducer	_Rb_tree<cISC3Occupant *, pair<cISC3Occupant *const, cSSSubwayProducer *>, _Select1st<pair<cISC3Occupant *const, cSSSubwayProducer *> >, less<cISC3Occupant *>, allocator<cSSSubwayProducer *> >::insert_unique(pair<cISC3Occupant *const, cSSSubwayProducer *> const &)
00091ac0	find__t8_Rb_tree5ZP13cISC3OccupantZt4pair2ZCP13cISC3OccupantZP17cSSSubwayProducerZt10_Select1st1Zt4pair2ZCP13cISC3OccupantZP17cSSSubwayProducerZt4less1ZP13cISC3OccupantZt9allocator1ZP17cSSSubwayProducerRCP13cISC3Occupant	_Rb_tree<cISC3Occupant *, pair<cISC3Occupant *const, cSSSubwayProducer *>, _Select1st<pair<cISC3Occupant *const, cSSSubwayProducer *> >, less<cISC3Occupant *>, allocator<cSSSubwayProducer *> >::find(cISC3Occupant *const &)
00091b20	__thunk_8_QueryInterface__15cSSStrtSimLayerUiPPv	virtual function thunk (delta:-8) for cSSStrtSimLayer::QueryInterface(unsigned int, void **)
00091b3c	__thunk_8_AddRef__15cSSStrtSimLayer	virtual function thunk (delta:-8) for cSSStrtSimLayer::AddRef(void)
00091b58	__thunk_8_Release__15cSSStrtSimLayer	virtual function thunk (delta:-8) for cSSStrtSimLayer::Release(void)
00091b74	__thunk_8_DoAnimationTick__15cSSStrtSimLayerUi	virtual function thunk (delta:-8) for cSSStrtSimLayer::DoAnimationTick(unsigned int)
00091b90	__thunk_8_GetAnimationTickPriority__15cSSStrtSimLayerRUcRi	virtual function thunk (delta:-8) for cSSStrtSimLayer::GetAnimationTickPriority(unsigned char &, int &)
00091bac	__thunk_4_QueryInterface__15cSSStrtSimLayerUiPPv	virtual function thunk (delta:-4) for cSSStrtSimLayer::QueryInterface(unsigned int, void **)
00091bc8	__thunk_4_AddRef__15cSSStrtSimLayer	virtual function thunk (delta:-4) for cSSStrtSimLayer::AddRef(void)
00091be4	__thunk_4_Release__15cSSStrtSimLayer	virtual function thunk (delta:-4) for cSSStrtSimLayer::Release(void)
00091c00	__thunk_4_OccupantInserted__15cSSStrtSimLayerUiP13cISC3Occupant	virtual function thunk (delta:-4) for cSSStrtSimLayer::OccupantInserted(unsigned int, cISC3Occupant *)
00091c1c	__thunk_4_OccupantRemoved__15cSSStrtSimLayerUiP13cISC3Occupant	virtual function thunk (delta:-4) for cSSStrtSimLayer::OccupantRemoved(unsigned int, cISC3Occupant *)
00091c38	__thunk_4_OccupantMoved__15cSSStrtSimLayerUiP13cISC3OccupantRC13cSC3CityCoord	virtual function thunk (delta:-4) for cSSStrtSimLayer::OccupantMoved(unsigned int, cISC3Occupant *, cSC3CityCoord const &)
00091c54	__thunk_4_OccupantChanged__15cSSStrtSimLayerUiP13cISC3OccupantiPv	virtual function thunk (delta:-4) for cSSStrtSimLayer::OccupantChanged(unsigned int, cISC3Occupant *, int, void *)
00091c70	__thunk_4_CellChangedAll__15cSSStrtSimLayerUi	virtual function thunk (delta:-4) for cSSStrtSimLayer::CellChangedAll(unsigned int)
00091c8c	__thunk_4_CellChanged__15cSSStrtSimLayerUiUiUi	virtual function thunk (delta:-4) for cSSStrtSimLayer::CellChanged(unsigned int, unsigned int, unsigned int)
00091ca8	__thunk_4_CellChanged__15cSSStrtSimLayerUiUiUiUiUi	virtual function thunk (delta:-4) for cSSStrtSimLayer::CellChanged(unsigned int, unsigned int, unsigned int, unsigned int, unsigned int)
00091cc8	_._t3map4ZUiZP23cSSStrtSimTrBlockAttribZt4less1ZUiZt9allocator1ZP23cSSStrtSimTrBlockAttrib	map<unsigned int, cSSStrtSimTrBlockAttrib *, less<unsigned int>, allocator<cSSStrtSimTrBlockAttrib *> >::~map(void)
00091d70	_._t3map4ZUiZP12cIGZResourceZt4less1ZUiZt9allocator1ZP12cIGZResource	map<unsigned int, cIGZResource *, less<unsigned int>, allocator<cIGZResource *> >::~map(void)
00091e18	_._t3map4ZP13cISC3OccupantZP17cSSPeopleProducerZt4less1ZP13cISC3OccupantZt9allocator1ZP17cSSPeopleProducer	map<cISC3Occupant *, cSSPeopleProducer *, less<cISC3Occupant *>, allocator<cSSPeopleProducer *> >::~map(void)
00091ec0	_._t3map4ZP13cISC3OccupantZP16cSSTrainProducerZt4less1ZP13cISC3OccupantZt9allocator1ZP16cSSTrainProducer	map<cISC3Occupant *, cSSTrainProducer *, less<cISC3Occupant *>, allocator<cSSTrainProducer *> >::~map(void)
00091f68	_._t3map4ZP13cISC3OccupantZP17cSSSubwayProducerZt4less1ZP13cISC3OccupantZt9allocator1ZP17cSSSubwayProducer	map<cISC3Occupant *, cSSSubwayProducer *, less<cISC3Occupant *>, allocator<cSSSubwayProducer *> >::~map(void)
00092010	_._t3map4ZP13cISC3OccupantZP15cSSShipProducerZt4less1ZP13cISC3OccupantZt9allocator1ZP15cSSShipProducer	map<cISC3Occupant *, cSSShipProducer *, less<cISC3Occupant *>, allocator<cSSShipProducer *> >::~map(void)
000920b8	_._18cSSOccFilterPeople	cSSOccFilterPeople::~cSSOccFilterPeople(void)
000920f0	Test__18cSSOccFilterPeopleP13cISC3Occupant	cSSOccFilterPeople::Test(cISC3Occupant *)
00092124	_._23cSSOccFilterRoadVehicle	cSSOccFilterRoadVehicle::~cSSOccFilterRoadVehicle(void)
0009215c	Test__23cSSOccFilterRoadVehicleP13cISC3Occupant	cSSOccFilterRoadVehicle::Test(cISC3Occupant *)
00092198	_._33cSSOccFilterPeopleAndRoadVehicles	cSSOccFilterPeopleAndRoadVehicles::~cSSOccFilterPeopleAndRoadVehicles(void)
000921d4	Test__33cSSOccFilterPeopleAndRoadVehiclesP13cISC3Occupant	cSSOccFilterPeopleAndRoadVehicles::Test(cISC3Occupant *)
00092214	_._23cSSOccFilterRailVehicle	cSSOccFilterRailVehicle::~cSSOccFilterRailVehicle(void)
0009224c	Test__23cSSOccFilterRailVehicleP13cISC3Occupant	cSSOccFilterRailVehicle::Test(cISC3Occupant *)
00092288	_._25cSSOccFilterSubwayVehicle	cSSOccFilterSubwayVehicle::~cSSOccFilterSubwayVehicle(void)
000922c0	Test__25cSSOccFilterSubwayVehicleP13cISC3Occupant	cSSOccFilterSubwayVehicle::Test(cISC3Occupant *)
00092300	lower_bound__t8_Rb_tree5ZUiZt4pair2ZCUiZP12cIGZResourceZt10_Select1st1Zt4pair2ZCUiZP12cIGZResourceZt4less1ZUiZt9allocator1ZP12cIGZResourceRCUi	_Rb_tree<unsigned int, pair<unsigned int const, cIGZResource *>, _Select1st<pair<unsigned int const, cIGZResource *> >, less<unsigned int>, allocator<cIGZResource *> >::lower_bound(unsigned int const &)
00092340	lower_bound__t8_Rb_tree5ZUiZt4pair2ZCUiZP23cSSStrtSimTrBlockAttribZt10_Select1st1Zt4pair2ZCUiZP23cSSStrtSimTrBlockAttribZt4less1ZUiZt9allocator1ZP23cSSStrtSimTrBlockAttribRCUi	_Rb_tree<unsigned int, pair<unsigned int const, cSSStrtSimTrBlockAttrib *>, _Select1st<pair<unsigned int const, cSSStrtSimTrBlockAttrib *> >, less<unsigned int>, allocator<cSSStrtSimTrBlockAttrib *> >::lower_bound(unsigned int const &)
00092378	__thunk_4__._23cSSStrtSimScriptFactory	virtual function thunk (delta:-4) for cSSStrtSimScriptFactory::~cSSStrtSimScriptFactory(void)
00092398	_._23cSSStrtSimScriptFactory	cSSStrtSimScriptFactory::~cSSStrtSimScriptFactory(void)
000923d4	__thunk_4__._30cSSStrtSimTrBlockAttribFactory	virtual function thunk (delta:-4) for cSSStrtSimTrBlockAttribFactory::~cSSStrtSimTrBlockAttribFactory(void)
000923f4	_._30cSSStrtSimTrBlockAttribFactory	cSSStrtSimTrBlockAttribFactory::~cSSStrtSimTrBlockAttribFactory(void)
00092430	__thunk_24_PlaceOnTransitTile__16cSSSubwayVehicleP13cISC3OccupantUc	virtual function thunk (delta:-24) for cSSSubwayVehicle::PlaceOnTransitTile(cISC3Occupant *, unsigned char)
0009244c	__thunk_28_Draw__C16cSSSubwayVehicleP10cIGZBufferiiiiP7cRZRect	virtual function thunk (delta:-28) for cSSSubwayVehicle::Draw(cIGZBuffer *, int, int, int, int, cRZRect *) const
00092468	__thunk_28_Draw__C16cSSSubwayVehicleP10cIGZBufferRC7cRZRectiiP7cRZRect	virtual function thunk (delta:-28) for cSSSubwayVehicle::Draw(cIGZBuffer *, cRZRect const &, int, int, cRZRect *) const
00092494	__as__t6vector2ZUiZt9allocator1ZUiRCt6vector2ZUiZt9allocator1ZUi	vector<unsigned int, allocator<unsigned int> >::operator=(vector<unsigned int, allocator<unsigned int> > const &)
000927e4	__uninitialized_copy_aux__H2ZPQ222cSSTrainProducerAttrib10tTrainTypeZPQ222cSSTrainProducerAttrib10tTrainType_X01X01X11G12__false_type_X11	cSSTrainProducerAttrib::tTrainType * __uninitialized_copy_aux<cSSTrainProducerAttrib::tTrainType *, cSSTrainProducerAttrib::tTrainType *>(cSSTrainProducerAttrib::tTrainType *, cSSTrainProducerAttrib::tTrainType *, cSSTrainProducerAttrib::tTrainType *, __false_type)
000928c4	_M_insert_aux__t6vector2ZQ222cSSTrainProducerAttrib10tTrainTypeZt9allocator1ZQ222cSSTrainProducerAttrib10tTrainTypePQ222cSSTrainProducerAttrib10tTrainTypeRCQ222cSSTrainProducerAttrib10tTrainType	vector<cSSTrainProducerAttrib::tTrainType, allocator<cSSTrainProducerAttrib::tTrainType> >::_M_insert_aux(cSSTrainProducerAttrib::tTrainType *, cSSTrainProducerAttrib::tTrainType const &)
00092d90	__thunk_4__._29cSSTrainProducerAttribFactory	virtual function thunk (delta:-4) for cSSTrainProducerAttribFactory::~cSSTrainProducerAttribFactory(void)
00092db4	_._Q222cSSTrainProducerAttrib10tTrainType	cSSTrainProducerAttrib::tTrainType::~tTrainType(void)
00092f6c	__Q222cSSTrainProducerAttrib10tTrainType	cSSTrainProducerAttrib::tTrainType::tTrainType(void)
00092ff4	__Q222cSSTrainProducerAttrib10tTrainTypeRCQ222cSSTrainProducerAttrib10tTrainType	cSSTrainProducerAttrib::tTrainType::tTrainType(cSSTrainProducerAttrib::tTrainType const &)
00093a40	_._29cSSTrainProducerAttribFactory	cSSTrainProducerAttribFactory::~cSSTrainProducerAttribFactory(void)
00093a84	_M_insert_aux__t6vector2ZP15tVPathGraphNodeZt9allocator1ZP15tVPathGraphNodePP15tVPathGraphNodeRCP15tVPathGraphNode	vector<tVPathGraphNode *, allocator<tVPathGraphNode *> >::_M_insert_aux(tVPathGraphNode **, tVPathGraphNode *const &)
00093db4	__uninitialized_copy_aux__H2ZP15tVPathGraphNodeZP15tVPathGraphNode_X01X01X11G12__false_type_X11	tVPathGraphNode * __uninitialized_copy_aux<tVPathGraphNode *, tVPathGraphNode *>(tVPathGraphNode *, tVPathGraphNode *, tVPathGraphNode *, __false_type)
00093e94	__uninitialized_copy_aux__H2ZP15tVPathGraphEdgeZP15tVPathGraphEdge_X01X01X11G12__false_type_X11	tVPathGraphEdge * __uninitialized_copy_aux<tVPathGraphEdge *, tVPathGraphEdge *>(tVPathGraphEdge *, tVPathGraphEdge *, tVPathGraphEdge *, __false_type)
00093f74	_M_insert_aux__t6vector2Z15tVPathGraphEdgeZt9allocator1Z15tVPathGraphEdgeP15tVPathGraphEdgeRC15tVPathGraphEdge	vector<tVPathGraphEdge, allocator<tVPathGraphEdge> >::_M_insert_aux(tVPathGraphEdge *, tVPathGraphEdge const &)
00094474	__uninitialized_copy_aux__H2ZPC15tVPathGraphEdgeZP15tVPathGraphEdge_X01X01X11G12__false_type_X11	tVPathGraphEdge * __uninitialized_copy_aux<tVPathGraphEdge const *, tVPathGraphEdge *>(tVPathGraphEdge const *, tVPathGraphEdge const *, tVPathGraphEdge *, __false_type)
00094554	__as__t6vector2Z15tVPathGraphEdgeZt9allocator1Z15tVPathGraphEdgeRCt6vector2Z15tVPathGraphEdgeZt9allocator1Z15tVPathGraphEdge	vector<tVPathGraphEdge, allocator<tVPathGraphEdge> >::operator=(vector<tVPathGraphEdge, allocator<tVPathGraphEdge> > const &)
00094a44	_M_insert_aux__t6vector2Z15tVPathGraphNodeZt9allocator1Z15tVPathGraphNodeP15tVPathGraphNodeRC15tVPathGraphNode	vector<tVPathGraphNode, allocator<tVPathGraphNode> >::_M_insert_aux(tVPathGraphNode *, tVPathGraphNode const &)
00094ec4	__15tVPathGraphEdgeRC15tVPathGraphEdge	tVPathGraphEdge::tVPathGraphEdge(tVPathGraphEdge const &)
000953b4	_._15tVPathGraphNode	tVPathGraphNode::~tVPathGraphNode(void)
00095484	__15tVPathGraphNode	tVPathGraphNode::tVPathGraphNode(void)
000954c4	__15tVPathGraphNodeRC15tVPathGraphNode	tVPathGraphNode::tVPathGraphNode(tVPathGraphNode const &)
00095740	__thunk_28_Draw__C10cSSVehicleP10cIGZBufferiiiiP7cRZRect	virtual function thunk (delta:-28) for cSSVehicle::Draw(cIGZBuffer *, int, int, int, int, cRZRect *) const
0009575c	__thunk_28_Draw__C10cSSVehicleP10cIGZBufferRC7cRZRectiiP7cRZRect	virtual function thunk (delta:-28) for cSSVehicle::Draw(cIGZBuffer *, cRZRect const &, int, int, cRZRect *) const
00095778	__thunk_4__._23cSSVehicleAttribFactory	virtual function thunk (delta:-4) for cSSVehicleAttribFactory::~cSSVehicleAttribFactory(void)
00095798	_._23cSSVehicleAttribFactory	cSSVehicleAttribFactory::~cSSVehicleAttribFactory(void)
000957d4	__thunk_4__._27cSSVehiclePathAttribFactory	virtual function thunk (delta:-4) for cSSVehiclePathAttribFactory::~cSSVehiclePathAttribFactory(void)
000957f4	_._27cSSVehiclePathAttribFactory	cSSVehiclePathAttribFactory::~cSSVehiclePathAttribFactory(void)
00095830	find__t8_Rb_tree5ZUiZt4pair2ZCUiZQ218cSSVehicleProducer14tFrequencyInfoZt10_Select1st1Zt4pair2ZCUiZQ218cSSVehicleProducer14tFrequencyInfoZt4less1ZUiZt9allocator1ZQ218cSSVehicleProducer14tFrequencyInfoRCUi	_Rb_tree<unsigned int, pair<unsigned int const, cSSVehicleProducer::tFrequencyInfo>, _Select1st<pair<unsigned int const, cSSVehicleProducer::tFrequencyInfo> >, less<unsigned int>, allocator<cSSVehicleProducer::tFrequencyInfo> >::find(unsigned int const &)
00095894	_M_insert__t8_Rb_tree5ZUiZt4pair2ZCUiZQ218cSSVehicleProducer14tFrequencyInfoZt10_Select1st1Zt4pair2ZCUiZQ218cSSVehicleProducer14tFrequencyInfoZt4less1ZUiZt9allocator1ZQ218cSSVehicleProducer14tFrequencyInfoP18_Rb_tree_node_baseT1RCt4pair2ZCUiZQ218cSSVehicleProducer14tFrequencyInfo	_Rb_tree<unsigned int, pair<unsigned int const, cSSVehicleProducer::tFrequencyInfo>, _Select1st<pair<unsigned int const, cSSVehicleProducer::tFrequencyInfo> >, less<unsigned int>, allocator<cSSVehicleProducer::tFrequencyInfo> >::_M_insert(_Rb_tree_node_base *, _Rb_tree_node_base *, pair<unsigned int const, cSSVehicleProducer::tFrequencyInfo> const &)
00095c84	insert_unique__t8_Rb_tree5ZUiZt4pair2ZCUiZQ218cSSVehicleProducer14tFrequencyInfoZt10_Select1st1Zt4pair2ZCUiZQ218cSSVehicleProducer14tFrequencyInfoZt4less1ZUiZt9allocator1ZQ218cSSVehicleProducer14tFrequencyInfoRCt4pair2ZCUiZQ218cSSVehicleProducer14tFrequencyInfo	_Rb_tree<unsigned int, pair<unsigned int const, cSSVehicleProducer::tFrequencyInfo>, _Select1st<pair<unsigned int const, cSSVehicleProducer::tFrequencyInfo> >, less<unsigned int>, allocator<cSSVehicleProducer::tFrequencyInfo> >::insert_unique(pair<unsigned int const, cSSVehicleProducer::tFrequencyInfo> const &)
00095d74	_M_erase__t8_Rb_tree5ZUiZt4pair2ZCUiZQ218cSSVehicleProducer14tFrequencyInfoZt10_Select1st1Zt4pair2ZCUiZQ218cSSVehicleProducer14tFrequencyInfoZt4less1ZUiZt9allocator1ZQ218cSSVehicleProducer14tFrequencyInfoPt13_Rb_tree_node1Zt4pair2ZCUiZQ218cSSVehicleProducer14tFrequencyInfo	_Rb_tree<unsigned int, pair<unsigned int const, cSSVehicleProducer::tFrequencyInfo>, _Select1st<pair<unsigned int const, cSSVehicleProducer::tFrequencyInfo> >, less<unsigned int>, allocator<cSSVehicleProducer::tFrequencyInfo> >::_M_erase(_Rb_tree_node<pair<unsigned int const, cSSVehicleProducer::tFrequencyInfo> > *)
00095df0	_._t3map4ZUiZQ218cSSVehicleProducer14tFrequencyInfoZt4less1ZUiZt9allocator1ZQ218cSSVehicleProducer14tFrequencyInfo	map<unsigned int, cSSVehicleProducer::tFrequencyInfo, less<unsigned int>, allocator<cSSVehicleProducer::tFrequencyInfo> >::~map(void)
00095e94	__thunk_4__._31cSSVehicleProducerAttribFactory	virtual function thunk (delta:-4) for cSSVehicleProducerAttribFactory::~cSSVehicleProducerAttribFactory(void)
00095eb0	__thunk_20_QueryInterface__24cSSVehicleProducerAttribUiPPv	virtual function thunk (delta:-20) for cSSVehicleProducerAttrib::QueryInterface(unsigned int, void **)
00095ecc	__thunk_20_AddRef__24cSSVehicleProducerAttrib	virtual function thunk (delta:-20) for cSSVehicleProducerAttrib::AddRef(void)
00095ee8	__thunk_20_Release__24cSSVehicleProducerAttrib	virtual function thunk (delta:-20) for cSSVehicleProducerAttrib::Release(void)
00095f04	__thunk_20_GetResKey__C24cSSVehicleProducerAttribR14cGZResourceKey	virtual function thunk (delta:-20) for cSSVehicleProducerAttrib::GetResKey(cGZResourceKey &) const
00095f24	_._31cSSVehicleProducerAttribFactory	cSSVehicleProducerAttribFactory::~cSSVehicleProducerAttribFactory(void)
00095f64	_M_erase__t8_Rb_tree5Zt4pair2ZCUiZUiZt4pair2ZCt4pair2ZCUiZUiZPFv_P11cIGZUnknownZt10_Select1st1Zt4pair2ZCt4pair2ZCUiZUiZPFv_P11cIGZUnknownZt4less1Zt4pair2ZCUiZUiZt9allocator1ZPFv_P11cIGZUnknownPt13_Rb_tree_node1Zt4pair2ZCt4pair2ZCUiZUiZPFv_P11cIGZUnknown	_Rb_tree<pair<unsigned int const, unsigned int>, pair<pair<unsigned int const, unsigned int> const, cIGZUnknown *(*)(void)>, _Select1st<pair<pair<unsigned int const, unsigned int> const, cIGZUnknown *(*)(void)> >, less<pair<unsigned int const, unsigned int> >, allocator<cIGZUnknown *(*)(void)> >::_M_erase(_Rb_tree_node<pair<pair<unsigned int const, unsigned int> const, cIGZUnknown *(*)(void)> > *)
00095fe4	_M_insert_aux__t6vector2ZP17cRZCOMDllDirectorZt9allocator1ZP17cRZCOMDllDirectorPP17cRZCOMDllDirectorRCP17cRZCOMDllDirector	vector<cRZCOMDllDirector *, allocator<cRZCOMDllDirector *> >::_M_insert_aux(cRZCOMDllDirector **, cRZCOMDllDirector *const &)
00096314	_M_insert__t8_Rb_tree5Zt4pair2ZCUiZUiZt4pair2ZCt4pair2ZCUiZUiZPFv_P11cIGZUnknownZt10_Select1st1Zt4pair2ZCt4pair2ZCUiZUiZPFv_P11cIGZUnknownZt4less1Zt4pair2ZCUiZUiZt9allocator1ZPFv_P11cIGZUnknownP18_Rb_tree_node_baseT1RCt4pair2ZCt4pair2ZCUiZUiZPFv_P11cIGZUnknown	_Rb_tree<pair<unsigned int const, unsigned int>, pair<pair<unsigned int const, unsigned int> const, cIGZUnknown *(*)(void)>, _Select1st<pair<pair<unsigned int const, unsigned int> const, cIGZUnknown *(*)(void)> >, less<pair<unsigned int const, unsigned int> >, allocator<cIGZUnknown *(*)(void)> >::_M_insert(_Rb_tree_node_base *, _Rb_tree_node_base *, pair<pair<unsigned int const, unsigned int> const, cIGZUnknown *(*)(void)> const &)
00096734	insert_unique__t8_Rb_tree5Zt4pair2ZCUiZUiZt4pair2ZCt4pair2ZCUiZUiZPFv_P11cIGZUnknownZt10_Select1st1Zt4pair2ZCt4pair2ZCUiZUiZPFv_P11cIGZUnknownZt4less1Zt4pair2ZCUiZUiZt9allocator1ZPFv_P11cIGZUnknownRCt4pair2ZCt4pair2ZCUiZUiZPFv_P11cIGZUnknown	_Rb_tree<pair<unsigned int const, unsigned int>, pair<pair<unsigned int const, unsigned int> const, cIGZUnknown *(*)(void)>, _Select1st<pair<pair<unsigned int const, unsigned int> const, cIGZUnknown *(*)(void)> >, less<pair<unsigned int const, unsigned int> >, allocator<cIGZUnknown *(*)(void)> >::insert_unique(pair<pair<unsigned int const, unsigned int> const, cIGZUnknown *(*)(void)> const &)
0009688c	__thunk_4_QueryInterface__17cRZCOMDllDirectorUiPPv	virtual function thunk (delta:-4) for cRZCOMDllDirector::QueryInterface(unsigned int, void **)
000968a8	__thunk_4_AddRef__17cRZCOMDllDirector	virtual function thunk (delta:-4) for cRZCOMDllDirector::AddRef(void)
000968c4	__thunk_4_Release__17cRZCOMDllDirector	virtual function thunk (delta:-4) for cRZCOMDllDirector::Release(void)
000968e0	__thunk_4_PreFrameWorkInit__17cRZCOMDllDirector	virtual function thunk (delta:-4) for cRZCOMDllDirector::PreFrameWorkInit(void)
000968fc	__thunk_4_PreAppInit__17cRZCOMDllDirector	virtual function thunk (delta:-4) for cRZCOMDllDirector::PreAppInit(void)
00096918	__thunk_4_PostAppInit__17cRZCOMDllDirector	virtual function thunk (delta:-4) for cRZCOMDllDirector::PostAppInit(void)
00096934	__thunk_4_PreAppShutdown__17cRZCOMDllDirector	virtual function thunk (delta:-4) for cRZCOMDllDirector::PreAppShutdown(void)
00096950	__thunk_4_PostAppShutdown__17cRZCOMDllDirector	virtual function thunk (delta:-4) for cRZCOMDllDirector::PostAppShutdown(void)
0009696c	__thunk_4_PostSystemServiceShutdown__17cRZCOMDllDirector	virtual function thunk (delta:-4) for cRZCOMDllDirector::PostSystemServiceShutdown(void)
00096988	__thunk_4_AbortiveQuit__17cRZCOMDllDirector	virtual function thunk (delta:-4) for cRZCOMDllDirector::AbortiveQuit(void)
000969a4	__thunk_4_OnInstall__17cRZCOMDllDirector	virtual function thunk (delta:-4) for cRZCOMDllDirector::OnInstall(void)
000969c4	_._t3map4Zt4pair2ZCUiZUiZPFv_P11cIGZUnknownZt4less1Zt4pair2ZCUiZUiZt9allocator1ZPFv_P11cIGZUnknown	map<pair<unsigned int const, unsigned int>, cIGZUnknown *(*)(void), less<pair<unsigned int const, unsigned int> >, allocator<cIGZUnknown *(*)(void)> >::~map(void)
00096a70	_._11logic_error	logic_error::~logic_error(void)
00096b20	__11logic_errorRC11logic_error	logic_error::logic_error(logic_error const &)
00096b7c	__tf11logic_error	logic_error type_info function
00096bb4	_._12domain_error	domain_error::~domain_error(void)
00096bd0	__tf12domain_error	domain_error type_info function
00096c28	_._16invalid_argument	invalid_argument::~invalid_argument(void)
00096c44	__tf16invalid_argument	invalid_argument type_info function
00096c9c	_._12length_error	length_error::~length_error(void)
00096cb8	__tf12length_error	length_error type_info function
00096d10	_._12out_of_range	out_of_range::~out_of_range(void)
00096d2c	__tf12out_of_range	out_of_range type_info function
00096d90	_._13runtime_error	runtime_error::~runtime_error(void)
00096e34	__tf13runtime_error	runtime_error type_info function
00096e6c	_._11range_error	range_error::~range_error(void)
00096e88	__tf11range_error	range_error type_info function
00096ee0	_._14overflow_error	overflow_error::~overflow_error(void)
00096efc	__tf14overflow_error	overflow_error type_info function
00096f54	_._15underflow_error	underflow_error::~underflow_error(void)
00096f70	__tf15underflow_error	underflow_error type_info function
00096fc8	__thunk_4__._22_IO_ostream_withassign	virtual function thunk (delta:-4) for _IO_ostream_withassign::~_IO_ostream_withassign(void)
00096fd4	__thunk_8__._22_IO_istream_withassign	virtual function thunk (delta:-8) for _IO_istream_withassign::~_IO_istream_withassign(void)
00096fe0	__thunk_12__._8iostream	virtual function thunk (delta:-12) for iostream::~iostream(void)
00096fec	__thunk_8__._7istream	virtual function thunk (delta:-8) for istream::~istream(void)
00096ff8	__thunk_4__._7ostream	virtual function thunk (delta:-4) for ostream::~ostream(void)
00097004	_._8iostream	iostream::~iostream(void)
00097068	_._7ostream	ostream::~ostream(void)
000970bc	__tf7ostream	ostream type_info function
000970f4	_._7istream	istream::~istream(void)
00097148	__tf7istream	istream type_info function
00097180	__tf8iostream	iostream type_info function
000971fc	_._22_IO_istream_withassign	_IO_istream_withassign::~_IO_istream_withassign(void)
00097258	__tf22_IO_istream_withassign	_IO_istream_withassign type_info function
000972b0	_._22_IO_ostream_withassign	_IO_ostream_withassign::~_IO_ostream_withassign(void)
0009730c	__tf22_IO_ostream_withassign	_IO_ostream_withassign type_info function
00097364	__tf3ios	ios type_info function
0009739c	__tf9streambuf	streambuf type_info function
000973d4	__tf7filebuf	filebuf type_info function
0009742c	__tf11_ios_fields	_ios_fields type_info function
00097458	__tf8_IO_FILE	_IO_FILE type_info function
00097488	__tf9exception	exception type_info function
000974c8	__tf13bad_exception	bad_exception type_info function
00097534	__tf9type_info	type_info type_info function
00097574	__tf8bad_cast	bad_cast type_info function
000975c0	__tf10bad_typeid	bad_typeid type_info function
0009760c	_._16__user_type_info	__user_type_info::~__user_type_info(void)
0009763c	__tf16__user_type_info	__user_type_info type_info function
000976a8	_._14__si_type_info	__si_type_info::~__si_type_info(void)
000976d8	__tf14__si_type_info	__si_type_info type_info function
00097774	_._17__class_type_info	__class_type_info::~__class_type_info(void)
000977a4	__tf17__class_type_info	__class_type_info type_info function
00097840	_._19__pointer_type_info	__pointer_type_info::~__pointer_type_info(void)
00097870	__tf19__pointer_type_info	__pointer_type_info type_info function
000978bc	_._16__attr_type_info	__attr_type_info::~__attr_type_info(void)
000978ec	__tf16__attr_type_info	__attr_type_info type_info function
00097938	_._19__builtin_type_info	__builtin_type_info::~__builtin_type_info(void)
00097968	__tf19__builtin_type_info	__builtin_type_info type_info function
000979b4	_._16__func_type_info	__func_type_info::~__func_type_info(void)
000979e4	__tf16__func_type_info	__func_type_info type_info function
00097a30	_._16__ptmf_type_info	__ptmf_type_info::~__ptmf_type_info(void)
00097a60	__tf16__ptmf_type_info	__ptmf_type_info type_info function
00097aac	_._16__ptmd_type_info	__ptmd_type_info::~__ptmd_type_info(void)
00097adc	__tf16__ptmd_type_info	__ptmd_type_info type_info function
00097b28	_._17__array_type_info	__array_type_info::~__array_type_info(void)
00097b58	__tf17__array_type_info	__array_type_info type_info function
00097ba4	_._9bad_alloc	bad_alloc::~bad_alloc(void)
00097bdc	__tf9bad_alloc	bad_alloc type_info function
00097c24	_fini	_fini
