addr	mangled	demangled
00021d94	_init	_init
00022f94	__23cSC3BuildingIncinerator	cSC3BuildingIncinerator::cSC3BuildingIncinerator(void)
000245a4	BecomeDefunctDueToAge__23cSC3BuildingIncinerator	cSC3BuildingIncinerator::BecomeDefunctDueToAge(void)
00024824	DoQueryViews__23cSC3BuildingIncineratorR10cGZMessageP13cISC3WinQuery	cSC3BuildingIncinerator::DoQueryViews(cGZMessage &, cISC3WinQuery *)
00025120	DoStandardQueryViewInfo__23cSC3BuildingIncineratorR10cGZMessageP21cISC3WinQueryListView	cSC3BuildingIncinerator::DoStandardQueryViewInfo(cGZMessage &, cISC3WinQueryListView *)
00027278	doWeeklySim__23cSC3BuildingIncinerator	cSC3BuildingIncinerator::doWeeklySim(void)
000274b0	GetUnusedGarbageCapacity__23cSC3BuildingIncinerator	cSC3BuildingIncinerator::GetUnusedGarbageCapacity(void)
000274d8	HasBirthdate__C23cSC3BuildingIncinerator	cSC3BuildingIncinerator::HasBirthdate(void) const
000274e8	GetBirthdate__C23cSC3BuildingIncineratorR8cIGZDate	cSC3BuildingIncinerator::GetBirthdate(cIGZDate &) const
0002751c	SetBirthdate__23cSC3BuildingIncineratorRC8cIGZDate	cSC3BuildingIncinerator::SetBirthdate(cIGZDate const &)
00027564	SetMaxLifeSpan__23cSC3BuildingIncineratorUi	cSC3BuildingIncinerator::SetMaxLifeSpan(unsigned int)
00027588	GetMaxLifeSpan__23cSC3BuildingIncinerator	cSC3BuildingIncinerator::GetMaxLifeSpan(void)
000275a8	SetDeclineAge__23cSC3BuildingIncineratorUi	cSC3BuildingIncinerator::SetDeclineAge(unsigned int)
000275cc	GetDeclineAge__23cSC3BuildingIncinerator	cSC3BuildingIncinerator::GetDeclineAge(void)
000275e8	Kill__23cSC3BuildingIncinerator	cSC3BuildingIncinerator::Kill(void)
000275f8	IsDead__23cSC3BuildingIncinerator	cSC3BuildingIncinerator::IsDead(void)
0002760c	_._23cSC3BuildingIncinerator	cSC3BuildingIncinerator::~cSC3BuildingIncinerator(void)
00027678	Init__23cSC3BuildingIncineratorP9cISC3CityP19cISC3OccPersistInfo	cSC3BuildingIncinerator::Init(cISC3City *, cISC3OccPersistInfo *)
00027748	Save__23cSC3BuildingIncineratorP9cISC3CityR19cISC3OccPersistInfo	cSC3BuildingIncinerator::Save(cISC3City *, cISC3OccPersistInfo &)
000277f8	GetAge__23cSC3BuildingIncinerator	cSC3BuildingIncinerator::GetAge(void)
0002786c	IsAging__23cSC3BuildingIncinerator	cSC3BuildingIncinerator::IsAging(void)
000278d0	DoDebugQueryViewInfo__23cSC3BuildingIncineratorR10cGZMessageP21cISC3WinQueryListView	cSC3BuildingIncinerator::DoDebugQueryViewInfo(cGZMessage &, cISC3WinQueryListView *)
00027900	GetDailyGarbageCapacity__23cSC3BuildingIncinerator	cSC3BuildingIncinerator::GetDailyGarbageCapacity(void)
00027910	SetDailyGarbageCapacityUsage__23cSC3BuildingIncineratorUi	cSC3BuildingIncinerator::SetDailyGarbageCapacityUsage(unsigned int)
00027928	MinimumExecutionInterval__23cSC3BuildingIncinerator	cSC3BuildingIncinerator::MinimumExecutionInterval(void)
0002795c	Simulate__23cSC3BuildingIncineratori	cSC3BuildingIncinerator::Simulate(int)
000279b8	doMonthlySim__23cSC3BuildingIncinerator	cSC3BuildingIncinerator::doMonthlySim(void)
000279d0	AsISC3Building__23cSC3BuildingIncinerator	cSC3BuildingIncinerator::AsISC3Building(void)
000279dc	AsISC3Occupant__23cSC3BuildingIncinerator	cSC3BuildingIncinerator::AsISC3Occupant(void)
000279f0	AddRef__23cSC3BuildingIncinerator	cSC3BuildingIncinerator::AddRef(void)
00027a1c	Release__23cSC3BuildingIncinerator	cSC3BuildingIncinerator::Release(void)
00027a48	QueryInterface__23cSC3BuildingIncineratorUiPPv	cSC3BuildingIncinerator::QueryInterface(unsigned int, void **)
00027af4	__27cSC3BuildingRecyclingCenter	cSC3BuildingRecyclingCenter::cSC3BuildingRecyclingCenter(void)
00029544	BecomeDefunctDueToAge__27cSC3BuildingRecyclingCenter	cSC3BuildingRecyclingCenter::BecomeDefunctDueToAge(void)
000297c4	DoQueryViews__27cSC3BuildingRecyclingCenterR10cGZMessageP13cISC3WinQuery	cSC3BuildingRecyclingCenter::DoQueryViews(cGZMessage &, cISC3WinQuery *)
0002a0c0	DoStandardQueryViewInfo__27cSC3BuildingRecyclingCenterR10cGZMessageP21cISC3WinQueryListView	cSC3BuildingRecyclingCenter::DoStandardQueryViewInfo(cGZMessage &, cISC3WinQueryListView *)
0002bc58	doWeeklySim__27cSC3BuildingRecyclingCenter	cSC3BuildingRecyclingCenter::doWeeklySim(void)
0002beac	GetPercentReduction__27cSC3BuildingRecyclingCenter	cSC3BuildingRecyclingCenter::GetPercentReduction(void)
0002bebc	GetPopServed__27cSC3BuildingRecyclingCenter	cSC3BuildingRecyclingCenter::GetPopServed(void)
0002becc	HasBirthdate__C27cSC3BuildingRecyclingCenter	cSC3BuildingRecyclingCenter::HasBirthdate(void) const
0002bedc	GetBirthdate__C27cSC3BuildingRecyclingCenterR8cIGZDate	cSC3BuildingRecyclingCenter::GetBirthdate(cIGZDate &) const
0002bf10	SetBirthdate__27cSC3BuildingRecyclingCenterRC8cIGZDate	cSC3BuildingRecyclingCenter::SetBirthdate(cIGZDate const &)
0002bf64	SetMaxLifeSpan__27cSC3BuildingRecyclingCenterUi	cSC3BuildingRecyclingCenter::SetMaxLifeSpan(unsigned int)
0002bf88	GetMaxLifeSpan__27cSC3BuildingRecyclingCenter	cSC3BuildingRecyclingCenter::GetMaxLifeSpan(void)
0002bfa8	SetDeclineAge__27cSC3BuildingRecyclingCenterUi	cSC3BuildingRecyclingCenter::SetDeclineAge(unsigned int)
0002bfcc	GetDeclineAge__27cSC3BuildingRecyclingCenter	cSC3BuildingRecyclingCenter::GetDeclineAge(void)
0002bfe8	Kill__27cSC3BuildingRecyclingCenter	cSC3BuildingRecyclingCenter::Kill(void)
0002bff8	IsDead__27cSC3BuildingRecyclingCenter	cSC3BuildingRecyclingCenter::IsDead(void)
0002c00c	_._27cSC3BuildingRecyclingCenter	cSC3BuildingRecyclingCenter::~cSC3BuildingRecyclingCenter(void)
0002c05c	Init__27cSC3BuildingRecyclingCenterP9cISC3CityP19cISC3OccPersistInfo	cSC3BuildingRecyclingCenter::Init(cISC3City *, cISC3OccPersistInfo *)
0002c10c	Save__27cSC3BuildingRecyclingCenterP9cISC3CityR19cISC3OccPersistInfo	cSC3BuildingRecyclingCenter::Save(cISC3City *, cISC3OccPersistInfo &)
0002c1a0	GetAge__27cSC3BuildingRecyclingCenter	cSC3BuildingRecyclingCenter::GetAge(void)
0002c214	IsAging__27cSC3BuildingRecyclingCenter	cSC3BuildingRecyclingCenter::IsAging(void)
0002c278	DoDebugQueryViewInfo__27cSC3BuildingRecyclingCenterR10cGZMessageP21cISC3WinQueryListView	cSC3BuildingRecyclingCenter::DoDebugQueryViewInfo(cGZMessage &, cISC3WinQueryListView *)
0002c2ac	MinimumExecutionInterval__27cSC3BuildingRecyclingCenter	cSC3BuildingRecyclingCenter::MinimumExecutionInterval(void)
0002c2e0	Simulate__27cSC3BuildingRecyclingCenteri	cSC3BuildingRecyclingCenter::Simulate(int)
0002c338	doMonthlySim__27cSC3BuildingRecyclingCenter	cSC3BuildingRecyclingCenter::doMonthlySim(void)
0002c340	AsISC3Building__27cSC3BuildingRecyclingCenter	cSC3BuildingRecyclingCenter::AsISC3Building(void)
0002c34c	AsISC3Occupant__27cSC3BuildingRecyclingCenter	cSC3BuildingRecyclingCenter::AsISC3Occupant(void)
0002c360	AddRef__27cSC3BuildingRecyclingCenter	cSC3BuildingRecyclingCenter::AddRef(void)
0002c38c	Release__27cSC3BuildingRecyclingCenter	cSC3BuildingRecyclingCenter::Release(void)
0002c3b8	QueryInterface__27cSC3BuildingRecyclingCenterUiPPv	cSC3BuildingRecyclingCenter::QueryInterface(unsigned int, void **)
0002c454	__18cSC3PollutionLayer	cSC3PollutionLayer::cSC3PollutionLayer(void)
0002d4c4	StaticInit__18cSC3PollutionLayerP19cISC3CityDefinition	cSC3PollutionLayer::StaticInit(cISC3CityDefinition *)
00034848	registerAgentModifier__18cSC3PollutionLayerRC9cRZStringT1Pv	cSC3PollutionLayer::registerAgentModifier(cRZString const &, cRZString const &, void *)
00034fd8	Init__18cSC3PollutionLayerP9cISC3City	cSC3PollutionLayer::Init(cISC3City *)
00036744	Init__18cSC3PollutionLayerP9cISC3CityP13cISC2Importer	cSC3PollutionLayer::Init(cISC3City *, cISC2Importer *)
00036970	Init__18cSC3PollutionLayerP9cISC3CityP13cIGZDBSegment	cSC3PollutionLayer::Init(cISC3City *, cIGZDBSegment *)
00037f58	Save__18cSC3PollutionLayerP9cISC3CityP13cIGZDBSegment	cSC3PollutionLayer::Save(cISC3City *, cIGZDBSegment *)
00038cd4	Shutdown__18cSC3PollutionLayer	cSC3PollutionLayer::Shutdown(void)
0003909c	SimulationBegin__18cSC3PollutionLayer	cSC3PollutionLayer::SimulationBegin(void)
000397d8	EndOfMonth__18cSC3PollutionLayer	cSC3PollutionLayer::EndOfMonth(void)
00039c7c	updateHistoryLabels__18cSC3PollutionLayer	cSC3PollutionLayer::updateHistoryLabels(void)
0003a184	calculateRecyclingCenterEffect__18cSC3PollutionLayer	cSC3PollutionLayer::calculateRecyclingCenterEffect(void)
0003a684	QueryInterface__18cSC3PollutionLayerUiPPv	cSC3PollutionLayer::QueryInterface(unsigned int, void **)
0003a7d8	doDailySim__18cSC3PollutionLayer	cSC3PollutionLayer::doDailySim(void)
0003bee4	eatGarbage__18cSC3PollutionLayeriRUiT2	cSC3PollutionLayer::eatGarbage(int, unsigned int &, unsigned int &)
0003c0f8	occupantChanged__18cSC3PollutionLayerQ218cSC3PollutionLayer11tChangeTypeP13cISC3Occupant	cSC3PollutionLayer::occupantChanged(cSC3PollutionLayer::tChangeType, cISC3Occupant *)
0003d0f0	doPollutionEaterChange__18cSC3PollutionLayerP13cISC3OccupantQ218cSC3PollutionLayer11tChangeTypeUi	cSC3PollutionLayer::doPollutionEaterChange(cISC3Occupant *, cSC3PollutionLayer::tChangeType, unsigned int)
0003da64	_._18cSC3PollutionLayer	cSC3PollutionLayer::~cSC3PollutionLayer(void)
0003de70	IsGarbageUncollected__18cSC3PollutionLayer	cSC3PollutionLayer::IsGarbageUncollected(void)
0003de80	GetTotalGarbageUncollected__18cSC3PollutionLayer	cSC3PollutionLayer::GetTotalGarbageUncollected(void)
0003de90	GetAverageAirValue__C18cSC3PollutionLayer	cSC3PollutionLayer::GetAverageAirValue(void) const
0003dea0	GetAverageWaterValue__C18cSC3PollutionLayer	cSC3PollutionLayer::GetAverageWaterValue(void) const
0003deb0	GetAverageGarbageValue__C18cSC3PollutionLayer	cSC3PollutionLayer::GetAverageGarbageValue(void) const
0003dec8	GetMaxExpectedAirValue__C18cSC3PollutionLayer	cSC3PollutionLayer::GetMaxExpectedAirValue(void) const
0003dee8	GetMaxExpectedWaterValue__C18cSC3PollutionLayer	cSC3PollutionLayer::GetMaxExpectedWaterValue(void) const
0003df08	GetMaxExpectedGarbageValue__C18cSC3PollutionLayer	cSC3PollutionLayer::GetMaxExpectedGarbageValue(void) const
0003df24	GetTotalLandfillCapacity__18cSC3PollutionLayer	cSC3PollutionLayer::GetTotalLandfillCapacity(void)
0003df40	GetDailyIncineratorCapacity__18cSC3PollutionLayer	cSC3PollutionLayer::GetDailyIncineratorCapacity(void)
0003df50	GetDailyWasteToEnergyCapacity__18cSC3PollutionLayer	cSC3PollutionLayer::GetDailyWasteToEnergyCapacity(void)
0003df64	GetRecyclingCenterEffect__18cSC3PollutionLayer	cSC3PollutionLayer::GetRecyclingCenterEffect(void)
0003dfa4	GetTotalGarbageProduced__18cSC3PollutionLayer	cSC3PollutionLayer::GetTotalGarbageProduced(void)
0003dfbc	GetTotalGarbageImported__18cSC3PollutionLayer	cSC3PollutionLayer::GetTotalGarbageImported(void)
0003dfd4	GetTotalGarbageExported__18cSC3PollutionLayer	cSC3PollutionLayer::GetTotalGarbageExported(void)
0003dfec	GetTotalGarbageRecycled__18cSC3PollutionLayer	cSC3PollutionLayer::GetTotalGarbageRecycled(void)
0003e004	GetTotalGarbageIncinerated__18cSC3PollutionLayer	cSC3PollutionLayer::GetTotalGarbageIncinerated(void)
0003e01c	GetTotalGarbageConvertedToEnergy__18cSC3PollutionLayer	cSC3PollutionLayer::GetTotalGarbageConvertedToEnergy(void)
0003e034	GetTotalGarbageLandfilled__18cSC3PollutionLayer	cSC3PollutionLayer::GetTotalGarbageLandfilled(void)
0003e04c	GarbagePutInLandfill__18cSC3PollutionLayerUi	cSC3PollutionLayer::GarbagePutInLandfill(unsigned int)
0003e068	GetAgingWaterTreatmentCount__18cSC3PollutionLayer	cSC3PollutionLayer::GetAgingWaterTreatmentCount(void)
0003e078	GetAgingIncineratorCount__18cSC3PollutionLayer	cSC3PollutionLayer::GetAgingIncineratorCount(void)
0003e088	GetAgingRecyclingCenterCount__18cSC3PollutionLayer	cSC3PollutionLayer::GetAgingRecyclingCenterCount(void)
0003e09c	GetGarbageScalingFactor__18cSC3PollutionLayer	cSC3PollutionLayer::GetGarbageScalingFactor(void)
0003e0bc	AddRef__18cSC3PollutionLayer	cSC3PollutionLayer::AddRef(void)
0003e0e8	Release__18cSC3PollutionLayer	cSC3PollutionLayer::Release(void)
0003e110	GetLayerType__18cSC3PollutionLayer	cSC3PollutionLayer::GetLayerType(void)
0003e11c	TypeId__C18cSC3PollutionLayer	cSC3PollutionLayer::TypeId(void) const
0003e128	AgentType__18cSC3PollutionLayer	cSC3PollutionLayer::AgentType(void)
0003e134	SetAgentType__18cSC3PollutionLayerP18cISC3CityAgentType	cSC3PollutionLayer::SetAgentType(cISC3CityAgentType *)
0003e140	IsAgentLocking__18cSC3PollutionLayer	cSC3PollutionLayer::IsAgentLocking(void)
0003e150	Init__18cSC3PollutionLayerP9cISC3CityRCUi	cSC3PollutionLayer::Init(cISC3City *, unsigned int const &)
0003e184	CellCountX__C18cSC3PollutionLayer	cSC3PollutionLayer::CellCountX(void) const
0003e1b0	CellCountZ__C18cSC3PollutionLayer	cSC3PollutionLayer::CellCountZ(void) const
0003e1dc	GetValueSint32__C18cSC3PollutionLayerUiUiRi	cSC3PollutionLayer::GetValueSint32(unsigned int, unsigned int, int &) const
0003e21c	GetValue__C18cSC3PollutionLayerUiUiRUi	cSC3PollutionLayer::GetValue(unsigned int, unsigned int, unsigned int &) const
0003e254	SetValue__18cSC3PollutionLayerUiUiRCUi	cSC3PollutionLayer::SetValue(unsigned int, unsigned int, unsigned int const &)
0003e28c	SetValue__18cSC3PollutionLayerUiUiUiUiRCUi	cSC3PollutionLayer::SetValue(unsigned int, unsigned int, unsigned int, unsigned int, unsigned int const &)
0003e2d0	SetAllCells__18cSC3PollutionLayerRCUi	cSC3PollutionLayer::SetAllCells(unsigned int const &)
0003e300	InBounds__C18cSC3PollutionLayerUiUi	cSC3PollutionLayer::InBounds(unsigned int, unsigned int) const
0003e334	InBounds__C18cSC3PollutionLayerUiUiUiUi	cSC3PollutionLayer::InBounds(unsigned int, unsigned int, unsigned int, unsigned int) const
0003e374	ValidRect__C18cSC3PollutionLayerUiUiUiUi	cSC3PollutionLayer::ValidRect(unsigned int, unsigned int, unsigned int, unsigned int) const
0003e3b4	SerialRead__18cSC3PollutionLayerR18cIGZDBSerialRecord	cSC3PollutionLayer::SerialRead(cIGZDBSerialRecord &)
0003e3e4	SerialWrite__C18cSC3PollutionLayerR18cIGZDBSerialRecord	cSC3PollutionLayer::SerialWrite(cIGZDBSerialRecord &) const
0003e410	DebugInstanceTag__18cSC3PollutionLayerR10cIGZString	cSC3PollutionLayer::DebugInstanceTag(cIGZString &)
0003e41c	OccupantMoved__18cSC3PollutionLayerUiP13cISC3OccupantRC13cSC3CityCoord	cSC3PollutionLayer::OccupantMoved(unsigned int, cISC3Occupant *, cSC3CityCoord const &)
0003e428	CellChangedAll__18cSC3PollutionLayerUi	cSC3PollutionLayer::CellChangedAll(unsigned int)
0003e434	CellChanged__18cSC3PollutionLayerUiUiUi	cSC3PollutionLayer::CellChanged(unsigned int, unsigned int, unsigned int)
0003e440	CellChanged__18cSC3PollutionLayerUiUiUiUiUi	cSC3PollutionLayer::CellChanged(unsigned int, unsigned int, unsigned int, unsigned int, unsigned int)
0003e450	_._16cSC3GarbageValve	cSC3GarbageValve::~cSC3GarbageValve(void)
0003e4a8	StaticShutdown__18cSC3PollutionLayer	cSC3PollutionLayer::StaticShutdown(void)
0003e4f4	SimulationEnd__18cSC3PollutionLayer	cSC3PollutionLayer::SimulationEnd(void)
0003e578	DoMessage__18cSC3PollutionLayerR10cGZMessage	cSC3PollutionLayer::DoMessage(cGZMessage &)
0003e588	EndOfCycle__18cSC3PollutionLayer	cSC3PollutionLayer::EndOfCycle(void)
0003e69c	Simulate__18cSC3PollutionLayeri	cSC3PollutionLayer::Simulate(int)
0003e6ec	MinimumExecutionInterval__18cSC3PollutionLayer	cSC3PollutionLayer::MinimumExecutionInterval(void)
0003e6f8	GetManipulator__18cSC3PollutionLayerRC18cISC3CityAgentTypePP25cISC3CityLayerManipulatorRi	cSC3PollutionLayer::GetManipulator(cISC3CityAgentType const &, cISC3CityLayerManipulator **, int &)
0003e710	IsSaltWater__C18cSC3PollutionLayerUiUi	cSC3PollutionLayer::IsSaltWater(unsigned int, unsigned int) const
0003e74c	IsRadioactive__C18cSC3PollutionLayerUiUi	cSC3PollutionLayer::IsRadioactive(unsigned int, unsigned int) const
0003e788	GetAirValue__C18cSC3PollutionLayerUiUiRUi	cSC3PollutionLayer::GetAirValue(unsigned int, unsigned int, unsigned int &) const
0003e7d0	GetWaterValue__C18cSC3PollutionLayerUiUiRUi	cSC3PollutionLayer::GetWaterValue(unsigned int, unsigned int, unsigned int &) const
0003e814	GetGarbageValue__C18cSC3PollutionLayerUiUiRUi	cSC3PollutionLayer::GetGarbageValue(unsigned int, unsigned int, unsigned int &) const
0003e864	IsAirPolluted__C18cSC3PollutionLayerUiUi	cSC3PollutionLayer::IsAirPolluted(unsigned int, unsigned int) const
0003e8b0	IsWaterPolluted__C18cSC3PollutionLayerUiUi	cSC3PollutionLayer::IsWaterPolluted(unsigned int, unsigned int) const
0003e8fc	IsGarbageAccumulated__C18cSC3PollutionLayerUiUi	cSC3PollutionLayer::IsGarbageAccumulated(unsigned int, unsigned int) const
0003e948	SetIsSaltWater__18cSC3PollutionLayerUiUib	cSC3PollutionLayer::SetIsSaltWater(unsigned int, unsigned int, bool)
0003ea04	SetIsRadioactive__18cSC3PollutionLayerUiUib	cSC3PollutionLayer::SetIsRadioactive(unsigned int, unsigned int, bool)
0003eac4	SetAirValue__18cSC3PollutionLayerUiUiUi	cSC3PollutionLayer::SetAirValue(unsigned int, unsigned int, unsigned int)
0003eba0	SetWaterValue__18cSC3PollutionLayerUiUiUi	cSC3PollutionLayer::SetWaterValue(unsigned int, unsigned int, unsigned int)
0003ec78	SetGarbageValue__18cSC3PollutionLayerUiUiUi	cSC3PollutionLayer::SetGarbageValue(unsigned int, unsigned int, unsigned int)
0003ecf4	GetTotalGarbageProducedLastMonth__18cSC3PollutionLayer	cSC3PollutionLayer::GetTotalGarbageProducedLastMonth(void)
0003ed5c	GetTotalGarbageImportedLastMonth__18cSC3PollutionLayer	cSC3PollutionLayer::GetTotalGarbageImportedLastMonth(void)
0003edc8	GetTotalGarbageExportedLastMonth__18cSC3PollutionLayer	cSC3PollutionLayer::GetTotalGarbageExportedLastMonth(void)
0003ee38	GetTotalGarbageRecycledLastMonth__18cSC3PollutionLayer	cSC3PollutionLayer::GetTotalGarbageRecycledLastMonth(void)
0003eea8	GetTotalGarbageIncineratedLastMonth__18cSC3PollutionLayer	cSC3PollutionLayer::GetTotalGarbageIncineratedLastMonth(void)
0003ef18	GetTotalGarbageConvertedToEnergyLastMonth__18cSC3PollutionLayer	cSC3PollutionLayer::GetTotalGarbageConvertedToEnergyLastMonth(void)
0003ef88	GetTotalGarbageLandfilledLastMonth__18cSC3PollutionLayer	cSC3PollutionLayer::GetTotalGarbageLandfilledLastMonth(void)
0003eff8	GetGarbageBuildingCapacity__18cSC3PollutionLayerUi	cSC3PollutionLayer::GetGarbageBuildingCapacity(unsigned int)
0003f04c	GetAvailableLandfillCapacity__18cSC3PollutionLayer	cSC3PollutionLayer::GetAvailableLandfillCapacity(void)
0003f080	IsActiveLandfill__18cSC3PollutionLayerUiUi	cSC3PollutionLayer::IsActiveLandfill(unsigned int, unsigned int)
0003f0c0	SetIsActiveLandfill__18cSC3PollutionLayerUiUib	cSC3PollutionLayer::SetIsActiveLandfill(unsigned int, unsigned int, bool)
0003f1cc	OccupantInserted__18cSC3PollutionLayerUiP13cISC3Occupant	cSC3PollutionLayer::OccupantInserted(unsigned int, cISC3Occupant *)
0003f1fc	OccupantRemoved__18cSC3PollutionLayerUiP13cISC3Occupant	cSC3PollutionLayer::OccupantRemoved(unsigned int, cISC3Occupant *)
0003f228	OccupantChanged__18cSC3PollutionLayerUiP13cISC3OccupantiPv	cSC3PollutionLayer::OccupantChanged(unsigned int, cISC3Occupant *, int, void *)
0003f238	__16cSC3GarbageValve	cSC3GarbageValve::cSC3GarbageValve(void)
0003f270	QueryValveValue__16cSC3GarbageValve	cSC3GarbageValve::QueryValveValue(void)
0003f298	EndOfMonth__16cSC3GarbageValve	cSC3GarbageValve::EndOfMonth(void)
0003f2d4	AddToSupplyValue__16cSC3GarbageValvei	cSC3GarbageValve::AddToSupplyValue(int)
0003f310	AddToDemandValue__16cSC3GarbageValvei	cSC3GarbageValve::AddToDemandValue(int)
0003f3a4	on_window_create__18cSC3PollutionLayerR10cGZMessageP11cIGZUnknown	cSC3PollutionLayer::on_window_create(cGZMessage &, cIGZUnknown *)
0003f72c	DoStandardQueryViewInfo__18cSC3PollutionLayerR10cGZMessageP21cISC3WinQueryListView	cSC3PollutionLayer::DoStandardQueryViewInfo(cGZMessage &, cISC3WinQueryListView *)
0003fd14	GetInfoStrings__18cSC3PollutionLayerUiUiR10cIGZStringT3UiPb	cSC3PollutionLayer::GetInfoStrings(unsigned int, unsigned int, cIGZString &, cIGZString &, unsigned int, bool *)
00044414	CreateMapSprite__18cSC3PollutionLayerUiUiPPv	cSC3PollutionLayer::CreateMapSprite(unsigned int, unsigned int, void **)
00044694	DoQueryInfo__18cSC3PollutionLayerR10cGZMessageP11cIGZUnknown	cSC3PollutionLayer::DoQueryInfo(cGZMessage &, cIGZUnknown *)
00044758	DebugClassTag__18cSC3PollutionLayerR10cIGZString	cSC3PollutionLayer::DebugClassTag(cIGZString &)
00044764	DebugTypeTag__18cSC3PollutionLayerR10cIGZString	cSC3PollutionLayer::DebugTypeTag(cIGZString &)
00044770	GetInfoStringCount__18cSC3PollutionLayerUi	cSC3PollutionLayer::GetInfoStringCount(unsigned int)
0004477c	GetInfoStrings__18cSC3PollutionLayerUiUiUiUiRUiR10cIGZStringT6	cSC3PollutionLayer::GetInfoStrings(unsigned int, unsigned int, unsigned int, unsigned int, unsigned int &, cIGZString &, cIGZString &)
00044788	DoQueryViews__18cSC3PollutionLayerR10cGZMessageP13cISC3WinQuery	cSC3PollutionLayer::DoQueryViews(cGZMessage &, cISC3WinQuery *)
00044794	DoDebugQueryViewInfo__18cSC3PollutionLayerR10cGZMessageP21cISC3WinQueryListView	cSC3PollutionLayer::DoDebugQueryViewInfo(cGZMessage &, cISC3WinQueryListView *)
000447a0	GetDebugInfoStringCount__18cSC3PollutionLayer	cSC3PollutionLayer::GetDebugInfoStringCount(void)
000447ac	GetDebugInfoStrings__18cSC3PollutionLayerUiUiR10cIGZStringT3Ui	cSC3PollutionLayer::GetDebugInfoStrings(unsigned int, unsigned int, cIGZString &, cIGZString &, unsigned int)
000447b8	GetInfoStringCount__18cSC3PollutionLayer	cSC3PollutionLayer::GetInfoStringCount(void)
000447c4	GetMapSpriteCount__18cSC3PollutionLayer	cSC3PollutionLayer::GetMapSpriteCount(void)
000447d4	GetSpriteIdFromIndex__18cSC3PollutionLayerUiRUi	cSC3PollutionLayer::GetSpriteIdFromIndex(unsigned int, unsigned int &)
0004485c	__25cSC3PollutionAirMapSpriteUiR18cSC3PollutionLayerP10cIGZString	cSC3PollutionAirMapSprite::cSC3PollutionAirMapSprite(unsigned int, cSC3PollutionLayer &, cIGZString *)
0004489c	_._25cSC3PollutionAirMapSprite	cSC3PollutionAirMapSprite::~cSC3PollutionAirMapSprite(void)
000448d4	__27cSC3PollutionWaterMapSpriteUiR18cSC3PollutionLayerP10cIGZString	cSC3PollutionWaterMapSprite::cSC3PollutionWaterMapSprite(unsigned int, cSC3PollutionLayer &, cIGZString *)
00044914	_._27cSC3PollutionWaterMapSprite	cSC3PollutionWaterMapSprite::~cSC3PollutionWaterMapSprite(void)
0004494c	__29cSC3PollutionGarbageMapSpriteUiR18cSC3PollutionLayerP10cIGZString	cSC3PollutionGarbageMapSprite::cSC3PollutionGarbageMapSprite(unsigned int, cSC3PollutionLayer &, cIGZString *)
0004498c	_._29cSC3PollutionGarbageMapSprite	cSC3PollutionGarbageMapSprite::~cSC3PollutionGarbageMapSprite(void)
000449c4	__31cSC3PollutionRadiationMapSpriteUiR18cSC3PollutionLayerP10cIGZString	cSC3PollutionRadiationMapSprite::cSC3PollutionRadiationMapSprite(unsigned int, cSC3PollutionLayer &, cIGZString *)
00044a04	_._31cSC3PollutionRadiationMapSprite	cSC3PollutionRadiationMapSprite::~cSC3PollutionRadiationMapSprite(void)
00044a3c	__22cSC3PollutionMapSpriteUiR18cSC3PollutionLayerP10cIGZString	cSC3PollutionMapSprite::cSC3PollutionMapSprite(unsigned int, cSC3PollutionLayer &, cIGZString *)
00044b10	_._22cSC3PollutionMapSprite	cSC3PollutionMapSprite::~cSC3PollutionMapSprite(void)
00044b64	GetColor__25cSC3PollutionAirMapSpriteUiUiRUi	cSC3PollutionAirMapSprite::GetColor(unsigned int, unsigned int, unsigned int &)
00044c04	GetColor__27cSC3PollutionWaterMapSpriteUiUiRUi	cSC3PollutionWaterMapSprite::GetColor(unsigned int, unsigned int, unsigned int &)
00044ca4	GetColor__29cSC3PollutionGarbageMapSpriteUiUiRUi	cSC3PollutionGarbageMapSprite::GetColor(unsigned int, unsigned int, unsigned int &)
00044d44	GetColor__31cSC3PollutionRadiationMapSpriteUiUiRUi	cSC3PollutionRadiationMapSprite::GetColor(unsigned int, unsigned int, unsigned int &)
00044db4	RZGetCOMDllDirector_SimEco__Fv	RZGetCOMDllDirector_SimEco(void)
00044f64	__17cRZCOMDllDirector	cRZCOMDllDirector::cRZCOMDllDirector(void)
000451f4	_._17cRZCOMDllDirector	cRZCOMDllDirector::~cRZCOMDllDirector(void)
00045334	InitializeCOM__17cRZCOMDllDirectorP7cIGZCOMR10cIGZString	cRZCOMDllDirector::InitializeCOM(cIGZCOM *, cIGZString &)
00045624	OnStart__17cRZCOMDllDirectorP7cIGZCOM	cRZCOMDllDirector::OnStart(cIGZCOM *)
00045780	GetClassObject__17cRZCOMDllDirectorUiUiPPv	cRZCOMDllDirector::GetClassObject(unsigned int, unsigned int, void **)
00045898	EnumClassObjects__17cRZCOMDllDirectorPFUiUiPv_vPv	cRZCOMDllDirector::EnumClassObjects(void (*)(unsigned int, unsigned int, void *), void *)
00045978	AddDirector__17cRZCOMDllDirectorP17cRZCOMDllDirector	cRZCOMDllDirector::AddDirector(cRZCOMDllDirector *)
00045a20	OnUnload__17cRZCOMDllDirector	cRZCOMDllDirector::OnUnload(void)
00045a30	GZCOM__Fv	GZCOM(void)
00045a60	GZDllGetGZCOMDirector	GZDllGetGZCOMDirector
00045a80	QueryInterface__17cRZCOMDllDirectorUiPPv	cRZCOMDllDirector::QueryInterface(unsigned int, void **)
00045afc	FrameWork__17cRZCOMDllDirector	cRZCOMDllDirector::FrameWork(void)
00045b0c	AddRef__17cRZCOMDllDirector	cRZCOMDllDirector::AddRef(void)
00045b28	Release__17cRZCOMDllDirector	cRZCOMDllDirector::Release(void)
00045b50	RemoveRef__17cRZCOMDllDirector	cRZCOMDllDirector::RemoveRef(void)
00045b68	RefCount__17cRZCOMDllDirector	cRZCOMDllDirector::RefCount(void)
00045b7c	ModuleName__17cRZCOMDllDirectorR10cIGZString	cRZCOMDllDirector::ModuleName(cIGZString &)
00045bb0	CanUnloadNow__17cRZCOMDllDirector	cRZCOMDllDirector::CanUnloadNow(void)
00045c08	AddCls__17cRZCOMDllDirectorUiPFv_P11cIGZUnknownUi	cRZCOMDllDirector::AddCls(unsigned int, cIGZUnknown *(*)(void), unsigned int)
00045c5c	AppRegister__17cRZCOMDllDirectorP12cIGZRegistry	cRZCOMDllDirector::AppRegister(cIGZRegistry *)
00045cb4	PreFrameWorkInit__17cRZCOMDllDirector	cRZCOMDllDirector::PreFrameWorkInit(void)
00045cc0	PreAppInit__17cRZCOMDllDirector	cRZCOMDllDirector::PreAppInit(void)
00045ccc	PostAppInit__17cRZCOMDllDirector	cRZCOMDllDirector::PostAppInit(void)
00045cd8	PreAppShutdown__17cRZCOMDllDirector	cRZCOMDllDirector::PreAppShutdown(void)
00045ce4	PostAppShutdown__17cRZCOMDllDirector	cRZCOMDllDirector::PostAppShutdown(void)
00045cf0	PostSystemServiceShutdown__17cRZCOMDllDirector	cRZCOMDllDirector::PostSystemServiceShutdown(void)
00045cfc	AbortiveQuit__17cRZCOMDllDirector	cRZCOMDllDirector::AbortiveQuit(void)
00045d08	OnInstall__17cRZCOMDllDirector	cRZCOMDllDirector::OnInstall(void)
00045d14	GZCOM__17cRZCOMDllDirector	cRZCOMDllDirector::GZCOM(void)
00045d30	__out_of_range__FPCc	__out_of_range(char const *)
00045f98	__length_error__FPCc	__length_error(char const *)
000461f8	__11logic_errorRCt12basic_string3ZcZt18string_char_traits1ZcZt24__default_alloc_template2b1i0	logic_error::logic_error(basic_string<char, string_char_traits<char>, __default_alloc_template<true, 0> > const &)
00046254	what__C11logic_error	logic_error::what(void) const
0004627c	__12domain_errorRCt12basic_string3ZcZt18string_char_traits1ZcZt24__default_alloc_template2b1i0	domain_error::domain_error(basic_string<char, string_char_traits<char>, __default_alloc_template<true, 0> > const &)
000462dc	__16invalid_argumentRCt12basic_string3ZcZt18string_char_traits1ZcZt24__default_alloc_template2b1i0	invalid_argument::invalid_argument(basic_string<char, string_char_traits<char>, __default_alloc_template<true, 0> > const &)
0004633c	__12length_errorRCt12basic_string3ZcZt18string_char_traits1ZcZt24__default_alloc_template2b1i0	length_error::length_error(basic_string<char, string_char_traits<char>, __default_alloc_template<true, 0> > const &)
0004639c	__12out_of_rangeRCt12basic_string3ZcZt18string_char_traits1ZcZt24__default_alloc_template2b1i0	out_of_range::out_of_range(basic_string<char, string_char_traits<char>, __default_alloc_template<true, 0> > const &)
000463fc	__13runtime_errorRCt12basic_string3ZcZt18string_char_traits1ZcZt24__default_alloc_template2b1i0	runtime_error::runtime_error(basic_string<char, string_char_traits<char>, __default_alloc_template<true, 0> > const &)
0004645c	what__C13runtime_error	runtime_error::what(void) const
00046480	__13runtime_error	runtime_error::runtime_error(void)
000464e4	__11range_errorRCt12basic_string3ZcZt18string_char_traits1ZcZt24__default_alloc_template2b1i0	range_error::range_error(basic_string<char, string_char_traits<char>, __default_alloc_template<true, 0> > const &)
0004653c	__14overflow_errorRCt12basic_string3ZcZt18string_char_traits1ZcZt24__default_alloc_template2b1i0	overflow_error::overflow_error(basic_string<char, string_char_traits<char>, __default_alloc_template<true, 0> > const &)
0004659c	__15underflow_errorRCt12basic_string3ZcZt18string_char_traits1ZcZt24__default_alloc_template2b1i0	underflow_error::underflow_error(basic_string<char, string_char_traits<char>, __default_alloc_template<true, 0> > const &)
00046600	__7istreamiP9streambufP7ostream	istream::istream(int, streambuf *, ostream *)
000466b4	skip_ws__FP9streambuf	skip_ws(streambuf *)
000466e8	get__7istreamRc	istream::get(char &)
000467c8	peek__7istream	istream::peek(void)
00046824	ignore__7istreamii	istream::ignore(int, int)
0004691c	read__7istreamPci	istream::read(char *, int)
000469f4	sync__7istream	istream::sync(void)
00046a34	seekg__7istreamx	istream::seekg(long long)
00046a6c	seekg__7istreamxQ23ios8seek_dir	istream::seekg(long long, ios::seek_dir)
00046aac	tellg__7istream	istream::tellg(void)
00046aec	__rs__7istreamRc	istream::operator>>(char &)
00046bd4	__rs__7istreamPc	istream::operator>>(char *)
00046ff0	__rs__7istreamRs	istream::operator>>(short &)
00047034	__rs__7istreamRUs	istream::operator>>(unsigned short &)
00047078	__rs__7istreamRi	istream::operator>>(int &)
000470b8	__rs__7istreamRUi	istream::operator>>(unsigned int &)
000470f8	__rs__7istreamRl	istream::operator>>(long &)
00047138	__rs__7istreamRUl	istream::operator>>(unsigned long &)
00047178	__rs__7istreamRx	istream::operator>>(long long &)
000471c0	__rs__7istreamRUx	istream::operator>>(unsigned long long &)
00047208	__rs__7istreamRb	istream::operator>>(bool &)
00047254	__rs__7istreamRr	istream::operator>>(long double &)
00047328	__rs__7istreamRd	istream::operator>>(double &)
000473f8	__rs__7istreamRf	istream::operator>>(float &)
000474c8	__rs__7istreamP9streambuf	istream::operator>>(streambuf *)
000475cc	__ls__7ostreamc	ostream::operator<<(char)
0004793c	__ls__7ostreami	ostream::operator<<(int)
000479e8	__ls__7ostreamUi	ostream::operator<<(unsigned int)
00047a78	__ls__7ostreaml	ostream::operator<<(long)
00047b24	__ls__7ostreamUl	ostream::operator<<(unsigned long)
00047bb4	__ls__7ostreamx	ostream::operator<<(long long)
00047c68	__ls__7ostreamUx	ostream::operator<<(unsigned long long)
00047cf8	__ls__7ostreamd	ostream::operator<<(double)
00047ea8	__ls__7ostreamr	ostream::operator<<(long double)
0004805c	__ls__7ostreamPCc	ostream::operator<<(char const *)
000481e8	__ls__7ostreamP9streambuf	ostream::operator<<(streambuf *)
00048300	__7ostreamiP9streambufP7ostream	ostream::ostream(int, streambuf *, ostream *)
000483ac	seekp__7ostreamx	ostream::seekp(long long)
000483e4	seekp__7ostreamxQ23ios8seek_dir	ostream::seekp(long long, ios::seek_dir)
00048424	tellp__7ostream	ostream::tellp(void)
00048464	flush__7ostream	ostream::flush(void)
00048494	flush__FR7ostream	flush(ostream &)
000484ac	ws__FR7istream	ws(istream &)
00048588	_skip_ws__7istream	istream::_skip_ws(void)
000485d0	ends__FR7ostream	ends(ostream &)
000485f4	endl__FR7ostream	endl(ostream &)
00048620	lock__FR7istream	lock(istream &)
00048640	unlock__FR7istream	unlock(istream &)
00048660	lock__FR7ostream	lock(ostream &)
00048680	unlock__FR7ostream	unlock(ostream &)
000486a0	write__7ostreamPCci	ostream::write(char const *, int)
00048774	do_osfx__7ostream	ostream::do_osfx(void)
000487c0	__8iostreamiP9streambufP7ostream	iostream::iostream(int, streambuf *, ostream *)
00048884	close__3ios	ios::close(void)
000488c8	skip__7istreami	istream::skip(int)
000488f0	__7ostreami	ostream::ostream(int)
00048950	opfx__7ostream	ostream::opfx(void)
00048994	osfx__7ostream	ostream::osfx(void)
000489c8	put__7ostreamc	ostream::put(char)
000489f0	put__7ostreamUc	ostream::put(unsigned char)
00048a18	put__7ostreamSc	ostream::put(signed char)
00048a40	write__7ostreamPCUci	ostream::write(unsigned char const *, int)
00048a60	write__7ostreamPCSci	ostream::write(signed char const *, int)
00048a80	write__7ostreamPCvi	ostream::write(void const *, int)
00048aa0	__ls__7ostreamUc	ostream::operator<<(unsigned char)
00048abc	__ls__7ostreamSc	ostream::operator<<(signed char)
00048ad8	__ls__7ostreamPCUc	ostream::operator<<(unsigned char const *)
00048af4	__ls__7ostreamPCSc	ostream::operator<<(signed char const *)
00048b10	__ls__7ostreams	ostream::operator<<(short)
00048b2c	__ls__7ostreamUs	ostream::operator<<(unsigned short)
00048b48	__ls__7ostreamb	ostream::operator<<(bool)
00048b64	__ls__7ostreamf	ostream::operator<<(float)
00048b84	__ls__7ostreamPFR7ostream_R7ostream	ostream::operator<<(ostream &(*)(ostream &))
00048b9c	__ls__7ostreamPFR3ios_R3ios	ostream::operator<<(ios &(*)(ios &))
00048bbc	ostreambuf__C7ostream	ostream::ostreambuf(void) const
00048bcc	__7istreami	istream::istream(int)
00048c34	get__7istreamPUcic	istream::get(unsigned char *, int, char)
00048c58	get__7istreamRUc	istream::get(unsigned char &)
00048c74	getline__7istreamPUcic	istream::getline(unsigned char *, int, char)
00048c98	get__7istreamRSc	istream::get(signed char &)
00048cb4	get__7istreamPScic	istream::get(signed char *, int, char)
00048cd8	getline__7istreamPScic	istream::getline(signed char *, int, char)
00048cfc	read__7istreamPUci	istream::read(unsigned char *, int)
00048d1c	read__7istreamPSci	istream::read(signed char *, int)
00048d3c	read__7istreamPvi	istream::read(void *, int)
00048d5c	ipfx__7istreami	istream::ipfx(int)
00048de0	ipfx0__7istream	istream::ipfx0(void)
00048e44	ipfx1__7istream	istream::ipfx1(void)
00048e98	isfx__7istream	istream::isfx(void)
00048eb4	get__7istream	istream::get(void)
00048f38	gcount__7istream	istream::gcount(void)
00048f48	putback__7istreamc	istream::putback(char)
00048f80	unget__7istream	istream::unget(void)
00048fb4	unget__7istreamc	istream::unget(char)
00048fec	istreambuf__C7istream	istream::istreambuf(void) const
00048ffc	__rs__7istreamPUc	istream::operator>>(unsigned char *)
00049018	__rs__7istreamPSc	istream::operator>>(signed char *)
00049034	__rs__7istreamRUc	istream::operator>>(unsigned char &)
00049050	__rs__7istreamRSc	istream::operator>>(signed char &)
0004906c	__rs__7istreamPFR3ios_R3ios	istream::operator>>(ios &(*)(ios &))
0004908c	__rs__7istreamPFR7istream_R7istream	istream::operator>>(istream &(*)(istream &))
000490a4	__8iostreami	iostream::iostream(int)
00049124	__as__22_IO_istream_withassignR22_IO_istream_withassign	_IO_istream_withassign::operator=(_IO_istream_withassign &)
00049140	__as__22_IO_ostream_withassignR22_IO_ostream_withassign	_IO_ostream_withassign::operator=(_IO_ostream_withassign &)
0004915c	dec__FR3ios	dec(ios &)
00049174	hex__FR3ios	hex(ios &)
0004918c	oct__FR3ios	oct(ios &)
000491b0	getline__7istreamPcic	istream::getline(char *, int, char)
0004931c	get__7istreamPcic	istream::get(char *, int, char)
00049428	_sb_readline__FP9streambufRlc	_sb_readline(streambuf *, long &, char)
00049544	gets__7istreamPPcc	istream::gets(char **, char)
00049650	scan__7istreamPCce	istream::scan(char const *,...)
00049728	vscan__7istreamPCcPv	istream::vscan(char const *, void *)
000497f8	vscan__9streambufPCcPvP3ios	streambuf::vscan(char const *, void *, ios *)
00049834	scan__9streambufPCce	streambuf::scan(char const *,...)
00049854	sync_with_stdio__3iosi	ios::sync_with_stdio(int)
00049860	_un_link__9streambuf	streambuf::_un_link(void)
00049878	_link_in__9streambuf	streambuf::_link_in(void)
00049890	switch_to_get_mode__9streambuf	streambuf::switch_to_get_mode(void)
000498a8	free_backup_area__9streambuf	streambuf::free_backup_area(void)
000498c0	__overflow__FP9streambufi	__overflow(streambuf *, int)
000498e0	underflow__9streambuf	streambuf::underflow(void)
000498ec	uflow__9streambuf	streambuf::uflow(void)
00049904	overflow__9streambufi	streambuf::overflow(int)
00049910	xsputn__9streambufPCci	streambuf::xsputn(char const *, int)
00049930	xsgetn__9streambufPci	streambuf::xsgetn(char *, int)
00049950	ignore__9streambufi	streambuf::ignore(int)
000499a0	sync__9streambuf	streambuf::sync(void)
000499ac	pbackfail__9streambufi	streambuf::pbackfail(int)
000499c8	setbuf__9streambufPci	streambuf::setbuf(char *, int)
00049a68	seekpos__9streambufxi	streambuf::seekpos(long long, int)
00049a98	sseekpos__9streambufxi	streambuf::sseekpos(long long, int)
00049ab8	setb__9streambufPcT1i	streambuf::setb(char *, char *, int)
00049adc	doallocate__9streambuf	streambuf::doallocate(void)
00049af4	doallocbuf__9streambuf	streambuf::doallocbuf(void)
00049b0c	__9streambufi	streambuf::streambuf(int)
00049b48	_._9streambuf	streambuf::~streambuf(void)
00049ba8	seekoff__9streambufxQ23ios8seek_diri	streambuf::seekoff(long long, ios::seek_dir, int)
00049bbc	sseekoff__9streambufxQ23ios8seek_diri	streambuf::sseekoff(long long, ios::seek_dir, int)
00049be4	sputbackc__9streambufc	streambuf::sputbackc(char)
00049c00	sungetc__9streambuf	streambuf::sungetc(void)
00049c18	get_column__9streambuf	streambuf::get_column(void)
00049c4c	set_column__9streambufi	streambuf::set_column(int)
00049c60	flush_all__9streambuf	streambuf::flush_all(void)
00049c70	flush_all_linebuffered__9streambuf	streambuf::flush_all_linebuffered(void)
00049c80	sys_stat__9streambufPv	streambuf::sys_stat(void *)
00049c9c	sys_read__9streambufPci	streambuf::sys_read(char *, int)
00049ca8	sys_write__9streambufPCci	streambuf::sys_write(char const *, int)
00049cb4	sys_seek__9streambufxQ23ios8seek_dir	streambuf::sys_seek(long long, ios::seek_dir)
00049cc8	sys_close__9streambuf	streambuf::sys_close(void)
00049cd4	showmanyc__9streambuf	streambuf::showmanyc(void)
00049ce0	imbue__9streambufPv	streambuf::imbue(void *)
00049ce8	__12streammarkerP9streambuf	streammarker::streammarker(streambuf *)
00049d08	_._12streammarker	streammarker::~streammarker(void)
00049d3c	delta__12streammarkerR12streammarker	streammarker::delta(streammarker &)
00049d58	delta__12streammarker	streammarker::delta(void)
00049d70	seekmark__9streambufR12streammarkeri	streambuf::seekmark(streammarker &, int)
00049d90	unsave_markers__9streambuf	streambuf::unsave_markers(void)
00049da8	readable__3ios	ios::readable(void)
00049dc0	writable__3ios	ios::writable(void)
00049dd8	is_open__3ios	ios::is_open(void)
00049dfc	tie__C3ios	ios::tie(void) const
00049e0c	tie__3iosP7ostream	ios::tie(ostream *)
00049e24	fill__C3ios	ios::fill(void) const
00049e34	fill__3iosw	ios::fill(wchar_t)
00049e4c	flags__C3ios	ios::flags(void) const
00049e5c	flags__3iosUl	ios::flags(unsigned long)
00049e74	precision__C3ios	ios::precision(void) const
00049e84	precision__3iosi	ios::precision(int)
00049e9c	setf__3iosUl	ios::setf(unsigned long)
00049eb4	setf__3iosUlUl	ios::setf(unsigned long, unsigned long)
00049ed8	unsetf__3iosUl	ios::unsetf(unsigned long)
00049ef4	width__C3ios	ios::width(void) const
00049f04	width__3iosi	ios::width(int)
00049f1c	_throw_failure__C3ios	ios::_throw_failure(void) const
00049f24	clear__3iosi	ios::clear(int)
00049f40	set__3iosi	ios::set(int)
00049f50	setstate__3iosi	ios::setstate(int)
00049f60	good__C3ios	ios::good(void) const
00049f74	eof__C3ios	ios::eof(void) const
00049f88	fail__C3ios	ios::fail(void) const
00049f9c	bad__C3ios	ios::bad(void) const
00049fb0	rdstate__C3ios	ios::rdstate(void) const
00049fc0	__opPv__C3ios	ios::operator void *(void) const
00049fdc	__nt__C3ios	ios::operator!(void) const
00049ff0	exceptions__C3ios	ios::exceptions(void) const
0004a000	exceptions__3iosi	ios::exceptions(int)
0004a010	rdbuf__C3ios	ios::rdbuf(void) const
0004a01c	rdbuf__3iosP9streambuf	ios::rdbuf(streambuf *)
0004a03c	sync_with_stdio__3ios	ios::sync_with_stdio(void)
0004a050	unset__3ios11state_value	ios::unset(state_value)
0004a064	__Q23ios4Init	ios::Init::Init(void)
0004a070	set_offset__12streammarkeri	streammarker::set_offset(int)
0004a080	saving__12streammarker	streammarker::saving(void)
0004a08c	_vtable__9streambuf	streambuf::_vtable(void)
0004a09c	xchain__9streambuf	streambuf::xchain(void)
0004a0ac	gptr__C9streambuf	streambuf::gptr(void) const
0004a0c8	pptr__C9streambuf	streambuf::pptr(void) const
0004a0d8	egptr__C9streambuf	streambuf::egptr(void) const
0004a0f8	epptr__C9streambuf	streambuf::epptr(void) const
0004a108	pbase__C9streambuf	streambuf::pbase(void) const
0004a118	eback__C9streambuf	streambuf::eback(void) const
0004a138	base__C9streambuf	streambuf::base(void) const
0004a148	ebuf__C9streambuf	streambuf::ebuf(void) const
0004a158	blen__C9streambuf	streambuf::blen(void) const
0004a16c	xput_char__9streambufc	streambuf::xput_char(char)
0004a184	xflags__9streambuf	streambuf::xflags(void)
0004a190	xflags__9streambufi	streambuf::xflags(int)
0004a1a4	xsetflags__9streambufi	streambuf::xsetflags(int)
0004a1b4	xsetflags__9streambufii	streambuf::xsetflags(int, int)
0004a1d0	gbump__9streambufi	streambuf::gbump(int)
0004a1ec	pbump__9streambufi	streambuf::pbump(int)
0004a200	setp__9streambufPcT1	streambuf::setp(char *, char *)
0004a21c	setg__9streambufPcN21	streambuf::setg(char *, char *, char *)
0004a250	shortbuf__9streambuf	streambuf::shortbuf(void)
0004a260	in_backup__9streambuf	streambuf::in_backup(void)
0004a274	Gbase__9streambuf	streambuf::Gbase(void)
0004a28c	eGptr__9streambuf	streambuf::eGptr(void)
0004a2a8	Bbase__9streambuf	streambuf::Bbase(void)
0004a2c8	Bptr__9streambuf	streambuf::Bptr(void)
0004a2d8	eBptr__9streambuf	streambuf::eBptr(void)
0004a2f8	Nbase__9streambuf	streambuf::Nbase(void)
0004a308	eNptr__9streambuf	streambuf::eNptr(void)
0004a318	have_backup__9streambuf	streambuf::have_backup(void)
0004a32c	have_markers__9streambuf	streambuf::have_markers(void)
0004a340	put_mode__9streambuf	streambuf::put_mode(void)
0004a354	pubseekoff__9streambufxQ23ios8seek_diri	streambuf::pubseekoff(long long, ios::seek_dir, int)
0004a37c	pubseekpos__9streambufxi	streambuf::pubseekpos(long long, int)
0004a39c	unbuffered__9streambuf	streambuf::unbuffered(void)
0004a3b0	linebuffered__9streambuf	streambuf::linebuffered(void)
0004a3c4	unbuffered__9streambufi	streambuf::unbuffered(int)
0004a3dc	linebuffered__9streambufi	streambuf::linebuffered(int)
0004a3f8	allocate__9streambuf	streambuf::allocate(void)
0004a424	allocbuf__9streambuf	streambuf::allocbuf(void)
0004a440	in_avail__9streambuf	streambuf::in_avail(void)
0004a454	out_waiting__9streambuf	streambuf::out_waiting(void)
0004a468	sputn__9streambufPCci	streambuf::sputn(char const *, int)
0004a490	padn__9streambufci	streambuf::padn(char, int)
0004a4b0	sgetn__9streambufPci	streambuf::sgetn(char *, int)
0004a4d0	sputc__9streambufi	streambuf::sputc(int)
0004a4ec	sbumpc__9streambuf	streambuf::sbumpc(void)
0004a504	sgetc__9streambuf	streambuf::sgetc(void)
0004a51c	snextc__9streambuf	streambuf::snextc(void)
0004a554	stossc__9streambuf	streambuf::stossc(void)
0004a56c	is_open__C7filebuf	filebuf::is_open(void) const
0004a580	fd__C7filebuf	filebuf::fd(void) const
0004a59c	is_reading__7filebuf	filebuf::is_reading(void)
0004a5d0	cur_ptr__7filebuf	filebuf::cur_ptr(void)
0004a610	file_ptr__7filebuf	filebuf::file_ptr(void)
0004a628	init__3iosP9streambufP7ostream	ios::init(streambuf *, ostream *)
0004a678	__3iosP9streambufP7ostream	ios::ios(streambuf *, ostream *)
0004a6cc	_._3ios	ios::~ios(void)
0004a710	init__7filebuf	filebuf::init(void)
0004a728	__7filebuf	filebuf::filebuf(void)
0004a788	__7filebufi	filebuf::filebuf(int)
0004a7ec	__7filebufiPci	filebuf::filebuf(int, char *, int)
0004a86c	_._7filebuf	filebuf::~filebuf(void)
0004a8c8	open__7filebufPCcii	filebuf::open(char const *, int, int)
0004a978	open__7filebufPCcT1	filebuf::open(char const *, char const *)
0004a998	attach__7filebufi	filebuf::attach(int)
0004a9b4	setbuf__7filebufPci	filebuf::setbuf(char *, int)
0004a9d4	doallocate__7filebuf	filebuf::doallocate(void)
0004a9ec	overflow__7filebufi	filebuf::overflow(int)
0004aa08	underflow__7filebuf	filebuf::underflow(void)
0004aa20	sync__7filebuf	filebuf::sync(void)
0004aa38	seekoff__7filebufxQ23ios8seek_diri	filebuf::seekoff(long long, ios::seek_dir, int)
0004aa60	close__7filebuf	filebuf::close(void)
0004aa84	sys_read__7filebufPci	filebuf::sys_read(char *, int)
0004aaa4	sys_seek__7filebufxQ23ios8seek_dir	filebuf::sys_seek(long long, ios::seek_dir)
0004aac4	sys_write__7filebufPCci	filebuf::sys_write(char const *, int)
0004aae4	sys_stat__7filebufPv	filebuf::sys_stat(void *)
0004ab00	sys_close__7filebuf	filebuf::sys_close(void)
0004ab18	xsputn__7filebufPCci	filebuf::xsputn(char const *, int)
0004ab38	xsgetn__7filebufPci	filebuf::xsgetn(char *, int)
0004ab60	__as__22_IO_istream_withassignR7istream	_IO_istream_withassign::operator=(istream &)
0004abc4	__as__22_IO_ostream_withassignR7ostream	_IO_ostream_withassign::operator=(ostream &)
0004ac24	__default_terminate	__default_terminate
0004ac40	__terminate	__terminate
0004ac68	__throw_type_match	__throw_type_match
0004ac9c	__empty	__empty
0004acf8	__get_eh_context	__get_eh_context
0004ad1c	__get_eh_info	__get_eh_info
0004adcc	__get_dynamic_handler_chain	__get_dynamic_handler_chain
0004adf4	__sjthrow	__sjthrow
0004af04	__sjpopnthrow	__sjpopnthrow
0004affc	__eh_rtime_match	__eh_rtime_match
0004b054	__get_eh_table_version	__get_eh_table_version
0004b064	__get_eh_table_language	__get_eh_table_language
0004b308	__unwinding_cleanup	__unwinding_cleanup
0004b678	__throw	__throw
0004b738	__rethrow	__rethrow
0004b804	__pure_virtual	__pure_virtual
0004b840	__udivdi3	__udivdi3
0004b960	__umoddi3	__umoddi3
0004baf4	terminate__Fv	terminate(void)
0004bb14	__default_unexpected__Fv	__default_unexpected(void)
0004bb30	set_terminate__FPFv_v	set_terminate(void (*)(void))
0004bb58	set_unexpected__FPFv_v	set_unexpected(void (*)(void))
0004bb84	unexpected__Fv	unexpected(void)
0004bba4	__cp_exception_info	__cp_exception_info
0004bbcc	__cp_eh_info	__cp_eh_info
0004bbf0	__start_cp_handler	__start_cp_handler
0004bc1c	__eh_alloc	__eh_alloc
0004bc54	__eh_free	__eh_free
0004bc80	__cplus_type_matcher	__cplus_type_matcher
0004bcec	__cp_push_exception	__cp_push_exception
0004bd60	__cp_pop_exception	__cp_pop_exception
0004be10	__uncatch_exception	__uncatch_exception
0004be40	__check_eh_spec	__check_eh_spec
0004c014	__throw_bad_cast	__throw_bad_cast
0004c0b8	__throw_bad_typeid	__throw_bad_typeid
0004c158	uncaught_exception__Fv	uncaught_exception(void)
0004c18c	what__C9exception	exception::what(void) const
0004c1b4	__9exception	exception::exception(void)
0004c1dc	_._9exception	exception::~exception(void)
0004c214	__13bad_exception	bad_exception::bad_exception(void)
0004c244	_._13bad_exception	bad_exception::~bad_exception(void)
0004cd04	__register_frame_info	__register_frame_info
0004cd50	__register_frame	__register_frame
0004cd88	__register_frame_info_table	__register_frame_info_table
0004cdd0	__register_frame_table	__register_frame_table
0004ce08	__deregister_frame_info	__deregister_frame_info
0004ce70	__deregister_frame	__deregister_frame
0004cea4	__frame_state_for	__frame_state_for
0004d124	__builtin_delete	__builtin_delete
0004d1c4	__builtin_new	__builtin_new
0004d324	__builtin_vec_delete	__builtin_vec_delete
0004d3c4	__builtin_vec_new	__builtin_vec_new
0004d474	_._9type_info	type_info::~type_info(void)
0004d4ac	__eq__C9type_infoRC9type_info	type_info::operator==(type_info const &) const
0004d4f0	__rtti_class	__rtti_class
0004d53c	__rtti_si	__rtti_si
0004d584	__rtti_user	__rtti_user
0004d5bc	dcast__C16__user_type_infoRC9type_infoiPvPC9type_infoT3	__user_type_info::dcast(type_info const &, int, void *, type_info const *, void *) const
0004d5f4	dcast__C14__si_type_infoRC9type_infoiPvPC9type_infoT3	__si_type_info::dcast(type_info const &, int, void *, type_info const *, void *) const
0004d654	dcast__C17__class_type_infoRC9type_infoiPvPC9type_infoT3	__class_type_info::dcast(type_info const &, int, void *, type_info const *, void *) const
0004d7a4	__9type_infoPCc	type_info::type_info(char const *)
0004d7cc	name__C9type_info	type_info::name(void) const
0004d7dc	__ne__C9type_infoRC9type_info	type_info::operator!=(type_info const &) const
0004d80c	__8bad_cast	bad_cast::bad_cast(void)
0004d83c	_._8bad_cast	bad_cast::~bad_cast(void)
0004d87c	__10bad_typeid	bad_typeid::bad_typeid(void)
0004d8ac	_._10bad_typeid	bad_typeid::~bad_typeid(void)
0004d8ec	__16__user_type_infoPCc	__user_type_info::__user_type_info(char const *)
0004d920	__14__si_type_infoPCcRC16__user_type_info	__si_type_info::__si_type_info(char const *, __user_type_info const &)
0004d968	__17__class_type_infoPCcPCQ217__class_type_info9base_infoUi	__class_type_info::__class_type_info(char const *, __class_type_info::base_info const *, unsigned int)
0004d9c4	before__C9type_infoRC9type_info	type_info::before(type_info const &) const
0004d9f8	__throw_type_match_rtti	__throw_type_match_rtti
0004de90	__is_pointer__FPv	__is_pointer(void *)
0004dee4	__rtti_ptr	__rtti_ptr
0004df20	__rtti_attr	__rtti_attr
0004df64	__rtti_func	__rtti_func
0004df9c	__rtti_ptmf	__rtti_ptmf
0004dfd4	__rtti_ptmd	__rtti_ptmd
0004e00c	__rtti_array	__rtti_array
0004e044	__dynamic_cast	__dynamic_cast
0004e098	__tfv	void type_info function
0004e0e0	__tfx	long long type_info function
0004e128	__tfl	long type_info function
0004e170	__tfi	int type_info function
0004e1b8	__tfs	short type_info function
0004e200	__tfb	bool type_info function
0004e248	__tfc	char type_info function
0004e290	__tfw	wchar_t type_info function
0004e2d8	__tfr	long double type_info function
0004e320	__tfd	double type_info function
0004e368	__tff	float type_info function
0004e3b0	__tfUi	unsigned int type_info function
0004e3f8	__tfUl	unsigned long type_info function
0004e440	__tfUx	unsigned long long type_info function
0004e488	__tfUs	unsigned short type_info function
0004e4d0	__tfUc	unsigned char type_info function
0004e518	__tfSc	signed char type_info function
0004e560	set_new_handler__FPFv_v	set_new_handler(void (*)(void))
0004e588	what__C9bad_alloc	bad_alloc::what(void) const
0004e5a8	__nw__FUiPv	operator new(unsigned int, void *)
0004e5c4	__vn__FUiPv	operator new [](unsigned int, void *)
0004e654	_S_chunk_alloc__t24__default_alloc_template2b1i0UiRi	__default_alloc_template<true, 0>::_S_chunk_alloc(unsigned int, int &)
0004e804	clone__Q2t12basic_string3ZcZt18string_char_traits1ZcZt24__default_alloc_template2b1i0_3Rep	basic_string<char, string_char_traits<char>, __default_alloc_template<true, 0> >::Rep::clone(void)
0004ea24	alloc__t12basic_string3ZcZt18string_char_traits1ZcZt24__default_alloc_template2b1i0Uib	basic_string<char, string_char_traits<char>, __default_alloc_template<true, 0> >::alloc(unsigned int, bool)
0004ed04	replace__t12basic_string3ZcZt18string_char_traits1ZcZt24__default_alloc_template2b1i0UiUiUic	basic_string<char, string_char_traits<char>, __default_alloc_template<true, 0> >::replace(unsigned int, unsigned int, unsigned int, char)
0004f0d4	replace__t12basic_string3ZcZt18string_char_traits1ZcZt24__default_alloc_template2b1i0UiUiPCcUi	basic_string<char, string_char_traits<char>, __default_alloc_template<true, 0> >::replace(unsigned int, unsigned int, char const *, unsigned int)
0004f4b4	replace__t12basic_string3ZcZt18string_char_traits1ZcZt24__default_alloc_template2b1i0UiUiRCt12basic_string3ZcZt18string_char_traits1ZcZt24__default_alloc_template2b1i0UiUi	basic_string<char, string_char_traits<char>, __default_alloc_template<true, 0> >::replace(unsigned int, unsigned int, basic_string<char, string_char_traits<char>, __default_alloc_template<true, 0> > const &, unsigned int, unsigned int)
0004f614	replace__H1ZPCc_t12basic_string3ZcZt18string_char_traits1ZcZt24__default_alloc_template2b1i0PcT1X00X00_Rt12basic_string3ZcZt18string_char_traits1ZcZt24__default_alloc_template2b1i0	basic_string<char, string_char_traits<char>, __default_alloc_template<true, 0> > & basic_string<char, string_char_traits<char>, __default_alloc_template<true, 0> >::replace<char const *>(char *, char *, char const *, char const *)
0004fa14	compare__Ct12basic_string3ZcZt18string_char_traits1ZcZt24__default_alloc_template2b1i0RCt12basic_string3ZcZt18string_char_traits1ZcZt24__default_alloc_template2b1i0UiUi	basic_string<char, string_char_traits<char>, __default_alloc_template<true, 0> >::compare(basic_string<char, string_char_traits<char>, __default_alloc_template<true, 0> > const &, unsigned int, unsigned int) const
0004fac4	insert__t6vector2ZUsZt9allocator1ZUsPUsUiRCUs	vector<unsigned short, allocator<unsigned short> >::insert(unsigned short *, unsigned int, unsigned short const &)
0004ff74	insert__t6vector2ZUiZt9allocator1ZUiPUiUiRCUi	vector<unsigned int, allocator<unsigned int> >::insert(unsigned int *, unsigned int, unsigned int const &)
00050424	clear__t10_List_base2ZP27cISC3BuildingWaterTreatmentZt9allocator1ZP27cISC3BuildingWaterTreatment	_List_base<cISC3BuildingWaterTreatment *, allocator<cISC3BuildingWaterTreatment *> >::clear(void)
000504a4	clear__t10_List_base2ZP24cISC3BuildingIncineratorZt9allocator1ZP24cISC3BuildingIncinerator	_List_base<cISC3BuildingIncinerator *, allocator<cISC3BuildingIncinerator *> >::clear(void)
00050524	clear__t10_List_base2ZP28cISC3BuildingRecyclingCenterZt9allocator1ZP28cISC3BuildingRecyclingCenter	_List_base<cISC3BuildingRecyclingCenter *, allocator<cISC3BuildingRecyclingCenter *> >::clear(void)
000505a4	clear__t10_List_base2Zt4pair2ZUiZUiZt9allocator1Zt4pair2ZUiZUi	_List_base<pair<unsigned int, unsigned int>, allocator<pair<unsigned int, unsigned int> > >::clear(void)
00050624	_M_erase__t8_Rb_tree5ZUiZt4pair2ZCUiZQ218cSC3PollutionLayer4_tpeZt10_Select1st1Zt4pair2ZCUiZQ218cSC3PollutionLayer4_tpeZt4less1ZUiZt9allocator1ZQ218cSC3PollutionLayer4_tpePt13_Rb_tree_node1Zt4pair2ZCUiZQ218cSC3PollutionLayer4_tpe	_Rb_tree<unsigned int, pair<unsigned int const, cSC3PollutionLayer::_tpe>, _Select1st<pair<unsigned int const, cSC3PollutionLayer::_tpe> >, less<unsigned int>, allocator<cSC3PollutionLayer::_tpe> >::_M_erase(_Rb_tree_node<pair<unsigned int const, cSC3PollutionLayer::_tpe> > *)
0005069c	__thunk_4_QueryInterface__23cSC3BuildingIncineratorUiPPv	virtual function thunk (delta:-4) for cSC3BuildingIncinerator::QueryInterface(unsigned int, void **)
000506b8	__thunk_4_AddRef__23cSC3BuildingIncinerator	virtual function thunk (delta:-4) for cSC3BuildingIncinerator::AddRef(void)
000506d4	__thunk_4_Release__23cSC3BuildingIncinerator	virtual function thunk (delta:-4) for cSC3BuildingIncinerator::Release(void)
000506f0	__thunk_4_Simulate__23cSC3BuildingIncineratori	virtual function thunk (delta:-4) for cSC3BuildingIncinerator::Simulate(int)
0005070c	__thunk_4_MinimumExecutionInterval__23cSC3BuildingIncinerator	virtual function thunk (delta:-4) for cSC3BuildingIncinerator::MinimumExecutionInterval(void)
00050728	__thunk_4_IsAgentLocking__12cSC3Building	virtual function thunk (delta:-4) for cSC3Building::IsAgentLocking(void)
00050744	__thunk_4_TypeId__C12cSC3Building	virtual function thunk (delta:-4) for cSC3Building::TypeId(void) const
00050760	__thunk_4_AgentType__12cSC3Building	virtual function thunk (delta:-4) for cSC3Building::AgentType(void)
0005077c	__thunk_4_SetAgentType__12cSC3BuildingP18cISC3CityAgentType	virtual function thunk (delta:-4) for cSC3Building::SetAgentType(cISC3CityAgentType *)
00050798	__thunk_4_DebugInstanceTag__12cSC3BuildingR10cIGZString	virtual function thunk (delta:-4) for cSC3Building::DebugInstanceTag(cIGZString &)
000507b4	__thunk_4_DebugClassTag__12cSC3BuildingR10cIGZString	virtual function thunk (delta:-4) for cSC3Building::DebugClassTag(cIGZString &)
000507d0	__thunk_4_DebugTypeTag__12cSC3BuildingR10cIGZString	virtual function thunk (delta:-4) for cSC3Building::DebugTypeTag(cIGZString &)
000507ec	__thunk_44_QueryInterface__23cSC3BuildingIncineratorUiPPv	virtual function thunk (delta:-44) for cSC3BuildingIncinerator::QueryInterface(unsigned int, void **)
00050808	__thunk_44_AddRef__23cSC3BuildingIncinerator	virtual function thunk (delta:-44) for cSC3BuildingIncinerator::AddRef(void)
00050824	__thunk_44_Release__23cSC3BuildingIncinerator	virtual function thunk (delta:-44) for cSC3BuildingIncinerator::Release(void)
00050840	__thunk_44_SetMaxLifeSpan__23cSC3BuildingIncineratorUi	virtual function thunk (delta:-44) for cSC3BuildingIncinerator::SetMaxLifeSpan(unsigned int)
0005085c	__thunk_44_GetMaxLifeSpan__23cSC3BuildingIncinerator	virtual function thunk (delta:-44) for cSC3BuildingIncinerator::GetMaxLifeSpan(void)
00050878	__thunk_44_SetDeclineAge__23cSC3BuildingIncineratorUi	virtual function thunk (delta:-44) for cSC3BuildingIncinerator::SetDeclineAge(unsigned int)
00050894	__thunk_44_GetDeclineAge__23cSC3BuildingIncinerator	virtual function thunk (delta:-44) for cSC3BuildingIncinerator::GetDeclineAge(void)
000508b0	__thunk_44_GetAge__23cSC3BuildingIncinerator	virtual function thunk (delta:-44) for cSC3BuildingIncinerator::GetAge(void)
000508cc	__thunk_44_IsAging__23cSC3BuildingIncinerator	virtual function thunk (delta:-44) for cSC3BuildingIncinerator::IsAging(void)
000508e8	__thunk_44_Kill__23cSC3BuildingIncinerator	virtual function thunk (delta:-44) for cSC3BuildingIncinerator::Kill(void)
00050904	__thunk_44_IsDead__23cSC3BuildingIncinerator	virtual function thunk (delta:-44) for cSC3BuildingIncinerator::IsDead(void)
00050920	__thunk_44_AsISC3Building__23cSC3BuildingIncinerator	virtual function thunk (delta:-44) for cSC3BuildingIncinerator::AsISC3Building(void)
0005093c	__thunk_44_AsISC3Occupant__23cSC3BuildingIncinerator	virtual function thunk (delta:-44) for cSC3BuildingIncinerator::AsISC3Occupant(void)
00050958	__thunk_44_GetDailyGarbageCapacity__23cSC3BuildingIncinerator	virtual function thunk (delta:-44) for cSC3BuildingIncinerator::GetDailyGarbageCapacity(void)
00050974	__thunk_44_GetUnusedGarbageCapacity__23cSC3BuildingIncinerator	virtual function thunk (delta:-44) for cSC3BuildingIncinerator::GetUnusedGarbageCapacity(void)
00050990	__thunk_44_SetDailyGarbageCapacityUsage__23cSC3BuildingIncineratorUi	virtual function thunk (delta:-44) for cSC3BuildingIncinerator::SetDailyGarbageCapacityUsage(unsigned int)
000509ac	__thunk_8_QueryInterface__23cSC3BuildingIncineratorUiPPv	virtual function thunk (delta:-8) for cSC3BuildingIncinerator::QueryInterface(unsigned int, void **)
000509c8	__thunk_8_AddRef__23cSC3BuildingIncinerator	virtual function thunk (delta:-8) for cSC3BuildingIncinerator::AddRef(void)
000509e4	__thunk_8_Release__23cSC3BuildingIncinerator	virtual function thunk (delta:-8) for cSC3BuildingIncinerator::Release(void)
00050a00	__thunk_8_DoMessage__12cSC3BuildingR10cGZMessage	virtual function thunk (delta:-8) for cSC3Building::DoMessage(cGZMessage &)
00050a1c	__thunk_8_DoQueryInfo__12cSC3BuildingR10cGZMessageP11cIGZUnknown	virtual function thunk (delta:-8) for cSC3Building::DoQueryInfo(cGZMessage &, cIGZUnknown *)
00050a38	__thunk_8_Init__12cSC3BuildingP19cISC3OccupantAttrib	virtual function thunk (delta:-8) for cSC3Building::Init(cISC3OccupantAttrib *)
00050a54	__thunk_8_Init__12cSC3BuildingR14cGZResourceKey	virtual function thunk (delta:-8) for cSC3Building::Init(cGZResourceKey &)
00050a70	__thunk_8_Init__23cSC3BuildingIncineratorP9cISC3CityP19cISC3OccPersistInfo	virtual function thunk (delta:-8) for cSC3BuildingIncinerator::Init(cISC3City *, cISC3OccPersistInfo *)
00050a8c	__thunk_8_Shutdown__12cSC3Building	virtual function thunk (delta:-8) for cSC3Building::Shutdown(void)
00050aa8	__thunk_8_Save__23cSC3BuildingIncineratorP9cISC3CityR19cISC3OccPersistInfo	virtual function thunk (delta:-8) for cSC3BuildingIncinerator::Save(cISC3City *, cISC3OccPersistInfo &)
00050ac4	__thunk_8_GetGeomFlag__12cSC3Building	virtual function thunk (delta:-8) for cSC3Building::GetGeomFlag(void)
00050ae0	__thunk_8_AnimType__C22cSC3BuildingStaticAnim	virtual function thunk (delta:-8) for cSC3BuildingStaticAnim::AnimType(void) const
00050afc	__thunk_8_AnimStart__22cSC3BuildingStaticAnim	virtual function thunk (delta:-8) for cSC3BuildingStaticAnim::AnimStart(void)
00050b18	__thunk_8_AnimStop__22cSC3BuildingStaticAnim	virtual function thunk (delta:-8) for cSC3BuildingStaticAnim::AnimStop(void)
00050b34	__thunk_8_GetName__12cSC3BuildingR10cIGZString	virtual function thunk (delta:-8) for cSC3Building::GetName(cIGZString &)
00050b50	__thunk_8_GetAttribData__12cSC3Building	virtual function thunk (delta:-8) for cSC3Building::GetAttribData(void)
00050b6c	__thunk_8_TypeId__C12cSC3Building	virtual function thunk (delta:-8) for cSC3Building::TypeId(void) const
00050b88	__thunk_8_GetSpriteAttrib__12cSC3BuildingUi	virtual function thunk (delta:-8) for cSC3Building::GetSpriteAttrib(unsigned int)
00050ba4	__thunk_8_GetSpriteAttrib__12cSC3Building	virtual function thunk (delta:-8) for cSC3Building::GetSpriteAttrib(void)
00050bc0	__thunk_8_Tick__22cSC3BuildingStaticAnimUi	virtual function thunk (delta:-8) for cSC3BuildingStaticAnim::Tick(unsigned int)
00050bdc	__thunk_8_GetMemUse__C12cSC3Building	virtual function thunk (delta:-8) for cSC3Building::GetMemUse(void) const
00050bf8	__thunk_8_DebugInstanceTag__12cSC3BuildingR10cIGZString	virtual function thunk (delta:-8) for cSC3Building::DebugInstanceTag(cIGZString &)
00050c14	__thunk_8_DebugClassTag__12cSC3BuildingR10cIGZString	virtual function thunk (delta:-8) for cSC3Building::DebugClassTag(cIGZString &)
00050c30	__thunk_8_DebugTypeTag__12cSC3BuildingR10cIGZString	virtual function thunk (delta:-8) for cSC3Building::DebugTypeTag(cIGZString &)
00050c4c	__thunk_8_DoQueryViews__23cSC3BuildingIncineratorR10cGZMessageP13cISC3WinQuery	virtual function thunk (delta:-8) for cSC3BuildingIncinerator::DoQueryViews(cGZMessage &, cISC3WinQuery *)
00050c68	__thunk_8_DoStandardQueryViewInfo__23cSC3BuildingIncineratorR10cGZMessageP21cISC3WinQueryListView	virtual function thunk (delta:-8) for cSC3BuildingIncinerator::DoStandardQueryViewInfo(cGZMessage &, cISC3WinQueryListView *)
00050c84	__thunk_8_DoDebugQueryViewInfo__23cSC3BuildingIncineratorR10cGZMessageP21cISC3WinQueryListView	virtual function thunk (delta:-8) for cSC3BuildingIncinerator::DoDebugQueryViewInfo(cGZMessage &, cISC3WinQueryListView *)
00050ca0	__thunk_8_DoExitQueryWindow__12cSC3BuildingR10cGZMessageP13cISC3WinQuery	virtual function thunk (delta:-8) for cSC3Building::DoExitQueryWindow(cGZMessage &, cISC3WinQuery *)
00050cbc	__thunk_8_SerialRead__12cSC3BuildingP9cISC3CityR18cIGZDBSerialRecord	virtual function thunk (delta:-8) for cSC3Building::SerialRead(cISC3City *, cIGZDBSerialRecord &)
00050cd8	__thunk_8_SerialWrite__12cSC3BuildingP9cISC3CityR18cIGZDBSerialRecord	virtual function thunk (delta:-8) for cSC3Building::SerialWrite(cISC3City *, cIGZDBSerialRecord &)
00050cf4	__thunk_8__._23cSC3BuildingIncinerator	virtual function thunk (delta:-8) for cSC3BuildingIncinerator::~cSC3BuildingIncinerator(void)
00050d10	__thunk_4_QueryInterface__27cSC3BuildingRecyclingCenterUiPPv	virtual function thunk (delta:-4) for cSC3BuildingRecyclingCenter::QueryInterface(unsigned int, void **)
00050d2c	__thunk_4_AddRef__27cSC3BuildingRecyclingCenter	virtual function thunk (delta:-4) for cSC3BuildingRecyclingCenter::AddRef(void)
00050d48	__thunk_4_Release__27cSC3BuildingRecyclingCenter	virtual function thunk (delta:-4) for cSC3BuildingRecyclingCenter::Release(void)
00050d64	__thunk_4_Simulate__27cSC3BuildingRecyclingCenteri	virtual function thunk (delta:-4) for cSC3BuildingRecyclingCenter::Simulate(int)
00050d80	__thunk_4_MinimumExecutionInterval__27cSC3BuildingRecyclingCenter	virtual function thunk (delta:-4) for cSC3BuildingRecyclingCenter::MinimumExecutionInterval(void)
00050d9c	__thunk_44_QueryInterface__27cSC3BuildingRecyclingCenterUiPPv	virtual function thunk (delta:-44) for cSC3BuildingRecyclingCenter::QueryInterface(unsigned int, void **)
00050db8	__thunk_44_AddRef__27cSC3BuildingRecyclingCenter	virtual function thunk (delta:-44) for cSC3BuildingRecyclingCenter::AddRef(void)
00050dd4	__thunk_44_Release__27cSC3BuildingRecyclingCenter	virtual function thunk (delta:-44) for cSC3BuildingRecyclingCenter::Release(void)
00050df0	__thunk_44_SetMaxLifeSpan__27cSC3BuildingRecyclingCenterUi	virtual function thunk (delta:-44) for cSC3BuildingRecyclingCenter::SetMaxLifeSpan(unsigned int)
00050e0c	__thunk_44_GetMaxLifeSpan__27cSC3BuildingRecyclingCenter	virtual function thunk (delta:-44) for cSC3BuildingRecyclingCenter::GetMaxLifeSpan(void)
00050e28	__thunk_44_SetDeclineAge__27cSC3BuildingRecyclingCenterUi	virtual function thunk (delta:-44) for cSC3BuildingRecyclingCenter::SetDeclineAge(unsigned int)
00050e44	__thunk_44_GetDeclineAge__27cSC3BuildingRecyclingCenter	virtual function thunk (delta:-44) for cSC3BuildingRecyclingCenter::GetDeclineAge(void)
00050e60	__thunk_44_GetAge__27cSC3BuildingRecyclingCenter	virtual function thunk (delta:-44) for cSC3BuildingRecyclingCenter::GetAge(void)
00050e7c	__thunk_44_IsAging__27cSC3BuildingRecyclingCenter	virtual function thunk (delta:-44) for cSC3BuildingRecyclingCenter::IsAging(void)
00050e98	__thunk_44_Kill__27cSC3BuildingRecyclingCenter	virtual function thunk (delta:-44) for cSC3BuildingRecyclingCenter::Kill(void)
00050eb4	__thunk_44_IsDead__27cSC3BuildingRecyclingCenter	virtual function thunk (delta:-44) for cSC3BuildingRecyclingCenter::IsDead(void)
00050ed0	__thunk_44_AsISC3Building__27cSC3BuildingRecyclingCenter	virtual function thunk (delta:-44) for cSC3BuildingRecyclingCenter::AsISC3Building(void)
00050eec	__thunk_44_AsISC3Occupant__27cSC3BuildingRecyclingCenter	virtual function thunk (delta:-44) for cSC3BuildingRecyclingCenter::AsISC3Occupant(void)
00050f08	__thunk_44_GetPercentReduction__27cSC3BuildingRecyclingCenter	virtual function thunk (delta:-44) for cSC3BuildingRecyclingCenter::GetPercentReduction(void)
00050f24	__thunk_44_GetPopServed__27cSC3BuildingRecyclingCenter	virtual function thunk (delta:-44) for cSC3BuildingRecyclingCenter::GetPopServed(void)
00050f40	__thunk_8_QueryInterface__27cSC3BuildingRecyclingCenterUiPPv	virtual function thunk (delta:-8) for cSC3BuildingRecyclingCenter::QueryInterface(unsigned int, void **)
00050f5c	__thunk_8_AddRef__27cSC3BuildingRecyclingCenter	virtual function thunk (delta:-8) for cSC3BuildingRecyclingCenter::AddRef(void)
00050f78	__thunk_8_Release__27cSC3BuildingRecyclingCenter	virtual function thunk (delta:-8) for cSC3BuildingRecyclingCenter::Release(void)
00050f94	__thunk_8_Init__27cSC3BuildingRecyclingCenterP9cISC3CityP19cISC3OccPersistInfo	virtual function thunk (delta:-8) for cSC3BuildingRecyclingCenter::Init(cISC3City *, cISC3OccPersistInfo *)
00050fb0	__thunk_8_Save__27cSC3BuildingRecyclingCenterP9cISC3CityR19cISC3OccPersistInfo	virtual function thunk (delta:-8) for cSC3BuildingRecyclingCenter::Save(cISC3City *, cISC3OccPersistInfo &)
00050fcc	__thunk_8_DoQueryViews__27cSC3BuildingRecyclingCenterR10cGZMessageP13cISC3WinQuery	virtual function thunk (delta:-8) for cSC3BuildingRecyclingCenter::DoQueryViews(cGZMessage &, cISC3WinQuery *)
00050fe8	__thunk_8_DoStandardQueryViewInfo__27cSC3BuildingRecyclingCenterR10cGZMessageP21cISC3WinQueryListView	virtual function thunk (delta:-8) for cSC3BuildingRecyclingCenter::DoStandardQueryViewInfo(cGZMessage &, cISC3WinQueryListView *)
00051004	__thunk_8_DoDebugQueryViewInfo__27cSC3BuildingRecyclingCenterR10cGZMessageP21cISC3WinQueryListView	virtual function thunk (delta:-8) for cSC3BuildingRecyclingCenter::DoDebugQueryViewInfo(cGZMessage &, cISC3WinQueryListView *)
00051020	__thunk_8__._27cSC3BuildingRecyclingCenter	virtual function thunk (delta:-8) for cSC3BuildingRecyclingCenter::~cSC3BuildingRecyclingCenter(void)
00051044	erase__t8_Rb_tree5ZUiZt4pair2ZCUiZQ218cSC3PollutionLayer4_tpeZt10_Select1st1Zt4pair2ZCUiZQ218cSC3PollutionLayer4_tpeZt4less1ZUiZt9allocator1ZQ218cSC3PollutionLayer4_tpeGt17_Rb_tree_iterator3Zt4pair2ZCUiZQ218cSC3PollutionLayer4_tpeZRt4pair2ZCUiZQ218cSC3PollutionLayer4_tpeZPt4pair2ZCUiZQ218cSC3PollutionLayer4_tpeT1	_Rb_tree<unsigned int, pair<unsigned int const, cSC3PollutionLayer::_tpe>, _Select1st<pair<unsigned int const, cSC3PollutionLayer::_tpe> >, less<unsigned int>, allocator<cSC3PollutionLayer::_tpe> >::erase(_Rb_tree_iterator<pair<unsigned int const, cSC3PollutionLayer::_tpe>, pair<unsigned int const, cSC3PollutionLayer::_tpe> &, pair<unsigned int const, cSC3PollutionLayer::_tpe> *>, _Rb_tree_iterator<pair<unsigned int const, cSC3PollutionLayer::_tpe>, pair<unsigned int const, cSC3PollutionLayer::_tpe> &, pair<unsigned int const, cSC3PollutionLayer::_tpe> *>)
00051554	_M_insert__t8_Rb_tree5ZUiZt4pair2ZCUiZQ218cSC3PollutionLayer4_tpeZt10_Select1st1Zt4pair2ZCUiZQ218cSC3PollutionLayer4_tpeZt4less1ZUiZt9allocator1ZQ218cSC3PollutionLayer4_tpeP18_Rb_tree_node_baseT1RCt4pair2ZCUiZQ218cSC3PollutionLayer4_tpe	_Rb_tree<unsigned int, pair<unsigned int const, cSC3PollutionLayer::_tpe>, _Select1st<pair<unsigned int const, cSC3PollutionLayer::_tpe> >, less<unsigned int>, allocator<cSC3PollutionLayer::_tpe> >::_M_insert(_Rb_tree_node_base *, _Rb_tree_node_base *, pair<unsigned int const, cSC3PollutionLayer::_tpe> const &)
00051944	insert_unique__t8_Rb_tree5ZUiZt4pair2ZCUiZQ218cSC3PollutionLayer4_tpeZt10_Select1st1Zt4pair2ZCUiZQ218cSC3PollutionLayer4_tpeZt4less1ZUiZt9allocator1ZQ218cSC3PollutionLayer4_tpeRCt4pair2ZCUiZQ218cSC3PollutionLayer4_tpe	_Rb_tree<unsigned int, pair<unsigned int const, cSC3PollutionLayer::_tpe>, _Select1st<pair<unsigned int const, cSC3PollutionLayer::_tpe> >, less<unsigned int>, allocator<cSC3PollutionLayer::_tpe> >::insert_unique(pair<unsigned int const, cSC3PollutionLayer::_tpe> const &)
00051a34	insert_unique__t8_Rb_tree5ZUiZt4pair2ZCUiZQ218cSC3PollutionLayer4_tpeZt10_Select1st1Zt4pair2ZCUiZQ218cSC3PollutionLayer4_tpeZt4less1ZUiZt9allocator1ZQ218cSC3PollutionLayer4_tpeGt17_Rb_tree_iterator3Zt4pair2ZCUiZQ218cSC3PollutionLayer4_tpeZRt4pair2ZCUiZQ218cSC3PollutionLayer4_tpeZPt4pair2ZCUiZQ218cSC3PollutionLayer4_tpeRCt4pair2ZCUiZQ218cSC3PollutionLayer4_tpe	_Rb_tree<unsigned int, pair<unsigned int const, cSC3PollutionLayer::_tpe>, _Select1st<pair<unsigned int const, cSC3PollutionLayer::_tpe> >, less<unsigned int>, allocator<cSC3PollutionLayer::_tpe> >::insert_unique(_Rb_tree_iterator<pair<unsigned int const, cSC3PollutionLayer::_tpe>, pair<unsigned int const, cSC3PollutionLayer::_tpe> &, pair<unsigned int const, cSC3PollutionLayer::_tpe> *>, pair<unsigned int const, cSC3PollutionLayer::_tpe> const &)
00051bb4	erase__t4list2ZP27cISC3BuildingWaterTreatmentZt9allocator1ZP27cISC3BuildingWaterTreatmentGt14_List_iterator3ZP27cISC3BuildingWaterTreatmentZRP27cISC3BuildingWaterTreatmentZPP27cISC3BuildingWaterTreatmentT1	list<cISC3BuildingWaterTreatment *, allocator<cISC3BuildingWaterTreatment *> >::erase(_List_iterator<cISC3BuildingWaterTreatment *, cISC3BuildingWaterTreatment *&, cISC3BuildingWaterTreatment **>, _List_iterator<cISC3BuildingWaterTreatment *, cISC3BuildingWaterTreatment *&, cISC3BuildingWaterTreatment **>)
00051c64	erase__t4list2ZP24cISC3BuildingIncineratorZt9allocator1ZP24cISC3BuildingIncineratorGt14_List_iterator3ZP24cISC3BuildingIncineratorZRP24cISC3BuildingIncineratorZPP24cISC3BuildingIncineratorT1	list<cISC3BuildingIncinerator *, allocator<cISC3BuildingIncinerator *> >::erase(_List_iterator<cISC3BuildingIncinerator *, cISC3BuildingIncinerator *&, cISC3BuildingIncinerator **>, _List_iterator<cISC3BuildingIncinerator *, cISC3BuildingIncinerator *&, cISC3BuildingIncinerator **>)
00051d14	erase__t4list2ZP28cISC3BuildingRecyclingCenterZt9allocator1ZP28cISC3BuildingRecyclingCenterGt14_List_iterator3ZP28cISC3BuildingRecyclingCenterZRP28cISC3BuildingRecyclingCenterZPP28cISC3BuildingRecyclingCenterT1	list<cISC3BuildingRecyclingCenter *, allocator<cISC3BuildingRecyclingCenter *> >::erase(_List_iterator<cISC3BuildingRecyclingCenter *, cISC3BuildingRecyclingCenter *&, cISC3BuildingRecyclingCenter **>, _List_iterator<cISC3BuildingRecyclingCenter *, cISC3BuildingRecyclingCenter *&, cISC3BuildingRecyclingCenter **>)
00051dc0	find__t8_Rb_tree5ZUiZt4pair2ZCUiZQ218cSC3PollutionLayer4_tpeZt10_Select1st1Zt4pair2ZCUiZQ218cSC3PollutionLayer4_tpeZt4less1ZUiZt9allocator1ZQ218cSC3PollutionLayer4_tpeRCUi	_Rb_tree<unsigned int, pair<unsigned int const, cSC3PollutionLayer::_tpe>, _Select1st<pair<unsigned int const, cSC3PollutionLayer::_tpe> >, less<unsigned int>, allocator<cSC3PollutionLayer::_tpe> >::find(unsigned int const &)
00051e24	erase__t8_Rb_tree5ZUiZt4pair2ZCUiZQ218cSC3PollutionLayer4_tpeZt10_Select1st1Zt4pair2ZCUiZQ218cSC3PollutionLayer4_tpeZt4less1ZUiZt9allocator1ZQ218cSC3PollutionLayer4_tpeRCUi	_Rb_tree<unsigned int, pair<unsigned int const, cSC3PollutionLayer::_tpe>, _Select1st<pair<unsigned int const, cSC3PollutionLayer::_tpe> >, less<unsigned int>, allocator<cSC3PollutionLayer::_tpe> >::erase(unsigned int const &)
00051f44	_M_insert_dispatch__H1Zt14_List_iterator3ZP28cISC3BuildingRecyclingCenterZRCP28cISC3BuildingRecyclingCenterZPCP28cISC3BuildingRecyclingCenter_t4list2ZP28cISC3BuildingRecyclingCenterZt9allocator1ZP28cISC3BuildingRecyclingCenterGt14_List_iterator3ZP28cISC3BuildingRecyclingCenterZRP28cISC3BuildingRecyclingCenterZPP28cISC3BuildingRecyclingCenterX00X00G12__false_type_v	void list<cISC3BuildingRecyclingCenter *, allocator<cISC3BuildingRecyclingCenter *> >::_M_insert_dispatch<_List_iterator<cISC3BuildingRecyclingCenter *, cISC3BuildingRecyclingCenter *const &, cISC3BuildingRecyclingCenter *const *> >(_List_iterator<cISC3BuildingRecyclingCenter *, cISC3BuildingRecyclingCenter *&, cISC3BuildingRecyclingCenter **>, _List_iterator<cISC3BuildingRecyclingCenter *, cISC3BuildingRecyclingCenter *const &, cISC3BuildingRecyclingCenter *const *>, _List_iterator<cISC3BuildingRecyclingCenter *, cISC3BuildingRecyclingCenter *const &, cISC3BuildingRecyclingCenter *const *>, __false_type)
00052064	__as__t4list2ZP28cISC3BuildingRecyclingCenterZt9allocator1ZP28cISC3BuildingRecyclingCenterRCt4list2ZP28cISC3BuildingRecyclingCenterZt9allocator1ZP28cISC3BuildingRecyclingCenter	list<cISC3BuildingRecyclingCenter *, allocator<cISC3BuildingRecyclingCenter *> >::operator=(list<cISC3BuildingRecyclingCenter *, allocator<cISC3BuildingRecyclingCenter *> > const &)
00052124	__thunk_48_QueryInterface__18cSC3PollutionLayerUiPPv	virtual function thunk (delta:-48) for cSC3PollutionLayer::QueryInterface(unsigned int, void **)
00052140	__thunk_48_AddRef__18cSC3PollutionLayer	virtual function thunk (delta:-48) for cSC3PollutionLayer::AddRef(void)
0005215c	__thunk_48_Release__18cSC3PollutionLayer	virtual function thunk (delta:-48) for cSC3PollutionLayer::Release(void)
00052178	__thunk_48_CreateMapSprite__18cSC3PollutionLayerUiUiPPv	virtual function thunk (delta:-48) for cSC3PollutionLayer::CreateMapSprite(unsigned int, unsigned int, void **)
00052194	__thunk_48_GetMapSpriteCount__18cSC3PollutionLayer	virtual function thunk (delta:-48) for cSC3PollutionLayer::GetMapSpriteCount(void)
000521b0	__thunk_48_GetSpriteIdFromIndex__18cSC3PollutionLayerUiRUi	virtual function thunk (delta:-48) for cSC3PollutionLayer::GetSpriteIdFromIndex(unsigned int, unsigned int &)
000521cc	__thunk_44_QueryInterface__18cSC3PollutionLayerUiPPv	virtual function thunk (delta:-44) for cSC3PollutionLayer::QueryInterface(unsigned int, void **)
000521e8	__thunk_44_AddRef__18cSC3PollutionLayer	virtual function thunk (delta:-44) for cSC3PollutionLayer::AddRef(void)
00052204	__thunk_44_Release__18cSC3PollutionLayer	virtual function thunk (delta:-44) for cSC3PollutionLayer::Release(void)
00052220	__thunk_44_GetInfoStringCount__18cSC3PollutionLayerUi	virtual function thunk (delta:-44) for cSC3PollutionLayer::GetInfoStringCount(unsigned int)
0005223c	__thunk_44_GetInfoStrings__18cSC3PollutionLayerUiUiUiUiRUiR10cIGZStringT6	virtual function thunk (delta:-44) for cSC3PollutionLayer::GetInfoStrings(unsigned int, unsigned int, unsigned int, unsigned int, unsigned int &, cIGZString &, cIGZString &)
00052258	__thunk_40_QueryInterface__18cSC3PollutionLayerUiPPv	virtual function thunk (delta:-40) for cSC3PollutionLayer::QueryInterface(unsigned int, void **)
00052274	__thunk_40_AddRef__18cSC3PollutionLayer	virtual function thunk (delta:-40) for cSC3PollutionLayer::AddRef(void)
00052290	__thunk_40_Release__18cSC3PollutionLayer	virtual function thunk (delta:-40) for cSC3PollutionLayer::Release(void)
000522ac	__thunk_40_OccupantInserted__18cSC3PollutionLayerUiP13cISC3Occupant	virtual function thunk (delta:-40) for cSC3PollutionLayer::OccupantInserted(unsigned int, cISC3Occupant *)
000522c8	__thunk_40_OccupantRemoved__18cSC3PollutionLayerUiP13cISC3Occupant	virtual function thunk (delta:-40) for cSC3PollutionLayer::OccupantRemoved(unsigned int, cISC3Occupant *)
000522e4	__thunk_40_OccupantMoved__18cSC3PollutionLayerUiP13cISC3OccupantRC13cSC3CityCoord	virtual function thunk (delta:-40) for cSC3PollutionLayer::OccupantMoved(unsigned int, cISC3Occupant *, cSC3CityCoord const &)
00052300	__thunk_40_OccupantChanged__18cSC3PollutionLayerUiP13cISC3OccupantiPv	virtual function thunk (delta:-40) for cSC3PollutionLayer::OccupantChanged(unsigned int, cISC3Occupant *, int, void *)
0005231c	__thunk_40_CellChangedAll__18cSC3PollutionLayerUi	virtual function thunk (delta:-40) for cSC3PollutionLayer::CellChangedAll(unsigned int)
00052338	__thunk_40_CellChanged__18cSC3PollutionLayerUiUiUi	virtual function thunk (delta:-40) for cSC3PollutionLayer::CellChanged(unsigned int, unsigned int, unsigned int)
00052354	__thunk_40_CellChanged__18cSC3PollutionLayerUiUiUiUiUi	virtual function thunk (delta:-40) for cSC3PollutionLayer::CellChanged(unsigned int, unsigned int, unsigned int, unsigned int, unsigned int)
00052370	__thunk_36_QueryInterface__18cSC3PollutionLayerUiPPv	virtual function thunk (delta:-36) for cSC3PollutionLayer::QueryInterface(unsigned int, void **)
0005238c	__thunk_36_AddRef__18cSC3PollutionLayer	virtual function thunk (delta:-36) for cSC3PollutionLayer::AddRef(void)
000523a8	__thunk_36_Release__18cSC3PollutionLayer	virtual function thunk (delta:-36) for cSC3PollutionLayer::Release(void)
000523c4	__thunk_36_Simulate__18cSC3PollutionLayeri	virtual function thunk (delta:-36) for cSC3PollutionLayer::Simulate(int)
000523e0	__thunk_36_MinimumExecutionInterval__18cSC3PollutionLayer	virtual function thunk (delta:-36) for cSC3PollutionLayer::MinimumExecutionInterval(void)
000523fc	__thunk_36_IsAgentLocking__18cSC3PollutionLayer	virtual function thunk (delta:-36) for cSC3PollutionLayer::IsAgentLocking(void)
00052418	__thunk_36_TypeId__C18cSC3PollutionLayer	virtual function thunk (delta:-36) for cSC3PollutionLayer::TypeId(void) const
00052434	__thunk_36_AgentType__18cSC3PollutionLayer	virtual function thunk (delta:-36) for cSC3PollutionLayer::AgentType(void)
00052450	__thunk_36_SetAgentType__18cSC3PollutionLayerP18cISC3CityAgentType	virtual function thunk (delta:-36) for cSC3PollutionLayer::SetAgentType(cISC3CityAgentType *)
0005246c	__thunk_36_DebugInstanceTag__18cSC3PollutionLayerR10cIGZString	virtual function thunk (delta:-36) for cSC3PollutionLayer::DebugInstanceTag(cIGZString &)
00052488	__thunk_36_DebugClassTag__18cSC3PollutionLayerR10cIGZString	virtual function thunk (delta:-36) for cSC3PollutionLayer::DebugClassTag(cIGZString &)
000524a4	__thunk_36_DebugTypeTag__18cSC3PollutionLayerR10cIGZString	virtual function thunk (delta:-36) for cSC3PollutionLayer::DebugTypeTag(cIGZString &)
000524c0	__thunk_28_QueryInterface__18cSC3PollutionLayerUiPPv	virtual function thunk (delta:-28) for cSC3PollutionLayer::QueryInterface(unsigned int, void **)
000524dc	__thunk_28_AddRef__18cSC3PollutionLayer	virtual function thunk (delta:-28) for cSC3PollutionLayer::AddRef(void)
000524f8	__thunk_28_Release__18cSC3PollutionLayer	virtual function thunk (delta:-28) for cSC3PollutionLayer::Release(void)
00052514	__thunk_28_CellCountX__C18cSC3PollutionLayer	virtual function thunk (delta:-28) for cSC3PollutionLayer::CellCountX(void) const
00052530	__thunk_28_CellCountZ__C18cSC3PollutionLayer	virtual function thunk (delta:-28) for cSC3PollutionLayer::CellCountZ(void) const
0005254c	__thunk_28_GetValueSint32__C18cSC3PollutionLayerUiUiRi	virtual function thunk (delta:-28) for cSC3PollutionLayer::GetValueSint32(unsigned int, unsigned int, int &) const
00052568	__thunk_28_InBounds__C18cSC3PollutionLayerUiUi	virtual function thunk (delta:-28) for cSC3PollutionLayer::InBounds(unsigned int, unsigned int) const
00052584	__thunk_28_InBounds__C18cSC3PollutionLayerUiUiUiUi	virtual function thunk (delta:-28) for cSC3PollutionLayer::InBounds(unsigned int, unsigned int, unsigned int, unsigned int) const
000525a0	__thunk_28_ValidRect__C18cSC3PollutionLayerUiUiUiUi	virtual function thunk (delta:-28) for cSC3PollutionLayer::ValidRect(unsigned int, unsigned int, unsigned int, unsigned int) const
000525bc	__thunk_28_SerialRead__18cSC3PollutionLayerR18cIGZDBSerialRecord	virtual function thunk (delta:-28) for cSC3PollutionLayer::SerialRead(cIGZDBSerialRecord &)
000525d8	__thunk_28_SerialWrite__C18cSC3PollutionLayerR18cIGZDBSerialRecord	virtual function thunk (delta:-28) for cSC3PollutionLayer::SerialWrite(cIGZDBSerialRecord &) const
000525f4	__thunk_28_Init__18cSC3PollutionLayerP9cISC3CityRCUi	virtual function thunk (delta:-28) for cSC3PollutionLayer::Init(cISC3City *, unsigned int const &)
00052610	__thunk_28_Shutdown__18cSC3PollutionLayer	virtual function thunk (delta:-28) for cSC3PollutionLayer::Shutdown(void)
0005262c	__thunk_28_GetValue__C18cSC3PollutionLayerUiUiRUi	virtual function thunk (delta:-28) for cSC3PollutionLayer::GetValue(unsigned int, unsigned int, unsigned int &) const
00052648	__thunk_28_SetValue__18cSC3PollutionLayerUiUiRCUi	virtual function thunk (delta:-28) for cSC3PollutionLayer::SetValue(unsigned int, unsigned int, unsigned int const &)
00052664	__thunk_28_SetAllCells__18cSC3PollutionLayerRCUi	virtual function thunk (delta:-28) for cSC3PollutionLayer::SetAllCells(unsigned int const &)
00052680	__thunk_28_SetValue__18cSC3PollutionLayerUiUiUiUiRCUi	virtual function thunk (delta:-28) for cSC3PollutionLayer::SetValue(unsigned int, unsigned int, unsigned int, unsigned int, unsigned int const &)
0005269c	__thunk_28_Init__18cSC3PollutionLayerP9cISC3City	virtual function thunk (delta:-28) for cSC3PollutionLayer::Init(cISC3City *)
000526b8	__thunk_28_SimulationBegin__18cSC3PollutionLayer	virtual function thunk (delta:-28) for cSC3PollutionLayer::SimulationBegin(void)
000526d4	__thunk_28_GetManipulator__18cSC3PollutionLayerRC18cISC3CityAgentTypePP25cISC3CityLayerManipulatorRi	virtual function thunk (delta:-28) for cSC3PollutionLayer::GetManipulator(cISC3CityAgentType const &, cISC3CityLayerManipulator **, int &)
000526f0	__thunk_28_IsSaltWater__C18cSC3PollutionLayerUiUi	virtual function thunk (delta:-28) for cSC3PollutionLayer::IsSaltWater(unsigned int, unsigned int) const
0005270c	__thunk_28_IsRadioactive__C18cSC3PollutionLayerUiUi	virtual function thunk (delta:-28) for cSC3PollutionLayer::IsRadioactive(unsigned int, unsigned int) const
00052728	__thunk_28_GetAirValue__C18cSC3PollutionLayerUiUiRUi	virtual function thunk (delta:-28) for cSC3PollutionLayer::GetAirValue(unsigned int, unsigned int, unsigned int &) const
00052744	__thunk_28_GetWaterValue__C18cSC3PollutionLayerUiUiRUi	virtual function thunk (delta:-28) for cSC3PollutionLayer::GetWaterValue(unsigned int, unsigned int, unsigned int &) const
00052760	__thunk_28_GetGarbageValue__C18cSC3PollutionLayerUiUiRUi	virtual function thunk (delta:-28) for cSC3PollutionLayer::GetGarbageValue(unsigned int, unsigned int, unsigned int &) const
0005277c	__thunk_28_IsAirPolluted__C18cSC3PollutionLayerUiUi	virtual function thunk (delta:-28) for cSC3PollutionLayer::IsAirPolluted(unsigned int, unsigned int) const
00052798	__thunk_28_IsWaterPolluted__C18cSC3PollutionLayerUiUi	virtual function thunk (delta:-28) for cSC3PollutionLayer::IsWaterPolluted(unsigned int, unsigned int) const
000527b4	__thunk_28_IsGarbageAccumulated__C18cSC3PollutionLayerUiUi	virtual function thunk (delta:-28) for cSC3PollutionLayer::IsGarbageAccumulated(unsigned int, unsigned int) const
000527d0	__thunk_28_IsGarbageUncollected__18cSC3PollutionLayer	virtual function thunk (delta:-28) for cSC3PollutionLayer::IsGarbageUncollected(void)
000527ec	__thunk_28_GetTotalGarbageUncollected__18cSC3PollutionLayer	virtual function thunk (delta:-28) for cSC3PollutionLayer::GetTotalGarbageUncollected(void)
00052808	__thunk_28_GetAverageAirValue__C18cSC3PollutionLayer	virtual function thunk (delta:-28) for cSC3PollutionLayer::GetAverageAirValue(void) const
00052824	__thunk_28_GetAverageWaterValue__C18cSC3PollutionLayer	virtual function thunk (delta:-28) for cSC3PollutionLayer::GetAverageWaterValue(void) const
00052840	__thunk_28_GetAverageGarbageValue__C18cSC3PollutionLayer	virtual function thunk (delta:-28) for cSC3PollutionLayer::GetAverageGarbageValue(void) const
0005285c	__thunk_28_GetMaxExpectedAirValue__C18cSC3PollutionLayer	virtual function thunk (delta:-28) for cSC3PollutionLayer::GetMaxExpectedAirValue(void) const
00052878	__thunk_28_GetMaxExpectedWaterValue__C18cSC3PollutionLayer	virtual function thunk (delta:-28) for cSC3PollutionLayer::GetMaxExpectedWaterValue(void) const
00052894	__thunk_28_GetMaxExpectedGarbageValue__C18cSC3PollutionLayer	virtual function thunk (delta:-28) for cSC3PollutionLayer::GetMaxExpectedGarbageValue(void) const
000528b0	__thunk_28_SetIsSaltWater__18cSC3PollutionLayerUiUib	virtual function thunk (delta:-28) for cSC3PollutionLayer::SetIsSaltWater(unsigned int, unsigned int, bool)
000528cc	__thunk_28_SetIsRadioactive__18cSC3PollutionLayerUiUib	virtual function thunk (delta:-28) for cSC3PollutionLayer::SetIsRadioactive(unsigned int, unsigned int, bool)
000528e8	__thunk_28_SetAirValue__18cSC3PollutionLayerUiUiUi	virtual function thunk (delta:-28) for cSC3PollutionLayer::SetAirValue(unsigned int, unsigned int, unsigned int)
00052904	__thunk_28_SetWaterValue__18cSC3PollutionLayerUiUiUi	virtual function thunk (delta:-28) for cSC3PollutionLayer::SetWaterValue(unsigned int, unsigned int, unsigned int)
00052920	__thunk_28_SetGarbageValue__18cSC3PollutionLayerUiUiUi	virtual function thunk (delta:-28) for cSC3PollutionLayer::SetGarbageValue(unsigned int, unsigned int, unsigned int)
0005293c	__thunk_28_GetTotalLandfillCapacity__18cSC3PollutionLayer	virtual function thunk (delta:-28) for cSC3PollutionLayer::GetTotalLandfillCapacity(void)
00052958	__thunk_28_GetAvailableLandfillCapacity__18cSC3PollutionLayer	virtual function thunk (delta:-28) for cSC3PollutionLayer::GetAvailableLandfillCapacity(void)
00052974	__thunk_28_GetDailyIncineratorCapacity__18cSC3PollutionLayer	virtual function thunk (delta:-28) for cSC3PollutionLayer::GetDailyIncineratorCapacity(void)
00052990	__thunk_28_GetDailyWasteToEnergyCapacity__18cSC3PollutionLayer	virtual function thunk (delta:-28) for cSC3PollutionLayer::GetDailyWasteToEnergyCapacity(void)
000529ac	__thunk_28_GetRecyclingCenterEffect__18cSC3PollutionLayer	virtual function thunk (delta:-28) for cSC3PollutionLayer::GetRecyclingCenterEffect(void)
000529c8	__thunk_28_GetTotalGarbageProduced__18cSC3PollutionLayer	virtual function thunk (delta:-28) for cSC3PollutionLayer::GetTotalGarbageProduced(void)
000529e4	__thunk_28_GetTotalGarbageImported__18cSC3PollutionLayer	virtual function thunk (delta:-28) for cSC3PollutionLayer::GetTotalGarbageImported(void)
00052a00	__thunk_28_GetTotalGarbageExported__18cSC3PollutionLayer	virtual function thunk (delta:-28) for cSC3PollutionLayer::GetTotalGarbageExported(void)
00052a1c	__thunk_28_GetTotalGarbageRecycled__18cSC3PollutionLayer	virtual function thunk (delta:-28) for cSC3PollutionLayer::GetTotalGarbageRecycled(void)
00052a38	__thunk_28_GetTotalGarbageIncinerated__18cSC3PollutionLayer	virtual function thunk (delta:-28) for cSC3PollutionLayer::GetTotalGarbageIncinerated(void)
00052a54	__thunk_28_GetTotalGarbageConvertedToEnergy__18cSC3PollutionLayer	virtual function thunk (delta:-28) for cSC3PollutionLayer::GetTotalGarbageConvertedToEnergy(void)
00052a70	__thunk_28_GetTotalGarbageLandfilled__18cSC3PollutionLayer	virtual function thunk (delta:-28) for cSC3PollutionLayer::GetTotalGarbageLandfilled(void)
00052a8c	__thunk_28_GetTotalGarbageProducedLastMonth__18cSC3PollutionLayer	virtual function thunk (delta:-28) for cSC3PollutionLayer::GetTotalGarbageProducedLastMonth(void)
00052aa8	__thunk_28_GetTotalGarbageImportedLastMonth__18cSC3PollutionLayer	virtual function thunk (delta:-28) for cSC3PollutionLayer::GetTotalGarbageImportedLastMonth(void)
00052ac4	__thunk_28_GetTotalGarbageExportedLastMonth__18cSC3PollutionLayer	virtual function thunk (delta:-28) for cSC3PollutionLayer::GetTotalGarbageExportedLastMonth(void)
00052ae0	__thunk_28_GetTotalGarbageRecycledLastMonth__18cSC3PollutionLayer	virtual function thunk (delta:-28) for cSC3PollutionLayer::GetTotalGarbageRecycledLastMonth(void)
00052afc	__thunk_28_GetTotalGarbageIncineratedLastMonth__18cSC3PollutionLayer	virtual function thunk (delta:-28) for cSC3PollutionLayer::GetTotalGarbageIncineratedLastMonth(void)
00052b18	__thunk_28_GetTotalGarbageConvertedToEnergyLastMonth__18cSC3PollutionLayer	virtual function thunk (delta:-28) for cSC3PollutionLayer::GetTotalGarbageConvertedToEnergyLastMonth(void)
00052b34	__thunk_28_GetTotalGarbageLandfilledLastMonth__18cSC3PollutionLayer	virtual function thunk (delta:-28) for cSC3PollutionLayer::GetTotalGarbageLandfilledLastMonth(void)
00052b50	__thunk_28_GetGarbageBuildingCapacity__18cSC3PollutionLayerUi	virtual function thunk (delta:-28) for cSC3PollutionLayer::GetGarbageBuildingCapacity(unsigned int)
00052b6c	__thunk_28_GetAgingWaterTreatmentCount__18cSC3PollutionLayer	virtual function thunk (delta:-28) for cSC3PollutionLayer::GetAgingWaterTreatmentCount(void)
00052b88	__thunk_28_GetAgingIncineratorCount__18cSC3PollutionLayer	virtual function thunk (delta:-28) for cSC3PollutionLayer::GetAgingIncineratorCount(void)
00052ba4	__thunk_28_GetAgingRecyclingCenterCount__18cSC3PollutionLayer	virtual function thunk (delta:-28) for cSC3PollutionLayer::GetAgingRecyclingCenterCount(void)
00052bc0	__thunk_28_GetGarbageScalingFactor__18cSC3PollutionLayer	virtual function thunk (delta:-28) for cSC3PollutionLayer::GetGarbageScalingFactor(void)
00052bdc	__thunk_28_IsActiveLandfill__18cSC3PollutionLayerUiUi	virtual function thunk (delta:-28) for cSC3PollutionLayer::IsActiveLandfill(unsigned int, unsigned int)
00052bf8	__thunk_28_SetIsActiveLandfill__18cSC3PollutionLayerUiUib	virtual function thunk (delta:-28) for cSC3PollutionLayer::SetIsActiveLandfill(unsigned int, unsigned int, bool)
00052c14	__thunk_28_GarbagePutInLandfill__18cSC3PollutionLayerUi	virtual function thunk (delta:-28) for cSC3PollutionLayer::GarbagePutInLandfill(unsigned int)
00052c30	__thunk_32_QueryInterface__18cSC3PollutionLayerUiPPv	virtual function thunk (delta:-32) for cSC3PollutionLayer::QueryInterface(unsigned int, void **)
00052c4c	__thunk_32_AddRef__18cSC3PollutionLayer	virtual function thunk (delta:-32) for cSC3PollutionLayer::AddRef(void)
00052c68	__thunk_32_Release__18cSC3PollutionLayer	virtual function thunk (delta:-32) for cSC3PollutionLayer::Release(void)
00052c84	__thunk_32_DoMessage__18cSC3PollutionLayerR10cGZMessage	virtual function thunk (delta:-32) for cSC3PollutionLayer::DoMessage(cGZMessage &)
00052ca0	__thunk_32_DoQueryInfo__18cSC3PollutionLayerR10cGZMessageP11cIGZUnknown	virtual function thunk (delta:-32) for cSC3PollutionLayer::DoQueryInfo(cGZMessage &, cIGZUnknown *)
00052cbc	__thunk_32_StaticInit__18cSC3PollutionLayerP19cISC3CityDefinition	virtual function thunk (delta:-32) for cSC3PollutionLayer::StaticInit(cISC3CityDefinition *)
00052cd8	__thunk_32_StaticShutdown__18cSC3PollutionLayer	virtual function thunk (delta:-32) for cSC3PollutionLayer::StaticShutdown(void)
00052cf4	__thunk_32_Init__18cSC3PollutionLayerP9cISC3City	virtual function thunk (delta:-32) for cSC3PollutionLayer::Init(cISC3City *)
00052d10	__thunk_32_Init__18cSC3PollutionLayerP9cISC3CityP13cISC2Importer	virtual function thunk (delta:-32) for cSC3PollutionLayer::Init(cISC3City *, cISC2Importer *)
00052d2c	__thunk_32_Init__18cSC3PollutionLayerP9cISC3CityP13cIGZDBSegment	virtual function thunk (delta:-32) for cSC3PollutionLayer::Init(cISC3City *, cIGZDBSegment *)
00052d48	__thunk_32_Save__18cSC3PollutionLayerP9cISC3CityP13cIGZDBSegment	virtual function thunk (delta:-32) for cSC3PollutionLayer::Save(cISC3City *, cIGZDBSegment *)
00052d64	__thunk_32_SimulationBegin__18cSC3PollutionLayer	virtual function thunk (delta:-32) for cSC3PollutionLayer::SimulationBegin(void)
00052d80	__thunk_32_SimulationEnd__18cSC3PollutionLayer	virtual function thunk (delta:-32) for cSC3PollutionLayer::SimulationEnd(void)
00052d9c	__thunk_32_Shutdown__18cSC3PollutionLayer	virtual function thunk (delta:-32) for cSC3PollutionLayer::Shutdown(void)
00052db8	__thunk_32_GetManipulator__18cSC3PollutionLayerRC18cISC3CityAgentTypePP25cISC3CityLayerManipulatorRi	virtual function thunk (delta:-32) for cSC3PollutionLayer::GetManipulator(cISC3CityAgentType const &, cISC3CityLayerManipulator **, int &)
00052dd4	__thunk_32_GetLayerType__18cSC3PollutionLayer	virtual function thunk (delta:-32) for cSC3PollutionLayer::GetLayerType(void)
00052df0	__thunk_32_DebugClassTag__18cSC3PollutionLayerR10cIGZString	virtual function thunk (delta:-32) for cSC3PollutionLayer::DebugClassTag(cIGZString &)
00052e0c	__thunk_32_DebugTypeTag__18cSC3PollutionLayerR10cIGZString	virtual function thunk (delta:-32) for cSC3PollutionLayer::DebugTypeTag(cIGZString &)
00052e2c	__27cRandomIteratorSerializable	cRandomIteratorSerializable::cRandomIteratorSerializable(void)
00052eb8	_._t3map4ZUiZQ218cSC3PollutionLayer4_tpeZt4less1ZUiZt9allocator1ZQ218cSC3PollutionLayer4_tpe	map<unsigned int, cSC3PollutionLayer::_tpe, less<unsigned int>, allocator<cSC3PollutionLayer::_tpe> >::~map(void)
00052f60	_._t20cSC3CityCellMapSized1ZUi	cSC3CityCellMapSized<unsigned int>::~cSC3CityCellMapSized(void)
00052f98	_._t20cSC3CityCellMapSized1Zi	cSC3CityCellMapSized<int>::~cSC3CityCellMapSized(void)
00052fd0	_._t20cSC3CityCellMapSized1Zs	cSC3CityCellMapSized<short>::~cSC3CityCellMapSized(void)
00053008	Shutdown__t15cSC3CityCellMap1ZUs	cSC3CityCellMap<unsigned short>::Shutdown(void)
00053054	_._t15cSC3CityCellMap1ZUs	cSC3CityCellMap<unsigned short>::~cSC3CityCellMap(void)
000530b8	Shutdown__t20cSC3CityCellMapSized1ZUi	cSC3CityCellMapSized<unsigned int>::Shutdown(void)
00053104	__t20cSC3CityCellMapSized1ZUii	cSC3CityCellMapSized<unsigned int>::cSC3CityCellMapSized(int)
00053168	__t20cSC3CityCellMapSized1Zii	cSC3CityCellMapSized<int>::cSC3CityCellMapSized(int)
000531d4	_S_oom_malloc__t23__malloc_alloc_template1i0Ui	__malloc_alloc_template<0>::_S_oom_malloc(unsigned int)
00053254	_S_refill__t24__default_alloc_template2b1i0Ui	__default_alloc_template<true, 0>::_S_refill(unsigned int)
000532e0	__t20cSC3CityCellMapSized1Zsi	cSC3CityCellMapSized<short>::cSC3CityCellMapSized(int)
00053344	__t15cSC3CityCellMap1ZUs	cSC3CityCellMap<unsigned short>::cSC3CityCellMap(void)
00053390	lower_bound__t8_Rb_tree5ZUiZt4pair2ZCUiZQ218cSC3PollutionLayer4_tpeZt10_Select1st1Zt4pair2ZCUiZQ218cSC3PollutionLayer4_tpeZt4less1ZUiZt9allocator1ZQ218cSC3PollutionLayer4_tpeRCUi	_Rb_tree<unsigned int, pair<unsigned int const, cSC3PollutionLayer::_tpe>, _Select1st<pair<unsigned int const, cSC3PollutionLayer::_tpe> >, less<unsigned int>, allocator<cSC3PollutionLayer::_tpe> >::lower_bound(unsigned int const &)
000533cc	Shutdown__t20cSC3CityCellMapSized1Zi	cSC3CityCellMapSized<int>::Shutdown(void)
00053424	Init__t20cSC3CityCellMapSized1ZiP9cISC3CityRCi	cSC3CityCellMapSized<int>::Init(cISC3City *, int const &)
00053590	Shutdown__t20cSC3CityCellMapSized1Zs	cSC3CityCellMapSized<short>::Shutdown(void)
000535e4	Init__t20cSC3CityCellMapSized1ZsP9cISC3CityRCs	cSC3CityCellMapSized<short>::Init(cISC3City *, short const &)
00053754	Init__t15cSC3CityCellMap1ZUsP9cISC3CityRCUs	cSC3CityCellMap<unsigned short>::Init(cISC3City *, unsigned short const &)
000538b4	SerialRead__t15cSC3CityCellMap1ZUsR18cIGZDBSerialRecord	cSC3CityCellMap<unsigned short>::SerialRead(cIGZDBSerialRecord &)
00053910	CellCountX__Ct15cSC3CityCellMap1ZUs	cSC3CityCellMap<unsigned short>::CellCountX(void) const
00053920	CellCountZ__Ct15cSC3CityCellMap1ZUs	cSC3CityCellMap<unsigned short>::CellCountZ(void) const
00053934	SerialRead__t20cSC3CityCellMapSized1ZiR18cIGZDBSerialRecord	cSC3CityCellMapSized<int>::SerialRead(cIGZDBSerialRecord &)
000539a4	SerialRead__t20cSC3CityCellMapSized1ZsR18cIGZDBSerialRecord	cSC3CityCellMapSized<short>::SerialRead(cIGZDBSerialRecord &)
00053a04	SerialWrite__Ct15cSC3CityCellMap1ZUsR18cIGZDBSerialRecord	cSC3CityCellMap<unsigned short>::SerialWrite(cIGZDBSerialRecord &) const
00053a74	SerialWrite__Ct20cSC3CityCellMapSized1ZiR18cIGZDBSerialRecord	cSC3CityCellMapSized<int>::SerialWrite(cIGZDBSerialRecord &) const
00053ae4	SerialWrite__Ct20cSC3CityCellMapSized1ZsR18cIGZDBSerialRecord	cSC3CityCellMapSized<short>::SerialWrite(cIGZDBSerialRecord &) const
00053b54	SetAllCells__t20cSC3CityCellMapSized1ZiRCi	cSC3CityCellMapSized<int>::SetAllCells(int const &)
00053bb4	SetAllCells__t20cSC3CityCellMapSized1ZsRCs	cSC3CityCellMapSized<short>::SetAllCells(short const &)
00053c14	QueryInterface__t20cSC3CityCellMapSized1ZUiUiPPv	cSC3CityCellMapSized<unsigned int>::QueryInterface(unsigned int, void **)
00053c6c	GetValue__Ct20cSC3CityCellMapSized1ZiUiUiRi	cSC3CityCellMapSized<int>::GetValue(unsigned int, unsigned int, int &) const
00053c9c	GetValue__Ct20cSC3CityCellMapSized1ZsUiUiRs	cSC3CityCellMapSized<short>::GetValue(unsigned int, unsigned int, short &) const
00053ccc	SetValue__t20cSC3CityCellMapSized1ZiUiUiRCi	cSC3CityCellMapSized<int>::SetValue(unsigned int, unsigned int, int const &)
00053cfc	SetValue__t20cSC3CityCellMapSized1ZsUiUiRCs	cSC3CityCellMapSized<short>::SetValue(unsigned int, unsigned int, short const &)
00053d34	_._14RandomIterator	RandomIterator::~RandomIterator(void)
00053dd4	QueryInterface__t15cSC3CityCellMap1ZUsUiPPv	cSC3CityCellMap<unsigned short>::QueryInterface(unsigned int, void **)
00053e54	QueryInterface__t20cSC3CityCellMapSized1ZsUiPPv	cSC3CityCellMapSized<short>::QueryInterface(unsigned int, void **)
00053ed4	QueryInterface__t20cSC3CityCellMapSized1ZiUiPPv	cSC3CityCellMapSized<int>::QueryInterface(unsigned int, void **)
00053f54	_._t10cRZCellMap1ZUs	cRZCellMap<unsigned short>::~cRZCellMap(void)
00053fcc	AddRef__t20cSC3CityCellMapSized1ZUi	cSC3CityCellMapSized<unsigned int>::AddRef(void)
00054008	Release__t20cSC3CityCellMapSized1ZUi	cSC3CityCellMapSized<unsigned int>::Release(void)
00054074	Init__t20cSC3CityCellMapSized1ZUiP9cISC3CityRCUi	cSC3CityCellMapSized<unsigned int>::Init(cISC3City *, unsigned int const &)
000541dc	CellCountX__Ct20cSC3CityCellMapSized1ZUi	cSC3CityCellMapSized<unsigned int>::CellCountX(void) const
000541ec	CellCountZ__Ct20cSC3CityCellMapSized1ZUi	cSC3CityCellMapSized<unsigned int>::CellCountZ(void) const
000541fc	GetValue__Ct20cSC3CityCellMapSized1ZUiUiUiRUi	cSC3CityCellMapSized<unsigned int>::GetValue(unsigned int, unsigned int, unsigned int &) const
0005422c	SetValue__t20cSC3CityCellMapSized1ZUiUiUiRCUi	cSC3CityCellMapSized<unsigned int>::SetValue(unsigned int, unsigned int, unsigned int const &)
00054260	SetValue__t20cSC3CityCellMapSized1ZUiUiUiUiUiRCUi	cSC3CityCellMapSized<unsigned int>::SetValue(unsigned int, unsigned int, unsigned int, unsigned int, unsigned int const &)
000542d4	SetAllCells__t20cSC3CityCellMapSized1ZUiRCUi	cSC3CityCellMapSized<unsigned int>::SetAllCells(unsigned int const &)
00054330	InBounds__Ct20cSC3CityCellMapSized1ZUiUiUi	cSC3CityCellMapSized<unsigned int>::InBounds(unsigned int, unsigned int) const
00054384	InBounds__Ct20cSC3CityCellMapSized1ZUiUiUiUiUi	cSC3CityCellMapSized<unsigned int>::InBounds(unsigned int, unsigned int, unsigned int, unsigned int) const
000543e0	ValidRect__Ct20cSC3CityCellMapSized1ZUiUiUiUiUi	cSC3CityCellMapSized<unsigned int>::ValidRect(unsigned int, unsigned int, unsigned int, unsigned int) const
00054404	SerialRead__t20cSC3CityCellMapSized1ZUiR18cIGZDBSerialRecord	cSC3CityCellMapSized<unsigned int>::SerialRead(cIGZDBSerialRecord &)
00054464	SerialWrite__Ct20cSC3CityCellMapSized1ZUiR18cIGZDBSerialRecord	cSC3CityCellMapSized<unsigned int>::SerialWrite(cIGZDBSerialRecord &) const
000544c8	AddRef__t15cSC3CityCellMap1ZUs	cSC3CityCellMap<unsigned short>::AddRef(void)
00054504	AddRef__t20cSC3CityCellMapSized1Zs	cSC3CityCellMapSized<short>::AddRef(void)
00054540	AddRef__t20cSC3CityCellMapSized1Zi	cSC3CityCellMapSized<int>::AddRef(void)
00054584	_._t10cRZCellMap1Zi	cRZCellMap<int>::~cRZCellMap(void)
00054604	_._t10cRZCellMap1Zs	cRZCellMap<short>::~cRZCellMap(void)
00054678	GetValue__Ct15cSC3CityCellMap1ZUsUiUiRUs	cSC3CityCellMap<unsigned short>::GetValue(unsigned int, unsigned int, unsigned short &) const
000546a0	SetValue__t15cSC3CityCellMap1ZUsUiUiRCUs	cSC3CityCellMap<unsigned short>::SetValue(unsigned int, unsigned int, unsigned short const &)
000546cc	Release__t15cSC3CityCellMap1ZUs	cSC3CityCellMap<unsigned short>::Release(void)
00054728	GetValueSint32__Ct15cSC3CityCellMap1ZUsUiUiRi	cSC3CityCellMap<unsigned short>::GetValueSint32(unsigned int, unsigned int, int &) const
00054750	InBounds__Ct15cSC3CityCellMap1ZUsUiUi	cSC3CityCellMap<unsigned short>::InBounds(unsigned int, unsigned int) const
000547a4	InBounds__Ct15cSC3CityCellMap1ZUsUiUiUiUi	cSC3CityCellMap<unsigned short>::InBounds(unsigned int, unsigned int, unsigned int, unsigned int) const
00054800	ValidRect__Ct15cSC3CityCellMap1ZUsUiUiUiUi	cSC3CityCellMap<unsigned short>::ValidRect(unsigned int, unsigned int, unsigned int, unsigned int) const
00054824	SetAllCells__t15cSC3CityCellMap1ZUsRCUs	cSC3CityCellMap<unsigned short>::SetAllCells(unsigned short const &)
00054884	SetValue__t15cSC3CityCellMap1ZUsUiUiUiUiRCUs	cSC3CityCellMap<unsigned short>::SetValue(unsigned int, unsigned int, unsigned int, unsigned int, unsigned short const &)
000548f8	Release__t20cSC3CityCellMapSized1Zs	cSC3CityCellMapSized<short>::Release(void)
00054954	CellCountX__Ct20cSC3CityCellMapSized1Zs	cSC3CityCellMapSized<short>::CellCountX(void) const
00054964	CellCountZ__Ct20cSC3CityCellMapSized1Zs	cSC3CityCellMapSized<short>::CellCountZ(void) const
00054974	GetValueSint32__Ct20cSC3CityCellMapSized1ZsUiUiRi	cSC3CityCellMapSized<short>::GetValueSint32(unsigned int, unsigned int, int &) const
000549a8	InBounds__Ct20cSC3CityCellMapSized1ZsUiUi	cSC3CityCellMapSized<short>::InBounds(unsigned int, unsigned int) const
000549fc	InBounds__Ct20cSC3CityCellMapSized1ZsUiUiUiUi	cSC3CityCellMapSized<short>::InBounds(unsigned int, unsigned int, unsigned int, unsigned int) const
00054a58	ValidRect__Ct20cSC3CityCellMapSized1ZsUiUiUiUi	cSC3CityCellMapSized<short>::ValidRect(unsigned int, unsigned int, unsigned int, unsigned int) const
00054a80	SetValue__t20cSC3CityCellMapSized1ZsUiUiUiUiRCs	cSC3CityCellMapSized<short>::SetValue(unsigned int, unsigned int, unsigned int, unsigned int, short const &)
00054af0	Release__t20cSC3CityCellMapSized1Zi	cSC3CityCellMapSized<int>::Release(void)
00054b4c	CellCountX__Ct20cSC3CityCellMapSized1Zi	cSC3CityCellMapSized<int>::CellCountX(void) const
00054b5c	CellCountZ__Ct20cSC3CityCellMapSized1Zi	cSC3CityCellMapSized<int>::CellCountZ(void) const
00054b6c	GetValueSint32__Ct20cSC3CityCellMapSized1ZiUiUiRi	cSC3CityCellMapSized<int>::GetValueSint32(unsigned int, unsigned int, int &) const
00054ba0	InBounds__Ct20cSC3CityCellMapSized1ZiUiUi	cSC3CityCellMapSized<int>::InBounds(unsigned int, unsigned int) const
00054bf4	InBounds__Ct20cSC3CityCellMapSized1ZiUiUiUiUi	cSC3CityCellMapSized<int>::InBounds(unsigned int, unsigned int, unsigned int, unsigned int) const
00054c50	ValidRect__Ct20cSC3CityCellMapSized1ZiUiUiUiUi	cSC3CityCellMapSized<int>::ValidRect(unsigned int, unsigned int, unsigned int, unsigned int) const
00054c70	SetValue__t20cSC3CityCellMapSized1ZiUiUiUiUiRCi	cSC3CityCellMapSized<int>::SetValue(unsigned int, unsigned int, unsigned int, unsigned int, int const &)
00054cd8	GetValueSint32__Ct20cSC3CityCellMapSized1ZUiUiUiRi	cSC3CityCellMapSized<unsigned int>::GetValueSint32(unsigned int, unsigned int, int &) const
00054d14	_._t10cRZCellMap1ZUi	cRZCellMap<unsigned int>::~cRZCellMap(void)
00054d88	GetDirectorID__C14cSECOMDirector	cSECOMDirector::GetDirectorID(void) const
00054d94	AppRegister__14cSECOMDirectorP12cIGZRegistry	cSECOMDirector::AppRegister(cIGZRegistry *)
00054da4	_._14cSECOMDirector	cSECOMDirector::~cSECOMDirector(void)
00054de4	CreatecSC3PollutionLayer__14cSECOMDirector	cSECOMDirector::CreatecSC3PollutionLayer(void)
00054e64	CreatecSC3BuildingIncinerator__14cSECOMDirector	cSECOMDirector::CreatecSC3BuildingIncinerator(void)
00054ed4	CreatecSC3BuildingRecyclingCenter__14cSECOMDirector	cSECOMDirector::CreatecSC3BuildingRecyclingCenter(void)
00054f44	_M_erase__t8_Rb_tree5Zt4pair2ZCUiZUiZt4pair2ZCt4pair2ZCUiZUiZPFv_P11cIGZUnknownZt10_Select1st1Zt4pair2ZCt4pair2ZCUiZUiZPFv_P11cIGZUnknownZt4less1Zt4pair2ZCUiZUiZt9allocator1ZPFv_P11cIGZUnknownPt13_Rb_tree_node1Zt4pair2ZCt4pair2ZCUiZUiZPFv_P11cIGZUnknown	_Rb_tree<pair<unsigned int const, unsigned int>, pair<pair<unsigned int const, unsigned int> const, cIGZUnknown *(*)(void)>, _Select1st<pair<pair<unsigned int const, unsigned int> const, cIGZUnknown *(*)(void)> >, less<pair<unsigned int const, unsigned int> >, allocator<cIGZUnknown *(*)(void)> >::_M_erase(_Rb_tree_node<pair<pair<unsigned int const, unsigned int> const, cIGZUnknown *(*)(void)> > *)
00054fc4	_M_insert_aux__t6vector2ZP17cRZCOMDllDirectorZt9allocator1ZP17cRZCOMDllDirectorPP17cRZCOMDllDirectorRCP17cRZCOMDllDirector	vector<cRZCOMDllDirector *, allocator<cRZCOMDllDirector *> >::_M_insert_aux(cRZCOMDllDirector **, cRZCOMDllDirector *const &)
000552f4	_M_insert__t8_Rb_tree5Zt4pair2ZCUiZUiZt4pair2ZCt4pair2ZCUiZUiZPFv_P11cIGZUnknownZt10_Select1st1Zt4pair2ZCt4pair2ZCUiZUiZPFv_P11cIGZUnknownZt4less1Zt4pair2ZCUiZUiZt9allocator1ZPFv_P11cIGZUnknownP18_Rb_tree_node_baseT1RCt4pair2ZCt4pair2ZCUiZUiZPFv_P11cIGZUnknown	_Rb_tree<pair<unsigned int const, unsigned int>, pair<pair<unsigned int const, unsigned int> const, cIGZUnknown *(*)(void)>, _Select1st<pair<pair<unsigned int const, unsigned int> const, cIGZUnknown *(*)(void)> >, less<pair<unsigned int const, unsigned int> >, allocator<cIGZUnknown *(*)(void)> >::_M_insert(_Rb_tree_node_base *, _Rb_tree_node_base *, pair<pair<unsigned int const, unsigned int> const, cIGZUnknown *(*)(void)> const &)
00055714	insert_unique__t8_Rb_tree5Zt4pair2ZCUiZUiZt4pair2ZCt4pair2ZCUiZUiZPFv_P11cIGZUnknownZt10_Select1st1Zt4pair2ZCt4pair2ZCUiZUiZPFv_P11cIGZUnknownZt4less1Zt4pair2ZCUiZUiZt9allocator1ZPFv_P11cIGZUnknownRCt4pair2ZCt4pair2ZCUiZUiZPFv_P11cIGZUnknown	_Rb_tree<pair<unsigned int const, unsigned int>, pair<pair<unsigned int const, unsigned int> const, cIGZUnknown *(*)(void)>, _Select1st<pair<pair<unsigned int const, unsigned int> const, cIGZUnknown *(*)(void)> >, less<pair<unsigned int const, unsigned int> >, allocator<cIGZUnknown *(*)(void)> >::insert_unique(pair<pair<unsigned int const, unsigned int> const, cIGZUnknown *(*)(void)> const &)
0005586c	__thunk_4_QueryInterface__17cRZCOMDllDirectorUiPPv	virtual function thunk (delta:-4) for cRZCOMDllDirector::QueryInterface(unsigned int, void **)
00055888	__thunk_4_AddRef__17cRZCOMDllDirector	virtual function thunk (delta:-4) for cRZCOMDllDirector::AddRef(void)
000558a4	__thunk_4_Release__17cRZCOMDllDirector	virtual function thunk (delta:-4) for cRZCOMDllDirector::Release(void)
000558c0	__thunk_4_PreFrameWorkInit__17cRZCOMDllDirector	virtual function thunk (delta:-4) for cRZCOMDllDirector::PreFrameWorkInit(void)
000558dc	__thunk_4_PreAppInit__17cRZCOMDllDirector	virtual function thunk (delta:-4) for cRZCOMDllDirector::PreAppInit(void)
000558f8	__thunk_4_PostAppInit__17cRZCOMDllDirector	virtual function thunk (delta:-4) for cRZCOMDllDirector::PostAppInit(void)
00055914	__thunk_4_PreAppShutdown__17cRZCOMDllDirector	virtual function thunk (delta:-4) for cRZCOMDllDirector::PreAppShutdown(void)
00055930	__thunk_4_PostAppShutdown__17cRZCOMDllDirector	virtual function thunk (delta:-4) for cRZCOMDllDirector::PostAppShutdown(void)
0005594c	__thunk_4_PostSystemServiceShutdown__17cRZCOMDllDirector	virtual function thunk (delta:-4) for cRZCOMDllDirector::PostSystemServiceShutdown(void)
00055968	__thunk_4_AbortiveQuit__17cRZCOMDllDirector	virtual function thunk (delta:-4) for cRZCOMDllDirector::AbortiveQuit(void)
00055984	__thunk_4_OnInstall__17cRZCOMDllDirector	virtual function thunk (delta:-4) for cRZCOMDllDirector::OnInstall(void)
000559a4	_._t3map4Zt4pair2ZCUiZUiZPFv_P11cIGZUnknownZt4less1Zt4pair2ZCUiZUiZt9allocator1ZPFv_P11cIGZUnknown	map<pair<unsigned int const, unsigned int>, cIGZUnknown *(*)(void), less<pair<unsigned int const, unsigned int> >, allocator<cIGZUnknown *(*)(void)> >::~map(void)
00055a50	_._11logic_error	logic_error::~logic_error(void)
00055b00	__11logic_errorRC11logic_error	logic_error::logic_error(logic_error const &)
00055b5c	__tf11logic_error	logic_error type_info function
00055b94	_._12domain_error	domain_error::~domain_error(void)
00055bb0	__tf12domain_error	domain_error type_info function
00055c08	_._16invalid_argument	invalid_argument::~invalid_argument(void)
00055c24	__tf16invalid_argument	invalid_argument type_info function
00055c7c	_._12length_error	length_error::~length_error(void)
00055c98	__tf12length_error	length_error type_info function
00055cf0	_._12out_of_range	out_of_range::~out_of_range(void)
00055d0c	__tf12out_of_range	out_of_range type_info function
00055d70	_._13runtime_error	runtime_error::~runtime_error(void)
00055e14	__tf13runtime_error	runtime_error type_info function
00055e4c	_._11range_error	range_error::~range_error(void)
00055e68	__tf11range_error	range_error type_info function
00055ec0	_._14overflow_error	overflow_error::~overflow_error(void)
00055edc	__tf14overflow_error	overflow_error type_info function
00055f34	_._15underflow_error	underflow_error::~underflow_error(void)
00055f50	__tf15underflow_error	underflow_error type_info function
00055fa8	__thunk_4__._22_IO_ostream_withassign	virtual function thunk (delta:-4) for _IO_ostream_withassign::~_IO_ostream_withassign(void)
00055fb4	__thunk_8__._22_IO_istream_withassign	virtual function thunk (delta:-8) for _IO_istream_withassign::~_IO_istream_withassign(void)
00055fc0	__thunk_12__._8iostream	virtual function thunk (delta:-12) for iostream::~iostream(void)
00055fcc	__thunk_8__._7istream	virtual function thunk (delta:-8) for istream::~istream(void)
00055fd8	__thunk_4__._7ostream	virtual function thunk (delta:-4) for ostream::~ostream(void)
00055fe4	_._8iostream	iostream::~iostream(void)
00056048	_._7ostream	ostream::~ostream(void)
0005609c	__tf7ostream	ostream type_info function
000560d4	_._7istream	istream::~istream(void)
00056128	__tf7istream	istream type_info function
00056160	__tf8iostream	iostream type_info function
000561dc	_._22_IO_istream_withassign	_IO_istream_withassign::~_IO_istream_withassign(void)
00056238	__tf22_IO_istream_withassign	_IO_istream_withassign type_info function
00056290	_._22_IO_ostream_withassign	_IO_ostream_withassign::~_IO_ostream_withassign(void)
000562ec	__tf22_IO_ostream_withassign	_IO_ostream_withassign type_info function
00056344	__tf3ios	ios type_info function
0005637c	__tf9streambuf	streambuf type_info function
000563b4	__tf7filebuf	filebuf type_info function
0005640c	__tf11_ios_fields	_ios_fields type_info function
00056438	__tf8_IO_FILE	_IO_FILE type_info function
00056468	__tf9exception	exception type_info function
000564a8	__tf13bad_exception	bad_exception type_info function
00056514	__tf9type_info	type_info type_info function
00056554	__tf8bad_cast	bad_cast type_info function
000565a0	__tf10bad_typeid	bad_typeid type_info function
000565ec	_._16__user_type_info	__user_type_info::~__user_type_info(void)
0005661c	__tf16__user_type_info	__user_type_info type_info function
00056688	_._14__si_type_info	__si_type_info::~__si_type_info(void)
000566b8	__tf14__si_type_info	__si_type_info type_info function
00056754	_._17__class_type_info	__class_type_info::~__class_type_info(void)
00056784	__tf17__class_type_info	__class_type_info type_info function
00056820	_._19__pointer_type_info	__pointer_type_info::~__pointer_type_info(void)
00056850	__tf19__pointer_type_info	__pointer_type_info type_info function
0005689c	_._16__attr_type_info	__attr_type_info::~__attr_type_info(void)
000568cc	__tf16__attr_type_info	__attr_type_info type_info function
00056918	_._19__builtin_type_info	__builtin_type_info::~__builtin_type_info(void)
00056948	__tf19__builtin_type_info	__builtin_type_info type_info function
00056994	_._16__func_type_info	__func_type_info::~__func_type_info(void)
000569c4	__tf16__func_type_info	__func_type_info type_info function
00056a10	_._16__ptmf_type_info	__ptmf_type_info::~__ptmf_type_info(void)
00056a40	__tf16__ptmf_type_info	__ptmf_type_info type_info function
00056a8c	_._16__ptmd_type_info	__ptmd_type_info::~__ptmd_type_info(void)
00056abc	__tf16__ptmd_type_info	__ptmd_type_info type_info function
00056b08	_._17__array_type_info	__array_type_info::~__array_type_info(void)
00056b38	__tf17__array_type_info	__array_type_info type_info function
00056b84	_._9bad_alloc	bad_alloc::~bad_alloc(void)
00056bbc	__tf9bad_alloc	bad_alloc type_info function
00056c04	_fini	_fini
