addr	mangled	demangled
0002bfb8	_init	_init
0002d444	__26cSC3BuildingWaterTreatment	cSC3BuildingWaterTreatment::cSC3BuildingWaterTreatment(void)
0002ea28	BecomeDefunctDueToAge__26cSC3BuildingWaterTreatment	cSC3BuildingWaterTreatment::BecomeDefunctDueToAge(void)
0002ed74	DoQueryViews__26cSC3BuildingWaterTreatmentR10cGZMessageP13cISC3WinQuery	cSC3BuildingWaterTreatment::DoQueryViews(cGZMessage &, cISC3WinQuery *)
0002f3e0	DoStandardQueryViewInfo__26cSC3BuildingWaterTreatmentR10cGZMessageP21cISC3WinQueryListView	cSC3BuildingWaterTreatment::DoStandardQueryViewInfo(cGZMessage &, cISC3WinQueryListView *)
000319c4	doWeeklySim__26cSC3BuildingWaterTreatment	cSC3BuildingWaterTreatment::doWeeklySim(void)
00031b64	GetUnusedCapacity__26cSC3BuildingWaterTreatment	cSC3BuildingWaterTreatment::GetUnusedCapacity(void)
00031b88	HasBirthdate__C26cSC3BuildingWaterTreatment	cSC3BuildingWaterTreatment::HasBirthdate(void) const
00031b98	GetBirthdate__C26cSC3BuildingWaterTreatmentR8cIGZDate	cSC3BuildingWaterTreatment::GetBirthdate(cIGZDate &) const
00031bcc	SetBirthdate__26cSC3BuildingWaterTreatmentRC8cIGZDate	cSC3BuildingWaterTreatment::SetBirthdate(cIGZDate const &)
00031c14	SetMaxLifeSpan__26cSC3BuildingWaterTreatmentUi	cSC3BuildingWaterTreatment::SetMaxLifeSpan(unsigned int)
00031c38	GetMaxLifeSpan__26cSC3BuildingWaterTreatment	cSC3BuildingWaterTreatment::GetMaxLifeSpan(void)
00031c58	SetDeclineAge__26cSC3BuildingWaterTreatmentUi	cSC3BuildingWaterTreatment::SetDeclineAge(unsigned int)
00031c7c	GetDeclineAge__26cSC3BuildingWaterTreatment	cSC3BuildingWaterTreatment::GetDeclineAge(void)
00031c98	Kill__26cSC3BuildingWaterTreatment	cSC3BuildingWaterTreatment::Kill(void)
00031ca8	IsDead__26cSC3BuildingWaterTreatment	cSC3BuildingWaterTreatment::IsDead(void)
00031cbc	_._26cSC3BuildingWaterTreatment	cSC3BuildingWaterTreatment::~cSC3BuildingWaterTreatment(void)
00031d0c	Init__26cSC3BuildingWaterTreatmentP19cISC3OccupantAttrib	cSC3BuildingWaterTreatment::Init(cISC3OccupantAttrib *)
00031d90	Shutdown__26cSC3BuildingWaterTreatment	cSC3BuildingWaterTreatment::Shutdown(void)
00031dd4	GetSpriteInst__26cSC3BuildingWaterTreatmentUi	cSC3BuildingWaterTreatment::GetSpriteInst(unsigned int)
00031e34	Init__26cSC3BuildingWaterTreatmentP9cISC3CityP19cISC3OccPersistInfo	cSC3BuildingWaterTreatment::Init(cISC3City *, cISC3OccPersistInfo *)
00031f04	Save__26cSC3BuildingWaterTreatmentP9cISC3CityR19cISC3OccPersistInfo	cSC3BuildingWaterTreatment::Save(cISC3City *, cISC3OccPersistInfo &)
00031fb0	GetGeomFlag__26cSC3BuildingWaterTreatment	cSC3BuildingWaterTreatment::GetGeomFlag(void)
00031fc0	GetAge__26cSC3BuildingWaterTreatment	cSC3BuildingWaterTreatment::GetAge(void)
00032034	IsAging__26cSC3BuildingWaterTreatment	cSC3BuildingWaterTreatment::IsAging(void)
00032098	DoDebugQueryViewInfo__26cSC3BuildingWaterTreatmentR10cGZMessageP21cISC3WinQueryListView	cSC3BuildingWaterTreatment::DoDebugQueryViewInfo(cGZMessage &, cISC3WinQueryListView *)
000320c8	GetDailyPollutionCapacity__26cSC3BuildingWaterTreatment	cSC3BuildingWaterTreatment::GetDailyPollutionCapacity(void)
000320d8	SetDailyPollutionCapacityUsage__26cSC3BuildingWaterTreatmentUi	cSC3BuildingWaterTreatment::SetDailyPollutionCapacityUsage(unsigned int)
000320f0	MinimumExecutionInterval__26cSC3BuildingWaterTreatment	cSC3BuildingWaterTreatment::MinimumExecutionInterval(void)
00032124	Simulate__26cSC3BuildingWaterTreatmenti	cSC3BuildingWaterTreatment::Simulate(int)
00032188	doMonthlySim__26cSC3BuildingWaterTreatment	cSC3BuildingWaterTreatment::doMonthlySim(void)
000321a0	AsISC3Building__26cSC3BuildingWaterTreatment	cSC3BuildingWaterTreatment::AsISC3Building(void)
000321ac	AsISC3Occupant__26cSC3BuildingWaterTreatment	cSC3BuildingWaterTreatment::AsISC3Occupant(void)
000321c0	AddRef__26cSC3BuildingWaterTreatment	cSC3BuildingWaterTreatment::AddRef(void)
000321ec	Release__26cSC3BuildingWaterTreatment	cSC3BuildingWaterTreatment::Release(void)
00032218	QueryInterface__26cSC3BuildingWaterTreatmentUiPPv	cSC3BuildingWaterTreatment::QueryInterface(unsigned int, void **)
000322c4	__14cSC3PowerLayer	cSC3PowerLayer::cSC3PowerLayer(void)
00032704	_._14cSC3PowerLayer	cSC3PowerLayer::~cSC3PowerLayer(void)
00032850	ExamineNeighborDeals__14cSC3PowerLayer	cSC3PowerLayer::ExamineNeighborDeals(void)
00032940	Init__14cSC3PowerLayerP9cISC3City	cSC3PowerLayer::Init(cISC3City *)
00033784	Init__14cSC3PowerLayerP9cISC3CityP13cIGZDBSegment	cSC3PowerLayer::Init(cISC3City *, cIGZDBSegment *)
00033950	InitInfoAboutNeighborDeals__14cSC3PowerLayer	cSC3PowerLayer::InitInfoAboutNeighborDeals(void)
00033ac8	MarkPowerPlantsAsVisited__14cSC3PowerLayerUiUi	cSC3PowerLayer::MarkPowerPlantsAsVisited(unsigned int, unsigned int)
00033bd0	OccupantInserted__14cSC3PowerLayerUiP13cISC3Occupant	cSC3PowerLayer::OccupantInserted(unsigned int, cISC3Occupant *)
00034014	OccupantRemoved__14cSC3PowerLayerUiP13cISC3Occupant	cSC3PowerLayer::OccupantRemoved(unsigned int, cISC3Occupant *)
00034374	QueryInterface__14cSC3PowerLayerUiPPv	cSC3PowerLayer::QueryInterface(unsigned int, void **)
00034460	RegisterPlantCapacity__14cSC3PowerLayerRC9cRZStringT1Pv	cSC3PowerLayer::RegisterPlantCapacity(cRZString const &, cRZString const &, void *)
00034534	Save__14cSC3PowerLayerP9cISC3CityP13cIGZDBSegment	cSC3PowerLayer::Save(cISC3City *, cIGZDBSegment *)
00034760	Shutdown__14cSC3PowerLayer	cSC3PowerLayer::Shutdown(void)
000349f4	StaticInit__14cSC3PowerLayerP19cISC3CityDefinition	cSC3PowerLayer::StaticInit(cISC3CityDefinition *)
00035a18	UpdateLayer__14cSC3PowerLayer	cSC3PowerLayer::UpdateLayer(void)
00035ddc	UpdatePowerGrid__14cSC3PowerLayerUiUi	cSC3PowerLayer::UpdatePowerGrid(unsigned int, unsigned int)
00036334	UpdateUsageHistory__14cSC3PowerLayer	cSC3PowerLayer::UpdateUsageHistory(void)
000363fc	UpdateWireBit__14cSC3PowerLayerUiUi	cSC3PowerLayer::UpdateWireBit(unsigned int, unsigned int)
00036820	SimulationEnd__14cSC3PowerLayer	cSC3PowerLayer::SimulationEnd(void)
0003682c	GetLayerType__14cSC3PowerLayer	cSC3PowerLayer::GetLayerType(void)
00036838	GetTotalCityPowerUsed__14cSC3PowerLayer	cSC3PowerLayer::GetTotalCityPowerUsed(void)
00036848	GetTotalCityPowerProduced__14cSC3PowerLayer	cSC3PowerLayer::GetTotalCityPowerProduced(void)
00036858	GetTotalCityPowerUpkeep__14cSC3PowerLayer	cSC3PowerLayer::GetTotalCityPowerUpkeep(void)
00036864	GetNumberOfAgingPowerPlants__14cSC3PowerLayer	cSC3PowerLayer::GetNumberOfAgingPowerPlants(void)
00036874	GetNumberOfAgingNuclearPlants__14cSC3PowerLayer	cSC3PowerLayer::GetNumberOfAgingNuclearPlants(void)
00036884	OccupantMoved__14cSC3PowerLayerUiP13cISC3OccupantRC13cSC3CityCoord	cSC3PowerLayer::OccupantMoved(unsigned int, cISC3Occupant *, cSC3CityCoord const &)
00036890	OccupantChanged__14cSC3PowerLayerUiP13cISC3OccupantiPv	cSC3PowerLayer::OccupantChanged(unsigned int, cISC3Occupant *, int, void *)
0003689c	CellCountX__C14cSC3PowerLayer	cSC3PowerLayer::CellCountX(void) const
000368ac	CellCountZ__C14cSC3PowerLayer	cSC3PowerLayer::CellCountZ(void) const
000368bc	GetValueSint32__C14cSC3PowerLayerUiUiRi	cSC3PowerLayer::GetValueSint32(unsigned int, unsigned int, int &) const
000368f8	GetValue__C14cSC3PowerLayerUiUiRb	cSC3PowerLayer::GetValue(unsigned int, unsigned int, bool &) const
00036930	SetValue__14cSC3PowerLayerUiUiRCb	cSC3PowerLayer::SetValue(unsigned int, unsigned int, bool const &)
00036980	SetValue__14cSC3PowerLayerUiUiUiUiRCb	cSC3PowerLayer::SetValue(unsigned int, unsigned int, unsigned int, unsigned int, bool const &)
00036a18	SetAllCells__14cSC3PowerLayerRCb	cSC3PowerLayer::SetAllCells(bool const &)
00036a94	InBounds__C14cSC3PowerLayerUiUi	cSC3PowerLayer::InBounds(unsigned int, unsigned int) const
00036ae8	InBounds__C14cSC3PowerLayerUiUiUiUi	cSC3PowerLayer::InBounds(unsigned int, unsigned int, unsigned int, unsigned int) const
00036b44	ValidRect__C14cSC3PowerLayerUiUiUiUi	cSC3PowerLayer::ValidRect(unsigned int, unsigned int, unsigned int, unsigned int) const
00036b64	SerialRead__14cSC3PowerLayerR18cIGZDBSerialRecord	cSC3PowerLayer::SerialRead(cIGZDBSerialRecord &)
00036bdc	SerialWrite__C14cSC3PowerLayerR18cIGZDBSerialRecord	cSC3PowerLayer::SerialWrite(cIGZDBSerialRecord &) const
00036c60	Init__14cSC3PowerLayerP9cISC3CityRCb	cSC3PowerLayer::Init(cISC3City *, bool const &)
00036dac	SetWireBit__14cSC3PowerLayerUiUi	cSC3PowerLayer::SetWireBit(unsigned int, unsigned int)
00036de0	IsWired__C14cSC3PowerLayerUiUi	cSC3PowerLayer::IsWired(unsigned int, unsigned int) const
00036e14	ResetWireBit__14cSC3PowerLayerUiUi	cSC3PowerLayer::ResetWireBit(unsigned int, unsigned int)
00036e48	SetMarkBit__14cSC3PowerLayerUiUi	cSC3PowerLayer::SetMarkBit(unsigned int, unsigned int)
00036e7c	IsMarked__C14cSC3PowerLayerUiUi	cSC3PowerLayer::IsMarked(unsigned int, unsigned int) const
00036eb0	ResetMarkBit__14cSC3PowerLayerUiUi	cSC3PowerLayer::ResetMarkBit(unsigned int, unsigned int)
00036ee4	ResetMarkBits__14cSC3PowerLayerRC14sIGZRectUint32	cSC3PowerLayer::ResetMarkBits(sIGZRectUint32 const &)
00036f4c	IsOnTheEdge__14cSC3PowerLayerUiUi	cSC3PowerLayer::IsOnTheEdge(unsigned int, unsigned int)
00036f7c	IsLockingCity__20cSC3PowerManipulator	cSC3PowerManipulator::IsLockingCity(void)
00036f8c	AddRef__14cSC3PowerLayer	cSC3PowerLayer::AddRef(void)
00036fc8	CellChanged__14cSC3PowerLayerUiUiUi	cSC3PowerLayer::CellChanged(unsigned int, unsigned int, unsigned int)
000370dc	CellChanged__14cSC3PowerLayerUiUiUiUiUi	cSC3PowerLayer::CellChanged(unsigned int, unsigned int, unsigned int, unsigned int, unsigned int)
000371b4	CellChangedAll__14cSC3PowerLayerUi	cSC3PowerLayer::CellChangedAll(unsigned int)
00037234	DetermineNeighbor__14cSC3PowerLayerUiUi	cSC3PowerLayer::DetermineNeighbor(unsigned int, unsigned int)
00037290	DoMessage__14cSC3PowerLayerR10cGZMessage	cSC3PowerLayer::DoMessage(cGZMessage &)
00037338	ExpandRectToIncludeNeighborhood__C14cSC3PowerLayerR14sIGZRectUint32	cSC3PowerLayer::ExpandRectToIncludeNeighborhood(sIGZRectUint32 &) const
00037398	GetAnnualConsumptionOfPowerType__14cSC3PowerLayerQ215cISC3PowerLayer16tPowerSourceType	cSC3PowerLayer::GetAnnualConsumptionOfPowerType(cISC3PowerLayer::tPowerSourceType)
000373b4	GetManipulator__14cSC3PowerLayerRC18cISC3CityAgentTypePP25cISC3CityLayerManipulatorRi	cSC3PowerLayer::GetManipulator(cISC3CityAgentType const &, cISC3CityLayerManipulator **, int &)
00037404	GetNeighborhoodOfPoint__C14cSC3PowerLayerUiUiR14sIGZRectUint32	cSC3PowerLayer::GetNeighborhoodOfPoint(unsigned int, unsigned int, sIGZRectUint32 &) const
00037464	GetNumberOfPoweredConsumers__14cSC3PowerLayer	cSC3PowerLayer::GetNumberOfPoweredConsumers(void)
00037474	GetNumberOfUnpoweredConsumers__14cSC3PowerLayer	cSC3PowerLayer::GetNumberOfUnpoweredConsumers(void)
00037488	GetPlantCapacity__14cSC3PowerLayerUiRUi	cSC3PowerLayer::GetPlantCapacity(unsigned int, unsigned int &)
000374dc	GetTotalAnnualConsumption__14cSC3PowerLayer	cSC3PowerLayer::GetTotalAnnualConsumption(void)
00037500	GetTotalPowerNeededByTheCity__14cSC3PowerLayer	cSC3PowerLayer::GetTotalPowerNeededByTheCity(void)
00037510	Init__14cSC3PowerLayerP9cISC3CityP13cISC2Importer	cSC3PowerLayer::Init(cISC3City *, cISC2Importer *)
0003751c	MakeBuyingDealWithNeighbor__14cSC3PowerLayeriUi	cSC3PowerLayer::MakeBuyingDealWithNeighbor(int, unsigned int)
0003753c	MakeSellingDealWithNeighbor__14cSC3PowerLayeriUi	cSC3PowerLayer::MakeSellingDealWithNeighbor(int, unsigned int)
00037560	Release__14cSC3PowerLayer	cSC3PowerLayer::Release(void)
000375bc	ResetAllMarkBits__14cSC3PowerLayerUiUi	cSC3PowerLayer::ResetAllMarkBits(unsigned int, unsigned int)
000375e4	ResetWireBits__14cSC3PowerLayerRC14sIGZRectUint32	cSC3PowerLayer::ResetWireBits(sIGZRectUint32 const &)
00037650	SetsWireBits__14cSC3PowerLayerP13cISC3Occupant	cSC3PowerLayer::SetsWireBits(cISC3Occupant *)
000376f0	SetWireBits__14cSC3PowerLayerRC14sIGZRectUint32	cSC3PowerLayer::SetWireBits(sIGZRectUint32 const &)
00037754	SimulationBegin__14cSC3PowerLayer	cSC3PowerLayer::SimulationBegin(void)
00037764	StaticShutdown__14cSC3PowerLayer	cSC3PowerLayer::StaticShutdown(void)
000377c0	UpdateWireBits__14cSC3PowerLayerRC14sIGZRectUint32	cSC3PowerLayer::UpdateWireBits(sIGZRectUint32 const &)
00037854	Apply__20cSC3PowerManipulatorR14cISC3CityAgent	cSC3PowerManipulator::Apply(cISC3CityAgent &)
00037898	__20cSC3PowerManipulatorP14cSC3PowerLayer	cSC3PowerManipulator::cSC3PowerManipulator(cSC3PowerLayer *)
000378dc	_._20cSC3PowerManipulator	cSC3PowerManipulator::~cSC3PowerManipulator(void)
00037910	AddRef__20cSC3PowerManipulator	cSC3PowerManipulator::AddRef(void)
0003792c	Release__20cSC3PowerManipulator	cSC3PowerManipulator::Release(void)
00037974	QueryInterface__20cSC3PowerManipulatorUiPPv	cSC3PowerManipulator::QueryInterface(unsigned int, void **)
000379cc	DebugInstanceTag__20cSC3PowerManipulatorR10cIGZString	cSC3PowerManipulator::DebugInstanceTag(cIGZString &)
000379d8	DebugClassTag__20cSC3PowerManipulatorR10cIGZString	cSC3PowerManipulator::DebugClassTag(cIGZString &)
000379e4	DebugTypeTag__20cSC3PowerManipulatorR10cIGZString	cSC3PowerManipulator::DebugTypeTag(cIGZString &)
00037a54	DoQueryInfo__14cSC3PowerLayerR10cGZMessageP11cIGZUnknown	cSC3PowerLayer::DoQueryInfo(cGZMessage &, cIGZUnknown *)
00037d60	DoStandardQueryViewInfo__14cSC3PowerLayerR10cGZMessageP21cISC3WinQueryListView	cSC3PowerLayer::DoStandardQueryViewInfo(cGZMessage &, cISC3WinQueryListView *)
00038238	GetInfoStrings__14cSC3PowerLayerUiUiR10cIGZStringT3Ui	cSC3PowerLayer::GetInfoStrings(unsigned int, unsigned int, cIGZString &, cIGZString &, unsigned int)
000388b4	GetColor__18cSC3PowerMapSpriteUiUiRUi	cSC3PowerMapSprite::GetColor(unsigned int, unsigned int, unsigned int &)
000389f0	DebugClassTag__14cSC3PowerLayerR10cIGZString	cSC3PowerLayer::DebugClassTag(cIGZString &)
000389fc	DebugTypeTag__14cSC3PowerLayerR10cIGZString	cSC3PowerLayer::DebugTypeTag(cIGZString &)
00038a08	DoDebugQueryViewInfo__14cSC3PowerLayerR10cGZMessageP21cISC3WinQueryListView	cSC3PowerLayer::DoDebugQueryViewInfo(cGZMessage &, cISC3WinQueryListView *)
00038a14	DoQueryViews__14cSC3PowerLayerR10cGZMessageP13cISC3WinQuery	cSC3PowerLayer::DoQueryViews(cGZMessage &, cISC3WinQuery *)
00038a20	GetDebugInfoStringCount__14cSC3PowerLayer	cSC3PowerLayer::GetDebugInfoStringCount(void)
00038a2c	GetDebugInfoStrings__14cSC3PowerLayerUiUiR10cIGZStringT3Ui	cSC3PowerLayer::GetDebugInfoStrings(unsigned int, unsigned int, cIGZString &, cIGZString &, unsigned int)
00038a38	GetInfoStringCount__14cSC3PowerLayer	cSC3PowerLayer::GetInfoStringCount(void)
00038a44	GetMapSpriteCount__14cSC3PowerLayer	cSC3PowerLayer::GetMapSpriteCount(void)
00038a50	GetSpriteIdFromIndex__14cSC3PowerLayerUiRUi	cSC3PowerLayer::GetSpriteIdFromIndex(unsigned int, unsigned int &)
00038a74	CreateMapSprite__14cSC3PowerLayerUiUiPPv	cSC3PowerLayer::CreateMapSprite(unsigned int, unsigned int, void **)
00038b50	__18cSC3PowerMapSpriteP9cISC3CityR14cSC3PowerLayerP14cISC3ZoneLayer	cSC3PowerMapSprite::cSC3PowerMapSprite(cISC3City *, cSC3PowerLayer &, cISC3ZoneLayer *)
00038c60	_._18cSC3PowerMapSprite	cSC3PowerMapSprite::~cSC3PowerMapSprite(void)
00038cf4	BecomeDefunctDueToAge__14cSC3PowerPlant	cSC3PowerPlant::BecomeDefunctDueToAge(void)
00038ea4	Explode__14cSC3PowerPlant	cSC3PowerPlant::Explode(void)
00039088	GetCorrespondingBuildingRubble__14cSC3PowerPlant	cSC3PowerPlant::GetCorrespondingBuildingRubble(void)
000391d8	GetInfoStrings__14cSC3PowerPlantR10cIGZStringT1UiPb	cSC3PowerPlant::GetInfoStrings(cIGZString &, cIGZString &, unsigned int, bool *)
0003b648	StaticInit__14cSC3PowerPlant	cSC3PowerPlant::StaticInit(void)
0003c418	DoQueryViews__17cSC3PowerBuildingR10cGZMessageP13cISC3WinQuery	cSC3PowerBuilding::DoQueryViews(cGZMessage &, cISC3WinQuery *)
0003caa0	DoStandardQueryViewInfo__17cSC3PowerBuildingR10cGZMessageP21cISC3WinQueryListView	cSC3PowerBuilding::DoStandardQueryViewInfo(cGZMessage &, cISC3WinQueryListView *)
0003ce90	DoQueryViews__21cSC3PowerBuildingAnimR10cGZMessageP13cISC3WinQuery	cSC3PowerBuildingAnim::DoQueryViews(cGZMessage &, cISC3WinQuery *)
0003d510	DoStandardQueryViewInfo__21cSC3PowerBuildingAnimR10cGZMessageP21cISC3WinQueryListView	cSC3PowerBuildingAnim::DoStandardQueryViewInfo(cGZMessage &, cISC3WinQueryListView *)
0003d900	__18cSC3CoalPowerPlant	cSC3CoalPowerPlant::cSC3CoalPowerPlant(void)
0003db64	LoadTunableParameters__18cSC3CoalPowerPlant	cSC3CoalPowerPlant::LoadTunableParameters(void)
0003f134	__20cSC3FusionPowerPlant	cSC3FusionPowerPlant::cSC3FusionPowerPlant(void)
0003f3a4	LoadTunableParameters__20cSC3FusionPowerPlant	cSC3FusionPowerPlant::LoadTunableParameters(void)
00040974	__17cSC3GasPowerPlant	cSC3GasPowerPlant::cSC3GasPowerPlant(void)
00040be4	LoadTunableParameters__17cSC3GasPowerPlant	cSC3GasPowerPlant::LoadTunableParameters(void)
000421b4	__23cSC3MicroWavePowerPlant	cSC3MicroWavePowerPlant::cSC3MicroWavePowerPlant(void)
000423f0	LoadTunableParameters__23cSC3MicroWavePowerPlant	cSC3MicroWavePowerPlant::LoadTunableParameters(void)
000439b4	__21cSC3NuclearPowerPlant	cSC3NuclearPowerPlant::cSC3NuclearPowerPlant(void)
00043c24	Explode__21cSC3NuclearPowerPlant	cSC3NuclearPowerPlant::Explode(void)
00043f2c	LoadTunableParameters__21cSC3NuclearPowerPlant	cSC3NuclearPowerPlant::LoadTunableParameters(void)
000454f4	__17cSC3OilPowerPlant	cSC3OilPowerPlant::cSC3OilPowerPlant(void)
00045764	LoadTunableParameters__17cSC3OilPowerPlant	cSC3OilPowerPlant::LoadTunableParameters(void)
00046d34	__19cSC3SolarPowerPlant	cSC3SolarPowerPlant::cSC3SolarPowerPlant(void)
00046f70	LoadTunableParameters__19cSC3SolarPowerPlant	cSC3SolarPowerPlant::LoadTunableParameters(void)
00048534	__19cSC3WastePowerPlant	cSC3WastePowerPlant::cSC3WastePowerPlant(void)
000487d4	DoStandardQueryViewInfo__19cSC3WastePowerPlantR10cGZMessageP21cISC3WinQueryListView	cSC3WastePowerPlant::DoStandardQueryViewInfo(cGZMessage &, cISC3WinQueryListView *)
0004a138	DoQueryViews__19cSC3WastePowerPlantR10cGZMessageP13cISC3WinQuery	cSC3WastePowerPlant::DoQueryViews(cGZMessage &, cISC3WinQuery *)
0004aa40	DoWeeklySim__19cSC3WastePowerPlant	cSC3WastePowerPlant::DoWeeklySim(void)
0004ab98	LoadTunableParameters__19cSC3WastePowerPlant	cSC3WastePowerPlant::LoadTunableParameters(void)
0004c5d8	Init__19cSC3WastePowerPlantP9cISC3CityP19cISC3OccPersistInfo	cSC3WastePowerPlant::Init(cISC3City *, cISC3OccPersistInfo *)
0004c740	Save__19cSC3WastePowerPlantP9cISC3CityR19cISC3OccPersistInfo	cSC3WastePowerPlant::Save(cISC3City *, cISC3OccPersistInfo &)
0004c850	__18cSC3WindPowerPlant	cSC3WindPowerPlant::cSC3WindPowerPlant(void)
0004cab4	DetermineActualCapacity__18cSC3WindPowerPlant	cSC3WindPowerPlant::DetermineActualCapacity(void)
0004cd0c	LoadTunableParameters__18cSC3WindPowerPlant	cSC3WindPowerPlant::LoadTunableParameters(void)
0004e32c	_._14cSC3PowerPlant	cSC3PowerPlant::~cSC3PowerPlant(void)
0004e360	SetMaxLifeSpan__14cSC3PowerPlantUi	cSC3PowerPlant::SetMaxLifeSpan(unsigned int)
0004e370	SetDeclineAge__14cSC3PowerPlantUi	cSC3PowerPlant::SetDeclineAge(unsigned int)
0004e380	Kill__14cSC3PowerPlant	cSC3PowerPlant::Kill(void)
0004e390	IsDead__14cSC3PowerPlant	cSC3PowerPlant::IsDead(void)
0004e3a4	__17cSC3PowerBuilding	cSC3PowerBuilding::cSC3PowerBuilding(void)
0004e430	_._17cSC3PowerBuilding	cSC3PowerBuilding::~cSC3PowerBuilding(void)
0004e4a8	GetDeclineAge__17cSC3PowerBuilding	cSC3PowerBuilding::GetDeclineAge(void)
0004e4d4	GetMaxLifeSpan__17cSC3PowerBuilding	cSC3PowerBuilding::GetMaxLifeSpan(void)
0004e500	HasBirthdate__C17cSC3PowerBuilding	cSC3PowerBuilding::HasBirthdate(void) const
0004e52c	GetBirthdate__C17cSC3PowerBuildingR8cIGZDate	cSC3PowerBuilding::GetBirthdate(cIGZDate &) const
0004e55c	SetBirthdate__17cSC3PowerBuildingRC8cIGZDate	cSC3PowerBuilding::SetBirthdate(cIGZDate const &)
0004e58c	__21cSC3PowerBuildingAnim	cSC3PowerBuildingAnim::cSC3PowerBuildingAnim(void)
0004e634	_._21cSC3PowerBuildingAnim	cSC3PowerBuildingAnim::~cSC3PowerBuildingAnim(void)
0004e6c4	GetDeclineAge__21cSC3PowerBuildingAnim	cSC3PowerBuildingAnim::GetDeclineAge(void)
0004e6f0	GetMaxLifeSpan__21cSC3PowerBuildingAnim	cSC3PowerBuildingAnim::GetMaxLifeSpan(void)
0004e71c	HasBirthdate__C21cSC3PowerBuildingAnim	cSC3PowerBuildingAnim::HasBirthdate(void) const
0004e748	GetBirthdate__C21cSC3PowerBuildingAnimR8cIGZDate	cSC3PowerBuildingAnim::GetBirthdate(cIGZDate &) const
0004e778	SetBirthdate__21cSC3PowerBuildingAnimRC8cIGZDate	cSC3PowerBuildingAnim::SetBirthdate(cIGZDate const &)
0004e7a4	PowerSourceType__21cSC3NuclearPowerPlant	cSC3NuclearPowerPlant::PowerSourceType(void)
0004e7b0	PowerSourceType__19cSC3WastePowerPlant	cSC3WastePowerPlant::PowerSourceType(void)
0004e7bc	SetMaxLifeSpan__19cSC3WastePowerPlantUi	cSC3WastePowerPlant::SetMaxLifeSpan(unsigned int)
0004e7d0	GetMaxLifeSpan__19cSC3WastePowerPlant	cSC3WastePowerPlant::GetMaxLifeSpan(void)
0004e7f8	SetDeclineAge__19cSC3WastePowerPlantUi	cSC3WastePowerPlant::SetDeclineAge(unsigned int)
0004e80c	GetDeclineAge__19cSC3WastePowerPlant	cSC3WastePowerPlant::GetDeclineAge(void)
0004e838	GetAge__19cSC3WastePowerPlant	cSC3WastePowerPlant::GetAge(void)
0004e864	IsAging__19cSC3WastePowerPlant	cSC3WastePowerPlant::IsAging(void)
0004e88c	Kill__19cSC3WastePowerPlant	cSC3WastePowerPlant::Kill(void)
0004e89c	IsDead__19cSC3WastePowerPlant	cSC3WastePowerPlant::IsDead(void)
0004e8ac	GetDailyGarbageCapacity__19cSC3WastePowerPlant	cSC3WastePowerPlant::GetDailyGarbageCapacity(void)
0004e8bc	GetUnusedGarbageCapacity__19cSC3WastePowerPlant	cSC3WastePowerPlant::GetUnusedGarbageCapacity(void)
0004e8e0	PowerSourceType__18cSC3WindPowerPlant	cSC3WindPowerPlant::PowerSourceType(void)
0004e8f0	CalculateCapacityBasedOnAge__14cSC3PowerPlantUi	cSC3PowerPlant::CalculateCapacityBasedOnAge(unsigned int)
0004e944	CitySpecificStaticInit__14cSC3PowerPlantP9cISC3City	cSC3PowerPlant::CitySpecificStaticInit(cISC3City *)
0004e9d8	CitySpecificStaticShutdown__14cSC3PowerPlant	cSC3PowerPlant::CitySpecificStaticShutdown(void)
0004ea58	__14cSC3PowerPlant	cSC3PowerPlant::cSC3PowerPlant(void)
0004eb24	GetDeclineAge__14cSC3PowerPlant	cSC3PowerPlant::GetDeclineAge(void)
0004eb34	ActualCapacity__14cSC3PowerPlant	cSC3PowerPlant::ActualCapacity(void)
0004eb44	MaxCapacity__14cSC3PowerPlant	cSC3PowerPlant::MaxCapacity(void)
0004eb54	Usage__14cSC3PowerPlant	cSC3PowerPlant::Usage(void)
0004eb64	GetMaxLifeSpan__14cSC3PowerPlant	cSC3PowerPlant::GetMaxLifeSpan(void)
0004eb74	HasBirthdate__C14cSC3PowerPlant	cSC3PowerPlant::HasBirthdate(void) const
0004eb84	GetBirthdate__C14cSC3PowerPlantR8cIGZDate	cSC3PowerPlant::GetBirthdate(cIGZDate &) const
0004ebb8	SetBirthdate__14cSC3PowerPlantRC8cIGZDate	cSC3PowerPlant::SetBirthdate(cIGZDate const &)
0004ec00	DecideLifeSpanAndDeclineAge__14cSC3PowerPlantUiUif	cSC3PowerPlant::DecideLifeSpanAndDeclineAge(unsigned int, unsigned int, float)
0004ece8	DecideWhetherToExplode__14cSC3PowerPlant	cSC3PowerPlant::DecideWhetherToExplode(void)
0004ed50	DetermineActualCapacity__14cSC3PowerPlant	cSC3PowerPlant::DetermineActualCapacity(void)
0004ed88	GetAge__14cSC3PowerPlant	cSC3PowerPlant::GetAge(void)
0004edfc	IsAging__14cSC3PowerPlant	cSC3PowerPlant::IsAging(void)
0004ee8c	GetDebugInfoStringCount__14cSC3PowerPlant	cSC3PowerPlant::GetDebugInfoStringCount(void)
0004ee98	GetDebugInfoStrings__14cSC3PowerPlantR10cIGZStringT1Ui	cSC3PowerPlant::GetDebugInfoStrings(cIGZString &, cIGZString &, unsigned int)
0004eea4	GetInfoStringCount__14cSC3PowerPlant	cSC3PowerPlant::GetInfoStringCount(void)
0004eeb4	Init__14cSC3PowerPlantP9cISC3CityP19cISC3OccPersistInfo	cSC3PowerPlant::Init(cISC3City *, cISC3OccPersistInfo *)
0004ef90	QueryInterface__14cSC3PowerPlantUiPPv	cSC3PowerPlant::QueryInterface(unsigned int, void **)
0004eff0	Save__14cSC3PowerPlantP9cISC3CityR19cISC3OccPersistInfo	cSC3PowerPlant::Save(cISC3City *, cISC3OccPersistInfo &)
0004f088	SetUsage__14cSC3PowerPlantUi	cSC3PowerPlant::SetUsage(unsigned int)
0004f0ac	StaticShutdown__14cSC3PowerPlant	cSC3PowerPlant::StaticShutdown(void)
0004f0bc	Update__14cSC3PowerPlant	cSC3PowerPlant::Update(void)
0004f130	DoDebugQueryViewInfo__17cSC3PowerBuildingR10cGZMessageP21cISC3WinQueryListView	cSC3PowerBuilding::DoDebugQueryViewInfo(cGZMessage &, cISC3WinQueryListView *)
0004f160	GetGeomFlag__17cSC3PowerBuilding	cSC3PowerBuilding::GetGeomFlag(void)
0004f170	Init__17cSC3PowerBuildingP19cISC3OccupantAttrib	cSC3PowerBuilding::Init(cISC3OccupantAttrib *)
0004f1bc	Init__17cSC3PowerBuildingP9cISC3CityP19cISC3OccPersistInfo	cSC3PowerBuilding::Init(cISC3City *, cISC3OccPersistInfo *)
0004f2c8	Save__17cSC3PowerBuildingP9cISC3CityR19cISC3OccPersistInfo	cSC3PowerBuilding::Save(cISC3City *, cISC3OccPersistInfo &)
0004f37c	QueryInterface__17cSC3PowerBuildingUiPPv	cSC3PowerBuilding::QueryInterface(unsigned int, void **)
0004f3ec	AsISC3Occupant__17cSC3PowerBuilding	cSC3PowerBuilding::AsISC3Occupant(void)
0004f3fc	AsISC3Building__17cSC3PowerBuilding	cSC3PowerBuilding::AsISC3Building(void)
0004f40c	AsISC3CityAgent__17cSC3PowerBuilding	cSC3PowerBuilding::AsISC3CityAgent(void)
0004f420	AddRef__17cSC3PowerBuilding	cSC3PowerBuilding::AddRef(void)
0004f44c	Release__17cSC3PowerBuilding	cSC3PowerBuilding::Release(void)
0004f478	DoDebugQueryViewInfo__21cSC3PowerBuildingAnimR10cGZMessageP21cISC3WinQueryListView	cSC3PowerBuildingAnim::DoDebugQueryViewInfo(cGZMessage &, cISC3WinQueryListView *)
0004f4a8	GetGeomFlag__21cSC3PowerBuildingAnim	cSC3PowerBuildingAnim::GetGeomFlag(void)
0004f4b8	Init__21cSC3PowerBuildingAnimP19cISC3OccupantAttrib	cSC3PowerBuildingAnim::Init(cISC3OccupantAttrib *)
0004f504	Init__21cSC3PowerBuildingAnimP9cISC3CityP19cISC3OccPersistInfo	cSC3PowerBuildingAnim::Init(cISC3City *, cISC3OccPersistInfo *)
0004f618	Save__21cSC3PowerBuildingAnimP9cISC3CityR19cISC3OccPersistInfo	cSC3PowerBuildingAnim::Save(cISC3City *, cISC3OccPersistInfo &)
0004f6cc	QueryInterface__21cSC3PowerBuildingAnimUiPPv	cSC3PowerBuildingAnim::QueryInterface(unsigned int, void **)
0004f73c	AsISC3Occupant__21cSC3PowerBuildingAnim	cSC3PowerBuildingAnim::AsISC3Occupant(void)
0004f74c	AsISC3Building__21cSC3PowerBuildingAnim	cSC3PowerBuildingAnim::AsISC3Building(void)
0004f75c	AsISC3CityAgent__21cSC3PowerBuildingAnim	cSC3PowerBuildingAnim::AsISC3CityAgent(void)
0004f770	AddRef__21cSC3PowerBuildingAnim	cSC3PowerBuildingAnim::AddRef(void)
0004f79c	Release__21cSC3PowerBuildingAnim	cSC3PowerBuildingAnim::Release(void)
0004f7c8	AddRef__19cSC3WastePowerPlant	cSC3WastePowerPlant::AddRef(void)
0004f7f0	AsISC3Building__19cSC3WastePowerPlant	cSC3WastePowerPlant::AsISC3Building(void)
0004f800	AsISC3Occupant__19cSC3WastePowerPlant	cSC3WastePowerPlant::AsISC3Occupant(void)
0004f814	DoDebugQueryViewInfo__19cSC3WastePowerPlantR10cGZMessageP21cISC3WinQueryListView	cSC3WastePowerPlant::DoDebugQueryViewInfo(cGZMessage &, cISC3WinQueryListView *)
0004f844	DoMonthlySim__19cSC3WastePowerPlant	cSC3WastePowerPlant::DoMonthlySim(void)
0004f860	MinimumExecutionInterval__19cSC3WastePowerPlant	cSC3WastePowerPlant::MinimumExecutionInterval(void)
0004f898	QueryInterface__19cSC3WastePowerPlantUiPPv	cSC3WastePowerPlant::QueryInterface(unsigned int, void **)
0004f930	Release__19cSC3WastePowerPlant	cSC3WastePowerPlant::Release(void)
0004f958	SetDailyGarbageCapacityUsage__19cSC3WastePowerPlantUi	cSC3WastePowerPlant::SetDailyGarbageCapacityUsage(unsigned int)
0004f970	Simulate__19cSC3WastePowerPlanti	cSC3WastePowerPlant::Simulate(int)
0004f9e0	_._18cSC3WindPowerPlant	cSC3WindPowerPlant::~cSC3WindPowerPlant(void)
0004fab0	Bit1_GrowHoriz__FPUii	Bit1_GrowHoriz(unsigned int *, int)
0004fbb4	Bit1_GrowHoriz__FPUiiPiT2	Bit1_GrowHoriz(unsigned int *, int, int *, int *)
0004fd24	Bit1_GrowVert__FPUiiPiT2	Bit1_GrowVert(unsigned int *, int, int *, int *)
0004fea0	Bit1_SelectionGrowHoriz__FPUiT0iPiT3	Bit1_SelectionGrowHoriz(unsigned int *, unsigned int *, int, int *, int *)
00050018	Bit1_SelectionGrowVert__FPUiT0iPiT3	Bit1_SelectionGrowVert(unsigned int *, unsigned int *, int, int *, int *)
00050194	Bit1_PixelSet__FPUiiii	Bit1_PixelSet(unsigned int *, int, int, int)
000501d4	Bit1_PixelClear__FPUiiii	Bit1_PixelClear(unsigned int *, int, int, int)
00050214	Bit1_PixelTest__FPUiiii	Bit1_PixelTest(unsigned int *, int, int, int)
00050254	Bit1_Clear__FPUii	Bit1_Clear(unsigned int *, int)
00050280	Bit1_Count__FPUii	Bit1_Count(unsigned int *, int)
000502d8	Bit1_Grow__FPUiii	Bit1_Grow(unsigned int *, int, int)
0005033c	Bit1_GrowVert__FPUii	Bit1_GrowVert(unsigned int *, int)
00050408	Bit1_Xor__FPUiT0i	Bit1_Xor(unsigned int *, unsigned int *, int)
00050440	Bit1_Copy__FPUiT0i	Bit1_Copy(unsigned int *, unsigned int *, int)
00050470	Bit1_SelectionSet__FPUiT0i	Bit1_SelectionSet(unsigned int *, unsigned int *, int)
000504a4	Bit1_SelectionGrow__FPUiT0ii	Bit1_SelectionGrow(unsigned int *, unsigned int *, int, int)
00050510	Bit1_SelectionGrowHoriz__FPUiT0i	Bit1_SelectionGrowHoriz(unsigned int *, unsigned int *, int)
0005062c	Bit1_SelectionGrowVert__FPUiT0i	Bit1_SelectionGrowVert(unsigned int *, unsigned int *, int)
00050718	Bit1_Grow__FPUiiiPiT3	Bit1_Grow(unsigned int *, int, int, int *, int *)
000507f8	Bit1_SelectionGrow__FPUiT0iiPiT4	Bit1_SelectionGrow(unsigned int *, unsigned int *, int, int, int *, int *)
00050904	RZGetCOMDllDirector_SimUtil__Fv	RZGetCOMDllDirector_SimUtil(void)
00050bb4	__16cSUPlumbingLayer	cSUPlumbingLayer::cSUPlumbingLayer(void)
00050e28	StaticInit__16cSUPlumbingLayerP19cISC3CityDefinition	cSUPlumbingLayer::StaticInit(cISC3CityDefinition *)
00054c08	registerAgentModifier__16cSUPlumbingLayerRC9cRZStringT1Pv	cSUPlumbingLayer::registerAgentModifier(cRZString const &, cRZString const &, void *)
00055110	Init__16cSUPlumbingLayerP9cISC3City	cSUPlumbingLayer::Init(cISC3City *)
00055dd4	Init__16cSUPlumbingLayerP9cISC3CityP13cIGZDBSegment	cSUPlumbingLayer::Init(cISC3City *, cIGZDBSegment *)
00056034	Save__16cSUPlumbingLayerP9cISC3CityP13cIGZDBSegment	cSUPlumbingLayer::Save(cISC3City *, cIGZDBSegment *)
00056340	Shutdown__16cSUPlumbingLayer	cSUPlumbingLayer::Shutdown(void)
000565cc	GetManipulator__16cSUPlumbingLayerRC18cISC3CityAgentTypePP25cISC3CityLayerManipulatorRi	cSUPlumbingLayer::GetManipulator(cISC3CityAgentType const &, cISC3CityLayerManipulator **, int &)
00056654	do_pump_inserted__16cSUPlumbingLayerP13cISC3Occupant	cSUPlumbingLayer::do_pump_inserted(cISC3Occupant *)
00056abc	do_pump_removed__16cSUPlumbingLayerP13cISC3Occupant	cSUPlumbingLayer::do_pump_removed(cISC3Occupant *)
00056c04	do_watertower_inserted__16cSUPlumbingLayerP13cISC3Occupant	cSUPlumbingLayer::do_watertower_inserted(cISC3Occupant *)
00056fcc	do_watertower_removed__16cSUPlumbingLayerP13cISC3Occupant	cSUPlumbingLayer::do_watertower_removed(cISC3Occupant *)
0005711c	do_desalplant_inserted__16cSUPlumbingLayerP13cISC3Occupant	cSUPlumbingLayer::do_desalplant_inserted(cISC3Occupant *)
0005753c	do_desalplant_removed__16cSUPlumbingLayerP13cISC3Occupant	cSUPlumbingLayer::do_desalplant_removed(cISC3Occupant *)
00057684	do_plumbinglayer_monthly_sim__16cSUPlumbingLayer	cSUPlumbingLayer::do_plumbinglayer_monthly_sim(void)
000585c0	Bit1_SelectionGrowHorzwDrain__16cSUPlumbingLayerPUiN21UiPxPiT6	cSUPlumbingLayer::Bit1_SelectionGrowHorzwDrain(unsigned int *, unsigned int *, unsigned int *, unsigned int, long long *, int *, int *)
00058a90	Bit1_SelectionGrowVertwDrain__16cSUPlumbingLayerPUiN21UiPxPiT6	cSUPlumbingLayer::Bit1_SelectionGrowVertwDrain(unsigned int *, unsigned int *, unsigned int *, unsigned int, long long *, int *, int *)
00058f48	IsThereWater__16cSUPlumbingLayerssssb	cSUPlumbingLayer::IsThereWater(short, short, short, short, bool)
000591c4	SaveCapaForAllPumps__16cSUPlumbingLayer	cSUPlumbingLayer::SaveCapaForAllPumps(void)
000592e8	CalculateCapaForAllPumps__16cSUPlumbingLayer	cSUPlumbingLayer::CalculateCapaForAllPumps(void)
000597ac	BuildingConsumption__16cSUPlumbingLayerUsUs	cSUPlumbingLayer::BuildingConsumption(unsigned short, unsigned short)
000598e8	foundPump__16cSUPlumbingLayerUsUsRQ216cSUPlumbingLayer7SUPumps	cSUPlumbingLayer::foundPump(unsigned short, unsigned short, cSUPlumbingLayer::SUPumps &)
000599ac	addFakePumps__16cSUPlumbingLayerQ219cISC3NeighborsLayer4DEALPUiRQ219cISC3NeighborsLayer11tDealRecord	cSUPlumbingLayer::addFakePumps(cISC3NeighborsLayer::DEAL, unsigned int *, cISC3NeighborsLayer::tDealRecord &)
0005a12c	FindBuyerOrSeller__16cSUPlumbingLayerQ219cISC3NeighborsLayer4DEALPUiRQ219cISC3NeighborsLayer11tDealRecord	cSUPlumbingLayer::FindBuyerOrSeller(cISC3NeighborsLayer::DEAL, unsigned int *, cISC3NeighborsLayer::tDealRecord &)
0005a3e4	GetNumPumpsAging__16cSUPlumbingLayer	cSUPlumbingLayer::GetNumPumpsAging(void)
0005a3f4	SimulationEnd__16cSUPlumbingLayer	cSUPlumbingLayer::SimulationEnd(void)
0005a400	__eq__FG13cSC3CityCoordT0	operator==(cSC3CityCoord, cSC3CityCoord)
0005a424	__eq__FGQ216cSUPlumbingLayer7SUPumpsT0	operator==(cSUPlumbingLayer::SUPumps, cSUPlumbingLayer::SUPumps)
0005a46c	__31cSUPlumbingLayerManipulatorBaseR16cSUPlumbingLayer	cSUPlumbingLayerManipulatorBase::cSUPlumbingLayerManipulatorBase(cSUPlumbingLayer &)
0005a4b0	_._31cSUPlumbingLayerManipulatorBase	cSUPlumbingLayerManipulatorBase::~cSUPlumbingLayerManipulatorBase(void)
0005a4e4	IsLockingCity__31cSUPlumbingLayerManipulatorBase	cSUPlumbingLayerManipulatorBase::IsLockingCity(void)
0005a4f4	QueryInterface__31cSUPlumbingLayerManipulatorBaseUiPPv	cSUPlumbingLayerManipulatorBase::QueryInterface(unsigned int, void **)
0005a550	Release__31cSUPlumbingLayerManipulatorBase	cSUPlumbingLayerManipulatorBase::Release(void)
0005a5b0	AddRef__31cSUPlumbingLayerManipulatorBase	cSUPlumbingLayerManipulatorBase::AddRef(void)
0005a5ec	getOccupantPtr__31cSUPlumbingLayerManipulatorBaseP14cISC3CityAgent	cSUPlumbingLayerManipulatorBase::getOccupantPtr(cISC3CityAgent *)
0005a64c	DebugInstanceTag__31cSUPlumbingLayerManipulatorBaseR10cIGZString	cSUPlumbingLayerManipulatorBase::DebugInstanceTag(cIGZString &)
0005a658	DebugClassTag__31cSUPlumbingLayerManipulatorBaseR10cIGZString	cSUPlumbingLayerManipulatorBase::DebugClassTag(cIGZString &)
0005a664	DebugTypeTag__31cSUPlumbingLayerManipulatorBaseR10cIGZString	cSUPlumbingLayerManipulatorBase::DebugTypeTag(cIGZString &)
0005a674	_._16cSUPlumbingLayer	cSUPlumbingLayer::~cSUPlumbingLayer(void)
0005a6e0	lock__16cSUPlumbingLayer	cSUPlumbingLayer::lock(void)
0005a710	unlock__16cSUPlumbingLayer	cSUPlumbingLayer::unlock(void)
0005a73c	GetLayerType__16cSUPlumbingLayer	cSUPlumbingLayer::GetLayerType(void)
0005a74c	QueryInterface__16cSUPlumbingLayerUiPPv	cSUPlumbingLayer::QueryInterface(unsigned int, void **)
0005a7f4	AddRef__16cSUPlumbingLayer	cSUPlumbingLayer::AddRef(void)
0005a854	Release__16cSUPlumbingLayer	cSUPlumbingLayer::Release(void)
0005a8f8	StaticShutdown__16cSUPlumbingLayer	cSUPlumbingLayer::StaticShutdown(void)
0005a904	Init__16cSUPlumbingLayerP9cISC3CityP13cISC2Importer	cSUPlumbingLayer::Init(cISC3City *, cISC2Importer *)
0005a914	SimulationBegin__16cSUPlumbingLayer	cSUPlumbingLayer::SimulationBegin(void)
0005a940	DoMessage__16cSUPlumbingLayerR10cGZMessage	cSUPlumbingLayer::DoMessage(cGZMessage &)
0005a9d0	do_underoccupant_inserted__16cSUPlumbingLayerP13cISC3Occupant	cSUPlumbingLayer::do_underoccupant_inserted(cISC3Occupant *)
0005aa1c	do_underoccupant_removed__16cSUPlumbingLayerP13cISC3Occupant	cSUPlumbingLayer::do_underoccupant_removed(cISC3Occupant *)
0005aa68	do_surfoccupant_inserted__16cSUPlumbingLayerP13cISC3Occupant	cSUPlumbingLayer::do_surfoccupant_inserted(cISC3Occupant *)
0005ab0c	do_surfoccupant_removed__16cSUPlumbingLayerP13cISC3Occupant	cSUPlumbingLayer::do_surfoccupant_removed(cISC3Occupant *)
0005abbc	IsWatered__C16cSUPlumbingLayerRC13cSC3CityCoord	cSUPlumbingLayer::IsWatered(cSC3CityCoord const &) const
0005abfc	IsWatered__C16cSUPlumbingLayerUiUi	cSUPlumbingLayer::IsWatered(unsigned int, unsigned int) const
0005ac38	GetPotentialCapacity__16cSUPlumbingLayerUs	cSUPlumbingLayer::GetPotentialCapacity(unsigned short)
0005acb0	register_cityservices__16cSUPlumbingLayer	cSUPlumbingLayer::register_cityservices(void)
0005ad4c	unregister_cityservices__16cSUPlumbingLayer	cSUPlumbingLayer::unregister_cityservices(void)
0005adc8	do_building_inserted__16cSUPlumbingLayerP13cISC3Occupant	cSUPlumbingLayer::do_building_inserted(cISC3Occupant *)
0005ae58	do_building_removed__16cSUPlumbingLayerP13cISC3Occupant	cSUPlumbingLayer::do_building_removed(cISC3Occupant *)
0005aee8	do_watermain_inserted__16cSUPlumbingLayerP13cISC3Occupant	cSUPlumbingLayer::do_watermain_inserted(cISC3Occupant *)
0005afa4	do_watermain_removed__16cSUPlumbingLayerP13cISC3Occupant	cSUPlumbingLayer::do_watermain_removed(cISC3Occupant *)
0005b064	GetWaterData__16cSUPlumbingLayerRUiRxT2	cSUPlumbingLayer::GetWaterData(unsigned int &, long long &, long long &)
0005b0cc	GetWaterData__16cSUPlumbingLayerRUiRxT2T1T1	cSUPlumbingLayer::GetWaterData(unsigned int &, long long &, long long &, unsigned int &, unsigned int &)
0005b148	changeLimit__16cSUPlumbingLayerUiPUiPxiii	cSUPlumbingLayer::changeLimit(unsigned int, unsigned int *, long long *, int, int, int)
0005b258	validPos__16cSUPlumbingLayerss	cSUPlumbingLayer::validPos(short, short)
0005b2ac	GetAverageWaterPollutionInPumps__16cSUPlumbingLayer	cSUPlumbingLayer::GetAverageWaterPollutionInPumps(void)
0005b2bc	IsOnTheEdge__16cSUPlumbingLayerss	cSUPlumbingLayer::IsOnTheEdge(short, short)
0005b308	WhoIsTheNeighbor__16cSUPlumbingLayerss	cSUPlumbingLayer::WhoIsTheNeighbor(short, short)
0005b388	UpdateBuyerDeal__16cSUPlumbingLayerGQ219cISC3NeighborsLayer11tDealRecordRx	cSUPlumbingLayer::UpdateBuyerDeal(cISC3NeighborsLayer::tDealRecord, long long &)
0005b424	UpdateSellerDeal__16cSUPlumbingLayerGQ219cISC3NeighborsLayer11tDealRecordRxT2	cSUPlumbingLayer::UpdateSellerDeal(cISC3NeighborsLayer::tDealRecord, long long &, long long &)
0005b4ac	finalizeSellerDeal__16cSUPlumbingLayerGQ219cISC3NeighborsLayer11tDealRecord	cSUPlumbingLayer::finalizeSellerDeal(cISC3NeighborsLayer::tDealRecord)
0005b574	finalizeBuyerDeal__16cSUPlumbingLayerGQ219cISC3NeighborsLayer11tDealRecord	cSUPlumbingLayer::finalizeBuyerDeal(cISC3NeighborsLayer::tDealRecord)
0005b620	GetWaterDeal__16cSUPlumbingLayerQ219cISC3NeighborsLayer4DEALRQ219cISC3NeighborsLayer11tDealRecord	cSUPlumbingLayer::GetWaterDeal(cISC3NeighborsLayer::DEAL, cISC3NeighborsLayer::tDealRecord &)
0005b670	GetProductionCapacity__16cSUPlumbingLayerUi	cSUPlumbingLayer::GetProductionCapacity(unsigned int)
0005b6dc	GetDiffMap__16cSUPlumbingLayerPUiUi	cSUPlumbingLayer::GetDiffMap(unsigned int *, unsigned int)
0005b784	DoQueryInfo__16cSUPlumbingLayerR10cGZMessageP11cIGZUnknown	cSUPlumbingLayer::DoQueryInfo(cGZMessage &, cIGZUnknown *)
0005b868	on_window_create__16cSUPlumbingLayerR10cGZMessageP11cIGZUnknown	cSUPlumbingLayer::on_window_create(cGZMessage &, cIGZUnknown *)
0005ba6c	DoStandardQueryViewInfo__16cSUPlumbingLayerR10cGZMessageP21cISC3WinQueryListView	cSUPlumbingLayer::DoStandardQueryViewInfo(cGZMessage &, cISC3WinQueryListView *)
0005bf58	GetInfoStrings__16cSUPlumbingLayerUiUiR10cIGZStringT3RUiUiRb	cSUPlumbingLayer::GetInfoStrings(unsigned int, unsigned int, cIGZString &, cIGZString &, unsigned int &, unsigned int, bool &)
0005deb4	GetColor__20cSUPlumbingMapSpriteUiUiRUi	cSUPlumbingMapSprite::GetColor(unsigned int, unsigned int, unsigned int &)
0005e060	DebugClassTag__16cSUPlumbingLayerR10cIGZString	cSUPlumbingLayer::DebugClassTag(cIGZString &)
0005e06c	DebugTypeTag__16cSUPlumbingLayerR10cIGZString	cSUPlumbingLayer::DebugTypeTag(cIGZString &)
0005e078	on_window_destroy__16cSUPlumbingLayerR10cGZMessageP11cIGZUnknown	cSUPlumbingLayer::on_window_destroy(cGZMessage &, cIGZUnknown *)
0005e084	on_window_refresh__16cSUPlumbingLayerR10cGZMessageP11cIGZUnknown	cSUPlumbingLayer::on_window_refresh(cGZMessage &, cIGZUnknown *)
0005e090	DoDebugQueryViewInfo__16cSUPlumbingLayerR10cGZMessageP21cISC3WinQueryListView	cSUPlumbingLayer::DoDebugQueryViewInfo(cGZMessage &, cISC3WinQueryListView *)
0005e09c	GetInfoStringCount__16cSUPlumbingLayer	cSUPlumbingLayer::GetInfoStringCount(void)
0005e0a8	GetDebugInfoStringCount__16cSUPlumbingLayer	cSUPlumbingLayer::GetDebugInfoStringCount(void)
0005e0b4	GetDebugInfoStrings__16cSUPlumbingLayerUiUiR10cIGZStringT3Ui	cSUPlumbingLayer::GetDebugInfoStrings(unsigned int, unsigned int, cIGZString &, cIGZString &, unsigned int)
0005e0c0	GetMapSpriteCount__16cSUPlumbingLayer	cSUPlumbingLayer::GetMapSpriteCount(void)
0005e0cc	GetSpriteIdFromIndex__16cSUPlumbingLayerUiRUi	cSUPlumbingLayer::GetSpriteIdFromIndex(unsigned int, unsigned int &)
0005e0f4	CreateMapSprite__16cSUPlumbingLayerUiUiPPv	cSUPlumbingLayer::CreateMapSprite(unsigned int, unsigned int, void **)
0005e1c0	__20cSUPlumbingMapSpriteR16cSUPlumbingLayer	cSUPlumbingMapSprite::cSUPlumbingMapSprite(cSUPlumbingLayer &)
0005e2a0	_._20cSUPlumbingMapSprite	cSUPlumbingMapSprite::~cSUPlumbingMapSprite(void)
0005e324	BecomeDefunctDueToAge__20cSC3PlumbingBuilding	cSC3PlumbingBuilding::BecomeDefunctDueToAge(void)
0005e674	DoQueryViews__20cSC3PlumbingBuildingR10cGZMessageP13cISC3WinQuery	cSC3PlumbingBuilding::DoQueryViews(cGZMessage &, cISC3WinQuery *)
0005ece0	DoStandardQueryViewInfo__20cSC3PlumbingBuildingR10cGZMessageP21cISC3WinQueryListView	cSC3PlumbingBuilding::DoStandardQueryViewInfo(cGZMessage &, cISC3WinQueryListView *)
00060b48	BecomeDefunctDueToAge__24cSC3PlumbingBuildingAnim	cSC3PlumbingBuildingAnim::BecomeDefunctDueToAge(void)
00060e94	DoQueryViews__24cSC3PlumbingBuildingAnimR10cGZMessageP13cISC3WinQuery	cSC3PlumbingBuildingAnim::DoQueryViews(cGZMessage &, cISC3WinQuery *)
00061510	DoStandardQueryViewInfo__24cSC3PlumbingBuildingAnimR10cGZMessageP21cISC3WinQueryListView	cSC3PlumbingBuildingAnim::DoStandardQueryViewInfo(cGZMessage &, cISC3WinQueryListView *)
00063378	__24cSC3PlumbingBuildingAnim	cSC3PlumbingBuildingAnim::cSC3PlumbingBuildingAnim(void)
000634a0	__29cSC3PlumbingBuildingWaterPump	cSC3PlumbingBuildingWaterPump::cSC3PlumbingBuildingWaterPump(void)
000635b4	__30cSC3PlumbingBuildingWaterTower	cSC3PlumbingBuildingWaterTower::cSC3PlumbingBuildingWaterTower(void)
000636c4	DoStandardQueryViewInfo__30cSC3PlumbingBuildingDesalPlantR10cGZMessageP21cISC3WinQueryListView	cSC3PlumbingBuildingDesalPlant::DoStandardQueryViewInfo(cGZMessage &, cISC3WinQueryListView *)
00064a20	HasBirthdate__C20cSC3PlumbingBuilding	cSC3PlumbingBuilding::HasBirthdate(void) const
00064a30	GetBirthdate__C20cSC3PlumbingBuildingR8cIGZDate	cSC3PlumbingBuilding::GetBirthdate(cIGZDate &) const
00064a64	SetBirthdate__20cSC3PlumbingBuildingRC8cIGZDate	cSC3PlumbingBuilding::SetBirthdate(cIGZDate const &)
00064aa8	SetMaxLifeSpan__20cSC3PlumbingBuildingUi	cSC3PlumbingBuilding::SetMaxLifeSpan(unsigned int)
00064ab8	GetMaxLifeSpan__20cSC3PlumbingBuilding	cSC3PlumbingBuilding::GetMaxLifeSpan(void)
00064ac8	SetDeclineAge__20cSC3PlumbingBuildingUi	cSC3PlumbingBuilding::SetDeclineAge(unsigned int)
00064ad8	GetDeclineAge__20cSC3PlumbingBuilding	cSC3PlumbingBuilding::GetDeclineAge(void)
00064ae8	Kill__20cSC3PlumbingBuilding	cSC3PlumbingBuilding::Kill(void)
00064af8	IsDead__20cSC3PlumbingBuilding	cSC3PlumbingBuilding::IsDead(void)
00064b08	HasBirthdate__C24cSC3PlumbingBuildingAnim	cSC3PlumbingBuildingAnim::HasBirthdate(void) const
00064b18	GetBirthdate__C24cSC3PlumbingBuildingAnimR8cIGZDate	cSC3PlumbingBuildingAnim::GetBirthdate(cIGZDate &) const
00064b4c	SetBirthdate__24cSC3PlumbingBuildingAnimRC8cIGZDate	cSC3PlumbingBuildingAnim::SetBirthdate(cIGZDate const &)
00064b90	SetMaxLifeSpan__24cSC3PlumbingBuildingAnimUi	cSC3PlumbingBuildingAnim::SetMaxLifeSpan(unsigned int)
00064ba0	GetMaxLifeSpan__24cSC3PlumbingBuildingAnim	cSC3PlumbingBuildingAnim::GetMaxLifeSpan(void)
00064bb0	SetDeclineAge__24cSC3PlumbingBuildingAnimUi	cSC3PlumbingBuildingAnim::SetDeclineAge(unsigned int)
00064bc0	GetDeclineAge__24cSC3PlumbingBuildingAnim	cSC3PlumbingBuildingAnim::GetDeclineAge(void)
00064bd0	Kill__24cSC3PlumbingBuildingAnim	cSC3PlumbingBuildingAnim::Kill(void)
00064be0	IsDead__24cSC3PlumbingBuildingAnim	cSC3PlumbingBuildingAnim::IsDead(void)
00064bf0	AsISC3Occupant__20cSC3PlumbingBuilding	cSC3PlumbingBuilding::AsISC3Occupant(void)
00064c00	AsISC3Building__20cSC3PlumbingBuilding	cSC3PlumbingBuilding::AsISC3Building(void)
00064c0c	AsISC3CityAgent__20cSC3PlumbingBuilding	cSC3PlumbingBuilding::AsISC3CityAgent(void)
00064c1c	GetGeomFlag__20cSC3PlumbingBuilding	cSC3PlumbingBuilding::GetGeomFlag(void)
00064c2c	Init__20cSC3PlumbingBuildingP19cISC3OccupantAttrib	cSC3PlumbingBuilding::Init(cISC3OccupantAttrib *)
00064cb0	Shutdown__20cSC3PlumbingBuilding	cSC3PlumbingBuilding::Shutdown(void)
00064cf4	GetSpriteInst__20cSC3PlumbingBuildingUi	cSC3PlumbingBuilding::GetSpriteInst(unsigned int)
00064d54	Init__20cSC3PlumbingBuildingP9cISC3CityP19cISC3OccPersistInfo	cSC3PlumbingBuilding::Init(cISC3City *, cISC3OccPersistInfo *)
00064e68	Save__20cSC3PlumbingBuildingP9cISC3CityR19cISC3OccPersistInfo	cSC3PlumbingBuilding::Save(cISC3City *, cISC3OccPersistInfo &)
00064f38	SetFullCapacity__20cSC3PlumbingBuildingUs	cSC3PlumbingBuilding::SetFullCapacity(unsigned short)
00064f4c	GetFullCapacity__C20cSC3PlumbingBuilding	cSC3PlumbingBuilding::GetFullCapacity(void) const
00064f5c	SetCapacity__20cSC3PlumbingBuildingUs	cSC3PlumbingBuilding::SetCapacity(unsigned short)
00064f70	GetCapacity__C20cSC3PlumbingBuilding	cSC3PlumbingBuilding::GetCapacity(void) const
00064f80	SetProduction__20cSC3PlumbingBuildingUs	cSC3PlumbingBuilding::SetProduction(unsigned short)
00064f94	GetProduction__C20cSC3PlumbingBuilding	cSC3PlumbingBuilding::GetProduction(void) const
00064fa4	SetPumpType__20cSC3PlumbingBuildingUs	cSC3PlumbingBuilding::SetPumpType(unsigned short)
00064fb8	GetPumpType__C20cSC3PlumbingBuilding	cSC3PlumbingBuilding::GetPumpType(void) const
00064fc8	SetWaterDistance__20cSC3PlumbingBuildingUs	cSC3PlumbingBuilding::SetWaterDistance(unsigned short)
00064fdc	GetWaterDistance__C20cSC3PlumbingBuilding	cSC3PlumbingBuilding::GetWaterDistance(void) const
00064ff0	GetAge__20cSC3PlumbingBuilding	cSC3PlumbingBuilding::GetAge(void)
00065064	IsAging__20cSC3PlumbingBuilding	cSC3PlumbingBuilding::IsAging(void)
000650c8	QueryInterface__20cSC3PlumbingBuildingUiPPv	cSC3PlumbingBuilding::QueryInterface(unsigned int, void **)
00065138	AddRef__20cSC3PlumbingBuilding	cSC3PlumbingBuilding::AddRef(void)
00065164	Release__20cSC3PlumbingBuilding	cSC3PlumbingBuilding::Release(void)
00065190	__20cSC3PlumbingBuilding	cSC3PlumbingBuilding::cSC3PlumbingBuilding(void)
00065280	_._20cSC3PlumbingBuilding	cSC3PlumbingBuilding::~cSC3PlumbingBuilding(void)
000652cc	AsISC3Occupant__24cSC3PlumbingBuildingAnim	cSC3PlumbingBuildingAnim::AsISC3Occupant(void)
000652dc	AsISC3Building__24cSC3PlumbingBuildingAnim	cSC3PlumbingBuildingAnim::AsISC3Building(void)
000652e8	AsISC3CityAgent__24cSC3PlumbingBuildingAnim	cSC3PlumbingBuildingAnim::AsISC3CityAgent(void)
000652f8	GetGeomFlag__24cSC3PlumbingBuildingAnim	cSC3PlumbingBuildingAnim::GetGeomFlag(void)
00065308	Init__24cSC3PlumbingBuildingAnimP19cISC3OccupantAttrib	cSC3PlumbingBuildingAnim::Init(cISC3OccupantAttrib *)
0006538c	Shutdown__24cSC3PlumbingBuildingAnim	cSC3PlumbingBuildingAnim::Shutdown(void)
000653d0	GetSpriteInst__24cSC3PlumbingBuildingAnimUi	cSC3PlumbingBuildingAnim::GetSpriteInst(unsigned int)
00065434	Init__24cSC3PlumbingBuildingAnimP9cISC3CityP19cISC3OccPersistInfo	cSC3PlumbingBuildingAnim::Init(cISC3City *, cISC3OccPersistInfo *)
00065548	Save__24cSC3PlumbingBuildingAnimP9cISC3CityR19cISC3OccPersistInfo	cSC3PlumbingBuildingAnim::Save(cISC3City *, cISC3OccPersistInfo &)
00065618	SetFullCapacity__24cSC3PlumbingBuildingAnimUs	cSC3PlumbingBuildingAnim::SetFullCapacity(unsigned short)
0006562c	GetFullCapacity__C24cSC3PlumbingBuildingAnim	cSC3PlumbingBuildingAnim::GetFullCapacity(void) const
0006563c	SetCapacity__24cSC3PlumbingBuildingAnimUs	cSC3PlumbingBuildingAnim::SetCapacity(unsigned short)
00065650	GetCapacity__C24cSC3PlumbingBuildingAnim	cSC3PlumbingBuildingAnim::GetCapacity(void) const
00065660	SetProduction__24cSC3PlumbingBuildingAnimUs	cSC3PlumbingBuildingAnim::SetProduction(unsigned short)
00065674	GetProduction__C24cSC3PlumbingBuildingAnim	cSC3PlumbingBuildingAnim::GetProduction(void) const
00065684	SetPumpType__24cSC3PlumbingBuildingAnimUs	cSC3PlumbingBuildingAnim::SetPumpType(unsigned short)
00065698	GetPumpType__C24cSC3PlumbingBuildingAnim	cSC3PlumbingBuildingAnim::GetPumpType(void) const
000656a8	SetWaterDistance__24cSC3PlumbingBuildingAnimUs	cSC3PlumbingBuildingAnim::SetWaterDistance(unsigned short)
000656bc	GetWaterDistance__C24cSC3PlumbingBuildingAnim	cSC3PlumbingBuildingAnim::GetWaterDistance(void) const
000656d0	GetAge__24cSC3PlumbingBuildingAnim	cSC3PlumbingBuildingAnim::GetAge(void)
00065744	IsAging__24cSC3PlumbingBuildingAnim	cSC3PlumbingBuildingAnim::IsAging(void)
000657a8	QueryInterface__24cSC3PlumbingBuildingAnimUiPPv	cSC3PlumbingBuildingAnim::QueryInterface(unsigned int, void **)
00065818	AddRef__24cSC3PlumbingBuildingAnim	cSC3PlumbingBuildingAnim::AddRef(void)
00065844	Release__24cSC3PlumbingBuildingAnim	cSC3PlumbingBuildingAnim::Release(void)
00065870	_._24cSC3PlumbingBuildingAnim	cSC3PlumbingBuildingAnim::~cSC3PlumbingBuildingAnim(void)
000658dc	_._29cSC3PlumbingBuildingWaterPump	cSC3PlumbingBuildingWaterPump::~cSC3PlumbingBuildingWaterPump(void)
0006593c	_._30cSC3PlumbingBuildingWaterTower	cSC3PlumbingBuildingWaterTower::~cSC3PlumbingBuildingWaterTower(void)
0006599c	__30cSC3PlumbingBuildingDesalPlant	cSC3PlumbingBuildingDesalPlant::cSC3PlumbingBuildingDesalPlant(void)
000659f0	_._30cSC3PlumbingBuildingDesalPlant	cSC3PlumbingBuildingDesalPlant::~cSC3PlumbingBuildingDesalPlant(void)
00065a94	__17cRZCOMDllDirector	cRZCOMDllDirector::cRZCOMDllDirector(void)
00065d24	_._17cRZCOMDllDirector	cRZCOMDllDirector::~cRZCOMDllDirector(void)
00065e64	InitializeCOM__17cRZCOMDllDirectorP7cIGZCOMR10cIGZString	cRZCOMDllDirector::InitializeCOM(cIGZCOM *, cIGZString &)
00066154	OnStart__17cRZCOMDllDirectorP7cIGZCOM	cRZCOMDllDirector::OnStart(cIGZCOM *)
000662b0	GetClassObject__17cRZCOMDllDirectorUiUiPPv	cRZCOMDllDirector::GetClassObject(unsigned int, unsigned int, void **)
000663c8	EnumClassObjects__17cRZCOMDllDirectorPFUiUiPv_vPv	cRZCOMDllDirector::EnumClassObjects(void (*)(unsigned int, unsigned int, void *), void *)
000664a8	AddDirector__17cRZCOMDllDirectorP17cRZCOMDllDirector	cRZCOMDllDirector::AddDirector(cRZCOMDllDirector *)
00066550	OnUnload__17cRZCOMDllDirector	cRZCOMDllDirector::OnUnload(void)
00066560	GZCOM__Fv	GZCOM(void)
00066590	GZDllGetGZCOMDirector	GZDllGetGZCOMDirector
000665b0	QueryInterface__17cRZCOMDllDirectorUiPPv	cRZCOMDllDirector::QueryInterface(unsigned int, void **)
0006662c	FrameWork__17cRZCOMDllDirector	cRZCOMDllDirector::FrameWork(void)
0006663c	AddRef__17cRZCOMDllDirector	cRZCOMDllDirector::AddRef(void)
00066658	Release__17cRZCOMDllDirector	cRZCOMDllDirector::Release(void)
00066680	RemoveRef__17cRZCOMDllDirector	cRZCOMDllDirector::RemoveRef(void)
00066698	RefCount__17cRZCOMDllDirector	cRZCOMDllDirector::RefCount(void)
000666ac	ModuleName__17cRZCOMDllDirectorR10cIGZString	cRZCOMDllDirector::ModuleName(cIGZString &)
000666e0	CanUnloadNow__17cRZCOMDllDirector	cRZCOMDllDirector::CanUnloadNow(void)
00066738	AddCls__17cRZCOMDllDirectorUiPFv_P11cIGZUnknownUi	cRZCOMDllDirector::AddCls(unsigned int, cIGZUnknown *(*)(void), unsigned int)
0006678c	AppRegister__17cRZCOMDllDirectorP12cIGZRegistry	cRZCOMDllDirector::AppRegister(cIGZRegistry *)
000667e4	PreFrameWorkInit__17cRZCOMDllDirector	cRZCOMDllDirector::PreFrameWorkInit(void)
000667f0	PreAppInit__17cRZCOMDllDirector	cRZCOMDllDirector::PreAppInit(void)
000667fc	PostAppInit__17cRZCOMDllDirector	cRZCOMDllDirector::PostAppInit(void)
00066808	PreAppShutdown__17cRZCOMDllDirector	cRZCOMDllDirector::PreAppShutdown(void)
00066814	PostAppShutdown__17cRZCOMDllDirector	cRZCOMDllDirector::PostAppShutdown(void)
00066820	PostSystemServiceShutdown__17cRZCOMDllDirector	cRZCOMDllDirector::PostSystemServiceShutdown(void)
0006682c	AbortiveQuit__17cRZCOMDllDirector	cRZCOMDllDirector::AbortiveQuit(void)
00066838	OnInstall__17cRZCOMDllDirector	cRZCOMDllDirector::OnInstall(void)
00066844	GZCOM__17cRZCOMDllDirector	cRZCOMDllDirector::GZCOM(void)
00066860	__out_of_range__FPCc	__out_of_range(char const *)
00066ac8	__length_error__FPCc	__length_error(char const *)
00066d28	__11logic_errorRCt12basic_string3ZcZt18string_char_traits1ZcZt24__default_alloc_template2b1i0	logic_error::logic_error(basic_string<char, string_char_traits<char>, __default_alloc_template<true, 0> > const &)
00066d84	what__C11logic_error	logic_error::what(void) const
00066dac	__12domain_errorRCt12basic_string3ZcZt18string_char_traits1ZcZt24__default_alloc_template2b1i0	domain_error::domain_error(basic_string<char, string_char_traits<char>, __default_alloc_template<true, 0> > const &)
00066e0c	__16invalid_argumentRCt12basic_string3ZcZt18string_char_traits1ZcZt24__default_alloc_template2b1i0	invalid_argument::invalid_argument(basic_string<char, string_char_traits<char>, __default_alloc_template<true, 0> > const &)
00066e6c	__12length_errorRCt12basic_string3ZcZt18string_char_traits1ZcZt24__default_alloc_template2b1i0	length_error::length_error(basic_string<char, string_char_traits<char>, __default_alloc_template<true, 0> > const &)
00066ecc	__12out_of_rangeRCt12basic_string3ZcZt18string_char_traits1ZcZt24__default_alloc_template2b1i0	out_of_range::out_of_range(basic_string<char, string_char_traits<char>, __default_alloc_template<true, 0> > const &)
00066f2c	__13runtime_errorRCt12basic_string3ZcZt18string_char_traits1ZcZt24__default_alloc_template2b1i0	runtime_error::runtime_error(basic_string<char, string_char_traits<char>, __default_alloc_template<true, 0> > const &)
00066f8c	what__C13runtime_error	runtime_error::what(void) const
00066fb0	__13runtime_error	runtime_error::runtime_error(void)
00067014	__11range_errorRCt12basic_string3ZcZt18string_char_traits1ZcZt24__default_alloc_template2b1i0	range_error::range_error(basic_string<char, string_char_traits<char>, __default_alloc_template<true, 0> > const &)
0006706c	__14overflow_errorRCt12basic_string3ZcZt18string_char_traits1ZcZt24__default_alloc_template2b1i0	overflow_error::overflow_error(basic_string<char, string_char_traits<char>, __default_alloc_template<true, 0> > const &)
000670cc	__15underflow_errorRCt12basic_string3ZcZt18string_char_traits1ZcZt24__default_alloc_template2b1i0	underflow_error::underflow_error(basic_string<char, string_char_traits<char>, __default_alloc_template<true, 0> > const &)
00067130	__7istreamiP9streambufP7ostream	istream::istream(int, streambuf *, ostream *)
000671e4	skip_ws__FP9streambuf	skip_ws(streambuf *)
00067218	get__7istreamRc	istream::get(char &)
000672f8	peek__7istream	istream::peek(void)
00067354	ignore__7istreamii	istream::ignore(int, int)
0006744c	read__7istreamPci	istream::read(char *, int)
00067524	sync__7istream	istream::sync(void)
00067564	seekg__7istreamx	istream::seekg(long long)
0006759c	seekg__7istreamxQ23ios8seek_dir	istream::seekg(long long, ios::seek_dir)
000675dc	tellg__7istream	istream::tellg(void)
0006761c	__rs__7istreamRc	istream::operator>>(char &)
00067704	__rs__7istreamPc	istream::operator>>(char *)
00067b20	__rs__7istreamRs	istream::operator>>(short &)
00067b64	__rs__7istreamRUs	istream::operator>>(unsigned short &)
00067ba8	__rs__7istreamRi	istream::operator>>(int &)
00067be8	__rs__7istreamRUi	istream::operator>>(unsigned int &)
00067c28	__rs__7istreamRl	istream::operator>>(long &)
00067c68	__rs__7istreamRUl	istream::operator>>(unsigned long &)
00067ca8	__rs__7istreamRx	istream::operator>>(long long &)
00067cf0	__rs__7istreamRUx	istream::operator>>(unsigned long long &)
00067d38	__rs__7istreamRb	istream::operator>>(bool &)
00067d84	__rs__7istreamRr	istream::operator>>(long double &)
00067e58	__rs__7istreamRd	istream::operator>>(double &)
00067f28	__rs__7istreamRf	istream::operator>>(float &)
00067ff8	__rs__7istreamP9streambuf	istream::operator>>(streambuf *)
000680fc	__ls__7ostreamc	ostream::operator<<(char)
0006846c	__ls__7ostreami	ostream::operator<<(int)
00068518	__ls__7ostreamUi	ostream::operator<<(unsigned int)
000685a8	__ls__7ostreaml	ostream::operator<<(long)
00068654	__ls__7ostreamUl	ostream::operator<<(unsigned long)
000686e4	__ls__7ostreamx	ostream::operator<<(long long)
00068798	__ls__7ostreamUx	ostream::operator<<(unsigned long long)
00068828	__ls__7ostreamd	ostream::operator<<(double)
000689d8	__ls__7ostreamr	ostream::operator<<(long double)
00068b8c	__ls__7ostreamPCc	ostream::operator<<(char const *)
00068d18	__ls__7ostreamP9streambuf	ostream::operator<<(streambuf *)
00068e30	__7ostreamiP9streambufP7ostream	ostream::ostream(int, streambuf *, ostream *)
00068edc	seekp__7ostreamx	ostream::seekp(long long)
00068f14	seekp__7ostreamxQ23ios8seek_dir	ostream::seekp(long long, ios::seek_dir)
00068f54	tellp__7ostream	ostream::tellp(void)
00068f94	flush__7ostream	ostream::flush(void)
00068fc4	flush__FR7ostream	flush(ostream &)
00068fdc	ws__FR7istream	ws(istream &)
000690b8	_skip_ws__7istream	istream::_skip_ws(void)
00069100	ends__FR7ostream	ends(ostream &)
00069124	endl__FR7ostream	endl(ostream &)
00069150	lock__FR7istream	lock(istream &)
00069170	unlock__FR7istream	unlock(istream &)
00069190	lock__FR7ostream	lock(ostream &)
000691b0	unlock__FR7ostream	unlock(ostream &)
000691d0	write__7ostreamPCci	ostream::write(char const *, int)
000692a4	do_osfx__7ostream	ostream::do_osfx(void)
000692f0	__8iostreamiP9streambufP7ostream	iostream::iostream(int, streambuf *, ostream *)
000693b4	close__3ios	ios::close(void)
000693f8	skip__7istreami	istream::skip(int)
00069420	__7ostreami	ostream::ostream(int)
00069480	opfx__7ostream	ostream::opfx(void)
000694c4	osfx__7ostream	ostream::osfx(void)
000694f8	put__7ostreamc	ostream::put(char)
00069520	put__7ostreamUc	ostream::put(unsigned char)
00069548	put__7ostreamSc	ostream::put(signed char)
00069570	write__7ostreamPCUci	ostream::write(unsigned char const *, int)
00069590	write__7ostreamPCSci	ostream::write(signed char const *, int)
000695b0	write__7ostreamPCvi	ostream::write(void const *, int)
000695d0	__ls__7ostreamUc	ostream::operator<<(unsigned char)
000695ec	__ls__7ostreamSc	ostream::operator<<(signed char)
00069608	__ls__7ostreamPCUc	ostream::operator<<(unsigned char const *)
00069624	__ls__7ostreamPCSc	ostream::operator<<(signed char const *)
00069640	__ls__7ostreams	ostream::operator<<(short)
0006965c	__ls__7ostreamUs	ostream::operator<<(unsigned short)
00069678	__ls__7ostreamb	ostream::operator<<(bool)
00069694	__ls__7ostreamf	ostream::operator<<(float)
000696b4	__ls__7ostreamPFR7ostream_R7ostream	ostream::operator<<(ostream &(*)(ostream &))
000696cc	__ls__7ostreamPFR3ios_R3ios	ostream::operator<<(ios &(*)(ios &))
000696ec	ostreambuf__C7ostream	ostream::ostreambuf(void) const
000696fc	__7istreami	istream::istream(int)
00069764	get__7istreamPUcic	istream::get(unsigned char *, int, char)
00069788	get__7istreamRUc	istream::get(unsigned char &)
000697a4	getline__7istreamPUcic	istream::getline(unsigned char *, int, char)
000697c8	get__7istreamRSc	istream::get(signed char &)
000697e4	get__7istreamPScic	istream::get(signed char *, int, char)
00069808	getline__7istreamPScic	istream::getline(signed char *, int, char)
0006982c	read__7istreamPUci	istream::read(unsigned char *, int)
0006984c	read__7istreamPSci	istream::read(signed char *, int)
0006986c	read__7istreamPvi	istream::read(void *, int)
0006988c	ipfx__7istreami	istream::ipfx(int)
00069910	ipfx0__7istream	istream::ipfx0(void)
00069974	ipfx1__7istream	istream::ipfx1(void)
000699c8	isfx__7istream	istream::isfx(void)
000699e4	get__7istream	istream::get(void)
00069a68	gcount__7istream	istream::gcount(void)
00069a78	putback__7istreamc	istream::putback(char)
00069ab0	unget__7istream	istream::unget(void)
00069ae4	unget__7istreamc	istream::unget(char)
00069b1c	istreambuf__C7istream	istream::istreambuf(void) const
00069b2c	__rs__7istreamPUc	istream::operator>>(unsigned char *)
00069b48	__rs__7istreamPSc	istream::operator>>(signed char *)
00069b64	__rs__7istreamRUc	istream::operator>>(unsigned char &)
00069b80	__rs__7istreamRSc	istream::operator>>(signed char &)
00069b9c	__rs__7istreamPFR3ios_R3ios	istream::operator>>(ios &(*)(ios &))
00069bbc	__rs__7istreamPFR7istream_R7istream	istream::operator>>(istream &(*)(istream &))
00069bd4	__8iostreami	iostream::iostream(int)
00069c54	__as__22_IO_istream_withassignR22_IO_istream_withassign	_IO_istream_withassign::operator=(_IO_istream_withassign &)
00069c70	__as__22_IO_ostream_withassignR22_IO_ostream_withassign	_IO_ostream_withassign::operator=(_IO_ostream_withassign &)
00069c8c	dec__FR3ios	dec(ios &)
00069ca4	hex__FR3ios	hex(ios &)
00069cbc	oct__FR3ios	oct(ios &)
00069ce0	getline__7istreamPcic	istream::getline(char *, int, char)
00069e4c	get__7istreamPcic	istream::get(char *, int, char)
00069f58	_sb_readline__FP9streambufRlc	_sb_readline(streambuf *, long &, char)
0006a074	gets__7istreamPPcc	istream::gets(char **, char)
0006a180	scan__7istreamPCce	istream::scan(char const *,...)
0006a258	vscan__7istreamPCcPv	istream::vscan(char const *, void *)
0006a328	vscan__9streambufPCcPvP3ios	streambuf::vscan(char const *, void *, ios *)
0006a364	scan__9streambufPCce	streambuf::scan(char const *,...)
0006a384	sync_with_stdio__3iosi	ios::sync_with_stdio(int)
0006a390	_un_link__9streambuf	streambuf::_un_link(void)
0006a3a8	_link_in__9streambuf	streambuf::_link_in(void)
0006a3c0	switch_to_get_mode__9streambuf	streambuf::switch_to_get_mode(void)
0006a3d8	free_backup_area__9streambuf	streambuf::free_backup_area(void)
0006a3f0	__overflow__FP9streambufi	__overflow(streambuf *, int)
0006a410	underflow__9streambuf	streambuf::underflow(void)
0006a41c	uflow__9streambuf	streambuf::uflow(void)
0006a434	overflow__9streambufi	streambuf::overflow(int)
0006a440	xsputn__9streambufPCci	streambuf::xsputn(char const *, int)
0006a460	xsgetn__9streambufPci	streambuf::xsgetn(char *, int)
0006a480	ignore__9streambufi	streambuf::ignore(int)
0006a4d0	sync__9streambuf	streambuf::sync(void)
0006a4dc	pbackfail__9streambufi	streambuf::pbackfail(int)
0006a4f8	setbuf__9streambufPci	streambuf::setbuf(char *, int)
0006a598	seekpos__9streambufxi	streambuf::seekpos(long long, int)
0006a5c8	sseekpos__9streambufxi	streambuf::sseekpos(long long, int)
0006a5e8	setb__9streambufPcT1i	streambuf::setb(char *, char *, int)
0006a60c	doallocate__9streambuf	streambuf::doallocate(void)
0006a624	doallocbuf__9streambuf	streambuf::doallocbuf(void)
0006a63c	__9streambufi	streambuf::streambuf(int)
0006a678	_._9streambuf	streambuf::~streambuf(void)
0006a6d8	seekoff__9streambufxQ23ios8seek_diri	streambuf::seekoff(long long, ios::seek_dir, int)
0006a6ec	sseekoff__9streambufxQ23ios8seek_diri	streambuf::sseekoff(long long, ios::seek_dir, int)
0006a714	sputbackc__9streambufc	streambuf::sputbackc(char)
0006a730	sungetc__9streambuf	streambuf::sungetc(void)
0006a748	get_column__9streambuf	streambuf::get_column(void)
0006a77c	set_column__9streambufi	streambuf::set_column(int)
0006a790	flush_all__9streambuf	streambuf::flush_all(void)
0006a7a0	flush_all_linebuffered__9streambuf	streambuf::flush_all_linebuffered(void)
0006a7b0	sys_stat__9streambufPv	streambuf::sys_stat(void *)
0006a7cc	sys_read__9streambufPci	streambuf::sys_read(char *, int)
0006a7d8	sys_write__9streambufPCci	streambuf::sys_write(char const *, int)
0006a7e4	sys_seek__9streambufxQ23ios8seek_dir	streambuf::sys_seek(long long, ios::seek_dir)
0006a7f8	sys_close__9streambuf	streambuf::sys_close(void)
0006a804	showmanyc__9streambuf	streambuf::showmanyc(void)
0006a810	imbue__9streambufPv	streambuf::imbue(void *)
0006a818	__12streammarkerP9streambuf	streammarker::streammarker(streambuf *)
0006a838	_._12streammarker	streammarker::~streammarker(void)
0006a86c	delta__12streammarkerR12streammarker	streammarker::delta(streammarker &)
0006a888	delta__12streammarker	streammarker::delta(void)
0006a8a0	seekmark__9streambufR12streammarkeri	streambuf::seekmark(streammarker &, int)
0006a8c0	unsave_markers__9streambuf	streambuf::unsave_markers(void)
0006a8d8	readable__3ios	ios::readable(void)
0006a8f0	writable__3ios	ios::writable(void)
0006a908	is_open__3ios	ios::is_open(void)
0006a92c	tie__C3ios	ios::tie(void) const
0006a93c	tie__3iosP7ostream	ios::tie(ostream *)
0006a954	fill__C3ios	ios::fill(void) const
0006a964	fill__3iosw	ios::fill(wchar_t)
0006a97c	flags__C3ios	ios::flags(void) const
0006a98c	flags__3iosUl	ios::flags(unsigned long)
0006a9a4	precision__C3ios	ios::precision(void) const
0006a9b4	precision__3iosi	ios::precision(int)
0006a9cc	setf__3iosUl	ios::setf(unsigned long)
0006a9e4	setf__3iosUlUl	ios::setf(unsigned long, unsigned long)
0006aa08	unsetf__3iosUl	ios::unsetf(unsigned long)
0006aa24	width__C3ios	ios::width(void) const
0006aa34	width__3iosi	ios::width(int)
0006aa4c	_throw_failure__C3ios	ios::_throw_failure(void) const
0006aa54	clear__3iosi	ios::clear(int)
0006aa70	set__3iosi	ios::set(int)
0006aa80	setstate__3iosi	ios::setstate(int)
0006aa90	good__C3ios	ios::good(void) const
0006aaa4	eof__C3ios	ios::eof(void) const
0006aab8	fail__C3ios	ios::fail(void) const
0006aacc	bad__C3ios	ios::bad(void) const
0006aae0	rdstate__C3ios	ios::rdstate(void) const
0006aaf0	__opPv__C3ios	ios::operator void *(void) const
0006ab0c	__nt__C3ios	ios::operator!(void) const
0006ab20	exceptions__C3ios	ios::exceptions(void) const
0006ab30	exceptions__3iosi	ios::exceptions(int)
0006ab40	rdbuf__C3ios	ios::rdbuf(void) const
0006ab4c	rdbuf__3iosP9streambuf	ios::rdbuf(streambuf *)
0006ab6c	sync_with_stdio__3ios	ios::sync_with_stdio(void)
0006ab80	unset__3ios11state_value	ios::unset(state_value)
0006ab94	__Q23ios4Init	ios::Init::Init(void)
0006aba0	set_offset__12streammarkeri	streammarker::set_offset(int)
0006abb0	saving__12streammarker	streammarker::saving(void)
0006abbc	_vtable__9streambuf	streambuf::_vtable(void)
0006abcc	xchain__9streambuf	streambuf::xchain(void)
0006abdc	gptr__C9streambuf	streambuf::gptr(void) const
0006abf8	pptr__C9streambuf	streambuf::pptr(void) const
0006ac08	egptr__C9streambuf	streambuf::egptr(void) const
0006ac28	epptr__C9streambuf	streambuf::epptr(void) const
0006ac38	pbase__C9streambuf	streambuf::pbase(void) const
0006ac48	eback__C9streambuf	streambuf::eback(void) const
0006ac68	base__C9streambuf	streambuf::base(void) const
0006ac78	ebuf__C9streambuf	streambuf::ebuf(void) const
0006ac88	blen__C9streambuf	streambuf::blen(void) const
0006ac9c	xput_char__9streambufc	streambuf::xput_char(char)
0006acb4	xflags__9streambuf	streambuf::xflags(void)
0006acc0	xflags__9streambufi	streambuf::xflags(int)
0006acd4	xsetflags__9streambufi	streambuf::xsetflags(int)
0006ace4	xsetflags__9streambufii	streambuf::xsetflags(int, int)
0006ad00	gbump__9streambufi	streambuf::gbump(int)
0006ad1c	pbump__9streambufi	streambuf::pbump(int)
0006ad30	setp__9streambufPcT1	streambuf::setp(char *, char *)
0006ad4c	setg__9streambufPcN21	streambuf::setg(char *, char *, char *)
0006ad80	shortbuf__9streambuf	streambuf::shortbuf(void)
0006ad90	in_backup__9streambuf	streambuf::in_backup(void)
0006ada4	Gbase__9streambuf	streambuf::Gbase(void)
0006adbc	eGptr__9streambuf	streambuf::eGptr(void)
0006add8	Bbase__9streambuf	streambuf::Bbase(void)
0006adf8	Bptr__9streambuf	streambuf::Bptr(void)
0006ae08	eBptr__9streambuf	streambuf::eBptr(void)
0006ae28	Nbase__9streambuf	streambuf::Nbase(void)
0006ae38	eNptr__9streambuf	streambuf::eNptr(void)
0006ae48	have_backup__9streambuf	streambuf::have_backup(void)
0006ae5c	have_markers__9streambuf	streambuf::have_markers(void)
0006ae70	put_mode__9streambuf	streambuf::put_mode(void)
0006ae84	pubseekoff__9streambufxQ23ios8seek_diri	streambuf::pubseekoff(long long, ios::seek_dir, int)
0006aeac	pubseekpos__9streambufxi	streambuf::pubseekpos(long long, int)
0006aecc	unbuffered__9streambuf	streambuf::unbuffered(void)
0006aee0	linebuffered__9streambuf	streambuf::linebuffered(void)
0006aef4	unbuffered__9streambufi	streambuf::unbuffered(int)
0006af0c	linebuffered__9streambufi	streambuf::linebuffered(int)
0006af28	allocate__9streambuf	streambuf::allocate(void)
0006af54	allocbuf__9streambuf	streambuf::allocbuf(void)
0006af70	in_avail__9streambuf	streambuf::in_avail(void)
0006af84	out_waiting__9streambuf	streambuf::out_waiting(void)
0006af98	sputn__9streambufPCci	streambuf::sputn(char const *, int)
0006afc0	padn__9streambufci	streambuf::padn(char, int)
0006afe0	sgetn__9streambufPci	streambuf::sgetn(char *, int)
0006b000	sputc__9streambufi	streambuf::sputc(int)
0006b01c	sbumpc__9streambuf	streambuf::sbumpc(void)
0006b034	sgetc__9streambuf	streambuf::sgetc(void)
0006b04c	snextc__9streambuf	streambuf::snextc(void)
0006b084	stossc__9streambuf	streambuf::stossc(void)
0006b09c	is_open__C7filebuf	filebuf::is_open(void) const
0006b0b0	fd__C7filebuf	filebuf::fd(void) const
0006b0cc	is_reading__7filebuf	filebuf::is_reading(void)
0006b100	cur_ptr__7filebuf	filebuf::cur_ptr(void)
0006b140	file_ptr__7filebuf	filebuf::file_ptr(void)
0006b158	init__3iosP9streambufP7ostream	ios::init(streambuf *, ostream *)
0006b1a8	__3iosP9streambufP7ostream	ios::ios(streambuf *, ostream *)
0006b1fc	_._3ios	ios::~ios(void)
0006b240	init__7filebuf	filebuf::init(void)
0006b258	__7filebuf	filebuf::filebuf(void)
0006b2b8	__7filebufi	filebuf::filebuf(int)
0006b31c	__7filebufiPci	filebuf::filebuf(int, char *, int)
0006b39c	_._7filebuf	filebuf::~filebuf(void)
0006b3f8	open__7filebufPCcii	filebuf::open(char const *, int, int)
0006b4a8	open__7filebufPCcT1	filebuf::open(char const *, char const *)
0006b4c8	attach__7filebufi	filebuf::attach(int)
0006b4e4	setbuf__7filebufPci	filebuf::setbuf(char *, int)
0006b504	doallocate__7filebuf	filebuf::doallocate(void)
0006b51c	overflow__7filebufi	filebuf::overflow(int)
0006b538	underflow__7filebuf	filebuf::underflow(void)
0006b550	sync__7filebuf	filebuf::sync(void)
0006b568	seekoff__7filebufxQ23ios8seek_diri	filebuf::seekoff(long long, ios::seek_dir, int)
0006b590	close__7filebuf	filebuf::close(void)
0006b5b4	sys_read__7filebufPci	filebuf::sys_read(char *, int)
0006b5d4	sys_seek__7filebufxQ23ios8seek_dir	filebuf::sys_seek(long long, ios::seek_dir)
0006b5f4	sys_write__7filebufPCci	filebuf::sys_write(char const *, int)
0006b614	sys_stat__7filebufPv	filebuf::sys_stat(void *)
0006b630	sys_close__7filebuf	filebuf::sys_close(void)
0006b648	xsputn__7filebufPCci	filebuf::xsputn(char const *, int)
0006b668	xsgetn__7filebufPci	filebuf::xsgetn(char *, int)
0006b690	__as__22_IO_istream_withassignR7istream	_IO_istream_withassign::operator=(istream &)
0006b6f4	__as__22_IO_ostream_withassignR7ostream	_IO_ostream_withassign::operator=(ostream &)
0006b750	__divdi3	__divdi3
0006b8f4	__default_terminate	__default_terminate
0006b910	__terminate	__terminate
0006b938	__throw_type_match	__throw_type_match
0006b96c	__empty	__empty
0006b9c8	__get_eh_context	__get_eh_context
0006b9ec	__get_eh_info	__get_eh_info
0006ba9c	__get_dynamic_handler_chain	__get_dynamic_handler_chain
0006bac4	__sjthrow	__sjthrow
0006bbd4	__sjpopnthrow	__sjpopnthrow
0006bccc	__eh_rtime_match	__eh_rtime_match
0006bd24	__get_eh_table_version	__get_eh_table_version
0006bd34	__get_eh_table_language	__get_eh_table_language
0006bfd8	__unwinding_cleanup	__unwinding_cleanup
0006c348	__throw	__throw
0006c408	__rethrow	__rethrow
0006c4d4	__pure_virtual	__pure_virtual
0006c510	__udivdi3	__udivdi3
0006c630	__umoddi3	__umoddi3
0006c7c4	terminate__Fv	terminate(void)
0006c7e4	__default_unexpected__Fv	__default_unexpected(void)
0006c800	set_terminate__FPFv_v	set_terminate(void (*)(void))
0006c828	set_unexpected__FPFv_v	set_unexpected(void (*)(void))
0006c854	unexpected__Fv	unexpected(void)
0006c874	__cp_exception_info	__cp_exception_info
0006c89c	__cp_eh_info	__cp_eh_info
0006c8c0	__start_cp_handler	__start_cp_handler
0006c8ec	__eh_alloc	__eh_alloc
0006c924	__eh_free	__eh_free
0006c950	__cplus_type_matcher	__cplus_type_matcher
0006c9bc	__cp_push_exception	__cp_push_exception
0006ca30	__cp_pop_exception	__cp_pop_exception
0006cae0	__uncatch_exception	__uncatch_exception
0006cb10	__check_eh_spec	__check_eh_spec
0006cce4	__throw_bad_cast	__throw_bad_cast
0006cd88	__throw_bad_typeid	__throw_bad_typeid
0006ce28	uncaught_exception__Fv	uncaught_exception(void)
0006ce5c	what__C9exception	exception::what(void) const
0006ce84	__9exception	exception::exception(void)
0006ceac	_._9exception	exception::~exception(void)
0006cee4	__13bad_exception	bad_exception::bad_exception(void)
0006cf14	_._13bad_exception	bad_exception::~bad_exception(void)
0006d9d4	__register_frame_info	__register_frame_info
0006da20	__register_frame	__register_frame
0006da58	__register_frame_info_table	__register_frame_info_table
0006daa0	__register_frame_table	__register_frame_table
0006dad8	__deregister_frame_info	__deregister_frame_info
0006db40	__deregister_frame	__deregister_frame
0006db74	__frame_state_for	__frame_state_for
0006ddf4	__builtin_delete	__builtin_delete
0006de94	__builtin_new	__builtin_new
0006dff4	__builtin_vec_delete	__builtin_vec_delete
0006e094	__builtin_vec_new	__builtin_vec_new
0006e144	_._9type_info	type_info::~type_info(void)
0006e17c	__eq__C9type_infoRC9type_info	type_info::operator==(type_info const &) const
0006e1c0	__rtti_class	__rtti_class
0006e20c	__rtti_si	__rtti_si
0006e254	__rtti_user	__rtti_user
0006e28c	dcast__C16__user_type_infoRC9type_infoiPvPC9type_infoT3	__user_type_info::dcast(type_info const &, int, void *, type_info const *, void *) const
0006e2c4	dcast__C14__si_type_infoRC9type_infoiPvPC9type_infoT3	__si_type_info::dcast(type_info const &, int, void *, type_info const *, void *) const
0006e324	dcast__C17__class_type_infoRC9type_infoiPvPC9type_infoT3	__class_type_info::dcast(type_info const &, int, void *, type_info const *, void *) const
0006e474	__9type_infoPCc	type_info::type_info(char const *)
0006e49c	name__C9type_info	type_info::name(void) const
0006e4ac	__ne__C9type_infoRC9type_info	type_info::operator!=(type_info const &) const
0006e4dc	__8bad_cast	bad_cast::bad_cast(void)
0006e50c	_._8bad_cast	bad_cast::~bad_cast(void)
0006e54c	__10bad_typeid	bad_typeid::bad_typeid(void)
0006e57c	_._10bad_typeid	bad_typeid::~bad_typeid(void)
0006e5bc	__16__user_type_infoPCc	__user_type_info::__user_type_info(char const *)
0006e5f0	__14__si_type_infoPCcRC16__user_type_info	__si_type_info::__si_type_info(char const *, __user_type_info const &)
0006e638	__17__class_type_infoPCcPCQ217__class_type_info9base_infoUi	__class_type_info::__class_type_info(char const *, __class_type_info::base_info const *, unsigned int)
0006e694	before__C9type_infoRC9type_info	type_info::before(type_info const &) const
0006e6c8	__throw_type_match_rtti	__throw_type_match_rtti
0006eb60	__is_pointer__FPv	__is_pointer(void *)
0006ebb4	__rtti_ptr	__rtti_ptr
0006ebf0	__rtti_attr	__rtti_attr
0006ec34	__rtti_func	__rtti_func
0006ec6c	__rtti_ptmf	__rtti_ptmf
0006eca4	__rtti_ptmd	__rtti_ptmd
0006ecdc	__rtti_array	__rtti_array
0006ed14	__dynamic_cast	__dynamic_cast
0006ed68	__tfv	void type_info function
0006edb0	__tfx	long long type_info function
0006edf8	__tfl	long type_info function
0006ee40	__tfi	int type_info function
0006ee88	__tfs	short type_info function
0006eed0	__tfb	bool type_info function
0006ef18	__tfc	char type_info function
0006ef60	__tfw	wchar_t type_info function
0006efa8	__tfr	long double type_info function
0006eff0	__tfd	double type_info function
0006f038	__tff	float type_info function
0006f080	__tfUi	unsigned int type_info function
0006f0c8	__tfUl	unsigned long type_info function
0006f110	__tfUx	unsigned long long type_info function
0006f158	__tfUs	unsigned short type_info function
0006f1a0	__tfUc	unsigned char type_info function
0006f1e8	__tfSc	signed char type_info function
0006f230	set_new_handler__FPFv_v	set_new_handler(void (*)(void))
0006f258	what__C9bad_alloc	bad_alloc::what(void) const
0006f278	__nw__FUiPv	operator new(unsigned int, void *)
0006f294	__vn__FUiPv	operator new [](unsigned int, void *)
0006f324	_S_chunk_alloc__t24__default_alloc_template2b1i0UiRi	__default_alloc_template<true, 0>::_S_chunk_alloc(unsigned int, int &)
0006f4d4	clone__Q2t12basic_string3ZcZt18string_char_traits1ZcZt24__default_alloc_template2b1i0_3Rep	basic_string<char, string_char_traits<char>, __default_alloc_template<true, 0> >::Rep::clone(void)
0006f6f4	alloc__t12basic_string3ZcZt18string_char_traits1ZcZt24__default_alloc_template2b1i0Uib	basic_string<char, string_char_traits<char>, __default_alloc_template<true, 0> >::alloc(unsigned int, bool)
0006f9d4	replace__t12basic_string3ZcZt18string_char_traits1ZcZt24__default_alloc_template2b1i0UiUiUic	basic_string<char, string_char_traits<char>, __default_alloc_template<true, 0> >::replace(unsigned int, unsigned int, unsigned int, char)
0006fda4	replace__t12basic_string3ZcZt18string_char_traits1ZcZt24__default_alloc_template2b1i0UiUiPCcUi	basic_string<char, string_char_traits<char>, __default_alloc_template<true, 0> >::replace(unsigned int, unsigned int, char const *, unsigned int)
00070184	replace__t12basic_string3ZcZt18string_char_traits1ZcZt24__default_alloc_template2b1i0UiUiRCt12basic_string3ZcZt18string_char_traits1ZcZt24__default_alloc_template2b1i0UiUi	basic_string<char, string_char_traits<char>, __default_alloc_template<true, 0> >::replace(unsigned int, unsigned int, basic_string<char, string_char_traits<char>, __default_alloc_template<true, 0> > const &, unsigned int, unsigned int)
000702e4	replace__H1ZPCc_t12basic_string3ZcZt18string_char_traits1ZcZt24__default_alloc_template2b1i0PcT1X00X00_Rt12basic_string3ZcZt18string_char_traits1ZcZt24__default_alloc_template2b1i0	basic_string<char, string_char_traits<char>, __default_alloc_template<true, 0> > & basic_string<char, string_char_traits<char>, __default_alloc_template<true, 0> >::replace<char const *>(char *, char *, char const *, char const *)
000706e4	compare__Ct12basic_string3ZcZt18string_char_traits1ZcZt24__default_alloc_template2b1i0RCt12basic_string3ZcZt18string_char_traits1ZcZt24__default_alloc_template2b1i0UiUi	basic_string<char, string_char_traits<char>, __default_alloc_template<true, 0> >::compare(basic_string<char, string_char_traits<char>, __default_alloc_template<true, 0> > const &, unsigned int, unsigned int) const
0007078c	__thunk_4_QueryInterface__26cSC3BuildingWaterTreatmentUiPPv	virtual function thunk (delta:-4) for cSC3BuildingWaterTreatment::QueryInterface(unsigned int, void **)
000707a8	__thunk_4_AddRef__26cSC3BuildingWaterTreatment	virtual function thunk (delta:-4) for cSC3BuildingWaterTreatment::AddRef(void)
000707c4	__thunk_4_Release__26cSC3BuildingWaterTreatment	virtual function thunk (delta:-4) for cSC3BuildingWaterTreatment::Release(void)
000707e0	__thunk_4_Simulate__26cSC3BuildingWaterTreatmenti	virtual function thunk (delta:-4) for cSC3BuildingWaterTreatment::Simulate(int)
000707fc	__thunk_4_MinimumExecutionInterval__26cSC3BuildingWaterTreatment	virtual function thunk (delta:-4) for cSC3BuildingWaterTreatment::MinimumExecutionInterval(void)
00070818	__thunk_4_IsAgentLocking__12cSC3Building	virtual function thunk (delta:-4) for cSC3Building::IsAgentLocking(void)
00070834	__thunk_4_TypeId__C12cSC3Building	virtual function thunk (delta:-4) for cSC3Building::TypeId(void) const
00070850	__thunk_4_AgentType__12cSC3Building	virtual function thunk (delta:-4) for cSC3Building::AgentType(void)
0007086c	__thunk_4_SetAgentType__12cSC3BuildingP18cISC3CityAgentType	virtual function thunk (delta:-4) for cSC3Building::SetAgentType(cISC3CityAgentType *)
00070888	__thunk_4_DebugInstanceTag__12cSC3BuildingR10cIGZString	virtual function thunk (delta:-4) for cSC3Building::DebugInstanceTag(cIGZString &)
000708a4	__thunk_4_DebugClassTag__12cSC3BuildingR10cIGZString	virtual function thunk (delta:-4) for cSC3Building::DebugClassTag(cIGZString &)
000708c0	__thunk_4_DebugTypeTag__12cSC3BuildingR10cIGZString	virtual function thunk (delta:-4) for cSC3Building::DebugTypeTag(cIGZString &)
000708dc	__thunk_44_QueryInterface__26cSC3BuildingWaterTreatmentUiPPv	virtual function thunk (delta:-44) for cSC3BuildingWaterTreatment::QueryInterface(unsigned int, void **)
000708f8	__thunk_44_AddRef__26cSC3BuildingWaterTreatment	virtual function thunk (delta:-44) for cSC3BuildingWaterTreatment::AddRef(void)
00070914	__thunk_44_Release__26cSC3BuildingWaterTreatment	virtual function thunk (delta:-44) for cSC3BuildingWaterTreatment::Release(void)
00070930	__thunk_44_SetMaxLifeSpan__26cSC3BuildingWaterTreatmentUi	virtual function thunk (delta:-44) for cSC3BuildingWaterTreatment::SetMaxLifeSpan(unsigned int)
0007094c	__thunk_44_GetMaxLifeSpan__26cSC3BuildingWaterTreatment	virtual function thunk (delta:-44) for cSC3BuildingWaterTreatment::GetMaxLifeSpan(void)
00070968	__thunk_44_SetDeclineAge__26cSC3BuildingWaterTreatmentUi	virtual function thunk (delta:-44) for cSC3BuildingWaterTreatment::SetDeclineAge(unsigned int)
00070984	__thunk_44_GetDeclineAge__26cSC3BuildingWaterTreatment	virtual function thunk (delta:-44) for cSC3BuildingWaterTreatment::GetDeclineAge(void)
000709a0	__thunk_44_GetAge__26cSC3BuildingWaterTreatment	virtual function thunk (delta:-44) for cSC3BuildingWaterTreatment::GetAge(void)
000709bc	__thunk_44_IsAging__26cSC3BuildingWaterTreatment	virtual function thunk (delta:-44) for cSC3BuildingWaterTreatment::IsAging(void)
000709d8	__thunk_44_Kill__26cSC3BuildingWaterTreatment	virtual function thunk (delta:-44) for cSC3BuildingWaterTreatment::Kill(void)
000709f4	__thunk_44_IsDead__26cSC3BuildingWaterTreatment	virtual function thunk (delta:-44) for cSC3BuildingWaterTreatment::IsDead(void)
00070a10	__thunk_44_AsISC3Building__26cSC3BuildingWaterTreatment	virtual function thunk (delta:-44) for cSC3BuildingWaterTreatment::AsISC3Building(void)
00070a2c	__thunk_44_AsISC3Occupant__26cSC3BuildingWaterTreatment	virtual function thunk (delta:-44) for cSC3BuildingWaterTreatment::AsISC3Occupant(void)
00070a48	__thunk_44_GetDailyPollutionCapacity__26cSC3BuildingWaterTreatment	virtual function thunk (delta:-44) for cSC3BuildingWaterTreatment::GetDailyPollutionCapacity(void)
00070a64	__thunk_44_GetUnusedCapacity__26cSC3BuildingWaterTreatment	virtual function thunk (delta:-44) for cSC3BuildingWaterTreatment::GetUnusedCapacity(void)
00070a80	__thunk_44_SetDailyPollutionCapacityUsage__26cSC3BuildingWaterTreatmentUi	virtual function thunk (delta:-44) for cSC3BuildingWaterTreatment::SetDailyPollutionCapacityUsage(unsigned int)
00070a9c	__thunk_8_QueryInterface__26cSC3BuildingWaterTreatmentUiPPv	virtual function thunk (delta:-8) for cSC3BuildingWaterTreatment::QueryInterface(unsigned int, void **)
00070ab8	__thunk_8_AddRef__26cSC3BuildingWaterTreatment	virtual function thunk (delta:-8) for cSC3BuildingWaterTreatment::AddRef(void)
00070ad4	__thunk_8_Release__26cSC3BuildingWaterTreatment	virtual function thunk (delta:-8) for cSC3BuildingWaterTreatment::Release(void)
00070af0	__thunk_8_DoMessage__12cSC3BuildingR10cGZMessage	virtual function thunk (delta:-8) for cSC3Building::DoMessage(cGZMessage &)
00070b0c	__thunk_8_DoQueryInfo__12cSC3BuildingR10cGZMessageP11cIGZUnknown	virtual function thunk (delta:-8) for cSC3Building::DoQueryInfo(cGZMessage &, cIGZUnknown *)
00070b28	__thunk_8_Init__26cSC3BuildingWaterTreatmentP19cISC3OccupantAttrib	virtual function thunk (delta:-8) for cSC3BuildingWaterTreatment::Init(cISC3OccupantAttrib *)
00070b44	__thunk_8_Init__12cSC3BuildingR14cGZResourceKey	virtual function thunk (delta:-8) for cSC3Building::Init(cGZResourceKey &)
00070b60	__thunk_8_Init__26cSC3BuildingWaterTreatmentP9cISC3CityP19cISC3OccPersistInfo	virtual function thunk (delta:-8) for cSC3BuildingWaterTreatment::Init(cISC3City *, cISC3OccPersistInfo *)
00070b7c	__thunk_8_Shutdown__26cSC3BuildingWaterTreatment	virtual function thunk (delta:-8) for cSC3BuildingWaterTreatment::Shutdown(void)
00070b98	__thunk_8_Save__26cSC3BuildingWaterTreatmentP9cISC3CityR19cISC3OccPersistInfo	virtual function thunk (delta:-8) for cSC3BuildingWaterTreatment::Save(cISC3City *, cISC3OccPersistInfo &)
00070bb4	__thunk_8_GetGeomFlag__26cSC3BuildingWaterTreatment	virtual function thunk (delta:-8) for cSC3BuildingWaterTreatment::GetGeomFlag(void)
00070bd0	__thunk_8_GetName__12cSC3BuildingR10cIGZString	virtual function thunk (delta:-8) for cSC3Building::GetName(cIGZString &)
00070bec	__thunk_8_GetAttribData__12cSC3Building	virtual function thunk (delta:-8) for cSC3Building::GetAttribData(void)
00070c08	__thunk_8_TypeId__C12cSC3Building	virtual function thunk (delta:-8) for cSC3Building::TypeId(void) const
00070c24	__thunk_8_GetSpriteAttrib__12cSC3BuildingUi	virtual function thunk (delta:-8) for cSC3Building::GetSpriteAttrib(unsigned int)
00070c40	__thunk_8_GetSpriteAttrib__12cSC3Building	virtual function thunk (delta:-8) for cSC3Building::GetSpriteAttrib(void)
00070c5c	__thunk_8_GetSpriteInst__26cSC3BuildingWaterTreatmentUi	virtual function thunk (delta:-8) for cSC3BuildingWaterTreatment::GetSpriteInst(unsigned int)
00070c78	__thunk_8_GetMemUse__C12cSC3Building	virtual function thunk (delta:-8) for cSC3Building::GetMemUse(void) const
00070c94	__thunk_8_DebugInstanceTag__12cSC3BuildingR10cIGZString	virtual function thunk (delta:-8) for cSC3Building::DebugInstanceTag(cIGZString &)
00070cb0	__thunk_8_DebugClassTag__12cSC3BuildingR10cIGZString	virtual function thunk (delta:-8) for cSC3Building::DebugClassTag(cIGZString &)
00070ccc	__thunk_8_DebugTypeTag__12cSC3BuildingR10cIGZString	virtual function thunk (delta:-8) for cSC3Building::DebugTypeTag(cIGZString &)
00070ce8	__thunk_8_DoQueryViews__26cSC3BuildingWaterTreatmentR10cGZMessageP13cISC3WinQuery	virtual function thunk (delta:-8) for cSC3BuildingWaterTreatment::DoQueryViews(cGZMessage &, cISC3WinQuery *)
00070d04	__thunk_8_DoStandardQueryViewInfo__26cSC3BuildingWaterTreatmentR10cGZMessageP21cISC3WinQueryListView	virtual function thunk (delta:-8) for cSC3BuildingWaterTreatment::DoStandardQueryViewInfo(cGZMessage &, cISC3WinQueryListView *)
00070d20	__thunk_8_DoDebugQueryViewInfo__26cSC3BuildingWaterTreatmentR10cGZMessageP21cISC3WinQueryListView	virtual function thunk (delta:-8) for cSC3BuildingWaterTreatment::DoDebugQueryViewInfo(cGZMessage &, cISC3WinQueryListView *)
00070d3c	__thunk_8_DoExitQueryWindow__12cSC3BuildingR10cGZMessageP13cISC3WinQuery	virtual function thunk (delta:-8) for cSC3Building::DoExitQueryWindow(cGZMessage &, cISC3WinQuery *)
00070d58	__thunk_8_SerialRead__12cSC3BuildingP9cISC3CityR18cIGZDBSerialRecord	virtual function thunk (delta:-8) for cSC3Building::SerialRead(cISC3City *, cIGZDBSerialRecord &)
00070d74	__thunk_8_SerialWrite__12cSC3BuildingP9cISC3CityR18cIGZDBSerialRecord	virtual function thunk (delta:-8) for cSC3Building::SerialWrite(cISC3City *, cIGZDBSerialRecord &)
00070d90	__thunk_8__._26cSC3BuildingWaterTreatment	virtual function thunk (delta:-8) for cSC3BuildingWaterTreatment::~cSC3BuildingWaterTreatment(void)
00070db4	clear__t10_List_base2ZQ214cSC3PowerLayer15tPowerPlantNodeZt9allocator1ZQ214cSC3PowerLayer15tPowerPlantNode	_List_base<cSC3PowerLayer::tPowerPlantNode, allocator<cSC3PowerLayer::tPowerPlantNode> >::clear(void)
00070e34	clear__t10_List_base2ZQ214cSC3PowerLayer13tNeighborLinkZt9allocator1ZQ214cSC3PowerLayer13tNeighborLink	_List_base<cSC3PowerLayer::tNeighborLink, allocator<cSC3PowerLayer::tNeighborLink> >::clear(void)
00070eb0	find__t8_Rb_tree5ZUiZt4pair2ZCUiZUiZt10_Select1st1Zt4pair2ZCUiZUiZt4less1ZUiZt9allocator1ZUiRCUi	_Rb_tree<unsigned int, pair<unsigned int const, unsigned int>, _Select1st<pair<unsigned int const, unsigned int> >, less<unsigned int>, allocator<unsigned int> >::find(unsigned int const &)
00070f14	_M_insert__t8_Rb_tree5ZUiZt4pair2ZCUiZUiZt10_Select1st1Zt4pair2ZCUiZUiZt4less1ZUiZt9allocator1ZUiP18_Rb_tree_node_baseT1RCt4pair2ZCUiZUi	_Rb_tree<unsigned int, pair<unsigned int const, unsigned int>, _Select1st<pair<unsigned int const, unsigned int> >, less<unsigned int>, allocator<unsigned int> >::_M_insert(_Rb_tree_node_base *, _Rb_tree_node_base *, pair<unsigned int const, unsigned int> const &)
000712f4	insert_unique__t8_Rb_tree5ZUiZt4pair2ZCUiZUiZt10_Select1st1Zt4pair2ZCUiZUiZt4less1ZUiZt9allocator1ZUiRCt4pair2ZCUiZUi	_Rb_tree<unsigned int, pair<unsigned int const, unsigned int>, _Select1st<pair<unsigned int const, unsigned int> >, less<unsigned int>, allocator<unsigned int> >::insert_unique(pair<unsigned int const, unsigned int> const &)
000713e4	insert_unique__t8_Rb_tree5ZUiZt4pair2ZCUiZUiZt10_Select1st1Zt4pair2ZCUiZUiZt4less1ZUiZt9allocator1ZUiGt17_Rb_tree_iterator3Zt4pair2ZCUiZUiZRt4pair2ZCUiZUiZPt4pair2ZCUiZUiRCt4pair2ZCUiZUi	_Rb_tree<unsigned int, pair<unsigned int const, unsigned int>, _Select1st<pair<unsigned int const, unsigned int> >, less<unsigned int>, allocator<unsigned int> >::insert_unique(_Rb_tree_iterator<pair<unsigned int const, unsigned int>, pair<unsigned int const, unsigned int> &, pair<unsigned int const, unsigned int> *>, pair<unsigned int const, unsigned int> const &)
00071564	erase__t4list2ZQ214cSC3PowerLayer15tPowerPlantNodeZt9allocator1ZQ214cSC3PowerLayer15tPowerPlantNodeGt14_List_iterator3ZQ214cSC3PowerLayer15tPowerPlantNodeZRQ214cSC3PowerLayer15tPowerPlantNodeZPQ214cSC3PowerLayer15tPowerPlantNodeT1	list<cSC3PowerLayer::tPowerPlantNode, allocator<cSC3PowerLayer::tPowerPlantNode> >::erase(_List_iterator<cSC3PowerLayer::tPowerPlantNode, cSC3PowerLayer::tPowerPlantNode &, cSC3PowerLayer::tPowerPlantNode *>, _List_iterator<cSC3PowerLayer::tPowerPlantNode, cSC3PowerLayer::tPowerPlantNode &, cSC3PowerLayer::tPowerPlantNode *>)
00071614	_M_erase__t8_Rb_tree5ZUiZt4pair2ZCUiZUiZt10_Select1st1Zt4pair2ZCUiZUiZt4less1ZUiZt9allocator1ZUiPt13_Rb_tree_node1Zt4pair2ZCUiZUi	_Rb_tree<unsigned int, pair<unsigned int const, unsigned int>, _Select1st<pair<unsigned int const, unsigned int> >, less<unsigned int>, allocator<unsigned int> >::_M_erase(_Rb_tree_node<pair<unsigned int const, unsigned int> > *)
0007168c	__thunk_28_QueryInterface__14cSC3PowerLayerUiPPv	virtual function thunk (delta:-28) for cSC3PowerLayer::QueryInterface(unsigned int, void **)
000716a8	__thunk_28_AddRef__14cSC3PowerLayer	virtual function thunk (delta:-28) for cSC3PowerLayer::AddRef(void)
000716c4	__thunk_28_Release__14cSC3PowerLayer	virtual function thunk (delta:-28) for cSC3PowerLayer::Release(void)
000716e0	__thunk_28_OccupantInserted__14cSC3PowerLayerUiP13cISC3Occupant	virtual function thunk (delta:-28) for cSC3PowerLayer::OccupantInserted(unsigned int, cISC3Occupant *)
000716fc	__thunk_28_OccupantRemoved__14cSC3PowerLayerUiP13cISC3Occupant	virtual function thunk (delta:-28) for cSC3PowerLayer::OccupantRemoved(unsigned int, cISC3Occupant *)
00071718	__thunk_28_OccupantMoved__14cSC3PowerLayerUiP13cISC3OccupantRC13cSC3CityCoord	virtual function thunk (delta:-28) for cSC3PowerLayer::OccupantMoved(unsigned int, cISC3Occupant *, cSC3CityCoord const &)
00071734	__thunk_28_OccupantChanged__14cSC3PowerLayerUiP13cISC3OccupantiPv	virtual function thunk (delta:-28) for cSC3PowerLayer::OccupantChanged(unsigned int, cISC3Occupant *, int, void *)
00071750	__thunk_28_CellChangedAll__14cSC3PowerLayerUi	virtual function thunk (delta:-28) for cSC3PowerLayer::CellChangedAll(unsigned int)
0007176c	__thunk_28_CellChanged__14cSC3PowerLayerUiUiUi	virtual function thunk (delta:-28) for cSC3PowerLayer::CellChanged(unsigned int, unsigned int, unsigned int)
00071788	__thunk_28_CellChanged__14cSC3PowerLayerUiUiUiUiUi	virtual function thunk (delta:-28) for cSC3PowerLayer::CellChanged(unsigned int, unsigned int, unsigned int, unsigned int, unsigned int)
000717a4	__thunk_24_QueryInterface__14cSC3PowerLayerUiPPv	virtual function thunk (delta:-24) for cSC3PowerLayer::QueryInterface(unsigned int, void **)
000717c0	__thunk_24_AddRef__14cSC3PowerLayer	virtual function thunk (delta:-24) for cSC3PowerLayer::AddRef(void)
000717dc	__thunk_24_Release__14cSC3PowerLayer	virtual function thunk (delta:-24) for cSC3PowerLayer::Release(void)
000717f8	__thunk_24_CreateMapSprite__14cSC3PowerLayerUiUiPPv	virtual function thunk (delta:-24) for cSC3PowerLayer::CreateMapSprite(unsigned int, unsigned int, void **)
00071814	__thunk_24_GetMapSpriteCount__14cSC3PowerLayer	virtual function thunk (delta:-24) for cSC3PowerLayer::GetMapSpriteCount(void)
00071830	__thunk_24_GetSpriteIdFromIndex__14cSC3PowerLayerUiRUi	virtual function thunk (delta:-24) for cSC3PowerLayer::GetSpriteIdFromIndex(unsigned int, unsigned int &)
0007184c	__thunk_20_QueryInterface__14cSC3PowerLayerUiPPv	virtual function thunk (delta:-20) for cSC3PowerLayer::QueryInterface(unsigned int, void **)
00071868	__thunk_20_AddRef__14cSC3PowerLayer	virtual function thunk (delta:-20) for cSC3PowerLayer::AddRef(void)
00071884	__thunk_20_Release__14cSC3PowerLayer	virtual function thunk (delta:-20) for cSC3PowerLayer::Release(void)
000718a0	__thunk_20_CellCountX__C14cSC3PowerLayer	virtual function thunk (delta:-20) for cSC3PowerLayer::CellCountX(void) const
000718bc	__thunk_20_CellCountZ__C14cSC3PowerLayer	virtual function thunk (delta:-20) for cSC3PowerLayer::CellCountZ(void) const
000718d8	__thunk_20_GetValueSint32__C14cSC3PowerLayerUiUiRi	virtual function thunk (delta:-20) for cSC3PowerLayer::GetValueSint32(unsigned int, unsigned int, int &) const
000718f4	__thunk_20_InBounds__C14cSC3PowerLayerUiUi	virtual function thunk (delta:-20) for cSC3PowerLayer::InBounds(unsigned int, unsigned int) const
00071910	__thunk_20_InBounds__C14cSC3PowerLayerUiUiUiUi	virtual function thunk (delta:-20) for cSC3PowerLayer::InBounds(unsigned int, unsigned int, unsigned int, unsigned int) const
0007192c	__thunk_20_ValidRect__C14cSC3PowerLayerUiUiUiUi	virtual function thunk (delta:-20) for cSC3PowerLayer::ValidRect(unsigned int, unsigned int, unsigned int, unsigned int) const
00071948	__thunk_20_SerialRead__14cSC3PowerLayerR18cIGZDBSerialRecord	virtual function thunk (delta:-20) for cSC3PowerLayer::SerialRead(cIGZDBSerialRecord &)
00071964	__thunk_20_SerialWrite__C14cSC3PowerLayerR18cIGZDBSerialRecord	virtual function thunk (delta:-20) for cSC3PowerLayer::SerialWrite(cIGZDBSerialRecord &) const
00071980	__thunk_20_Init__14cSC3PowerLayerP9cISC3CityRCb	virtual function thunk (delta:-20) for cSC3PowerLayer::Init(cISC3City *, bool const &)
0007199c	__thunk_20_Shutdown__14cSC3PowerLayer	virtual function thunk (delta:-20) for cSC3PowerLayer::Shutdown(void)
000719b8	__thunk_20_GetValue__C14cSC3PowerLayerUiUiRb	virtual function thunk (delta:-20) for cSC3PowerLayer::GetValue(unsigned int, unsigned int, bool &) const
000719d4	__thunk_20_SetValue__14cSC3PowerLayerUiUiRCb	virtual function thunk (delta:-20) for cSC3PowerLayer::SetValue(unsigned int, unsigned int, bool const &)
000719f0	__thunk_20_SetAllCells__14cSC3PowerLayerRCb	virtual function thunk (delta:-20) for cSC3PowerLayer::SetAllCells(bool const &)
00071a0c	__thunk_20_SetValue__14cSC3PowerLayerUiUiUiUiRCb	virtual function thunk (delta:-20) for cSC3PowerLayer::SetValue(unsigned int, unsigned int, unsigned int, unsigned int, bool const &)
00071a28	__thunk_20_UpdateLayer__14cSC3PowerLayer	virtual function thunk (delta:-20) for cSC3PowerLayer::UpdateLayer(void)
00071a44	__thunk_20_GetPlantCapacity__14cSC3PowerLayerUiRUi	virtual function thunk (delta:-20) for cSC3PowerLayer::GetPlantCapacity(unsigned int, unsigned int &)
00071a60	__thunk_20_GetTotalAnnualConsumption__14cSC3PowerLayer	virtual function thunk (delta:-20) for cSC3PowerLayer::GetTotalAnnualConsumption(void)
00071a7c	__thunk_20_GetAnnualConsumptionOfPowerType__14cSC3PowerLayerQ215cISC3PowerLayer16tPowerSourceType	virtual function thunk (delta:-20) for cSC3PowerLayer::GetAnnualConsumptionOfPowerType(cISC3PowerLayer::tPowerSourceType)
00071a98	__thunk_20_GetTotalCityPowerUsed__14cSC3PowerLayer	virtual function thunk (delta:-20) for cSC3PowerLayer::GetTotalCityPowerUsed(void)
00071ab4	__thunk_20_GetTotalCityPowerProduced__14cSC3PowerLayer	virtual function thunk (delta:-20) for cSC3PowerLayer::GetTotalCityPowerProduced(void)
00071ad0	__thunk_20_GetTotalPowerNeededByTheCity__14cSC3PowerLayer	virtual function thunk (delta:-20) for cSC3PowerLayer::GetTotalPowerNeededByTheCity(void)
00071aec	__thunk_20_GetNumberOfUnpoweredConsumers__14cSC3PowerLayer	virtual function thunk (delta:-20) for cSC3PowerLayer::GetNumberOfUnpoweredConsumers(void)
00071b08	__thunk_20_GetNumberOfPoweredConsumers__14cSC3PowerLayer	virtual function thunk (delta:-20) for cSC3PowerLayer::GetNumberOfPoweredConsumers(void)
00071b24	__thunk_20_GetNumberOfAgingPowerPlants__14cSC3PowerLayer	virtual function thunk (delta:-20) for cSC3PowerLayer::GetNumberOfAgingPowerPlants(void)
00071b40	__thunk_20_GetNumberOfAgingNuclearPlants__14cSC3PowerLayer	virtual function thunk (delta:-20) for cSC3PowerLayer::GetNumberOfAgingNuclearPlants(void)
00071b5c	__thunk_16_QueryInterface__14cSC3PowerLayerUiPPv	virtual function thunk (delta:-16) for cSC3PowerLayer::QueryInterface(unsigned int, void **)
00071b78	__thunk_16_AddRef__14cSC3PowerLayer	virtual function thunk (delta:-16) for cSC3PowerLayer::AddRef(void)
00071b94	__thunk_16_Release__14cSC3PowerLayer	virtual function thunk (delta:-16) for cSC3PowerLayer::Release(void)
00071bb0	__thunk_16_DoMessage__14cSC3PowerLayerR10cGZMessage	virtual function thunk (delta:-16) for cSC3PowerLayer::DoMessage(cGZMessage &)
00071bcc	__thunk_16_DoQueryInfo__14cSC3PowerLayerR10cGZMessageP11cIGZUnknown	virtual function thunk (delta:-16) for cSC3PowerLayer::DoQueryInfo(cGZMessage &, cIGZUnknown *)
00071be8	__thunk_16_StaticInit__14cSC3PowerLayerP19cISC3CityDefinition	virtual function thunk (delta:-16) for cSC3PowerLayer::StaticInit(cISC3CityDefinition *)
00071c04	__thunk_16_StaticShutdown__14cSC3PowerLayer	virtual function thunk (delta:-16) for cSC3PowerLayer::StaticShutdown(void)
00071c20	__thunk_16_Init__14cSC3PowerLayerP9cISC3City	virtual function thunk (delta:-16) for cSC3PowerLayer::Init(cISC3City *)
00071c3c	__thunk_16_Init__14cSC3PowerLayerP9cISC3CityP13cISC2Importer	virtual function thunk (delta:-16) for cSC3PowerLayer::Init(cISC3City *, cISC2Importer *)
00071c58	__thunk_16_Init__14cSC3PowerLayerP9cISC3CityP13cIGZDBSegment	virtual function thunk (delta:-16) for cSC3PowerLayer::Init(cISC3City *, cIGZDBSegment *)
00071c74	__thunk_16_Save__14cSC3PowerLayerP9cISC3CityP13cIGZDBSegment	virtual function thunk (delta:-16) for cSC3PowerLayer::Save(cISC3City *, cIGZDBSegment *)
00071c90	__thunk_16_SimulationBegin__14cSC3PowerLayer	virtual function thunk (delta:-16) for cSC3PowerLayer::SimulationBegin(void)
00071cac	__thunk_16_SimulationEnd__14cSC3PowerLayer	virtual function thunk (delta:-16) for cSC3PowerLayer::SimulationEnd(void)
00071cc8	__thunk_16_Shutdown__14cSC3PowerLayer	virtual function thunk (delta:-16) for cSC3PowerLayer::Shutdown(void)
00071ce4	__thunk_16_GetManipulator__14cSC3PowerLayerRC18cISC3CityAgentTypePP25cISC3CityLayerManipulatorRi	virtual function thunk (delta:-16) for cSC3PowerLayer::GetManipulator(cISC3CityAgentType const &, cISC3CityLayerManipulator **, int &)
00071d00	__thunk_16_GetLayerType__14cSC3PowerLayer	virtual function thunk (delta:-16) for cSC3PowerLayer::GetLayerType(void)
00071d1c	__thunk_16_DebugClassTag__14cSC3PowerLayerR10cIGZString	virtual function thunk (delta:-16) for cSC3PowerLayer::DebugClassTag(cIGZString &)
00071d38	__thunk_16_DebugTypeTag__14cSC3PowerLayerR10cIGZString	virtual function thunk (delta:-16) for cSC3PowerLayer::DebugTypeTag(cIGZString &)
00071d58	_._t3map4ZUiZUiZt4less1ZUiZt9allocator1ZUi	map<unsigned int, unsigned int, less<unsigned int>, allocator<unsigned int> >::~map(void)
00071e04	_._t10cRZCellMap1Zb	cRZCellMap<bool>::~cRZCellMap(void)
00071e80	SetAllCells__t10cRZCellMap1ZbRCb	cRZCellMap<bool>::SetAllCells(bool const &)
00071ef4	AddRef__t15cSC3CityCellMap1Zb	cSC3CityCellMap<bool>::AddRef(void)
00071f34	QueryInterface__t15cSC3CityCellMap1ZbUiPPv	cSC3CityCellMap<bool>::QueryInterface(unsigned int, void **)
00071fac	CellCountX__Ct15cSC3CityCellMap1Zb	cSC3CityCellMap<bool>::CellCountX(void) const
00071fbc	CellCountZ__Ct15cSC3CityCellMap1Zb	cSC3CityCellMap<bool>::CellCountZ(void) const
00071fcc	GetValueSint32__Ct15cSC3CityCellMap1ZbUiUiRi	cSC3CityCellMap<bool>::GetValueSint32(unsigned int, unsigned int, int &) const
00072008	GetValue__Ct15cSC3CityCellMap1ZbUiUiRb	cSC3CityCellMap<bool>::GetValue(unsigned int, unsigned int, bool &) const
00072040	SetValue__t15cSC3CityCellMap1ZbUiUiRCb	cSC3CityCellMap<bool>::SetValue(unsigned int, unsigned int, bool const &)
00072090	SetValue__t15cSC3CityCellMap1ZbUiUiUiUiRCb	cSC3CityCellMap<bool>::SetValue(unsigned int, unsigned int, unsigned int, unsigned int, bool const &)
00072130	SetAllCells__t15cSC3CityCellMap1ZbRCb	cSC3CityCellMap<bool>::SetAllCells(bool const &)
000721b4	InBounds__Ct15cSC3CityCellMap1ZbUiUi	cSC3CityCellMap<bool>::InBounds(unsigned int, unsigned int) const
00072208	InBounds__Ct15cSC3CityCellMap1ZbUiUiUiUi	cSC3CityCellMap<bool>::InBounds(unsigned int, unsigned int, unsigned int, unsigned int) const
00072264	ValidRect__Ct15cSC3CityCellMap1ZbUiUiUiUi	cSC3CityCellMap<bool>::ValidRect(unsigned int, unsigned int, unsigned int, unsigned int) const
00072284	SerialRead__t15cSC3CityCellMap1ZbR18cIGZDBSerialRecord	cSC3CityCellMap<bool>::SerialRead(cIGZDBSerialRecord &)
00072304	SerialWrite__Ct15cSC3CityCellMap1ZbR18cIGZDBSerialRecord	cSC3CityCellMap<bool>::SerialWrite(cIGZDBSerialRecord &) const
00072380	Shutdown__t15cSC3CityCellMap1Zb	cSC3CityCellMap<bool>::Shutdown(void)
000723d4	Init__t15cSC3CityCellMap1ZbP9cISC3CityRCb	cSC3CityCellMap<bool>::Init(cISC3City *, bool const &)
00072530	_._t15cSC3CityCellMap1Zb	cSC3CityCellMap<bool>::~cSC3CityCellMap(void)
00072594	Release__t15cSC3CityCellMap1Zb	cSC3CityCellMap<bool>::Release(void)
000725f4	_S_oom_malloc__t23__malloc_alloc_template1i0Ui	__malloc_alloc_template<0>::_S_oom_malloc(unsigned int)
00072674	_S_refill__t24__default_alloc_template2b1i0Ui	__default_alloc_template<true, 0>::_S_refill(unsigned int)
00072700	lower_bound__t8_Rb_tree5ZUiZt4pair2ZCUiZUiZt10_Select1st1Zt4pair2ZCUiZUiZt4less1ZUiZt9allocator1ZUiRCUi	_Rb_tree<unsigned int, pair<unsigned int const, unsigned int>, _Select1st<pair<unsigned int const, unsigned int> >, less<unsigned int>, allocator<unsigned int> >::lower_bound(unsigned int const &)
00072738	__thunk_48_QueryInterface__21cSC3PowerBuildingAnimUiPPv	virtual function thunk (delta:-48) for cSC3PowerBuildingAnim::QueryInterface(unsigned int, void **)
00072754	__thunk_48_AddRef__21cSC3PowerBuildingAnim	virtual function thunk (delta:-48) for cSC3PowerBuildingAnim::AddRef(void)
00072770	__thunk_48_Release__21cSC3PowerBuildingAnim	virtual function thunk (delta:-48) for cSC3PowerBuildingAnim::Release(void)
0007278c	__thunk_48_Init__21cSC3PowerBuildingAnimP19cISC3OccupantAttrib	virtual function thunk (delta:-48) for cSC3PowerBuildingAnim::Init(cISC3OccupantAttrib *)
000727a8	__thunk_48_Init__21cSC3PowerBuildingAnimP9cISC3CityP19cISC3OccPersistInfo	virtual function thunk (delta:-48) for cSC3PowerBuildingAnim::Init(cISC3City *, cISC3OccPersistInfo *)
000727c4	__thunk_8_Shutdown__12cSC3Building	virtual function thunk (delta:-8) for cSC3Building::Shutdown(void)
000727e0	__thunk_48_Save__21cSC3PowerBuildingAnimP9cISC3CityR19cISC3OccPersistInfo	virtual function thunk (delta:-48) for cSC3PowerBuildingAnim::Save(cISC3City *, cISC3OccPersistInfo &)
000727fc	__thunk_48_GetGeomFlag__21cSC3PowerBuildingAnim	virtual function thunk (delta:-48) for cSC3PowerBuildingAnim::GetGeomFlag(void)
00072818	__thunk_8_AnimType__C22cSC3BuildingStaticAnim	virtual function thunk (delta:-8) for cSC3BuildingStaticAnim::AnimType(void) const
00072834	__thunk_8_AnimStart__22cSC3BuildingStaticAnim	virtual function thunk (delta:-8) for cSC3BuildingStaticAnim::AnimStart(void)
00072850	__thunk_8_AnimStop__22cSC3BuildingStaticAnim	virtual function thunk (delta:-8) for cSC3BuildingStaticAnim::AnimStop(void)
0007286c	__thunk_8_Tick__22cSC3BuildingStaticAnimUi	virtual function thunk (delta:-8) for cSC3BuildingStaticAnim::Tick(unsigned int)
00072888	__thunk_48_DoQueryViews__21cSC3PowerBuildingAnimR10cGZMessageP13cISC3WinQuery	virtual function thunk (delta:-48) for cSC3PowerBuildingAnim::DoQueryViews(cGZMessage &, cISC3WinQuery *)
000728a4	__thunk_48_DoStandardQueryViewInfo__21cSC3PowerBuildingAnimR10cGZMessageP21cISC3WinQueryListView	virtual function thunk (delta:-48) for cSC3PowerBuildingAnim::DoStandardQueryViewInfo(cGZMessage &, cISC3WinQueryListView *)
000728c0	__thunk_48_DoDebugQueryViewInfo__21cSC3PowerBuildingAnimR10cGZMessageP21cISC3WinQueryListView	virtual function thunk (delta:-48) for cSC3PowerBuildingAnim::DoDebugQueryViewInfo(cGZMessage &, cISC3WinQueryListView *)
000728dc	__thunk_48__._18cSC3WindPowerPlant	virtual function thunk (delta:-48) for cSC3WindPowerPlant::~cSC3WindPowerPlant(void)
000728f8	__thunk_48_QueryInterface__19cSC3WastePowerPlantUiPPv	virtual function thunk (delta:-48) for cSC3WastePowerPlant::QueryInterface(unsigned int, void **)
00072914	__thunk_48_AddRef__19cSC3WastePowerPlant	virtual function thunk (delta:-48) for cSC3WastePowerPlant::AddRef(void)
00072930	__thunk_48_Release__19cSC3WastePowerPlant	virtual function thunk (delta:-48) for cSC3WastePowerPlant::Release(void)
0007294c	__thunk_48_Init__19cSC3WastePowerPlantP9cISC3CityP19cISC3OccPersistInfo	virtual function thunk (delta:-48) for cSC3WastePowerPlant::Init(cISC3City *, cISC3OccPersistInfo *)
00072968	__thunk_48_Save__19cSC3WastePowerPlantP9cISC3CityR19cISC3OccPersistInfo	virtual function thunk (delta:-48) for cSC3WastePowerPlant::Save(cISC3City *, cISC3OccPersistInfo &)
00072984	__thunk_48_DoQueryViews__19cSC3WastePowerPlantR10cGZMessageP13cISC3WinQuery	virtual function thunk (delta:-48) for cSC3WastePowerPlant::DoQueryViews(cGZMessage &, cISC3WinQuery *)
000729a0	__thunk_48_DoStandardQueryViewInfo__19cSC3WastePowerPlantR10cGZMessageP21cISC3WinQueryListView	virtual function thunk (delta:-48) for cSC3WastePowerPlant::DoStandardQueryViewInfo(cGZMessage &, cISC3WinQueryListView *)
000729bc	__thunk_48_DoDebugQueryViewInfo__19cSC3WastePowerPlantR10cGZMessageP21cISC3WinQueryListView	virtual function thunk (delta:-48) for cSC3WastePowerPlant::DoDebugQueryViewInfo(cGZMessage &, cISC3WinQueryListView *)
000729d8	__thunk_48__._19cSC3WastePowerPlant	virtual function thunk (delta:-48) for cSC3WastePowerPlant::~cSC3WastePowerPlant(void)
000729f4	__thunk_44_QueryInterface__19cSC3WastePowerPlantUiPPv	virtual function thunk (delta:-44) for cSC3WastePowerPlant::QueryInterface(unsigned int, void **)
00072a10	__thunk_44_AddRef__19cSC3WastePowerPlant	virtual function thunk (delta:-44) for cSC3WastePowerPlant::AddRef(void)
00072a2c	__thunk_44_Release__19cSC3WastePowerPlant	virtual function thunk (delta:-44) for cSC3WastePowerPlant::Release(void)
00072a48	__thunk_44_Simulate__19cSC3WastePowerPlanti	virtual function thunk (delta:-44) for cSC3WastePowerPlant::Simulate(int)
00072a64	__thunk_44_MinimumExecutionInterval__19cSC3WastePowerPlant	virtual function thunk (delta:-44) for cSC3WastePowerPlant::MinimumExecutionInterval(void)
00072a80	__thunk_40_QueryInterface__19cSC3WastePowerPlantUiPPv	virtual function thunk (delta:-40) for cSC3WastePowerPlant::QueryInterface(unsigned int, void **)
00072a9c	__thunk_40_AddRef__19cSC3WastePowerPlant	virtual function thunk (delta:-40) for cSC3WastePowerPlant::AddRef(void)
00072ab8	__thunk_40_Release__19cSC3WastePowerPlant	virtual function thunk (delta:-40) for cSC3WastePowerPlant::Release(void)
00072ad4	__thunk_40_AsISC3Occupant__19cSC3WastePowerPlant	virtual function thunk (delta:-40) for cSC3WastePowerPlant::AsISC3Occupant(void)
00072af0	__thunk_40_AsISC3CityAgent__21cSC3PowerBuildingAnim	virtual function thunk (delta:-40) for cSC3PowerBuildingAnim::AsISC3CityAgent(void)
00072b0c	__thunk_40_Init__21cSC3PowerBuildingAnimP19cISC3OccupantAttrib	virtual function thunk (delta:-40) for cSC3PowerBuildingAnim::Init(cISC3OccupantAttrib *)
00072b28	__thunk_40_Init__19cSC3WastePowerPlantP9cISC3CityP19cISC3OccPersistInfo	virtual function thunk (delta:-40) for cSC3WastePowerPlant::Init(cISC3City *, cISC3OccPersistInfo *)
00072b44	__thunk_40_Save__19cSC3WastePowerPlantP9cISC3CityR19cISC3OccPersistInfo	virtual function thunk (delta:-40) for cSC3WastePowerPlant::Save(cISC3City *, cISC3OccPersistInfo &)
00072b60	__thunk_40_Simulate__19cSC3WastePowerPlanti	virtual function thunk (delta:-40) for cSC3WastePowerPlant::Simulate(int)
00072b7c	__thunk_40_HasBirthdate__C21cSC3PowerBuildingAnim	virtual function thunk (delta:-40) for cSC3PowerBuildingAnim::HasBirthdate(void) const
00072b98	__thunk_40_GetBirthdate__C21cSC3PowerBuildingAnimR8cIGZDate	virtual function thunk (delta:-40) for cSC3PowerBuildingAnim::GetBirthdate(cIGZDate &) const
00072bb4	__thunk_40_SetBirthdate__21cSC3PowerBuildingAnimRC8cIGZDate	virtual function thunk (delta:-40) for cSC3PowerBuildingAnim::SetBirthdate(cIGZDate const &)
00072bd0	__thunk_84_QueryInterface__19cSC3WastePowerPlantUiPPv	virtual function thunk (delta:-84) for cSC3WastePowerPlant::QueryInterface(unsigned int, void **)
00072bec	__thunk_84_AddRef__19cSC3WastePowerPlant	virtual function thunk (delta:-84) for cSC3WastePowerPlant::AddRef(void)
00072c08	__thunk_84_Release__19cSC3WastePowerPlant	virtual function thunk (delta:-84) for cSC3WastePowerPlant::Release(void)
00072c24	__thunk_84_SetMaxLifeSpan__19cSC3WastePowerPlantUi	virtual function thunk (delta:-84) for cSC3WastePowerPlant::SetMaxLifeSpan(unsigned int)
00072c40	__thunk_84_GetMaxLifeSpan__19cSC3WastePowerPlant	virtual function thunk (delta:-84) for cSC3WastePowerPlant::GetMaxLifeSpan(void)
00072c5c	__thunk_84_SetDeclineAge__19cSC3WastePowerPlantUi	virtual function thunk (delta:-84) for cSC3WastePowerPlant::SetDeclineAge(unsigned int)
00072c78	__thunk_84_GetDeclineAge__19cSC3WastePowerPlant	virtual function thunk (delta:-84) for cSC3WastePowerPlant::GetDeclineAge(void)
00072c94	__thunk_84_GetAge__19cSC3WastePowerPlant	virtual function thunk (delta:-84) for cSC3WastePowerPlant::GetAge(void)
00072cb0	__thunk_84_IsAging__19cSC3WastePowerPlant	virtual function thunk (delta:-84) for cSC3WastePowerPlant::IsAging(void)
00072ccc	__thunk_84_Kill__19cSC3WastePowerPlant	virtual function thunk (delta:-84) for cSC3WastePowerPlant::Kill(void)
00072ce8	__thunk_84_IsDead__19cSC3WastePowerPlant	virtual function thunk (delta:-84) for cSC3WastePowerPlant::IsDead(void)
00072d04	__thunk_84_AsISC3Building__19cSC3WastePowerPlant	virtual function thunk (delta:-84) for cSC3WastePowerPlant::AsISC3Building(void)
00072d20	__thunk_84_AsISC3Occupant__19cSC3WastePowerPlant	virtual function thunk (delta:-84) for cSC3WastePowerPlant::AsISC3Occupant(void)
00072d3c	__thunk_84_GetDailyGarbageCapacity__19cSC3WastePowerPlant	virtual function thunk (delta:-84) for cSC3WastePowerPlant::GetDailyGarbageCapacity(void)
00072d58	__thunk_84_GetUnusedGarbageCapacity__19cSC3WastePowerPlant	virtual function thunk (delta:-84) for cSC3WastePowerPlant::GetUnusedGarbageCapacity(void)
00072d74	__thunk_84_SetDailyGarbageCapacityUsage__19cSC3WastePowerPlantUi	virtual function thunk (delta:-84) for cSC3WastePowerPlant::SetDailyGarbageCapacityUsage(unsigned int)
00072d90	__thunk_48_QueryInterface__17cSC3PowerBuildingUiPPv	virtual function thunk (delta:-48) for cSC3PowerBuilding::QueryInterface(unsigned int, void **)
00072dac	__thunk_48_AddRef__17cSC3PowerBuilding	virtual function thunk (delta:-48) for cSC3PowerBuilding::AddRef(void)
00072dc8	__thunk_48_Release__17cSC3PowerBuilding	virtual function thunk (delta:-48) for cSC3PowerBuilding::Release(void)
00072de4	__thunk_48_Init__17cSC3PowerBuildingP19cISC3OccupantAttrib	virtual function thunk (delta:-48) for cSC3PowerBuilding::Init(cISC3OccupantAttrib *)
00072e00	__thunk_48_Init__17cSC3PowerBuildingP9cISC3CityP19cISC3OccPersistInfo	virtual function thunk (delta:-48) for cSC3PowerBuilding::Init(cISC3City *, cISC3OccPersistInfo *)
00072e1c	__thunk_48_Save__17cSC3PowerBuildingP9cISC3CityR19cISC3OccPersistInfo	virtual function thunk (delta:-48) for cSC3PowerBuilding::Save(cISC3City *, cISC3OccPersistInfo &)
00072e38	__thunk_48_GetGeomFlag__17cSC3PowerBuilding	virtual function thunk (delta:-48) for cSC3PowerBuilding::GetGeomFlag(void)
00072e54	__thunk_48_DoQueryViews__17cSC3PowerBuildingR10cGZMessageP13cISC3WinQuery	virtual function thunk (delta:-48) for cSC3PowerBuilding::DoQueryViews(cGZMessage &, cISC3WinQuery *)
00072e70	__thunk_48_DoStandardQueryViewInfo__17cSC3PowerBuildingR10cGZMessageP21cISC3WinQueryListView	virtual function thunk (delta:-48) for cSC3PowerBuilding::DoStandardQueryViewInfo(cGZMessage &, cISC3WinQueryListView *)
00072e8c	__thunk_48_DoDebugQueryViewInfo__17cSC3PowerBuildingR10cGZMessageP21cISC3WinQueryListView	virtual function thunk (delta:-48) for cSC3PowerBuilding::DoDebugQueryViewInfo(cGZMessage &, cISC3WinQueryListView *)
00072ea8	__thunk_48__._19cSC3SolarPowerPlant	virtual function thunk (delta:-48) for cSC3SolarPowerPlant::~cSC3SolarPowerPlant(void)
00072ec4	__thunk_48__._17cSC3OilPowerPlant	virtual function thunk (delta:-48) for cSC3OilPowerPlant::~cSC3OilPowerPlant(void)
00072ee0	__thunk_48__._21cSC3NuclearPowerPlant	virtual function thunk (delta:-48) for cSC3NuclearPowerPlant::~cSC3NuclearPowerPlant(void)
00072efc	__thunk_48__._23cSC3MicroWavePowerPlant	virtual function thunk (delta:-48) for cSC3MicroWavePowerPlant::~cSC3MicroWavePowerPlant(void)
00072f18	__thunk_48__._17cSC3GasPowerPlant	virtual function thunk (delta:-48) for cSC3GasPowerPlant::~cSC3GasPowerPlant(void)
00072f34	__thunk_48__._20cSC3FusionPowerPlant	virtual function thunk (delta:-48) for cSC3FusionPowerPlant::~cSC3FusionPowerPlant(void)
00072f50	__thunk_48__._18cSC3CoalPowerPlant	virtual function thunk (delta:-48) for cSC3CoalPowerPlant::~cSC3CoalPowerPlant(void)
00072f6c	__thunk_48__._21cSC3PowerBuildingAnim	virtual function thunk (delta:-48) for cSC3PowerBuildingAnim::~cSC3PowerBuildingAnim(void)
00072f88	__thunk_44_QueryInterface__21cSC3PowerBuildingAnimUiPPv	virtual function thunk (delta:-44) for cSC3PowerBuildingAnim::QueryInterface(unsigned int, void **)
00072fa4	__thunk_44_AddRef__21cSC3PowerBuildingAnim	virtual function thunk (delta:-44) for cSC3PowerBuildingAnim::AddRef(void)
00072fc0	__thunk_44_Release__21cSC3PowerBuildingAnim	virtual function thunk (delta:-44) for cSC3PowerBuildingAnim::Release(void)
00072fdc	__thunk_4_Simulate__12cSC3Buildingi	virtual function thunk (delta:-4) for cSC3Building::Simulate(int)
00072ff8	__thunk_4_MinimumExecutionInterval__12cSC3Building	virtual function thunk (delta:-4) for cSC3Building::MinimumExecutionInterval(void)
00073014	__thunk_40_QueryInterface__21cSC3PowerBuildingAnimUiPPv	virtual function thunk (delta:-40) for cSC3PowerBuildingAnim::QueryInterface(unsigned int, void **)
00073030	__thunk_40_AddRef__21cSC3PowerBuildingAnim	virtual function thunk (delta:-40) for cSC3PowerBuildingAnim::AddRef(void)
0007304c	__thunk_40_Release__21cSC3PowerBuildingAnim	virtual function thunk (delta:-40) for cSC3PowerBuildingAnim::Release(void)
00073068	__thunk_40_AsISC3Occupant__21cSC3PowerBuildingAnim	virtual function thunk (delta:-40) for cSC3PowerBuildingAnim::AsISC3Occupant(void)
00073084	__thunk_40_Init__21cSC3PowerBuildingAnimP9cISC3CityP19cISC3OccPersistInfo	virtual function thunk (delta:-40) for cSC3PowerBuildingAnim::Init(cISC3City *, cISC3OccPersistInfo *)
000730a0	__thunk_40_Save__21cSC3PowerBuildingAnimP9cISC3CityR19cISC3OccPersistInfo	virtual function thunk (delta:-40) for cSC3PowerBuildingAnim::Save(cISC3City *, cISC3OccPersistInfo &)
000730bc	__thunk_48__._17cSC3PowerBuilding	virtual function thunk (delta:-48) for cSC3PowerBuilding::~cSC3PowerBuilding(void)
000730d8	__thunk_44_QueryInterface__17cSC3PowerBuildingUiPPv	virtual function thunk (delta:-44) for cSC3PowerBuilding::QueryInterface(unsigned int, void **)
000730f4	__thunk_44_AddRef__17cSC3PowerBuilding	virtual function thunk (delta:-44) for cSC3PowerBuilding::AddRef(void)
00073110	__thunk_44_Release__17cSC3PowerBuilding	virtual function thunk (delta:-44) for cSC3PowerBuilding::Release(void)
0007312c	__thunk_40_QueryInterface__17cSC3PowerBuildingUiPPv	virtual function thunk (delta:-40) for cSC3PowerBuilding::QueryInterface(unsigned int, void **)
00073148	__thunk_40_AddRef__17cSC3PowerBuilding	virtual function thunk (delta:-40) for cSC3PowerBuilding::AddRef(void)
00073164	__thunk_40_Release__17cSC3PowerBuilding	virtual function thunk (delta:-40) for cSC3PowerBuilding::Release(void)
00073180	__thunk_40_AsISC3Occupant__17cSC3PowerBuilding	virtual function thunk (delta:-40) for cSC3PowerBuilding::AsISC3Occupant(void)
0007319c	__thunk_40_AsISC3CityAgent__17cSC3PowerBuilding	virtual function thunk (delta:-40) for cSC3PowerBuilding::AsISC3CityAgent(void)
000731b8	__thunk_40_Init__17cSC3PowerBuildingP19cISC3OccupantAttrib	virtual function thunk (delta:-40) for cSC3PowerBuilding::Init(cISC3OccupantAttrib *)
000731d4	__thunk_40_Init__17cSC3PowerBuildingP9cISC3CityP19cISC3OccPersistInfo	virtual function thunk (delta:-40) for cSC3PowerBuilding::Init(cISC3City *, cISC3OccPersistInfo *)
000731f0	__thunk_40_Save__17cSC3PowerBuildingP9cISC3CityR19cISC3OccPersistInfo	virtual function thunk (delta:-40) for cSC3PowerBuilding::Save(cISC3City *, cISC3OccPersistInfo &)
0007320c	__thunk_40_HasBirthdate__C17cSC3PowerBuilding	virtual function thunk (delta:-40) for cSC3PowerBuilding::HasBirthdate(void) const
00073228	__thunk_40_GetBirthdate__C17cSC3PowerBuildingR8cIGZDate	virtual function thunk (delta:-40) for cSC3PowerBuilding::GetBirthdate(cIGZDate &) const
00073244	__thunk_40_SetBirthdate__17cSC3PowerBuildingRC8cIGZDate	virtual function thunk (delta:-40) for cSC3PowerBuilding::SetBirthdate(cIGZDate const &)
00073264	_._18cSC3CoalPowerPlant	cSC3CoalPowerPlant::~cSC3CoalPowerPlant(void)
00073304	PowerSourceType__18cSC3CoalPowerPlant	cSC3CoalPowerPlant::PowerSourceType(void)
00073314	_._20cSC3FusionPowerPlant	cSC3FusionPowerPlant::~cSC3FusionPowerPlant(void)
000733b4	PowerSourceType__20cSC3FusionPowerPlant	cSC3FusionPowerPlant::PowerSourceType(void)
000733c4	_._17cSC3GasPowerPlant	cSC3GasPowerPlant::~cSC3GasPowerPlant(void)
00073464	PowerSourceType__17cSC3GasPowerPlant	cSC3GasPowerPlant::PowerSourceType(void)
00073474	_._23cSC3MicroWavePowerPlant	cSC3MicroWavePowerPlant::~cSC3MicroWavePowerPlant(void)
000734f8	PowerSourceType__23cSC3MicroWavePowerPlant	cSC3MicroWavePowerPlant::PowerSourceType(void)
00073508	_._21cSC3NuclearPowerPlant	cSC3NuclearPowerPlant::~cSC3NuclearPowerPlant(void)
000735ac	_._17cSC3OilPowerPlant	cSC3OilPowerPlant::~cSC3OilPowerPlant(void)
0007364c	PowerSourceType__17cSC3OilPowerPlant	cSC3OilPowerPlant::PowerSourceType(void)
0007365c	_._19cSC3SolarPowerPlant	cSC3SolarPowerPlant::~cSC3SolarPowerPlant(void)
000736e0	PowerSourceType__19cSC3SolarPowerPlant	cSC3SolarPowerPlant::PowerSourceType(void)
000736f0	_._19cSC3WastePowerPlant	cSC3WastePowerPlant::~cSC3WastePowerPlant(void)
000737a8	GetDirectorID__C14cSUCOMDirector	cSUCOMDirector::GetDirectorID(void) const
000737b4	AppRegister__14cSUCOMDirectorP12cIGZRegistry	cSUCOMDirector::AppRegister(cIGZRegistry *)
000737c4	_._14cSUCOMDirector	cSUCOMDirector::~cSUCOMDirector(void)
00073804	CreatecSUPlumbingLayer__14cSUCOMDirector	cSUCOMDirector::CreatecSUPlumbingLayer(void)
00073874	CreatecSC3PowerLayer__14cSUCOMDirector	cSUCOMDirector::CreatecSC3PowerLayer(void)
000738f4	CreatecSC3CoalPowerPlant__14cSUCOMDirector	cSUCOMDirector::CreatecSC3CoalPowerPlant(void)
00073964	CreatecSC3OilPowerPlant__14cSUCOMDirector	cSUCOMDirector::CreatecSC3OilPowerPlant(void)
000739d4	CreatecSC3GasPowerPlant__14cSUCOMDirector	cSUCOMDirector::CreatecSC3GasPowerPlant(void)
00073a44	CreatecSC3NuclearPowerPlant__14cSUCOMDirector	cSUCOMDirector::CreatecSC3NuclearPowerPlant(void)
00073ab4	CreatecSC3SolarPowerPlant__14cSUCOMDirector	cSUCOMDirector::CreatecSC3SolarPowerPlant(void)
00073b24	CreatecSC3MicroWavePowerPlant__14cSUCOMDirector	cSUCOMDirector::CreatecSC3MicroWavePowerPlant(void)
00073b94	CreatecSC3FusionPowerPlant__14cSUCOMDirector	cSUCOMDirector::CreatecSC3FusionPowerPlant(void)
00073c04	CreatecSC3WindPowerPlant__14cSUCOMDirector	cSUCOMDirector::CreatecSC3WindPowerPlant(void)
00073c74	CreatecSC3WastePowerPlant__14cSUCOMDirector	cSUCOMDirector::CreatecSC3WastePowerPlant(void)
00073ce4	CreatecSC3PlumbingBuildingWaterPump__14cSUCOMDirector	cSUCOMDirector::CreatecSC3PlumbingBuildingWaterPump(void)
00073d64	CreatecSC3PlumbingBuildingWaterTower__14cSUCOMDirector	cSUCOMDirector::CreatecSC3PlumbingBuildingWaterTower(void)
00073de4	CreatecSC3PlumbingBuildingDesalPlant__14cSUCOMDirector	cSUCOMDirector::CreatecSC3PlumbingBuildingDesalPlant(void)
00073e64	CreatecSC3BuildingWaterTreatment__14cSUCOMDirector	cSUCOMDirector::CreatecSC3BuildingWaterTreatment(void)
00073ed4	clear__t10_List_base2ZQ216cSUPlumbingLayer7SUPumpsZt9allocator1ZQ216cSUPlumbingLayer7SUPumps	_List_base<cSUPlumbingLayer::SUPumps, allocator<cSUPlumbingLayer::SUPumps> >::clear(void)
00073f54	remove__t4list2ZQ216cSUPlumbingLayer7SUPumpsZt9allocator1ZQ216cSUPlumbingLayer7SUPumpsRCQ216cSUPlumbingLayer7SUPumps	list<cSUPlumbingLayer::SUPumps, allocator<cSUPlumbingLayer::SUPumps> >::remove(cSUPlumbingLayer::SUPumps const &)
000740dc	__thunk_4_QueryInterface__16cSUPlumbingLayerUiPPv	virtual function thunk (delta:-4) for cSUPlumbingLayer::QueryInterface(unsigned int, void **)
000740f8	__thunk_4_AddRef__16cSUPlumbingLayer	virtual function thunk (delta:-4) for cSUPlumbingLayer::AddRef(void)
00074114	__thunk_4_Release__16cSUPlumbingLayer	virtual function thunk (delta:-4) for cSUPlumbingLayer::Release(void)
00074130	__thunk_4_CreateMapSprite__16cSUPlumbingLayerUiUiPPv	virtual function thunk (delta:-4) for cSUPlumbingLayer::CreateMapSprite(unsigned int, unsigned int, void **)
0007414c	__thunk_4_GetMapSpriteCount__16cSUPlumbingLayer	virtual function thunk (delta:-4) for cSUPlumbingLayer::GetMapSpriteCount(void)
00074168	__thunk_4_GetSpriteIdFromIndex__16cSUPlumbingLayerUiRUi	virtual function thunk (delta:-4) for cSUPlumbingLayer::GetSpriteIdFromIndex(unsigned int, unsigned int &)
00074188	_._34cSUPlumbingLayerMonthlyManipulator	cSUPlumbingLayerMonthlyManipulator::~cSUPlumbingLayerMonthlyManipulator(void)
000741c8	Apply__34cSUPlumbingLayerMonthlyManipulatorR14cISC3CityAgent	cSUPlumbingLayerMonthlyManipulator::Apply(cISC3CityAgent &)
000741f4	__thunk_8_QueryInterface__24cSC3PlumbingBuildingAnimUiPPv	virtual function thunk (delta:-8) for cSC3PlumbingBuildingAnim::QueryInterface(unsigned int, void **)
00074210	__thunk_8_AddRef__24cSC3PlumbingBuildingAnim	virtual function thunk (delta:-8) for cSC3PlumbingBuildingAnim::AddRef(void)
0007422c	__thunk_8_Release__24cSC3PlumbingBuildingAnim	virtual function thunk (delta:-8) for cSC3PlumbingBuildingAnim::Release(void)
00074248	__thunk_8_Init__24cSC3PlumbingBuildingAnimP19cISC3OccupantAttrib	virtual function thunk (delta:-8) for cSC3PlumbingBuildingAnim::Init(cISC3OccupantAttrib *)
00074264	__thunk_8_Init__24cSC3PlumbingBuildingAnimP9cISC3CityP19cISC3OccPersistInfo	virtual function thunk (delta:-8) for cSC3PlumbingBuildingAnim::Init(cISC3City *, cISC3OccPersistInfo *)
00074280	__thunk_8_Shutdown__24cSC3PlumbingBuildingAnim	virtual function thunk (delta:-8) for cSC3PlumbingBuildingAnim::Shutdown(void)
0007429c	__thunk_8_Save__24cSC3PlumbingBuildingAnimP9cISC3CityR19cISC3OccPersistInfo	virtual function thunk (delta:-8) for cSC3PlumbingBuildingAnim::Save(cISC3City *, cISC3OccPersistInfo &)
000742b8	__thunk_8_GetGeomFlag__24cSC3PlumbingBuildingAnim	virtual function thunk (delta:-8) for cSC3PlumbingBuildingAnim::GetGeomFlag(void)
000742d4	__thunk_8_GetSpriteInst__24cSC3PlumbingBuildingAnimUi	virtual function thunk (delta:-8) for cSC3PlumbingBuildingAnim::GetSpriteInst(unsigned int)
000742f0	__thunk_8_DoQueryViews__24cSC3PlumbingBuildingAnimR10cGZMessageP13cISC3WinQuery	virtual function thunk (delta:-8) for cSC3PlumbingBuildingAnim::DoQueryViews(cGZMessage &, cISC3WinQuery *)
0007430c	__thunk_8_DoStandardQueryViewInfo__30cSC3PlumbingBuildingDesalPlantR10cGZMessageP21cISC3WinQueryListView	virtual function thunk (delta:-8) for cSC3PlumbingBuildingDesalPlant::DoStandardQueryViewInfo(cGZMessage &, cISC3WinQueryListView *)
00074328	__thunk_8_DoDebugQueryViewInfo__12cSC3BuildingR10cGZMessageP21cISC3WinQueryListView	virtual function thunk (delta:-8) for cSC3Building::DoDebugQueryViewInfo(cGZMessage &, cISC3WinQueryListView *)
00074344	__thunk_8__._30cSC3PlumbingBuildingDesalPlant	virtual function thunk (delta:-8) for cSC3PlumbingBuildingDesalPlant::~cSC3PlumbingBuildingDesalPlant(void)
00074360	__thunk_8_QueryInterface__20cSC3PlumbingBuildingUiPPv	virtual function thunk (delta:-8) for cSC3PlumbingBuilding::QueryInterface(unsigned int, void **)
0007437c	__thunk_8_AddRef__20cSC3PlumbingBuilding	virtual function thunk (delta:-8) for cSC3PlumbingBuilding::AddRef(void)
00074398	__thunk_8_Release__20cSC3PlumbingBuilding	virtual function thunk (delta:-8) for cSC3PlumbingBuilding::Release(void)
000743b4	__thunk_8_Init__20cSC3PlumbingBuildingP19cISC3OccupantAttrib	virtual function thunk (delta:-8) for cSC3PlumbingBuilding::Init(cISC3OccupantAttrib *)
000743d0	__thunk_8_Init__20cSC3PlumbingBuildingP9cISC3CityP19cISC3OccPersistInfo	virtual function thunk (delta:-8) for cSC3PlumbingBuilding::Init(cISC3City *, cISC3OccPersistInfo *)
000743ec	__thunk_8_Shutdown__20cSC3PlumbingBuilding	virtual function thunk (delta:-8) for cSC3PlumbingBuilding::Shutdown(void)
00074408	__thunk_8_Save__20cSC3PlumbingBuildingP9cISC3CityR19cISC3OccPersistInfo	virtual function thunk (delta:-8) for cSC3PlumbingBuilding::Save(cISC3City *, cISC3OccPersistInfo &)
00074424	__thunk_8_GetGeomFlag__20cSC3PlumbingBuilding	virtual function thunk (delta:-8) for cSC3PlumbingBuilding::GetGeomFlag(void)
00074440	__thunk_8_GetSpriteInst__20cSC3PlumbingBuildingUi	virtual function thunk (delta:-8) for cSC3PlumbingBuilding::GetSpriteInst(unsigned int)
0007445c	__thunk_8_DoQueryViews__20cSC3PlumbingBuildingR10cGZMessageP13cISC3WinQuery	virtual function thunk (delta:-8) for cSC3PlumbingBuilding::DoQueryViews(cGZMessage &, cISC3WinQuery *)
00074478	__thunk_8_DoStandardQueryViewInfo__20cSC3PlumbingBuildingR10cGZMessageP21cISC3WinQueryListView	virtual function thunk (delta:-8) for cSC3PlumbingBuilding::DoStandardQueryViewInfo(cGZMessage &, cISC3WinQueryListView *)
00074494	__thunk_8__._30cSC3PlumbingBuildingWaterTower	virtual function thunk (delta:-8) for cSC3PlumbingBuildingWaterTower::~cSC3PlumbingBuildingWaterTower(void)
000744b0	__thunk_8__._29cSC3PlumbingBuildingWaterPump	virtual function thunk (delta:-8) for cSC3PlumbingBuildingWaterPump::~cSC3PlumbingBuildingWaterPump(void)
000744cc	__thunk_4_QueryInterface__24cSC3PlumbingBuildingAnimUiPPv	virtual function thunk (delta:-4) for cSC3PlumbingBuildingAnim::QueryInterface(unsigned int, void **)
000744e8	__thunk_4_AddRef__24cSC3PlumbingBuildingAnim	virtual function thunk (delta:-4) for cSC3PlumbingBuildingAnim::AddRef(void)
00074504	__thunk_4_Release__24cSC3PlumbingBuildingAnim	virtual function thunk (delta:-4) for cSC3PlumbingBuildingAnim::Release(void)
00074520	__thunk_8_DoStandardQueryViewInfo__24cSC3PlumbingBuildingAnimR10cGZMessageP21cISC3WinQueryListView	virtual function thunk (delta:-8) for cSC3PlumbingBuildingAnim::DoStandardQueryViewInfo(cGZMessage &, cISC3WinQueryListView *)
0007453c	__thunk_8__._24cSC3PlumbingBuildingAnim	virtual function thunk (delta:-8) for cSC3PlumbingBuildingAnim::~cSC3PlumbingBuildingAnim(void)
00074558	__thunk_44_QueryInterface__24cSC3PlumbingBuildingAnimUiPPv	virtual function thunk (delta:-44) for cSC3PlumbingBuildingAnim::QueryInterface(unsigned int, void **)
00074574	__thunk_44_AddRef__24cSC3PlumbingBuildingAnim	virtual function thunk (delta:-44) for cSC3PlumbingBuildingAnim::AddRef(void)
00074590	__thunk_44_Release__24cSC3PlumbingBuildingAnim	virtual function thunk (delta:-44) for cSC3PlumbingBuildingAnim::Release(void)
000745ac	__thunk_44_SetMaxLifeSpan__24cSC3PlumbingBuildingAnimUi	virtual function thunk (delta:-44) for cSC3PlumbingBuildingAnim::SetMaxLifeSpan(unsigned int)
000745c8	__thunk_44_GetMaxLifeSpan__24cSC3PlumbingBuildingAnim	virtual function thunk (delta:-44) for cSC3PlumbingBuildingAnim::GetMaxLifeSpan(void)
000745e4	__thunk_44_SetDeclineAge__24cSC3PlumbingBuildingAnimUi	virtual function thunk (delta:-44) for cSC3PlumbingBuildingAnim::SetDeclineAge(unsigned int)
00074600	__thunk_44_GetDeclineAge__24cSC3PlumbingBuildingAnim	virtual function thunk (delta:-44) for cSC3PlumbingBuildingAnim::GetDeclineAge(void)
0007461c	__thunk_44_GetAge__24cSC3PlumbingBuildingAnim	virtual function thunk (delta:-44) for cSC3PlumbingBuildingAnim::GetAge(void)
00074638	__thunk_44_IsAging__24cSC3PlumbingBuildingAnim	virtual function thunk (delta:-44) for cSC3PlumbingBuildingAnim::IsAging(void)
00074654	__thunk_44_Kill__24cSC3PlumbingBuildingAnim	virtual function thunk (delta:-44) for cSC3PlumbingBuildingAnim::Kill(void)
00074670	__thunk_44_IsDead__24cSC3PlumbingBuildingAnim	virtual function thunk (delta:-44) for cSC3PlumbingBuildingAnim::IsDead(void)
0007468c	__thunk_44_AsISC3Occupant__24cSC3PlumbingBuildingAnim	virtual function thunk (delta:-44) for cSC3PlumbingBuildingAnim::AsISC3Occupant(void)
000746a8	__thunk_44_AsISC3Building__24cSC3PlumbingBuildingAnim	virtual function thunk (delta:-44) for cSC3PlumbingBuildingAnim::AsISC3Building(void)
000746c4	__thunk_44_AsISC3CityAgent__24cSC3PlumbingBuildingAnim	virtual function thunk (delta:-44) for cSC3PlumbingBuildingAnim::AsISC3CityAgent(void)
000746e0	__thunk_44_SetFullCapacity__24cSC3PlumbingBuildingAnimUs	virtual function thunk (delta:-44) for cSC3PlumbingBuildingAnim::SetFullCapacity(unsigned short)
000746fc	__thunk_44_GetFullCapacity__C24cSC3PlumbingBuildingAnim	virtual function thunk (delta:-44) for cSC3PlumbingBuildingAnim::GetFullCapacity(void) const
00074718	__thunk_44_SetCapacity__24cSC3PlumbingBuildingAnimUs	virtual function thunk (delta:-44) for cSC3PlumbingBuildingAnim::SetCapacity(unsigned short)
00074734	__thunk_44_GetCapacity__C24cSC3PlumbingBuildingAnim	virtual function thunk (delta:-44) for cSC3PlumbingBuildingAnim::GetCapacity(void) const
00074750	__thunk_44_SetProduction__24cSC3PlumbingBuildingAnimUs	virtual function thunk (delta:-44) for cSC3PlumbingBuildingAnim::SetProduction(unsigned short)
0007476c	__thunk_44_GetProduction__C24cSC3PlumbingBuildingAnim	virtual function thunk (delta:-44) for cSC3PlumbingBuildingAnim::GetProduction(void) const
00074788	__thunk_44_SetPumpType__24cSC3PlumbingBuildingAnimUs	virtual function thunk (delta:-44) for cSC3PlumbingBuildingAnim::SetPumpType(unsigned short)
000747a4	__thunk_44_GetPumpType__C24cSC3PlumbingBuildingAnim	virtual function thunk (delta:-44) for cSC3PlumbingBuildingAnim::GetPumpType(void) const
000747c0	__thunk_44_SetWaterDistance__24cSC3PlumbingBuildingAnimUs	virtual function thunk (delta:-44) for cSC3PlumbingBuildingAnim::SetWaterDistance(unsigned short)
000747dc	__thunk_44_GetWaterDistance__C24cSC3PlumbingBuildingAnim	virtual function thunk (delta:-44) for cSC3PlumbingBuildingAnim::GetWaterDistance(void) const
000747f8	__thunk_44_BecomeDefunctDueToAge__24cSC3PlumbingBuildingAnim	virtual function thunk (delta:-44) for cSC3PlumbingBuildingAnim::BecomeDefunctDueToAge(void)
00074814	__thunk_4_QueryInterface__20cSC3PlumbingBuildingUiPPv	virtual function thunk (delta:-4) for cSC3PlumbingBuilding::QueryInterface(unsigned int, void **)
00074830	__thunk_4_AddRef__20cSC3PlumbingBuilding	virtual function thunk (delta:-4) for cSC3PlumbingBuilding::AddRef(void)
0007484c	__thunk_4_Release__20cSC3PlumbingBuilding	virtual function thunk (delta:-4) for cSC3PlumbingBuilding::Release(void)
00074868	__thunk_8__._20cSC3PlumbingBuilding	virtual function thunk (delta:-8) for cSC3PlumbingBuilding::~cSC3PlumbingBuilding(void)
00074884	__thunk_44_QueryInterface__20cSC3PlumbingBuildingUiPPv	virtual function thunk (delta:-44) for cSC3PlumbingBuilding::QueryInterface(unsigned int, void **)
000748a0	__thunk_44_AddRef__20cSC3PlumbingBuilding	virtual function thunk (delta:-44) for cSC3PlumbingBuilding::AddRef(void)
000748bc	__thunk_44_Release__20cSC3PlumbingBuilding	virtual function thunk (delta:-44) for cSC3PlumbingBuilding::Release(void)
000748d8	__thunk_44_SetMaxLifeSpan__20cSC3PlumbingBuildingUi	virtual function thunk (delta:-44) for cSC3PlumbingBuilding::SetMaxLifeSpan(unsigned int)
000748f4	__thunk_44_GetMaxLifeSpan__20cSC3PlumbingBuilding	virtual function thunk (delta:-44) for cSC3PlumbingBuilding::GetMaxLifeSpan(void)
00074910	__thunk_44_SetDeclineAge__20cSC3PlumbingBuildingUi	virtual function thunk (delta:-44) for cSC3PlumbingBuilding::SetDeclineAge(unsigned int)
0007492c	__thunk_44_GetDeclineAge__20cSC3PlumbingBuilding	virtual function thunk (delta:-44) for cSC3PlumbingBuilding::GetDeclineAge(void)
00074948	__thunk_44_GetAge__20cSC3PlumbingBuilding	virtual function thunk (delta:-44) for cSC3PlumbingBuilding::GetAge(void)
00074964	__thunk_44_IsAging__20cSC3PlumbingBuilding	virtual function thunk (delta:-44) for cSC3PlumbingBuilding::IsAging(void)
00074980	__thunk_44_Kill__20cSC3PlumbingBuilding	virtual function thunk (delta:-44) for cSC3PlumbingBuilding::Kill(void)
0007499c	__thunk_44_IsDead__20cSC3PlumbingBuilding	virtual function thunk (delta:-44) for cSC3PlumbingBuilding::IsDead(void)
000749b8	__thunk_44_AsISC3Occupant__20cSC3PlumbingBuilding	virtual function thunk (delta:-44) for cSC3PlumbingBuilding::AsISC3Occupant(void)
000749d4	__thunk_44_AsISC3Building__20cSC3PlumbingBuilding	virtual function thunk (delta:-44) for cSC3PlumbingBuilding::AsISC3Building(void)
000749f0	__thunk_44_AsISC3CityAgent__20cSC3PlumbingBuilding	virtual function thunk (delta:-44) for cSC3PlumbingBuilding::AsISC3CityAgent(void)
00074a0c	__thunk_44_SetFullCapacity__20cSC3PlumbingBuildingUs	virtual function thunk (delta:-44) for cSC3PlumbingBuilding::SetFullCapacity(unsigned short)
00074a28	__thunk_44_GetFullCapacity__C20cSC3PlumbingBuilding	virtual function thunk (delta:-44) for cSC3PlumbingBuilding::GetFullCapacity(void) const
00074a44	__thunk_44_SetCapacity__20cSC3PlumbingBuildingUs	virtual function thunk (delta:-44) for cSC3PlumbingBuilding::SetCapacity(unsigned short)
00074a60	__thunk_44_GetCapacity__C20cSC3PlumbingBuilding	virtual function thunk (delta:-44) for cSC3PlumbingBuilding::GetCapacity(void) const
00074a7c	__thunk_44_SetProduction__20cSC3PlumbingBuildingUs	virtual function thunk (delta:-44) for cSC3PlumbingBuilding::SetProduction(unsigned short)
00074a98	__thunk_44_GetProduction__C20cSC3PlumbingBuilding	virtual function thunk (delta:-44) for cSC3PlumbingBuilding::GetProduction(void) const
00074ab4	__thunk_44_SetPumpType__20cSC3PlumbingBuildingUs	virtual function thunk (delta:-44) for cSC3PlumbingBuilding::SetPumpType(unsigned short)
00074ad0	__thunk_44_GetPumpType__C20cSC3PlumbingBuilding	virtual function thunk (delta:-44) for cSC3PlumbingBuilding::GetPumpType(void) const
00074aec	__thunk_44_SetWaterDistance__20cSC3PlumbingBuildingUs	virtual function thunk (delta:-44) for cSC3PlumbingBuilding::SetWaterDistance(unsigned short)
00074b08	__thunk_44_GetWaterDistance__C20cSC3PlumbingBuilding	virtual function thunk (delta:-44) for cSC3PlumbingBuilding::GetWaterDistance(void) const
00074b24	__thunk_44_BecomeDefunctDueToAge__20cSC3PlumbingBuilding	virtual function thunk (delta:-44) for cSC3PlumbingBuilding::BecomeDefunctDueToAge(void)
00074b44	_M_erase__t8_Rb_tree5Zt4pair2ZCUiZUiZt4pair2ZCt4pair2ZCUiZUiZPFv_P11cIGZUnknownZt10_Select1st1Zt4pair2ZCt4pair2ZCUiZUiZPFv_P11cIGZUnknownZt4less1Zt4pair2ZCUiZUiZt9allocator1ZPFv_P11cIGZUnknownPt13_Rb_tree_node1Zt4pair2ZCt4pair2ZCUiZUiZPFv_P11cIGZUnknown	_Rb_tree<pair<unsigned int const, unsigned int>, pair<pair<unsigned int const, unsigned int> const, cIGZUnknown *(*)(void)>, _Select1st<pair<pair<unsigned int const, unsigned int> const, cIGZUnknown *(*)(void)> >, less<pair<unsigned int const, unsigned int> >, allocator<cIGZUnknown *(*)(void)> >::_M_erase(_Rb_tree_node<pair<pair<unsigned int const, unsigned int> const, cIGZUnknown *(*)(void)> > *)
00074bc4	_M_insert_aux__t6vector2ZP17cRZCOMDllDirectorZt9allocator1ZP17cRZCOMDllDirectorPP17cRZCOMDllDirectorRCP17cRZCOMDllDirector	vector<cRZCOMDllDirector *, allocator<cRZCOMDllDirector *> >::_M_insert_aux(cRZCOMDllDirector **, cRZCOMDllDirector *const &)
00074ef4	_M_insert__t8_Rb_tree5Zt4pair2ZCUiZUiZt4pair2ZCt4pair2ZCUiZUiZPFv_P11cIGZUnknownZt10_Select1st1Zt4pair2ZCt4pair2ZCUiZUiZPFv_P11cIGZUnknownZt4less1Zt4pair2ZCUiZUiZt9allocator1ZPFv_P11cIGZUnknownP18_Rb_tree_node_baseT1RCt4pair2ZCt4pair2ZCUiZUiZPFv_P11cIGZUnknown	_Rb_tree<pair<unsigned int const, unsigned int>, pair<pair<unsigned int const, unsigned int> const, cIGZUnknown *(*)(void)>, _Select1st<pair<pair<unsigned int const, unsigned int> const, cIGZUnknown *(*)(void)> >, less<pair<unsigned int const, unsigned int> >, allocator<cIGZUnknown *(*)(void)> >::_M_insert(_Rb_tree_node_base *, _Rb_tree_node_base *, pair<pair<unsigned int const, unsigned int> const, cIGZUnknown *(*)(void)> const &)
00075314	insert_unique__t8_Rb_tree5Zt4pair2ZCUiZUiZt4pair2ZCt4pair2ZCUiZUiZPFv_P11cIGZUnknownZt10_Select1st1Zt4pair2ZCt4pair2ZCUiZUiZPFv_P11cIGZUnknownZt4less1Zt4pair2ZCUiZUiZt9allocator1ZPFv_P11cIGZUnknownRCt4pair2ZCt4pair2ZCUiZUiZPFv_P11cIGZUnknown	_Rb_tree<pair<unsigned int const, unsigned int>, pair<pair<unsigned int const, unsigned int> const, cIGZUnknown *(*)(void)>, _Select1st<pair<pair<unsigned int const, unsigned int> const, cIGZUnknown *(*)(void)> >, less<pair<unsigned int const, unsigned int> >, allocator<cIGZUnknown *(*)(void)> >::insert_unique(pair<pair<unsigned int const, unsigned int> const, cIGZUnknown *(*)(void)> const &)
0007546c	__thunk_4_QueryInterface__17cRZCOMDllDirectorUiPPv	virtual function thunk (delta:-4) for cRZCOMDllDirector::QueryInterface(unsigned int, void **)
00075488	__thunk_4_AddRef__17cRZCOMDllDirector	virtual function thunk (delta:-4) for cRZCOMDllDirector::AddRef(void)
000754a4	__thunk_4_Release__17cRZCOMDllDirector	virtual function thunk (delta:-4) for cRZCOMDllDirector::Release(void)
000754c0	__thunk_4_PreFrameWorkInit__17cRZCOMDllDirector	virtual function thunk (delta:-4) for cRZCOMDllDirector::PreFrameWorkInit(void)
000754dc	__thunk_4_PreAppInit__17cRZCOMDllDirector	virtual function thunk (delta:-4) for cRZCOMDllDirector::PreAppInit(void)
000754f8	__thunk_4_PostAppInit__17cRZCOMDllDirector	virtual function thunk (delta:-4) for cRZCOMDllDirector::PostAppInit(void)
00075514	__thunk_4_PreAppShutdown__17cRZCOMDllDirector	virtual function thunk (delta:-4) for cRZCOMDllDirector::PreAppShutdown(void)
00075530	__thunk_4_PostAppShutdown__17cRZCOMDllDirector	virtual function thunk (delta:-4) for cRZCOMDllDirector::PostAppShutdown(void)
0007554c	__thunk_4_PostSystemServiceShutdown__17cRZCOMDllDirector	virtual function thunk (delta:-4) for cRZCOMDllDirector::PostSystemServiceShutdown(void)
00075568	__thunk_4_AbortiveQuit__17cRZCOMDllDirector	virtual function thunk (delta:-4) for cRZCOMDllDirector::AbortiveQuit(void)
00075584	__thunk_4_OnInstall__17cRZCOMDllDirector	virtual function thunk (delta:-4) for cRZCOMDllDirector::OnInstall(void)
000755a4	_._t3map4Zt4pair2ZCUiZUiZPFv_P11cIGZUnknownZt4less1Zt4pair2ZCUiZUiZt9allocator1ZPFv_P11cIGZUnknown	map<pair<unsigned int const, unsigned int>, cIGZUnknown *(*)(void), less<pair<unsigned int const, unsigned int> >, allocator<cIGZUnknown *(*)(void)> >::~map(void)
00075650	_._11logic_error	logic_error::~logic_error(void)
00075700	__11logic_errorRC11logic_error	logic_error::logic_error(logic_error const &)
0007575c	__tf11logic_error	logic_error type_info function
00075794	_._12domain_error	domain_error::~domain_error(void)
000757b0	__tf12domain_error	domain_error type_info function
00075808	_._16invalid_argument	invalid_argument::~invalid_argument(void)
00075824	__tf16invalid_argument	invalid_argument type_info function
0007587c	_._12length_error	length_error::~length_error(void)
00075898	__tf12length_error	length_error type_info function
000758f0	_._12out_of_range	out_of_range::~out_of_range(void)
0007590c	__tf12out_of_range	out_of_range type_info function
00075970	_._13runtime_error	runtime_error::~runtime_error(void)
00075a14	__tf13runtime_error	runtime_error type_info function
00075a4c	_._11range_error	range_error::~range_error(void)
00075a68	__tf11range_error	range_error type_info function
00075ac0	_._14overflow_error	overflow_error::~overflow_error(void)
00075adc	__tf14overflow_error	overflow_error type_info function
00075b34	_._15underflow_error	underflow_error::~underflow_error(void)
00075b50	__tf15underflow_error	underflow_error type_info function
00075ba8	__thunk_4__._22_IO_ostream_withassign	virtual function thunk (delta:-4) for _IO_ostream_withassign::~_IO_ostream_withassign(void)
00075bb4	__thunk_8__._22_IO_istream_withassign	virtual function thunk (delta:-8) for _IO_istream_withassign::~_IO_istream_withassign(void)
00075bc0	__thunk_12__._8iostream	virtual function thunk (delta:-12) for iostream::~iostream(void)
00075bcc	__thunk_8__._7istream	virtual function thunk (delta:-8) for istream::~istream(void)
00075bd8	__thunk_4__._7ostream	virtual function thunk (delta:-4) for ostream::~ostream(void)
00075be4	_._8iostream	iostream::~iostream(void)
00075c48	_._7ostream	ostream::~ostream(void)
00075c9c	__tf7ostream	ostream type_info function
00075cd4	_._7istream	istream::~istream(void)
00075d28	__tf7istream	istream type_info function
00075d60	__tf8iostream	iostream type_info function
00075ddc	_._22_IO_istream_withassign	_IO_istream_withassign::~_IO_istream_withassign(void)
00075e38	__tf22_IO_istream_withassign	_IO_istream_withassign type_info function
00075e90	_._22_IO_ostream_withassign	_IO_ostream_withassign::~_IO_ostream_withassign(void)
00075eec	__tf22_IO_ostream_withassign	_IO_ostream_withassign type_info function
00075f44	__tf3ios	ios type_info function
00075f7c	__tf9streambuf	streambuf type_info function
00075fb4	__tf7filebuf	filebuf type_info function
0007600c	__tf11_ios_fields	_ios_fields type_info function
00076038	__tf8_IO_FILE	_IO_FILE type_info function
00076068	__tf9exception	exception type_info function
000760a8	__tf13bad_exception	bad_exception type_info function
00076114	__tf9type_info	type_info type_info function
00076154	__tf8bad_cast	bad_cast type_info function
000761a0	__tf10bad_typeid	bad_typeid type_info function
000761ec	_._16__user_type_info	__user_type_info::~__user_type_info(void)
0007621c	__tf16__user_type_info	__user_type_info type_info function
00076288	_._14__si_type_info	__si_type_info::~__si_type_info(void)
000762b8	__tf14__si_type_info	__si_type_info type_info function
00076354	_._17__class_type_info	__class_type_info::~__class_type_info(void)
00076384	__tf17__class_type_info	__class_type_info type_info function
00076420	_._19__pointer_type_info	__pointer_type_info::~__pointer_type_info(void)
00076450	__tf19__pointer_type_info	__pointer_type_info type_info function
0007649c	_._16__attr_type_info	__attr_type_info::~__attr_type_info(void)
000764cc	__tf16__attr_type_info	__attr_type_info type_info function
00076518	_._19__builtin_type_info	__builtin_type_info::~__builtin_type_info(void)
00076548	__tf19__builtin_type_info	__builtin_type_info type_info function
00076594	_._16__func_type_info	__func_type_info::~__func_type_info(void)
000765c4	__tf16__func_type_info	__func_type_info type_info function
00076610	_._16__ptmf_type_info	__ptmf_type_info::~__ptmf_type_info(void)
00076640	__tf16__ptmf_type_info	__ptmf_type_info type_info function
0007668c	_._16__ptmd_type_info	__ptmd_type_info::~__ptmd_type_info(void)
000766bc	__tf16__ptmd_type_info	__ptmd_type_info type_info function
00076708	_._17__array_type_info	__array_type_info::~__array_type_info(void)
00076738	__tf17__array_type_info	__array_type_info type_info function
00076784	_._9bad_alloc	bad_alloc::~bad_alloc(void)
000767bc	__tf9bad_alloc	bad_alloc type_info function
00076804	_fini	_fini
