addr	mangled	demangled
000419fc	_init	_init
00043834	__13cSC3AuraLayer	cSC3AuraLayer::cSC3AuraLayer(void)
00043a10	StaticInit__13cSC3AuraLayerP19cISC3CityDefinition	cSC3AuraLayer::StaticInit(cISC3CityDefinition *)
0004a254	registerAgentModifier__13cSC3AuraLayerRC9cRZStringT1Pv	cSC3AuraLayer::registerAgentModifier(cRZString const &, cRZString const &, void *)
0004abc4	Init__13cSC3AuraLayerP9cISC3City	cSC3AuraLayer::Init(cISC3City *)
0004b5a4	Init__13cSC3AuraLayerP9cISC3CityP13cIGZDBSegment	cSC3AuraLayer::Init(cISC3City *, cIGZDBSegment *)
0004b7b8	Save__13cSC3AuraLayerP9cISC3CityP13cIGZDBSegment	cSC3AuraLayer::Save(cISC3City *, cIGZDBSegment *)
0004b984	Shutdown__13cSC3AuraLayer	cSC3AuraLayer::Shutdown(void)
0004bb08	EndOfMonth__13cSC3AuraLayer	cSC3AuraLayer::EndOfMonth(void)
0004bbdc	QueryInterface__13cSC3AuraLayerUiPPv	cSC3AuraLayer::QueryInterface(unsigned int, void **)
0004bd28	doDailySim__13cSC3AuraLayer	cSC3AuraLayer::doDailySim(void)
0004c36c	occupantChanged__13cSC3AuraLayerQ213cSC3AuraLayer11tChangeTypeP13cISC3Occupant	cSC3AuraLayer::occupantChanged(cSC3AuraLayer::tChangeType, cISC3Occupant *)
0004c944	_._13cSC3AuraLayer	cSC3AuraLayer::~cSC3AuraLayer(void)
0004c9d4	GetMayorRating__13cSC3AuraLayer	cSC3AuraLayer::GetMayorRating(void)
0004c9e8	DebugInstanceTag__13cSC3AuraLayerR10cIGZString	cSC3AuraLayer::DebugInstanceTag(cIGZString &)
0004c9f4	GetLayerType__13cSC3AuraLayer	cSC3AuraLayer::GetLayerType(void)
0004ca00	TypeId__C13cSC3AuraLayer	cSC3AuraLayer::TypeId(void) const
0004ca0c	AgentType__13cSC3AuraLayer	cSC3AuraLayer::AgentType(void)
0004ca18	SetAgentType__13cSC3AuraLayerP18cISC3CityAgentType	cSC3AuraLayer::SetAgentType(cISC3CityAgentType *)
0004ca24	IsAgentLocking__13cSC3AuraLayer	cSC3AuraLayer::IsAgentLocking(void)
0004ca34	Init__13cSC3AuraLayerP9cISC3CityRCSc	cSC3AuraLayer::Init(cISC3City *, signed char const &)
0004ca68	CellCountX__C13cSC3AuraLayer	cSC3AuraLayer::CellCountX(void) const
0004ca94	CellCountZ__C13cSC3AuraLayer	cSC3AuraLayer::CellCountZ(void) const
0004cac0	GetValueSint32__C13cSC3AuraLayerUiUiRi	cSC3AuraLayer::GetValueSint32(unsigned int, unsigned int, int &) const
0004cb08	GetValue__C13cSC3AuraLayerUiUiRSc	cSC3AuraLayer::GetValue(unsigned int, unsigned int, signed char &) const
0004cb40	SetValue__13cSC3AuraLayerUiUiRCSc	cSC3AuraLayer::SetValue(unsigned int, unsigned int, signed char const &)
0004cb78	SetValue__13cSC3AuraLayerUiUiUiUiRCSc	cSC3AuraLayer::SetValue(unsigned int, unsigned int, unsigned int, unsigned int, signed char const &)
0004cbbc	SetAllCells__13cSC3AuraLayerRCSc	cSC3AuraLayer::SetAllCells(signed char const &)
0004cbec	InBounds__C13cSC3AuraLayerUiUi	cSC3AuraLayer::InBounds(unsigned int, unsigned int) const
0004cc20	InBounds__C13cSC3AuraLayerUiUiUiUi	cSC3AuraLayer::InBounds(unsigned int, unsigned int, unsigned int, unsigned int) const
0004cc60	ValidRect__C13cSC3AuraLayerUiUiUiUi	cSC3AuraLayer::ValidRect(unsigned int, unsigned int, unsigned int, unsigned int) const
0004cca0	SerialRead__13cSC3AuraLayerR18cIGZDBSerialRecord	cSC3AuraLayer::SerialRead(cIGZDBSerialRecord &)
0004ccd0	SerialWrite__C13cSC3AuraLayerR18cIGZDBSerialRecord	cSC3AuraLayer::SerialWrite(cIGZDBSerialRecord &) const
0004ccfc	OccupantMoved__13cSC3AuraLayerUiP13cISC3OccupantRC13cSC3CityCoord	cSC3AuraLayer::OccupantMoved(unsigned int, cISC3Occupant *, cSC3CityCoord const &)
0004cd08	CellChangedAll__13cSC3AuraLayerUi	cSC3AuraLayer::CellChangedAll(unsigned int)
0004cd14	CellChanged__13cSC3AuraLayerUiUiUi	cSC3AuraLayer::CellChanged(unsigned int, unsigned int, unsigned int)
0004cd20	CellChanged__13cSC3AuraLayerUiUiUiUiUi	cSC3AuraLayer::CellChanged(unsigned int, unsigned int, unsigned int, unsigned int, unsigned int)
0004cd30	StaticShutdown__13cSC3AuraLayer	cSC3AuraLayer::StaticShutdown(void)
0004cd78	Init__13cSC3AuraLayerP9cISC3CityP13cISC2Importer	cSC3AuraLayer::Init(cISC3City *, cISC2Importer *)
0004cd8c	SimulationBegin__13cSC3AuraLayer	cSC3AuraLayer::SimulationBegin(void)
0004ce00	SimulationEnd__13cSC3AuraLayer	cSC3AuraLayer::SimulationEnd(void)
0004ce74	DoMessage__13cSC3AuraLayerR10cGZMessage	cSC3AuraLayer::DoMessage(cGZMessage &)
0004ce80	EndOfCycle__13cSC3AuraLayer	cSC3AuraLayer::EndOfCycle(void)
0004cec8	AddRef__13cSC3AuraLayer	cSC3AuraLayer::AddRef(void)
0004cef4	Release__13cSC3AuraLayer	cSC3AuraLayer::Release(void)
0004cf1c	GetManipulator__13cSC3AuraLayerRC18cISC3CityAgentTypePP25cISC3CityLayerManipulatorRi	cSC3AuraLayer::GetManipulator(cISC3CityAgentType const &, cISC3CityLayerManipulator **, int &)
0004cf34	Simulate__13cSC3AuraLayeri	cSC3AuraLayer::Simulate(int)
0004cf84	MinimumExecutionInterval__13cSC3AuraLayer	cSC3AuraLayer::MinimumExecutionInterval(void)
0004cf94	OccupantInserted__13cSC3AuraLayerUiP13cISC3Occupant	cSC3AuraLayer::OccupantInserted(unsigned int, cISC3Occupant *)
0004cfc4	OccupantRemoved__13cSC3AuraLayerUiP13cISC3Occupant	cSC3AuraLayer::OccupantRemoved(unsigned int, cISC3Occupant *)
0004cff0	OccupantChanged__13cSC3AuraLayerUiP13cISC3OccupantiPv	cSC3AuraLayer::OccupantChanged(unsigned int, cISC3Occupant *, int, void *)
0004d064	on_window_create__13cSC3AuraLayerR10cGZMessageP11cIGZUnknown	cSC3AuraLayer::on_window_create(cGZMessage &, cIGZUnknown *)
0004d2f0	__17cSC3AuraMapSpriteP14cISC3AuraLayerP14cISC3ZoneLayer	cSC3AuraMapSprite::cSC3AuraMapSprite(cISC3AuraLayer *, cISC3ZoneLayer *)
0004d3fc	DebugClassTag__13cSC3AuraLayerR10cIGZString	cSC3AuraLayer::DebugClassTag(cIGZString &)
0004d408	DebugTypeTag__13cSC3AuraLayerR10cIGZString	cSC3AuraLayer::DebugTypeTag(cIGZString &)
0004d418	DoQueryInfo__13cSC3AuraLayerR10cGZMessageP11cIGZUnknown	cSC3AuraLayer::DoQueryInfo(cGZMessage &, cIGZUnknown *)
0004d4d8	DoQueryViews__13cSC3AuraLayerR10cGZMessageP13cISC3WinQuery	cSC3AuraLayer::DoQueryViews(cGZMessage &, cISC3WinQuery *)
0004d4e4	DoStandardQueryViewInfo__13cSC3AuraLayerR10cGZMessageP21cISC3WinQueryListView	cSC3AuraLayer::DoStandardQueryViewInfo(cGZMessage &, cISC3WinQueryListView *)
0004d4f0	DoDebugQueryViewInfo__13cSC3AuraLayerR10cGZMessageP21cISC3WinQueryListView	cSC3AuraLayer::DoDebugQueryViewInfo(cGZMessage &, cISC3WinQueryListView *)
0004d4fc	GetInfoStringCount__13cSC3AuraLayer	cSC3AuraLayer::GetInfoStringCount(void)
0004d508	GetInfoStrings__13cSC3AuraLayerUiUiR10cIGZStringT3Ui	cSC3AuraLayer::GetInfoStrings(unsigned int, unsigned int, cIGZString &, cIGZString &, unsigned int)
0004d514	GetDebugInfoStringCount__13cSC3AuraLayer	cSC3AuraLayer::GetDebugInfoStringCount(void)
0004d520	GetDebugInfoStrings__13cSC3AuraLayerUiUiR10cIGZStringT3Ui	cSC3AuraLayer::GetDebugInfoStrings(unsigned int, unsigned int, cIGZString &, cIGZString &, unsigned int)
0004d52c	GetMapSpriteCount__13cSC3AuraLayer	cSC3AuraLayer::GetMapSpriteCount(void)
0004d538	GetSpriteIdFromIndex__13cSC3AuraLayerUiRUi	cSC3AuraLayer::GetSpriteIdFromIndex(unsigned int, unsigned int &)
0004d554	IsReady__17cSC3AuraMapSprite	cSC3AuraMapSprite::IsReady(void)
0004d568	CreateMapSprite__13cSC3AuraLayerUiUiPPv	cSC3AuraLayer::CreateMapSprite(unsigned int, unsigned int, void **)
0004d644	_._17cSC3AuraMapSprite	cSC3AuraMapSprite::~cSC3AuraMapSprite(void)
0004d6b4	GetColor__17cSC3AuraMapSpriteUiUiRUi	cSC3AuraMapSprite::GetColor(unsigned int, unsigned int, unsigned int &)
0004d8ac	__15cSC3BudgetLayer	cSC3BudgetLayer::cSC3BudgetLayer(void)
0004dbd0	StaticInit__15cSC3BudgetLayerP19cISC3CityDefinition	cSC3BudgetLayer::StaticInit(cISC3CityDefinition *)
0004dc90	readINIFile__15cSC3BudgetLayer	cSC3BudgetLayer::readINIFile(void)
00056638	registerBuildingCost__15cSC3BudgetLayerRC9cRZStringT1Pv	cSC3BudgetLayer::registerBuildingCost(cRZString const &, cRZString const &, void *)
00056e64	Init__15cSC3BudgetLayerP9cISC3City	cSC3BudgetLayer::Init(cISC3City *)
000582f8	Init__15cSC3BudgetLayerP9cISC3CityP13cISC2Importer	cSC3BudgetLayer::Init(cISC3City *, cISC2Importer *)
00058438	Init__15cSC3BudgetLayerP9cISC3CityP13cIGZDBSegment	cSC3BudgetLayer::Init(cISC3City *, cIGZDBSegment *)
00059074	Save__15cSC3BudgetLayerP9cISC3CityP13cIGZDBSegment	cSC3BudgetLayer::Save(cISC3City *, cIGZDBSegment *)
00059960	SimulationBegin__15cSC3BudgetLayer	cSC3BudgetLayer::SimulationBegin(void)
00059cc4	Shutdown__15cSC3BudgetLayer	cSC3BudgetLayer::Shutdown(void)
0005a128	EndOfMonth__15cSC3BudgetLayer	cSC3BudgetLayer::EndOfMonth(void)
0005ab24	updateHistoryObjects__15cSC3BudgetLayer	cSC3BudgetLayer::updateHistoryObjects(void)
0005b074	AddDepartmentBudget__15cSC3BudgetLayerP21cISC3DepartmentBudget	cSC3BudgetLayer::AddDepartmentBudget(cISC3DepartmentBudget *)
0005b1d4	RemoveDepartmentBudget__15cSC3BudgetLayerP21cISC3DepartmentBudget	cSC3BudgetLayer::RemoveDepartmentBudget(cISC3DepartmentBudget *)
0005b600	GetFunding__15cSC3BudgetLayerUi	cSC3BudgetLayer::GetFunding(unsigned int)
0005b6b8	interpolateValveModifiers__15cSC3BudgetLayer	cSC3BudgetLayer::interpolateValveModifiers(void)
0005b92c	calculateValveModifiers__15cSC3BudgetLayer	cSC3BudgetLayer::calculateValveModifiers(void)
0005ba9c	GetYTDDepartmentExpenses__15cSC3BudgetLayer	cSC3BudgetLayer::GetYTDDepartmentExpenses(void)
0005bb30	GetEstDepartmentExpenses__15cSC3BudgetLayer	cSC3BudgetLayer::GetEstDepartmentExpenses(void)
0005bc28	GetCost__15cSC3BudgetLayerQ216cISC3BudgetLayer18tDevelopmentCostID	cSC3BudgetLayer::GetCost(cISC3BudgetLayer::tDevelopmentCostID)
0005bccc	GetCost__15cSC3BudgetLayerUi	cSC3BudgetLayer::GetCost(unsigned int)
0005bf7c	ComputeTax__15cSC3BudgetLayerQ216cISC3BudgetLayer8tTaxType	cSC3BudgetLayer::ComputeTax(cISC3BudgetLayer::tTaxType)
0005c098	IssueBond__15cSC3BudgetLayerUi	cSC3BudgetLayer::IssueBond(unsigned int)
0005c288	NeededFundingChanged__15cSC3BudgetLayerP21cISC3DepartmentBudget	cSC3BudgetLayer::NeededFundingChanged(cISC3DepartmentBudget *)
0005c4f0	FundingPercentageChanged__15cSC3BudgetLayerP21cISC3DepartmentBudget	cSC3BudgetLayer::FundingPercentageChanged(cISC3DepartmentBudget *)
0005c790	DoMessage__15cSC3BudgetLayerR10cGZMessage	cSC3BudgetLayer::DoMessage(cGZMessage &)
0005dcdc	_._15cSC3BudgetLayer	cSC3BudgetLayer::~cSC3BudgetLayer(void)
0005de3c	SimulationEnd__15cSC3BudgetLayer	cSC3BudgetLayer::SimulationEnd(void)
0005de48	GetLayerType__15cSC3BudgetLayer	cSC3BudgetLayer::GetLayerType(void)
0005de54	SetTotalFunds__15cSC3BudgetLayerx	cSC3BudgetLayer::SetTotalFunds(long long)
0005de70	GetTotalFunds__15cSC3BudgetLayer	cSC3BudgetLayer::GetTotalFunds(void)
0005de80	GetTaxRate__15cSC3BudgetLayerQ216cISC3BudgetLayer8tTaxType	cSC3BudgetLayer::GetTaxRate(cISC3BudgetLayer::tTaxType)
0005de98	GetTotalBorrowed__15cSC3BudgetLayer	cSC3BudgetLayer::GetTotalBorrowed(void)
0005deb0	SetMarxism__15cSC3BudgetLayerb	cSC3BudgetLayer::SetMarxism(bool)
0005dec0	MarxismIsOn__15cSC3BudgetLayer	cSC3BudgetLayer::MarxismIsOn(void)
0005ded4	_._28cSC3MonthlyBudgetManipulator	cSC3MonthlyBudgetManipulator::~cSC3MonthlyBudgetManipulator(void)
0005df38	IsLockingCity__28cSC3MonthlyBudgetManipulator	cSC3MonthlyBudgetManipulator::IsLockingCity(void)
0005df48	AddRef__28cSC3MonthlyBudgetManipulator	cSC3MonthlyBudgetManipulator::AddRef(void)
0005df74	Release__28cSC3MonthlyBudgetManipulator	cSC3MonthlyBudgetManipulator::Release(void)
0005df9c	StaticShutdown__15cSC3BudgetLayer	cSC3BudgetLayer::StaticShutdown(void)
0005dfac	QueryInterface__15cSC3BudgetLayerUiPPv	cSC3BudgetLayer::QueryInterface(unsigned int, void **)
0005e060	AddRef__15cSC3BudgetLayer	cSC3BudgetLayer::AddRef(void)
0005e08c	Release__15cSC3BudgetLayer	cSC3BudgetLayer::Release(void)
0005e0b8	GetManipulator__15cSC3BudgetLayerRC18cISC3CityAgentTypePP25cISC3CityLayerManipulatorRi	cSC3BudgetLayer::GetManipulator(cISC3CityAgentType const &, cISC3CityLayerManipulator **, int &)
0005e190	GetDepartmentBudget__15cSC3BudgetLayerUiRP21cISC3DepartmentBudget	cSC3BudgetLayer::GetDepartmentBudget(unsigned int, cISC3DepartmentBudget *&)
0005e1f0	GetFunding__15cSC3BudgetLayerP21cISC3DepartmentBudget	cSC3BudgetLayer::GetFunding(cISC3DepartmentBudget *)
0005e238	GetValveModifier__15cSC3BudgetLayerUc	cSC3BudgetLayer::GetValveModifier(unsigned char)
0005e25c	WithdrawFunds__15cSC3BudgetLayerUi	cSC3BudgetLayer::WithdrawFunds(unsigned int)
0005e2f0	DepositFunds__15cSC3BudgetLayerUi	cSC3BudgetLayer::DepositFunds(unsigned int)
0005e364	DepositDisasterReliefFunds__15cSC3BudgetLayerUi	cSC3BudgetLayer::DepositDisasterReliefFunds(unsigned int)
0005e3d4	GetYTDIncome__15cSC3BudgetLayer	cSC3BudgetLayer::GetYTDIncome(void)
0005e45c	GetYTDFareIncome__15cSC3BudgetLayer	cSC3BudgetLayer::GetYTDFareIncome(void)
0005e474	GetYTDOrdinanceIncome__15cSC3BudgetLayer	cSC3BudgetLayer::GetYTDOrdinanceIncome(void)
0005e48c	GetYTDNeighborDealIncome__15cSC3BudgetLayer	cSC3BudgetLayer::GetYTDNeighborDealIncome(void)
0005e4a4	GetYTDBusinessDealIncome__15cSC3BudgetLayer	cSC3BudgetLayer::GetYTDBusinessDealIncome(void)
0005e4bc	GetYTDTaxIncome__15cSC3BudgetLayer	cSC3BudgetLayer::GetYTDTaxIncome(void)
0005e4f0	GetEstIncome__15cSC3BudgetLayer	cSC3BudgetLayer::GetEstIncome(void)
0005e57c	GetEstFareIncome__15cSC3BudgetLayer	cSC3BudgetLayer::GetEstFareIncome(void)
0005e624	GetEstOrdinanceIncome__15cSC3BudgetLayer	cSC3BudgetLayer::GetEstOrdinanceIncome(void)
0005e6cc	GetEstNeighborDealIncome__15cSC3BudgetLayer	cSC3BudgetLayer::GetEstNeighborDealIncome(void)
0005e778	GetEstBusinessDealIncome__15cSC3BudgetLayer	cSC3BudgetLayer::GetEstBusinessDealIncome(void)
0005e824	GetEstTaxIncome__15cSC3BudgetLayer	cSC3BudgetLayer::GetEstTaxIncome(void)
0005e8f4	GetYTDExpenses__15cSC3BudgetLayer	cSC3BudgetLayer::GetYTDExpenses(void)
0005e958	GetYTDOrdinanceExpenses__15cSC3BudgetLayer	cSC3BudgetLayer::GetYTDOrdinanceExpenses(void)
0005e970	GetYTDNeighborDealExpenses__15cSC3BudgetLayer	cSC3BudgetLayer::GetYTDNeighborDealExpenses(void)
0005e988	GetYTDBondExpenses__15cSC3BudgetLayer	cSC3BudgetLayer::GetYTDBondExpenses(void)
0005e9a0	GetYTDDisasterReliefIncome__15cSC3BudgetLayer	cSC3BudgetLayer::GetYTDDisasterReliefIncome(void)
0005e9bc	GetEstExpenses__15cSC3BudgetLayer	cSC3BudgetLayer::GetEstExpenses(void)
0005ea24	GetEstOrdinanceExpenses__15cSC3BudgetLayer	cSC3BudgetLayer::GetEstOrdinanceExpenses(void)
0005eaa8	GetEstNeighborDealExpenses__15cSC3BudgetLayer	cSC3BudgetLayer::GetEstNeighborDealExpenses(void)
0005eb6c	GetEstBondExpenses__15cSC3BudgetLayer	cSC3BudgetLayer::GetEstBondExpenses(void)
0005ec30	GetEstDisasterReliefIncome__15cSC3BudgetLayer	cSC3BudgetLayer::GetEstDisasterReliefIncome(void)
0005ec94	GetCurrentBorrowingLimit__15cSC3BudgetLayer	cSC3BudgetLayer::GetCurrentBorrowingLimit(void)
0005ecc0	DoQueryInfo__15cSC3BudgetLayerR10cGZMessageP11cIGZUnknown	cSC3BudgetLayer::DoQueryInfo(cGZMessage &, cIGZUnknown *)
0005ed8c	DebugClassTag__15cSC3BudgetLayerR10cIGZString	cSC3BudgetLayer::DebugClassTag(cIGZString &)
0005ed98	DebugTypeTag__15cSC3BudgetLayerR10cIGZString	cSC3BudgetLayer::DebugTypeTag(cIGZString &)
0005eda8	on_window_create__15cSC3BudgetLayerR10cGZMessageP11cIGZUnknown	cSC3BudgetLayer::on_window_create(cGZMessage &, cIGZUnknown *)
0005ee3c	__28cSC3MonthlyBudgetManipulator	cSC3MonthlyBudgetManipulator::cSC3MonthlyBudgetManipulator(void)
0005ee98	Init__28cSC3MonthlyBudgetManipulatorP15cSC3BudgetLayer	cSC3MonthlyBudgetManipulator::Init(cSC3BudgetLayer *)
0005eecc	Shutdown__28cSC3MonthlyBudgetManipulator	cSC3MonthlyBudgetManipulator::Shutdown(void)
0005ef0c	Apply__28cSC3MonthlyBudgetManipulatorR14cISC3CityAgent	cSC3MonthlyBudgetManipulator::Apply(cISC3CityAgent &)
0005ef6c	QueryInterface__28cSC3MonthlyBudgetManipulatorUiPPv	cSC3MonthlyBudgetManipulator::QueryInterface(unsigned int, void **)
0005efac	DebugInstanceTag__28cSC3MonthlyBudgetManipulatorR10cIGZString	cSC3MonthlyBudgetManipulator::DebugInstanceTag(cIGZString &)
0005efb8	DebugClassTag__28cSC3MonthlyBudgetManipulatorR10cIGZString	cSC3MonthlyBudgetManipulator::DebugClassTag(cIGZString &)
0005efc4	DebugTypeTag__28cSC3MonthlyBudgetManipulatorR10cIGZString	cSC3MonthlyBudgetManipulator::DebugTypeTag(cIGZString &)
0005f034	IsServedByCity__24cSC3BusinessDealBuilding	cSC3BusinessDealBuilding::IsServedByCity(void)
0005f174	DoStandardQueryViewInfo__24cSC3BusinessDealBuildingR10cGZMessageP21cISC3WinQueryListView	cSC3BusinessDealBuilding::DoStandardQueryViewInfo(cGZMessage &, cISC3WinQueryListView *)
000607d8	DoQueryViews__24cSC3BusinessDealBuildingR10cGZMessageP13cISC3WinQuery	cSC3BusinessDealBuilding::DoQueryViews(cGZMessage &, cISC3WinQuery *)
00060c40	__28cSC3BusinessDealBuildingAnim	cSC3BusinessDealBuildingAnim::cSC3BusinessDealBuildingAnim(void)
00060d24	IsServedByCity__28cSC3BusinessDealBuildingAnim	cSC3BusinessDealBuildingAnim::IsServedByCity(void)
00060e64	DoStandardQueryViewInfo__28cSC3BusinessDealBuildingAnimR10cGZMessageP21cISC3WinQueryListView	cSC3BusinessDealBuildingAnim::DoStandardQueryViewInfo(cGZMessage &, cISC3WinQueryListView *)
000624c8	DoQueryViews__28cSC3BusinessDealBuildingAnimR10cGZMessageP13cISC3WinQuery	cSC3BusinessDealBuildingAnim::DoQueryViews(cGZMessage &, cISC3WinQuery *)
00062930	__12cSC3Gigamall	cSC3Gigamall::cSC3Gigamall(void)
00062a04	DoStandardQueryViewInfo__12cSC3GigamallR10cGZMessageP21cISC3WinQueryListView	cSC3Gigamall::DoStandardQueryViewInfo(cGZMessage &, cISC3WinQueryListView *)
000637e8	DoStandardQueryViewInfo__10cSC3CasinoR10cGZMessageP21cISC3WinQueryListView	cSC3Casino::DoStandardQueryViewInfo(cGZMessage &, cISC3WinQueryListView *)
000643d4	DoStandardQueryViewInfo__19cSC3ToxicWastePlantR10cGZMessageP21cISC3WinQueryListView	cSC3ToxicWastePlant::DoStandardQueryViewInfo(cGZMessage &, cISC3WinQueryListView *)
00064be4	__25cSC3MaximumSecurityPrison	cSC3MaximumSecurityPrison::cSC3MaximumSecurityPrison(void)
00064cb4	DoStandardQueryViewInfo__25cSC3MaximumSecurityPrisonR10cGZMessageP21cISC3WinQueryListView	cSC3MaximumSecurityPrison::DoStandardQueryViewInfo(cGZMessage &, cISC3WinQueryListView *)
00065870	HasBirthdate__C24cSC3BusinessDealBuilding	cSC3BusinessDealBuilding::HasBirthdate(void) const
00065880	GetBirthdate__C24cSC3BusinessDealBuildingR8cIGZDate	cSC3BusinessDealBuilding::GetBirthdate(cIGZDate &) const
000658b4	SetBirthdate__24cSC3BusinessDealBuildingRC8cIGZDate	cSC3BusinessDealBuilding::SetBirthdate(cIGZDate const &)
000658f8	HasBirthdate__C28cSC3BusinessDealBuildingAnim	cSC3BusinessDealBuildingAnim::HasBirthdate(void) const
00065908	GetBirthdate__C28cSC3BusinessDealBuildingAnimR8cIGZDate	cSC3BusinessDealBuildingAnim::GetBirthdate(cIGZDate &) const
0006593c	SetBirthdate__28cSC3BusinessDealBuildingAnimRC8cIGZDate	cSC3BusinessDealBuildingAnim::SetBirthdate(cIGZDate const &)
00065980	AsISC3Occupant__24cSC3BusinessDealBuilding	cSC3BusinessDealBuilding::AsISC3Occupant(void)
00065990	AsISC3Building__24cSC3BusinessDealBuilding	cSC3BusinessDealBuilding::AsISC3Building(void)
0006599c	AsISC3CityAgent__24cSC3BusinessDealBuilding	cSC3BusinessDealBuilding::AsISC3CityAgent(void)
000659b0	AddRef__24cSC3BusinessDealBuilding	cSC3BusinessDealBuilding::AddRef(void)
000659dc	Release__24cSC3BusinessDealBuilding	cSC3BusinessDealBuilding::Release(void)
00065a08	QueryInterface__24cSC3BusinessDealBuildingUiPPv	cSC3BusinessDealBuilding::QueryInterface(unsigned int, void **)
00065a54	GetGeomFlag__24cSC3BusinessDealBuilding	cSC3BusinessDealBuilding::GetGeomFlag(void)
00065a64	__24cSC3BusinessDealBuilding	cSC3BusinessDealBuilding::cSC3BusinessDealBuilding(void)
00065b20	_._24cSC3BusinessDealBuilding	cSC3BusinessDealBuilding::~cSC3BusinessDealBuilding(void)
00065b6c	AsISC3Occupant__28cSC3BusinessDealBuildingAnim	cSC3BusinessDealBuildingAnim::AsISC3Occupant(void)
00065b7c	AsISC3Building__28cSC3BusinessDealBuildingAnim	cSC3BusinessDealBuildingAnim::AsISC3Building(void)
00065b88	AsISC3CityAgent__28cSC3BusinessDealBuildingAnim	cSC3BusinessDealBuildingAnim::AsISC3CityAgent(void)
00065b9c	AddRef__28cSC3BusinessDealBuildingAnim	cSC3BusinessDealBuildingAnim::AddRef(void)
00065bc8	Release__28cSC3BusinessDealBuildingAnim	cSC3BusinessDealBuildingAnim::Release(void)
00065bf4	QueryInterface__28cSC3BusinessDealBuildingAnimUiPPv	cSC3BusinessDealBuildingAnim::QueryInterface(unsigned int, void **)
00065c44	GetGeomFlag__28cSC3BusinessDealBuildingAnim	cSC3BusinessDealBuildingAnim::GetGeomFlag(void)
00065c54	_._28cSC3BusinessDealBuildingAnim	cSC3BusinessDealBuildingAnim::~cSC3BusinessDealBuildingAnim(void)
00065cc0	_._12cSC3Gigamall	cSC3Gigamall::~cSC3Gigamall(void)
00065d20	__10cSC3Casino	cSC3Casino::cSC3Casino(void)
00065d74	_._10cSC3Casino	cSC3Casino::~cSC3Casino(void)
00065dec	__19cSC3ToxicWastePlant	cSC3ToxicWastePlant::cSC3ToxicWastePlant(void)
00065e40	_._19cSC3ToxicWastePlant	cSC3ToxicWastePlant::~cSC3ToxicWastePlant(void)
00065eb8	_._25cSC3MaximumSecurityPrison	cSC3MaximumSecurityPrison::~cSC3MaximumSecurityPrison(void)
00065f44	Execute__20cSC3CmdShowBudgetWin	cSC3CmdShowBudgetWin::Execute(void)
000660f4	CreateCommand__21cSC3CmdSimMiscFactoryUiUiPPv	cSC3CmdSimMiscFactory::CreateCommand(unsigned int, unsigned int, void **)
000661d4	Init__11cSC3MiscOccP19cISC3OccupantAttrib	cSC3MiscOcc::Init(cISC3OccupantAttrib *)
00066304	SetName__11cSC3MiscOccRC10cIGZString	cSC3MiscOcc::SetName(cIGZString const &)
000665c4	DoStandardQueryViewInfo__11cSC3MiscOccR10cGZMessageP21cISC3WinQueryListView	cSC3MiscOcc::DoStandardQueryViewInfo(cGZMessage &, cISC3WinQueryListView *)
00067498	Init__15cSC3MiscOccAnimP19cISC3OccupantAttrib	cSC3MiscOccAnim::Init(cISC3OccupantAttrib *)
000675d0	SetName__15cSC3MiscOccAnimRC10cIGZString	cSC3MiscOccAnim::SetName(cIGZString const &)
00067894	__15cSC3MiscOccAnim	cSC3MiscOccAnim::cSC3MiscOccAnim(void)
00067918	DoStandardQueryViewInfo__15cSC3MiscOccAnimR10cGZMessageP21cISC3WinQueryListView	cSC3MiscOccAnim::DoStandardQueryViewInfo(cGZMessage &, cISC3WinQueryListView *)
000687e8	__15cSC3MayorsHouse	cSC3MayorsHouse::cSC3MayorsHouse(void)
00068900	DoStandardQueryViewInfo__15cSC3MayorsHouseR10cGZMessageP21cISC3WinQueryListView	cSC3MayorsHouse::DoStandardQueryViewInfo(cGZMessage &, cISC3WinQueryListView *)
00069668	__8cSC3Park	cSC3Park::cSC3Park(void)
000696f8	DoStandardQueryViewInfo__8cSC3ParkR10cGZMessageP21cISC3WinQueryListView	cSC3Park::DoStandardQueryViewInfo(cGZMessage &, cISC3WinQueryListView *)
0006af04	__7cSC3Zoo	cSC3Zoo::cSC3Zoo(void)
0006af94	DoStandardQueryViewInfo__7cSC3ZooR10cGZMessageP21cISC3WinQueryListView	cSC3Zoo::DoStandardQueryViewInfo(cGZMessage &, cISC3WinQueryListView *)
0006c6b4	__12cSC3BallPark	cSC3BallPark::cSC3BallPark(void)
0006c744	DoStandardQueryViewInfo__12cSC3BallParkR10cGZMessageP21cISC3WinQueryListView	cSC3BallPark::DoStandardQueryViewInfo(cGZMessage &, cISC3WinQueryListView *)
0006d864	__10cSC3Marina	cSC3Marina::cSC3Marina(void)
0006d8f4	DoStandardQueryViewInfo__10cSC3MarinaR10cGZMessageP21cISC3WinQueryListView	cSC3Marina::DoStandardQueryViewInfo(cGZMessage &, cISC3WinQueryListView *)
0006ea2c	__12cSC3CityHall	cSC3CityHall::cSC3CityHall(void)
0006eb50	DoStandardQueryViewInfo__12cSC3CityHallR10cGZMessageP21cISC3WinQueryListView	cSC3CityHall::DoStandardQueryViewInfo(cGZMessage &, cISC3WinQueryListView *)
0006f844	__10cSC3Statue	cSC3Statue::cSC3Statue(void)
0006f960	DoStandardQueryViewInfo__10cSC3StatueR10cGZMessageP21cISC3WinQueryListView	cSC3Statue::DoStandardQueryViewInfo(cGZMessage &, cISC3WinQueryListView *)
00070674	__13cSC3Spaceport	cSC3Spaceport::cSC3Spaceport(void)
00070770	DoStandardQueryViewInfo__13cSC3SpaceportR10cGZMessageP21cISC3WinQueryListView	cSC3Spaceport::DoStandardQueryViewInfo(cGZMessage &, cISC3WinQueryListView *)
000712f8	__11cSC3Airport	cSC3Airport::cSC3Airport(void)
00071388	DoStandardQueryViewInfo__11cSC3AirportR10cGZMessageP21cISC3WinQueryListView	cSC3Airport::DoStandardQueryViewInfo(cGZMessage &, cISC3WinQueryListView *)
000730cc	__11cSC3Seaport	cSC3Seaport::cSC3Seaport(void)
0007315c	DoStandardQueryViewInfo__11cSC3SeaportR10cGZMessageP21cISC3WinQueryListView	cSC3Seaport::DoStandardQueryViewInfo(cGZMessage &, cISC3WinQueryListView *)
00075014	__11cSC3Stadium	cSC3Stadium::cSC3Stadium(void)
000751c0	_._11cSC3Stadium	cSC3Stadium::~cSC3Stadium(void)
000752fc	DoQueryViews__11cSC3StadiumR10cGZMessageP13cISC3WinQuery	cSC3Stadium::DoQueryViews(cGZMessage &, cISC3WinQuery *)
00075740	DoExitQueryWindow__11cSC3StadiumR10cGZMessageP13cISC3WinQuery	cSC3Stadium::DoExitQueryWindow(cGZMessage &, cISC3WinQuery *)
00075a30	DoStandardQueryViewInfo__11cSC3StadiumR10cGZMessageP21cISC3WinQueryListView	cSC3Stadium::DoStandardQueryViewInfo(cGZMessage &, cISC3WinQueryListView *)
00076d18	__17cSC3StockExchange	cSC3StockExchange::cSC3StockExchange(void)
00076e30	DoStandardQueryViewInfo__17cSC3StockExchangeR10cGZMessageP21cISC3WinQueryListView	cSC3StockExchange::DoStandardQueryViewInfo(cGZMessage &, cISC3WinQueryListView *)
000774e4	__14cSC3Courthouse	cSC3Courthouse::cSC3Courthouse(void)
00077600	DoStandardQueryViewInfo__14cSC3CourthouseR10cGZMessageP21cISC3WinQueryListView	cSC3Courthouse::DoStandardQueryViewInfo(cGZMessage &, cISC3WinQueryListView *)
00078968	__25cSC3MedicalResearchCenter	cSC3MedicalResearchCenter::cSC3MedicalResearchCenter(void)
00078a80	DoStandardQueryViewInfo__25cSC3MedicalResearchCenterR10cGZMessageP21cISC3WinQueryListView	cSC3MedicalResearchCenter::DoStandardQueryViewInfo(cGZMessage &, cISC3WinQueryListView *)
000797f4	__17cSC3ScienceCenter	cSC3ScienceCenter::cSC3ScienceCenter(void)
000798f0	DoStandardQueryViewInfo__17cSC3ScienceCenterR10cGZMessageP21cISC3WinQueryListView	cSC3ScienceCenter::DoStandardQueryViewInfo(cGZMessage &, cISC3WinQueryListView *)
0007a468	__24cSC3PerformingArtsCenter	cSC3PerformingArtsCenter::cSC3PerformingArtsCenter(void)
0007a580	DoStandardQueryViewInfo__24cSC3PerformingArtsCenterR10cGZMessageP21cISC3WinQueryListView	cSC3PerformingArtsCenter::DoStandardQueryViewInfo(cGZMessage &, cISC3WinQueryListView *)
0007b338	__16cSC3MilitaryBase	cSC3MilitaryBase::cSC3MilitaryBase(void)
0007b440	DoStandardQueryViewInfo__16cSC3MilitaryBaseR10cGZMessageP21cISC3WinQueryListView	cSC3MilitaryBase::DoStandardQueryViewInfo(cGZMessage &, cISC3WinQueryListView *)
0007c1e4	SetOccupancyState__16cSC3MilitaryBaseUi	cSC3MilitaryBase::SetOccupancyState(unsigned int)
0007c470	__21cSC3DefenseContractor	cSC3DefenseContractor::cSC3DefenseContractor(void)
0007c590	DoStandardQueryViewInfo__21cSC3DefenseContractorR10cGZMessageP21cISC3WinQueryListView	cSC3DefenseContractor::DoStandardQueryViewInfo(cGZMessage &, cISC3WinQueryListView *)
0007d108	__14cSC3GeyserPark	cSC3GeyserPark::cSC3GeyserPark(void)
0007d200	DoStandardQueryViewInfo__14cSC3GeyserParkR10cGZMessageP21cISC3WinQueryListView	cSC3GeyserPark::DoStandardQueryViewInfo(cGZMessage &, cISC3WinQueryListView *)
0007e628	__14cSC3Lighthouse	cSC3Lighthouse::cSC3Lighthouse(void)
0007e720	DoStandardQueryViewInfo__14cSC3LighthouseR10cGZMessageP21cISC3WinQueryListView	cSC3Lighthouse::DoStandardQueryViewInfo(cGZMessage &, cISC3WinQueryListView *)
0007f4d4	__15cSC3CountryClub	cSC3CountryClub::cSC3CountryClub(void)
0007f5f0	DoStandardQueryViewInfo__15cSC3CountryClubR10cGZMessageP21cISC3WinQueryListView	cSC3CountryClub::DoStandardQueryViewInfo(cGZMessage &, cISC3WinQueryListView *)
00080908	__13cSC3ThemePark	cSC3ThemePark::cSC3ThemePark(void)
00080a10	DoStandardQueryViewInfo__13cSC3ThemeParkR10cGZMessageP21cISC3WinQueryListView	cSC3ThemePark::DoStandardQueryViewInfo(cGZMessage &, cISC3WinQueryListView *)
00081588	SetOccupancyState__13cSC3ThemeParkUi	cSC3ThemePark::SetOccupancyState(unsigned int)
00081814	__20cSC3LandmarkBuilding	cSC3LandmarkBuilding::cSC3LandmarkBuilding(void)
000818a4	DoStandardQueryViewInfo__20cSC3LandmarkBuildingR10cGZMessageP21cISC3WinQueryListView	cSC3LandmarkBuilding::DoStandardQueryViewInfo(cGZMessage &, cISC3WinQueryListView *)
00082274	__14cSC3University	cSC3University::cSC3University(void)
00082370	DoStandardQueryViewInfo__14cSC3UniversityR10cGZMessageP21cISC3WinQueryListView	cSC3University::DoStandardQueryViewInfo(cGZMessage &, cISC3WinQueryListView *)
00082ef8	SetOccupancyState__14cSC3UniversityUi	cSC3University::SetOccupancyState(unsigned int)
00083184	__16cSC3EasterCastle	cSC3EasterCastle::cSC3EasterCastle(void)
00083214	DoStandardQueryViewInfo__16cSC3EasterCastleR10cGZMessageP21cISC3WinQueryListView	cSC3EasterCastle::DoStandardQueryViewInfo(cGZMessage &, cISC3WinQueryListView *)
000845f4	IsNameChangeable__15cSC3MayorsHouse	cSC3MayorsHouse::IsNameChangeable(void)
00084600	HasBirthdate__C15cSC3MayorsHouse	cSC3MayorsHouse::HasBirthdate(void) const
00084610	GetBirthdate__C15cSC3MayorsHouseR8cIGZDate	cSC3MayorsHouse::GetBirthdate(cIGZDate &) const
00084644	SetBirthdate__15cSC3MayorsHouseRC8cIGZDate	cSC3MayorsHouse::SetBirthdate(cIGZDate const &)
00084688	IsNameChangeable__8cSC3Park	cSC3Park::IsNameChangeable(void)
00084694	IsNameChangeable__7cSC3Zoo	cSC3Zoo::IsNameChangeable(void)
000846a0	IsNameChangeable__12cSC3BallPark	cSC3BallPark::IsNameChangeable(void)
000846ac	IsNameChangeable__10cSC3Marina	cSC3Marina::IsNameChangeable(void)
000846b8	IsNameChangeable__12cSC3CityHall	cSC3CityHall::IsNameChangeable(void)
000846c4	HasBirthdate__C12cSC3CityHall	cSC3CityHall::HasBirthdate(void) const
000846d4	GetBirthdate__C12cSC3CityHallR8cIGZDate	cSC3CityHall::GetBirthdate(cIGZDate &) const
00084708	SetBirthdate__12cSC3CityHallRC8cIGZDate	cSC3CityHall::SetBirthdate(cIGZDate const &)
0008474c	IsNameChangeable__10cSC3Statue	cSC3Statue::IsNameChangeable(void)
00084758	HasBirthdate__C10cSC3Statue	cSC3Statue::HasBirthdate(void) const
00084768	GetBirthdate__C10cSC3StatueR8cIGZDate	cSC3Statue::GetBirthdate(cIGZDate &) const
0008479c	SetBirthdate__10cSC3StatueRC8cIGZDate	cSC3Statue::SetBirthdate(cIGZDate const &)
000847e0	IsNameChangeable__13cSC3Spaceport	cSC3Spaceport::IsNameChangeable(void)
000847ec	HasBirthdate__C13cSC3Spaceport	cSC3Spaceport::HasBirthdate(void) const
000847fc	GetBirthdate__C13cSC3SpaceportR8cIGZDate	cSC3Spaceport::GetBirthdate(cIGZDate &) const
00084830	SetBirthdate__13cSC3SpaceportRC8cIGZDate	cSC3Spaceport::SetBirthdate(cIGZDate const &)
00084874	HasBirthdate__C11cSC3Stadium	cSC3Stadium::HasBirthdate(void) const
00084884	GetBirthdate__C11cSC3StadiumR8cIGZDate	cSC3Stadium::GetBirthdate(cIGZDate &) const
000848b8	SetBirthdate__11cSC3StadiumRC8cIGZDate	cSC3Stadium::SetBirthdate(cIGZDate const &)
000848fc	IsNameChangeable__17cSC3StockExchange	cSC3StockExchange::IsNameChangeable(void)
00084908	HasBirthdate__C17cSC3StockExchange	cSC3StockExchange::HasBirthdate(void) const
00084918	GetBirthdate__C17cSC3StockExchangeR8cIGZDate	cSC3StockExchange::GetBirthdate(cIGZDate &) const
0008494c	SetBirthdate__17cSC3StockExchangeRC8cIGZDate	cSC3StockExchange::SetBirthdate(cIGZDate const &)
00084990	IsNameChangeable__14cSC3Courthouse	cSC3Courthouse::IsNameChangeable(void)
0008499c	HasBirthdate__C14cSC3Courthouse	cSC3Courthouse::HasBirthdate(void) const
000849ac	GetBirthdate__C14cSC3CourthouseR8cIGZDate	cSC3Courthouse::GetBirthdate(cIGZDate &) const
000849e0	SetBirthdate__14cSC3CourthouseRC8cIGZDate	cSC3Courthouse::SetBirthdate(cIGZDate const &)
00084a24	IsNameChangeable__25cSC3MedicalResearchCenter	cSC3MedicalResearchCenter::IsNameChangeable(void)
00084a30	HasBirthdate__C25cSC3MedicalResearchCenter	cSC3MedicalResearchCenter::HasBirthdate(void) const
00084a40	GetBirthdate__C25cSC3MedicalResearchCenterR8cIGZDate	cSC3MedicalResearchCenter::GetBirthdate(cIGZDate &) const
00084a74	SetBirthdate__25cSC3MedicalResearchCenterRC8cIGZDate	cSC3MedicalResearchCenter::SetBirthdate(cIGZDate const &)
00084ab8	IsNameChangeable__17cSC3ScienceCenter	cSC3ScienceCenter::IsNameChangeable(void)
00084ac4	HasBirthdate__C17cSC3ScienceCenter	cSC3ScienceCenter::HasBirthdate(void) const
00084ad4	GetBirthdate__C17cSC3ScienceCenterR8cIGZDate	cSC3ScienceCenter::GetBirthdate(cIGZDate &) const
00084b08	SetBirthdate__17cSC3ScienceCenterRC8cIGZDate	cSC3ScienceCenter::SetBirthdate(cIGZDate const &)
00084b4c	IsNameChangeable__24cSC3PerformingArtsCenter	cSC3PerformingArtsCenter::IsNameChangeable(void)
00084b58	HasBirthdate__C24cSC3PerformingArtsCenter	cSC3PerformingArtsCenter::HasBirthdate(void) const
00084b68	GetBirthdate__C24cSC3PerformingArtsCenterR8cIGZDate	cSC3PerformingArtsCenter::GetBirthdate(cIGZDate &) const
00084b9c	SetBirthdate__24cSC3PerformingArtsCenterRC8cIGZDate	cSC3PerformingArtsCenter::SetBirthdate(cIGZDate const &)
00084be0	HasBirthdate__C16cSC3MilitaryBase	cSC3MilitaryBase::HasBirthdate(void) const
00084bf0	GetBirthdate__C16cSC3MilitaryBaseR8cIGZDate	cSC3MilitaryBase::GetBirthdate(cIGZDate &) const
00084c24	SetBirthdate__16cSC3MilitaryBaseRC8cIGZDate	cSC3MilitaryBase::SetBirthdate(cIGZDate const &)
00084c68	IsNameChangeable__21cSC3DefenseContractor	cSC3DefenseContractor::IsNameChangeable(void)
00084c74	HasBirthdate__C21cSC3DefenseContractor	cSC3DefenseContractor::HasBirthdate(void) const
00084c84	GetBirthdate__C21cSC3DefenseContractorR8cIGZDate	cSC3DefenseContractor::GetBirthdate(cIGZDate &) const
00084cb8	SetBirthdate__21cSC3DefenseContractorRC8cIGZDate	cSC3DefenseContractor::SetBirthdate(cIGZDate const &)
00084cfc	IsNameChangeable__14cSC3GeyserPark	cSC3GeyserPark::IsNameChangeable(void)
00084d08	HasBirthdate__C14cSC3GeyserPark	cSC3GeyserPark::HasBirthdate(void) const
00084d18	GetBirthdate__C14cSC3GeyserParkR8cIGZDate	cSC3GeyserPark::GetBirthdate(cIGZDate &) const
00084d4c	SetBirthdate__14cSC3GeyserParkRC8cIGZDate	cSC3GeyserPark::SetBirthdate(cIGZDate const &)
00084d90	IsNameChangeable__14cSC3Lighthouse	cSC3Lighthouse::IsNameChangeable(void)
00084d9c	HasBirthdate__C14cSC3Lighthouse	cSC3Lighthouse::HasBirthdate(void) const
00084dac	GetBirthdate__C14cSC3LighthouseR8cIGZDate	cSC3Lighthouse::GetBirthdate(cIGZDate &) const
00084de0	SetBirthdate__14cSC3LighthouseRC8cIGZDate	cSC3Lighthouse::SetBirthdate(cIGZDate const &)
00084e24	IsNameChangeable__15cSC3CountryClub	cSC3CountryClub::IsNameChangeable(void)
00084e30	HasBirthdate__C15cSC3CountryClub	cSC3CountryClub::HasBirthdate(void) const
00084e40	GetBirthdate__C15cSC3CountryClubR8cIGZDate	cSC3CountryClub::GetBirthdate(cIGZDate &) const
00084e74	SetBirthdate__15cSC3CountryClubRC8cIGZDate	cSC3CountryClub::SetBirthdate(cIGZDate const &)
00084eb8	HasBirthdate__C13cSC3ThemePark	cSC3ThemePark::HasBirthdate(void) const
00084ec8	GetBirthdate__C13cSC3ThemeParkR8cIGZDate	cSC3ThemePark::GetBirthdate(cIGZDate &) const
00084efc	SetBirthdate__13cSC3ThemeParkRC8cIGZDate	cSC3ThemePark::SetBirthdate(cIGZDate const &)
00084f40	HasBirthdate__C14cSC3University	cSC3University::HasBirthdate(void) const
00084f50	GetBirthdate__C14cSC3UniversityR8cIGZDate	cSC3University::GetBirthdate(cIGZDate &) const
00084f84	SetBirthdate__14cSC3UniversityRC8cIGZDate	cSC3University::SetBirthdate(cIGZDate const &)
00084fc8	IsNameChangeable__16cSC3EasterCastle	cSC3EasterCastle::IsNameChangeable(void)
00084fd4	AsISC3Occupant__11cSC3MiscOcc	cSC3MiscOcc::AsISC3Occupant(void)
00084fe4	AsISC3Building__11cSC3MiscOcc	cSC3MiscOcc::AsISC3Building(void)
00084ff0	AsISC3CityAgent__11cSC3MiscOcc	cSC3MiscOcc::AsISC3CityAgent(void)
00085004	AddRef__11cSC3MiscOcc	cSC3MiscOcc::AddRef(void)
00085030	Release__11cSC3MiscOcc	cSC3MiscOcc::Release(void)
0008505c	QueryInterface__11cSC3MiscOccUiPPv	cSC3MiscOcc::QueryInterface(unsigned int, void **)
000850a8	GetName__11cSC3MiscOccR10cIGZString	cSC3MiscOcc::GetName(cIGZString &)
00085104	GetGeomFlag__11cSC3MiscOcc	cSC3MiscOcc::GetGeomFlag(void)
00085114	SetOccupancyState__11cSC3MiscOccUi	cSC3MiscOcc::SetOccupancyState(unsigned int)
00085144	__11cSC3MiscOcc	cSC3MiscOcc::cSC3MiscOcc(void)
000851b0	_._11cSC3MiscOcc	cSC3MiscOcc::~cSC3MiscOcc(void)
00085224	DoQueryViews__11cSC3MiscOccR10cGZMessageP13cISC3WinQuery	cSC3MiscOcc::DoQueryViews(cGZMessage &, cISC3WinQuery *)
0008527c	DoExitQueryWindow__11cSC3MiscOccR10cGZMessageP13cISC3WinQuery	cSC3MiscOcc::DoExitQueryWindow(cGZMessage &, cISC3WinQuery *)
000852e0	AsISC3Occupant__15cSC3MiscOccAnim	cSC3MiscOccAnim::AsISC3Occupant(void)
000852f0	AsISC3Building__15cSC3MiscOccAnim	cSC3MiscOccAnim::AsISC3Building(void)
000852fc	AsISC3CityAgent__15cSC3MiscOccAnim	cSC3MiscOccAnim::AsISC3CityAgent(void)
00085310	AddRef__15cSC3MiscOccAnim	cSC3MiscOccAnim::AddRef(void)
0008533c	Release__15cSC3MiscOccAnim	cSC3MiscOccAnim::Release(void)
00085368	QueryInterface__15cSC3MiscOccAnimUiPPv	cSC3MiscOccAnim::QueryInterface(unsigned int, void **)
000853b8	GetName__15cSC3MiscOccAnimR10cIGZString	cSC3MiscOccAnim::GetName(cIGZString &)
00085414	GetGeomFlag__15cSC3MiscOccAnim	cSC3MiscOccAnim::GetGeomFlag(void)
00085424	SetOccupancyState__15cSC3MiscOccAnimUi	cSC3MiscOccAnim::SetOccupancyState(unsigned int)
00085454	_._15cSC3MiscOccAnim	cSC3MiscOccAnim::~cSC3MiscOccAnim(void)
000854e0	DoQueryViews__15cSC3MiscOccAnimR10cGZMessageP13cISC3WinQuery	cSC3MiscOccAnim::DoQueryViews(cGZMessage &, cISC3WinQuery *)
00085538	DoExitQueryWindow__15cSC3MiscOccAnimR10cGZMessageP13cISC3WinQuery	cSC3MiscOccAnim::DoExitQueryWindow(cGZMessage &, cISC3WinQuery *)
000855a0	_._15cSC3MayorsHouse	cSC3MayorsHouse::~cSC3MayorsHouse(void)
00085624	_._8cSC3Park	cSC3Park::~cSC3Park(void)
000856a8	_._7cSC3Zoo	cSC3Zoo::~cSC3Zoo(void)
0008572c	_._12cSC3BallPark	cSC3BallPark::~cSC3BallPark(void)
000857b0	_._10cSC3Marina	cSC3Marina::~cSC3Marina(void)
00085834	_._12cSC3CityHall	cSC3CityHall::~cSC3CityHall(void)
000858b8	_._10cSC3Statue	cSC3Statue::~cSC3Statue(void)
0008593c	_._13cSC3Spaceport	cSC3Spaceport::~cSC3Spaceport(void)
000859dc	_._11cSC3Airport	cSC3Airport::~cSC3Airport(void)
00085a5c	_._11cSC3Seaport	cSC3Seaport::~cSC3Seaport(void)
00085adc	Init__11cSC3StadiumP9cISC3CityP19cISC3OccPersistInfo	cSC3Stadium::Init(cISC3City *, cISC3OccPersistInfo *)
00085b40	Save__11cSC3StadiumP9cISC3CityR19cISC3OccPersistInfo	cSC3Stadium::Save(cISC3City *, cISC3OccPersistInfo &)
00085ba0	_._17cSC3StockExchange	cSC3StockExchange::~cSC3StockExchange(void)
00085c24	_._14cSC3Courthouse	cSC3Courthouse::~cSC3Courthouse(void)
00085ca8	_._25cSC3MedicalResearchCenter	cSC3MedicalResearchCenter::~cSC3MedicalResearchCenter(void)
00085d2c	_._17cSC3ScienceCenter	cSC3ScienceCenter::~cSC3ScienceCenter(void)
00085dcc	_._24cSC3PerformingArtsCenter	cSC3PerformingArtsCenter::~cSC3PerformingArtsCenter(void)
00085e50	_._16cSC3MilitaryBase	cSC3MilitaryBase::~cSC3MilitaryBase(void)
00085eec	GetGeomFlag__16cSC3MilitaryBase	cSC3MilitaryBase::GetGeomFlag(void)
00085efc	_._21cSC3DefenseContractor	cSC3DefenseContractor::~cSC3DefenseContractor(void)
00085f80	_._14cSC3GeyserPark	cSC3GeyserPark::~cSC3GeyserPark(void)
00086020	_._14cSC3Lighthouse	cSC3Lighthouse::~cSC3Lighthouse(void)
000860c0	_._15cSC3CountryClub	cSC3CountryClub::~cSC3CountryClub(void)
00086144	_._13cSC3ThemePark	cSC3ThemePark::~cSC3ThemePark(void)
000861e0	GetGeomFlag__13cSC3ThemePark	cSC3ThemePark::GetGeomFlag(void)
000861f0	_._20cSC3LandmarkBuilding	cSC3LandmarkBuilding::~cSC3LandmarkBuilding(void)
00086270	_._14cSC3University	cSC3University::~cSC3University(void)
0008630c	GetGeomFlag__14cSC3University	cSC3University::GetGeomFlag(void)
0008631c	_._16cSC3EasterCastle	cSC3EasterCastle::~cSC3EasterCastle(void)
000863d4	__18cSC3NeighborsLayer	cSC3NeighborsLayer::cSC3NeighborsLayer(void)
00086f14	_._18cSC3NeighborsLayer	cSC3NeighborsLayer::~cSC3NeighborsLayer(void)
000870c0	Init__18cSC3NeighborsLayerP9cISC3City	cSC3NeighborsLayer::Init(cISC3City *)
0008726c	Init__18cSC3NeighborsLayerP9cISC3CityP13cIGZDBSegment	cSC3NeighborsLayer::Init(cISC3City *, cIGZDBSegment *)
00088968	Save__18cSC3NeighborsLayerP9cISC3CityP13cIGZDBSegment	cSC3NeighborsLayer::Save(cISC3City *, cIGZDBSegment *)
000894ac	Shutdown__18cSC3NeighborsLayer	cSC3NeighborsLayer::Shutdown(void)
00089594	LoadNeighborDealINI__18cSC3NeighborsLayer	cSC3NeighborsLayer::LoadNeighborDealINI(void)
0008f7dc	CreateNeighbors__18cSC3NeighborsLayer	cSC3NeighborsLayer::CreateNeighbors(void)
0008fef8	SetNeighborName__18cSC3NeighborsLayerUcRC10cIGZString	cSC3NeighborsLayer::SetNeighborName(unsigned char, cIGZString const &)
000901a4	RemoveConnection__18cSC3NeighborsLayerQ216cISTTransitLayer15CONNECTION_TYPEUiUi	cSC3NeighborsLayer::RemoveConnection(cISTTransitLayer::CONNECTION_TYPE, unsigned int, unsigned int)
0009065c	CheckHasAnyConnection__18cSC3NeighborsLayerUiUi	cSC3NeighborsLayer::CheckHasAnyConnection(unsigned int, unsigned int)
00090860	CheckIsConnected__18cSC3NeighborsLayerQ216cISTTransitLayer15CONNECTION_TYPEUc	cSC3NeighborsLayer::CheckIsConnected(cISTTransitLayer::CONNECTION_TYPE, unsigned char)
0009091c	DecrementConnection__18cSC3NeighborsLayerQ216cISTTransitLayer15CONNECTION_TYPEUiUi	cSC3NeighborsLayer::DecrementConnection(cISTTransitLayer::CONNECTION_TYPE, unsigned int, unsigned int)
00090a34	GetNeighborDeals__18cSC3NeighborsLayerRUcPQ219cISC3NeighborsLayer11tDealRecord	cSC3NeighborsLayer::GetNeighborDeals(unsigned char &, cISC3NeighborsLayer::tDealRecord *)
00090ae0	GetValidCityForDeal__18cSC3NeighborsLayerUc	cSC3NeighborsLayer::GetValidCityForDeal(unsigned char)
00090c28	RenewDeal__18cSC3NeighborsLayerUc	cSC3NeighborsLayer::RenewDeal(unsigned char)
00091b08	ProposeDeal__18cSC3NeighborsLayerUcUcUi	cSC3NeighborsLayer::ProposeDeal(unsigned char, unsigned char, unsigned int)
00092648	ConnectionsExistForDeal__18cSC3NeighborsLayerUcUc	cSC3NeighborsLayer::ConnectionsExistForDeal(unsigned char, unsigned char)
00092a18	SetDeal__18cSC3NeighborsLayerUc	cSC3NeighborsLayer::SetDeal(unsigned char)
00093000	ClearDeal__18cSC3NeighborsLayerUc	cSC3NeighborsLayer::ClearDeal(unsigned char)
0009312c	ClearDealWithPenalty__18cSC3NeighborsLayerUc	cSC3NeighborsLayer::ClearDealWithPenalty(unsigned char)
00093244	ClearProposedDeal__18cSC3NeighborsLayerUc	cSC3NeighborsLayer::ClearProposedDeal(unsigned char)
0009335c	CheckForDeal__18cSC3NeighborsLayerUc	cSC3NeighborsLayer::CheckForDeal(unsigned char)
000933f8	CheckForProposedDeal__18cSC3NeighborsLayerUc	cSC3NeighborsLayer::CheckForProposedDeal(unsigned char)
00093494	GetProposedDeal__18cSC3NeighborsLayerUiPP17cISC3NeighborDeal	cSC3NeighborsLayer::GetProposedDeal(unsigned int, cISC3NeighborDeal **)
00093548	GetDeal__18cSC3NeighborsLayerUiPP17cISC3NeighborDeal	cSC3NeighborsLayer::GetDeal(unsigned int, cISC3NeighborDeal **)
000935f0	CheckForBrokenDeals__18cSC3NeighborsLayerPP17cISC3NeighborDeal	cSC3NeighborsLayer::CheckForBrokenDeals(cISC3NeighborDeal **)
000936c4	SetDealAmount__18cSC3NeighborsLayerUci	cSC3NeighborsLayer::SetDealAmount(unsigned char, int)
000937bc	LoadNeighborDealWindowList__18cSC3NeighborsLayerP16cISC3WinNeighbor	cSC3NeighborsLayer::LoadNeighborDealWindowList(cISC3WinNeighbor *)
00093d94	GetDescriptionStringForDeal__18cSC3NeighborsLayerUcR9cRZString	cSC3NeighborsLayer::GetDescriptionStringForDeal(unsigned char, cRZString &)
00094b6c	GetRateStringForDeal__18cSC3NeighborsLayerUciR9cRZString	cSC3NeighborsLayer::GetRateStringForDeal(unsigned char, int, cRZString &)
000954f4	QueryInterface__18cSC3NeighborsLayerUiPPv	cSC3NeighborsLayer::QueryInterface(unsigned int, void **)
000955c8	CheckNeighborDeals__18cSC3NeighborsLayer	cSC3NeighborsLayer::CheckNeighborDeals(void)
000959d8	UpdateNeighbors__18cSC3NeighborsLayer	cSC3NeighborsLayer::UpdateNeighbors(void)
00095b20	GetTotalMonthlyNeighborDealIncome__18cSC3NeighborsLayer	cSC3NeighborsLayer::GetTotalMonthlyNeighborDealIncome(void)
00095bdc	GetTotalMonthlyNeighborDealExpense__18cSC3NeighborsLayer	cSC3NeighborsLayer::GetTotalMonthlyNeighborDealExpense(void)
00095ca8	__16cSC3NeighborDeal	cSC3NeighborDeal::cSC3NeighborDeal(void)
00095f14	_._16cSC3NeighborDeal	cSC3NeighborDeal::~cSC3NeighborDeal(void)
00096058	SetFromDealStructure__16cSC3NeighborDealRQ219cISC3NeighborsLayer11tDealRecord	cSC3NeighborDeal::SetFromDealStructure(cISC3NeighborsLayer::tDealRecord &)
000961a0	SetCityName__16cSC3NeighborDealRC10cIGZString	cSC3NeighborDeal::SetCityName(cIGZString const &)
00096434	SetDeal__16cSC3NeighborDealRC10cIGZString	cSC3NeighborDeal::SetDeal(cIGZString const &)
000966c4	Copy__16cSC3NeighborDealRC17cISC3NeighborDeal	cSC3NeighborDeal::Copy(cISC3NeighborDeal const &)
00096a78	GetLayerType__18cSC3NeighborsLayer	cSC3NeighborsLayer::GetLayerType(void)
00096a84	IsAgentLocking__18cSC3NeighborsLayer	cSC3NeighborsLayer::IsAgentLocking(void)
00096a90	AsISC3CityAgent__18cSC3NeighborsLayer	cSC3NeighborsLayer::AsISC3CityAgent(void)
00096aa4	StaticInit__18cSC3NeighborsLayerP19cISC3CityDefinition	cSC3NeighborsLayer::StaticInit(cISC3CityDefinition *)
00096af0	StaticShutdown__18cSC3NeighborsLayer	cSC3NeighborsLayer::StaticShutdown(void)
00096b1c	GetManipulator__18cSC3NeighborsLayerRC18cISC3CityAgentTypePP25cISC3CityLayerManipulatorRi	cSC3NeighborsLayer::GetManipulator(cISC3CityAgentType const &, cISC3CityLayerManipulator **, int &)
00096b28	Init__18cSC3NeighborsLayerP9cISC3CityP13cISC2Importer	cSC3NeighborsLayer::Init(cISC3City *, cISC2Importer *)
00096b38	SimulationBegin__18cSC3NeighborsLayer	cSC3NeighborsLayer::SimulationBegin(void)
00096bc0	SimulationEnd__18cSC3NeighborsLayer	cSC3NeighborsLayer::SimulationEnd(void)
00096c14	GetNeighborName__C18cSC3NeighborsLayerUcR10cIGZString	cSC3NeighborsLayer::GetNeighborName(unsigned char, cIGZString &) const
00096c64	GetNeighborMayorName__C18cSC3NeighborsLayerUcR10cIGZString	cSC3NeighborsLayer::GetNeighborMayorName(unsigned char, cIGZString &) const
00096cb0	IsLandNeighbor__18cSC3NeighborsLayerUc	cSC3NeighborsLayer::IsLandNeighbor(unsigned char)
00096cd8	NumberOfLandNeighbors__18cSC3NeighborsLayer	cSC3NeighborsLayer::NumberOfLandNeighbors(void)
00096cf8	GetNeighborPopulation__18cSC3NeighborsLayerUc	cSC3NeighborsLayer::GetNeighborPopulation(unsigned char)
00096d20	GetRailConnections__18cSC3NeighborsLayer	cSC3NeighborsLayer::GetRailConnections(void)
00096d44	GetRoadConnections__18cSC3NeighborsLayer	cSC3NeighborsLayer::GetRoadConnections(void)
00096d64	GetWaterConnections__18cSC3NeighborsLayer	cSC3NeighborsLayer::GetWaterConnections(void)
00096d84	GetPowerConnections__18cSC3NeighborsLayer	cSC3NeighborsLayer::GetPowerConnections(void)
00096da4	GetGarbageConnections__18cSC3NeighborsLayer	cSC3NeighborsLayer::GetGarbageConnections(void)
00096dd0	GetHighwayConnections__18cSC3NeighborsLayer	cSC3NeighborsLayer::GetHighwayConnections(void)
00096df4	GetSubwayConnections__18cSC3NeighborsLayer	cSC3NeighborsLayer::GetSubwayConnections(void)
00096e14	GetTotalRailConnections__18cSC3NeighborsLayer	cSC3NeighborsLayer::GetTotalRailConnections(void)
00096e30	GetTotalRoadConnections__18cSC3NeighborsLayer	cSC3NeighborsLayer::GetTotalRoadConnections(void)
00096e50	GetTotalWaterConnections__18cSC3NeighborsLayer	cSC3NeighborsLayer::GetTotalWaterConnections(void)
00096e70	GetTotalPowerConnections__18cSC3NeighborsLayer	cSC3NeighborsLayer::GetTotalPowerConnections(void)
00096e94	GetTotalGarbageConnections__18cSC3NeighborsLayer	cSC3NeighborsLayer::GetTotalGarbageConnections(void)
00096ed8	GetTotalHighwayConnections__18cSC3NeighborsLayer	cSC3NeighborsLayer::GetTotalHighwayConnections(void)
00096ef4	GetTotalSubwayConnections__18cSC3NeighborsLayer	cSC3NeighborsLayer::GetTotalSubwayConnections(void)
00096f14	MakeConnection__18cSC3NeighborsLayerQ216cISTTransitLayer15CONNECTION_TYPEUiUi	cSC3NeighborsLayer::MakeConnection(cISTTransitLayer::CONNECTION_TYPE, unsigned int, unsigned int)
00096fdc	CheckIsConnection__18cSC3NeighborsLayerQ216cISTTransitLayer15CONNECTION_TYPEUiUi	cSC3NeighborsLayer::CheckIsConnection(cISTTransitLayer::CONNECTION_TYPE, unsigned int, unsigned int)
0009706c	IncrementConnection__18cSC3NeighborsLayerQ216cISTTransitLayer15CONNECTION_TYPEUiUi	cSC3NeighborsLayer::IncrementConnection(cISTTransitLayer::CONNECTION_TYPE, unsigned int, unsigned int)
0009715c	DetermineNeighborDirection__18cSC3NeighborsLayerUiUi	cSC3NeighborsLayer::DetermineNeighborDirection(unsigned int, unsigned int)
000971e0	GetConnectionList__18cSC3NeighborsLayerQ216cISTTransitLayer15CONNECTION_TYPE	cSC3NeighborsLayer::GetConnectionList(cISTTransitLayer::CONNECTION_TYPE)
00097260	GetNumberOfNeighborDeals__18cSC3NeighborsLayer	cSC3NeighborsLayer::GetNumberOfNeighborDeals(void)
00097294	GetProposedDeal__18cSC3NeighborsLayerUcPQ219cISC3NeighborsLayer11tDealRecord	cSC3NeighborsLayer::GetProposedDeal(unsigned char, cISC3NeighborsLayer::tDealRecord *)
00097308	GetDeal__18cSC3NeighborsLayerUcPQ219cISC3NeighborsLayer11tDealRecord	cSC3NeighborsLayer::GetDeal(unsigned char, cISC3NeighborsLayer::tDealRecord *)
0009736c	DebugInstanceTag__18cSC3NeighborsLayerR10cIGZString	cSC3NeighborsLayer::DebugInstanceTag(cIGZString &)
00097378	DebugClassTag__18cSC3NeighborsLayerR10cIGZString	cSC3NeighborsLayer::DebugClassTag(cIGZString &)
00097384	DebugTypeTag__18cSC3NeighborsLayerR10cIGZString	cSC3NeighborsLayer::DebugTypeTag(cIGZString &)
00097390	DoMessage__18cSC3NeighborsLayerR10cGZMessage	cSC3NeighborsLayer::DoMessage(cGZMessage &)
000973a0	DoQueryInfo__18cSC3NeighborsLayerR10cGZMessageP11cIGZUnknown	cSC3NeighborsLayer::DoQueryInfo(cGZMessage &, cIGZUnknown *)
00097430	GetContributionStringForDeal__18cSC3NeighborsLayeriR9cRZString	cSC3NeighborsLayer::GetContributionStringForDeal(int, cRZString &)
00097490	AddRef__18cSC3NeighborsLayer	cSC3NeighborsLayer::AddRef(void)
000974cc	Release__18cSC3NeighborsLayer	cSC3NeighborsLayer::Release(void)
00097540	EndOfMonth__18cSC3NeighborsLayer	cSC3NeighborsLayer::EndOfMonth(void)
000975ac	EndOfYear__18cSC3NeighborsLayer	cSC3NeighborsLayer::EndOfYear(void)
000975d4	GetNeighborDealPenaltyExpense__18cSC3NeighborsLayer	cSC3NeighborsLayer::GetNeighborDealPenaltyExpense(void)
000975f4	Simulate__18cSC3NeighborsLayeri	cSC3NeighborsLayer::Simulate(int)
00097664	MinimumExecutionInterval__18cSC3NeighborsLayer	cSC3NeighborsLayer::MinimumExecutionInterval(void)
00097670	TypeId__C18cSC3NeighborsLayer	cSC3NeighborsLayer::TypeId(void) const
0009767c	AgentType__18cSC3NeighborsLayer	cSC3NeighborsLayer::AgentType(void)
00097688	SetAgentType__18cSC3NeighborsLayerP18cISC3CityAgentType	cSC3NeighborsLayer::SetAgentType(cISC3CityAgentType *)
00097698	QueryInterface__16cSC3NeighborDealUiPPv	cSC3NeighborDeal::QueryInterface(unsigned int, void **)
000976f0	AddRef__16cSC3NeighborDeal	cSC3NeighborDeal::AddRef(void)
0009772c	Release__16cSC3NeighborDeal	cSC3NeighborDeal::Release(void)
0009779c	GetDealStructure__16cSC3NeighborDealRQ219cISC3NeighborsLayer11tDealRecord	cSC3NeighborDeal::GetDealStructure(cISC3NeighborsLayer::tDealRecord &)
00097810	GetCityName__C16cSC3NeighborDealR10cIGZString	cSC3NeighborDeal::GetCityName(cIGZString &) const
00097844	GetDeal__C16cSC3NeighborDealR10cIGZString	cSC3NeighborDeal::GetDeal(cIGZString &) const
00097874	GetAmount__C16cSC3NeighborDeal	cSC3NeighborDeal::GetAmount(void) const
00097884	GetCost__C16cSC3NeighborDeal	cSC3NeighborDeal::GetCost(void) const
00097894	GetDealCity__C16cSC3NeighborDeal	cSC3NeighborDeal::GetDealCity(void) const
000978a4	GetDealType__C16cSC3NeighborDeal	cSC3NeighborDeal::GetDealType(void) const
000978b4	GetDealLength__C16cSC3NeighborDeal	cSC3NeighborDeal::GetDealLength(void) const
000978c4	GetMinimumCost__C16cSC3NeighborDeal	cSC3NeighborDeal::GetMinimumCost(void) const
000978d4	GetTerminationCost__C16cSC3NeighborDeal	cSC3NeighborDeal::GetTerminationCost(void) const
000978e4	GetDealRate__C16cSC3NeighborDeal	cSC3NeighborDeal::GetDealRate(void) const
000978f8	GetStartDate__C16cSC3NeighborDealR8cIGZDate	cSC3NeighborDeal::GetStartDate(cIGZDate &) const
00097928	SetAmount__16cSC3NeighborDeali	cSC3NeighborDeal::SetAmount(int)
00097938	SetCost__16cSC3NeighborDeali	cSC3NeighborDeal::SetCost(int)
00097948	SetDealCity__16cSC3NeighborDealUi	cSC3NeighborDeal::SetDealCity(unsigned int)
00097958	SetDealType__16cSC3NeighborDealUi	cSC3NeighborDeal::SetDealType(unsigned int)
00097968	SetDealLength__16cSC3NeighborDeali	cSC3NeighborDeal::SetDealLength(int)
00097978	SetMinimumCost__16cSC3NeighborDeali	cSC3NeighborDeal::SetMinimumCost(int)
00097988	SetTerminationCost__16cSC3NeighborDeali	cSC3NeighborDeal::SetTerminationCost(int)
00097998	SetDealRate__16cSC3NeighborDeali	cSC3NeighborDeal::SetDealRate(int)
000979ac	SetStartDate__16cSC3NeighborDealRC8cIGZDate	cSC3NeighborDeal::SetStartDate(cIGZDate const &)
00097a44	__18cSC3OrdinanceLayer	cSC3OrdinanceLayer::cSC3OrdinanceLayer(void)
00097c40	Init__18cSC3OrdinanceLayerP9cISC3City	cSC3OrdinanceLayer::Init(cISC3City *)
00097e00	Init__18cSC3OrdinanceLayerP9cISC3CityP13cIGZDBSegment	cSC3OrdinanceLayer::Init(cISC3City *, cIGZDBSegment *)
00097fa8	Save__18cSC3OrdinanceLayerP9cISC3CityP13cIGZDBSegment	cSC3OrdinanceLayer::Save(cISC3City *, cIGZDBSegment *)
00098174	SimulationBegin__18cSC3OrdinanceLayer	cSC3OrdinanceLayer::SimulationBegin(void)
0009833c	Shutdown__18cSC3OrdinanceLayer	cSC3OrdinanceLayer::Shutdown(void)
00098898	EndOfMonth__18cSC3OrdinanceLayer	cSC3OrdinanceLayer::EndOfMonth(void)
000989dc	GetOrdinanceData__18cSC3OrdinanceLayer	cSC3OrdinanceLayer::GetOrdinanceData(void)
00098b5c	CheckForNewOrdinances__18cSC3OrdinanceLayer	cSC3OrdinanceLayer::CheckForNewOrdinances(void)
00098d38	LoadOrdinanceINI__18cSC3OrdinanceLayer	cSC3OrdinanceLayer::LoadOrdinanceINI(void)
0009a928	OrdinanceLayerAdd__18cSC3OrdinanceLayerRC9cRZStringT1Pv	cSC3OrdinanceLayer::OrdinanceLayerAdd(cRZString const &, cRZString const &, void *)
0009b7b8	CheckStartingOrdinanceDates__18cSC3OrdinanceLayer	cSC3OrdinanceLayer::CheckStartingOrdinanceDates(void)
0009b870	GetOrdinanceListSize__18cSC3OrdinanceLayerUi	cSC3OrdinanceLayer::GetOrdinanceListSize(unsigned int)
0009b8fc	GetOrdinanceList__18cSC3OrdinanceLayerPPQ219cISC3OrdinanceLayer20cISC3OrdinanceStructUi	cSC3OrdinanceLayer::GetOrdinanceList(cISC3OrdinanceLayer::cISC3OrdinanceStruct **, unsigned int)
0009b9f0	QueryOrdinanceOn__18cSC3OrdinanceLayerUi	cSC3OrdinanceLayer::QueryOrdinanceOn(unsigned int)
0009bab0	QueryOrdinanceAvailable__18cSC3OrdinanceLayerUi	cSC3OrdinanceLayer::QueryOrdinanceAvailable(unsigned int)
0009bb70	QueryOrdinanceAvailableAndOff__18cSC3OrdinanceLayerUi	cSC3OrdinanceLayer::QueryOrdinanceAvailableAndOff(unsigned int)
0009bcb4	TotalOrdinancesOn__18cSC3OrdinanceLayer	cSC3OrdinanceLayer::TotalOrdinancesOn(void)
0009bd40	SetOrdinance__18cSC3OrdinanceLayerUib	cSC3OrdinanceLayer::SetOrdinance(unsigned int, bool)
0009c0f4	MakeOrdinanceAvailable__18cSC3OrdinanceLayerUi	cSC3OrdinanceLayer::MakeOrdinanceAvailable(unsigned int)
0009c270	GetOrdinanceCost__18cSC3OrdinanceLayerUi	cSC3OrdinanceLayer::GetOrdinanceCost(unsigned int)
0009c63c	ShowAllOrdinancesCheat__18cSC3OrdinanceLayer	cSC3OrdinanceLayer::ShowAllOrdinancesCheat(void)
0009c88c	StaticInit__18cSC3OrdinanceLayerP19cISC3CityDefinition	cSC3OrdinanceLayer::StaticInit(cISC3CityDefinition *)
0009c898	StaticShutdown__18cSC3OrdinanceLayer	cSC3OrdinanceLayer::StaticShutdown(void)
0009c8a4	SimulationEnd__18cSC3OrdinanceLayer	cSC3OrdinanceLayer::SimulationEnd(void)
0009c8b0	DoQueryInfo__18cSC3OrdinanceLayerR10cGZMessageP11cIGZUnknown	cSC3OrdinanceLayer::DoQueryInfo(cGZMessage &, cIGZUnknown *)
0009c8c0	GetOridnanceListSize__18cSC3OrdinanceLayerUi	cSC3OrdinanceLayer::GetOridnanceListSize(unsigned int)
0009c8ec	GetTotalMonthlyOrdinanceExpense__18cSC3OrdinanceLayer	cSC3OrdinanceLayer::GetTotalMonthlyOrdinanceExpense(void)
0009c8fc	GetTotalMonthlyOrdinanceIncome__18cSC3OrdinanceLayer	cSC3OrdinanceLayer::GetTotalMonthlyOrdinanceIncome(void)
0009c90c	GetLayerType__18cSC3OrdinanceLayer	cSC3OrdinanceLayer::GetLayerType(void)
0009c91c	GetVariantValue__18cSC3OrdinanceLayerG7cRZRect	cSC3OrdinanceLayer::GetVariantValue(cRZRect)
0009c9c0	_._30cSC3MonthlyOrdinanceLayerManip	cSC3MonthlyOrdinanceLayerManip::~cSC3MonthlyOrdinanceLayerManip(void)
0009ca24	IsLockingCity__30cSC3MonthlyOrdinanceLayerManip	cSC3MonthlyOrdinanceLayerManip::IsLockingCity(void)
0009ca34	AddRef__30cSC3MonthlyOrdinanceLayerManip	cSC3MonthlyOrdinanceLayerManip::AddRef(void)
0009ca60	Release__30cSC3MonthlyOrdinanceLayerManip	cSC3MonthlyOrdinanceLayerManip::Release(void)
0009ca8c	_._18cSC3OrdinanceLayer	cSC3OrdinanceLayer::~cSC3OrdinanceLayer(void)
0009caf0	AddRef__18cSC3OrdinanceLayer	cSC3OrdinanceLayer::AddRef(void)
0009cb0c	Release__18cSC3OrdinanceLayer	cSC3OrdinanceLayer::Release(void)
0009cb50	Init__18cSC3OrdinanceLayerP9cISC3CityP13cISC2Importer	cSC3OrdinanceLayer::Init(cISC3City *, cISC2Importer *)
0009cb60	DoMessage__18cSC3OrdinanceLayerR10cGZMessage	cSC3OrdinanceLayer::DoMessage(cGZMessage &)
0009cba0	QueryInterface__18cSC3OrdinanceLayerUiPPv	cSC3OrdinanceLayer::QueryInterface(unsigned int, void **)
0009cc54	DebugClassTag__18cSC3OrdinanceLayerR10cIGZString	cSC3OrdinanceLayer::DebugClassTag(cIGZString &)
0009cc60	DebugTypeTag__18cSC3OrdinanceLayerR10cIGZString	cSC3OrdinanceLayer::DebugTypeTag(cIGZString &)
0009cc70	GetManipulator__18cSC3OrdinanceLayerRC18cISC3CityAgentTypePP25cISC3CityLayerManipulatorRi	cSC3OrdinanceLayer::GetManipulator(cISC3CityAgentType const &, cISC3CityLayerManipulator **, int &)
0009cd38	__30cSC3MonthlyOrdinanceLayerManipP18cSC3OrdinanceLayer	cSC3MonthlyOrdinanceLayerManip::cSC3MonthlyOrdinanceLayerManip(cSC3OrdinanceLayer *)
0009cd90	Shutdown__30cSC3MonthlyOrdinanceLayerManip	cSC3MonthlyOrdinanceLayerManip::Shutdown(void)
0009cda8	Apply__30cSC3MonthlyOrdinanceLayerManipR14cISC3CityAgent	cSC3MonthlyOrdinanceLayerManip::Apply(cISC3CityAgent &)
0009cdd8	QueryInterface__30cSC3MonthlyOrdinanceLayerManipUiPPv	cSC3MonthlyOrdinanceLayerManip::QueryInterface(unsigned int, void **)
0009ce30	DebugInstanceTag__30cSC3MonthlyOrdinanceLayerManipR10cIGZString	cSC3MonthlyOrdinanceLayerManip::DebugInstanceTag(cIGZString &)
0009ce3c	DebugClassTag__30cSC3MonthlyOrdinanceLayerManipR10cIGZString	cSC3MonthlyOrdinanceLayerManip::DebugClassTag(cIGZString &)
0009ce48	DebugTypeTag__30cSC3MonthlyOrdinanceLayerManipR10cIGZString	cSC3MonthlyOrdinanceLayerManip::DebugTypeTag(cIGZString &)
0009ceb4	__16cSC3WeatherLayer	cSC3WeatherLayer::cSC3WeatherLayer(void)
0009d030	EndOfMonth__16cSC3WeatherLayer	cSC3WeatherLayer::EndOfMonth(void)
0009d2bc	GetAverageTemperaturePerSeasonPerLocation__16cSC3WeatherLayerRfN81Q217cISC3WeatherLayer6Seasoniib	cSC3WeatherLayer::GetAverageTemperaturePerSeasonPerLocation(float &, float &, float &, float &, float &, float &, float &, float &, float &, cISC3WeatherLayer::Season, int, int, bool)
0009d590	DoMessage__16cSC3WeatherLayerR10cGZMessage	cSC3WeatherLayer::DoMessage(cGZMessage &)
0009d59c	DoQueryInfo__16cSC3WeatherLayerR10cGZMessageP11cIGZUnknown	cSC3WeatherLayer::DoQueryInfo(cGZMessage &, cIGZUnknown *)
0009d5a8	GetPosition__16cSC3WeatherLayerRiT1	cSC3WeatherLayer::GetPosition(int &, int &)
0009d5cc	SetPosition__16cSC3WeatherLayerii	cSC3WeatherLayer::SetPosition(int, int)
0009d614	FarenheitToCelsius__16cSC3WeatherLayerf	cSC3WeatherLayer::FarenheitToCelsius(float)
0009d648	CelsiusToFarenheit__16cSC3WeatherLayerf	cSC3WeatherLayer::CelsiusToFarenheit(float)
0009d678	CelsiusToKelvin__16cSC3WeatherLayerf	cSC3WeatherLayer::CelsiusToKelvin(float)
0009d6a4	KelvinToCelsius__16cSC3WeatherLayerf	cSC3WeatherLayer::KelvinToCelsius(float)
0009d6cc	GetLayerType__16cSC3WeatherLayer	cSC3WeatherLayer::GetLayerType(void)
0009d6d8	SimulationEnd__16cSC3WeatherLayer	cSC3WeatherLayer::SimulationEnd(void)
0009d6e8	AddRef__16cSC3WeatherLayer	cSC3WeatherLayer::AddRef(void)
0009d714	Release__16cSC3WeatherLayer	cSC3WeatherLayer::Release(void)
0009d73c	IsLockingCity__21cSC3WeatherLayerManip	cSC3WeatherLayerManip::IsLockingCity(void)
0009d74c	AddRef__21cSC3WeatherLayerManip	cSC3WeatherLayerManip::AddRef(void)
0009d778	Release__21cSC3WeatherLayerManip	cSC3WeatherLayerManip::Release(void)
0009d7a4	_._16cSC3WeatherLayer	cSC3WeatherLayer::~cSC3WeatherLayer(void)
0009d818	StaticInit__16cSC3WeatherLayerP19cISC3CityDefinition	cSC3WeatherLayer::StaticInit(cISC3CityDefinition *)
0009d824	StaticShutdown__16cSC3WeatherLayer	cSC3WeatherLayer::StaticShutdown(void)
0009d830	Init__16cSC3WeatherLayerP9cISC3CityP13cISC2Importer	cSC3WeatherLayer::Init(cISC3City *, cISC2Importer *)
0009d840	Init__16cSC3WeatherLayerP9cISC3CityP13cIGZDBSegment	cSC3WeatherLayer::Init(cISC3City *, cIGZDBSegment *)
0009d878	Save__16cSC3WeatherLayerP9cISC3CityP13cIGZDBSegment	cSC3WeatherLayer::Save(cISC3City *, cIGZDBSegment *)
0009d888	SimulationBegin__16cSC3WeatherLayer	cSC3WeatherLayer::SimulationBegin(void)
0009d8b4	GetManipulator__16cSC3WeatherLayerRC18cISC3CityAgentTypePP25cISC3CityLayerManipulatorRi	cSC3WeatherLayer::GetManipulator(cISC3CityAgentType const &, cISC3CityLayerManipulator **, int &)
0009d9c0	Init__16cSC3WeatherLayerP9cISC3City	cSC3WeatherLayer::Init(cISC3City *)
0009d9f8	Shutdown__16cSC3WeatherLayer	cSC3WeatherLayer::Shutdown(void)
0009da60	QueryInterface__16cSC3WeatherLayerUiPPv	cSC3WeatherLayer::QueryInterface(unsigned int, void **)
0009db04	GetHemisphere__16cSC3WeatherLayer	cSC3WeatherLayer::GetHemisphere(void)
0009db14	GetHemisphereFromPosition__16cSC3WeatherLayerii	cSC3WeatherLayer::GetHemisphereFromPosition(int, int)
0009db30	GetCurrentSeason__16cSC3WeatherLayer	cSC3WeatherLayer::GetCurrentSeason(void)
0009db6c	GetCurrentSeasonMonth__16cSC3WeatherLayer	cSC3WeatherLayer::GetCurrentSeasonMonth(void)
0009dba8	GetWeather__16cSC3WeatherLayerRQ217cISC3WeatherLayer11WeatherTypeRiP7cRZDate	cSC3WeatherLayer::GetWeather(cISC3WeatherLayer::WeatherType &, int &, cRZDate *)
0009dbc8	SetWeather__16cSC3WeatherLayerQ217cISC3WeatherLayer11WeatherTypei	cSC3WeatherLayer::SetWeather(cISC3WeatherLayer::WeatherType, int)
0009dc24	GetAverageTemperature__16cSC3WeatherLayerbP7cRZDate	cSC3WeatherLayer::GetAverageTemperature(bool, cRZDate *)
0009dc54	GetAverageHighTemperature__16cSC3WeatherLayerbP7cRZDate	cSC3WeatherLayer::GetAverageHighTemperature(bool, cRZDate *)
0009dc84	GetAverageLowTemperature__16cSC3WeatherLayerbP7cRZDate	cSC3WeatherLayer::GetAverageLowTemperature(bool, cRZDate *)
0009dcb0	GetHumidity__16cSC3WeatherLayerP7cRZDate	cSC3WeatherLayer::GetHumidity(cRZDate *)
0009dcc0	GetWindyness__16cSC3WeatherLayerP7cRZDate	cSC3WeatherLayer::GetWindyness(cRZDate *)
0009dcd0	SetPositionBasedOnSystemSettings__16cSC3WeatherLayer	cSC3WeatherLayer::SetPositionBasedOnSystemSettings(void)
0009dce8	DebugClassTag__16cSC3WeatherLayerR10cIGZString	cSC3WeatherLayer::DebugClassTag(cIGZString &)
0009dcf4	DebugTypeTag__16cSC3WeatherLayerR10cIGZString	cSC3WeatherLayer::DebugTypeTag(cIGZString &)
0009dd04	__21cSC3WeatherLayerManipP16cSC3WeatherLayer	cSC3WeatherLayerManip::cSC3WeatherLayerManip(cSC3WeatherLayer *)
0009ddb0	Shutdown__21cSC3WeatherLayerManip	cSC3WeatherLayerManip::Shutdown(void)
0009ddec	Apply__21cSC3WeatherLayerManipR14cISC3CityAgent	cSC3WeatherLayerManip::Apply(cISC3CityAgent &)
0009de1c	QueryInterface__21cSC3WeatherLayerManipUiPPv	cSC3WeatherLayerManip::QueryInterface(unsigned int, void **)
0009de5c	DebugInstanceTag__21cSC3WeatherLayerManipR10cIGZString	cSC3WeatherLayerManip::DebugInstanceTag(cIGZString &)
0009de68	DebugClassTag__21cSC3WeatherLayerManipR10cIGZString	cSC3WeatherLayerManip::DebugClassTag(cIGZString &)
0009de74	DebugTypeTag__21cSC3WeatherLayerManipR10cIGZString	cSC3WeatherLayerManip::DebugTypeTag(cIGZString &)
0009df40	__17cSC3BudgetWinProc	cSC3BudgetWinProc::cSC3BudgetWinProc(void)
0009e0b0	CreateBudgetWindow__17cSC3BudgetWinProcRP7cIGZWin	cSC3BudgetWinProc::CreateBudgetWindow(cIGZWin *&)
0009e384	onInit__17cSC3BudgetWinProcP7cIGZWin	cSC3BudgetWinProc::onInit(cIGZWin *)
000a3218	createDigitBox__17cSC3BudgetWinProcRP7cIGZWiniRC7cRZRectb	cSC3BudgetWinProc::createDigitBox(cIGZWin *&, int, cRZRect const &, bool)
000a33a0	createLabel__17cSC3BudgetWinProcRP11cIGZWinTextR9cRZStringUiP8cIGZFont	cSC3BudgetWinProc::createLabel(cIGZWinText *&, cRZString &, unsigned int, cIGZFont *)
000a34d0	createWrappedLabel__17cSC3BudgetWinProcRP11cIGZWinTextR9cRZStringiUiP8cIGZFont	cSC3BudgetWinProc::createWrappedLabel(cIGZWinText *&, cRZString &, int, unsigned int, cIGZFont *)
000a3624	createButton__17cSC3BudgetWinProcRP10cIGZWinBtnUiUiUi	cSC3BudgetWinProc::createButton(cIGZWinBtn *&, unsigned int, unsigned int, unsigned int)
000a38d0	createResizableButton__17cSC3BudgetWinProcRP10cIGZWinBtnUiUib	cSC3BudgetWinProc::createResizableButton(cIGZWinBtn *&, unsigned int, unsigned int, bool)
000a3c00	onShutdown__17cSC3BudgetWinProcP7cIGZWin	cSC3BudgetWinProc::onShutdown(cIGZWin *)
000a3e00	updateTotals__17cSC3BudgetWinProc	cSC3BudgetWinProc::updateTotals(void)
000a48e4	onButtonActivated__17cSC3BudgetWinProcP7cIGZWinUi	cSC3BudgetWinProc::onButtonActivated(cIGZWin *, unsigned int)
000a4ab0	CreateExpenseView__25cSC3BudgetExpenseViewProcRP7cIGZWin	cSC3BudgetExpenseViewProc::CreateExpenseView(cIGZWin *&)
000a4c50	onInit__25cSC3BudgetExpenseViewProcP7cIGZWin	cSC3BudgetExpenseViewProc::onInit(cIGZWin *)
000a8c24	onShutdown__25cSC3BudgetExpenseViewProcP7cIGZWin	cSC3BudgetExpenseViewProc::onShutdown(cIGZWin *)
000a8e30	onButtonActivated__25cSC3BudgetExpenseViewProcP7cIGZWinUi	cSC3BudgetExpenseViewProc::onButtonActivated(cIGZWin *, unsigned int)
000a9150	updateTotals__25cSC3BudgetExpenseViewProc	cSC3BudgetExpenseViewProc::updateTotals(void)
000a9b64	updateDepartmentView__25cSC3BudgetExpenseViewProc	cSC3BudgetExpenseViewProc::updateDepartmentView(void)
000aa430	CreateIncomeView__24cSC3BudgetIncomeViewProcRP7cIGZWin	cSC3BudgetIncomeViewProc::CreateIncomeView(cIGZWin *&)
000aa5d0	onInit__24cSC3BudgetIncomeViewProcP7cIGZWin	cSC3BudgetIncomeViewProc::onInit(cIGZWin *)
000ae674	onShutdown__24cSC3BudgetIncomeViewProcP7cIGZWin	cSC3BudgetIncomeViewProc::onShutdown(cIGZWin *)
000ae7a8	onButtonActivated__24cSC3BudgetIncomeViewProcP7cIGZWinUi	cSC3BudgetIncomeViewProc::onButtonActivated(cIGZWin *, unsigned int)
000aeacc	updateTotals__24cSC3BudgetIncomeViewProc	cSC3BudgetIncomeViewProc::updateTotals(void)
000af1e4	CreateBondsDialog__19cSC3BondsDialogProcRP7cIGZWin	cSC3BondsDialogProc::CreateBondsDialog(cIGZWin *&)
000af500	onInit__19cSC3BondsDialogProcP7cIGZWin	cSC3BondsDialogProc::onInit(cIGZWin *)
000b3118	onShutdown__19cSC3BondsDialogProcP7cIGZWin	cSC3BondsDialogProc::onShutdown(cIGZWin *)
000b32c8	onButtonActivated__19cSC3BondsDialogProcP7cIGZWinUi	cSC3BondsDialogProc::onButtonActivated(cIGZWin *, unsigned int)
000b33c4	updateTotals__19cSC3BondsDialogProc	cSC3BondsDialogProc::updateTotals(void)
000b3d88	_._17cSC3BudgetWinProc	cSC3BudgetWinProc::~cSC3BudgetWinProc(void)
000b3de4	AddRef__17cSC3BudgetWinProc	cSC3BudgetWinProc::AddRef(void)
000b3e10	Release__17cSC3BudgetWinProc	cSC3BudgetWinProc::Release(void)
000b3e3c	Recalculate__17cSC3BudgetWinProc	cSC3BudgetWinProc::Recalculate(void)
000b3e68	AddRef__25cSC3BudgetExpenseViewProc	cSC3BudgetExpenseViewProc::AddRef(void)
000b3e94	Release__25cSC3BudgetExpenseViewProc	cSC3BudgetExpenseViewProc::Release(void)
000b3ec0	AddRef__24cSC3BudgetIncomeViewProc	cSC3BudgetIncomeViewProc::AddRef(void)
000b3eec	Release__24cSC3BudgetIncomeViewProc	cSC3BudgetIncomeViewProc::Release(void)
000b3f18	AddRef__19cSC3BondsDialogProc	cSC3BondsDialogProc::AddRef(void)
000b3f44	Release__19cSC3BondsDialogProc	cSC3BondsDialogProc::Release(void)
000b3f70	QueryInterface__17cSC3BudgetWinProcUiPPv	cSC3BudgetWinProc::QueryInterface(unsigned int, void **)
000b3fc4	DoWinMsg__17cSC3BudgetWinProcP7cIGZWinUiUiUiUi	cSC3BudgetWinProc::DoWinMsg(cIGZWin *, unsigned int, unsigned int, unsigned int, unsigned int)
000b4040	__25cSC3BudgetExpenseViewProcP15cSC3BudgetLayerP17cSC3BudgetWinProcUiUiRC7cRZRectUi	cSC3BudgetExpenseViewProc::cSC3BudgetExpenseViewProc(cSC3BudgetLayer *, cSC3BudgetWinProc *, unsigned int, unsigned int, cRZRect const &, unsigned int)
000b4180	_._25cSC3BudgetExpenseViewProc	cSC3BudgetExpenseViewProc::~cSC3BudgetExpenseViewProc(void)
000b41f4	DoWinMsg__25cSC3BudgetExpenseViewProcP7cIGZWinUiUiUiUi	cSC3BudgetExpenseViewProc::DoWinMsg(cIGZWin *, unsigned int, unsigned int, unsigned int, unsigned int)
000b42b0	onSliderChanged__25cSC3BudgetExpenseViewProcP7cIGZWinUi	cSC3BudgetExpenseViewProc::onSliderChanged(cIGZWin *, unsigned int)
000b4300	onBudgetSliderChanged__25cSC3BudgetExpenseViewProcUiUi	cSC3BudgetExpenseViewProc::onBudgetSliderChanged(unsigned int, unsigned int)
000b4370	QueryInterface__25cSC3BudgetExpenseViewProcUiPPv	cSC3BudgetExpenseViewProc::QueryInterface(unsigned int, void **)
000b4394	__24cSC3BudgetIncomeViewProcP15cSC3BudgetLayerP17cSC3BudgetWinProcUiUiRC7cRZRectUi	cSC3BudgetIncomeViewProc::cSC3BudgetIncomeViewProc(cSC3BudgetLayer *, cSC3BudgetWinProc *, unsigned int, unsigned int, cRZRect const &, unsigned int)
000b44f0	_._24cSC3BudgetIncomeViewProc	cSC3BudgetIncomeViewProc::~cSC3BudgetIncomeViewProc(void)
000b4564	DoWinMsg__24cSC3BudgetIncomeViewProcP7cIGZWinUiUiUiUi	cSC3BudgetIncomeViewProc::DoWinMsg(cIGZWin *, unsigned int, unsigned int, unsigned int, unsigned int)
000b4600	onSpinnerChanged__24cSC3BudgetIncomeViewProcP7cIGZWinUii	cSC3BudgetIncomeViewProc::onSpinnerChanged(cIGZWin *, unsigned int, int)
000b46d4	QueryInterface__24cSC3BudgetIncomeViewProcUiPPv	cSC3BudgetIncomeViewProc::QueryInterface(unsigned int, void **)
000b46f8	__19cSC3BondsDialogProcP15cSC3BudgetLayer	cSC3BondsDialogProc::cSC3BondsDialogProc(cSC3BudgetLayer *)
000b47c0	_._19cSC3BondsDialogProc	cSC3BondsDialogProc::~cSC3BondsDialogProc(void)
000b481c	DoWinMsg__19cSC3BondsDialogProcP7cIGZWinUiUiUiUi	cSC3BondsDialogProc::DoWinMsg(cIGZWin *, unsigned int, unsigned int, unsigned int, unsigned int)
000b48b0	onSpinnerChanged__19cSC3BondsDialogProcP7cIGZWinUii	cSC3BondsDialogProc::onSpinnerChanged(cIGZWin *, unsigned int, int)
000b4928	QueryInterface__19cSC3BondsDialogProcUiPPv	cSC3BondsDialogProc::QueryInterface(unsigned int, void **)
000b4954	__14cSC3WorldLayer	cSC3WorldLayer::cSC3WorldLayer(void)
000b4e84	_._14cSC3WorldLayer	cSC3WorldLayer::~cSC3WorldLayer(void)
000b5214	StaticShutdown__14cSC3WorldLayer	cSC3WorldLayer::StaticShutdown(void)
000b52bc	Init__14cSC3WorldLayerP9cISC3City	cSC3WorldLayer::Init(cISC3City *)
000b72e8	Init__14cSC3WorldLayerP9cISC3CityP13cIGZDBSegment	cSC3WorldLayer::Init(cISC3City *, cIGZDBSegment *)
000b7674	Save__14cSC3WorldLayerP9cISC3CityP13cIGZDBSegment	cSC3WorldLayer::Save(cISC3City *, cIGZDBSegment *)
000b7860	SimulationBegin__14cSC3WorldLayer	cSC3WorldLayer::SimulationBegin(void)
000b7c70	Shutdown__14cSC3WorldLayer	cSC3WorldLayer::Shutdown(void)
000b7ed0	LoadWorldINI__14cSC3WorldLayer	cSC3WorldLayer::LoadWorldINI(void)
000ba064	AddToWorldList__14cSC3WorldLayerRC9cRZStringT1Pv	cSC3WorldLayer::AddToWorldList(cRZString const &, cRZString const &, void *)
000bafb8	QueryInterface__14cSC3WorldLayerUiPPv	cSC3WorldLayer::QueryInterface(unsigned int, void **)
000bb0a0	DoQueryInfo__14cSC3WorldLayerR10cGZMessageP11cIGZUnknown	cSC3WorldLayer::DoQueryInfo(cGZMessage &, cIGZUnknown *)
000bb1bc	updateHistoryObjects__14cSC3WorldLayer	cSC3WorldLayer::updateHistoryObjects(void)
000bbd14	SetCurrentPhase__14cSC3WorldLayer	cSC3WorldLayer::SetCurrentPhase(void)
000bbf58	SimulationBegin__18cSC3WorkforceValve	cSC3WorkforceValve::SimulationBegin(void)
000bc030	AddToSupplyValue__18cSC3WorkforceValvei	cSC3WorkforceValve::AddToSupplyValue(int)
000bc364	IsAgentLocking__14cSC3WorldLayer	cSC3WorldLayer::IsAgentLocking(void)
000bc374	_._18cSC3WorkforceValve	cSC3WorkforceValve::~cSC3WorkforceValve(void)
000bc3d0	GetCIRatio__18cSC3WorkforceValveRUiT1	cSC3WorkforceValve::GetCIRatio(unsigned int &, unsigned int &)
000bc3ec	AsISC3CityLayer__14cSC3WorldLayer	cSC3WorldLayer::AsISC3CityLayer(void)
000bc3fc	AsISC3CityAgent__14cSC3WorldLayer	cSC3WorldLayer::AsISC3CityAgent(void)
000bc410	StaticInit__14cSC3WorldLayerP19cISC3CityDefinition	cSC3WorldLayer::StaticInit(cISC3CityDefinition *)
000bc45c	Init__14cSC3WorldLayerP9cISC3CityP13cISC2Importer	cSC3WorldLayer::Init(cISC3City *, cISC2Importer *)
000bc4c4	SimulationEnd__14cSC3WorldLayer	cSC3WorldLayer::SimulationEnd(void)
000bc50c	GetWorldPopulation__14cSC3WorldLayer	cSC3WorldLayer::GetWorldPopulation(void)
000bc51c	GetGlobalSeaLevel__14cSC3WorldLayer	cSC3WorldLayer::GetGlobalSeaLevel(void)
000bc52c	GetLayerType__14cSC3WorldLayer	cSC3WorldLayer::GetLayerType(void)
000bc538	GetUnemploymentHistory__14cSC3WorldLayer	cSC3WorldLayer::GetUnemploymentHistory(void)
000bc54c	AddRef__14cSC3WorldLayer	cSC3WorldLayer::AddRef(void)
000bc590	Release__14cSC3WorldLayer	cSC3WorldLayer::Release(void)
000bc608	DebugInstanceTag__14cSC3WorldLayerR10cIGZString	cSC3WorldLayer::DebugInstanceTag(cIGZString &)
000bc614	DebugClassTag__14cSC3WorldLayerR10cIGZString	cSC3WorldLayer::DebugClassTag(cIGZString &)
000bc620	DebugTypeTag__14cSC3WorldLayerR10cIGZString	cSC3WorldLayer::DebugTypeTag(cIGZString &)
000bc62c	DoMessage__14cSC3WorldLayerR10cGZMessage	cSC3WorldLayer::DoMessage(cGZMessage &)
000bc63c	on_window_create__14cSC3WorldLayerR10cGZMessageP11cIGZUnknown	cSC3WorldLayer::on_window_create(cGZMessage &, cIGZUnknown *)
000bc71c	Simulate__14cSC3WorldLayeri	cSC3WorldLayer::Simulate(int)
000bc750	MinimumExecutionInterval__14cSC3WorldLayer	cSC3WorldLayer::MinimumExecutionInterval(void)
000bc75c	TypeId__C14cSC3WorldLayer	cSC3WorldLayer::TypeId(void) const
000bc768	AgentType__14cSC3WorldLayer	cSC3WorldLayer::AgentType(void)
000bc774	SetAgentType__14cSC3WorldLayerP18cISC3CityAgentType	cSC3WorldLayer::SetAgentType(cISC3CityAgentType *)
000bc784	EndOfMonth__14cSC3WorldLayer	cSC3WorldLayer::EndOfMonth(void)
000bcd1c	GetManipulator__14cSC3WorldLayerRC18cISC3CityAgentTypePP25cISC3CityLayerManipulatorRi	cSC3WorldLayer::GetManipulator(cISC3CityAgentType const &, cISC3CityLayerManipulator **, int &)
000bcd2c	recalcWorldPopulation__14cSC3WorldLayer	cSC3WorldLayer::recalcWorldPopulation(void)
000bcdc8	__18cSC3WorkforceValve	cSC3WorkforceValve::cSC3WorkforceValve(void)
000bce64	Init__18cSC3WorkforceValveP9cISC3CityUiP14cISC3CityLayer	cSC3WorkforceValve::Init(cISC3City *, unsigned int, cISC3CityLayer *)
000bcf38	Shutdown__18cSC3WorkforceValve	cSC3WorkforceValve::Shutdown(void)
000bcfc8	AsISC3Valve__18cSC3WorkforceValve	cSC3WorkforceValve::AsISC3Valve(void)
000bcfd8	QueryInterface__18cSC3WorkforceValveUiPPv	cSC3WorkforceValve::QueryInterface(unsigned int, void **)
000bd028	AddRef__18cSC3WorkforceValve	cSC3WorkforceValve::AddRef(void)
000bd054	Release__18cSC3WorkforceValve	cSC3WorkforceValve::Release(void)
000bd080	SerialRead__18cSC3WorkforceValveP9cISC3CityR18cIGZDBSerialRecord	cSC3WorkforceValve::SerialRead(cISC3City *, cIGZDBSerialRecord &)
000bd110	SerialWrite__C18cSC3WorkforceValveP9cISC3CityR18cIGZDBSerialRecord	cSC3WorkforceValve::SerialWrite(cISC3City *, cIGZDBSerialRecord &) const
000bd1ac	EndOfMonth__18cSC3WorkforceValve	cSC3WorkforceValve::EndOfMonth(void)
000bd1f8	AddToDemandValue__18cSC3WorkforceValvei	cSC3WorkforceValve::AddToDemandValue(int)
000bd240	SetCIRatio__18cSC3WorkforceValveUiUi	cSC3WorkforceValve::SetCIRatio(unsigned int, unsigned int)
000bd26c	SetJobToResFactor__18cSC3WorkforceValveUc	cSC3WorkforceValve::SetJobToResFactor(unsigned char)
000bd284	SetExternalJobDemand__18cSC3WorkforceValveUi	cSC3WorkforceValve::SetExternalJobDemand(unsigned int)
000bd298	ForceExternalJobDemandUpdate__18cSC3WorkforceValve	cSC3WorkforceValve::ForceExternalJobDemandUpdate(void)
000bd3f0	RZGetCOMDllDirector_SimMisc__Fv	RZGetCOMDllDirector_SimMisc(void)
000bd864	__17cRZCOMDllDirector	cRZCOMDllDirector::cRZCOMDllDirector(void)
000bdaf4	_._17cRZCOMDllDirector	cRZCOMDllDirector::~cRZCOMDllDirector(void)
000bdc34	InitializeCOM__17cRZCOMDllDirectorP7cIGZCOMR10cIGZString	cRZCOMDllDirector::InitializeCOM(cIGZCOM *, cIGZString &)
000bdf24	OnStart__17cRZCOMDllDirectorP7cIGZCOM	cRZCOMDllDirector::OnStart(cIGZCOM *)
000be080	GetClassObject__17cRZCOMDllDirectorUiUiPPv	cRZCOMDllDirector::GetClassObject(unsigned int, unsigned int, void **)
000be198	EnumClassObjects__17cRZCOMDllDirectorPFUiUiPv_vPv	cRZCOMDllDirector::EnumClassObjects(void (*)(unsigned int, unsigned int, void *), void *)
000be278	AddDirector__17cRZCOMDllDirectorP17cRZCOMDllDirector	cRZCOMDllDirector::AddDirector(cRZCOMDllDirector *)
000be320	OnUnload__17cRZCOMDllDirector	cRZCOMDllDirector::OnUnload(void)
000be330	GZCOM__Fv	GZCOM(void)
000be360	GZDllGetGZCOMDirector	GZDllGetGZCOMDirector
000be380	QueryInterface__17cRZCOMDllDirectorUiPPv	cRZCOMDllDirector::QueryInterface(unsigned int, void **)
000be3fc	FrameWork__17cRZCOMDllDirector	cRZCOMDllDirector::FrameWork(void)
000be40c	AddRef__17cRZCOMDllDirector	cRZCOMDllDirector::AddRef(void)
000be428	Release__17cRZCOMDllDirector	cRZCOMDllDirector::Release(void)
000be450	RemoveRef__17cRZCOMDllDirector	cRZCOMDllDirector::RemoveRef(void)
000be468	RefCount__17cRZCOMDllDirector	cRZCOMDllDirector::RefCount(void)
000be47c	ModuleName__17cRZCOMDllDirectorR10cIGZString	cRZCOMDllDirector::ModuleName(cIGZString &)
000be4b0	CanUnloadNow__17cRZCOMDllDirector	cRZCOMDllDirector::CanUnloadNow(void)
000be508	AddCls__17cRZCOMDllDirectorUiPFv_P11cIGZUnknownUi	cRZCOMDllDirector::AddCls(unsigned int, cIGZUnknown *(*)(void), unsigned int)
000be55c	AppRegister__17cRZCOMDllDirectorP12cIGZRegistry	cRZCOMDllDirector::AppRegister(cIGZRegistry *)
000be5b4	PreFrameWorkInit__17cRZCOMDllDirector	cRZCOMDllDirector::PreFrameWorkInit(void)
000be5c0	PreAppInit__17cRZCOMDllDirector	cRZCOMDllDirector::PreAppInit(void)
000be5cc	PostAppInit__17cRZCOMDllDirector	cRZCOMDllDirector::PostAppInit(void)
000be5d8	PreAppShutdown__17cRZCOMDllDirector	cRZCOMDllDirector::PreAppShutdown(void)
000be5e4	PostAppShutdown__17cRZCOMDllDirector	cRZCOMDllDirector::PostAppShutdown(void)
000be5f0	PostSystemServiceShutdown__17cRZCOMDllDirector	cRZCOMDllDirector::PostSystemServiceShutdown(void)
000be5fc	AbortiveQuit__17cRZCOMDllDirector	cRZCOMDllDirector::AbortiveQuit(void)
000be608	OnInstall__17cRZCOMDllDirector	cRZCOMDllDirector::OnInstall(void)
000be614	GZCOM__17cRZCOMDllDirector	cRZCOMDllDirector::GZCOM(void)
000be630	__out_of_range__FPCc	__out_of_range(char const *)
000be898	__length_error__FPCc	__length_error(char const *)
000beaf8	__11logic_errorRCt12basic_string3ZcZt18string_char_traits1ZcZt24__default_alloc_template2b1i0	logic_error::logic_error(basic_string<char, string_char_traits<char>, __default_alloc_template<true, 0> > const &)
000beb54	what__C11logic_error	logic_error::what(void) const
000beb7c	__12domain_errorRCt12basic_string3ZcZt18string_char_traits1ZcZt24__default_alloc_template2b1i0	domain_error::domain_error(basic_string<char, string_char_traits<char>, __default_alloc_template<true, 0> > const &)
000bebdc	__16invalid_argumentRCt12basic_string3ZcZt18string_char_traits1ZcZt24__default_alloc_template2b1i0	invalid_argument::invalid_argument(basic_string<char, string_char_traits<char>, __default_alloc_template<true, 0> > const &)
000bec3c	__12length_errorRCt12basic_string3ZcZt18string_char_traits1ZcZt24__default_alloc_template2b1i0	length_error::length_error(basic_string<char, string_char_traits<char>, __default_alloc_template<true, 0> > const &)
000bec9c	__12out_of_rangeRCt12basic_string3ZcZt18string_char_traits1ZcZt24__default_alloc_template2b1i0	out_of_range::out_of_range(basic_string<char, string_char_traits<char>, __default_alloc_template<true, 0> > const &)
000becfc	__13runtime_errorRCt12basic_string3ZcZt18string_char_traits1ZcZt24__default_alloc_template2b1i0	runtime_error::runtime_error(basic_string<char, string_char_traits<char>, __default_alloc_template<true, 0> > const &)
000bed5c	what__C13runtime_error	runtime_error::what(void) const
000bed80	__13runtime_error	runtime_error::runtime_error(void)
000bede4	__11range_errorRCt12basic_string3ZcZt18string_char_traits1ZcZt24__default_alloc_template2b1i0	range_error::range_error(basic_string<char, string_char_traits<char>, __default_alloc_template<true, 0> > const &)
000bee3c	__14overflow_errorRCt12basic_string3ZcZt18string_char_traits1ZcZt24__default_alloc_template2b1i0	overflow_error::overflow_error(basic_string<char, string_char_traits<char>, __default_alloc_template<true, 0> > const &)
000bee9c	__15underflow_errorRCt12basic_string3ZcZt18string_char_traits1ZcZt24__default_alloc_template2b1i0	underflow_error::underflow_error(basic_string<char, string_char_traits<char>, __default_alloc_template<true, 0> > const &)
000bef00	__7istreamiP9streambufP7ostream	istream::istream(int, streambuf *, ostream *)
000befb4	skip_ws__FP9streambuf	skip_ws(streambuf *)
000befe8	get__7istreamRc	istream::get(char &)
000bf0c8	peek__7istream	istream::peek(void)
000bf124	ignore__7istreamii	istream::ignore(int, int)
000bf21c	read__7istreamPci	istream::read(char *, int)
000bf2f4	sync__7istream	istream::sync(void)
000bf334	seekg__7istreamx	istream::seekg(long long)
000bf36c	seekg__7istreamxQ23ios8seek_dir	istream::seekg(long long, ios::seek_dir)
000bf3ac	tellg__7istream	istream::tellg(void)
000bf3ec	__rs__7istreamRc	istream::operator>>(char &)
000bf4d4	__rs__7istreamPc	istream::operator>>(char *)
000bf8f0	__rs__7istreamRs	istream::operator>>(short &)
000bf934	__rs__7istreamRUs	istream::operator>>(unsigned short &)
000bf978	__rs__7istreamRi	istream::operator>>(int &)
000bf9b8	__rs__7istreamRUi	istream::operator>>(unsigned int &)
000bf9f8	__rs__7istreamRl	istream::operator>>(long &)
000bfa38	__rs__7istreamRUl	istream::operator>>(unsigned long &)
000bfa78	__rs__7istreamRx	istream::operator>>(long long &)
000bfac0	__rs__7istreamRUx	istream::operator>>(unsigned long long &)
000bfb08	__rs__7istreamRb	istream::operator>>(bool &)
000bfb54	__rs__7istreamRr	istream::operator>>(long double &)
000bfc28	__rs__7istreamRd	istream::operator>>(double &)
000bfcf8	__rs__7istreamRf	istream::operator>>(float &)
000bfdc8	__rs__7istreamP9streambuf	istream::operator>>(streambuf *)
000bfecc	__ls__7ostreamc	ostream::operator<<(char)
000c023c	__ls__7ostreami	ostream::operator<<(int)
000c02e8	__ls__7ostreamUi	ostream::operator<<(unsigned int)
000c0378	__ls__7ostreaml	ostream::operator<<(long)
000c0424	__ls__7ostreamUl	ostream::operator<<(unsigned long)
000c04b4	__ls__7ostreamx	ostream::operator<<(long long)
000c0568	__ls__7ostreamUx	ostream::operator<<(unsigned long long)
000c05f8	__ls__7ostreamd	ostream::operator<<(double)
000c07a8	__ls__7ostreamr	ostream::operator<<(long double)
000c095c	__ls__7ostreamPCc	ostream::operator<<(char const *)
000c0ae8	__ls__7ostreamP9streambuf	ostream::operator<<(streambuf *)
000c0c00	__7ostreamiP9streambufP7ostream	ostream::ostream(int, streambuf *, ostream *)
000c0cac	seekp__7ostreamx	ostream::seekp(long long)
000c0ce4	seekp__7ostreamxQ23ios8seek_dir	ostream::seekp(long long, ios::seek_dir)
000c0d24	tellp__7ostream	ostream::tellp(void)
000c0d64	flush__7ostream	ostream::flush(void)
000c0d94	flush__FR7ostream	flush(ostream &)
000c0dac	ws__FR7istream	ws(istream &)
000c0e88	_skip_ws__7istream	istream::_skip_ws(void)
000c0ed0	ends__FR7ostream	ends(ostream &)
000c0ef4	endl__FR7ostream	endl(ostream &)
000c0f20	lock__FR7istream	lock(istream &)
000c0f40	unlock__FR7istream	unlock(istream &)
000c0f60	lock__FR7ostream	lock(ostream &)
000c0f80	unlock__FR7ostream	unlock(ostream &)
000c0fa0	write__7ostreamPCci	ostream::write(char const *, int)
000c1074	do_osfx__7ostream	ostream::do_osfx(void)
000c10c0	__8iostreamiP9streambufP7ostream	iostream::iostream(int, streambuf *, ostream *)
000c1184	close__3ios	ios::close(void)
000c11c8	skip__7istreami	istream::skip(int)
000c11f0	__7ostreami	ostream::ostream(int)
000c1250	opfx__7ostream	ostream::opfx(void)
000c1294	osfx__7ostream	ostream::osfx(void)
000c12c8	put__7ostreamc	ostream::put(char)
000c12f0	put__7ostreamUc	ostream::put(unsigned char)
000c1318	put__7ostreamSc	ostream::put(signed char)
000c1340	write__7ostreamPCUci	ostream::write(unsigned char const *, int)
000c1360	write__7ostreamPCSci	ostream::write(signed char const *, int)
000c1380	write__7ostreamPCvi	ostream::write(void const *, int)
000c13a0	__ls__7ostreamUc	ostream::operator<<(unsigned char)
000c13bc	__ls__7ostreamSc	ostream::operator<<(signed char)
000c13d8	__ls__7ostreamPCUc	ostream::operator<<(unsigned char const *)
000c13f4	__ls__7ostreamPCSc	ostream::operator<<(signed char const *)
000c1410	__ls__7ostreams	ostream::operator<<(short)
000c142c	__ls__7ostreamUs	ostream::operator<<(unsigned short)
000c1448	__ls__7ostreamb	ostream::operator<<(bool)
000c1464	__ls__7ostreamf	ostream::operator<<(float)
000c1484	__ls__7ostreamPFR7ostream_R7ostream	ostream::operator<<(ostream &(*)(ostream &))
000c149c	__ls__7ostreamPFR3ios_R3ios	ostream::operator<<(ios &(*)(ios &))
000c14bc	ostreambuf__C7ostream	ostream::ostreambuf(void) const
000c14cc	__7istreami	istream::istream(int)
000c1534	get__7istreamPUcic	istream::get(unsigned char *, int, char)
000c1558	get__7istreamRUc	istream::get(unsigned char &)
000c1574	getline__7istreamPUcic	istream::getline(unsigned char *, int, char)
000c1598	get__7istreamRSc	istream::get(signed char &)
000c15b4	get__7istreamPScic	istream::get(signed char *, int, char)
000c15d8	getline__7istreamPScic	istream::getline(signed char *, int, char)
000c15fc	read__7istreamPUci	istream::read(unsigned char *, int)
000c161c	read__7istreamPSci	istream::read(signed char *, int)
000c163c	read__7istreamPvi	istream::read(void *, int)
000c165c	ipfx__7istreami	istream::ipfx(int)
000c16e0	ipfx0__7istream	istream::ipfx0(void)
000c1744	ipfx1__7istream	istream::ipfx1(void)
000c1798	isfx__7istream	istream::isfx(void)
000c17b4	get__7istream	istream::get(void)
000c1838	gcount__7istream	istream::gcount(void)
000c1848	putback__7istreamc	istream::putback(char)
000c1880	unget__7istream	istream::unget(void)
000c18b4	unget__7istreamc	istream::unget(char)
000c18ec	istreambuf__C7istream	istream::istreambuf(void) const
000c18fc	__rs__7istreamPUc	istream::operator>>(unsigned char *)
000c1918	__rs__7istreamPSc	istream::operator>>(signed char *)
000c1934	__rs__7istreamRUc	istream::operator>>(unsigned char &)
000c1950	__rs__7istreamRSc	istream::operator>>(signed char &)
000c196c	__rs__7istreamPFR3ios_R3ios	istream::operator>>(ios &(*)(ios &))
000c198c	__rs__7istreamPFR7istream_R7istream	istream::operator>>(istream &(*)(istream &))
000c19a4	__8iostreami	iostream::iostream(int)
000c1a24	__as__22_IO_istream_withassignR22_IO_istream_withassign	_IO_istream_withassign::operator=(_IO_istream_withassign &)
000c1a40	__as__22_IO_ostream_withassignR22_IO_ostream_withassign	_IO_ostream_withassign::operator=(_IO_ostream_withassign &)
000c1a5c	dec__FR3ios	dec(ios &)
000c1a74	hex__FR3ios	hex(ios &)
000c1a8c	oct__FR3ios	oct(ios &)
000c1ab0	getline__7istreamPcic	istream::getline(char *, int, char)
000c1c1c	get__7istreamPcic	istream::get(char *, int, char)
000c1d28	_sb_readline__FP9streambufRlc	_sb_readline(streambuf *, long &, char)
000c1e44	gets__7istreamPPcc	istream::gets(char **, char)
000c1f50	scan__7istreamPCce	istream::scan(char const *,...)
000c2028	vscan__7istreamPCcPv	istream::vscan(char const *, void *)
000c20f8	vscan__9streambufPCcPvP3ios	streambuf::vscan(char const *, void *, ios *)
000c2134	scan__9streambufPCce	streambuf::scan(char const *,...)
000c2154	sync_with_stdio__3iosi	ios::sync_with_stdio(int)
000c2160	_un_link__9streambuf	streambuf::_un_link(void)
000c2178	_link_in__9streambuf	streambuf::_link_in(void)
000c2190	switch_to_get_mode__9streambuf	streambuf::switch_to_get_mode(void)
000c21a8	free_backup_area__9streambuf	streambuf::free_backup_area(void)
000c21c0	__overflow__FP9streambufi	__overflow(streambuf *, int)
000c21e0	underflow__9streambuf	streambuf::underflow(void)
000c21ec	uflow__9streambuf	streambuf::uflow(void)
000c2204	overflow__9streambufi	streambuf::overflow(int)
000c2210	xsputn__9streambufPCci	streambuf::xsputn(char const *, int)
000c2230	xsgetn__9streambufPci	streambuf::xsgetn(char *, int)
000c2250	ignore__9streambufi	streambuf::ignore(int)
000c22a0	sync__9streambuf	streambuf::sync(void)
000c22ac	pbackfail__9streambufi	streambuf::pbackfail(int)
000c22c8	setbuf__9streambufPci	streambuf::setbuf(char *, int)
000c2368	seekpos__9streambufxi	streambuf::seekpos(long long, int)
000c2398	sseekpos__9streambufxi	streambuf::sseekpos(long long, int)
000c23b8	setb__9streambufPcT1i	streambuf::setb(char *, char *, int)
000c23dc	doallocate__9streambuf	streambuf::doallocate(void)
000c23f4	doallocbuf__9streambuf	streambuf::doallocbuf(void)
000c240c	__9streambufi	streambuf::streambuf(int)
000c2448	_._9streambuf	streambuf::~streambuf(void)
000c24a8	seekoff__9streambufxQ23ios8seek_diri	streambuf::seekoff(long long, ios::seek_dir, int)
000c24bc	sseekoff__9streambufxQ23ios8seek_diri	streambuf::sseekoff(long long, ios::seek_dir, int)
000c24e4	sputbackc__9streambufc	streambuf::sputbackc(char)
000c2500	sungetc__9streambuf	streambuf::sungetc(void)
000c2518	get_column__9streambuf	streambuf::get_column(void)
000c254c	set_column__9streambufi	streambuf::set_column(int)
000c2560	flush_all__9streambuf	streambuf::flush_all(void)
000c2570	flush_all_linebuffered__9streambuf	streambuf::flush_all_linebuffered(void)
000c2580	sys_stat__9streambufPv	streambuf::sys_stat(void *)
000c259c	sys_read__9streambufPci	streambuf::sys_read(char *, int)
000c25a8	sys_write__9streambufPCci	streambuf::sys_write(char const *, int)
000c25b4	sys_seek__9streambufxQ23ios8seek_dir	streambuf::sys_seek(long long, ios::seek_dir)
000c25c8	sys_close__9streambuf	streambuf::sys_close(void)
000c25d4	showmanyc__9streambuf	streambuf::showmanyc(void)
000c25e0	imbue__9streambufPv	streambuf::imbue(void *)
000c25e8	__12streammarkerP9streambuf	streammarker::streammarker(streambuf *)
000c2608	_._12streammarker	streammarker::~streammarker(void)
000c263c	delta__12streammarkerR12streammarker	streammarker::delta(streammarker &)
000c2658	delta__12streammarker	streammarker::delta(void)
000c2670	seekmark__9streambufR12streammarkeri	streambuf::seekmark(streammarker &, int)
000c2690	unsave_markers__9streambuf	streambuf::unsave_markers(void)
000c26a8	readable__3ios	ios::readable(void)
000c26c0	writable__3ios	ios::writable(void)
000c26d8	is_open__3ios	ios::is_open(void)
000c26fc	tie__C3ios	ios::tie(void) const
000c270c	tie__3iosP7ostream	ios::tie(ostream *)
000c2724	fill__C3ios	ios::fill(void) const
000c2734	fill__3iosw	ios::fill(wchar_t)
000c274c	flags__C3ios	ios::flags(void) const
000c275c	flags__3iosUl	ios::flags(unsigned long)
000c2774	precision__C3ios	ios::precision(void) const
000c2784	precision__3iosi	ios::precision(int)
000c279c	setf__3iosUl	ios::setf(unsigned long)
000c27b4	setf__3iosUlUl	ios::setf(unsigned long, unsigned long)
000c27d8	unsetf__3iosUl	ios::unsetf(unsigned long)
000c27f4	width__C3ios	ios::width(void) const
000c2804	width__3iosi	ios::width(int)
000c281c	_throw_failure__C3ios	ios::_throw_failure(void) const
000c2824	clear__3iosi	ios::clear(int)
000c2840	set__3iosi	ios::set(int)
000c2850	setstate__3iosi	ios::setstate(int)
000c2860	good__C3ios	ios::good(void) const
000c2874	eof__C3ios	ios::eof(void) const
000c2888	fail__C3ios	ios::fail(void) const
000c289c	bad__C3ios	ios::bad(void) const
000c28b0	rdstate__C3ios	ios::rdstate(void) const
000c28c0	__opPv__C3ios	ios::operator void *(void) const
000c28dc	__nt__C3ios	ios::operator!(void) const
000c28f0	exceptions__C3ios	ios::exceptions(void) const
000c2900	exceptions__3iosi	ios::exceptions(int)
000c2910	rdbuf__C3ios	ios::rdbuf(void) const
000c291c	rdbuf__3iosP9streambuf	ios::rdbuf(streambuf *)
000c293c	sync_with_stdio__3ios	ios::sync_with_stdio(void)
000c2950	unset__3ios11state_value	ios::unset(state_value)
000c2964	__Q23ios4Init	ios::Init::Init(void)
000c2970	set_offset__12streammarkeri	streammarker::set_offset(int)
000c2980	saving__12streammarker	streammarker::saving(void)
000c298c	_vtable__9streambuf	streambuf::_vtable(void)
000c299c	xchain__9streambuf	streambuf::xchain(void)
000c29ac	gptr__C9streambuf	streambuf::gptr(void) const
000c29c8	pptr__C9streambuf	streambuf::pptr(void) const
000c29d8	egptr__C9streambuf	streambuf::egptr(void) const
000c29f8	epptr__C9streambuf	streambuf::epptr(void) const
000c2a08	pbase__C9streambuf	streambuf::pbase(void) const
000c2a18	eback__C9streambuf	streambuf::eback(void) const
000c2a38	base__C9streambuf	streambuf::base(void) const
000c2a48	ebuf__C9streambuf	streambuf::ebuf(void) const
000c2a58	blen__C9streambuf	streambuf::blen(void) const
000c2a6c	xput_char__9streambufc	streambuf::xput_char(char)
000c2a84	xflags__9streambuf	streambuf::xflags(void)
000c2a90	xflags__9streambufi	streambuf::xflags(int)
000c2aa4	xsetflags__9streambufi	streambuf::xsetflags(int)
000c2ab4	xsetflags__9streambufii	streambuf::xsetflags(int, int)
000c2ad0	gbump__9streambufi	streambuf::gbump(int)
000c2aec	pbump__9streambufi	streambuf::pbump(int)
000c2b00	setp__9streambufPcT1	streambuf::setp(char *, char *)
000c2b1c	setg__9streambufPcN21	streambuf::setg(char *, char *, char *)
000c2b50	shortbuf__9streambuf	streambuf::shortbuf(void)
000c2b60	in_backup__9streambuf	streambuf::in_backup(void)
000c2b74	Gbase__9streambuf	streambuf::Gbase(void)
000c2b8c	eGptr__9streambuf	streambuf::eGptr(void)
000c2ba8	Bbase__9streambuf	streambuf::Bbase(void)
000c2bc8	Bptr__9streambuf	streambuf::Bptr(void)
000c2bd8	eBptr__9streambuf	streambuf::eBptr(void)
000c2bf8	Nbase__9streambuf	streambuf::Nbase(void)
000c2c08	eNptr__9streambuf	streambuf::eNptr(void)
000c2c18	have_backup__9streambuf	streambuf::have_backup(void)
000c2c2c	have_markers__9streambuf	streambuf::have_markers(void)
000c2c40	put_mode__9streambuf	streambuf::put_mode(void)
000c2c54	pubseekoff__9streambufxQ23ios8seek_diri	streambuf::pubseekoff(long long, ios::seek_dir, int)
000c2c7c	pubseekpos__9streambufxi	streambuf::pubseekpos(long long, int)
000c2c9c	unbuffered__9streambuf	streambuf::unbuffered(void)
000c2cb0	linebuffered__9streambuf	streambuf::linebuffered(void)
000c2cc4	unbuffered__9streambufi	streambuf::unbuffered(int)
000c2cdc	linebuffered__9streambufi	streambuf::linebuffered(int)
000c2cf8	allocate__9streambuf	streambuf::allocate(void)
000c2d24	allocbuf__9streambuf	streambuf::allocbuf(void)
000c2d40	in_avail__9streambuf	streambuf::in_avail(void)
000c2d54	out_waiting__9streambuf	streambuf::out_waiting(void)
000c2d68	sputn__9streambufPCci	streambuf::sputn(char const *, int)
000c2d90	padn__9streambufci	streambuf::padn(char, int)
000c2db0	sgetn__9streambufPci	streambuf::sgetn(char *, int)
000c2dd0	sputc__9streambufi	streambuf::sputc(int)
000c2dec	sbumpc__9streambuf	streambuf::sbumpc(void)
000c2e04	sgetc__9streambuf	streambuf::sgetc(void)
000c2e1c	snextc__9streambuf	streambuf::snextc(void)
000c2e54	stossc__9streambuf	streambuf::stossc(void)
000c2e6c	is_open__C7filebuf	filebuf::is_open(void) const
000c2e80	fd__C7filebuf	filebuf::fd(void) const
000c2e9c	is_reading__7filebuf	filebuf::is_reading(void)
000c2ed0	cur_ptr__7filebuf	filebuf::cur_ptr(void)
000c2f10	file_ptr__7filebuf	filebuf::file_ptr(void)
000c2f28	init__3iosP9streambufP7ostream	ios::init(streambuf *, ostream *)
000c2f78	__3iosP9streambufP7ostream	ios::ios(streambuf *, ostream *)
000c2fcc	_._3ios	ios::~ios(void)
000c3010	init__7filebuf	filebuf::init(void)
000c3028	__7filebuf	filebuf::filebuf(void)
000c3088	__7filebufi	filebuf::filebuf(int)
000c30ec	__7filebufiPci	filebuf::filebuf(int, char *, int)
000c316c	_._7filebuf	filebuf::~filebuf(void)
000c31c8	open__7filebufPCcii	filebuf::open(char const *, int, int)
000c3278	open__7filebufPCcT1	filebuf::open(char const *, char const *)
000c3298	attach__7filebufi	filebuf::attach(int)
000c32b4	setbuf__7filebufPci	filebuf::setbuf(char *, int)
000c32d4	doallocate__7filebuf	filebuf::doallocate(void)
000c32ec	overflow__7filebufi	filebuf::overflow(int)
000c3308	underflow__7filebuf	filebuf::underflow(void)
000c3320	sync__7filebuf	filebuf::sync(void)
000c3338	seekoff__7filebufxQ23ios8seek_diri	filebuf::seekoff(long long, ios::seek_dir, int)
000c3360	close__7filebuf	filebuf::close(void)
000c3384	sys_read__7filebufPci	filebuf::sys_read(char *, int)
000c33a4	sys_seek__7filebufxQ23ios8seek_dir	filebuf::sys_seek(long long, ios::seek_dir)
000c33c4	sys_write__7filebufPCci	filebuf::sys_write(char const *, int)
000c33e4	sys_stat__7filebufPv	filebuf::sys_stat(void *)
000c3400	sys_close__7filebuf	filebuf::sys_close(void)
000c3418	xsputn__7filebufPCci	filebuf::xsputn(char const *, int)
000c3438	xsgetn__7filebufPci	filebuf::xsgetn(char *, int)
000c3460	__as__22_IO_istream_withassignR7istream	_IO_istream_withassign::operator=(istream &)
000c34c4	__as__22_IO_ostream_withassignR7ostream	_IO_ostream_withassign::operator=(ostream &)
000c3520	__divdi3	__divdi3
000c36c4	__default_terminate	__default_terminate
000c36e0	__terminate	__terminate
000c3708	__throw_type_match	__throw_type_match
000c373c	__empty	__empty
000c3798	__get_eh_context	__get_eh_context
000c37bc	__get_eh_info	__get_eh_info
000c386c	__get_dynamic_handler_chain	__get_dynamic_handler_chain
000c3894	__sjthrow	__sjthrow
000c39a4	__sjpopnthrow	__sjpopnthrow
000c3a9c	__eh_rtime_match	__eh_rtime_match
000c3af4	__get_eh_table_version	__get_eh_table_version
000c3b04	__get_eh_table_language	__get_eh_table_language
000c3da8	__unwinding_cleanup	__unwinding_cleanup
000c4118	__throw	__throw
000c41d8	__rethrow	__rethrow
000c42a4	__pure_virtual	__pure_virtual
000c42e0	__udivdi3	__udivdi3
000c4400	__umoddi3	__umoddi3
000c4594	terminate__Fv	terminate(void)
000c45b4	__default_unexpected__Fv	__default_unexpected(void)
000c45d0	set_terminate__FPFv_v	set_terminate(void (*)(void))
000c45f8	set_unexpected__FPFv_v	set_unexpected(void (*)(void))
000c4624	unexpected__Fv	unexpected(void)
000c4644	__cp_exception_info	__cp_exception_info
000c466c	__cp_eh_info	__cp_eh_info
000c4690	__start_cp_handler	__start_cp_handler
000c46bc	__eh_alloc	__eh_alloc
000c46f4	__eh_free	__eh_free
000c4720	__cplus_type_matcher	__cplus_type_matcher
000c478c	__cp_push_exception	__cp_push_exception
000c4800	__cp_pop_exception	__cp_pop_exception
000c48b0	__uncatch_exception	__uncatch_exception
000c48e0	__check_eh_spec	__check_eh_spec
000c4ab4	__throw_bad_cast	__throw_bad_cast
000c4b58	__throw_bad_typeid	__throw_bad_typeid
000c4bf8	uncaught_exception__Fv	uncaught_exception(void)
000c4c2c	what__C9exception	exception::what(void) const
000c4c54	__9exception	exception::exception(void)
000c4c7c	_._9exception	exception::~exception(void)
000c4cb4	__13bad_exception	bad_exception::bad_exception(void)
000c4ce4	_._13bad_exception	bad_exception::~bad_exception(void)
000c57a4	__register_frame_info	__register_frame_info
000c57f0	__register_frame	__register_frame
000c5828	__register_frame_info_table	__register_frame_info_table
000c5870	__register_frame_table	__register_frame_table
000c58a8	__deregister_frame_info	__deregister_frame_info
000c5910	__deregister_frame	__deregister_frame
000c5944	__frame_state_for	__frame_state_for
000c5bc4	__builtin_delete	__builtin_delete
000c5c64	__builtin_new	__builtin_new
000c5dc4	__builtin_vec_delete	__builtin_vec_delete
000c5e64	__builtin_vec_new	__builtin_vec_new
000c5f14	_._9type_info	type_info::~type_info(void)
000c5f4c	__eq__C9type_infoRC9type_info	type_info::operator==(type_info const &) const
000c5f90	__rtti_class	__rtti_class
000c5fdc	__rtti_si	__rtti_si
000c6024	__rtti_user	__rtti_user
000c605c	dcast__C16__user_type_infoRC9type_infoiPvPC9type_infoT3	__user_type_info::dcast(type_info const &, int, void *, type_info const *, void *) const
000c6094	dcast__C14__si_type_infoRC9type_infoiPvPC9type_infoT3	__si_type_info::dcast(type_info const &, int, void *, type_info const *, void *) const
000c60f4	dcast__C17__class_type_infoRC9type_infoiPvPC9type_infoT3	__class_type_info::dcast(type_info const &, int, void *, type_info const *, void *) const
000c6244	__9type_infoPCc	type_info::type_info(char const *)
000c626c	name__C9type_info	type_info::name(void) const
000c627c	__ne__C9type_infoRC9type_info	type_info::operator!=(type_info const &) const
000c62ac	__8bad_cast	bad_cast::bad_cast(void)
000c62dc	_._8bad_cast	bad_cast::~bad_cast(void)
000c631c	__10bad_typeid	bad_typeid::bad_typeid(void)
000c634c	_._10bad_typeid	bad_typeid::~bad_typeid(void)
000c638c	__16__user_type_infoPCc	__user_type_info::__user_type_info(char const *)
000c63c0	__14__si_type_infoPCcRC16__user_type_info	__si_type_info::__si_type_info(char const *, __user_type_info const &)
000c6408	__17__class_type_infoPCcPCQ217__class_type_info9base_infoUi	__class_type_info::__class_type_info(char const *, __class_type_info::base_info const *, unsigned int)
000c6464	before__C9type_infoRC9type_info	type_info::before(type_info const &) const
000c6498	__throw_type_match_rtti	__throw_type_match_rtti
000c6930	__is_pointer__FPv	__is_pointer(void *)
000c6984	__rtti_ptr	__rtti_ptr
000c69c0	__rtti_attr	__rtti_attr
000c6a04	__rtti_func	__rtti_func
000c6a3c	__rtti_ptmf	__rtti_ptmf
000c6a74	__rtti_ptmd	__rtti_ptmd
000c6aac	__rtti_array	__rtti_array
000c6ae4	__dynamic_cast	__dynamic_cast
000c6b38	__tfv	void type_info function
000c6b80	__tfx	long long type_info function
000c6bc8	__tfl	long type_info function
000c6c10	__tfi	int type_info function
000c6c58	__tfs	short type_info function
000c6ca0	__tfb	bool type_info function
000c6ce8	__tfc	char type_info function
000c6d30	__tfw	wchar_t type_info function
000c6d78	__tfr	long double type_info function
000c6dc0	__tfd	double type_info function
000c6e08	__tff	float type_info function
000c6e50	__tfUi	unsigned int type_info function
000c6e98	__tfUl	unsigned long type_info function
000c6ee0	__tfUx	unsigned long long type_info function
000c6f28	__tfUs	unsigned short type_info function
000c6f70	__tfUc	unsigned char type_info function
000c6fb8	__tfSc	signed char type_info function
000c7000	set_new_handler__FPFv_v	set_new_handler(void (*)(void))
000c7028	what__C9bad_alloc	bad_alloc::what(void) const
000c7048	__nw__FUiPv	operator new(unsigned int, void *)
000c7064	__vn__FUiPv	operator new [](unsigned int, void *)
000c70f4	_S_chunk_alloc__t24__default_alloc_template2b1i0UiRi	__default_alloc_template<true, 0>::_S_chunk_alloc(unsigned int, int &)
000c72a4	clone__Q2t12basic_string3ZcZt18string_char_traits1ZcZt24__default_alloc_template2b1i0_3Rep	basic_string<char, string_char_traits<char>, __default_alloc_template<true, 0> >::Rep::clone(void)
000c74c4	alloc__t12basic_string3ZcZt18string_char_traits1ZcZt24__default_alloc_template2b1i0Uib	basic_string<char, string_char_traits<char>, __default_alloc_template<true, 0> >::alloc(unsigned int, bool)
000c77a4	replace__t12basic_string3ZcZt18string_char_traits1ZcZt24__default_alloc_template2b1i0UiUiUic	basic_string<char, string_char_traits<char>, __default_alloc_template<true, 0> >::replace(unsigned int, unsigned int, unsigned int, char)
000c7b74	replace__t12basic_string3ZcZt18string_char_traits1ZcZt24__default_alloc_template2b1i0UiUiPCcUi	basic_string<char, string_char_traits<char>, __default_alloc_template<true, 0> >::replace(unsigned int, unsigned int, char const *, unsigned int)
000c7f54	replace__t12basic_string3ZcZt18string_char_traits1ZcZt24__default_alloc_template2b1i0UiUiRCt12basic_string3ZcZt18string_char_traits1ZcZt24__default_alloc_template2b1i0UiUi	basic_string<char, string_char_traits<char>, __default_alloc_template<true, 0> >::replace(unsigned int, unsigned int, basic_string<char, string_char_traits<char>, __default_alloc_template<true, 0> > const &, unsigned int, unsigned int)
000c80b4	replace__H1ZPCc_t12basic_string3ZcZt18string_char_traits1ZcZt24__default_alloc_template2b1i0PcT1X00X00_Rt12basic_string3ZcZt18string_char_traits1ZcZt24__default_alloc_template2b1i0	basic_string<char, string_char_traits<char>, __default_alloc_template<true, 0> > & basic_string<char, string_char_traits<char>, __default_alloc_template<true, 0> >::replace<char const *>(char *, char *, char const *, char const *)
000c84b4	compare__Ct12basic_string3ZcZt18string_char_traits1ZcZt24__default_alloc_template2b1i0RCt12basic_string3ZcZt18string_char_traits1ZcZt24__default_alloc_template2b1i0UiUi	basic_string<char, string_char_traits<char>, __default_alloc_template<true, 0> >::compare(basic_string<char, string_char_traits<char>, __default_alloc_template<true, 0> > const &, unsigned int, unsigned int) const
000c8564	_M_erase__t8_Rb_tree5ZUiZt4pair2ZCUiZQ213cSC3AuraLayer9tModifierZt10_Select1st1Zt4pair2ZCUiZQ213cSC3AuraLayer9tModifierZt4less1ZUiZt9allocator1ZQ213cSC3AuraLayer9tModifierPt13_Rb_tree_node1Zt4pair2ZCUiZQ213cSC3AuraLayer9tModifier	_Rb_tree<unsigned int, pair<unsigned int const, cSC3AuraLayer::tModifier>, _Select1st<pair<unsigned int const, cSC3AuraLayer::tModifier> >, less<unsigned int>, allocator<cSC3AuraLayer::tModifier> >::_M_erase(_Rb_tree_node<pair<unsigned int const, cSC3AuraLayer::tModifier> > *)
000c85e4	erase__t8_Rb_tree5ZUiZt4pair2ZCUiZQ213cSC3AuraLayer9tModifierZt10_Select1st1Zt4pair2ZCUiZQ213cSC3AuraLayer9tModifierZt4less1ZUiZt9allocator1ZQ213cSC3AuraLayer9tModifierGt17_Rb_tree_iterator3Zt4pair2ZCUiZQ213cSC3AuraLayer9tModifierZRt4pair2ZCUiZQ213cSC3AuraLayer9tModifierZPt4pair2ZCUiZQ213cSC3AuraLayer9tModifierT1	_Rb_tree<unsigned int, pair<unsigned int const, cSC3AuraLayer::tModifier>, _Select1st<pair<unsigned int const, cSC3AuraLayer::tModifier> >, less<unsigned int>, allocator<cSC3AuraLayer::tModifier> >::erase(_Rb_tree_iterator<pair<unsigned int const, cSC3AuraLayer::tModifier>, pair<unsigned int const, cSC3AuraLayer::tModifier> &, pair<unsigned int const, cSC3AuraLayer::tModifier> *>, _Rb_tree_iterator<pair<unsigned int const, cSC3AuraLayer::tModifier>, pair<unsigned int const, cSC3AuraLayer::tModifier> &, pair<unsigned int const, cSC3AuraLayer::tModifier> *>)
000c8af4	_M_insert__t8_Rb_tree5ZUiZt4pair2ZCUiZQ213cSC3AuraLayer9tModifierZt10_Select1st1Zt4pair2ZCUiZQ213cSC3AuraLayer9tModifierZt4less1ZUiZt9allocator1ZQ213cSC3AuraLayer9tModifierP18_Rb_tree_node_baseT1RCt4pair2ZCUiZQ213cSC3AuraLayer9tModifier	_Rb_tree<unsigned int, pair<unsigned int const, cSC3AuraLayer::tModifier>, _Select1st<pair<unsigned int const, cSC3AuraLayer::tModifier> >, less<unsigned int>, allocator<cSC3AuraLayer::tModifier> >::_M_insert(_Rb_tree_node_base *, _Rb_tree_node_base *, pair<unsigned int const, cSC3AuraLayer::tModifier> const &)
000c8f84	insert_unique__t8_Rb_tree5ZUiZt4pair2ZCUiZQ213cSC3AuraLayer9tModifierZt10_Select1st1Zt4pair2ZCUiZQ213cSC3AuraLayer9tModifierZt4less1ZUiZt9allocator1ZQ213cSC3AuraLayer9tModifierRCt4pair2ZCUiZQ213cSC3AuraLayer9tModifier	_Rb_tree<unsigned int, pair<unsigned int const, cSC3AuraLayer::tModifier>, _Select1st<pair<unsigned int const, cSC3AuraLayer::tModifier> >, less<unsigned int>, allocator<cSC3AuraLayer::tModifier> >::insert_unique(pair<unsigned int const, cSC3AuraLayer::tModifier> const &)
000c9074	insert_unique__t8_Rb_tree5ZUiZt4pair2ZCUiZQ213cSC3AuraLayer9tModifierZt10_Select1st1Zt4pair2ZCUiZQ213cSC3AuraLayer9tModifierZt4less1ZUiZt9allocator1ZQ213cSC3AuraLayer9tModifierGt17_Rb_tree_iterator3Zt4pair2ZCUiZQ213cSC3AuraLayer9tModifierZRt4pair2ZCUiZQ213cSC3AuraLayer9tModifierZPt4pair2ZCUiZQ213cSC3AuraLayer9tModifierRCt4pair2ZCUiZQ213cSC3AuraLayer9tModifier	_Rb_tree<unsigned int, pair<unsigned int const, cSC3AuraLayer::tModifier>, _Select1st<pair<unsigned int const, cSC3AuraLayer::tModifier> >, less<unsigned int>, allocator<cSC3AuraLayer::tModifier> >::insert_unique(_Rb_tree_iterator<pair<unsigned int const, cSC3AuraLayer::tModifier>, pair<unsigned int const, cSC3AuraLayer::tModifier> &, pair<unsigned int const, cSC3AuraLayer::tModifier> *>, pair<unsigned int const, cSC3AuraLayer::tModifier> const &)
000c91f0	find__t8_Rb_tree5ZUiZt4pair2ZCUiZQ213cSC3AuraLayer9tModifierZt10_Select1st1Zt4pair2ZCUiZQ213cSC3AuraLayer9tModifierZt4less1ZUiZt9allocator1ZQ213cSC3AuraLayer9tModifierRCUi	_Rb_tree<unsigned int, pair<unsigned int const, cSC3AuraLayer::tModifier>, _Select1st<pair<unsigned int const, cSC3AuraLayer::tModifier> >, less<unsigned int>, allocator<cSC3AuraLayer::tModifier> >::find(unsigned int const &)
000c9250	__thunk_40_QueryInterface__13cSC3AuraLayerUiPPv	virtual function thunk (delta:-40) for cSC3AuraLayer::QueryInterface(unsigned int, void **)
000c926c	__thunk_40_AddRef__13cSC3AuraLayer	virtual function thunk (delta:-40) for cSC3AuraLayer::AddRef(void)
000c9288	__thunk_40_Release__13cSC3AuraLayer	virtual function thunk (delta:-40) for cSC3AuraLayer::Release(void)
000c92a4	__thunk_40_OccupantInserted__13cSC3AuraLayerUiP13cISC3Occupant	virtual function thunk (delta:-40) for cSC3AuraLayer::OccupantInserted(unsigned int, cISC3Occupant *)
000c92c0	__thunk_40_OccupantRemoved__13cSC3AuraLayerUiP13cISC3Occupant	virtual function thunk (delta:-40) for cSC3AuraLayer::OccupantRemoved(unsigned int, cISC3Occupant *)
000c92dc	__thunk_40_OccupantMoved__13cSC3AuraLayerUiP13cISC3OccupantRC13cSC3CityCoord	virtual function thunk (delta:-40) for cSC3AuraLayer::OccupantMoved(unsigned int, cISC3Occupant *, cSC3CityCoord const &)
000c92f8	__thunk_40_OccupantChanged__13cSC3AuraLayerUiP13cISC3OccupantiPv	virtual function thunk (delta:-40) for cSC3AuraLayer::OccupantChanged(unsigned int, cISC3Occupant *, int, void *)
000c9314	__thunk_40_CellChangedAll__13cSC3AuraLayerUi	virtual function thunk (delta:-40) for cSC3AuraLayer::CellChangedAll(unsigned int)
000c9330	__thunk_40_CellChanged__13cSC3AuraLayerUiUiUi	virtual function thunk (delta:-40) for cSC3AuraLayer::CellChanged(unsigned int, unsigned int, unsigned int)
000c934c	__thunk_40_CellChanged__13cSC3AuraLayerUiUiUiUiUi	virtual function thunk (delta:-40) for cSC3AuraLayer::CellChanged(unsigned int, unsigned int, unsigned int, unsigned int, unsigned int)
000c9368	__thunk_36_QueryInterface__13cSC3AuraLayerUiPPv	virtual function thunk (delta:-36) for cSC3AuraLayer::QueryInterface(unsigned int, void **)
000c9384	__thunk_36_AddRef__13cSC3AuraLayer	virtual function thunk (delta:-36) for cSC3AuraLayer::AddRef(void)
000c93a0	__thunk_36_Release__13cSC3AuraLayer	virtual function thunk (delta:-36) for cSC3AuraLayer::Release(void)
000c93bc	__thunk_36_Simulate__13cSC3AuraLayeri	virtual function thunk (delta:-36) for cSC3AuraLayer::Simulate(int)
000c93d8	__thunk_36_MinimumExecutionInterval__13cSC3AuraLayer	virtual function thunk (delta:-36) for cSC3AuraLayer::MinimumExecutionInterval(void)
000c93f4	__thunk_36_IsAgentLocking__13cSC3AuraLayer	virtual function thunk (delta:-36) for cSC3AuraLayer::IsAgentLocking(void)
000c9410	__thunk_36_TypeId__C13cSC3AuraLayer	virtual function thunk (delta:-36) for cSC3AuraLayer::TypeId(void) const
000c942c	__thunk_36_AgentType__13cSC3AuraLayer	virtual function thunk (delta:-36) for cSC3AuraLayer::AgentType(void)
000c9448	__thunk_36_SetAgentType__13cSC3AuraLayerP18cISC3CityAgentType	virtual function thunk (delta:-36) for cSC3AuraLayer::SetAgentType(cISC3CityAgentType *)
000c9464	__thunk_36_DebugInstanceTag__13cSC3AuraLayerR10cIGZString	virtual function thunk (delta:-36) for cSC3AuraLayer::DebugInstanceTag(cIGZString &)
000c9480	__thunk_36_DebugClassTag__13cSC3AuraLayerR10cIGZString	virtual function thunk (delta:-36) for cSC3AuraLayer::DebugClassTag(cIGZString &)
000c949c	__thunk_36_DebugTypeTag__13cSC3AuraLayerR10cIGZString	virtual function thunk (delta:-36) for cSC3AuraLayer::DebugTypeTag(cIGZString &)
000c94b8	__thunk_44_QueryInterface__13cSC3AuraLayerUiPPv	virtual function thunk (delta:-44) for cSC3AuraLayer::QueryInterface(unsigned int, void **)
000c94d4	__thunk_44_AddRef__13cSC3AuraLayer	virtual function thunk (delta:-44) for cSC3AuraLayer::AddRef(void)
000c94f0	__thunk_44_Release__13cSC3AuraLayer	virtual function thunk (delta:-44) for cSC3AuraLayer::Release(void)
000c950c	__thunk_44_CreateMapSprite__13cSC3AuraLayerUiUiPPv	virtual function thunk (delta:-44) for cSC3AuraLayer::CreateMapSprite(unsigned int, unsigned int, void **)
000c9528	__thunk_44_GetMapSpriteCount__13cSC3AuraLayer	virtual function thunk (delta:-44) for cSC3AuraLayer::GetMapSpriteCount(void)
000c9544	__thunk_44_GetSpriteIdFromIndex__13cSC3AuraLayerUiRUi	virtual function thunk (delta:-44) for cSC3AuraLayer::GetSpriteIdFromIndex(unsigned int, unsigned int &)
000c9560	__thunk_28_QueryInterface__13cSC3AuraLayerUiPPv	virtual function thunk (delta:-28) for cSC3AuraLayer::QueryInterface(unsigned int, void **)
000c957c	__thunk_28_AddRef__13cSC3AuraLayer	virtual function thunk (delta:-28) for cSC3AuraLayer::AddRef(void)
000c9598	__thunk_28_Release__13cSC3AuraLayer	virtual function thunk (delta:-28) for cSC3AuraLayer::Release(void)
000c95b4	__thunk_28_CellCountX__C13cSC3AuraLayer	virtual function thunk (delta:-28) for cSC3AuraLayer::CellCountX(void) const
000c95d0	__thunk_28_CellCountZ__C13cSC3AuraLayer	virtual function thunk (delta:-28) for cSC3AuraLayer::CellCountZ(void) const
000c95ec	__thunk_28_GetValueSint32__C13cSC3AuraLayerUiUiRi	virtual function thunk (delta:-28) for cSC3AuraLayer::GetValueSint32(unsigned int, unsigned int, int &) const
000c9608	__thunk_28_InBounds__C13cSC3AuraLayerUiUi	virtual function thunk (delta:-28) for cSC3AuraLayer::InBounds(unsigned int, unsigned int) const
000c9624	__thunk_28_InBounds__C13cSC3AuraLayerUiUiUiUi	virtual function thunk (delta:-28) for cSC3AuraLayer::InBounds(unsigned int, unsigned int, unsigned int, unsigned int) const
000c9640	__thunk_28_ValidRect__C13cSC3AuraLayerUiUiUiUi	virtual function thunk (delta:-28) for cSC3AuraLayer::ValidRect(unsigned int, unsigned int, unsigned int, unsigned int) const
000c965c	__thunk_28_SerialRead__13cSC3AuraLayerR18cIGZDBSerialRecord	virtual function thunk (delta:-28) for cSC3AuraLayer::SerialRead(cIGZDBSerialRecord &)
000c9678	__thunk_28_SerialWrite__C13cSC3AuraLayerR18cIGZDBSerialRecord	virtual function thunk (delta:-28) for cSC3AuraLayer::SerialWrite(cIGZDBSerialRecord &) const
000c9694	__thunk_28_Init__13cSC3AuraLayerP9cISC3CityRCSc	virtual function thunk (delta:-28) for cSC3AuraLayer::Init(cISC3City *, signed char const &)
000c96b0	__thunk_28_Shutdown__13cSC3AuraLayer	virtual function thunk (delta:-28) for cSC3AuraLayer::Shutdown(void)
000c96cc	__thunk_28_GetValue__C13cSC3AuraLayerUiUiRSc	virtual function thunk (delta:-28) for cSC3AuraLayer::GetValue(unsigned int, unsigned int, signed char &) const
000c96e8	__thunk_28_SetValue__13cSC3AuraLayerUiUiRCSc	virtual function thunk (delta:-28) for cSC3AuraLayer::SetValue(unsigned int, unsigned int, signed char const &)
000c9704	__thunk_28_SetAllCells__13cSC3AuraLayerRCSc	virtual function thunk (delta:-28) for cSC3AuraLayer::SetAllCells(signed char const &)
000c9720	__thunk_28_SetValue__13cSC3AuraLayerUiUiUiUiRCSc	virtual function thunk (delta:-28) for cSC3AuraLayer::SetValue(unsigned int, unsigned int, unsigned int, unsigned int, signed char const &)
000c973c	__thunk_28_GetMayorRating__13cSC3AuraLayer	virtual function thunk (delta:-28) for cSC3AuraLayer::GetMayorRating(void)
000c9758	__thunk_32_QueryInterface__13cSC3AuraLayerUiPPv	virtual function thunk (delta:-32) for cSC3AuraLayer::QueryInterface(unsigned int, void **)
000c9774	__thunk_32_AddRef__13cSC3AuraLayer	virtual function thunk (delta:-32) for cSC3AuraLayer::AddRef(void)
000c9790	__thunk_32_Release__13cSC3AuraLayer	virtual function thunk (delta:-32) for cSC3AuraLayer::Release(void)
000c97ac	__thunk_32_DoMessage__13cSC3AuraLayerR10cGZMessage	virtual function thunk (delta:-32) for cSC3AuraLayer::DoMessage(cGZMessage &)
000c97c8	__thunk_32_DoQueryInfo__13cSC3AuraLayerR10cGZMessageP11cIGZUnknown	virtual function thunk (delta:-32) for cSC3AuraLayer::DoQueryInfo(cGZMessage &, cIGZUnknown *)
000c97e4	__thunk_32_StaticInit__13cSC3AuraLayerP19cISC3CityDefinition	virtual function thunk (delta:-32) for cSC3AuraLayer::StaticInit(cISC3CityDefinition *)
000c9800	__thunk_32_StaticShutdown__13cSC3AuraLayer	virtual function thunk (delta:-32) for cSC3AuraLayer::StaticShutdown(void)
000c981c	__thunk_32_Init__13cSC3AuraLayerP9cISC3City	virtual function thunk (delta:-32) for cSC3AuraLayer::Init(cISC3City *)
000c9838	__thunk_32_Init__13cSC3AuraLayerP9cISC3CityP13cISC2Importer	virtual function thunk (delta:-32) for cSC3AuraLayer::Init(cISC3City *, cISC2Importer *)
000c9854	__thunk_32_Init__13cSC3AuraLayerP9cISC3CityP13cIGZDBSegment	virtual function thunk (delta:-32) for cSC3AuraLayer::Init(cISC3City *, cIGZDBSegment *)
000c9870	__thunk_32_Save__13cSC3AuraLayerP9cISC3CityP13cIGZDBSegment	virtual function thunk (delta:-32) for cSC3AuraLayer::Save(cISC3City *, cIGZDBSegment *)
000c988c	__thunk_32_SimulationBegin__13cSC3AuraLayer	virtual function thunk (delta:-32) for cSC3AuraLayer::SimulationBegin(void)
000c98a8	__thunk_32_SimulationEnd__13cSC3AuraLayer	virtual function thunk (delta:-32) for cSC3AuraLayer::SimulationEnd(void)
000c98c4	__thunk_32_Shutdown__13cSC3AuraLayer	virtual function thunk (delta:-32) for cSC3AuraLayer::Shutdown(void)
000c98e0	__thunk_32_GetManipulator__13cSC3AuraLayerRC18cISC3CityAgentTypePP25cISC3CityLayerManipulatorRi	virtual function thunk (delta:-32) for cSC3AuraLayer::GetManipulator(cISC3CityAgentType const &, cISC3CityLayerManipulator **, int &)
000c98fc	__thunk_32_GetLayerType__13cSC3AuraLayer	virtual function thunk (delta:-32) for cSC3AuraLayer::GetLayerType(void)
000c9918	__thunk_32_DebugClassTag__13cSC3AuraLayerR10cIGZString	virtual function thunk (delta:-32) for cSC3AuraLayer::DebugClassTag(cIGZString &)
000c9934	__thunk_32_DebugTypeTag__13cSC3AuraLayerR10cIGZString	virtual function thunk (delta:-32) for cSC3AuraLayer::DebugTypeTag(cIGZString &)
000c9954	_._t3map4ZUiZQ213cSC3AuraLayer9tModifierZt4less1ZUiZt9allocator1ZQ213cSC3AuraLayer9tModifier	map<unsigned int, cSC3AuraLayer::tModifier, less<unsigned int>, allocator<cSC3AuraLayer::tModifier> >::~map(void)
000c99fc	_._t20cSC3CityCellMapSized1ZSc	cSC3CityCellMapSized<signed char>::~cSC3CityCellMapSized(void)
000c9a34	_._t20cSC3CityCellMapSized1Zs	cSC3CityCellMapSized<short>::~cSC3CityCellMapSized(void)
000c9a6c	Shutdown__t20cSC3CityCellMapSized1ZSc	cSC3CityCellMapSized<signed char>::Shutdown(void)
000c9ab8	__t20cSC3CityCellMapSized1ZSci	cSC3CityCellMapSized<signed char>::cSC3CityCellMapSized(int)
000c9b1c	__t20cSC3CityCellMapSized1Zsi	cSC3CityCellMapSized<short>::cSC3CityCellMapSized(int)
000c9b80	lower_bound__t8_Rb_tree5ZUiZt4pair2ZCUiZQ213cSC3AuraLayer9tModifierZt10_Select1st1Zt4pair2ZCUiZQ213cSC3AuraLayer9tModifierZt4less1ZUiZt9allocator1ZQ213cSC3AuraLayer9tModifierRCUi	_Rb_tree<unsigned int, pair<unsigned int const, cSC3AuraLayer::tModifier>, _Select1st<pair<unsigned int const, cSC3AuraLayer::tModifier> >, less<unsigned int>, allocator<cSC3AuraLayer::tModifier> >::lower_bound(unsigned int const &)
000c9bbc	Shutdown__t20cSC3CityCellMapSized1Zs	cSC3CityCellMapSized<short>::Shutdown(void)
000c9c14	Init__t20cSC3CityCellMapSized1ZsP9cISC3CityRCs	cSC3CityCellMapSized<short>::Init(cISC3City *, short const &)
000c9d7c	GetValue__Ct20cSC3CityCellMapSized1ZsUiUiRs	cSC3CityCellMapSized<short>::GetValue(unsigned int, unsigned int, short &) const
000c9dac	SetValue__t20cSC3CityCellMapSized1ZsUiUiRCs	cSC3CityCellMapSized<short>::SetValue(unsigned int, unsigned int, short const &)
000c9de4	QueryInterface__t20cSC3CityCellMapSized1ZScUiPPv	cSC3CityCellMapSized<signed char>::QueryInterface(unsigned int, void **)
000c9e64	QueryInterface__t20cSC3CityCellMapSized1ZsUiPPv	cSC3CityCellMapSized<short>::QueryInterface(unsigned int, void **)
000c9ee4	Init__t20cSC3CityCellMapSized1ZScP9cISC3CityRCSc	cSC3CityCellMapSized<signed char>::Init(cISC3City *, signed char const &)
000ca04c	CellCountX__Ct20cSC3CityCellMapSized1ZSc	cSC3CityCellMapSized<signed char>::CellCountX(void) const
000ca05c	CellCountZ__Ct20cSC3CityCellMapSized1ZSc	cSC3CityCellMapSized<signed char>::CellCountZ(void) const
000ca06c	GetValue__Ct20cSC3CityCellMapSized1ZScUiUiRSc	cSC3CityCellMapSized<signed char>::GetValue(unsigned int, unsigned int, signed char &) const
000ca09c	SetValue__t20cSC3CityCellMapSized1ZScUiUiRCSc	cSC3CityCellMapSized<signed char>::SetValue(unsigned int, unsigned int, signed char const &)
000ca0d0	SetValue__t20cSC3CityCellMapSized1ZScUiUiUiUiRCSc	cSC3CityCellMapSized<signed char>::SetValue(unsigned int, unsigned int, unsigned int, unsigned int, signed char const &)
000ca144	SetAllCells__t20cSC3CityCellMapSized1ZScRCSc	cSC3CityCellMapSized<signed char>::SetAllCells(signed char const &)
000ca1a0	InBounds__Ct20cSC3CityCellMapSized1ZScUiUi	cSC3CityCellMapSized<signed char>::InBounds(unsigned int, unsigned int) const
000ca1f4	InBounds__Ct20cSC3CityCellMapSized1ZScUiUiUiUi	cSC3CityCellMapSized<signed char>::InBounds(unsigned int, unsigned int, unsigned int, unsigned int) const
000ca250	ValidRect__Ct20cSC3CityCellMapSized1ZScUiUiUiUi	cSC3CityCellMapSized<signed char>::ValidRect(unsigned int, unsigned int, unsigned int, unsigned int) const
000ca274	SerialRead__t20cSC3CityCellMapSized1ZScR18cIGZDBSerialRecord	cSC3CityCellMapSized<signed char>::SerialRead(cIGZDBSerialRecord &)
000ca2d4	SerialWrite__Ct20cSC3CityCellMapSized1ZScR18cIGZDBSerialRecord	cSC3CityCellMapSized<signed char>::SerialWrite(cIGZDBSerialRecord &) const
000ca338	AddRef__t20cSC3CityCellMapSized1ZSc	cSC3CityCellMapSized<signed char>::AddRef(void)
000ca374	AddRef__t20cSC3CityCellMapSized1Zs	cSC3CityCellMapSized<short>::AddRef(void)
000ca3b4	_._t10cRZCellMap1Zs	cRZCellMap<short>::~cRZCellMap(void)
000ca42c	Release__t20cSC3CityCellMapSized1ZSc	cSC3CityCellMapSized<signed char>::Release(void)
000ca48c	Release__t20cSC3CityCellMapSized1Zs	cSC3CityCellMapSized<short>::Release(void)
000ca4e8	CellCountX__Ct20cSC3CityCellMapSized1Zs	cSC3CityCellMapSized<short>::CellCountX(void) const
000ca4f8	CellCountZ__Ct20cSC3CityCellMapSized1Zs	cSC3CityCellMapSized<short>::CellCountZ(void) const
000ca508	GetValueSint32__Ct20cSC3CityCellMapSized1ZsUiUiRi	cSC3CityCellMapSized<short>::GetValueSint32(unsigned int, unsigned int, int &) const
000ca53c	InBounds__Ct20cSC3CityCellMapSized1ZsUiUi	cSC3CityCellMapSized<short>::InBounds(unsigned int, unsigned int) const
000ca590	InBounds__Ct20cSC3CityCellMapSized1ZsUiUiUiUi	cSC3CityCellMapSized<short>::InBounds(unsigned int, unsigned int, unsigned int, unsigned int) const
000ca5ec	ValidRect__Ct20cSC3CityCellMapSized1ZsUiUiUiUi	cSC3CityCellMapSized<short>::ValidRect(unsigned int, unsigned int, unsigned int, unsigned int) const
000ca614	SerialRead__t20cSC3CityCellMapSized1ZsR18cIGZDBSerialRecord	cSC3CityCellMapSized<short>::SerialRead(cIGZDBSerialRecord &)
000ca674	SerialWrite__Ct20cSC3CityCellMapSized1ZsR18cIGZDBSerialRecord	cSC3CityCellMapSized<short>::SerialWrite(cIGZDBSerialRecord &) const
000ca6e4	SetAllCells__t20cSC3CityCellMapSized1ZsRCs	cSC3CityCellMapSized<short>::SetAllCells(short const &)
000ca740	SetValue__t20cSC3CityCellMapSized1ZsUiUiUiUiRCs	cSC3CityCellMapSized<short>::SetValue(unsigned int, unsigned int, unsigned int, unsigned int, short const &)
000ca7ac	GetValueSint32__Ct20cSC3CityCellMapSized1ZScUiUiRi	cSC3CityCellMapSized<signed char>::GetValueSint32(unsigned int, unsigned int, int &) const
000ca7e4	_._t10cRZCellMap1ZSc	cRZCellMap<signed char>::~cRZCellMap(void)
000ca864	_M_erase__t8_Rb_tree5ZUiZt4pair2ZCUiZQ215cSC3BudgetLayer9tLineItemZt10_Select1st1Zt4pair2ZCUiZQ215cSC3BudgetLayer9tLineItemZt4less1ZUiZt9allocator1ZQ215cSC3BudgetLayer9tLineItemPt13_Rb_tree_node1Zt4pair2ZCUiZQ215cSC3BudgetLayer9tLineItem	_Rb_tree<unsigned int, pair<unsigned int const, cSC3BudgetLayer::tLineItem>, _Select1st<pair<unsigned int const, cSC3BudgetLayer::tLineItem> >, less<unsigned int>, allocator<cSC3BudgetLayer::tLineItem> >::_M_erase(_Rb_tree_node<pair<unsigned int const, cSC3BudgetLayer::tLineItem> > *)
000ca8c4	_M_erase__t8_Rb_tree5ZUiZt4pair2ZCUiZUiZt10_Select1st1Zt4pair2ZCUiZUiZt4less1ZUiZt9allocator1ZUiPt13_Rb_tree_node1Zt4pair2ZCUiZUi	_Rb_tree<unsigned int, pair<unsigned int const, unsigned int>, _Select1st<pair<unsigned int const, unsigned int> >, less<unsigned int>, allocator<unsigned int> >::_M_erase(_Rb_tree_node<pair<unsigned int const, unsigned int> > *)
000ca944	erase__t8_Rb_tree5ZUiZt4pair2ZCUiZUiZt10_Select1st1Zt4pair2ZCUiZUiZt4less1ZUiZt9allocator1ZUiGt17_Rb_tree_iterator3Zt4pair2ZCUiZUiZRt4pair2ZCUiZUiZPt4pair2ZCUiZUiT1	_Rb_tree<unsigned int, pair<unsigned int const, unsigned int>, _Select1st<pair<unsigned int const, unsigned int> >, less<unsigned int>, allocator<unsigned int> >::erase(_Rb_tree_iterator<pair<unsigned int const, unsigned int>, pair<unsigned int const, unsigned int> &, pair<unsigned int const, unsigned int> *>, _Rb_tree_iterator<pair<unsigned int const, unsigned int>, pair<unsigned int const, unsigned int> &, pair<unsigned int const, unsigned int> *>)
000cae54	_M_erase__t8_Rb_tree5ZQ216cISC3BudgetLayer18tDevelopmentCostIDZt4pair2ZCQ216cISC3BudgetLayer18tDevelopmentCostIDZUiZt10_Select1st1Zt4pair2ZCQ216cISC3BudgetLayer18tDevelopmentCostIDZUiZt4less1ZQ216cISC3BudgetLayer18tDevelopmentCostIDZt9allocator1ZUiPt13_Rb_tree_node1Zt4pair2ZCQ216cISC3BudgetLayer18tDevelopmentCostIDZUi	_Rb_tree<cISC3BudgetLayer::tDevelopmentCostID, pair<cISC3BudgetLayer::tDevelopmentCostID const, unsigned int>, _Select1st<pair<cISC3BudgetLayer::tDevelopmentCostID const, unsigned int> >, less<cISC3BudgetLayer::tDevelopmentCostID>, allocator<unsigned int> >::_M_erase(_Rb_tree_node<pair<cISC3BudgetLayer::tDevelopmentCostID const, unsigned int> > *)
000caed4	erase__t8_Rb_tree5ZQ216cISC3BudgetLayer18tDevelopmentCostIDZt4pair2ZCQ216cISC3BudgetLayer18tDevelopmentCostIDZUiZt10_Select1st1Zt4pair2ZCQ216cISC3BudgetLayer18tDevelopmentCostIDZUiZt4less1ZQ216cISC3BudgetLayer18tDevelopmentCostIDZt9allocator1ZUiGt17_Rb_tree_iterator3Zt4pair2ZCQ216cISC3BudgetLayer18tDevelopmentCostIDZUiZRt4pair2ZCQ216cISC3BudgetLayer18tDevelopmentCostIDZUiZPt4pair2ZCQ216cISC3BudgetLayer18tDevelopmentCostIDZUiT1	_Rb_tree<cISC3BudgetLayer::tDevelopmentCostID, pair<cISC3BudgetLayer::tDevelopmentCostID const, unsigned int>, _Select1st<pair<cISC3BudgetLayer::tDevelopmentCostID const, unsigned int> >, less<cISC3BudgetLayer::tDevelopmentCostID>, allocator<unsigned int> >::erase(_Rb_tree_iterator<pair<cISC3BudgetLayer::tDevelopmentCostID const, unsigned int>, pair<cISC3BudgetLayer::tDevelopmentCostID const, unsigned int> &, pair<cISC3BudgetLayer::tDevelopmentCostID const, unsigned int> *>, _Rb_tree_iterator<pair<cISC3BudgetLayer::tDevelopmentCostID const, unsigned int>, pair<cISC3BudgetLayer::tDevelopmentCostID const, unsigned int> &, pair<cISC3BudgetLayer::tDevelopmentCostID const, unsigned int> *>)
000cb3e4	_M_insert__t8_Rb_tree5ZQ216cISC3BudgetLayer18tDevelopmentCostIDZt4pair2ZCQ216cISC3BudgetLayer18tDevelopmentCostIDZUiZt10_Select1st1Zt4pair2ZCQ216cISC3BudgetLayer18tDevelopmentCostIDZUiZt4less1ZQ216cISC3BudgetLayer18tDevelopmentCostIDZt9allocator1ZUiP18_Rb_tree_node_baseT1RCt4pair2ZCQ216cISC3BudgetLayer18tDevelopmentCostIDZUi	_Rb_tree<cISC3BudgetLayer::tDevelopmentCostID, pair<cISC3BudgetLayer::tDevelopmentCostID const, unsigned int>, _Select1st<pair<cISC3BudgetLayer::tDevelopmentCostID const, unsigned int> >, less<cISC3BudgetLayer::tDevelopmentCostID>, allocator<unsigned int> >::_M_insert(_Rb_tree_node_base *, _Rb_tree_node_base *, pair<cISC3BudgetLayer::tDevelopmentCostID const, unsigned int> const &)
000cb7c4	insert_unique__t8_Rb_tree5ZQ216cISC3BudgetLayer18tDevelopmentCostIDZt4pair2ZCQ216cISC3BudgetLayer18tDevelopmentCostIDZUiZt10_Select1st1Zt4pair2ZCQ216cISC3BudgetLayer18tDevelopmentCostIDZUiZt4less1ZQ216cISC3BudgetLayer18tDevelopmentCostIDZt9allocator1ZUiRCt4pair2ZCQ216cISC3BudgetLayer18tDevelopmentCostIDZUi	_Rb_tree<cISC3BudgetLayer::tDevelopmentCostID, pair<cISC3BudgetLayer::tDevelopmentCostID const, unsigned int>, _Select1st<pair<cISC3BudgetLayer::tDevelopmentCostID const, unsigned int> >, less<cISC3BudgetLayer::tDevelopmentCostID>, allocator<unsigned int> >::insert_unique(pair<cISC3BudgetLayer::tDevelopmentCostID const, unsigned int> const &)
000cb8b4	insert_unique__t8_Rb_tree5ZQ216cISC3BudgetLayer18tDevelopmentCostIDZt4pair2ZCQ216cISC3BudgetLayer18tDevelopmentCostIDZUiZt10_Select1st1Zt4pair2ZCQ216cISC3BudgetLayer18tDevelopmentCostIDZUiZt4less1ZQ216cISC3BudgetLayer18tDevelopmentCostIDZt9allocator1ZUiGt17_Rb_tree_iterator3Zt4pair2ZCQ216cISC3BudgetLayer18tDevelopmentCostIDZUiZRt4pair2ZCQ216cISC3BudgetLayer18tDevelopmentCostIDZUiZPt4pair2ZCQ216cISC3BudgetLayer18tDevelopmentCostIDZUiRCt4pair2ZCQ216cISC3BudgetLayer18tDevelopmentCostIDZUi	_Rb_tree<cISC3BudgetLayer::tDevelopmentCostID, pair<cISC3BudgetLayer::tDevelopmentCostID const, unsigned int>, _Select1st<pair<cISC3BudgetLayer::tDevelopmentCostID const, unsigned int> >, less<cISC3BudgetLayer::tDevelopmentCostID>, allocator<unsigned int> >::insert_unique(_Rb_tree_iterator<pair<cISC3BudgetLayer::tDevelopmentCostID const, unsigned int>, pair<cISC3BudgetLayer::tDevelopmentCostID const, unsigned int> &, pair<cISC3BudgetLayer::tDevelopmentCostID const, unsigned int> *>, pair<cISC3BudgetLayer::tDevelopmentCostID const, unsigned int> const &)
000cba34	_M_insert__t8_Rb_tree5ZUiZt4pair2ZCUiZUiZt10_Select1st1Zt4pair2ZCUiZUiZt4less1ZUiZt9allocator1ZUiP18_Rb_tree_node_baseT1RCt4pair2ZCUiZUi	_Rb_tree<unsigned int, pair<unsigned int const, unsigned int>, _Select1st<pair<unsigned int const, unsigned int> >, less<unsigned int>, allocator<unsigned int> >::_M_insert(_Rb_tree_node_base *, _Rb_tree_node_base *, pair<unsigned int const, unsigned int> const &)
000cbe14	insert_unique__t8_Rb_tree5ZUiZt4pair2ZCUiZUiZt10_Select1st1Zt4pair2ZCUiZUiZt4less1ZUiZt9allocator1ZUiRCt4pair2ZCUiZUi	_Rb_tree<unsigned int, pair<unsigned int const, unsigned int>, _Select1st<pair<unsigned int const, unsigned int> >, less<unsigned int>, allocator<unsigned int> >::insert_unique(pair<unsigned int const, unsigned int> const &)
000cbf04	insert_unique__t8_Rb_tree5ZUiZt4pair2ZCUiZUiZt10_Select1st1Zt4pair2ZCUiZUiZt4less1ZUiZt9allocator1ZUiGt17_Rb_tree_iterator3Zt4pair2ZCUiZUiZRt4pair2ZCUiZUiZPt4pair2ZCUiZUiRCt4pair2ZCUiZUi	_Rb_tree<unsigned int, pair<unsigned int const, unsigned int>, _Select1st<pair<unsigned int const, unsigned int> >, less<unsigned int>, allocator<unsigned int> >::insert_unique(_Rb_tree_iterator<pair<unsigned int const, unsigned int>, pair<unsigned int const, unsigned int> &, pair<unsigned int const, unsigned int> *>, pair<unsigned int const, unsigned int> const &)
000cc084	_M_insert__t8_Rb_tree5ZUiZt4pair2ZCUiZQ215cSC3BudgetLayer14tValveModifierZt10_Select1st1Zt4pair2ZCUiZQ215cSC3BudgetLayer14tValveModifierZt4less1ZUiZt9allocator1ZQ215cSC3BudgetLayer14tValveModifierP18_Rb_tree_node_baseT1RCt4pair2ZCUiZQ215cSC3BudgetLayer14tValveModifier	_Rb_tree<unsigned int, pair<unsigned int const, cSC3BudgetLayer::tValveModifier>, _Select1st<pair<unsigned int const, cSC3BudgetLayer::tValveModifier> >, less<unsigned int>, allocator<cSC3BudgetLayer::tValveModifier> >::_M_insert(_Rb_tree_node_base *, _Rb_tree_node_base *, pair<unsigned int const, cSC3BudgetLayer::tValveModifier> const &)
000cc464	insert_unique__t8_Rb_tree5ZUiZt4pair2ZCUiZQ215cSC3BudgetLayer14tValveModifierZt10_Select1st1Zt4pair2ZCUiZQ215cSC3BudgetLayer14tValveModifierZt4less1ZUiZt9allocator1ZQ215cSC3BudgetLayer14tValveModifierRCt4pair2ZCUiZQ215cSC3BudgetLayer14tValveModifier	_Rb_tree<unsigned int, pair<unsigned int const, cSC3BudgetLayer::tValveModifier>, _Select1st<pair<unsigned int const, cSC3BudgetLayer::tValveModifier> >, less<unsigned int>, allocator<cSC3BudgetLayer::tValveModifier> >::insert_unique(pair<unsigned int const, cSC3BudgetLayer::tValveModifier> const &)
000cc554	insert_unique__t8_Rb_tree5ZUiZt4pair2ZCUiZQ215cSC3BudgetLayer14tValveModifierZt10_Select1st1Zt4pair2ZCUiZQ215cSC3BudgetLayer14tValveModifierZt4less1ZUiZt9allocator1ZQ215cSC3BudgetLayer14tValveModifierGt17_Rb_tree_iterator3Zt4pair2ZCUiZQ215cSC3BudgetLayer14tValveModifierZRt4pair2ZCUiZQ215cSC3BudgetLayer14tValveModifierZPt4pair2ZCUiZQ215cSC3BudgetLayer14tValveModifierRCt4pair2ZCUiZQ215cSC3BudgetLayer14tValveModifier	_Rb_tree<unsigned int, pair<unsigned int const, cSC3BudgetLayer::tValveModifier>, _Select1st<pair<unsigned int const, cSC3BudgetLayer::tValveModifier> >, less<unsigned int>, allocator<cSC3BudgetLayer::tValveModifier> >::insert_unique(_Rb_tree_iterator<pair<unsigned int const, cSC3BudgetLayer::tValveModifier>, pair<unsigned int const, cSC3BudgetLayer::tValveModifier> &, pair<unsigned int const, cSC3BudgetLayer::tValveModifier> *>, pair<unsigned int const, cSC3BudgetLayer::tValveModifier> const &)
000cc6d0	find__t8_Rb_tree5ZUiZt4pair2ZCUiZQ215cSC3BudgetLayer9tLineItemZt10_Select1st1Zt4pair2ZCUiZQ215cSC3BudgetLayer9tLineItemZt4less1ZUiZt9allocator1ZQ215cSC3BudgetLayer9tLineItemRCUi	_Rb_tree<unsigned int, pair<unsigned int const, cSC3BudgetLayer::tLineItem>, _Select1st<pair<unsigned int const, cSC3BudgetLayer::tLineItem> >, less<unsigned int>, allocator<cSC3BudgetLayer::tLineItem> >::find(unsigned int const &)
000cc734	_M_insert__t8_Rb_tree5ZUiZt4pair2ZCUiZQ215cSC3BudgetLayer9tLineItemZt10_Select1st1Zt4pair2ZCUiZQ215cSC3BudgetLayer9tLineItemZt4less1ZUiZt9allocator1ZQ215cSC3BudgetLayer9tLineItemP18_Rb_tree_node_baseT1RCt4pair2ZCUiZQ215cSC3BudgetLayer9tLineItem	_Rb_tree<unsigned int, pair<unsigned int const, cSC3BudgetLayer::tLineItem>, _Select1st<pair<unsigned int const, cSC3BudgetLayer::tLineItem> >, less<unsigned int>, allocator<cSC3BudgetLayer::tLineItem> >::_M_insert(_Rb_tree_node_base *, _Rb_tree_node_base *, pair<unsigned int const, cSC3BudgetLayer::tLineItem> const &)
000cca04	insert_unique__t8_Rb_tree5ZUiZt4pair2ZCUiZQ215cSC3BudgetLayer9tLineItemZt10_Select1st1Zt4pair2ZCUiZQ215cSC3BudgetLayer9tLineItemZt4less1ZUiZt9allocator1ZQ215cSC3BudgetLayer9tLineItemRCt4pair2ZCUiZQ215cSC3BudgetLayer9tLineItem	_Rb_tree<unsigned int, pair<unsigned int const, cSC3BudgetLayer::tLineItem>, _Select1st<pair<unsigned int const, cSC3BudgetLayer::tLineItem> >, less<unsigned int>, allocator<cSC3BudgetLayer::tLineItem> >::insert_unique(pair<unsigned int const, cSC3BudgetLayer::tLineItem> const &)
000ccaf4	insert_unique__t8_Rb_tree5ZUiZt4pair2ZCUiZQ215cSC3BudgetLayer9tLineItemZt10_Select1st1Zt4pair2ZCUiZQ215cSC3BudgetLayer9tLineItemZt4less1ZUiZt9allocator1ZQ215cSC3BudgetLayer9tLineItemGt17_Rb_tree_iterator3Zt4pair2ZCUiZQ215cSC3BudgetLayer9tLineItemZRt4pair2ZCUiZQ215cSC3BudgetLayer9tLineItemZPt4pair2ZCUiZQ215cSC3BudgetLayer9tLineItemRCt4pair2ZCUiZQ215cSC3BudgetLayer9tLineItem	_Rb_tree<unsigned int, pair<unsigned int const, cSC3BudgetLayer::tLineItem>, _Select1st<pair<unsigned int const, cSC3BudgetLayer::tLineItem> >, less<unsigned int>, allocator<cSC3BudgetLayer::tLineItem> >::insert_unique(_Rb_tree_iterator<pair<unsigned int const, cSC3BudgetLayer::tLineItem>, pair<unsigned int const, cSC3BudgetLayer::tLineItem> &, pair<unsigned int const, cSC3BudgetLayer::tLineItem> *>, pair<unsigned int const, cSC3BudgetLayer::tLineItem> const &)
000ccc70	find__t8_Rb_tree5ZUiZt4pair2ZCUiZUiZt10_Select1st1Zt4pair2ZCUiZUiZt4less1ZUiZt9allocator1ZUiRCUi	_Rb_tree<unsigned int, pair<unsigned int const, unsigned int>, _Select1st<pair<unsigned int const, unsigned int> >, less<unsigned int>, allocator<unsigned int> >::find(unsigned int const &)
000cccd0	__thunk_4__._28cSC3MonthlyBudgetManipulator	virtual function thunk (delta:-4) for cSC3MonthlyBudgetManipulator::~cSC3MonthlyBudgetManipulator(void)
000cccec	__thunk_4_Release__28cSC3MonthlyBudgetManipulator	virtual function thunk (delta:-4) for cSC3MonthlyBudgetManipulator::Release(void)
000ccd08	__thunk_4_AddRef__28cSC3MonthlyBudgetManipulator	virtual function thunk (delta:-4) for cSC3MonthlyBudgetManipulator::AddRef(void)
000ccd24	__thunk_8__._15cSC3BudgetLayer	virtual function thunk (delta:-8) for cSC3BudgetLayer::~cSC3BudgetLayer(void)
000ccd40	__thunk_8_Release__15cSC3BudgetLayer	virtual function thunk (delta:-8) for cSC3BudgetLayer::Release(void)
000ccd5c	__thunk_8_AddRef__15cSC3BudgetLayer	virtual function thunk (delta:-8) for cSC3BudgetLayer::AddRef(void)
000ccd78	__thunk_4_QueryInterface__15cSC3BudgetLayerUiPPv	virtual function thunk (delta:-4) for cSC3BudgetLayer::QueryInterface(unsigned int, void **)
000ccd94	__thunk_4_AddRef__15cSC3BudgetLayer	virtual function thunk (delta:-4) for cSC3BudgetLayer::AddRef(void)
000ccdb0	__thunk_4_Release__15cSC3BudgetLayer	virtual function thunk (delta:-4) for cSC3BudgetLayer::Release(void)
000ccdcc	__thunk_4_DoMessage__15cSC3BudgetLayerR10cGZMessage	virtual function thunk (delta:-4) for cSC3BudgetLayer::DoMessage(cGZMessage &)
000ccde8	__thunk_4_DoQueryInfo__15cSC3BudgetLayerR10cGZMessageP11cIGZUnknown	virtual function thunk (delta:-4) for cSC3BudgetLayer::DoQueryInfo(cGZMessage &, cIGZUnknown *)
000cce04	__thunk_4_StaticInit__15cSC3BudgetLayerP19cISC3CityDefinition	virtual function thunk (delta:-4) for cSC3BudgetLayer::StaticInit(cISC3CityDefinition *)
000cce20	__thunk_4_StaticShutdown__15cSC3BudgetLayer	virtual function thunk (delta:-4) for cSC3BudgetLayer::StaticShutdown(void)
000cce3c	__thunk_4_Init__15cSC3BudgetLayerP9cISC3City	virtual function thunk (delta:-4) for cSC3BudgetLayer::Init(cISC3City *)
000cce58	__thunk_4_Init__15cSC3BudgetLayerP9cISC3CityP13cISC2Importer	virtual function thunk (delta:-4) for cSC3BudgetLayer::Init(cISC3City *, cISC2Importer *)
000cce74	__thunk_4_Init__15cSC3BudgetLayerP9cISC3CityP13cIGZDBSegment	virtual function thunk (delta:-4) for cSC3BudgetLayer::Init(cISC3City *, cIGZDBSegment *)
000cce90	__thunk_4_Save__15cSC3BudgetLayerP9cISC3CityP13cIGZDBSegment	virtual function thunk (delta:-4) for cSC3BudgetLayer::Save(cISC3City *, cIGZDBSegment *)
000cceac	__thunk_4_SimulationBegin__15cSC3BudgetLayer	virtual function thunk (delta:-4) for cSC3BudgetLayer::SimulationBegin(void)
000ccec8	__thunk_4_SimulationEnd__15cSC3BudgetLayer	virtual function thunk (delta:-4) for cSC3BudgetLayer::SimulationEnd(void)
000ccee4	__thunk_4_Shutdown__15cSC3BudgetLayer	virtual function thunk (delta:-4) for cSC3BudgetLayer::Shutdown(void)
000ccf00	__thunk_4_GetManipulator__15cSC3BudgetLayerRC18cISC3CityAgentTypePP25cISC3CityLayerManipulatorRi	virtual function thunk (delta:-4) for cSC3BudgetLayer::GetManipulator(cISC3CityAgentType const &, cISC3CityLayerManipulator **, int &)
000ccf1c	__thunk_4_GetLayerType__15cSC3BudgetLayer	virtual function thunk (delta:-4) for cSC3BudgetLayer::GetLayerType(void)
000ccf38	__thunk_4_DebugClassTag__15cSC3BudgetLayerR10cIGZString	virtual function thunk (delta:-4) for cSC3BudgetLayer::DebugClassTag(cIGZString &)
000ccf54	__thunk_4_DebugTypeTag__15cSC3BudgetLayerR10cIGZString	virtual function thunk (delta:-4) for cSC3BudgetLayer::DebugTypeTag(cIGZString &)
000ccf74	_._t3map4ZUiZUiZt4less1ZUiZt9allocator1ZUi	map<unsigned int, unsigned int, less<unsigned int>, allocator<unsigned int> >::~map(void)
000cd01c	_._t3map4ZQ216cISC3BudgetLayer18tDevelopmentCostIDZUiZt4less1ZQ216cISC3BudgetLayer18tDevelopmentCostIDZt9allocator1ZUi	map<cISC3BudgetLayer::tDevelopmentCostID, unsigned int, less<cISC3BudgetLayer::tDevelopmentCostID>, allocator<unsigned int> >::~map(void)
000cd0c4	_M_erase__t8_Rb_tree5ZUiZt4pair2ZCUiZQ215cSC3BudgetLayer14tValveModifierZt10_Select1st1Zt4pair2ZCUiZQ215cSC3BudgetLayer14tValveModifierZt4less1ZUiZt9allocator1ZQ215cSC3BudgetLayer14tValveModifierPt13_Rb_tree_node1Zt4pair2ZCUiZQ215cSC3BudgetLayer14tValveModifier	_Rb_tree<unsigned int, pair<unsigned int const, cSC3BudgetLayer::tValveModifier>, _Select1st<pair<unsigned int const, cSC3BudgetLayer::tValveModifier> >, less<unsigned int>, allocator<cSC3BudgetLayer::tValveModifier> >::_M_erase(_Rb_tree_node<pair<unsigned int const, cSC3BudgetLayer::tValveModifier> > *)
000cd140	_._t3map4ZUiZQ215cSC3BudgetLayer14tValveModifierZt4less1ZUiZt9allocator1ZQ215cSC3BudgetLayer14tValveModifier	map<unsigned int, cSC3BudgetLayer::tValveModifier, less<unsigned int>, allocator<cSC3BudgetLayer::tValveModifier> >::~map(void)
000cd1e8	_._t3map4ZUiZQ215cSC3BudgetLayer9tLineItemZt4less1ZUiZt9allocator1ZQ215cSC3BudgetLayer9tLineItem	map<unsigned int, cSC3BudgetLayer::tLineItem, less<unsigned int>, allocator<cSC3BudgetLayer::tLineItem> >::~map(void)
000cd264	_S_oom_malloc__t23__malloc_alloc_template1i0Ui	__malloc_alloc_template<0>::_S_oom_malloc(unsigned int)
000cd2e4	_S_refill__t24__default_alloc_template2b1i0Ui	__default_alloc_template<true, 0>::_S_refill(unsigned int)
000cd370	lower_bound__t8_Rb_tree5ZQ216cISC3BudgetLayer18tDevelopmentCostIDZt4pair2ZCQ216cISC3BudgetLayer18tDevelopmentCostIDZUiZt10_Select1st1Zt4pair2ZCQ216cISC3BudgetLayer18tDevelopmentCostIDZUiZt4less1ZQ216cISC3BudgetLayer18tDevelopmentCostIDZt9allocator1ZUiRCQ216cISC3BudgetLayer18tDevelopmentCostID	_Rb_tree<cISC3BudgetLayer::tDevelopmentCostID, pair<cISC3BudgetLayer::tDevelopmentCostID const, unsigned int>, _Select1st<pair<cISC3BudgetLayer::tDevelopmentCostID const, unsigned int> >, less<cISC3BudgetLayer::tDevelopmentCostID>, allocator<unsigned int> >::lower_bound(cISC3BudgetLayer::tDevelopmentCostID const &)
000cd3b0	lower_bound__t8_Rb_tree5ZUiZt4pair2ZCUiZUiZt10_Select1st1Zt4pair2ZCUiZUiZt4less1ZUiZt9allocator1ZUiRCUi	_Rb_tree<unsigned int, pair<unsigned int const, unsigned int>, _Select1st<pair<unsigned int const, unsigned int> >, less<unsigned int>, allocator<unsigned int> >::lower_bound(unsigned int const &)
000cd3f0	lower_bound__t8_Rb_tree5ZUiZt4pair2ZCUiZQ215cSC3BudgetLayer14tValveModifierZt10_Select1st1Zt4pair2ZCUiZQ215cSC3BudgetLayer14tValveModifierZt4less1ZUiZt9allocator1ZQ215cSC3BudgetLayer14tValveModifierRCUi	_Rb_tree<unsigned int, pair<unsigned int const, cSC3BudgetLayer::tValveModifier>, _Select1st<pair<unsigned int const, cSC3BudgetLayer::tValveModifier> >, less<unsigned int>, allocator<cSC3BudgetLayer::tValveModifier> >::lower_bound(unsigned int const &)
000cd430	lower_bound__t8_Rb_tree5ZUiZt4pair2ZCUiZQ215cSC3BudgetLayer9tLineItemZt10_Select1st1Zt4pair2ZCUiZQ215cSC3BudgetLayer9tLineItemZt4less1ZUiZt9allocator1ZQ215cSC3BudgetLayer9tLineItemRCUi	_Rb_tree<unsigned int, pair<unsigned int const, cSC3BudgetLayer::tLineItem>, _Select1st<pair<unsigned int const, cSC3BudgetLayer::tLineItem> >, less<unsigned int>, allocator<cSC3BudgetLayer::tLineItem> >::lower_bound(unsigned int const &)
000cd468	__thunk_8_QueryInterface__28cSC3BusinessDealBuildingAnimUiPPv	virtual function thunk (delta:-8) for cSC3BusinessDealBuildingAnim::QueryInterface(unsigned int, void **)
000cd484	__thunk_8_AddRef__28cSC3BusinessDealBuildingAnim	virtual function thunk (delta:-8) for cSC3BusinessDealBuildingAnim::AddRef(void)
000cd4a0	__thunk_8_Release__28cSC3BusinessDealBuildingAnim	virtual function thunk (delta:-8) for cSC3BusinessDealBuildingAnim::Release(void)
000cd4bc	__thunk_8_DoMessage__12cSC3BuildingR10cGZMessage	virtual function thunk (delta:-8) for cSC3Building::DoMessage(cGZMessage &)
000cd4d8	__thunk_8_DoQueryInfo__12cSC3BuildingR10cGZMessageP11cIGZUnknown	virtual function thunk (delta:-8) for cSC3Building::DoQueryInfo(cGZMessage &, cIGZUnknown *)
000cd4f4	__thunk_8_Init__12cSC3BuildingP19cISC3OccupantAttrib	virtual function thunk (delta:-8) for cSC3Building::Init(cISC3OccupantAttrib *)
000cd510	__thunk_8_Init__12cSC3BuildingR14cGZResourceKey	virtual function thunk (delta:-8) for cSC3Building::Init(cGZResourceKey &)
000cd52c	__thunk_8_Init__12cSC3BuildingP9cISC3CityP19cISC3OccPersistInfo	virtual function thunk (delta:-8) for cSC3Building::Init(cISC3City *, cISC3OccPersistInfo *)
000cd548	__thunk_8_Shutdown__12cSC3Building	virtual function thunk (delta:-8) for cSC3Building::Shutdown(void)
000cd564	__thunk_8_Save__12cSC3BuildingP9cISC3CityR19cISC3OccPersistInfo	virtual function thunk (delta:-8) for cSC3Building::Save(cISC3City *, cISC3OccPersistInfo &)
000cd580	__thunk_8_GetGeomFlag__28cSC3BusinessDealBuildingAnim	virtual function thunk (delta:-8) for cSC3BusinessDealBuildingAnim::GetGeomFlag(void)
000cd59c	__thunk_8_AnimType__C22cSC3BuildingStaticAnim	virtual function thunk (delta:-8) for cSC3BuildingStaticAnim::AnimType(void) const
000cd5b8	__thunk_8_AnimStart__22cSC3BuildingStaticAnim	virtual function thunk (delta:-8) for cSC3BuildingStaticAnim::AnimStart(void)
000cd5d4	__thunk_8_AnimStop__22cSC3BuildingStaticAnim	virtual function thunk (delta:-8) for cSC3BuildingStaticAnim::AnimStop(void)
000cd5f0	__thunk_8_GetName__12cSC3BuildingR10cIGZString	virtual function thunk (delta:-8) for cSC3Building::GetName(cIGZString &)
000cd60c	__thunk_8_GetAttribData__12cSC3Building	virtual function thunk (delta:-8) for cSC3Building::GetAttribData(void)
000cd628	__thunk_8_TypeId__C12cSC3Building	virtual function thunk (delta:-8) for cSC3Building::TypeId(void) const
000cd644	__thunk_8_GetSpriteAttrib__12cSC3BuildingUi	virtual function thunk (delta:-8) for cSC3Building::GetSpriteAttrib(unsigned int)
000cd660	__thunk_8_GetSpriteAttrib__12cSC3Building	virtual function thunk (delta:-8) for cSC3Building::GetSpriteAttrib(void)
000cd67c	__thunk_8_Tick__22cSC3BuildingStaticAnimUi	virtual function thunk (delta:-8) for cSC3BuildingStaticAnim::Tick(unsigned int)
000cd698	__thunk_8_GetMemUse__C12cSC3Building	virtual function thunk (delta:-8) for cSC3Building::GetMemUse(void) const
000cd6b4	__thunk_8_DebugInstanceTag__12cSC3BuildingR10cIGZString	virtual function thunk (delta:-8) for cSC3Building::DebugInstanceTag(cIGZString &)
000cd6d0	__thunk_8_DebugClassTag__12cSC3BuildingR10cIGZString	virtual function thunk (delta:-8) for cSC3Building::DebugClassTag(cIGZString &)
000cd6ec	__thunk_8_DebugTypeTag__12cSC3BuildingR10cIGZString	virtual function thunk (delta:-8) for cSC3Building::DebugTypeTag(cIGZString &)
000cd708	__thunk_8_DoQueryViews__28cSC3BusinessDealBuildingAnimR10cGZMessageP13cISC3WinQuery	virtual function thunk (delta:-8) for cSC3BusinessDealBuildingAnim::DoQueryViews(cGZMessage &, cISC3WinQuery *)
000cd724	__thunk_8_DoStandardQueryViewInfo__10cSC3CasinoR10cGZMessageP21cISC3WinQueryListView	virtual function thunk (delta:-8) for cSC3Casino::DoStandardQueryViewInfo(cGZMessage &, cISC3WinQueryListView *)
000cd740	__thunk_8_DoDebugQueryViewInfo__12cSC3BuildingR10cGZMessageP21cISC3WinQueryListView	virtual function thunk (delta:-8) for cSC3Building::DoDebugQueryViewInfo(cGZMessage &, cISC3WinQueryListView *)
000cd75c	__thunk_8_DoExitQueryWindow__12cSC3BuildingR10cGZMessageP13cISC3WinQuery	virtual function thunk (delta:-8) for cSC3Building::DoExitQueryWindow(cGZMessage &, cISC3WinQuery *)
000cd778	__thunk_8_SerialRead__12cSC3BuildingP9cISC3CityR18cIGZDBSerialRecord	virtual function thunk (delta:-8) for cSC3Building::SerialRead(cISC3City *, cIGZDBSerialRecord &)
000cd794	__thunk_8_SerialWrite__12cSC3BuildingP9cISC3CityR18cIGZDBSerialRecord	virtual function thunk (delta:-8) for cSC3Building::SerialWrite(cISC3City *, cIGZDBSerialRecord &)
000cd7b0	__thunk_8__._10cSC3Casino	virtual function thunk (delta:-8) for cSC3Casino::~cSC3Casino(void)
000cd7cc	__thunk_8_QueryInterface__24cSC3BusinessDealBuildingUiPPv	virtual function thunk (delta:-8) for cSC3BusinessDealBuilding::QueryInterface(unsigned int, void **)
000cd7e8	__thunk_8_AddRef__24cSC3BusinessDealBuilding	virtual function thunk (delta:-8) for cSC3BusinessDealBuilding::AddRef(void)
000cd804	__thunk_8_Release__24cSC3BusinessDealBuilding	virtual function thunk (delta:-8) for cSC3BusinessDealBuilding::Release(void)
000cd820	__thunk_8_GetGeomFlag__24cSC3BusinessDealBuilding	virtual function thunk (delta:-8) for cSC3BusinessDealBuilding::GetGeomFlag(void)
000cd83c	__thunk_8_DoQueryViews__24cSC3BusinessDealBuildingR10cGZMessageP13cISC3WinQuery	virtual function thunk (delta:-8) for cSC3BusinessDealBuilding::DoQueryViews(cGZMessage &, cISC3WinQuery *)
000cd858	__thunk_8_DoStandardQueryViewInfo__12cSC3GigamallR10cGZMessageP21cISC3WinQueryListView	virtual function thunk (delta:-8) for cSC3Gigamall::DoStandardQueryViewInfo(cGZMessage &, cISC3WinQueryListView *)
000cd874	__thunk_8__._12cSC3Gigamall	virtual function thunk (delta:-8) for cSC3Gigamall::~cSC3Gigamall(void)
000cd890	__thunk_8_DoStandardQueryViewInfo__25cSC3MaximumSecurityPrisonR10cGZMessageP21cISC3WinQueryListView	virtual function thunk (delta:-8) for cSC3MaximumSecurityPrison::DoStandardQueryViewInfo(cGZMessage &, cISC3WinQueryListView *)
000cd8ac	__thunk_8__._25cSC3MaximumSecurityPrison	virtual function thunk (delta:-8) for cSC3MaximumSecurityPrison::~cSC3MaximumSecurityPrison(void)
000cd8c8	__thunk_8_DoStandardQueryViewInfo__19cSC3ToxicWastePlantR10cGZMessageP21cISC3WinQueryListView	virtual function thunk (delta:-8) for cSC3ToxicWastePlant::DoStandardQueryViewInfo(cGZMessage &, cISC3WinQueryListView *)
000cd8e4	__thunk_8__._19cSC3ToxicWastePlant	virtual function thunk (delta:-8) for cSC3ToxicWastePlant::~cSC3ToxicWastePlant(void)
000cd900	__thunk_4_QueryInterface__28cSC3BusinessDealBuildingAnimUiPPv	virtual function thunk (delta:-4) for cSC3BusinessDealBuildingAnim::QueryInterface(unsigned int, void **)
000cd91c	__thunk_4_AddRef__28cSC3BusinessDealBuildingAnim	virtual function thunk (delta:-4) for cSC3BusinessDealBuildingAnim::AddRef(void)
000cd938	__thunk_4_Release__28cSC3BusinessDealBuildingAnim	virtual function thunk (delta:-4) for cSC3BusinessDealBuildingAnim::Release(void)
000cd954	__thunk_4_Simulate__12cSC3Buildingi	virtual function thunk (delta:-4) for cSC3Building::Simulate(int)
000cd970	__thunk_4_MinimumExecutionInterval__12cSC3Building	virtual function thunk (delta:-4) for cSC3Building::MinimumExecutionInterval(void)
000cd98c	__thunk_4_IsAgentLocking__12cSC3Building	virtual function thunk (delta:-4) for cSC3Building::IsAgentLocking(void)
000cd9a8	__thunk_4_TypeId__C12cSC3Building	virtual function thunk (delta:-4) for cSC3Building::TypeId(void) const
000cd9c4	__thunk_4_AgentType__12cSC3Building	virtual function thunk (delta:-4) for cSC3Building::AgentType(void)
000cd9e0	__thunk_4_SetAgentType__12cSC3BuildingP18cISC3CityAgentType	virtual function thunk (delta:-4) for cSC3Building::SetAgentType(cISC3CityAgentType *)
000cd9fc	__thunk_4_DebugInstanceTag__12cSC3BuildingR10cIGZString	virtual function thunk (delta:-4) for cSC3Building::DebugInstanceTag(cIGZString &)
000cda18	__thunk_4_DebugClassTag__12cSC3BuildingR10cIGZString	virtual function thunk (delta:-4) for cSC3Building::DebugClassTag(cIGZString &)
000cda34	__thunk_4_DebugTypeTag__12cSC3BuildingR10cIGZString	virtual function thunk (delta:-4) for cSC3Building::DebugTypeTag(cIGZString &)
000cda50	__thunk_8_DoStandardQueryViewInfo__28cSC3BusinessDealBuildingAnimR10cGZMessageP21cISC3WinQueryListView	virtual function thunk (delta:-8) for cSC3BusinessDealBuildingAnim::DoStandardQueryViewInfo(cGZMessage &, cISC3WinQueryListView *)
000cda6c	__thunk_8__._28cSC3BusinessDealBuildingAnim	virtual function thunk (delta:-8) for cSC3BusinessDealBuildingAnim::~cSC3BusinessDealBuildingAnim(void)
000cda88	__thunk_44_QueryInterface__28cSC3BusinessDealBuildingAnimUiPPv	virtual function thunk (delta:-44) for cSC3BusinessDealBuildingAnim::QueryInterface(unsigned int, void **)
000cdaa4	__thunk_44_AddRef__28cSC3BusinessDealBuildingAnim	virtual function thunk (delta:-44) for cSC3BusinessDealBuildingAnim::AddRef(void)
000cdac0	__thunk_44_Release__28cSC3BusinessDealBuildingAnim	virtual function thunk (delta:-44) for cSC3BusinessDealBuildingAnim::Release(void)
000cdadc	__thunk_44_AsISC3Occupant__28cSC3BusinessDealBuildingAnim	virtual function thunk (delta:-44) for cSC3BusinessDealBuildingAnim::AsISC3Occupant(void)
000cdaf8	__thunk_44_AsISC3Building__28cSC3BusinessDealBuildingAnim	virtual function thunk (delta:-44) for cSC3BusinessDealBuildingAnim::AsISC3Building(void)
000cdb14	__thunk_44_AsISC3CityAgent__28cSC3BusinessDealBuildingAnim	virtual function thunk (delta:-44) for cSC3BusinessDealBuildingAnim::AsISC3CityAgent(void)
000cdb30	__thunk_44_IsServedByCity__28cSC3BusinessDealBuildingAnim	virtual function thunk (delta:-44) for cSC3BusinessDealBuildingAnim::IsServedByCity(void)
000cdb4c	__thunk_4_QueryInterface__24cSC3BusinessDealBuildingUiPPv	virtual function thunk (delta:-4) for cSC3BusinessDealBuilding::QueryInterface(unsigned int, void **)
000cdb68	__thunk_4_AddRef__24cSC3BusinessDealBuilding	virtual function thunk (delta:-4) for cSC3BusinessDealBuilding::AddRef(void)
000cdb84	__thunk_4_Release__24cSC3BusinessDealBuilding	virtual function thunk (delta:-4) for cSC3BusinessDealBuilding::Release(void)
000cdba0	__thunk_8_DoStandardQueryViewInfo__24cSC3BusinessDealBuildingR10cGZMessageP21cISC3WinQueryListView	virtual function thunk (delta:-8) for cSC3BusinessDealBuilding::DoStandardQueryViewInfo(cGZMessage &, cISC3WinQueryListView *)
000cdbbc	__thunk_8__._24cSC3BusinessDealBuilding	virtual function thunk (delta:-8) for cSC3BusinessDealBuilding::~cSC3BusinessDealBuilding(void)
000cdbd8	__thunk_44_QueryInterface__24cSC3BusinessDealBuildingUiPPv	virtual function thunk (delta:-44) for cSC3BusinessDealBuilding::QueryInterface(unsigned int, void **)
000cdbf4	__thunk_44_AddRef__24cSC3BusinessDealBuilding	virtual function thunk (delta:-44) for cSC3BusinessDealBuilding::AddRef(void)
000cdc10	__thunk_44_Release__24cSC3BusinessDealBuilding	virtual function thunk (delta:-44) for cSC3BusinessDealBuilding::Release(void)
000cdc2c	__thunk_44_AsISC3Occupant__24cSC3BusinessDealBuilding	virtual function thunk (delta:-44) for cSC3BusinessDealBuilding::AsISC3Occupant(void)
000cdc48	__thunk_44_AsISC3Building__24cSC3BusinessDealBuilding	virtual function thunk (delta:-44) for cSC3BusinessDealBuilding::AsISC3Building(void)
000cdc64	__thunk_44_AsISC3CityAgent__24cSC3BusinessDealBuilding	virtual function thunk (delta:-44) for cSC3BusinessDealBuilding::AsISC3CityAgent(void)
000cdc80	__thunk_44_IsServedByCity__24cSC3BusinessDealBuilding	virtual function thunk (delta:-44) for cSC3BusinessDealBuilding::IsServedByCity(void)
000cdc9c	__thunk_4__._20cSC3CmdShowBudgetWin	virtual function thunk (delta:-4) for cSC3CmdShowBudgetWin::~cSC3CmdShowBudgetWin(void)
000cdcb8	__thunk_4_Release__14cRZGameCommand	virtual function thunk (delta:-4) for cRZGameCommand::Release(void)
000cdcd4	__thunk_4_AddRef__14cRZGameCommand	virtual function thunk (delta:-4) for cRZGameCommand::AddRef(void)
000cdcf4	_._20cSC3CmdShowBudgetWin	cSC3CmdShowBudgetWin::~cSC3CmdShowBudgetWin(void)
000cdd34	_._21cSC3CmdSimMiscFactory	cSC3CmdSimMiscFactory::~cSC3CmdSimMiscFactory(void)
000cdd60	__thunk_8_QueryInterface__11cSC3MiscOccUiPPv	virtual function thunk (delta:-8) for cSC3MiscOcc::QueryInterface(unsigned int, void **)
000cdd7c	__thunk_8_AddRef__11cSC3MiscOcc	virtual function thunk (delta:-8) for cSC3MiscOcc::AddRef(void)
000cdd98	__thunk_8_Release__11cSC3MiscOcc	virtual function thunk (delta:-8) for cSC3MiscOcc::Release(void)
000cddb4	__thunk_8_Init__11cSC3MiscOccP19cISC3OccupantAttrib	virtual function thunk (delta:-8) for cSC3MiscOcc::Init(cISC3OccupantAttrib *)
000cddd0	__thunk_8_GetGeomFlag__11cSC3MiscOcc	virtual function thunk (delta:-8) for cSC3MiscOcc::GetGeomFlag(void)
000cddec	__thunk_8_GetName__11cSC3MiscOccR10cIGZString	virtual function thunk (delta:-8) for cSC3MiscOcc::GetName(cIGZString &)
000cde08	__thunk_8_DoQueryViews__11cSC3MiscOccR10cGZMessageP13cISC3WinQuery	virtual function thunk (delta:-8) for cSC3MiscOcc::DoQueryViews(cGZMessage &, cISC3WinQuery *)
000cde24	__thunk_8_DoStandardQueryViewInfo__16cSC3EasterCastleR10cGZMessageP21cISC3WinQueryListView	virtual function thunk (delta:-8) for cSC3EasterCastle::DoStandardQueryViewInfo(cGZMessage &, cISC3WinQueryListView *)
000cde40	__thunk_8_DoExitQueryWindow__11cSC3MiscOccR10cGZMessageP13cISC3WinQuery	virtual function thunk (delta:-8) for cSC3MiscOcc::DoExitQueryWindow(cGZMessage &, cISC3WinQuery *)
000cde5c	__thunk_8__._16cSC3EasterCastle	virtual function thunk (delta:-8) for cSC3EasterCastle::~cSC3EasterCastle(void)
000cde78	__thunk_8_QueryInterface__15cSC3MiscOccAnimUiPPv	virtual function thunk (delta:-8) for cSC3MiscOccAnim::QueryInterface(unsigned int, void **)
000cde94	__thunk_8_AddRef__15cSC3MiscOccAnim	virtual function thunk (delta:-8) for cSC3MiscOccAnim::AddRef(void)
000cdeb0	__thunk_8_Release__15cSC3MiscOccAnim	virtual function thunk (delta:-8) for cSC3MiscOccAnim::Release(void)
000cdecc	__thunk_8_Init__15cSC3MiscOccAnimP19cISC3OccupantAttrib	virtual function thunk (delta:-8) for cSC3MiscOccAnim::Init(cISC3OccupantAttrib *)
000cdee8	__thunk_8_GetGeomFlag__14cSC3University	virtual function thunk (delta:-8) for cSC3University::GetGeomFlag(void)
000cdf04	__thunk_8_GetName__15cSC3MiscOccAnimR10cIGZString	virtual function thunk (delta:-8) for cSC3MiscOccAnim::GetName(cIGZString &)
000cdf20	__thunk_8_DoQueryViews__15cSC3MiscOccAnimR10cGZMessageP13cISC3WinQuery	virtual function thunk (delta:-8) for cSC3MiscOccAnim::DoQueryViews(cGZMessage &, cISC3WinQuery *)
000cdf3c	__thunk_8_DoStandardQueryViewInfo__14cSC3UniversityR10cGZMessageP21cISC3WinQueryListView	virtual function thunk (delta:-8) for cSC3University::DoStandardQueryViewInfo(cGZMessage &, cISC3WinQueryListView *)
000cdf58	__thunk_8_DoExitQueryWindow__15cSC3MiscOccAnimR10cGZMessageP13cISC3WinQuery	virtual function thunk (delta:-8) for cSC3MiscOccAnim::DoExitQueryWindow(cGZMessage &, cISC3WinQuery *)
000cdf74	__thunk_8__._14cSC3University	virtual function thunk (delta:-8) for cSC3University::~cSC3University(void)
000cdf90	__thunk_8_DoStandardQueryViewInfo__20cSC3LandmarkBuildingR10cGZMessageP21cISC3WinQueryListView	virtual function thunk (delta:-8) for cSC3LandmarkBuilding::DoStandardQueryViewInfo(cGZMessage &, cISC3WinQueryListView *)
000cdfac	__thunk_8__._20cSC3LandmarkBuilding	virtual function thunk (delta:-8) for cSC3LandmarkBuilding::~cSC3LandmarkBuilding(void)
000cdfc8	__thunk_8_GetGeomFlag__13cSC3ThemePark	virtual function thunk (delta:-8) for cSC3ThemePark::GetGeomFlag(void)
000cdfe4	__thunk_8_DoStandardQueryViewInfo__13cSC3ThemeParkR10cGZMessageP21cISC3WinQueryListView	virtual function thunk (delta:-8) for cSC3ThemePark::DoStandardQueryViewInfo(cGZMessage &, cISC3WinQueryListView *)
000ce000	__thunk_8__._13cSC3ThemePark	virtual function thunk (delta:-8) for cSC3ThemePark::~cSC3ThemePark(void)
000ce01c	__thunk_8_DoStandardQueryViewInfo__15cSC3CountryClubR10cGZMessageP21cISC3WinQueryListView	virtual function thunk (delta:-8) for cSC3CountryClub::DoStandardQueryViewInfo(cGZMessage &, cISC3WinQueryListView *)
000ce038	__thunk_8__._15cSC3CountryClub	virtual function thunk (delta:-8) for cSC3CountryClub::~cSC3CountryClub(void)
000ce054	__thunk_8_GetGeomFlag__15cSC3MiscOccAnim	virtual function thunk (delta:-8) for cSC3MiscOccAnim::GetGeomFlag(void)
000ce070	__thunk_8_DoStandardQueryViewInfo__14cSC3LighthouseR10cGZMessageP21cISC3WinQueryListView	virtual function thunk (delta:-8) for cSC3Lighthouse::DoStandardQueryViewInfo(cGZMessage &, cISC3WinQueryListView *)
000ce08c	__thunk_8__._14cSC3Lighthouse	virtual function thunk (delta:-8) for cSC3Lighthouse::~cSC3Lighthouse(void)
000ce0a8	__thunk_8_DoStandardQueryViewInfo__14cSC3GeyserParkR10cGZMessageP21cISC3WinQueryListView	virtual function thunk (delta:-8) for cSC3GeyserPark::DoStandardQueryViewInfo(cGZMessage &, cISC3WinQueryListView *)
000ce0c4	__thunk_8__._14cSC3GeyserPark	virtual function thunk (delta:-8) for cSC3GeyserPark::~cSC3GeyserPark(void)
000ce0e0	__thunk_8_DoStandardQueryViewInfo__21cSC3DefenseContractorR10cGZMessageP21cISC3WinQueryListView	virtual function thunk (delta:-8) for cSC3DefenseContractor::DoStandardQueryViewInfo(cGZMessage &, cISC3WinQueryListView *)
000ce0fc	__thunk_8__._21cSC3DefenseContractor	virtual function thunk (delta:-8) for cSC3DefenseContractor::~cSC3DefenseContractor(void)
000ce118	__thunk_8_GetGeomFlag__16cSC3MilitaryBase	virtual function thunk (delta:-8) for cSC3MilitaryBase::GetGeomFlag(void)
000ce134	__thunk_8_DoStandardQueryViewInfo__16cSC3MilitaryBaseR10cGZMessageP21cISC3WinQueryListView	virtual function thunk (delta:-8) for cSC3MilitaryBase::DoStandardQueryViewInfo(cGZMessage &, cISC3WinQueryListView *)
000ce150	__thunk_8__._16cSC3MilitaryBase	virtual function thunk (delta:-8) for cSC3MilitaryBase::~cSC3MilitaryBase(void)
000ce16c	__thunk_8_DoStandardQueryViewInfo__24cSC3PerformingArtsCenterR10cGZMessageP21cISC3WinQueryListView	virtual function thunk (delta:-8) for cSC3PerformingArtsCenter::DoStandardQueryViewInfo(cGZMessage &, cISC3WinQueryListView *)
000ce188	__thunk_8__._24cSC3PerformingArtsCenter	virtual function thunk (delta:-8) for cSC3PerformingArtsCenter::~cSC3PerformingArtsCenter(void)
000ce1a4	__thunk_8_DoStandardQueryViewInfo__17cSC3ScienceCenterR10cGZMessageP21cISC3WinQueryListView	virtual function thunk (delta:-8) for cSC3ScienceCenter::DoStandardQueryViewInfo(cGZMessage &, cISC3WinQueryListView *)
000ce1c0	__thunk_8__._17cSC3ScienceCenter	virtual function thunk (delta:-8) for cSC3ScienceCenter::~cSC3ScienceCenter(void)
000ce1dc	__thunk_8_DoStandardQueryViewInfo__25cSC3MedicalResearchCenterR10cGZMessageP21cISC3WinQueryListView	virtual function thunk (delta:-8) for cSC3MedicalResearchCenter::DoStandardQueryViewInfo(cGZMessage &, cISC3WinQueryListView *)
000ce1f8	__thunk_8__._25cSC3MedicalResearchCenter	virtual function thunk (delta:-8) for cSC3MedicalResearchCenter::~cSC3MedicalResearchCenter(void)
000ce214	__thunk_8_DoStandardQueryViewInfo__14cSC3CourthouseR10cGZMessageP21cISC3WinQueryListView	virtual function thunk (delta:-8) for cSC3Courthouse::DoStandardQueryViewInfo(cGZMessage &, cISC3WinQueryListView *)
000ce230	__thunk_8__._14cSC3Courthouse	virtual function thunk (delta:-8) for cSC3Courthouse::~cSC3Courthouse(void)
000ce24c	__thunk_8_DoStandardQueryViewInfo__17cSC3StockExchangeR10cGZMessageP21cISC3WinQueryListView	virtual function thunk (delta:-8) for cSC3StockExchange::DoStandardQueryViewInfo(cGZMessage &, cISC3WinQueryListView *)
000ce268	__thunk_8__._17cSC3StockExchange	virtual function thunk (delta:-8) for cSC3StockExchange::~cSC3StockExchange(void)
000ce284	__thunk_8_Init__11cSC3StadiumP9cISC3CityP19cISC3OccPersistInfo	virtual function thunk (delta:-8) for cSC3Stadium::Init(cISC3City *, cISC3OccPersistInfo *)
000ce2a0	__thunk_8_Save__11cSC3StadiumP9cISC3CityR19cISC3OccPersistInfo	virtual function thunk (delta:-8) for cSC3Stadium::Save(cISC3City *, cISC3OccPersistInfo &)
000ce2bc	__thunk_8_DoQueryViews__11cSC3StadiumR10cGZMessageP13cISC3WinQuery	virtual function thunk (delta:-8) for cSC3Stadium::DoQueryViews(cGZMessage &, cISC3WinQuery *)
000ce2d8	__thunk_8_DoStandardQueryViewInfo__11cSC3StadiumR10cGZMessageP21cISC3WinQueryListView	virtual function thunk (delta:-8) for cSC3Stadium::DoStandardQueryViewInfo(cGZMessage &, cISC3WinQueryListView *)
000ce2f4	__thunk_8_DoExitQueryWindow__11cSC3StadiumR10cGZMessageP13cISC3WinQuery	virtual function thunk (delta:-8) for cSC3Stadium::DoExitQueryWindow(cGZMessage &, cISC3WinQuery *)
000ce310	__thunk_8__._11cSC3Stadium	virtual function thunk (delta:-8) for cSC3Stadium::~cSC3Stadium(void)
000ce32c	__thunk_8_DoStandardQueryViewInfo__11cSC3SeaportR10cGZMessageP21cISC3WinQueryListView	virtual function thunk (delta:-8) for cSC3Seaport::DoStandardQueryViewInfo(cGZMessage &, cISC3WinQueryListView *)
000ce348	__thunk_8__._11cSC3Seaport	virtual function thunk (delta:-8) for cSC3Seaport::~cSC3Seaport(void)
000ce364	__thunk_8_DoStandardQueryViewInfo__11cSC3AirportR10cGZMessageP21cISC3WinQueryListView	virtual function thunk (delta:-8) for cSC3Airport::DoStandardQueryViewInfo(cGZMessage &, cISC3WinQueryListView *)
000ce380	__thunk_8__._11cSC3Airport	virtual function thunk (delta:-8) for cSC3Airport::~cSC3Airport(void)
000ce39c	__thunk_8_DoStandardQueryViewInfo__13cSC3SpaceportR10cGZMessageP21cISC3WinQueryListView	virtual function thunk (delta:-8) for cSC3Spaceport::DoStandardQueryViewInfo(cGZMessage &, cISC3WinQueryListView *)
000ce3b8	__thunk_8__._13cSC3Spaceport	virtual function thunk (delta:-8) for cSC3Spaceport::~cSC3Spaceport(void)
000ce3d4	__thunk_8_DoStandardQueryViewInfo__10cSC3StatueR10cGZMessageP21cISC3WinQueryListView	virtual function thunk (delta:-8) for cSC3Statue::DoStandardQueryViewInfo(cGZMessage &, cISC3WinQueryListView *)
000ce3f0	__thunk_8__._10cSC3Statue	virtual function thunk (delta:-8) for cSC3Statue::~cSC3Statue(void)
000ce40c	__thunk_8_DoStandardQueryViewInfo__12cSC3CityHallR10cGZMessageP21cISC3WinQueryListView	virtual function thunk (delta:-8) for cSC3CityHall::DoStandardQueryViewInfo(cGZMessage &, cISC3WinQueryListView *)
000ce428	__thunk_8__._12cSC3CityHall	virtual function thunk (delta:-8) for cSC3CityHall::~cSC3CityHall(void)
000ce444	__thunk_8_DoStandardQueryViewInfo__10cSC3MarinaR10cGZMessageP21cISC3WinQueryListView	virtual function thunk (delta:-8) for cSC3Marina::DoStandardQueryViewInfo(cGZMessage &, cISC3WinQueryListView *)
000ce460	__thunk_8__._10cSC3Marina	virtual function thunk (delta:-8) for cSC3Marina::~cSC3Marina(void)
000ce47c	__thunk_8_DoStandardQueryViewInfo__12cSC3BallParkR10cGZMessageP21cISC3WinQueryListView	virtual function thunk (delta:-8) for cSC3BallPark::DoStandardQueryViewInfo(cGZMessage &, cISC3WinQueryListView *)
000ce498	__thunk_8__._12cSC3BallPark	virtual function thunk (delta:-8) for cSC3BallPark::~cSC3BallPark(void)
000ce4b4	__thunk_8_DoStandardQueryViewInfo__7cSC3ZooR10cGZMessageP21cISC3WinQueryListView	virtual function thunk (delta:-8) for cSC3Zoo::DoStandardQueryViewInfo(cGZMessage &, cISC3WinQueryListView *)
000ce4d0	__thunk_8__._7cSC3Zoo	virtual function thunk (delta:-8) for cSC3Zoo::~cSC3Zoo(void)
000ce4ec	__thunk_8_DoStandardQueryViewInfo__8cSC3ParkR10cGZMessageP21cISC3WinQueryListView	virtual function thunk (delta:-8) for cSC3Park::DoStandardQueryViewInfo(cGZMessage &, cISC3WinQueryListView *)
000ce508	__thunk_8__._8cSC3Park	virtual function thunk (delta:-8) for cSC3Park::~cSC3Park(void)
000ce524	__thunk_8_DoStandardQueryViewInfo__15cSC3MayorsHouseR10cGZMessageP21cISC3WinQueryListView	virtual function thunk (delta:-8) for cSC3MayorsHouse::DoStandardQueryViewInfo(cGZMessage &, cISC3WinQueryListView *)
000ce540	__thunk_8__._15cSC3MayorsHouse	virtual function thunk (delta:-8) for cSC3MayorsHouse::~cSC3MayorsHouse(void)
000ce55c	__thunk_4_QueryInterface__15cSC3MiscOccAnimUiPPv	virtual function thunk (delta:-4) for cSC3MiscOccAnim::QueryInterface(unsigned int, void **)
000ce578	__thunk_4_AddRef__15cSC3MiscOccAnim	virtual function thunk (delta:-4) for cSC3MiscOccAnim::AddRef(void)
000ce594	__thunk_4_Release__15cSC3MiscOccAnim	virtual function thunk (delta:-4) for cSC3MiscOccAnim::Release(void)
000ce5b0	__thunk_8_DoStandardQueryViewInfo__15cSC3MiscOccAnimR10cGZMessageP21cISC3WinQueryListView	virtual function thunk (delta:-8) for cSC3MiscOccAnim::DoStandardQueryViewInfo(cGZMessage &, cISC3WinQueryListView *)
000ce5cc	__thunk_8__._15cSC3MiscOccAnim	virtual function thunk (delta:-8) for cSC3MiscOccAnim::~cSC3MiscOccAnim(void)
000ce5e8	__thunk_44_QueryInterface__15cSC3MiscOccAnimUiPPv	virtual function thunk (delta:-44) for cSC3MiscOccAnim::QueryInterface(unsigned int, void **)
000ce604	__thunk_44_AddRef__15cSC3MiscOccAnim	virtual function thunk (delta:-44) for cSC3MiscOccAnim::AddRef(void)
000ce620	__thunk_44_Release__15cSC3MiscOccAnim	virtual function thunk (delta:-44) for cSC3MiscOccAnim::Release(void)
000ce63c	__thunk_44_AsISC3Occupant__15cSC3MiscOccAnim	virtual function thunk (delta:-44) for cSC3MiscOccAnim::AsISC3Occupant(void)
000ce658	__thunk_44_AsISC3Building__15cSC3MiscOccAnim	virtual function thunk (delta:-44) for cSC3MiscOccAnim::AsISC3Building(void)
000ce674	__thunk_44_AsISC3CityAgent__15cSC3MiscOccAnim	virtual function thunk (delta:-44) for cSC3MiscOccAnim::AsISC3CityAgent(void)
000ce690	__thunk_4_QueryInterface__11cSC3MiscOccUiPPv	virtual function thunk (delta:-4) for cSC3MiscOcc::QueryInterface(unsigned int, void **)
000ce6ac	__thunk_4_AddRef__11cSC3MiscOcc	virtual function thunk (delta:-4) for cSC3MiscOcc::AddRef(void)
000ce6c8	__thunk_4_Release__11cSC3MiscOcc	virtual function thunk (delta:-4) for cSC3MiscOcc::Release(void)
000ce6e4	__thunk_8_DoStandardQueryViewInfo__11cSC3MiscOccR10cGZMessageP21cISC3WinQueryListView	virtual function thunk (delta:-8) for cSC3MiscOcc::DoStandardQueryViewInfo(cGZMessage &, cISC3WinQueryListView *)
000ce700	__thunk_8__._11cSC3MiscOcc	virtual function thunk (delta:-8) for cSC3MiscOcc::~cSC3MiscOcc(void)
000ce71c	__thunk_44_QueryInterface__11cSC3MiscOccUiPPv	virtual function thunk (delta:-44) for cSC3MiscOcc::QueryInterface(unsigned int, void **)
000ce738	__thunk_44_AddRef__11cSC3MiscOcc	virtual function thunk (delta:-44) for cSC3MiscOcc::AddRef(void)
000ce754	__thunk_44_Release__11cSC3MiscOcc	virtual function thunk (delta:-44) for cSC3MiscOcc::Release(void)
000ce770	__thunk_44_AsISC3Occupant__11cSC3MiscOcc	virtual function thunk (delta:-44) for cSC3MiscOcc::AsISC3Occupant(void)
000ce78c	__thunk_44_AsISC3Building__11cSC3MiscOcc	virtual function thunk (delta:-44) for cSC3MiscOcc::AsISC3Building(void)
000ce7a8	__thunk_44_AsISC3CityAgent__11cSC3MiscOcc	virtual function thunk (delta:-44) for cSC3MiscOcc::AsISC3CityAgent(void)
000ce7d4	clear__t10_List_base2Zt15cRZAutoRefCount1Z16cSC3NeighborDealZt9allocator1Zt15cRZAutoRefCount1Z16cSC3NeighborDeal	_List_base<cRZAutoRefCount<cSC3NeighborDeal>, allocator<cRZAutoRefCount<cSC3NeighborDeal> > >::clear(void)
000ce874	_M_erase__t8_Rb_tree5ZUiZUiZt9_Identity1ZUiZt4less1ZUiZt9allocator1ZUiPt13_Rb_tree_node1ZUi	_Rb_tree<unsigned int, unsigned int, _Identity<unsigned int>, less<unsigned int>, allocator<unsigned int> >::_M_erase(_Rb_tree_node<unsigned int> *)
000ce8f4	_M_insert__t8_Rb_tree5ZUiZUiZt9_Identity1ZUiZt4less1ZUiZt9allocator1ZUiP18_Rb_tree_node_baseT1RCUi	_Rb_tree<unsigned int, unsigned int, _Identity<unsigned int>, less<unsigned int>, allocator<unsigned int> >::_M_insert(_Rb_tree_node_base *, _Rb_tree_node_base *, unsigned int const &)
000cecc4	insert_unique__t8_Rb_tree5ZUiZUiZt9_Identity1ZUiZt4less1ZUiZt9allocator1ZUiRCUi	_Rb_tree<unsigned int, unsigned int, _Identity<unsigned int>, less<unsigned int>, allocator<unsigned int> >::insert_unique(unsigned int const &)
000cedb0	find__Ct8_Rb_tree5ZUiZUiZt9_Identity1ZUiZt4less1ZUiZt9allocator1ZUiRCUi	_Rb_tree<unsigned int, unsigned int, _Identity<unsigned int>, less<unsigned int>, allocator<unsigned int> >::find(unsigned int const &) const
000cee10	__thunk_4_QueryInterface__18cSC3NeighborsLayerUiPPv	virtual function thunk (delta:-4) for cSC3NeighborsLayer::QueryInterface(unsigned int, void **)
000cee2c	__thunk_4_AddRef__18cSC3NeighborsLayer	virtual function thunk (delta:-4) for cSC3NeighborsLayer::AddRef(void)
000cee48	__thunk_4_Release__18cSC3NeighborsLayer	virtual function thunk (delta:-4) for cSC3NeighborsLayer::Release(void)
000cee64	__thunk_4_Simulate__18cSC3NeighborsLayeri	virtual function thunk (delta:-4) for cSC3NeighborsLayer::Simulate(int)
000cee80	__thunk_4_MinimumExecutionInterval__18cSC3NeighborsLayer	virtual function thunk (delta:-4) for cSC3NeighborsLayer::MinimumExecutionInterval(void)
000cee9c	__thunk_4_IsAgentLocking__18cSC3NeighborsLayer	virtual function thunk (delta:-4) for cSC3NeighborsLayer::IsAgentLocking(void)
000ceeb8	__thunk_4_TypeId__C18cSC3NeighborsLayer	virtual function thunk (delta:-4) for cSC3NeighborsLayer::TypeId(void) const
000ceed4	__thunk_4_AgentType__18cSC3NeighborsLayer	virtual function thunk (delta:-4) for cSC3NeighborsLayer::AgentType(void)
000ceef0	__thunk_4_SetAgentType__18cSC3NeighborsLayerP18cISC3CityAgentType	virtual function thunk (delta:-4) for cSC3NeighborsLayer::SetAgentType(cISC3CityAgentType *)
000cef0c	__thunk_4_DebugInstanceTag__18cSC3NeighborsLayerR10cIGZString	virtual function thunk (delta:-4) for cSC3NeighborsLayer::DebugInstanceTag(cIGZString &)
000cef28	__thunk_4_DebugClassTag__18cSC3NeighborsLayerR10cIGZString	virtual function thunk (delta:-4) for cSC3NeighborsLayer::DebugClassTag(cIGZString &)
000cef44	__thunk_4_DebugTypeTag__18cSC3NeighborsLayerR10cIGZString	virtual function thunk (delta:-4) for cSC3NeighborsLayer::DebugTypeTag(cIGZString &)
000cef64	_._Q218cSC3NeighborsLayer16neighborInstance	cSC3NeighborsLayer::neighborInstance::~neighborInstance(void)
000cf0a4	__Q218cSC3NeighborsLayer16neighborInstance	cSC3NeighborsLayer::neighborInstance::neighborInstance(void)
000cf214	_._t3set3ZUiZt4less1ZUiZt9allocator1ZUi	set<unsigned int, less<unsigned int>, allocator<unsigned int> >::~set(void)
000cf2c4	_M_erase__t8_Rb_tree5ZUiZt4pair2ZCUiZPQ218cSC3OrdinanceLayer19cSC3OrdinanceStructZt10_Select1st1Zt4pair2ZCUiZPQ218cSC3OrdinanceLayer19cSC3OrdinanceStructZt4less1ZUiZt9allocator1ZPQ218cSC3OrdinanceLayer19cSC3OrdinanceStructPt13_Rb_tree_node1Zt4pair2ZCUiZPQ218cSC3OrdinanceLayer19cSC3OrdinanceStruct	_Rb_tree<unsigned int, pair<unsigned int const, cSC3OrdinanceLayer::cSC3OrdinanceStruct *>, _Select1st<pair<unsigned int const, cSC3OrdinanceLayer::cSC3OrdinanceStruct *> >, less<unsigned int>, allocator<cSC3OrdinanceLayer::cSC3OrdinanceStruct *> >::_M_erase(_Rb_tree_node<pair<unsigned int const, cSC3OrdinanceLayer::cSC3OrdinanceStruct *> > *)
000cf340	find__t8_Rb_tree5ZUiZt4pair2ZCUiZPQ218cSC3OrdinanceLayer19cSC3OrdinanceStructZt10_Select1st1Zt4pair2ZCUiZPQ218cSC3OrdinanceLayer19cSC3OrdinanceStructZt4less1ZUiZt9allocator1ZPQ218cSC3OrdinanceLayer19cSC3OrdinanceStructRCUi	_Rb_tree<unsigned int, pair<unsigned int const, cSC3OrdinanceLayer::cSC3OrdinanceStruct *>, _Select1st<pair<unsigned int const, cSC3OrdinanceLayer::cSC3OrdinanceStruct *> >, less<unsigned int>, allocator<cSC3OrdinanceLayer::cSC3OrdinanceStruct *> >::find(unsigned int const &)
000cf3a4	_M_insert__t8_Rb_tree5ZUiZt4pair2ZCUiZPQ218cSC3OrdinanceLayer19cSC3OrdinanceStructZt10_Select1st1Zt4pair2ZCUiZPQ218cSC3OrdinanceLayer19cSC3OrdinanceStructZt4less1ZUiZt9allocator1ZPQ218cSC3OrdinanceLayer19cSC3OrdinanceStructP18_Rb_tree_node_baseT1RCt4pair2ZCUiZPQ218cSC3OrdinanceLayer19cSC3OrdinanceStruct	_Rb_tree<unsigned int, pair<unsigned int const, cSC3OrdinanceLayer::cSC3OrdinanceStruct *>, _Select1st<pair<unsigned int const, cSC3OrdinanceLayer::cSC3OrdinanceStruct *> >, less<unsigned int>, allocator<cSC3OrdinanceLayer::cSC3OrdinanceStruct *> >::_M_insert(_Rb_tree_node_base *, _Rb_tree_node_base *, pair<unsigned int const, cSC3OrdinanceLayer::cSC3OrdinanceStruct *> const &)
000cf784	insert_unique__t8_Rb_tree5ZUiZt4pair2ZCUiZPQ218cSC3OrdinanceLayer19cSC3OrdinanceStructZt10_Select1st1Zt4pair2ZCUiZPQ218cSC3OrdinanceLayer19cSC3OrdinanceStructZt4less1ZUiZt9allocator1ZPQ218cSC3OrdinanceLayer19cSC3OrdinanceStructRCt4pair2ZCUiZPQ218cSC3OrdinanceLayer19cSC3OrdinanceStruct	_Rb_tree<unsigned int, pair<unsigned int const, cSC3OrdinanceLayer::cSC3OrdinanceStruct *>, _Select1st<pair<unsigned int const, cSC3OrdinanceLayer::cSC3OrdinanceStruct *> >, less<unsigned int>, allocator<cSC3OrdinanceLayer::cSC3OrdinanceStruct *> >::insert_unique(pair<unsigned int const, cSC3OrdinanceLayer::cSC3OrdinanceStruct *> const &)
000cf874	insert_unique__t8_Rb_tree5ZUiZt4pair2ZCUiZPQ218cSC3OrdinanceLayer19cSC3OrdinanceStructZt10_Select1st1Zt4pair2ZCUiZPQ218cSC3OrdinanceLayer19cSC3OrdinanceStructZt4less1ZUiZt9allocator1ZPQ218cSC3OrdinanceLayer19cSC3OrdinanceStructGt17_Rb_tree_iterator3Zt4pair2ZCUiZPQ218cSC3OrdinanceLayer19cSC3OrdinanceStructZRt4pair2ZCUiZPQ218cSC3OrdinanceLayer19cSC3OrdinanceStructZPt4pair2ZCUiZPQ218cSC3OrdinanceLayer19cSC3OrdinanceStructRCt4pair2ZCUiZPQ218cSC3OrdinanceLayer19cSC3OrdinanceStruct	_Rb_tree<unsigned int, pair<unsigned int const, cSC3OrdinanceLayer::cSC3OrdinanceStruct *>, _Select1st<pair<unsigned int const, cSC3OrdinanceLayer::cSC3OrdinanceStruct *> >, less<unsigned int>, allocator<cSC3OrdinanceLayer::cSC3OrdinanceStruct *> >::insert_unique(_Rb_tree_iterator<pair<unsigned int const, cSC3OrdinanceLayer::cSC3OrdinanceStruct *>, pair<unsigned int const, cSC3OrdinanceLayer::cSC3OrdinanceStruct *> &, pair<unsigned int const, cSC3OrdinanceLayer::cSC3OrdinanceStruct *> *>, pair<unsigned int const, cSC3OrdinanceLayer::cSC3OrdinanceStruct *> const &)
000cf9e4	__thunk_4__._30cSC3MonthlyOrdinanceLayerManip	virtual function thunk (delta:-4) for cSC3MonthlyOrdinanceLayerManip::~cSC3MonthlyOrdinanceLayerManip(void)
000cfa00	__thunk_4_Release__30cSC3MonthlyOrdinanceLayerManip	virtual function thunk (delta:-4) for cSC3MonthlyOrdinanceLayerManip::Release(void)
000cfa1c	__thunk_4_AddRef__30cSC3MonthlyOrdinanceLayerManip	virtual function thunk (delta:-4) for cSC3MonthlyOrdinanceLayerManip::AddRef(void)
000cfa38	__thunk_4_QueryInterface__18cSC3OrdinanceLayerUiPPv	virtual function thunk (delta:-4) for cSC3OrdinanceLayer::QueryInterface(unsigned int, void **)
000cfa54	__thunk_4_AddRef__18cSC3OrdinanceLayer	virtual function thunk (delta:-4) for cSC3OrdinanceLayer::AddRef(void)
000cfa70	__thunk_4_Release__18cSC3OrdinanceLayer	virtual function thunk (delta:-4) for cSC3OrdinanceLayer::Release(void)
000cfa8c	__thunk_4_DoMessage__18cSC3OrdinanceLayerR10cGZMessage	virtual function thunk (delta:-4) for cSC3OrdinanceLayer::DoMessage(cGZMessage &)
000cfaa8	__thunk_4_DoQueryInfo__18cSC3OrdinanceLayerR10cGZMessageP11cIGZUnknown	virtual function thunk (delta:-4) for cSC3OrdinanceLayer::DoQueryInfo(cGZMessage &, cIGZUnknown *)
000cfac4	__thunk_4_StaticInit__18cSC3OrdinanceLayerP19cISC3CityDefinition	virtual function thunk (delta:-4) for cSC3OrdinanceLayer::StaticInit(cISC3CityDefinition *)
000cfae0	__thunk_4_StaticShutdown__18cSC3OrdinanceLayer	virtual function thunk (delta:-4) for cSC3OrdinanceLayer::StaticShutdown(void)
000cfafc	__thunk_4_Init__18cSC3OrdinanceLayerP9cISC3City	virtual function thunk (delta:-4) for cSC3OrdinanceLayer::Init(cISC3City *)
000cfb18	__thunk_4_Init__18cSC3OrdinanceLayerP9cISC3CityP13cISC2Importer	virtual function thunk (delta:-4) for cSC3OrdinanceLayer::Init(cISC3City *, cISC2Importer *)
000cfb34	__thunk_4_Init__18cSC3OrdinanceLayerP9cISC3CityP13cIGZDBSegment	virtual function thunk (delta:-4) for cSC3OrdinanceLayer::Init(cISC3City *, cIGZDBSegment *)
000cfb50	__thunk_4_Save__18cSC3OrdinanceLayerP9cISC3CityP13cIGZDBSegment	virtual function thunk (delta:-4) for cSC3OrdinanceLayer::Save(cISC3City *, cIGZDBSegment *)
000cfb6c	__thunk_4_SimulationBegin__18cSC3OrdinanceLayer	virtual function thunk (delta:-4) for cSC3OrdinanceLayer::SimulationBegin(void)
000cfb88	__thunk_4_SimulationEnd__18cSC3OrdinanceLayer	virtual function thunk (delta:-4) for cSC3OrdinanceLayer::SimulationEnd(void)
000cfba4	__thunk_4_Shutdown__18cSC3OrdinanceLayer	virtual function thunk (delta:-4) for cSC3OrdinanceLayer::Shutdown(void)
000cfbc0	__thunk_4_GetManipulator__18cSC3OrdinanceLayerRC18cISC3CityAgentTypePP25cISC3CityLayerManipulatorRi	virtual function thunk (delta:-4) for cSC3OrdinanceLayer::GetManipulator(cISC3CityAgentType const &, cISC3CityLayerManipulator **, int &)
000cfbdc	__thunk_4_GetLayerType__18cSC3OrdinanceLayer	virtual function thunk (delta:-4) for cSC3OrdinanceLayer::GetLayerType(void)
000cfbf8	__thunk_4_DebugClassTag__18cSC3OrdinanceLayerR10cIGZString	virtual function thunk (delta:-4) for cSC3OrdinanceLayer::DebugClassTag(cIGZString &)
000cfc14	__thunk_4_DebugTypeTag__18cSC3OrdinanceLayerR10cIGZString	virtual function thunk (delta:-4) for cSC3OrdinanceLayer::DebugTypeTag(cIGZString &)
000cfc34	_._Q218cSC3OrdinanceLayer19cSC3OrdinanceStruct	cSC3OrdinanceLayer::cSC3OrdinanceStruct::~cSC3OrdinanceStruct(void)
000cfcf0	lower_bound__t8_Rb_tree5ZUiZt4pair2ZCUiZPQ218cSC3OrdinanceLayer19cSC3OrdinanceStructZt10_Select1st1Zt4pair2ZCUiZPQ218cSC3OrdinanceLayer19cSC3OrdinanceStructZt4less1ZUiZt9allocator1ZPQ218cSC3OrdinanceLayer19cSC3OrdinanceStructRCUi	_Rb_tree<unsigned int, pair<unsigned int const, cSC3OrdinanceLayer::cSC3OrdinanceStruct *>, _Select1st<pair<unsigned int const, cSC3OrdinanceLayer::cSC3OrdinanceStruct *> >, less<unsigned int>, allocator<cSC3OrdinanceLayer::cSC3OrdinanceStruct *> >::lower_bound(unsigned int const &)
000cfd2c	_._t3map4ZUiZPQ218cSC3OrdinanceLayer19cSC3OrdinanceStructZt4less1ZUiZt9allocator1ZPQ218cSC3OrdinanceLayer19cSC3OrdinanceStruct	map<unsigned int, cSC3OrdinanceLayer::cSC3OrdinanceStruct *, less<unsigned int>, allocator<cSC3OrdinanceLayer::cSC3OrdinanceStruct *> >::~map(void)
000cfdd0	__thunk_4__._21cSC3WeatherLayerManip	virtual function thunk (delta:-4) for cSC3WeatherLayerManip::~cSC3WeatherLayerManip(void)
000cfdec	__thunk_4_Release__21cSC3WeatherLayerManip	virtual function thunk (delta:-4) for cSC3WeatherLayerManip::Release(void)
000cfe08	__thunk_4_AddRef__21cSC3WeatherLayerManip	virtual function thunk (delta:-4) for cSC3WeatherLayerManip::AddRef(void)
000cfe24	__thunk_4__._16cSC3WeatherLayer	virtual function thunk (delta:-4) for cSC3WeatherLayer::~cSC3WeatherLayer(void)
000cfe40	__thunk_4_Release__16cSC3WeatherLayer	virtual function thunk (delta:-4) for cSC3WeatherLayer::Release(void)
000cfe5c	__thunk_4_AddRef__16cSC3WeatherLayer	virtual function thunk (delta:-4) for cSC3WeatherLayer::AddRef(void)
000cfe7c	_._21cSC3WeatherLayerManip	cSC3WeatherLayerManip::~cSC3WeatherLayerManip(void)
000cfed4	__thunk_4__._19cSC3BondsDialogProc	virtual function thunk (delta:-4) for cSC3BondsDialogProc::~cSC3BondsDialogProc(void)
000cfef0	__thunk_4_Release__19cSC3BondsDialogProc	virtual function thunk (delta:-4) for cSC3BondsDialogProc::Release(void)
000cff0c	__thunk_4_AddRef__19cSC3BondsDialogProc	virtual function thunk (delta:-4) for cSC3BondsDialogProc::AddRef(void)
000cff28	__thunk_4__._24cSC3BudgetIncomeViewProc	virtual function thunk (delta:-4) for cSC3BudgetIncomeViewProc::~cSC3BudgetIncomeViewProc(void)
000cff44	__thunk_4_Release__24cSC3BudgetIncomeViewProc	virtual function thunk (delta:-4) for cSC3BudgetIncomeViewProc::Release(void)
000cff60	__thunk_4_AddRef__24cSC3BudgetIncomeViewProc	virtual function thunk (delta:-4) for cSC3BudgetIncomeViewProc::AddRef(void)
000cff7c	__thunk_4__._25cSC3BudgetExpenseViewProc	virtual function thunk (delta:-4) for cSC3BudgetExpenseViewProc::~cSC3BudgetExpenseViewProc(void)
000cff98	__thunk_4_Release__25cSC3BudgetExpenseViewProc	virtual function thunk (delta:-4) for cSC3BudgetExpenseViewProc::Release(void)
000cffb4	__thunk_4_AddRef__25cSC3BudgetExpenseViewProc	virtual function thunk (delta:-4) for cSC3BudgetExpenseViewProc::AddRef(void)
000cffd0	__thunk_4__._17cSC3BudgetWinProc	virtual function thunk (delta:-4) for cSC3BudgetWinProc::~cSC3BudgetWinProc(void)
000cffec	__thunk_4_Release__17cSC3BudgetWinProc	virtual function thunk (delta:-4) for cSC3BudgetWinProc::Release(void)
000d0008	__thunk_4_AddRef__17cSC3BudgetWinProc	virtual function thunk (delta:-4) for cSC3BudgetWinProc::AddRef(void)
000d0034	GetDepthFromColorType__18cGZBufferColorTypeQ218cGZBufferColorType10eColorType	cGZBufferColorType::GetDepthFromColorType(cGZBufferColorType::eColorType)
000d00d4	__as__t6vector2ZQ214cSC3WorldLayer9eraEffectZt9allocator1ZQ214cSC3WorldLayer9eraEffectRCt6vector2ZQ214cSC3WorldLayer9eraEffectZt9allocator1ZQ214cSC3WorldLayer9eraEffect	vector<cSC3WorldLayer::eraEffect, allocator<cSC3WorldLayer::eraEffect> >::operator=(vector<cSC3WorldLayer::eraEffect, allocator<cSC3WorldLayer::eraEffect> > const &)
000d0474	_M_erase__t8_Rb_tree5ZUiZt4pair2ZCUiZQ214cSC3WorldLayer12tPhaseEffectZt10_Select1st1Zt4pair2ZCUiZQ214cSC3WorldLayer12tPhaseEffectZt4less1ZUiZt9allocator1ZQ214cSC3WorldLayer12tPhaseEffectPt13_Rb_tree_node1Zt4pair2ZCUiZQ214cSC3WorldLayer12tPhaseEffect	_Rb_tree<unsigned int, pair<unsigned int const, cSC3WorldLayer::tPhaseEffect>, _Select1st<pair<unsigned int const, cSC3WorldLayer::tPhaseEffect> >, less<unsigned int>, allocator<cSC3WorldLayer::tPhaseEffect> >::_M_erase(_Rb_tree_node<pair<unsigned int const, cSC3WorldLayer::tPhaseEffect> > *)
000d04f4	erase__t8_Rb_tree5ZUiZt4pair2ZCUiZQ214cSC3WorldLayer12tPhaseEffectZt10_Select1st1Zt4pair2ZCUiZQ214cSC3WorldLayer12tPhaseEffectZt4less1ZUiZt9allocator1ZQ214cSC3WorldLayer12tPhaseEffectGt17_Rb_tree_iterator3Zt4pair2ZCUiZQ214cSC3WorldLayer12tPhaseEffectZRt4pair2ZCUiZQ214cSC3WorldLayer12tPhaseEffectZPt4pair2ZCUiZQ214cSC3WorldLayer12tPhaseEffectT1	_Rb_tree<unsigned int, pair<unsigned int const, cSC3WorldLayer::tPhaseEffect>, _Select1st<pair<unsigned int const, cSC3WorldLayer::tPhaseEffect> >, less<unsigned int>, allocator<cSC3WorldLayer::tPhaseEffect> >::erase(_Rb_tree_iterator<pair<unsigned int const, cSC3WorldLayer::tPhaseEffect>, pair<unsigned int const, cSC3WorldLayer::tPhaseEffect> &, pair<unsigned int const, cSC3WorldLayer::tPhaseEffect> *>, _Rb_tree_iterator<pair<unsigned int const, cSC3WorldLayer::tPhaseEffect>, pair<unsigned int const, cSC3WorldLayer::tPhaseEffect> &, pair<unsigned int const, cSC3WorldLayer::tPhaseEffect> *>)
000d0a04	__uninitialized_copy_aux__H2ZPCQ214cSC3WorldLayer18tWorldValveEraDataZPQ214cSC3WorldLayer18tWorldValveEraData_X01X01X11G12__false_type_X11	cSC3WorldLayer::tWorldValveEraData * __uninitialized_copy_aux<cSC3WorldLayer::tWorldValveEraData const *, cSC3WorldLayer::tWorldValveEraData *>(cSC3WorldLayer::tWorldValveEraData const *, cSC3WorldLayer::tWorldValveEraData const *, cSC3WorldLayer::tWorldValveEraData *, __false_type)
000d0ae4	__as__t6vector2ZQ214cSC3WorldLayer18tWorldValveEraDataZt9allocator1ZQ214cSC3WorldLayer18tWorldValveEraDataRCt6vector2ZQ214cSC3WorldLayer18tWorldValveEraDataZt9allocator1ZQ214cSC3WorldLayer18tWorldValveEraData	vector<cSC3WorldLayer::tWorldValveEraData, allocator<cSC3WorldLayer::tWorldValveEraData> >::operator=(vector<cSC3WorldLayer::tWorldValveEraData, allocator<cSC3WorldLayer::tWorldValveEraData> > const &)
000d0f74	__uninitialized_copy_aux__H2ZPQ214cSC3WorldLayer9eraEffectZPQ214cSC3WorldLayer9eraEffect_X01X01X11G12__false_type_X11	cSC3WorldLayer::eraEffect * __uninitialized_copy_aux<cSC3WorldLayer::eraEffect *, cSC3WorldLayer::eraEffect *>(cSC3WorldLayer::eraEffect *, cSC3WorldLayer::eraEffect *, cSC3WorldLayer::eraEffect *, __false_type)
000d0fc4	_M_insert_aux__t6vector2ZQ214cSC3WorldLayer9eraEffectZt9allocator1ZQ214cSC3WorldLayer9eraEffectPQ214cSC3WorldLayer9eraEffectRCQ214cSC3WorldLayer9eraEffect	vector<cSC3WorldLayer::eraEffect, allocator<cSC3WorldLayer::eraEffect> >::_M_insert_aux(cSC3WorldLayer::eraEffect *, cSC3WorldLayer::eraEffect const &)
000d1354	_M_insert__t8_Rb_tree5ZUiZt4pair2ZCUiZQ214cSC3WorldLayer12tPhaseEffectZt10_Select1st1Zt4pair2ZCUiZQ214cSC3WorldLayer12tPhaseEffectZt4less1ZUiZt9allocator1ZQ214cSC3WorldLayer12tPhaseEffectP18_Rb_tree_node_baseT1RCt4pair2ZCUiZQ214cSC3WorldLayer12tPhaseEffect	_Rb_tree<unsigned int, pair<unsigned int const, cSC3WorldLayer::tPhaseEffect>, _Select1st<pair<unsigned int const, cSC3WorldLayer::tPhaseEffect> >, less<unsigned int>, allocator<cSC3WorldLayer::tPhaseEffect> >::_M_insert(_Rb_tree_node_base *, _Rb_tree_node_base *, pair<unsigned int const, cSC3WorldLayer::tPhaseEffect> const &)
000d1734	insert_unique__t8_Rb_tree5ZUiZt4pair2ZCUiZQ214cSC3WorldLayer12tPhaseEffectZt10_Select1st1Zt4pair2ZCUiZQ214cSC3WorldLayer12tPhaseEffectZt4less1ZUiZt9allocator1ZQ214cSC3WorldLayer12tPhaseEffectRCt4pair2ZCUiZQ214cSC3WorldLayer12tPhaseEffect	_Rb_tree<unsigned int, pair<unsigned int const, cSC3WorldLayer::tPhaseEffect>, _Select1st<pair<unsigned int const, cSC3WorldLayer::tPhaseEffect> >, less<unsigned int>, allocator<cSC3WorldLayer::tPhaseEffect> >::insert_unique(pair<unsigned int const, cSC3WorldLayer::tPhaseEffect> const &)
000d1824	insert_unique__t8_Rb_tree5ZUiZt4pair2ZCUiZQ214cSC3WorldLayer12tPhaseEffectZt10_Select1st1Zt4pair2ZCUiZQ214cSC3WorldLayer12tPhaseEffectZt4less1ZUiZt9allocator1ZQ214cSC3WorldLayer12tPhaseEffectGt17_Rb_tree_iterator3Zt4pair2ZCUiZQ214cSC3WorldLayer12tPhaseEffectZRt4pair2ZCUiZQ214cSC3WorldLayer12tPhaseEffectZPt4pair2ZCUiZQ214cSC3WorldLayer12tPhaseEffectRCt4pair2ZCUiZQ214cSC3WorldLayer12tPhaseEffect	_Rb_tree<unsigned int, pair<unsigned int const, cSC3WorldLayer::tPhaseEffect>, _Select1st<pair<unsigned int const, cSC3WorldLayer::tPhaseEffect> >, less<unsigned int>, allocator<cSC3WorldLayer::tPhaseEffect> >::insert_unique(_Rb_tree_iterator<pair<unsigned int const, cSC3WorldLayer::tPhaseEffect>, pair<unsigned int const, cSC3WorldLayer::tPhaseEffect> &, pair<unsigned int const, cSC3WorldLayer::tPhaseEffect> *>, pair<unsigned int const, cSC3WorldLayer::tPhaseEffect> const &)
000d19a0	find__t8_Rb_tree5ZUiZt4pair2ZCUiZQ214cSC3WorldLayer12tPhaseEffectZt10_Select1st1Zt4pair2ZCUiZQ214cSC3WorldLayer12tPhaseEffectZt4less1ZUiZt9allocator1ZQ214cSC3WorldLayer12tPhaseEffectRCUi	_Rb_tree<unsigned int, pair<unsigned int const, cSC3WorldLayer::tPhaseEffect>, _Select1st<pair<unsigned int const, cSC3WorldLayer::tPhaseEffect> >, less<unsigned int>, allocator<cSC3WorldLayer::tPhaseEffect> >::find(unsigned int const &)
000d1a04	__uninitialized_copy_aux__H2ZPCQ214cSC3WorldLayer9eraEffectZPQ214cSC3WorldLayer9eraEffect_X01X01X11G12__false_type_X11	cSC3WorldLayer::eraEffect * __uninitialized_copy_aux<cSC3WorldLayer::eraEffect const *, cSC3WorldLayer::eraEffect *>(cSC3WorldLayer::eraEffect const *, cSC3WorldLayer::eraEffect const *, cSC3WorldLayer::eraEffect *, __false_type)
000d1a54	__uninitialized_copy_aux__H2ZPQ214cSC3WorldLayer18tWorldValveEraDataZPQ214cSC3WorldLayer18tWorldValveEraData_X01X01X11G12__false_type_X11	cSC3WorldLayer::tWorldValveEraData * __uninitialized_copy_aux<cSC3WorldLayer::tWorldValveEraData *, cSC3WorldLayer::tWorldValveEraData *>(cSC3WorldLayer::tWorldValveEraData *, cSC3WorldLayer::tWorldValveEraData *, cSC3WorldLayer::tWorldValveEraData *, __false_type)
000d1b34	_M_insert_aux__t6vector2ZQ214cSC3WorldLayer18tWorldValveEraDataZt9allocator1ZQ214cSC3WorldLayer18tWorldValveEraDataPQ214cSC3WorldLayer18tWorldValveEraDataRCQ214cSC3WorldLayer18tWorldValveEraData	vector<cSC3WorldLayer::tWorldValveEraData, allocator<cSC3WorldLayer::tWorldValveEraData> >::_M_insert_aux(cSC3WorldLayer::tWorldValveEraData *, cSC3WorldLayer::tWorldValveEraData const &)
000d1fbc	__thunk_68_QueryInterface__18cSC3WorkforceValveUiPPv	virtual function thunk (delta:-68) for cSC3WorkforceValve::QueryInterface(unsigned int, void **)
000d1fd8	__thunk_68_AddRef__18cSC3WorkforceValve	virtual function thunk (delta:-68) for cSC3WorkforceValve::AddRef(void)
000d1ff4	__thunk_68_Release__18cSC3WorkforceValve	virtual function thunk (delta:-68) for cSC3WorkforceValve::Release(void)
000d2010	__thunk_68_AsISC3Valve__18cSC3WorkforceValve	virtual function thunk (delta:-68) for cSC3WorkforceValve::AsISC3Valve(void)
000d202c	__thunk_68_SetCIRatio__18cSC3WorkforceValveUiUi	virtual function thunk (delta:-68) for cSC3WorkforceValve::SetCIRatio(unsigned int, unsigned int)
000d2048	__thunk_68_GetCIRatio__18cSC3WorkforceValveRUiT1	virtual function thunk (delta:-68) for cSC3WorkforceValve::GetCIRatio(unsigned int &, unsigned int &)
000d2064	__thunk_8_QueryInterface__14cSC3WorldLayerUiPPv	virtual function thunk (delta:-8) for cSC3WorldLayer::QueryInterface(unsigned int, void **)
000d2080	__thunk_8_AddRef__14cSC3WorldLayer	virtual function thunk (delta:-8) for cSC3WorldLayer::AddRef(void)
000d209c	__thunk_8_Release__14cSC3WorldLayer	virtual function thunk (delta:-8) for cSC3WorldLayer::Release(void)
000d20b8	__thunk_8_Simulate__14cSC3WorldLayeri	virtual function thunk (delta:-8) for cSC3WorldLayer::Simulate(int)
000d20d4	__thunk_8_MinimumExecutionInterval__14cSC3WorldLayer	virtual function thunk (delta:-8) for cSC3WorldLayer::MinimumExecutionInterval(void)
000d20f0	__thunk_8_IsAgentLocking__14cSC3WorldLayer	virtual function thunk (delta:-8) for cSC3WorldLayer::IsAgentLocking(void)
000d210c	__thunk_8_TypeId__C14cSC3WorldLayer	virtual function thunk (delta:-8) for cSC3WorldLayer::TypeId(void) const
000d2128	__thunk_8_AgentType__14cSC3WorldLayer	virtual function thunk (delta:-8) for cSC3WorldLayer::AgentType(void)
000d2144	__thunk_8_SetAgentType__14cSC3WorldLayerP18cISC3CityAgentType	virtual function thunk (delta:-8) for cSC3WorldLayer::SetAgentType(cISC3CityAgentType *)
000d2160	__thunk_8_DebugInstanceTag__14cSC3WorldLayerR10cIGZString	virtual function thunk (delta:-8) for cSC3WorldLayer::DebugInstanceTag(cIGZString &)
000d217c	__thunk_8_DebugClassTag__14cSC3WorldLayerR10cIGZString	virtual function thunk (delta:-8) for cSC3WorldLayer::DebugClassTag(cIGZString &)
000d2198	__thunk_8_DebugTypeTag__14cSC3WorldLayerR10cIGZString	virtual function thunk (delta:-8) for cSC3WorldLayer::DebugTypeTag(cIGZString &)
000d21b4	__thunk_4_QueryInterface__14cSC3WorldLayerUiPPv	virtual function thunk (delta:-4) for cSC3WorldLayer::QueryInterface(unsigned int, void **)
000d21d0	__thunk_4_AddRef__14cSC3WorldLayer	virtual function thunk (delta:-4) for cSC3WorldLayer::AddRef(void)
000d21ec	__thunk_4_Release__14cSC3WorldLayer	virtual function thunk (delta:-4) for cSC3WorldLayer::Release(void)
000d2208	__thunk_4_DoMessage__14cSC3WorldLayerR10cGZMessage	virtual function thunk (delta:-4) for cSC3WorldLayer::DoMessage(cGZMessage &)
000d2224	__thunk_4_DoQueryInfo__14cSC3WorldLayerR10cGZMessageP11cIGZUnknown	virtual function thunk (delta:-4) for cSC3WorldLayer::DoQueryInfo(cGZMessage &, cIGZUnknown *)
000d2240	__thunk_4_StaticInit__14cSC3WorldLayerP19cISC3CityDefinition	virtual function thunk (delta:-4) for cSC3WorldLayer::StaticInit(cISC3CityDefinition *)
000d225c	__thunk_4_StaticShutdown__14cSC3WorldLayer	virtual function thunk (delta:-4) for cSC3WorldLayer::StaticShutdown(void)
000d2278	__thunk_4_Init__14cSC3WorldLayerP9cISC3City	virtual function thunk (delta:-4) for cSC3WorldLayer::Init(cISC3City *)
000d2294	__thunk_4_Init__14cSC3WorldLayerP9cISC3CityP13cISC2Importer	virtual function thunk (delta:-4) for cSC3WorldLayer::Init(cISC3City *, cISC2Importer *)
000d22b0	__thunk_4_Init__14cSC3WorldLayerP9cISC3CityP13cIGZDBSegment	virtual function thunk (delta:-4) for cSC3WorldLayer::Init(cISC3City *, cIGZDBSegment *)
000d22cc	__thunk_4_Save__14cSC3WorldLayerP9cISC3CityP13cIGZDBSegment	virtual function thunk (delta:-4) for cSC3WorldLayer::Save(cISC3City *, cIGZDBSegment *)
000d22e8	__thunk_4_SimulationBegin__14cSC3WorldLayer	virtual function thunk (delta:-4) for cSC3WorldLayer::SimulationBegin(void)
000d2304	__thunk_4_SimulationEnd__14cSC3WorldLayer	virtual function thunk (delta:-4) for cSC3WorldLayer::SimulationEnd(void)
000d2320	__thunk_4_Shutdown__14cSC3WorldLayer	virtual function thunk (delta:-4) for cSC3WorldLayer::Shutdown(void)
000d233c	__thunk_4_GetManipulator__14cSC3WorldLayerRC18cISC3CityAgentTypePP25cISC3CityLayerManipulatorRi	virtual function thunk (delta:-4) for cSC3WorldLayer::GetManipulator(cISC3CityAgentType const &, cISC3CityLayerManipulator **, int &)
000d2358	__thunk_4_GetLayerType__14cSC3WorldLayer	virtual function thunk (delta:-4) for cSC3WorldLayer::GetLayerType(void)
000d2374	__thunk_4_DebugClassTag__14cSC3WorldLayerR10cIGZString	virtual function thunk (delta:-4) for cSC3WorldLayer::DebugClassTag(cIGZString &)
000d2390	__thunk_4_DebugTypeTag__14cSC3WorldLayerR10cIGZString	virtual function thunk (delta:-4) for cSC3WorldLayer::DebugTypeTag(cIGZString &)
000d23b0	_._t3map4ZUiZQ214cSC3WorldLayer12tPhaseEffectZt4less1ZUiZt9allocator1ZQ214cSC3WorldLayer12tPhaseEffect	map<unsigned int, cSC3WorldLayer::tPhaseEffect, less<unsigned int>, allocator<cSC3WorldLayer::tPhaseEffect> >::~map(void)
000d2464	_._Q214cSC3WorldLayer18tWorldValveEraData	cSC3WorldLayer::tWorldValveEraData::~tWorldValveEraData(void)
000d2518	__Q214cSC3WorldLayer18tWorldValveEraData	cSC3WorldLayer::tWorldValveEraData::tWorldValveEraData(void)
000d2554	__Q214cSC3WorldLayer18tWorldValveEraDataRCQ214cSC3WorldLayer18tWorldValveEraData	cSC3WorldLayer::tWorldValveEraData::tWorldValveEraData(cSC3WorldLayer::tWorldValveEraData const &)
000d27b0	lower_bound__t8_Rb_tree5ZUiZt4pair2ZCUiZQ214cSC3WorldLayer12tPhaseEffectZt10_Select1st1Zt4pair2ZCUiZQ214cSC3WorldLayer12tPhaseEffectZt4less1ZUiZt9allocator1ZQ214cSC3WorldLayer12tPhaseEffectRCUi	_Rb_tree<unsigned int, pair<unsigned int const, cSC3WorldLayer::tPhaseEffect>, _Select1st<pair<unsigned int const, cSC3WorldLayer::tPhaseEffect> >, less<unsigned int>, allocator<cSC3WorldLayer::tPhaseEffect> >::lower_bound(unsigned int const &)
000d27e8	GetDirectorID__C14cSMCOMDirector	cSMCOMDirector::GetDirectorID(void) const
000d2804	AppRegister__14cSMCOMDirectorP12cIGZRegistry	cSMCOMDirector::AppRegister(cIGZRegistry *)
000d2da0	_._14cSMCOMDirector	cSMCOMDirector::~cSMCOMDirector(void)
000d2de4	CreatecSC3AuraLayer__14cSMCOMDirector	cSMCOMDirector::CreatecSC3AuraLayer(void)
000d2e64	CreatecSC3OrdinanceLayer__14cSMCOMDirector	cSMCOMDirector::CreatecSC3OrdinanceLayer(void)
000d2ed4	CreatecSC3WorldLayer__14cSMCOMDirector	cSMCOMDirector::CreatecSC3WorldLayer(void)
000d2f44	CreatecSC3NeighborsLayer__14cSMCOMDirector	cSMCOMDirector::CreatecSC3NeighborsLayer(void)
000d2fb4	CreatecSC3WeatherLayer__14cSMCOMDirector	cSMCOMDirector::CreatecSC3WeatherLayer(void)
000d3024	CreatecSC3BudgetLayer__14cSMCOMDirector	cSMCOMDirector::CreatecSC3BudgetLayer(void)
000d3094	CreatecSC3CmdSimMiscFactory__14cSMCOMDirector	cSMCOMDirector::CreatecSC3CmdSimMiscFactory(void)
000d3114	CreatecSC3MayorsHouse__14cSMCOMDirector	cSMCOMDirector::CreatecSC3MayorsHouse(void)
000d3184	CreatecSC3Park__14cSMCOMDirector	cSMCOMDirector::CreatecSC3Park(void)
000d31f4	CreatecSC3Zoo__14cSMCOMDirector	cSMCOMDirector::CreatecSC3Zoo(void)
000d3264	CreatecSC3BallPark__14cSMCOMDirector	cSMCOMDirector::CreatecSC3BallPark(void)
000d32d4	CreatecSC3Marina__14cSMCOMDirector	cSMCOMDirector::CreatecSC3Marina(void)
000d3344	CreatecSC3CityHall__14cSMCOMDirector	cSMCOMDirector::CreatecSC3CityHall(void)
000d33b4	CreatecSC3Statue__14cSMCOMDirector	cSMCOMDirector::CreatecSC3Statue(void)
000d3424	CreatecSC3Spaceport__14cSMCOMDirector	cSMCOMDirector::CreatecSC3Spaceport(void)
000d3494	CreatecSC3Airport__14cSMCOMDirector	cSMCOMDirector::CreatecSC3Airport(void)
000d3504	CreatecSC3Seaport__14cSMCOMDirector	cSMCOMDirector::CreatecSC3Seaport(void)
000d3574	CreatecSC3Stadium__14cSMCOMDirector	cSMCOMDirector::CreatecSC3Stadium(void)
000d35e4	CreatecSC3StockExchange__14cSMCOMDirector	cSMCOMDirector::CreatecSC3StockExchange(void)
000d3654	CreatecSC3Gigamall__14cSMCOMDirector	cSMCOMDirector::CreatecSC3Gigamall(void)
000d36c4	CreatecSC3Casino__14cSMCOMDirector	cSMCOMDirector::CreatecSC3Casino(void)
000d3734	CreatecSC3Courthouse__14cSMCOMDirector	cSMCOMDirector::CreatecSC3Courthouse(void)
000d37a4	CreatecSC3MedicalResearchCenter__14cSMCOMDirector	cSMCOMDirector::CreatecSC3MedicalResearchCenter(void)
000d3814	CreatecSC3ScienceCenter__14cSMCOMDirector	cSMCOMDirector::CreatecSC3ScienceCenter(void)
000d3884	CreatecSC3PerformingArtsCenter__14cSMCOMDirector	cSMCOMDirector::CreatecSC3PerformingArtsCenter(void)
000d38f4	CreatecSC3MilitaryBase__14cSMCOMDirector	cSMCOMDirector::CreatecSC3MilitaryBase(void)
000d3964	CreatecSC3DefenseContractor__14cSMCOMDirector	cSMCOMDirector::CreatecSC3DefenseContractor(void)
000d39d4	CreatecSC3GeyserPark__14cSMCOMDirector	cSMCOMDirector::CreatecSC3GeyserPark(void)
000d3a44	CreatecSC3Lighthouse__14cSMCOMDirector	cSMCOMDirector::CreatecSC3Lighthouse(void)
000d3ab4	CreatecSC3CountryClub__14cSMCOMDirector	cSMCOMDirector::CreatecSC3CountryClub(void)
000d3b24	CreatecSC3ThemePark__14cSMCOMDirector	cSMCOMDirector::CreatecSC3ThemePark(void)
000d3b94	CreatecSC3LandmarkBuilding__14cSMCOMDirector	cSMCOMDirector::CreatecSC3LandmarkBuilding(void)
000d3c04	CreatecSC3ToxicWastePlant__14cSMCOMDirector	cSMCOMDirector::CreatecSC3ToxicWastePlant(void)
000d3c74	CreatecSC3MaximumSecurityPrison__14cSMCOMDirector	cSMCOMDirector::CreatecSC3MaximumSecurityPrison(void)
000d3ce4	CreatecSC3University__14cSMCOMDirector	cSMCOMDirector::CreatecSC3University(void)
000d3d54	CreatecSC3Castle__14cSMCOMDirector	cSMCOMDirector::CreatecSC3Castle(void)
000d3dc4	_M_erase__t8_Rb_tree5Zt4pair2ZCUiZUiZt4pair2ZCt4pair2ZCUiZUiZPFv_P11cIGZUnknownZt10_Select1st1Zt4pair2ZCt4pair2ZCUiZUiZPFv_P11cIGZUnknownZt4less1Zt4pair2ZCUiZUiZt9allocator1ZPFv_P11cIGZUnknownPt13_Rb_tree_node1Zt4pair2ZCt4pair2ZCUiZUiZPFv_P11cIGZUnknown	_Rb_tree<pair<unsigned int const, unsigned int>, pair<pair<unsigned int const, unsigned int> const, cIGZUnknown *(*)(void)>, _Select1st<pair<pair<unsigned int const, unsigned int> const, cIGZUnknown *(*)(void)> >, less<pair<unsigned int const, unsigned int> >, allocator<cIGZUnknown *(*)(void)> >::_M_erase(_Rb_tree_node<pair<pair<unsigned int const, unsigned int> const, cIGZUnknown *(*)(void)> > *)
000d3e44	_M_insert_aux__t6vector2ZP17cRZCOMDllDirectorZt9allocator1ZP17cRZCOMDllDirectorPP17cRZCOMDllDirectorRCP17cRZCOMDllDirector	vector<cRZCOMDllDirector *, allocator<cRZCOMDllDirector *> >::_M_insert_aux(cRZCOMDllDirector **, cRZCOMDllDirector *const &)
000d4174	_M_insert__t8_Rb_tree5Zt4pair2ZCUiZUiZt4pair2ZCt4pair2ZCUiZUiZPFv_P11cIGZUnknownZt10_Select1st1Zt4pair2ZCt4pair2ZCUiZUiZPFv_P11cIGZUnknownZt4less1Zt4pair2ZCUiZUiZt9allocator1ZPFv_P11cIGZUnknownP18_Rb_tree_node_baseT1RCt4pair2ZCt4pair2ZCUiZUiZPFv_P11cIGZUnknown	_Rb_tree<pair<unsigned int const, unsigned int>, pair<pair<unsigned int const, unsigned int> const, cIGZUnknown *(*)(void)>, _Select1st<pair<pair<unsigned int const, unsigned int> const, cIGZUnknown *(*)(void)> >, less<pair<unsigned int const, unsigned int> >, allocator<cIGZUnknown *(*)(void)> >::_M_insert(_Rb_tree_node_base *, _Rb_tree_node_base *, pair<pair<unsigned int const, unsigned int> const, cIGZUnknown *(*)(void)> const &)
000d4594	insert_unique__t8_Rb_tree5Zt4pair2ZCUiZUiZt4pair2ZCt4pair2ZCUiZUiZPFv_P11cIGZUnknownZt10_Select1st1Zt4pair2ZCt4pair2ZCUiZUiZPFv_P11cIGZUnknownZt4less1Zt4pair2ZCUiZUiZt9allocator1ZPFv_P11cIGZUnknownRCt4pair2ZCt4pair2ZCUiZUiZPFv_P11cIGZUnknown	_Rb_tree<pair<unsigned int const, unsigned int>, pair<pair<unsigned int const, unsigned int> const, cIGZUnknown *(*)(void)>, _Select1st<pair<pair<unsigned int const, unsigned int> const, cIGZUnknown *(*)(void)> >, less<pair<unsigned int const, unsigned int> >, allocator<cIGZUnknown *(*)(void)> >::insert_unique(pair<pair<unsigned int const, unsigned int> const, cIGZUnknown *(*)(void)> const &)
000d46ec	__thunk_4_QueryInterface__17cRZCOMDllDirectorUiPPv	virtual function thunk (delta:-4) for cRZCOMDllDirector::QueryInterface(unsigned int, void **)
000d4708	__thunk_4_AddRef__17cRZCOMDllDirector	virtual function thunk (delta:-4) for cRZCOMDllDirector::AddRef(void)
000d4724	__thunk_4_Release__17cRZCOMDllDirector	virtual function thunk (delta:-4) for cRZCOMDllDirector::Release(void)
000d4740	__thunk_4_PreFrameWorkInit__17cRZCOMDllDirector	virtual function thunk (delta:-4) for cRZCOMDllDirector::PreFrameWorkInit(void)
000d475c	__thunk_4_PreAppInit__17cRZCOMDllDirector	virtual function thunk (delta:-4) for cRZCOMDllDirector::PreAppInit(void)
000d4778	__thunk_4_PostAppInit__17cRZCOMDllDirector	virtual function thunk (delta:-4) for cRZCOMDllDirector::PostAppInit(void)
000d4794	__thunk_4_PreAppShutdown__17cRZCOMDllDirector	virtual function thunk (delta:-4) for cRZCOMDllDirector::PreAppShutdown(void)
000d47b0	__thunk_4_PostAppShutdown__17cRZCOMDllDirector	virtual function thunk (delta:-4) for cRZCOMDllDirector::PostAppShutdown(void)
000d47cc	__thunk_4_PostSystemServiceShutdown__17cRZCOMDllDirector	virtual function thunk (delta:-4) for cRZCOMDllDirector::PostSystemServiceShutdown(void)
000d47e8	__thunk_4_AbortiveQuit__17cRZCOMDllDirector	virtual function thunk (delta:-4) for cRZCOMDllDirector::AbortiveQuit(void)
000d4804	__thunk_4_OnInstall__17cRZCOMDllDirector	virtual function thunk (delta:-4) for cRZCOMDllDirector::OnInstall(void)
000d4824	_._t3map4Zt4pair2ZCUiZUiZPFv_P11cIGZUnknownZt4less1Zt4pair2ZCUiZUiZt9allocator1ZPFv_P11cIGZUnknown	map<pair<unsigned int const, unsigned int>, cIGZUnknown *(*)(void), less<pair<unsigned int const, unsigned int> >, allocator<cIGZUnknown *(*)(void)> >::~map(void)
000d48d0	_._11logic_error	logic_error::~logic_error(void)
000d4980	__11logic_errorRC11logic_error	logic_error::logic_error(logic_error const &)
000d49dc	__tf11logic_error	logic_error type_info function
000d4a14	_._12domain_error	domain_error::~domain_error(void)
000d4a30	__tf12domain_error	domain_error type_info function
000d4a88	_._16invalid_argument	invalid_argument::~invalid_argument(void)
000d4aa4	__tf16invalid_argument	invalid_argument type_info function
000d4afc	_._12length_error	length_error::~length_error(void)
000d4b18	__tf12length_error	length_error type_info function
000d4b70	_._12out_of_range	out_of_range::~out_of_range(void)
000d4b8c	__tf12out_of_range	out_of_range type_info function
000d4bf0	_._13runtime_error	runtime_error::~runtime_error(void)
000d4c94	__tf13runtime_error	runtime_error type_info function
000d4ccc	_._11range_error	range_error::~range_error(void)
000d4ce8	__tf11range_error	range_error type_info function
000d4d40	_._14overflow_error	overflow_error::~overflow_error(void)
000d4d5c	__tf14overflow_error	overflow_error type_info function
000d4db4	_._15underflow_error	underflow_error::~underflow_error(void)
000d4dd0	__tf15underflow_error	underflow_error type_info function
000d4e28	__thunk_4__._22_IO_ostream_withassign	virtual function thunk (delta:-4) for _IO_ostream_withassign::~_IO_ostream_withassign(void)
000d4e34	__thunk_8__._22_IO_istream_withassign	virtual function thunk (delta:-8) for _IO_istream_withassign::~_IO_istream_withassign(void)
000d4e40	__thunk_12__._8iostream	virtual function thunk (delta:-12) for iostream::~iostream(void)
000d4e4c	__thunk_8__._7istream	virtual function thunk (delta:-8) for istream::~istream(void)
000d4e58	__thunk_4__._7ostream	virtual function thunk (delta:-4) for ostream::~ostream(void)
000d4e64	_._8iostream	iostream::~iostream(void)
000d4ec8	_._7ostream	ostream::~ostream(void)
000d4f1c	__tf7ostream	ostream type_info function
000d4f54	_._7istream	istream::~istream(void)
000d4fa8	__tf7istream	istream type_info function
000d4fe0	__tf8iostream	iostream type_info function
000d505c	_._22_IO_istream_withassign	_IO_istream_withassign::~_IO_istream_withassign(void)
000d50b8	__tf22_IO_istream_withassign	_IO_istream_withassign type_info function
000d5110	_._22_IO_ostream_withassign	_IO_ostream_withassign::~_IO_ostream_withassign(void)
000d516c	__tf22_IO_ostream_withassign	_IO_ostream_withassign type_info function
000d51c4	__tf3ios	ios type_info function
000d51fc	__tf9streambuf	streambuf type_info function
000d5234	__tf7filebuf	filebuf type_info function
000d528c	__tf11_ios_fields	_ios_fields type_info function
000d52b8	__tf8_IO_FILE	_IO_FILE type_info function
000d52e8	__tf9exception	exception type_info function
000d5328	__tf13bad_exception	bad_exception type_info function
000d5394	__tf9type_info	type_info type_info function
000d53d4	__tf8bad_cast	bad_cast type_info function
000d5420	__tf10bad_typeid	bad_typeid type_info function
000d546c	_._16__user_type_info	__user_type_info::~__user_type_info(void)
000d549c	__tf16__user_type_info	__user_type_info type_info function
000d5508	_._14__si_type_info	__si_type_info::~__si_type_info(void)
000d5538	__tf14__si_type_info	__si_type_info type_info function
000d55d4	_._17__class_type_info	__class_type_info::~__class_type_info(void)
000d5604	__tf17__class_type_info	__class_type_info type_info function
000d56a0	_._19__pointer_type_info	__pointer_type_info::~__pointer_type_info(void)
000d56d0	__tf19__pointer_type_info	__pointer_type_info type_info function
000d571c	_._16__attr_type_info	__attr_type_info::~__attr_type_info(void)
000d574c	__tf16__attr_type_info	__attr_type_info type_info function
000d5798	_._19__builtin_type_info	__builtin_type_info::~__builtin_type_info(void)
000d57c8	__tf19__builtin_type_info	__builtin_type_info type_info function
000d5814	_._16__func_type_info	__func_type_info::~__func_type_info(void)
000d5844	__tf16__func_type_info	__func_type_info type_info function
000d5890	_._16__ptmf_type_info	__ptmf_type_info::~__ptmf_type_info(void)
000d58c0	__tf16__ptmf_type_info	__ptmf_type_info type_info function
000d590c	_._16__ptmd_type_info	__ptmd_type_info::~__ptmd_type_info(void)
000d593c	__tf16__ptmd_type_info	__ptmd_type_info type_info function
000d5988	_._17__array_type_info	__array_type_info::~__array_type_info(void)
000d59b8	__tf17__array_type_info	__array_type_info type_info function
000d5a04	_._9bad_alloc	bad_alloc::~bad_alloc(void)
000d5a3c	__tf9bad_alloc	bad_alloc type_info function
000d5a84	_fini	_fini
