addr	mangled	demangled
0003d5bc	_init	_init
0003f644	__29cSC3EarthquakeDisasterManager	cSC3EarthquakeDisasterManager::cSC3EarthquakeDisasterManager(void)
0003f7c0	_._29cSC3EarthquakeDisasterManager	cSC3EarthquakeDisasterManager::~cSC3EarthquakeDisasterManager(void)
0003f92c	Init__29cSC3EarthquakeDisasterManagerP18cISC3DisasterLayerP9cISC3City	cSC3EarthquakeDisasterManager::Init(cISC3DisasterLayer *, cISC3City *)
0003faf8	Shutdown__29cSC3EarthquakeDisasterManager	cSC3EarthquakeDisasterManager::Shutdown(void)
0003fcd4	DoMessage__29cSC3EarthquakeDisasterManagerR10cGZMessage	cSC3EarthquakeDisasterManager::DoMessage(cGZMessage &)
0003fe10	StartEarthquake__29cSC3EarthquakeDisasterManagerfb	cSC3EarthquakeDisasterManager::StartEarthquake(float, bool)
0003fff0	ClearDisasterHistory__29cSC3EarthquakeDisasterManager	cSC3EarthquakeDisasterManager::ClearDisasterHistory(void)
0004003c	StaticInit__29cSC3EarthquakeDisasterManager	cSC3EarthquakeDisasterManager::StaticInit(void)
000406b0	Init__29cSC3EarthquakeDisasterManagerP9cISC3CityP13cIGZDBSegment	cSC3EarthquakeDisasterManager::Init(cISC3City *, cIGZDBSegment *)
00040a14	AddEmptyDisasterHistoryRecord__29cSC3EarthquakeDisasterManager	cSC3EarthquakeDisasterManager::AddEmptyDisasterHistoryRecord(void)
00040adc	Save__29cSC3EarthquakeDisasterManagerP9cISC3CityP13cIGZDBSegment	cSC3EarthquakeDisasterManager::Save(cISC3City *, cIGZDBSegment *)
00040dc8	Tick__29cSC3EarthquakeDisasterManager	cSC3EarthquakeDisasterManager::Tick(void)
00040ec8	MakeRandomEarthquakePosition__29cSC3EarthquakeDisasterManagerR16cRZ3DPointSint32N21	cSC3EarthquakeDisasterManager::MakeRandomEarthquakePosition(cRZ3DPointSint32 &, cRZ3DPointSint32 &, cRZ3DPointSint32 &)
000411e4	MakeSureNoTilesAreImproperlyZoned__29cSC3EarthquakeDisasterManager	cSC3EarthquakeDisasterManager::MakeSureNoTilesAreImproperlyZoned(void)
00041388	__30cSC3EarthquakeDisasterInstance	cSC3EarthquakeDisasterInstance::cSC3EarthquakeDisasterInstance(void)
0004151c	Init__30cSC3EarthquakeDisasterInstanceP29cSC3EarthquakeDisasterManagerfRC16cRZ3DPointSint32N23b	cSC3EarthquakeDisasterInstance::Init(cSC3EarthquakeDisasterManager *, float, cRZ3DPointSint32 const &, cRZ3DPointSint32 const &, cRZ3DPointSint32 const &, bool)
000417e4	InitFromIncompleteInstance__30cSC3EarthquakeDisasterInstanceP29cSC3EarthquakeDisasterManagerRCQ231cISC3DisasterEarthquakeInstance16EarthquakeRecord	cSC3EarthquakeDisasterInstance::InitFromIncompleteInstance(cSC3EarthquakeDisasterManager *, cISC3DisasterEarthquakeInstance::EarthquakeRecord const &)
000419d8	Tick__30cSC3EarthquakeDisasterInstanceQ218cISC3DisasterLayer9tTickType	cSC3EarthquakeDisasterInstance::Tick(cISC3DisasterLayer::tTickType)
00041ea0	ShowNewstickerMessage__30cSC3EarthquakeDisasterInstancei	cSC3EarthquakeDisasterInstance::ShowNewstickerMessage(int)
00042114	ModifyTerrain__30cSC3EarthquakeDisasterInstanceUiUi	cSC3EarthquakeDisasterInstance::ModifyTerrain(unsigned int, unsigned int)
00042be4	GetFaultLineCells__30cSC3EarthquakeDisasterInstance	cSC3EarthquakeDisasterInstance::GetFaultLineCells(void)
00042f5c	DoPostEarthquakeDamage__30cSC3EarthquakeDisasterInstance	cSC3EarthquakeDisasterInstance::DoPostEarthquakeDamage(void)
000430d0	IsAnyBuildingConnectedToVertice__30cSC3EarthquakeDisasterInstanceii	cSC3EarthquakeDisasterInstance::IsAnyBuildingConnectedToVertice(int, int)
00043330	DezoneAnyTileConnectedToVertice__30cSC3EarthquakeDisasterInstanceii	cSC3EarthquakeDisasterInstance::DezoneAnyTileConnectedToVertice(int, int)
000434d4	DestroyAnyBuildingAndDezoneAnyTileConnectedToVertice__30cSC3EarthquakeDisasterInstanceii	cSC3EarthquakeDisasterInstance::DestroyAnyBuildingAndDezoneAnyTileConnectedToVertice(int, int)
000435f0	DestoryOccupantIfPresent__30cSC3EarthquakeDisasterInstanceiibN23	cSC3EarthquakeDisasterInstance::DestoryOccupantIfPresent(int, int, bool, bool, bool)
00043a00	DestoryOrBurnOccupantWithPossibleVisualEffects__30cSC3EarthquakeDisasterInstanceiib	cSC3EarthquakeDisasterInstance::DestoryOrBurnOccupantWithPossibleVisualEffects(int, int, bool)
00043cf4	AddRef__29cSC3EarthquakeDisasterManager	cSC3EarthquakeDisasterManager::AddRef(void)
00043d20	Release__29cSC3EarthquakeDisasterManager	cSC3EarthquakeDisasterManager::Release(void)
00043d48	GetDisasterID__30cSC3EarthquakeDisasterInstance	cSC3EarthquakeDisasterInstance::GetDisasterID(void)
00043d54	Manager__30cSC3EarthquakeDisasterInstance	cSC3EarthquakeDisasterInstance::Manager(void)
00043d70	AfflictedOccupant__30cSC3EarthquakeDisasterInstance	cSC3EarthquakeDisasterInstance::AfflictedOccupant(void)
00043d80	GetRichterScale__C30cSC3EarthquakeDisasterInstance	cSC3EarthquakeDisasterInstance::GetRichterScale(void) const
00043db4	GetEarthquakeLevel__C30cSC3EarthquakeDisasterInstance	cSC3EarthquakeDisasterInstance::GetEarthquakeLevel(void) const
00043dc8	AttemptDisasterStart__29cSC3EarthquakeDisasterManager	cSC3EarthquakeDisasterManager::AttemptDisasterStart(void)
00043e24	DecrementNumInstances__29cSC3EarthquakeDisasterManager	cSC3EarthquakeDisasterManager::DecrementNumInstances(void)
00043e54	DisasterInstanceStopped__29cSC3EarthquakeDisasterManagerP30cSC3EarthquakeDisasterInstance	cSC3EarthquakeDisasterManager::DisasterInstanceStopped(cSC3EarthquakeDisasterInstance *)
00043ea4	RecordEarthquakeHistory__29cSC3EarthquakeDisasterManagerP30cSC3EarthquakeDisasterInstance	cSC3EarthquakeDisasterManager::RecordEarthquakeHistory(cSC3EarthquakeDisasterInstance *)
00043efc	GetDisasterHistory__C29cSC3EarthquakeDisasterManagerPQ231cISC3DisasterEarthquakeInstance16EarthquakeRecordRUi	cSC3EarthquakeDisasterManager::GetDisasterHistory(cISC3DisasterEarthquakeInstance::EarthquakeRecord *, unsigned int &) const
00043f94	GetLastDisasterHistory__C29cSC3EarthquakeDisasterManagerPQ231cISC3DisasterEarthquakeInstance16EarthquakeRecord	cSC3EarthquakeDisasterManager::GetLastDisasterHistory(cISC3DisasterEarthquakeInstance::EarthquakeRecord *) const
00043fc4	QueryInterface__29cSC3EarthquakeDisasterManagerUiPPv	cSC3EarthquakeDisasterManager::QueryInterface(unsigned int, void **)
0004402c	StaticShutdown__29cSC3EarthquakeDisasterManager	cSC3EarthquakeDisasterManager::StaticShutdown(void)
0004403c	StopInstance__29cSC3EarthquakeDisasterManagerP21cISC3DisasterInstance	cSC3EarthquakeDisasterManager::StopInstance(cISC3DisasterInstance *)
00044064	AddRef__30cSC3EarthquakeDisasterInstance	cSC3EarthquakeDisasterInstance::AddRef(void)
00044080	_._30cSC3EarthquakeDisasterInstance	cSC3EarthquakeDisasterInstance::~cSC3EarthquakeDisasterInstance(void)
000440e0	Shutdown__30cSC3EarthquakeDisasterInstance	cSC3EarthquakeDisasterInstance::Shutdown(void)
000441b4	DoRichterScaleCalculations__30cSC3EarthquakeDisasterInstancef	cSC3EarthquakeDisasterInstance::DoRichterScaleCalculations(float)
00044244	DoPreparednessOrdinanceCalculations__30cSC3EarthquakeDisasterInstanceb	cSC3EarthquakeDisasterInstance::DoPreparednessOrdinanceCalculations(bool)
0004425c	GetDirectlyAffectedCells__30cSC3EarthquakeDisasterInstanceR14sIGZRectUint32	cSC3EarthquakeDisasterInstance::GetDirectlyAffectedCells(sIGZRectUint32 &)
000442ec	GetLocation__30cSC3EarthquakeDisasterInstanceRUiT1	cSC3EarthquakeDisasterInstance::GetLocation(unsigned int &, unsigned int &)
00044310	GetEpicenterMicro__C30cSC3EarthquakeDisasterInstanceRiN21	cSC3EarthquakeDisasterInstance::GetEpicenterMicro(int &, int &, int &) const
00044338	GetFaultlineMicro__C30cSC3EarthquakeDisasterInstanceRiN51	cSC3EarthquakeDisasterInstance::GetFaultlineMicro(int &, int &, int &, int &, int &, int &) const
00044378	IsActive__30cSC3EarthquakeDisasterInstance	cSC3EarthquakeDisasterInstance::IsActive(void)
00044390	PanicEffect__30cSC3EarthquakeDisasterInstanceUi	cSC3EarthquakeDisasterInstance::PanicEffect(unsigned int)
000443c4	PanicRadius__30cSC3EarthquakeDisasterInstance	cSC3EarthquakeDisasterInstance::PanicRadius(void)
000443e0	GetCurrentEarthquakeRecord__30cSC3EarthquakeDisasterInstanceRQ231cISC3DisasterEarthquakeInstance16EarthquakeRecord	cSC3EarthquakeDisasterInstance::GetCurrentEarthquakeRecord(cISC3DisasterEarthquakeInstance::EarthquakeRecord &)
00044404	QueryInterface__30cSC3EarthquakeDisasterInstanceUiPPv	cSC3EarthquakeDisasterInstance::QueryInterface(unsigned int, void **)
00044480	RemoveNewstickerMessages__30cSC3EarthquakeDisasterInstance	cSC3EarthquakeDisasterInstance::RemoveNewstickerMessages(void)
000444fc	DoMessage__30cSC3EarthquakeDisasterInstanceR10cGZMessage	cSC3EarthquakeDisasterInstance::DoMessage(cGZMessage &)
00044538	Release__30cSC3EarthquakeDisasterInstance	cSC3EarthquakeDisasterInstance::Release(void)
000445a0	Cost__30cSC3EarthquakeDisasterInstance	cSC3EarthquakeDisasterInstance::Cost(void)
000445b0	NumberOfOccupantsDamaged__30cSC3EarthquakeDisasterInstance	cSC3EarthquakeDisasterInstance::NumberOfOccupantsDamaged(void)
000445c0	ComputeSurroundStrips__23cSC3FireDisasterManagerRC14sIGZRectUint32UiUiUiP14sIGZRectUint32RUi	cSC3FireDisasterManager::ComputeSurroundStrips(sIGZRectUint32 const &, unsigned int, unsigned int, unsigned int, sIGZRectUint32 *, unsigned int &)
0004478c	__23cSC3FireDisasterManager	cSC3FireDisasterManager::cSC3FireDisasterManager(void)
000449d0	_._23cSC3FireDisasterManager	cSC3FireDisasterManager::~cSC3FireDisasterManager(void)
00044acc	DisasterInstanceStopped__23cSC3FireDisasterManagerP24cSC3FireDisasterInstanceb	cSC3FireDisasterManager::DisasterInstanceStopped(cSC3FireDisasterInstance *, bool)
00044fd0	DoMessage__23cSC3FireDisasterManagerR10cGZMessage	cSC3FireDisasterManager::DoMessage(cGZMessage &)
00045064	Init__23cSC3FireDisasterManagerP18cISC3DisasterLayerP9cISC3City	cSC3FireDisasterManager::Init(cISC3DisasterLayer *, cISC3City *)
000452f0	Init__23cSC3FireDisasterManagerP9cISC3CityP13cIGZDBSegment	cSC3FireDisasterManager::Init(cISC3City *, cIGZDBSegment *)
000454e0	ProcessIniFileEntry__23cSC3FireDisasterManagerRC9cRZStringT1Pv	cSC3FireDisasterManager::ProcessIniFileEntry(cRZString const &, cRZString const &, void *)
00045870	Save__23cSC3FireDisasterManagerP9cISC3CityP13cIGZDBSegment	cSC3FireDisasterManager::Save(cISC3City *, cIGZDBSegment *)
00045ae0	SelectOccupantAndSetFire__23cSC3FireDisasterManager	cSC3FireDisasterManager::SelectOccupantAndSetFire(void)
00045d54	SelectOccupantOfTypeAndSetFire__23cSC3FireDisasterManagerUi	cSC3FireDisasterManager::SelectOccupantOfTypeAndSetFire(unsigned int)
00045ff4	SetFire__23cSC3FireDisasterManagerP13cISC3Occupanti	cSC3FireDisasterManager::SetFire(cISC3Occupant *, int)
00046190	Shutdown__23cSC3FireDisasterManager	cSC3FireDisasterManager::Shutdown(void)
00046340	Spread__23cSC3FireDisasterManagerP13cISC3OccupantUi	cSC3FireDisasterManager::Spread(cISC3Occupant *, unsigned int)
000465d8	StaticInit__23cSC3FireDisasterManager	cSC3FireDisasterManager::StaticInit(void)
00047124	Init__24cSC3FireDisasterInstanceP23cSC3FireDisasterManagerP13cISC3Occupanti	cSC3FireDisasterInstance::Init(cSC3FireDisasterManager *, cISC3Occupant *, int)
000472c8	Shutdown__24cSC3FireDisasterInstance	cSC3FireDisasterInstance::Shutdown(void)
000473e8	Tick__24cSC3FireDisasterInstanceQ218cISC3DisasterLayer9tTickType	cSC3FireDisasterInstance::Tick(cISC3DisasterLayer::tTickType)
000477f0	UpdateSoundBasedOnVisibility__24cSC3FireDisasterInstance	cSC3FireDisasterInstance::UpdateSoundBasedOnVisibility(void)
00047914	AddRef__23cSC3FireDisasterManager	cSC3FireDisasterManager::AddRef(void)
00047940	Release__23cSC3FireDisasterManager	cSC3FireDisasterManager::Release(void)
00047968	GetDisasterID__24cSC3FireDisasterInstance	cSC3FireDisasterInstance::GetDisasterID(void)
00047974	Manager__24cSC3FireDisasterInstance	cSC3FireDisasterInstance::Manager(void)
0004798c	AfflictedOccupant__24cSC3FireDisasterInstance	cSC3FireDisasterInstance::AfflictedOccupant(void)
0004799c	FireState__24cSC3FireDisasterInstance	cSC3FireDisasterInstance::FireState(void)
000479b0	AttemptDisasterStart__23cSC3FireDisasterManager	cSC3FireDisasterManager::AttemptDisasterStart(void)
00047a58	DecrementNumInstances__23cSC3FireDisasterManager	cSC3FireDisasterManager::DecrementNumInstances(void)
00047aec	IncludeHighlyFlammableOccupants__23cSC3FireDisasterManagerP13cISC3Occupant	cSC3FireDisasterManager::IncludeHighlyFlammableOccupants(cISC3Occupant *)
00047b50	IncrementNumInstances__23cSC3FireDisasterManager	cSC3FireDisasterManager::IncrementNumInstances(void)
00047bec	IsCellOnFire__23cSC3FireDisasterManagerUiUi	cSC3FireDisasterManager::IsCellOnFire(unsigned int, unsigned int)
00047c70	QueryInterface__23cSC3FireDisasterManagerUiPPv	cSC3FireDisasterManager::QueryInterface(unsigned int, void **)
00047cd8	SetFire__23cSC3FireDisasterManagerUiUi	cSC3FireDisasterManager::SetFire(unsigned int, unsigned int)
00047d08	SetFire__23cSC3FireDisasterManagerUiUii	cSC3FireDisasterManager::SetFire(unsigned int, unsigned int, int)
00047d80	RecomputeFlammability__23cSC3FireDisasterManager	cSC3FireDisasterManager::RecomputeFlammability(void)
00047df4	RecomputeSpreadPercentage__23cSC3FireDisasterManagerUi	cSC3FireDisasterManager::RecomputeSpreadPercentage(unsigned int)
00047e3c	StaticShutdown__23cSC3FireDisasterManager	cSC3FireDisasterManager::StaticShutdown(void)
00047e4c	StopInstance__23cSC3FireDisasterManagerP21cISC3DisasterInstance	cSC3FireDisasterManager::StopInstance(cISC3DisasterInstance *)
00047e80	Tick__23cSC3FireDisasterManager	cSC3FireDisasterManager::Tick(void)
00047f14	AddRef__24cSC3FireDisasterInstance	cSC3FireDisasterInstance::AddRef(void)
00047f2c	Cost__24cSC3FireDisasterInstance	cSC3FireDisasterInstance::Cost(void)
00047f40	__24cSC3FireDisasterInstance	cSC3FireDisasterInstance::cSC3FireDisasterInstance(void)
00047fd4	_._24cSC3FireDisasterInstance	cSC3FireDisasterInstance::~cSC3FireDisasterInstance(void)
00048024	GetDirectlyAffectedCells__24cSC3FireDisasterInstanceR14sIGZRectUint32	cSC3FireDisasterInstance::GetDirectlyAffectedCells(sIGZRectUint32 &)
0004807c	GetLocation__24cSC3FireDisasterInstanceRUiT1	cSC3FireDisasterInstance::GetLocation(unsigned int &, unsigned int &)
0004809c	IsActive__24cSC3FireDisasterInstance	cSC3FireDisasterInstance::IsActive(void)
000480ac	NumberOfOccupantsDamaged__24cSC3FireDisasterInstance	cSC3FireDisasterInstance::NumberOfOccupantsDamaged(void)
000480d0	PanicEffect__24cSC3FireDisasterInstanceUi	cSC3FireDisasterInstance::PanicEffect(unsigned int)
000480fc	PanicRadius__24cSC3FireDisasterInstance	cSC3FireDisasterInstance::PanicRadius(void)
0004810c	QueryInterface__24cSC3FireDisasterInstanceUiPPv	cSC3FireDisasterInstance::QueryInterface(unsigned int, void **)
00048164	Release__24cSC3FireDisasterInstance	cSC3FireDisasterInstance::Release(void)
000481c4	Test__23cSC3FireDisasterOccTestP13cISC3Occupant	cSC3FireDisasterOccTest::Test(cISC3Occupant *)
00048254	BeginEmergencyMode__17cSC3DisasterLayerUi	cSC3DisasterLayer::BeginEmergencyMode(unsigned int)
00048358	CreateRadiation__17cSC3DisasterLayerUiUi	cSC3DisasterLayer::CreateRadiation(unsigned int, unsigned int)
000484e4	__17cSC3DisasterLayer	cSC3DisasterLayer::cSC3DisasterLayer(void)
00048b90	_._17cSC3DisasterLayer	cSC3DisasterLayer::~cSC3DisasterLayer(void)
00048cd8	DestroyOccupant__17cSC3DisasterLayerP13cISC3OccupantiRUi	cSC3DisasterLayer::DestroyOccupant(cISC3Occupant *, int, unsigned int &)
00049044	DisableDisasters__17cSC3DisasterLayer	cSC3DisasterLayer::DisableDisasters(void)
0004914c	DisasterInstanceBecomesActive__17cSC3DisasterLayerP21cISC3DisasterInstance	cSC3DisasterLayer::DisasterInstanceBecomesActive(cISC3DisasterInstance *)
0004971c	DisasterInstanceChange__17cSC3DisasterLayerP21cISC3DisasterInstance19tDisasterChangeType	cSC3DisasterLayer::DisasterInstanceChange(cISC3DisasterInstance *, tDisasterChangeType)
000498cc	DisasterInstanceStopped__17cSC3DisasterLayerP21cISC3DisasterInstance	cSC3DisasterLayer::DisasterInstanceStopped(cISC3DisasterInstance *)
0004a384	DoMessage__17cSC3DisasterLayerR10cGZMessage	cSC3DisasterLayer::DoMessage(cGZMessage &)
0004a534	EnableDisasters__17cSC3DisasterLayer	cSC3DisasterLayer::EnableDisasters(void)
0004a66c	Init__17cSC3DisasterLayerP9cISC3City	cSC3DisasterLayer::Init(cISC3City *)
0004adf0	Init__17cSC3DisasterLayerP9cISC3CityP13cIGZDBSegment	cSC3DisasterLayer::Init(cISC3City *, cIGZDBSegment *)
0004b010	IntersectsVisibleRect__17cSC3DisasterLayerRC14sIGZRectUint32	cSC3DisasterLayer::IntersectsVisibleRect(sIGZRectUint32 const &)
0004b110	NotifyOnChange__17cSC3DisasterLayerPFP21cISC3DisasterInstance19tDisasterChangeTypePv_vPv	cSC3DisasterLayer::NotifyOnChange(void (*)(cISC3DisasterInstance *, tDisasterChangeType, void *), void *)
0004b234	ProcessUnprocessedInstList__17cSC3DisasterLayer	cSC3DisasterLayer::ProcessUnprocessedInstList(void)
0004b3a4	RegisterDisaster__17cSC3DisasterLayerRC9cRZStringT1Pv	cSC3DisasterLayer::RegisterDisaster(cRZString const &, cRZString const &, void *)
0004b52c	Save__17cSC3DisasterLayerP9cISC3CityP13cIGZDBSegment	cSC3DisasterLayer::Save(cISC3City *, cIGZDBSegment *)
0004b770	Shutdown__17cSC3DisasterLayer	cSC3DisasterLayer::Shutdown(void)
0004bd04	SimulationBegin__17cSC3DisasterLayer	cSC3DisasterLayer::SimulationBegin(void)
0004be70	StaticInit__17cSC3DisasterLayerP19cISC3CityDefinition	cSC3DisasterLayer::StaticInit(cISC3CityDefinition *)
0004d738	StaticShutdown__17cSC3DisasterLayer	cSC3DisasterLayer::StaticShutdown(void)
0004d83c	StopNotifyingOnChange__17cSC3DisasterLayerPFP21cISC3DisasterInstance19tDisasterChangeTypePv_vPv	cSC3DisasterLayer::StopNotifyingOnChange(void (*)(cISC3DisasterInstance *, tDisasterChangeType, void *), void *)
0004d8ec	Apply__41cSC3DisasterInstanceMinuteTickManipulatorR14cISC3CityAgent	cSC3DisasterInstanceMinuteTickManipulator::Apply(cISC3CityAgent &)
0004da00	Apply__38cSC3DisasterInstanceDayTickManipulatorR14cISC3CityAgent	cSC3DisasterInstanceDayTickManipulator::Apply(cISC3CityAgent &)
0004db04	Next__24cSC3DisasterListIterator	cSC3DisasterListIterator::Next(void)
0004dcf0	DisastersEnabled__17cSC3DisasterLayer	cSC3DisasterLayer::DisastersEnabled(void)
0004dd00	GetActiveDisasterCount__17cSC3DisasterLayer	cSC3DisasterLayer::GetActiveDisasterCount(void)
0004dd10	IsSimulationRunning__17cSC3DisasterLayer	cSC3DisasterLayer::IsSimulationRunning(void)
0004dd20	GetLayerType__17cSC3DisasterLayer	cSC3DisasterLayer::GetLayerType(void)
0004dd30	__28cSC3DisasterLayerManipulator	cSC3DisasterLayerManipulator::cSC3DisasterLayerManipulator(void)
0004dd74	_._28cSC3DisasterLayerManipulator	cSC3DisasterLayerManipulator::~cSC3DisasterLayerManipulator(void)
0004dda8	SetPointerToDisasterLayer__28cSC3DisasterLayerManipulatorP17cSC3DisasterLayer	cSC3DisasterLayerManipulator::SetPointerToDisasterLayer(cSC3DisasterLayer *)
0004ddb8	IsLockingCity__28cSC3DisasterLayerManipulator	cSC3DisasterLayerManipulator::IsLockingCity(void)
0004ddc4	IsLockingCity__30cSC3DisasterManagerManipulator	cSC3DisasterManagerManipulator::IsLockingCity(void)
0004ddd0	IsLockingCity__41cSC3DisasterInstanceMinuteTickManipulator	cSC3DisasterInstanceMinuteTickManipulator::IsLockingCity(void)
0004dddc	IsLockingCity__38cSC3DisasterInstanceDayTickManipulator	cSC3DisasterInstanceDayTickManipulator::IsLockingCity(void)
0004dde8	AddRef__17cSC3DisasterLayer	cSC3DisasterLayer::AddRef(void)
0004de04	AttemptDisasterStart__17cSC3DisasterLayerUi	cSC3DisasterLayer::AttemptDisasterStart(unsigned int)
0004de60	BeginEmergencyMode__17cSC3DisasterLayer	cSC3DisasterLayer::BeginEmergencyMode(void)
0004de88	ComputeSurroundRect__17cSC3DisasterLayerRC14sIGZRectUint32R14sIGZRectUint32Ui	cSC3DisasterLayer::ComputeSurroundRect(sIGZRectUint32 const &, sIGZRectUint32 &, unsigned int)
0004df04	CreateActiveDisasterIterator__17cSC3DisasterLayer	cSC3DisasterLayer::CreateActiveDisasterIterator(void)
0004df98	CreateDisasterListIterator__17cSC3DisasterLayer	cSC3DisasterLayer::CreateDisasterListIterator(void)
0004e030	CreditDisasterReliefFund__17cSC3DisasterLayer	cSC3DisasterLayer::CreditDisasterReliefFund(void)
0004e0b0	DeleteActiveDisasterIterator__17cSC3DisasterLayerP25cISC3DisasterListIterator	cSC3DisasterLayer::DeleteActiveDisasterIterator(cISC3DisasterListIterator *)
0004e0dc	DeleteDisasterListIterator__17cSC3DisasterLayerP25cISC3DisasterListIterator	cSC3DisasterLayer::DeleteDisasterListIterator(cISC3DisasterListIterator *)
0004e108	DisasterInstanceStarted__17cSC3DisasterLayerP21cISC3DisasterInstance	cSC3DisasterLayer::DisasterInstanceStarted(cISC3DisasterInstance *)
0004e164	DispatchFirefighters__17cSC3DisasterLayerUiUi	cSC3DisasterLayer::DispatchFirefighters(unsigned int, unsigned int)
0004e1a4	DispatchPolice__17cSC3DisasterLayerUiUi	cSC3DisasterLayer::DispatchPolice(unsigned int, unsigned int)
0004e1e0	DispatchPlane__17cSC3DisasterLayerUiUi	cSC3DisasterLayer::DispatchPlane(unsigned int, unsigned int)
0004e200	DoInternalStuffRelatedToInstanceChange__17cSC3DisasterLayerP21cISC3DisasterInstance19tDisasterChangeType	cSC3DisasterLayer::DoInternalStuffRelatedToInstanceChange(cISC3DisasterInstance *, tDisasterChangeType)
0004e2a8	DoSimulationDailyTick__17cSC3DisasterLayer	cSC3DisasterLayer::DoSimulationDailyTick(void)
0004e2f4	EnableDisasters__17cSC3DisasterLayerb	cSC3DisasterLayer::EnableDisasters(bool)
0004e334	EndEmergencyMode__17cSC3DisasterLayer	cSC3DisasterLayer::EndEmergencyMode(void)
0004e3ac	GetDemolitionCost__17cSC3DisasterLayerP13cISC3Occupant	cSC3DisasterLayer::GetDemolitionCost(cISC3Occupant *)
0004e440	GetDisasterManager__17cSC3DisasterLayerUi	cSC3DisasterLayer::GetDisasterManager(unsigned int)
0004e490	GetManipulator__17cSC3DisasterLayerRC18cISC3CityAgentTypePP25cISC3CityLayerManipulatorRi	cSC3DisasterLayer::GetManipulator(cISC3CityAgentType const &, cISC3CityLayerManipulator **, int &)
0004e52c	GetVariantValue__17cSC3DisasterLayerG7cRZRect	cSC3DisasterLayer::GetVariantValue(cRZRect)
0004e5d0	GetVisibleRect__17cSC3DisasterLayerR14sIGZRectUint32	cSC3DisasterLayer::GetVisibleRect(sIGZRectUint32 &)
0004e648	InformChange__17cSC3DisasterLayerP21cISC3DisasterInstance19tDisasterChangeType	cSC3DisasterLayer::InformChange(cISC3DisasterInstance *, tDisasterChangeType)
0004e6a4	Init__17cSC3DisasterLayerP9cISC3CityP13cISC2Importer	cSC3DisasterLayer::Init(cISC3City *, cISC2Importer *)
0004e6b4	IsInVisibleRect__17cSC3DisasterLayerUiUi	cSC3DisasterLayer::IsInVisibleRect(unsigned int, unsigned int)
0004e744	PutDestroyedFlora__17cSC3DisasterLayerUiUiUiUi	cSC3DisasterLayer::PutDestroyedFlora(unsigned int, unsigned int, unsigned int, unsigned int)
0004e870	PutDestroyedBuilding__17cSC3DisasterLayerUiUiUcP19cISC3OccupantAttribi	cSC3DisasterLayer::PutDestroyedBuilding(unsigned int, unsigned int, unsigned char, cISC3OccupantAttrib *, int)
0004e978	QueryInterface__17cSC3DisasterLayerUiPPv	cSC3DisasterLayer::QueryInterface(unsigned int, void **)
0004ea30	Release__17cSC3DisasterLayer	cSC3DisasterLayer::Release(void)
0004ea78	SetButtonStatus__17cSC3DisasterLayerUib	cSC3DisasterLayer::SetButtonStatus(unsigned int, bool)
0004eadc	SimulationEnd__17cSC3DisasterLayer	cSC3DisasterLayer::SimulationEnd(void)
0004eb90	UpdateGoToDisasterCount__17cSC3DisasterLayerb	cSC3DisasterLayer::UpdateGoToDisasterCount(bool)
0004ec64	UpdateFireDispatchCount__17cSC3DisasterLayerb	cSC3DisasterLayer::UpdateFireDispatchCount(bool)
0004ed34	UpdatePlaneDispatchCount__17cSC3DisasterLayerb	cSC3DisasterLayer::UpdatePlaneDispatchCount(bool)
0004ee04	UpdatePoliceDispatchCount__17cSC3DisasterLayerb	cSC3DisasterLayer::UpdatePoliceDispatchCount(bool)
0004eed0	AddRef__28cSC3DisasterLayerManipulator	cSC3DisasterLayerManipulator::AddRef(void)
0004eeec	Apply__28cSC3DisasterLayerManipulatorR14cISC3CityAgent	cSC3DisasterLayerManipulator::Apply(cISC3CityAgent &)
0004ef3c	DebugClassTag__28cSC3DisasterLayerManipulatorR10cIGZString	cSC3DisasterLayerManipulator::DebugClassTag(cIGZString &)
0004ef48	DebugInstanceTag__28cSC3DisasterLayerManipulatorR10cIGZString	cSC3DisasterLayerManipulator::DebugInstanceTag(cIGZString &)
0004ef54	DebugTypeTag__28cSC3DisasterLayerManipulatorR10cIGZString	cSC3DisasterLayerManipulator::DebugTypeTag(cIGZString &)
0004ef64	QueryInterface__28cSC3DisasterLayerManipulatorUiPPv	cSC3DisasterLayerManipulator::QueryInterface(unsigned int, void **)
0004efc4	Release__28cSC3DisasterLayerManipulator	cSC3DisasterLayerManipulator::Release(void)
0004f00c	Apply__30cSC3DisasterManagerManipulatorR14cISC3CityAgent	cSC3DisasterManagerManipulator::Apply(cISC3CityAgent &)
0004f064	DebugClassTag__30cSC3DisasterManagerManipulatorR10cIGZString	cSC3DisasterManagerManipulator::DebugClassTag(cIGZString &)
0004f070	DebugInstanceTag__30cSC3DisasterManagerManipulatorR10cIGZString	cSC3DisasterManagerManipulator::DebugInstanceTag(cIGZString &)
0004f07c	DebugTypeTag__30cSC3DisasterManagerManipulatorR10cIGZString	cSC3DisasterManagerManipulator::DebugTypeTag(cIGZString &)
0004f088	DebugClassTag__41cSC3DisasterInstanceMinuteTickManipulatorR10cIGZString	cSC3DisasterInstanceMinuteTickManipulator::DebugClassTag(cIGZString &)
0004f094	DebugInstanceTag__41cSC3DisasterInstanceMinuteTickManipulatorR10cIGZString	cSC3DisasterInstanceMinuteTickManipulator::DebugInstanceTag(cIGZString &)
0004f0a0	DebugTypeTag__41cSC3DisasterInstanceMinuteTickManipulatorR10cIGZString	cSC3DisasterInstanceMinuteTickManipulator::DebugTypeTag(cIGZString &)
0004f0ac	DebugClassTag__38cSC3DisasterInstanceDayTickManipulatorR10cIGZString	cSC3DisasterInstanceDayTickManipulator::DebugClassTag(cIGZString &)
0004f0b8	DebugInstanceTag__38cSC3DisasterInstanceDayTickManipulatorR10cIGZString	cSC3DisasterInstanceDayTickManipulator::DebugInstanceTag(cIGZString &)
0004f0c4	DebugTypeTag__38cSC3DisasterInstanceDayTickManipulatorR10cIGZString	cSC3DisasterInstanceDayTickManipulator::DebugTypeTag(cIGZString &)
0004f0d4	__24cSC3DisasterListIteratorP17cSC3DisasterLayer	cSC3DisasterListIterator::cSC3DisasterListIterator(cSC3DisasterLayer *)
0004f114	Rewind__24cSC3DisasterListIterator	cSC3DisasterListIterator::Rewind(void)
0004f138	__26cSC3ActiveDisasterIteratorP17cSC3DisasterLayer	cSC3ActiveDisasterIterator::cSC3ActiveDisasterIterator(cSC3DisasterLayer *)
0004f178	Next__26cSC3ActiveDisasterIterator	cSC3ActiveDisasterIterator::Next(void)
0004f1d8	Rewind__26cSC3ActiveDisasterIterator	cSC3ActiveDisasterIterator::Rewind(void)
0004f24c	DoQueryInfo__17cSC3DisasterLayerR10cGZMessageP11cIGZUnknown	cSC3DisasterLayer::DoQueryInfo(cGZMessage &, cIGZUnknown *)
0004f258	DebugClassTag__17cSC3DisasterLayerR10cIGZString	cSC3DisasterLayer::DebugClassTag(cIGZString &)
0004f264	DebugTypeTag__17cSC3DisasterLayerR10cIGZString	cSC3DisasterLayer::DebugTypeTag(cIGZString &)
0004f270	CreateMapSprite__17cSC3DisasterLayerUiUiPPv	cSC3DisasterLayer::CreateMapSprite(unsigned int, unsigned int, void **)
0004f27c	GetMapSpriteCount__17cSC3DisasterLayer	cSC3DisasterLayer::GetMapSpriteCount(void)
0004f288	GetSpriteIdFromIndex__17cSC3DisasterLayerUiRUi	cSC3DisasterLayer::GetSpriteIdFromIndex(unsigned int, unsigned int &)
0004f294	GetInfoStringCount__17cSC3DisasterLayerUi	cSC3DisasterLayer::GetInfoStringCount(unsigned int)
0004f2a0	GetInfoStrings__17cSC3DisasterLayerUiUiUiUiRUiR10cIGZStringT6	cSC3DisasterLayer::GetInfoStrings(unsigned int, unsigned int, unsigned int, unsigned int, unsigned int &, cIGZString &, cIGZString &)
0004f2b4	__26cSC3LocustsDisasterManager	cSC3LocustsDisasterManager::cSC3LocustsDisasterManager(void)
0004f420	_._26cSC3LocustsDisasterManager	cSC3LocustsDisasterManager::~cSC3LocustsDisasterManager(void)
0004f588	Init__26cSC3LocustsDisasterManagerP18cISC3DisasterLayerP9cISC3City	cSC3LocustsDisasterManager::Init(cISC3DisasterLayer *, cISC3City *)
0004f940	Shutdown__26cSC3LocustsDisasterManager	cSC3LocustsDisasterManager::Shutdown(void)
0004faf4	DoMessage__26cSC3LocustsDisasterManagerR10cGZMessage	cSC3LocustsDisasterManager::DoMessage(cGZMessage &)
0004fc90	AttemptDisasterStart__26cSC3LocustsDisasterManager	cSC3LocustsDisasterManager::AttemptDisasterStart(void)
0004fe0c	ClearDisasterHistory__26cSC3LocustsDisasterManager	cSC3LocustsDisasterManager::ClearDisasterHistory(void)
0004fe54	StaticInit__26cSC3LocustsDisasterManager	cSC3LocustsDisasterManager::StaticInit(void)
00054674	Init__26cSC3LocustsDisasterManagerP9cISC3CityP13cIGZDBSegment	cSC3LocustsDisasterManager::Init(cISC3City *, cIGZDBSegment *)
000549b8	Save__26cSC3LocustsDisasterManagerP9cISC3CityP13cIGZDBSegment	cSC3LocustsDisasterManager::Save(cISC3City *, cIGZDBSegment *)
00054cd8	Tick__26cSC3LocustsDisasterManager	cSC3LocustsDisasterManager::Tick(void)
00054ea4	IsTileATargetedCrop__26cSC3LocustsDisasterManagerUiUi	cSC3LocustsDisasterManager::IsTileATargetedCrop(unsigned int, unsigned int)
00054fd8	__27cSC3LocustsDisasterInstance	cSC3LocustsDisasterInstance::cSC3LocustsDisasterInstance(void)
000552f4	_._27cSC3LocustsDisasterInstance	cSC3LocustsDisasterInstance::~cSC3LocustsDisasterInstance(void)
00055424	Init__27cSC3LocustsDisasterInstanceP26cSC3LocustsDisasterManagerScbT3	cSC3LocustsDisasterInstance::Init(cSC3LocustsDisasterManager *, signed char, bool, bool)
0005557c	Shutdown__27cSC3LocustsDisasterInstance	cSC3LocustsDisasterInstance::Shutdown(void)
000556f8	GetLocation__27cSC3LocustsDisasterInstanceRUiT1	cSC3LocustsDisasterInstance::GetLocation(unsigned int &, unsigned int &)
00055838	Tick__27cSC3LocustsDisasterInstanceQ218cISC3DisasterLayer9tTickTypeb	cSC3LocustsDisasterInstance::Tick(cISC3DisasterLayer::tTickType, bool)
00055cb0	StartAttack__27cSC3LocustsDisasterInstance	cSC3LocustsDisasterInstance::StartAttack(void)
00055f98	ShowNewstickerMessage__27cSC3LocustsDisasterInstancei	cSC3LocustsDisasterInstance::ShowNewstickerMessage(int)
00056224	DoMessage__27cSC3LocustsDisasterInstanceR10cGZMessage	cSC3LocustsDisasterInstance::DoMessage(cGZMessage &)
0005640c	DispatchPlane__27cSC3LocustsDisasterInstanceUiUi	cSC3LocustsDisasterInstance::DispatchPlane(unsigned int, unsigned int)
000568a8	RevokeDispatch__27cSC3LocustsDisasterInstanceUiUi	cSC3LocustsDisasterInstance::RevokeDispatch(unsigned int, unsigned int)
00056a84	RevokeAllDispatches__27cSC3LocustsDisasterInstance	cSC3LocustsDisasterInstance::RevokeAllDispatches(void)
00056b00	AddDustedArea__27cSC3LocustsDisasterInstanceG8cRZPoint	cSC3LocustsDisasterInstance::AddDustedArea(cRZPoint)
00056bb0	IsSwarmPoisoned__27cSC3LocustsDisasterInstanceG8cRZPoint	cSC3LocustsDisasterInstance::IsSwarmPoisoned(cRZPoint)
00056d18	AddRef__26cSC3LocustsDisasterManager	cSC3LocustsDisasterManager::AddRef(void)
00056d44	Release__26cSC3LocustsDisasterManager	cSC3LocustsDisasterManager::Release(void)
00056d6c	GetDisasterID__27cSC3LocustsDisasterInstance	cSC3LocustsDisasterInstance::GetDisasterID(void)
00056d78	Manager__27cSC3LocustsDisasterInstance	cSC3LocustsDisasterInstance::Manager(void)
00056d90	AfflictedOccupant__27cSC3LocustsDisasterInstance	cSC3LocustsDisasterInstance::AfflictedOccupant(void)
00056da0	GetDisasterHistory__C27cSC3LocustsDisasterInstancePQ228cISC3DisasterLocustsInstance23LocustsVisitationRecordRUi	cSC3LocustsDisasterInstance::GetDisasterHistory(cISC3DisasterLocustsInstance::LocustsVisitationRecord *, unsigned int &) const
00056de0	StartLocustsAttack__26cSC3LocustsDisasterManagerb	cSC3LocustsDisasterManager::StartLocustsAttack(bool)
00056e24	ChangeEatingSoundCount__26cSC3LocustsDisasterManagerb	cSC3LocustsDisasterManager::ChangeEatingSoundCount(bool)
00056ea4	ChangeOnScreenEatingSoundCount__26cSC3LocustsDisasterManagerb	cSC3LocustsDisasterManager::ChangeOnScreenEatingSoundCount(bool)
00056f30	ChangeVisibleSoundCount__26cSC3LocustsDisasterManagerb	cSC3LocustsDisasterManager::ChangeVisibleSoundCount(bool)
00056fb4	DecrementActiveSoundCount__26cSC3LocustsDisasterManager	cSC3LocustsDisasterManager::DecrementActiveSoundCount(void)
00057004	IncrementActiveSoundCount__26cSC3LocustsDisasterManager	cSC3LocustsDisasterManager::IncrementActiveSoundCount(void)
0005704c	DisasterInstanceStopped__26cSC3LocustsDisasterManagerP27cSC3LocustsDisasterInstance	cSC3LocustsDisasterManager::DisasterInstanceStopped(cSC3LocustsDisasterInstance *)
0005709c	RecordLocustsHistory__26cSC3LocustsDisasterManagerP27cSC3LocustsDisasterInstance	cSC3LocustsDisasterManager::RecordLocustsHistory(cSC3LocustsDisasterInstance *)
000570f0	GetDisasterHistory__C26cSC3LocustsDisasterManagerPQ228cISC3DisasterLocustsInstance23LocustsVisitationRecordRUi	cSC3LocustsDisasterManager::GetDisasterHistory(cISC3DisasterLocustsInstance::LocustsVisitationRecord *, unsigned int &) const
00057188	QueryInterface__26cSC3LocustsDisasterManagerUiPPv	cSC3LocustsDisasterManager::QueryInterface(unsigned int, void **)
00057214	StaticShutdown__26cSC3LocustsDisasterManager	cSC3LocustsDisasterManager::StaticShutdown(void)
00057224	GetFarmTargetList__26cSC3LocustsDisasterManagerP16cRZ3DPointUint32RUiUi	cSC3LocustsDisasterManager::GetFarmTargetList(cRZ3DPointUint32 *, unsigned int &, unsigned int)
0005733c	StopInstance__26cSC3LocustsDisasterManagerP21cISC3DisasterInstance	cSC3LocustsDisasterManager::StopInstance(cISC3DisasterInstance *)
00057364	AddRef__27cSC3LocustsDisasterInstance	cSC3LocustsDisasterInstance::AddRef(void)
00057380	InitFromIncompleteInstance__27cSC3LocustsDisasterInstanceP26cSC3LocustsDisasterManagerRCQ228cISC3DisasterLocustsInstance23LocustsVisitationRecord	cSC3LocustsDisasterInstance::InitFromIncompleteInstance(cSC3LocustsDisasterManager *, cISC3DisasterLocustsInstance::LocustsVisitationRecord const &)
0005745c	GetDirectlyAffectedCells__27cSC3LocustsDisasterInstanceR14sIGZRectUint32	cSC3LocustsDisasterInstance::GetDirectlyAffectedCells(sIGZRectUint32 &)
000574f0	IsActive__27cSC3LocustsDisasterInstance	cSC3LocustsDisasterInstance::IsActive(void)
0005752c	Cost__27cSC3LocustsDisasterInstance	cSC3LocustsDisasterInstance::Cost(void)
0005753c	NumberOfOccupantsDamaged__27cSC3LocustsDisasterInstance	cSC3LocustsDisasterInstance::NumberOfOccupantsDamaged(void)
00057550	GetCurrentLocustsCount__27cSC3LocustsDisasterInstance	cSC3LocustsDisasterInstance::GetCurrentLocustsCount(void)
0005758c	GetCurrentLocustsVisitationRecord__27cSC3LocustsDisasterInstanceRQ228cISC3DisasterLocustsInstance23LocustsVisitationRecord	cSC3LocustsDisasterInstance::GetCurrentLocustsVisitationRecord(cISC3DisasterLocustsInstance::LocustsVisitationRecord &)
000575ac	PanicEffect__27cSC3LocustsDisasterInstanceUi	cSC3LocustsDisasterInstance::PanicEffect(unsigned int)
000575dc	PanicRadius__27cSC3LocustsDisasterInstance	cSC3LocustsDisasterInstance::PanicRadius(void)
00057600	QueryInterface__27cSC3LocustsDisasterInstanceUiPPv	cSC3LocustsDisasterInstance::QueryInterface(unsigned int, void **)
00057680	Tick__27cSC3LocustsDisasterInstanceQ218cISC3DisasterLayer9tTickType	cSC3LocustsDisasterInstance::Tick(cISC3DisasterLayer::tTickType)
000576b4	Release__27cSC3LocustsDisasterInstance	cSC3LocustsDisasterInstance::Release(void)
000576fc	StopAttack__27cSC3LocustsDisasterInstance	cSC3LocustsDisasterInstance::StopAttack(void)
00057760	RemoveNewstickerMessages__27cSC3LocustsDisasterInstance	cSC3LocustsDisasterInstance::RemoveNewstickerMessages(void)
000577e0	DestroyCell__27cSC3LocustsDisasterInstanceii	cSC3LocustsDisasterInstance::DestroyCell(int, int)
000578a4	AttemptDisasterStart__23cSC3RiotDisasterManager	cSC3RiotDisasterManager::AttemptDisasterStart(void)
00057970	CreateFromSavedInstance__23cSC3RiotDisasterManagerRQ223cSC3RiotDisasterManager18tSavedRiotInstance	cSC3RiotDisasterManager::CreateFromSavedInstance(cSC3RiotDisasterManager::tSavedRiotInstance &)
00057a60	__23cSC3RiotDisasterManager	cSC3RiotDisasterManager::cSC3RiotDisasterManager(void)
00057ba0	_._23cSC3RiotDisasterManager	cSC3RiotDisasterManager::~cSC3RiotDisasterManager(void)
00057c8c	DoMessage__23cSC3RiotDisasterManagerR10cGZMessage	cSC3RiotDisasterManager::DoMessage(cGZMessage &)
00057d14	GetRoadTileAroundPoint__23cSC3RiotDisasterManagerRP13cISC3OccupantUiUi	cSC3RiotDisasterManager::GetRoadTileAroundPoint(cISC3Occupant *&, unsigned int, unsigned int)
00057f68	Init__23cSC3RiotDisasterManagerP18cISC3DisasterLayerP9cISC3City	cSC3RiotDisasterManager::Init(cISC3DisasterLayer *, cISC3City *)
00058168	Init__23cSC3RiotDisasterManagerP9cISC3CityP13cIGZDBSegment	cSC3RiotDisasterManager::Init(cISC3City *, cIGZDBSegment *)
000583c4	ProcessIniFileEntry__23cSC3RiotDisasterManagerRC9cRZStringT1Pv	cSC3RiotDisasterManager::ProcessIniFileEntry(cRZString const &, cRZString const &, void *)
00058730	Save__23cSC3RiotDisasterManagerP9cISC3CityP13cIGZDBSegment	cSC3RiotDisasterManager::Save(cISC3City *, cIGZDBSegment *)
00058a24	Shutdown__23cSC3RiotDisasterManager	cSC3RiotDisasterManager::Shutdown(void)
00058b8c	StartRiotIfLowAura__23cSC3RiotDisasterManager	cSC3RiotDisasterManager::StartRiotIfLowAura(void)
00058e94	StartRiotOnTile__23cSC3RiotDisasterManagerP13cISC3Occupantb	cSC3RiotDisasterManager::StartRiotOnTile(cISC3Occupant *, bool)
00058fa4	StaticInit__23cSC3RiotDisasterManager	cSC3RiotDisasterManager::StaticInit(void)
00059a68	Tick__23cSC3RiotDisasterManager	cSC3RiotDisasterManager::Tick(void)
00059c30	CompensateForDisappearedRiotCrowd__24cSC3RiotDisasterInstance	cSC3RiotDisasterInstance::CompensateForDisappearedRiotCrowd(void)
00059de0	__24cSC3RiotDisasterInstance	cSC3RiotDisasterInstance::cSC3RiotDisasterInstance(void)
00059ff0	RiotCrowdEntersPathOnTile__24cSC3RiotDisasterInstanceUiUi	cSC3RiotDisasterInstance::RiotCrowdEntersPathOnTile(unsigned int, unsigned int)
0005a154	RiotCrowdLeavesPathOnTile__24cSC3RiotDisasterInstanceUiUi	cSC3RiotDisasterInstance::RiotCrowdLeavesPathOnTile(unsigned int, unsigned int)
0005a638	ShowNewstickerMessage__24cSC3RiotDisasterInstancei	cSC3RiotDisasterInstance::ShowNewstickerMessage(int)
0005a890	Shutdown__24cSC3RiotDisasterInstance	cSC3RiotDisasterInstance::Shutdown(void)
0005ab2c	Tick__24cSC3RiotDisasterInstanceQ218cISC3DisasterLayer9tTickTypeb	cSC3RiotDisasterInstance::Tick(cISC3DisasterLayer::tTickType, bool)
0005aef4	UpdateSoundBasedOnVisibility__24cSC3RiotDisasterInstance	cSC3RiotDisasterInstance::UpdateSoundBasedOnVisibility(void)
0005afd8	AddRef__23cSC3RiotDisasterManager	cSC3RiotDisasterManager::AddRef(void)
0005b004	Release__23cSC3RiotDisasterManager	cSC3RiotDisasterManager::Release(void)
0005b02c	GetDisasterID__24cSC3RiotDisasterInstance	cSC3RiotDisasterInstance::GetDisasterID(void)
0005b038	Manager__24cSC3RiotDisasterInstance	cSC3RiotDisasterInstance::Manager(void)
0005b050	GetState__24cSC3RiotDisasterInstance	cSC3RiotDisasterInstance::GetState(void)
0005b060	AfflictedOccupant__24cSC3RiotDisasterInstance	cSC3RiotDisasterInstance::AfflictedOccupant(void)
0005b070	GetDisasterHistory__C24cSC3RiotDisasterInstancePQ225cISC3DisasterRiotInstance10RiotRecordRUi	cSC3RiotDisasterInstance::GetDisasterHistory(cISC3DisasterRiotInstance::RiotRecord *, unsigned int &) const
0005b0a4	DecrementNumActiveInstances__23cSC3RiotDisasterManager	cSC3RiotDisasterManager::DecrementNumActiveInstances(void)
0005b0f4	DecrementNumInstances__23cSC3RiotDisasterManager	cSC3RiotDisasterManager::DecrementNumInstances(void)
0005b110	DecrementNumVisibleInstances__23cSC3RiotDisasterManager	cSC3RiotDisasterManager::DecrementNumVisibleInstances(void)
0005b168	DetermineNumberOfCrowds__23cSC3RiotDisasterManager	cSC3RiotDisasterManager::DetermineNumberOfCrowds(void)
0005b1f8	DisasterInstanceStopped__23cSC3RiotDisasterManagerP24cSC3RiotDisasterInstance	cSC3RiotDisasterManager::DisasterInstanceStopped(cSC3RiotDisasterInstance *)
0005b250	GetDisasterHistory__C23cSC3RiotDisasterManagerPQ225cISC3DisasterRiotInstance10RiotRecordRUi	cSC3RiotDisasterManager::GetDisasterHistory(cISC3DisasterRiotInstance::RiotRecord *, unsigned int &) const
0005b260	GetUnemploymentPercentage__23cSC3RiotDisasterManager	cSC3RiotDisasterManager::GetUnemploymentPercentage(void)
0005b2b0	IncrementNumActiveInstances__23cSC3RiotDisasterManager	cSC3RiotDisasterManager::IncrementNumActiveInstances(void)
0005b2fc	IncrementNumInstances__23cSC3RiotDisasterManager	cSC3RiotDisasterManager::IncrementNumInstances(void)
0005b310	IncrementNumVisibleInstances__23cSC3RiotDisasterManager	cSC3RiotDisasterManager::IncrementNumVisibleInstances(void)
0005b364	IsRoadTile__23cSC3RiotDisasterManagerP13cISC3Occupant	cSC3RiotDisasterManager::IsRoadTile(cISC3Occupant *)
0005b398	QueryInterface__23cSC3RiotDisasterManagerUiPPv	cSC3RiotDisasterManager::QueryInterface(unsigned int, void **)
0005b404	RecordRiotHistory__23cSC3RiotDisasterManagerP24cSC3RiotDisasterInstance	cSC3RiotDisasterManager::RecordRiotHistory(cSC3RiotDisasterInstance *)
0005b410	SelectRandomTileForRiot__23cSC3RiotDisasterManagerRP13cISC3Occupant	cSC3RiotDisasterManager::SelectRandomTileForRiot(cISC3Occupant *&)
0005b4d4	StartRiot__23cSC3RiotDisasterManagerUiUib	cSC3RiotDisasterManager::StartRiot(unsigned int, unsigned int, bool)
0005b544	ValidateTunables__23cSC3RiotDisasterManager	cSC3RiotDisasterManager::ValidateTunables(void)
0005b5f4	StaticShutdown__23cSC3RiotDisasterManager	cSC3RiotDisasterManager::StaticShutdown(void)
0005b604	StopInstance__23cSC3RiotDisasterManagerP21cISC3DisasterInstance	cSC3RiotDisasterManager::StopInstance(cISC3DisasterInstance *)
0005b638	AddRef__24cSC3RiotDisasterInstance	cSC3RiotDisasterInstance::AddRef(void)
0005b650	Cost__24cSC3RiotDisasterInstance	cSC3RiotDisasterInstance::Cost(void)
0005b664	CreateRiotCrowdAtLocation__24cSC3RiotDisasterInstanceUiUi	cSC3RiotDisasterInstance::CreateRiotCrowdAtLocation(unsigned int, unsigned int)
0005b6fc	CreateRiotCrowdAtTile__24cSC3RiotDisasterInstanceP13cISC3Occupant	cSC3RiotDisasterInstance::CreateRiotCrowdAtTile(cISC3Occupant *)
0005b7a0	_._24cSC3RiotDisasterInstance	cSC3RiotDisasterInstance::~cSC3RiotDisasterInstance(void)
0005b808	EndRiot__24cSC3RiotDisasterInstance	cSC3RiotDisasterInstance::EndRiot(void)
0005b87c	FireballHitOccupant__24cSC3RiotDisasterInstanceUiUi	cSC3RiotDisasterInstance::FireballHitOccupant(unsigned int, unsigned int)
0005b910	GetDirectlyAffectedCells__24cSC3RiotDisasterInstanceR14sIGZRectUint32	cSC3RiotDisasterInstance::GetDirectlyAffectedCells(sIGZRectUint32 &)
0005b9e0	GetLocation__24cSC3RiotDisasterInstanceRUiT1	cSC3RiotDisasterInstance::GetLocation(unsigned int &, unsigned int &)
0005ba04	InCityCellBounds__24cSC3RiotDisasterInstanceUiUi	cSC3RiotDisasterInstance::InCityCellBounds(unsigned int, unsigned int)
0005ba6c	Init__24cSC3RiotDisasterInstanceP23cSC3RiotDisasterManagerUiUiUiUib	cSC3RiotDisasterInstance::Init(cSC3RiotDisasterManager *, unsigned int, unsigned int, unsigned int, unsigned int, bool)
0005bb18	IsActive__24cSC3RiotDisasterInstance	cSC3RiotDisasterInstance::IsActive(void)
0005bb2c	NumberOfOccupantsDamaged__24cSC3RiotDisasterInstance	cSC3RiotDisasterInstance::NumberOfOccupantsDamaged(void)
0005bb40	PanicEffect__24cSC3RiotDisasterInstanceUi	cSC3RiotDisasterInstance::PanicEffect(unsigned int)
0005bb64	PanicRadius__24cSC3RiotDisasterInstance	cSC3RiotDisasterInstance::PanicRadius(void)
0005bb74	QueryInterface__24cSC3RiotDisasterInstanceUiPPv	cSC3RiotDisasterInstance::QueryInterface(unsigned int, void **)
0005bbf0	Release__24cSC3RiotDisasterInstance	cSC3RiotDisasterInstance::Release(void)
0005bc64	RemoveNewstickerMessages__24cSC3RiotDisasterInstance	cSC3RiotDisasterInstance::RemoveNewstickerMessages(void)
0005bce4	RestoreOccupantState__24cSC3RiotDisasterInstanceUiRQ224cSC3RiotDisasterInstance17tOccupiedTileInfo	cSC3RiotDisasterInstance::RestoreOccupantState(unsigned int, cSC3RiotDisasterInstance::tOccupiedTileInfo &)
0005bd70	RiotCrowdDisappeared__24cSC3RiotDisasterInstance	cSC3RiotDisasterInstance::RiotCrowdDisappeared(void)
0005bd84	Tick__24cSC3RiotDisasterInstanceQ218cISC3DisasterLayer9tTickType	cSC3RiotDisasterInstance::Tick(cISC3DisasterLayer::tTickType)
0005bdc4	__24cSC3SmiteDisasterManager	cSC3SmiteDisasterManager::cSC3SmiteDisasterManager(void)
0005bf40	_._24cSC3SmiteDisasterManager	cSC3SmiteDisasterManager::~cSC3SmiteDisasterManager(void)
0005c098	Init__24cSC3SmiteDisasterManagerP18cISC3DisasterLayerP9cISC3City	cSC3SmiteDisasterManager::Init(cISC3DisasterLayer *, cISC3City *)
0005c268	Shutdown__24cSC3SmiteDisasterManager	cSC3SmiteDisasterManager::Shutdown(void)
0005c444	DoMessage__24cSC3SmiteDisasterManagerR10cGZMessage	cSC3SmiteDisasterManager::DoMessage(cGZMessage &)
0005c568	StartSmite__24cSC3SmiteDisasterManagerfb	cSC3SmiteDisasterManager::StartSmite(float, bool)
0005c6bc	ClearDisasterHistory__24cSC3SmiteDisasterManager	cSC3SmiteDisasterManager::ClearDisasterHistory(void)
0005c700	StaticInit__24cSC3SmiteDisasterManager	cSC3SmiteDisasterManager::StaticInit(void)
0005ca30	Init__24cSC3SmiteDisasterManagerP9cISC3CityP13cIGZDBSegment	cSC3SmiteDisasterManager::Init(cISC3City *, cIGZDBSegment *)
0005cd58	AddEmptyDisasterHistoryRecord__24cSC3SmiteDisasterManager	cSC3SmiteDisasterManager::AddEmptyDisasterHistoryRecord(void)
0005ce1c	Save__24cSC3SmiteDisasterManagerP9cISC3CityP13cIGZDBSegment	cSC3SmiteDisasterManager::Save(cISC3City *, cIGZDBSegment *)
0005d104	Tick__24cSC3SmiteDisasterManager	cSC3SmiteDisasterManager::Tick(void)
0005d204	__25cSC3SmiteDisasterInstance	cSC3SmiteDisasterInstance::cSC3SmiteDisasterInstance(void)
0005d320	Init__25cSC3SmiteDisasterInstanceP24cSC3SmiteDisasterManagerfRC16cRZ3DPointSint32b	cSC3SmiteDisasterInstance::Init(cSC3SmiteDisasterManager *, float, cRZ3DPointSint32 const &, bool)
0005d4c4	InitFromIncompleteInstance__25cSC3SmiteDisasterInstanceP24cSC3SmiteDisasterManagerRCQ226cISC3DisasterSmiteInstance11SmiteRecord	cSC3SmiteDisasterInstance::InitFromIncompleteInstance(cSC3SmiteDisasterManager *, cISC3DisasterSmiteInstance::SmiteRecord const &)
0005d620	Tick__25cSC3SmiteDisasterInstanceQ218cISC3DisasterLayer9tTickType	cSC3SmiteDisasterInstance::Tick(cISC3DisasterLayer::tTickType)
0005d7bc	ShowNewstickerMessage__25cSC3SmiteDisasterInstancei	cSC3SmiteDisasterInstance::ShowNewstickerMessage(int)
0005da24	DestoryOccupantIfPresent__25cSC3SmiteDisasterInstanceiibN23	cSC3SmiteDisasterInstance::DestoryOccupantIfPresent(int, int, bool, bool, bool)
0005ddd8	AddRef__24cSC3SmiteDisasterManager	cSC3SmiteDisasterManager::AddRef(void)
0005de04	Release__24cSC3SmiteDisasterManager	cSC3SmiteDisasterManager::Release(void)
0005de2c	GetDisasterID__25cSC3SmiteDisasterInstance	cSC3SmiteDisasterInstance::GetDisasterID(void)
0005de38	Manager__25cSC3SmiteDisasterInstance	cSC3SmiteDisasterInstance::Manager(void)
0005de50	AfflictedOccupant__25cSC3SmiteDisasterInstance	cSC3SmiteDisasterInstance::AfflictedOccupant(void)
0005de60	GetSmiteScale__C25cSC3SmiteDisasterInstance	cSC3SmiteDisasterInstance::GetSmiteScale(void) const
0005de90	GetSmiteLevel__C25cSC3SmiteDisasterInstance	cSC3SmiteDisasterInstance::GetSmiteLevel(void) const
0005dea4	AttemptDisasterStart__24cSC3SmiteDisasterManager	cSC3SmiteDisasterManager::AttemptDisasterStart(void)
0005df00	DecrementNumInstances__24cSC3SmiteDisasterManager	cSC3SmiteDisasterManager::DecrementNumInstances(void)
0005df30	DisasterInstanceStopped__24cSC3SmiteDisasterManagerP25cSC3SmiteDisasterInstance	cSC3SmiteDisasterManager::DisasterInstanceStopped(cSC3SmiteDisasterInstance *)
0005df80	RecordSmiteHistory__24cSC3SmiteDisasterManagerP25cSC3SmiteDisasterInstance	cSC3SmiteDisasterManager::RecordSmiteHistory(cSC3SmiteDisasterInstance *)
0005dfd8	GetDisasterHistory__C24cSC3SmiteDisasterManagerPQ226cISC3DisasterSmiteInstance11SmiteRecordRUi	cSC3SmiteDisasterManager::GetDisasterHistory(cISC3DisasterSmiteInstance::SmiteRecord *, unsigned int &) const
0005e054	GetLastDisasterHistory__C24cSC3SmiteDisasterManagerPQ226cISC3DisasterSmiteInstance11SmiteRecord	cSC3SmiteDisasterManager::GetLastDisasterHistory(cISC3DisasterSmiteInstance::SmiteRecord *) const
0005e084	QueryInterface__24cSC3SmiteDisasterManagerUiPPv	cSC3SmiteDisasterManager::QueryInterface(unsigned int, void **)
0005e0ec	StaticShutdown__24cSC3SmiteDisasterManager	cSC3SmiteDisasterManager::StaticShutdown(void)
0005e0fc	StopInstance__24cSC3SmiteDisasterManagerP21cISC3DisasterInstance	cSC3SmiteDisasterManager::StopInstance(cISC3DisasterInstance *)
0005e124	MakeRandomSmitePosition__24cSC3SmiteDisasterManagerR16cRZ3DPointSint32	cSC3SmiteDisasterManager::MakeRandomSmitePosition(cRZ3DPointSint32 &)
0005e130	AddRef__25cSC3SmiteDisasterInstance	cSC3SmiteDisasterInstance::AddRef(void)
0005e14c	_._25cSC3SmiteDisasterInstance	cSC3SmiteDisasterInstance::~cSC3SmiteDisasterInstance(void)
0005e1a8	Shutdown__25cSC3SmiteDisasterInstance	cSC3SmiteDisasterInstance::Shutdown(void)
0005e1f8	DoSmiteScaleCalculations__25cSC3SmiteDisasterInstancef	cSC3SmiteDisasterInstance::DoSmiteScaleCalculations(float)
0005e268	DoPreparednessOrdinanceCalculations__25cSC3SmiteDisasterInstanceb	cSC3SmiteDisasterInstance::DoPreparednessOrdinanceCalculations(bool)
0005e280	GetDirectlyAffectedCells__25cSC3SmiteDisasterInstanceR14sIGZRectUint32	cSC3SmiteDisasterInstance::GetDirectlyAffectedCells(sIGZRectUint32 &)
0005e308	GetLocation__25cSC3SmiteDisasterInstanceRUiT1	cSC3SmiteDisasterInstance::GetLocation(unsigned int &, unsigned int &)
0005e32c	GetEpicenterMicro__C25cSC3SmiteDisasterInstanceRiN21	cSC3SmiteDisasterInstance::GetEpicenterMicro(int &, int &, int &) const
0005e354	IsActive__25cSC3SmiteDisasterInstance	cSC3SmiteDisasterInstance::IsActive(void)
0005e36c	PanicEffect__25cSC3SmiteDisasterInstanceUi	cSC3SmiteDisasterInstance::PanicEffect(unsigned int)
0005e39c	PanicRadius__25cSC3SmiteDisasterInstance	cSC3SmiteDisasterInstance::PanicRadius(void)
0005e3bc	GetCurrentSmiteRecord__25cSC3SmiteDisasterInstanceRQ226cISC3DisasterSmiteInstance11SmiteRecord	cSC3SmiteDisasterInstance::GetCurrentSmiteRecord(cISC3DisasterSmiteInstance::SmiteRecord &)
0005e3dc	QueryInterface__25cSC3SmiteDisasterInstanceUiPPv	cSC3SmiteDisasterInstance::QueryInterface(unsigned int, void **)
0005e454	RemoveNewstickerMessages__25cSC3SmiteDisasterInstance	cSC3SmiteDisasterInstance::RemoveNewstickerMessages(void)
0005e4d0	DoMessage__25cSC3SmiteDisasterInstanceR10cGZMessage	cSC3SmiteDisasterInstance::DoMessage(cGZMessage &)
0005e4dc	DoPostSmiteDamage__25cSC3SmiteDisasterInstance	cSC3SmiteDisasterInstance::DoPostSmiteDamage(void)
0005e4ec	Release__25cSC3SmiteDisasterInstance	cSC3SmiteDisasterInstance::Release(void)
0005e554	Cost__25cSC3SmiteDisasterInstance	cSC3SmiteDisasterInstance::Cost(void)
0005e564	NumberOfOccupantsDamaged__25cSC3SmiteDisasterInstance	cSC3SmiteDisasterInstance::NumberOfOccupantsDamaged(void)
0005e584	AreaIsMostlyFlat__FP12cISC3DirtBagRC7cRZRect	AreaIsMostlyFlat(cISC3DirtBag *, cRZRect const &)
0005e670	__30cSC3SpaceDebrisDisasterManager	cSC3SpaceDebrisDisasterManager::cSC3SpaceDebrisDisasterManager(void)
0005e7e0	_._30cSC3SpaceDebrisDisasterManager	cSC3SpaceDebrisDisasterManager::~cSC3SpaceDebrisDisasterManager(void)
0005e948	Init__30cSC3SpaceDebrisDisasterManagerP18cISC3DisasterLayerP9cISC3City	cSC3SpaceDebrisDisasterManager::Init(cISC3DisasterLayer *, cISC3City *)
0005eb18	Shutdown__30cSC3SpaceDebrisDisasterManager	cSC3SpaceDebrisDisasterManager::Shutdown(void)
0005ecf4	DoMessage__30cSC3SpaceDebrisDisasterManagerR10cGZMessage	cSC3SpaceDebrisDisasterManager::DoMessage(cGZMessage &)
0005ee30	StartSpaceDebris__30cSC3SpaceDebrisDisasterManagerfb	cSC3SpaceDebrisDisasterManager::StartSpaceDebris(float, bool)
0005efbc	ClearDisasterHistory__30cSC3SpaceDebrisDisasterManager	cSC3SpaceDebrisDisasterManager::ClearDisasterHistory(void)
0005f004	StaticInit__30cSC3SpaceDebrisDisasterManager	cSC3SpaceDebrisDisasterManager::StaticInit(void)
0005f344	Init__30cSC3SpaceDebrisDisasterManagerP9cISC3CityP13cIGZDBSegment	cSC3SpaceDebrisDisasterManager::Init(cISC3City *, cIGZDBSegment *)
0005f678	AddEmptyDisasterHistoryRecord__30cSC3SpaceDebrisDisasterManager	cSC3SpaceDebrisDisasterManager::AddEmptyDisasterHistoryRecord(void)
0005f72c	Save__30cSC3SpaceDebrisDisasterManagerP9cISC3CityP13cIGZDBSegment	cSC3SpaceDebrisDisasterManager::Save(cISC3City *, cIGZDBSegment *)
0005fa14	Tick__30cSC3SpaceDebrisDisasterManager	cSC3SpaceDebrisDisasterManager::Tick(void)
0005fb30	__31cSC3SpaceDebrisDisasterInstance	cSC3SpaceDebrisDisasterInstance::cSC3SpaceDebrisDisasterInstance(void)
0005fc40	Init__31cSC3SpaceDebrisDisasterInstanceP30cSC3SpaceDebrisDisasterManagerfb	cSC3SpaceDebrisDisasterInstance::Init(cSC3SpaceDebrisDisasterManager *, float, bool)
0005fe50	Shutdown__31cSC3SpaceDebrisDisasterInstance	cSC3SpaceDebrisDisasterInstance::Shutdown(void)
0005ff48	Tick__31cSC3SpaceDebrisDisasterInstanceQ218cISC3DisasterLayer9tTickType	cSC3SpaceDebrisDisasterInstance::Tick(cISC3DisasterLayer::tTickType)
00060180	ShowNewstickerMessage__31cSC3SpaceDebrisDisasterInstancei	cSC3SpaceDebrisDisasterInstance::ShowNewstickerMessage(int)
00060420	DestoryOccupantIfPresent__31cSC3SpaceDebrisDisasterInstanceiiRbbN24	cSC3SpaceDebrisDisasterInstance::DestoryOccupantIfPresent(int, int, bool &, bool, bool, bool)
00060810	DoImpact__31cSC3SpaceDebrisDisasterInstanceiii	cSC3SpaceDebrisDisasterInstance::DoImpact(int, int, int)
00060c1c	DoImpactExplosion__31cSC3SpaceDebrisDisasterInstanceiif	cSC3SpaceDebrisDisasterInstance::DoImpactExplosion(int, int, float)
00060d40	MakeCrater__31cSC3SpaceDebrisDisasterInstanceiif	cSC3SpaceDebrisDisasterInstance::MakeCrater(int, int, float)
000613bc	GetLikelihoodOfSpaceDebrisDisaster__30cSC3SpaceDebrisDisasterManager	cSC3SpaceDebrisDisasterManager::GetLikelihoodOfSpaceDebrisDisaster(void)
000613d8	AddRef__30cSC3SpaceDebrisDisasterManager	cSC3SpaceDebrisDisasterManager::AddRef(void)
00061404	Release__30cSC3SpaceDebrisDisasterManager	cSC3SpaceDebrisDisasterManager::Release(void)
0006142c	GetDisasterID__31cSC3SpaceDebrisDisasterInstance	cSC3SpaceDebrisDisasterInstance::GetDisasterID(void)
00061438	Manager__31cSC3SpaceDebrisDisasterInstance	cSC3SpaceDebrisDisasterInstance::Manager(void)
00061450	AfflictedOccupant__31cSC3SpaceDebrisDisasterInstance	cSC3SpaceDebrisDisasterInstance::AfflictedOccupant(void)
00061460	GetSpaceDebrisScale__C31cSC3SpaceDebrisDisasterInstance	cSC3SpaceDebrisDisasterInstance::GetSpaceDebrisScale(void) const
00061490	GetSpaceDebrisLevel__C31cSC3SpaceDebrisDisasterInstance	cSC3SpaceDebrisDisasterInstance::GetSpaceDebrisLevel(void) const
000614a4	AreaContainsWater__FP12cISC3DirtBagRC7cRZRect	AreaContainsWater(cISC3DirtBag *, cRZRect const &)
00061514	AttemptDisasterStart__30cSC3SpaceDebrisDisasterManager	cSC3SpaceDebrisDisasterManager::AttemptDisasterStart(void)
00061580	DecrementNumInstances__30cSC3SpaceDebrisDisasterManager	cSC3SpaceDebrisDisasterManager::DecrementNumInstances(void)
000615b0	DisasterInstanceStopped__30cSC3SpaceDebrisDisasterManagerP31cSC3SpaceDebrisDisasterInstance	cSC3SpaceDebrisDisasterManager::DisasterInstanceStopped(cSC3SpaceDebrisDisasterInstance *)
00061600	RecordSpaceDebrisHistory__30cSC3SpaceDebrisDisasterManagerP31cSC3SpaceDebrisDisasterInstance	cSC3SpaceDebrisDisasterManager::RecordSpaceDebrisHistory(cSC3SpaceDebrisDisasterInstance *)
00061658	GetDisasterHistory__C30cSC3SpaceDebrisDisasterManagerPQ232cISC3DisasterSpaceDebrisInstance17SpaceDebrisRecordRUi	cSC3SpaceDebrisDisasterManager::GetDisasterHistory(cISC3DisasterSpaceDebrisInstance::SpaceDebrisRecord *, unsigned int &) const
000616f4	GetLastDisasterHistory__C30cSC3SpaceDebrisDisasterManagerPQ232cISC3DisasterSpaceDebrisInstance17SpaceDebrisRecord	cSC3SpaceDebrisDisasterManager::GetLastDisasterHistory(cISC3DisasterSpaceDebrisInstance::SpaceDebrisRecord *) const
00061724	QueryInterface__30cSC3SpaceDebrisDisasterManagerUiPPv	cSC3SpaceDebrisDisasterManager::QueryInterface(unsigned int, void **)
0006178c	StaticShutdown__30cSC3SpaceDebrisDisasterManager	cSC3SpaceDebrisDisasterManager::StaticShutdown(void)
0006179c	StopInstance__30cSC3SpaceDebrisDisasterManagerP21cISC3DisasterInstance	cSC3SpaceDebrisDisasterManager::StopInstance(cISC3DisasterInstance *)
000617c8	_._31cSC3SpaceDebrisDisasterInstance	cSC3SpaceDebrisDisasterInstance::~cSC3SpaceDebrisDisasterInstance(void)
00061828	InitFromIncompleteInstance__31cSC3SpaceDebrisDisasterInstanceP30cSC3SpaceDebrisDisasterManagerRCQ232cISC3DisasterSpaceDebrisInstance17SpaceDebrisRecord	cSC3SpaceDebrisDisasterInstance::InitFromIncompleteInstance(cSC3SpaceDebrisDisasterManager *, cISC3DisasterSpaceDebrisInstance::SpaceDebrisRecord const &)
00061930	DoSpaceDebrisScaleCalculations__31cSC3SpaceDebrisDisasterInstancef	cSC3SpaceDebrisDisasterInstance::DoSpaceDebrisScaleCalculations(float)
00061998	GetDirectlyAffectedCells__31cSC3SpaceDebrisDisasterInstanceR14sIGZRectUint32	cSC3SpaceDebrisDisasterInstance::GetDirectlyAffectedCells(sIGZRectUint32 &)
000619e8	GetLocation__31cSC3SpaceDebrisDisasterInstanceRUiT1	cSC3SpaceDebrisDisasterInstance::GetLocation(unsigned int &, unsigned int &)
00061a0c	IsActive__31cSC3SpaceDebrisDisasterInstance	cSC3SpaceDebrisDisasterInstance::IsActive(void)
00061a24	PanicEffect__31cSC3SpaceDebrisDisasterInstanceUi	cSC3SpaceDebrisDisasterInstance::PanicEffect(unsigned int)
00061a54	PanicRadius__31cSC3SpaceDebrisDisasterInstance	cSC3SpaceDebrisDisasterInstance::PanicRadius(void)
00061a70	GetCurrentSpaceDebrisRecord__31cSC3SpaceDebrisDisasterInstanceRQ232cISC3DisasterSpaceDebrisInstance17SpaceDebrisRecord	cSC3SpaceDebrisDisasterInstance::GetCurrentSpaceDebrisRecord(cISC3DisasterSpaceDebrisInstance::SpaceDebrisRecord &)
00061a90	QueryInterface__31cSC3SpaceDebrisDisasterInstanceUiPPv	cSC3SpaceDebrisDisasterInstance::QueryInterface(unsigned int, void **)
00061b10	RemoveNewstickerMessages__31cSC3SpaceDebrisDisasterInstance	cSC3SpaceDebrisDisasterInstance::RemoveNewstickerMessages(void)
00061b90	DoMessage__31cSC3SpaceDebrisDisasterInstanceR10cGZMessage	cSC3SpaceDebrisDisasterInstance::DoMessage(cGZMessage &)
00061c04	StartFire__31cSC3SpaceDebrisDisasterInstanceii	cSC3SpaceDebrisDisasterInstance::StartFire(int, int)
00061cb0	PlaceTerrainMarredGraphic__31cSC3SpaceDebrisDisasterInstanceiif	cSC3SpaceDebrisDisasterInstance::PlaceTerrainMarredGraphic(int, int, float)
00061d68	DestroyBuildingsInArea__31cSC3SpaceDebrisDisasterInstanceRC7cRZRect	cSC3SpaceDebrisDisasterInstance::DestroyBuildingsInArea(cRZRect const &)
00061e38	GetCraterArea__31cSC3SpaceDebrisDisasterInstanceiifR7cRZRectRb	cSC3SpaceDebrisDisasterInstance::GetCraterArea(int, int, float, cRZRect &, bool &)
00061f48	AlterVerticeAltitude__31cSC3SpaceDebrisDisasterInstanceiiiiiiP12cISC3DirtBag	cSC3SpaceDebrisDisasterInstance::AlterVerticeAltitude(int, int, int, int, int, int, cISC3DirtBag *)
00061fcc	IsAnyBuildingConnectedToVertice__31cSC3SpaceDebrisDisasterInstanceii	cSC3SpaceDebrisDisasterInstance::IsAnyBuildingConnectedToVertice(int, int)
00061fd8	AddRef__31cSC3SpaceDebrisDisasterInstance	cSC3SpaceDebrisDisasterInstance::AddRef(void)
00061ff4	Release__31cSC3SpaceDebrisDisasterInstance	cSC3SpaceDebrisDisasterInstance::Release(void)
00062060	Cost__31cSC3SpaceDebrisDisasterInstance	cSC3SpaceDebrisDisasterInstance::Cost(void)
00062070	NumberOfOccupantsDamaged__31cSC3SpaceDebrisDisasterInstance	cSC3SpaceDebrisDisasterInstance::NumberOfOccupantsDamaged(void)
00062084	AttemptDisasterStart__26cSC3TornadoDisasterManagerb	cSC3TornadoDisasterManager::AttemptDisasterStart(bool)
00062244	__26cSC3TornadoDisasterManager	cSC3TornadoDisasterManager::cSC3TornadoDisasterManager(void)
00062380	_._26cSC3TornadoDisasterManager	cSC3TornadoDisasterManager::~cSC3TornadoDisasterManager(void)
0006246c	DoMessage__26cSC3TornadoDisasterManagerR10cGZMessage	cSC3TornadoDisasterManager::DoMessage(cGZMessage &)
000625d4	Init__26cSC3TornadoDisasterManagerP18cISC3DisasterLayerP9cISC3City	cSC3TornadoDisasterManager::Init(cISC3DisasterLayer *, cISC3City *)
0006275c	Init__26cSC3TornadoDisasterManagerP9cISC3CityP13cIGZDBSegment	cSC3TornadoDisasterManager::Init(cISC3City *, cIGZDBSegment *)
00062a84	ProcessIniFileEntry__26cSC3TornadoDisasterManagerRC9cRZStringT1Pv	cSC3TornadoDisasterManager::ProcessIniFileEntry(cRZString const &, cRZString const &, void *)
00062e10	Save__26cSC3TornadoDisasterManagerP9cISC3CityP13cIGZDBSegment	cSC3TornadoDisasterManager::Save(cISC3City *, cIGZDBSegment *)
000631c4	Shutdown__26cSC3TornadoDisasterManager	cSC3TornadoDisasterManager::Shutdown(void)
000632bc	StaticInit__26cSC3TornadoDisasterManager	cSC3TornadoDisasterManager::StaticInit(void)
00063df8	__27cSC3TornadoDisasterInstance	cSC3TornadoDisasterInstance::cSC3TornadoDisasterInstance(void)
00063f14	DamageOccupantAtNewCellHit__27cSC3TornadoDisasterInstance	cSC3TornadoDisasterInstance::DamageOccupantAtNewCellHit(void)
000640f4	DoMessage__27cSC3TornadoDisasterInstanceR10cGZMessage	cSC3TornadoDisasterInstance::DoMessage(cGZMessage &)
0006430c	ShowNewstickerMessage__27cSC3TornadoDisasterInstancei	cSC3TornadoDisasterInstance::ShowNewstickerMessage(int)
000645f0	Shutdown__27cSC3TornadoDisasterInstance	cSC3TornadoDisasterInstance::Shutdown(void)
00064744	Tick__27cSC3TornadoDisasterInstanceQ218cISC3DisasterLayer9tTickTypeb	cSC3TornadoDisasterInstance::Tick(cISC3DisasterLayer::tTickType, bool)
00064a20	AddRef__26cSC3TornadoDisasterManager	cSC3TornadoDisasterManager::AddRef(void)
00064a4c	Release__26cSC3TornadoDisasterManager	cSC3TornadoDisasterManager::Release(void)
00064a74	GetDisasterID__27cSC3TornadoDisasterInstance	cSC3TornadoDisasterInstance::GetDisasterID(void)
00064a80	Manager__27cSC3TornadoDisasterInstance	cSC3TornadoDisasterInstance::Manager(void)
00064a98	AfflictedOccupant__27cSC3TornadoDisasterInstance	cSC3TornadoDisasterInstance::AfflictedOccupant(void)
00064aa4	GetLevel__27cSC3TornadoDisasterInstance	cSC3TornadoDisasterInstance::GetLevel(void)
00064ab4	GetSpeed__27cSC3TornadoDisasterInstance	cSC3TornadoDisasterInstance::GetSpeed(void)
00064ac8	AttemptDisasterStart__26cSC3TornadoDisasterManager	cSC3TornadoDisasterManager::AttemptDisasterStart(void)
00064b24	CreateFromSavedInstance__26cSC3TornadoDisasterManagerRQ226cSC3TornadoDisasterManager21tSavedTornadoInstance	cSC3TornadoDisasterManager::CreateFromSavedInstance(cSC3TornadoDisasterManager::tSavedTornadoInstance &)
00064c24	DecrementNumActiveInstances__26cSC3TornadoDisasterManager	cSC3TornadoDisasterManager::DecrementNumActiveInstances(void)
00064c74	DecrementNumInstances__26cSC3TornadoDisasterManager	cSC3TornadoDisasterManager::DecrementNumInstances(void)
00064c90	DecrementNumVisibleInstances__26cSC3TornadoDisasterManager	cSC3TornadoDisasterManager::DecrementNumVisibleInstances(void)
00064ce8	DisasterInstanceStopped__26cSC3TornadoDisasterManagerP27cSC3TornadoDisasterInstance	cSC3TornadoDisasterManager::DisasterInstanceStopped(cSC3TornadoDisasterInstance *)
00064d1c	IncrementNumActiveInstances__26cSC3TornadoDisasterManager	cSC3TornadoDisasterManager::IncrementNumActiveInstances(void)
00064d68	IncrementNumInstances__26cSC3TornadoDisasterManager	cSC3TornadoDisasterManager::IncrementNumInstances(void)
00064d7c	IncrementNumVisibleInstances__26cSC3TornadoDisasterManager	cSC3TornadoDisasterManager::IncrementNumVisibleInstances(void)
00064dd0	QueryInterface__26cSC3TornadoDisasterManagerUiPPv	cSC3TornadoDisasterManager::QueryInterface(unsigned int, void **)
00064e3c	StartTornado__26cSC3TornadoDisasterManagerUiUiR17cRZ3DPointFloat32ScfUib	cSC3TornadoDisasterManager::StartTornado(unsigned int, unsigned int, cRZ3DPointFloat32 &, signed char, float, unsigned int, bool)
00064f34	ValidateTunables__26cSC3TornadoDisasterManager	cSC3TornadoDisasterManager::ValidateTunables(void)
00064fe4	StaticShutdown__26cSC3TornadoDisasterManager	cSC3TornadoDisasterManager::StaticShutdown(void)
00064ff4	StopInstance__26cSC3TornadoDisasterManagerP21cISC3DisasterInstance	cSC3TornadoDisasterManager::StopInstance(cISC3DisasterInstance *)
00065028	Tick__26cSC3TornadoDisasterManager	cSC3TornadoDisasterManager::Tick(void)
000650a4	AddRef__27cSC3TornadoDisasterInstance	cSC3TornadoDisasterInstance::AddRef(void)
000650bc	Cost__27cSC3TornadoDisasterInstance	cSC3TornadoDisasterInstance::Cost(void)
000650d0	CreateDebris__27cSC3TornadoDisasterInstance	cSC3TornadoDisasterInstance::CreateDebris(void)
0006515c	_._27cSC3TornadoDisasterInstance	cSC3TornadoDisasterInstance::~cSC3TornadoDisasterInstance(void)
000651bc	EndDisaster__27cSC3TornadoDisasterInstance	cSC3TornadoDisasterInstance::EndDisaster(void)
00065214	GetDirection__C27cSC3TornadoDisasterInstanceR17cRZ3DPointFloat32	cSC3TornadoDisasterInstance::GetDirection(cRZ3DPointFloat32 &) const
00065240	GetDirectlyAffectedCells__27cSC3TornadoDisasterInstanceR14sIGZRectUint32	cSC3TornadoDisasterInstance::GetDirectlyAffectedCells(sIGZRectUint32 &)
000652d4	GetLocation__27cSC3TornadoDisasterInstanceRUiT1	cSC3TornadoDisasterInstance::GetLocation(unsigned int &, unsigned int &)
000652f4	GetLocationMicro__C27cSC3TornadoDisasterInstanceRiN21	cSC3TornadoDisasterInstance::GetLocationMicro(int &, int &, int &) const
0006531c	GetVelocity__C27cSC3TornadoDisasterInstanceR17cRZ3DPointFloat32	cSC3TornadoDisasterInstance::GetVelocity(cRZ3DPointFloat32 &) const
00065340	Init__27cSC3TornadoDisasterInstanceP26cSC3TornadoDisasterManagerUiUiRC17cRZ3DPointFloat32ScfiUiUib	cSC3TornadoDisasterInstance::Init(cSC3TornadoDisasterManager *, unsigned int, unsigned int, cRZ3DPointFloat32 const &, signed char, float, int, unsigned int, unsigned int, bool)
0006549c	IsActive__27cSC3TornadoDisasterInstance	cSC3TornadoDisasterInstance::IsActive(void)
000654b8	NumberOfOccupantsDamaged__27cSC3TornadoDisasterInstance	cSC3TornadoDisasterInstance::NumberOfOccupantsDamaged(void)
000654cc	PanicEffect__27cSC3TornadoDisasterInstanceUi	cSC3TornadoDisasterInstance::PanicEffect(unsigned int)
00065500	PanicRadius__27cSC3TornadoDisasterInstance	cSC3TornadoDisasterInstance::PanicRadius(void)
00065520	QueryInterface__27cSC3TornadoDisasterInstanceUiPPv	cSC3TornadoDisasterInstance::QueryInterface(unsigned int, void **)
000655a0	RegisterWithMessageServer__27cSC3TornadoDisasterInstance	cSC3TornadoDisasterInstance::RegisterWithMessageServer(void)
00065604	Release__27cSC3TornadoDisasterInstance	cSC3TornadoDisasterInstance::Release(void)
00065678	RemoveNewstickerMessages__27cSC3TornadoDisasterInstance	cSC3TornadoDisasterInstance::RemoveNewstickerMessages(void)
000656f8	Tick__27cSC3TornadoDisasterInstanceQ218cISC3DisasterLayer9tTickType	cSC3TornadoDisasterInstance::Tick(cISC3DisasterLayer::tTickType)
0006572c	UnregisterFromMessageServer__27cSC3TornadoDisasterInstance	cSC3TornadoDisasterInstance::UnregisterFromMessageServer(void)
00065794	ChooseLocationForCloud__29cSC3ToxicCloudDisasterManagerRUiT1	cSC3ToxicCloudDisasterManager::ChooseLocationForCloud(unsigned int &, unsigned int &)
00065c1c	ComputeToxicScore__29cSC3ToxicCloudDisasterManager	cSC3ToxicCloudDisasterManager::ComputeToxicScore(void)
00065d04	__29cSC3ToxicCloudDisasterManager	cSC3ToxicCloudDisasterManager::cSC3ToxicCloudDisasterManager(void)
00065e70	_._29cSC3ToxicCloudDisasterManager	cSC3ToxicCloudDisasterManager::~cSC3ToxicCloudDisasterManager(void)
00065f50	DoMessage__29cSC3ToxicCloudDisasterManagerR10cGZMessage	cSC3ToxicCloudDisasterManager::DoMessage(cGZMessage &)
00066014	Init__29cSC3ToxicCloudDisasterManagerP18cISC3DisasterLayerP9cISC3City	cSC3ToxicCloudDisasterManager::Init(cISC3DisasterLayer *, cISC3City *)
00066250	Init__29cSC3ToxicCloudDisasterManagerP9cISC3CityP13cIGZDBSegment	cSC3ToxicCloudDisasterManager::Init(cISC3City *, cIGZDBSegment *)
00066544	Save__29cSC3ToxicCloudDisasterManagerP9cISC3CityP13cIGZDBSegment	cSC3ToxicCloudDisasterManager::Save(cISC3City *, cIGZDBSegment *)
000668a4	Shutdown__29cSC3ToxicCloudDisasterManager	cSC3ToxicCloudDisasterManager::Shutdown(void)
00066a10	StaticInit__29cSC3ToxicCloudDisasterManager	cSC3ToxicCloudDisasterManager::StaticInit(void)
0006f0e4	Tick__29cSC3ToxicCloudDisasterManager	cSC3ToxicCloudDisasterManager::Tick(void)
0006f238	AbandonOrDestroyBuildings__30cSC3ToxicCloudDisasterInstance	cSC3ToxicCloudDisasterInstance::AbandonOrDestroyBuildings(void)
0006f498	CreateCloudDisplay__30cSC3ToxicCloudDisasterInstance	cSC3ToxicCloudDisasterInstance::CreateCloudDisplay(void)
0006fa94	__30cSC3ToxicCloudDisasterInstance	cSC3ToxicCloudDisasterInstance::cSC3ToxicCloudDisasterInstance(void)
0006fcf0	_._30cSC3ToxicCloudDisasterInstance	cSC3ToxicCloudDisasterInstance::~cSC3ToxicCloudDisasterInstance(void)
0006fda0	DoVisibilityUpdate__30cSC3ToxicCloudDisasterInstance	cSC3ToxicCloudDisasterInstance::DoVisibilityUpdate(void)
0006fefc	RemoveClouds__30cSC3ToxicCloudDisasterInstance	cSC3ToxicCloudDisasterInstance::RemoveClouds(void)
0006fffc	ShowNewstickerMessage__30cSC3ToxicCloudDisasterInstancei	cSC3ToxicCloudDisasterInstance::ShowNewstickerMessage(int)
000702a0	Shutdown__30cSC3ToxicCloudDisasterInstance	cSC3ToxicCloudDisasterInstance::Shutdown(void)
000704d0	Tick__30cSC3ToxicCloudDisasterInstanceQ218cISC3DisasterLayer9tTickTypeb	cSC3ToxicCloudDisasterInstance::Tick(cISC3DisasterLayer::tTickType, bool)
00070998	AddRef__29cSC3ToxicCloudDisasterManager	cSC3ToxicCloudDisasterManager::AddRef(void)
000709c4	Release__29cSC3ToxicCloudDisasterManager	cSC3ToxicCloudDisasterManager::Release(void)
000709ec	InMicroCellBounds__29cSC3ToxicCloudDisasterManagerii	cSC3ToxicCloudDisasterManager::InMicroCellBounds(int, int)
00070a14	IsInCity__29cSC3ToxicCloudDisasterManagerUiUi	cSC3ToxicCloudDisasterManager::IsInCity(unsigned int, unsigned int)
00070a34	GetDisasterID__30cSC3ToxicCloudDisasterInstance	cSC3ToxicCloudDisasterInstance::GetDisasterID(void)
00070a40	Manager__30cSC3ToxicCloudDisasterInstance	cSC3ToxicCloudDisasterInstance::Manager(void)
00070a58	IsCellAffected__C30cSC3ToxicCloudDisasterInstanceUiUi	cSC3ToxicCloudDisasterInstance::IsCellAffected(unsigned int, unsigned int) const
00070a90	AfflictedOccupant__30cSC3ToxicCloudDisasterInstance	cSC3ToxicCloudDisasterInstance::AfflictedOccupant(void)
00070a9c	SetNumberOfOccupantsDamaged__30cSC3ToxicCloudDisasterInstanceUi	cSC3ToxicCloudDisasterInstance::SetNumberOfOccupantsDamaged(unsigned int)
00070aac	SetCost__30cSC3ToxicCloudDisasterInstanceUi	cSC3ToxicCloudDisasterInstance::SetCost(unsigned int)
00070abc	GetLevel__C30cSC3ToxicCloudDisasterInstance	cSC3ToxicCloudDisasterInstance::GetLevel(void) const
00070ad0	AttemptDisasterStart__29cSC3ToxicCloudDisasterManager	cSC3ToxicCloudDisasterManager::AttemptDisasterStart(void)
00070b14	AttemptDisasterStart__29cSC3ToxicCloudDisasterManagerUib	cSC3ToxicCloudDisasterManager::AttemptDisasterStart(unsigned int, bool)
00070c08	CreateFromSavedInstance__29cSC3ToxicCloudDisasterManagerRQ229cSC3ToxicCloudDisasterManager24tSavedToxicCloudInstance	cSC3ToxicCloudDisasterManager::CreateFromSavedInstance(cSC3ToxicCloudDisasterManager::tSavedToxicCloudInstance &)
00070c74	DecideGapBetweenOccurrences__29cSC3ToxicCloudDisasterManager	cSC3ToxicCloudDisasterManager::DecideGapBetweenOccurrences(void)
00070cc0	DecrementNumActiveInstances__29cSC3ToxicCloudDisasterManager	cSC3ToxicCloudDisasterManager::DecrementNumActiveInstances(void)
00070d10	DecrementNumInstances__29cSC3ToxicCloudDisasterManager	cSC3ToxicCloudDisasterManager::DecrementNumInstances(void)
00070d70	DecrementNumRainInstances__29cSC3ToxicCloudDisasterManager	cSC3ToxicCloudDisasterManager::DecrementNumRainInstances(void)
00070dc0	DecrementNumVisibleRainInstances__29cSC3ToxicCloudDisasterManager	cSC3ToxicCloudDisasterManager::DecrementNumVisibleRainInstances(void)
00070e14	DecrementVisibilityCount__29cSC3ToxicCloudDisasterManager	cSC3ToxicCloudDisasterManager::DecrementVisibilityCount(void)
00070e64	DisasterInstanceStopped__29cSC3ToxicCloudDisasterManagerP30cSC3ToxicCloudDisasterInstance	cSC3ToxicCloudDisasterManager::DisasterInstanceStopped(cSC3ToxicCloudDisasterInstance *)
00070eb4	GetLikelihoodOfToxicCloud__29cSC3ToxicCloudDisasterManager	cSC3ToxicCloudDisasterManager::GetLikelihoodOfToxicCloud(void)
00070f40	IncrementNumActiveInstances__29cSC3ToxicCloudDisasterManager	cSC3ToxicCloudDisasterManager::IncrementNumActiveInstances(void)
00070f84	IncrementNumInstances__29cSC3ToxicCloudDisasterManager	cSC3ToxicCloudDisasterManager::IncrementNumInstances(void)
00070f98	IncrementNumRainInstances__29cSC3ToxicCloudDisasterManager	cSC3ToxicCloudDisasterManager::IncrementNumRainInstances(void)
00070fe0	IncrementNumVisibleRainInstances__29cSC3ToxicCloudDisasterManager	cSC3ToxicCloudDisasterManager::IncrementNumVisibleRainInstances(void)
00071030	IncrementVisibilityCount__29cSC3ToxicCloudDisasterManager	cSC3ToxicCloudDisasterManager::IncrementVisibilityCount(void)
00071080	IsIndustrial__29cSC3ToxicCloudDisasterManagerUiUiRUi	cSC3ToxicCloudDisasterManager::IsIndustrial(unsigned int, unsigned int, unsigned int &)
00071120	QueryInterface__29cSC3ToxicCloudDisasterManagerUiPPv	cSC3ToxicCloudDisasterManager::QueryInterface(unsigned int, void **)
0007118c	StartToxicCloud__29cSC3ToxicCloudDisasterManagerUiUiRC17cRZ3DPointFloat32iUiUib	cSC3ToxicCloudDisasterManager::StartToxicCloud(unsigned int, unsigned int, cRZ3DPointFloat32 const &, int, unsigned int, unsigned int, bool)
0007127c	StaticShutdown__29cSC3ToxicCloudDisasterManager	cSC3ToxicCloudDisasterManager::StaticShutdown(void)
0007128c	StopInstance__29cSC3ToxicCloudDisasterManagerP21cISC3DisasterInstance	cSC3ToxicCloudDisasterManager::StopInstance(cISC3DisasterInstance *)
000712d8	AddRef__30cSC3ToxicCloudDisasterInstance	cSC3ToxicCloudDisasterInstance::AddRef(void)
000712f0	Cost__30cSC3ToxicCloudDisasterInstance	cSC3ToxicCloudDisasterInstance::Cost(void)
00071304	DoMessage__30cSC3ToxicCloudDisasterInstanceR10cGZMessage	cSC3ToxicCloudDisasterInstance::DoMessage(cGZMessage &)
00071388	EndDisaster__30cSC3ToxicCloudDisasterInstance	cSC3ToxicCloudDisasterInstance::EndDisaster(void)
000713f4	GetDirectlyAffectedCells__30cSC3ToxicCloudDisasterInstanceR14sIGZRectUint32	cSC3ToxicCloudDisasterInstance::GetDirectlyAffectedCells(sIGZRectUint32 &)
00071444	GetLocation__30cSC3ToxicCloudDisasterInstanceRUiT1	cSC3ToxicCloudDisasterInstance::GetLocation(unsigned int &, unsigned int &)
00071468	GetLocationMicro__C30cSC3ToxicCloudDisasterInstanceRiN21	cSC3ToxicCloudDisasterInstance::GetLocationMicro(int &, int &, int &) const
00071490	GetVelocity__C30cSC3ToxicCloudDisasterInstanceR17cRZ3DPointFloat32	cSC3ToxicCloudDisasterInstance::GetVelocity(cRZ3DPointFloat32 &) const
000714b4	Init__30cSC3ToxicCloudDisasterInstanceP29cSC3ToxicCloudDisasterManagerUiUiRC17cRZ3DPointFloat32iUiUib	cSC3ToxicCloudDisasterInstance::Init(cSC3ToxicCloudDisasterManager *, unsigned int, unsigned int, cRZ3DPointFloat32 const &, int, unsigned int, unsigned int, bool)
000715d4	IsActive__30cSC3ToxicCloudDisasterInstance	cSC3ToxicCloudDisasterInstance::IsActive(void)
000715f0	NumberOfOccupantsDamaged__30cSC3ToxicCloudDisasterInstance	cSC3ToxicCloudDisasterInstance::NumberOfOccupantsDamaged(void)
00071604	PanicEffect__30cSC3ToxicCloudDisasterInstanceUi	cSC3ToxicCloudDisasterInstance::PanicEffect(unsigned int)
00071638	PanicRadius__30cSC3ToxicCloudDisasterInstance	cSC3ToxicCloudDisasterInstance::PanicRadius(void)
00071658	QueryInterface__30cSC3ToxicCloudDisasterInstanceUiPPv	cSC3ToxicCloudDisasterInstance::QueryInterface(unsigned int, void **)
000716d0	RegisterWithMessageServer__30cSC3ToxicCloudDisasterInstance	cSC3ToxicCloudDisasterInstance::RegisterWithMessageServer(void)
00071740	Release__30cSC3ToxicCloudDisasterInstance	cSC3ToxicCloudDisasterInstance::Release(void)
00071784	RemoveNewstickerMessages__30cSC3ToxicCloudDisasterInstance	cSC3ToxicCloudDisasterInstance::RemoveNewstickerMessages(void)
00071804	Tick__30cSC3ToxicCloudDisasterInstanceQ218cISC3DisasterLayer9tTickType	cSC3ToxicCloudDisasterInstance::Tick(cISC3DisasterLayer::tTickType)
00071838	UnregisterFromMessageServer__30cSC3ToxicCloudDisasterInstance	cSC3ToxicCloudDisasterInstance::UnregisterFromMessageServer(void)
000718b4	__22cSC3UFODisasterManager	cSC3UFODisasterManager::cSC3UFODisasterManager(void)
00071a00	_._22cSC3UFODisasterManager	cSC3UFODisasterManager::~cSC3UFODisasterManager(void)
00071b68	Init__22cSC3UFODisasterManagerP18cISC3DisasterLayerP9cISC3City	cSC3UFODisasterManager::Init(cISC3DisasterLayer *, cISC3City *)
00071f24	Shutdown__22cSC3UFODisasterManager	cSC3UFODisasterManager::Shutdown(void)
000720d8	DoMessage__22cSC3UFODisasterManagerR10cGZMessage	cSC3UFODisasterManager::DoMessage(cGZMessage &)
00072254	AttemptDisasterStart__22cSC3UFODisasterManager	cSC3UFODisasterManager::AttemptDisasterStart(void)
00072480	ClearDisasterHistory__22cSC3UFODisasterManager	cSC3UFODisasterManager::ClearDisasterHistory(void)
000724cc	StaticInit__22cSC3UFODisasterManager	cSC3UFODisasterManager::StaticInit(void)
00079df8	Init__22cSC3UFODisasterManagerP9cISC3CityP13cIGZDBSegment	cSC3UFODisasterManager::Init(cISC3City *, cIGZDBSegment *)
0007a174	AddEmptyDisasterHistoryRecord__22cSC3UFODisasterManager	cSC3UFODisasterManager::AddEmptyDisasterHistoryRecord(void)
0007a250	Save__22cSC3UFODisasterManagerP9cISC3CityP13cIGZDBSegment	cSC3UFODisasterManager::Save(cISC3City *, cIGZDBSegment *)
0007a538	Tick__22cSC3UFODisasterManager	cSC3UFODisasterManager::Tick(void)
0007a638	__23cSC3UFODisasterInstance	cSC3UFODisasterInstance::cSC3UFODisasterInstance(void)
0007a758	Init__23cSC3UFODisasterInstanceP22cSC3UFODisasterManagerQ224cISC3DisasterUFOInstance17UFOVisitationTypeScb	cSC3UFODisasterInstance::Init(cSC3UFODisasterManager *, cISC3DisasterUFOInstance::UFOVisitationType, signed char, bool)
0007a8b4	Shutdown__23cSC3UFODisasterInstance	cSC3UFODisasterInstance::Shutdown(void)
0007a9f4	GetLocation__23cSC3UFODisasterInstanceRUiT1	cSC3UFODisasterInstance::GetLocation(unsigned int &, unsigned int &)
0007ab38	Tick__23cSC3UFODisasterInstanceQ218cISC3DisasterLayer9tTickType	cSC3UFODisasterInstance::Tick(cISC3DisasterLayer::tTickType)
0007ae50	GetBuildingType__FP13cISC3Occupant	GetBuildingType(cISC3Occupant *)
0007af30	GetBuildingTargetList__23cSC3UFODisasterInstanceP8cRZPointRUi	cSC3UFODisasterInstance::GetBuildingTargetList(cRZPoint *, unsigned int &)
0007c128	CanTileBeCropCircled__FP13cISC3Occupant	CanTileBeCropCircled(cISC3Occupant *)
0007c218	GetCropCircleTargetList__23cSC3UFODisasterInstanceP8cRZPointRUi	cSC3UFODisasterInstance::GetCropCircleTargetList(cRZPoint *, unsigned int &)
0007cf94	StartAttack__23cSC3UFODisasterInstance	cSC3UFODisasterInstance::StartAttack(void)
0007d3e4	ShowNewstickerMessage__23cSC3UFODisasterInstancei	cSC3UFODisasterInstance::ShowNewstickerMessage(int)
0007d674	DoMessage__23cSC3UFODisasterInstanceR10cGZMessage	cSC3UFODisasterInstance::DoMessage(cGZMessage &)
0007d7b0	MakeCropCircle__23cSC3UFODisasterInstanceii	cSC3UFODisasterInstance::MakeCropCircle(int, int)
0007d988	BlowUpCell__23cSC3UFODisasterInstanceii	cSC3UFODisasterInstance::BlowUpCell(int, int)
0007dbc4	AddRef__22cSC3UFODisasterManager	cSC3UFODisasterManager::AddRef(void)
0007dbf0	Release__22cSC3UFODisasterManager	cSC3UFODisasterManager::Release(void)
0007dc18	GetDisasterID__23cSC3UFODisasterInstance	cSC3UFODisasterInstance::GetDisasterID(void)
0007dc24	Manager__23cSC3UFODisasterInstance	cSC3UFODisasterInstance::Manager(void)
0007dc3c	AfflictedOccupant__23cSC3UFODisasterInstance	cSC3UFODisasterInstance::AfflictedOccupant(void)
0007dc4c	GetDisasterHistory__C23cSC3UFODisasterInstancePQ224cISC3DisasterUFOInstance19UFOVisitationRecordRUi	cSC3UFODisasterInstance::GetDisasterHistory(cISC3DisasterUFOInstance::UFOVisitationRecord *, unsigned int &) const
0007dc88	SetVisitationType__22cSC3UFODisasterManagerQ224cISC3DisasterUFOInstance17UFOVisitationType	cSC3UFODisasterManager::SetVisitationType(cISC3DisasterUFOInstance::UFOVisitationType)
0007dc9c	StartUFOAttack__22cSC3UFODisasterManagerb	cSC3UFODisasterManager::StartUFOAttack(bool)
0007dcdc	DecrementNumInstances__22cSC3UFODisasterManager	cSC3UFODisasterManager::DecrementNumInstances(void)
0007dd0c	DisasterInstanceStopped__22cSC3UFODisasterManagerP23cSC3UFODisasterInstance	cSC3UFODisasterManager::DisasterInstanceStopped(cSC3UFODisasterInstance *)
0007dd5c	RecordUFOHistory__22cSC3UFODisasterManagerP23cSC3UFODisasterInstance	cSC3UFODisasterManager::RecordUFOHistory(cSC3UFODisasterInstance *)
0007ddb0	GetDisasterHistory__C22cSC3UFODisasterManagerPQ224cISC3DisasterUFOInstance19UFOVisitationRecordRUi	cSC3UFODisasterManager::GetDisasterHistory(cISC3DisasterUFOInstance::UFOVisitationRecord *, unsigned int &) const
0007de48	QueryInterface__22cSC3UFODisasterManagerUiPPv	cSC3UFODisasterManager::QueryInterface(unsigned int, void **)
0007ded4	StaticShutdown__22cSC3UFODisasterManager	cSC3UFODisasterManager::StaticShutdown(void)
0007dee4	StopInstance__22cSC3UFODisasterManagerP21cISC3DisasterInstance	cSC3UFODisasterManager::StopInstance(cISC3DisasterInstance *)
0007df0c	AddRef__23cSC3UFODisasterInstance	cSC3UFODisasterInstance::AddRef(void)
0007df28	_._23cSC3UFODisasterInstance	cSC3UFODisasterInstance::~cSC3UFODisasterInstance(void)
0007df88	InitFromIncompleteInstance__23cSC3UFODisasterInstanceP22cSC3UFODisasterManagerRCQ224cISC3DisasterUFOInstance19UFOVisitationRecord	cSC3UFODisasterInstance::InitFromIncompleteInstance(cSC3UFODisasterManager *, cISC3DisasterUFOInstance::UFOVisitationRecord const &)
0007e08c	GetDirectlyAffectedCells__23cSC3UFODisasterInstanceR14sIGZRectUint32	cSC3UFODisasterInstance::GetDirectlyAffectedCells(sIGZRectUint32 &)
0007e120	IsActive__23cSC3UFODisasterInstance	cSC3UFODisasterInstance::IsActive(void)
0007e160	GetCurrentUFOCount__23cSC3UFODisasterInstance	cSC3UFODisasterInstance::GetCurrentUFOCount(void)
0007e19c	GetCurrentUFOVisitationRecord__23cSC3UFODisasterInstanceRQ224cISC3DisasterUFOInstance19UFOVisitationRecord	cSC3UFODisasterInstance::GetCurrentUFOVisitationRecord(cISC3DisasterUFOInstance::UFOVisitationRecord &)
0007e1bc	PanicEffect__23cSC3UFODisasterInstanceUi	cSC3UFODisasterInstance::PanicEffect(unsigned int)
0007e1ec	PanicRadius__23cSC3UFODisasterInstance	cSC3UFODisasterInstance::PanicRadius(void)
0007e210	QueryInterface__23cSC3UFODisasterInstanceUiPPv	cSC3UFODisasterInstance::QueryInterface(unsigned int, void **)
0007e290	CanTileBeCropCircled__FP20cISC3OccupantManagerUiUi	CanTileBeCropCircled(cISC3OccupantManager *, unsigned int, unsigned int)
0007e2f8	Release__23cSC3UFODisasterInstance	cSC3UFODisasterInstance::Release(void)
0007e364	StopAttack__23cSC3UFODisasterInstance	cSC3UFODisasterInstance::StopAttack(void)
0007e3ec	RemoveNewstickerMessages__23cSC3UFODisasterInstance	cSC3UFODisasterInstance::RemoveNewstickerMessages(void)
0007e470	DestroyCell__23cSC3UFODisasterInstanceii	cSC3UFODisasterInstance::DestroyCell(int, int)
0007e538	StartFire__23cSC3UFODisasterInstanceii	cSC3UFODisasterInstance::StartFire(int, int)
0007e5f0	Cost__23cSC3UFODisasterInstance	cSC3UFODisasterInstance::Cost(void)
0007e600	NumberOfOccupantsDamaged__23cSC3UFODisasterInstance	cSC3UFODisasterInstance::NumberOfOccupantsDamaged(void)
0007e654	__28cSC3WhirlpoolDisasterManager	cSC3WhirlpoolDisasterManager::cSC3WhirlpoolDisasterManager(void)
0007e7d0	_._28cSC3WhirlpoolDisasterManager	cSC3WhirlpoolDisasterManager::~cSC3WhirlpoolDisasterManager(void)
0007e928	Init__28cSC3WhirlpoolDisasterManagerP18cISC3DisasterLayerP9cISC3City	cSC3WhirlpoolDisasterManager::Init(cISC3DisasterLayer *, cISC3City *)
0007eaf8	Shutdown__28cSC3WhirlpoolDisasterManager	cSC3WhirlpoolDisasterManager::Shutdown(void)
0007ecd4	DoMessage__28cSC3WhirlpoolDisasterManagerR10cGZMessage	cSC3WhirlpoolDisasterManager::DoMessage(cGZMessage &)
0007edf8	StartWhirlpool__28cSC3WhirlpoolDisasterManagerfb	cSC3WhirlpoolDisasterManager::StartWhirlpool(float, bool)
0007ef5c	ClearDisasterHistory__28cSC3WhirlpoolDisasterManager	cSC3WhirlpoolDisasterManager::ClearDisasterHistory(void)
0007efa0	StaticInit__28cSC3WhirlpoolDisasterManager	cSC3WhirlpoolDisasterManager::StaticInit(void)
0007f2e0	Init__28cSC3WhirlpoolDisasterManagerP9cISC3CityP13cIGZDBSegment	cSC3WhirlpoolDisasterManager::Init(cISC3City *, cIGZDBSegment *)
0007f608	AddEmptyDisasterHistoryRecord__28cSC3WhirlpoolDisasterManager	cSC3WhirlpoolDisasterManager::AddEmptyDisasterHistoryRecord(void)
0007f6cc	Save__28cSC3WhirlpoolDisasterManagerP9cISC3CityP13cIGZDBSegment	cSC3WhirlpoolDisasterManager::Save(cISC3City *, cIGZDBSegment *)
0007f9b4	Tick__28cSC3WhirlpoolDisasterManager	cSC3WhirlpoolDisasterManager::Tick(void)
0007fab4	CountWaterBuildingsWithinRect__28cSC3WhirlpoolDisasterManagerRC7cRZRect	cSC3WhirlpoolDisasterManager::CountWaterBuildingsWithinRect(cRZRect const &)
0007fbb8	GetBestWhirlpoolEpicenterForRect__28cSC3WhirlpoolDisasterManagerRC7cRZRectR16cRZ3DPointSint32b	cSC3WhirlpoolDisasterManager::GetBestWhirlpoolEpicenterForRect(cRZRect const &, cRZ3DPointSint32 &, bool)
0007fca4	MakeRandomWhirlpoolPosition__28cSC3WhirlpoolDisasterManagerR16cRZ3DPointSint32	cSC3WhirlpoolDisasterManager::MakeRandomWhirlpoolPosition(cRZ3DPointSint32 &)
000801d4	__29cSC3WhirlpoolDisasterInstance	cSC3WhirlpoolDisasterInstance::cSC3WhirlpoolDisasterInstance(void)
000802fc	Init__29cSC3WhirlpoolDisasterInstanceP28cSC3WhirlpoolDisasterManagerfRC16cRZ3DPointSint32b	cSC3WhirlpoolDisasterInstance::Init(cSC3WhirlpoolDisasterManager *, float, cRZ3DPointSint32 const &, bool)
000805c0	InitFromIncompleteInstance__29cSC3WhirlpoolDisasterInstanceP28cSC3WhirlpoolDisasterManagerRCQ230cISC3DisasterWhirlpoolInstance15WhirlpoolRecord	cSC3WhirlpoolDisasterInstance::InitFromIncompleteInstance(cSC3WhirlpoolDisasterManager *, cISC3DisasterWhirlpoolInstance::WhirlpoolRecord const &)
00080728	Shutdown__29cSC3WhirlpoolDisasterInstance	cSC3WhirlpoolDisasterInstance::Shutdown(void)
00080860	TerrainEditFilterFunction__29cSC3WhirlpoolDisasterInstanceRC14cSC3CityBoundsUiiPv	cSC3WhirlpoolDisasterInstance::TerrainEditFilterFunction(cSC3CityBounds const &, unsigned int, int, void *)
00080944	Tick__29cSC3WhirlpoolDisasterInstanceQ218cISC3DisasterLayer9tTickType	cSC3WhirlpoolDisasterInstance::Tick(cISC3DisasterLayer::tTickType)
00080d00	ShowNewstickerMessage__29cSC3WhirlpoolDisasterInstancei	cSC3WhirlpoolDisasterInstance::ShowNewstickerMessage(int)
00080f70	DoMessage__29cSC3WhirlpoolDisasterInstanceR10cGZMessage	cSC3WhirlpoolDisasterInstance::DoMessage(cGZMessage &)
000810d4	DoWhirlpoolMiscObjectHitTest__29cSC3WhirlpoolDisasterInstanceUiUi	cSC3WhirlpoolDisasterInstance::DoWhirlpoolMiscObjectHitTest(unsigned int, unsigned int)
000813bc	GetBridgePoints__29cSC3WhirlpoolDisasterInstanceUiUiRt6vector2Z8cRZPointZt9allocator1Z8cRZPoint	cSC3WhirlpoolDisasterInstance::GetBridgePoints(unsigned int, unsigned int, vector<cRZPoint, allocator<cRZPoint> > &)
00081b60	GetVehiclePointsFromBridgePoints__29cSC3WhirlpoolDisasterInstanceR7cRZRectRt6vector2Z8cRZPointZt9allocator1Z8cRZPoint	cSC3WhirlpoolDisasterInstance::GetVehiclePointsFromBridgePoints(cRZRect &, vector<cRZPoint, allocator<cRZPoint> > &)
00081cf4	DoWhirlpoolHitBridge__29cSC3WhirlpoolDisasterInstanceUiUi	cSC3WhirlpoolDisasterInstance::DoWhirlpoolHitBridge(unsigned int, unsigned int)
00082694	DestroyOccupantIfPresent__29cSC3WhirlpoolDisasterInstanceiibN23	cSC3WhirlpoolDisasterInstance::DestroyOccupantIfPresent(int, int, bool, bool, bool)
00082a48	MakeWaterAreaList__FP12cISC3DirtBagRt6vector2Z7cRZRectZt9allocator1Z7cRZRectUiUiPC7cRZRect	MakeWaterAreaList(cISC3DirtBag *, vector<cRZRect, allocator<cRZRect> > &, unsigned int, unsigned int, cRZRect const *)
00082f74	AddRef__28cSC3WhirlpoolDisasterManager	cSC3WhirlpoolDisasterManager::AddRef(void)
00082fa0	Release__28cSC3WhirlpoolDisasterManager	cSC3WhirlpoolDisasterManager::Release(void)
00082fc8	GetDisasterID__29cSC3WhirlpoolDisasterInstance	cSC3WhirlpoolDisasterInstance::GetDisasterID(void)
00082fd4	Manager__29cSC3WhirlpoolDisasterInstance	cSC3WhirlpoolDisasterInstance::Manager(void)
00082fec	AfflictedOccupant__29cSC3WhirlpoolDisasterInstance	cSC3WhirlpoolDisasterInstance::AfflictedOccupant(void)
00082ffc	GetWhirlpoolScale__C29cSC3WhirlpoolDisasterInstance	cSC3WhirlpoolDisasterInstance::GetWhirlpoolScale(void) const
0008302c	GetWhirlpoolLevel__C29cSC3WhirlpoolDisasterInstance	cSC3WhirlpoolDisasterInstance::GetWhirlpoolLevel(void) const
00083040	AttemptDisasterStart__28cSC3WhirlpoolDisasterManager	cSC3WhirlpoolDisasterManager::AttemptDisasterStart(void)
0008309c	DecrementNumInstances__28cSC3WhirlpoolDisasterManager	cSC3WhirlpoolDisasterManager::DecrementNumInstances(void)
000830cc	DisasterInstanceStopped__28cSC3WhirlpoolDisasterManagerP29cSC3WhirlpoolDisasterInstance	cSC3WhirlpoolDisasterManager::DisasterInstanceStopped(cSC3WhirlpoolDisasterInstance *)
0008311c	RecordWhirlpoolHistory__28cSC3WhirlpoolDisasterManagerP29cSC3WhirlpoolDisasterInstance	cSC3WhirlpoolDisasterManager::RecordWhirlpoolHistory(cSC3WhirlpoolDisasterInstance *)
00083170	GetDisasterHistory__C28cSC3WhirlpoolDisasterManagerPQ230cISC3DisasterWhirlpoolInstance15WhirlpoolRecordRUi	cSC3WhirlpoolDisasterManager::GetDisasterHistory(cISC3DisasterWhirlpoolInstance::WhirlpoolRecord *, unsigned int &) const
000831ec	GetLastDisasterHistory__C28cSC3WhirlpoolDisasterManagerPQ230cISC3DisasterWhirlpoolInstance15WhirlpoolRecord	cSC3WhirlpoolDisasterManager::GetLastDisasterHistory(cISC3DisasterWhirlpoolInstance::WhirlpoolRecord *) const
0008321c	QueryInterface__28cSC3WhirlpoolDisasterManagerUiPPv	cSC3WhirlpoolDisasterManager::QueryInterface(unsigned int, void **)
00083288	StaticShutdown__28cSC3WhirlpoolDisasterManager	cSC3WhirlpoolDisasterManager::StaticShutdown(void)
00083298	StopInstance__28cSC3WhirlpoolDisasterManagerP21cISC3DisasterInstance	cSC3WhirlpoolDisasterManager::StopInstance(cISC3DisasterInstance *)
000832c4	VerifyWhirlpoolPositionIsOK__28cSC3WhirlpoolDisasterManagerR16cRZ3DPointSint32	cSC3WhirlpoolDisasterManager::VerifyWhirlpoolPositionIsOK(cRZ3DPointSint32 &)
00083360	_._29cSC3WhirlpoolDisasterInstance	cSC3WhirlpoolDisasterInstance::~cSC3WhirlpoolDisasterInstance(void)
000833c0	DoWhirlpoolScaleCalculations__29cSC3WhirlpoolDisasterInstancef	cSC3WhirlpoolDisasterInstance::DoWhirlpoolScaleCalculations(float)
00083428	DoPreparednessOrdinanceCalculations__29cSC3WhirlpoolDisasterInstanceb	cSC3WhirlpoolDisasterInstance::DoPreparednessOrdinanceCalculations(bool)
00083440	GetDirectlyAffectedCells__29cSC3WhirlpoolDisasterInstanceR14sIGZRectUint32	cSC3WhirlpoolDisasterInstance::GetDirectlyAffectedCells(sIGZRectUint32 &)
000834f4	GetLocation__29cSC3WhirlpoolDisasterInstanceRUiT1	cSC3WhirlpoolDisasterInstance::GetLocation(unsigned int &, unsigned int &)
00083560	GetEpicenterMicro__C29cSC3WhirlpoolDisasterInstanceRiN21	cSC3WhirlpoolDisasterInstance::GetEpicenterMicro(int &, int &, int &) const
000835b0	IsActive__29cSC3WhirlpoolDisasterInstance	cSC3WhirlpoolDisasterInstance::IsActive(void)
000835c8	PanicEffect__29cSC3WhirlpoolDisasterInstanceUi	cSC3WhirlpoolDisasterInstance::PanicEffect(unsigned int)
000835fc	PanicRadius__29cSC3WhirlpoolDisasterInstance	cSC3WhirlpoolDisasterInstance::PanicRadius(void)
0008361c	GetCurrentWhirlpoolRecord__29cSC3WhirlpoolDisasterInstanceRQ230cISC3DisasterWhirlpoolInstance15WhirlpoolRecord	cSC3WhirlpoolDisasterInstance::GetCurrentWhirlpoolRecord(cISC3DisasterWhirlpoolInstance::WhirlpoolRecord &)
0008363c	QueryInterface__29cSC3WhirlpoolDisasterInstanceUiPPv	cSC3WhirlpoolDisasterInstance::QueryInterface(unsigned int, void **)
000836b4	RemoveNewstickerMessages__29cSC3WhirlpoolDisasterInstance	cSC3WhirlpoolDisasterInstance::RemoveNewstickerMessages(void)
00083730	DoPostWhirlpoolDamage__29cSC3WhirlpoolDisasterInstance	cSC3WhirlpoolDisasterInstance::DoPostWhirlpoolDamage(void)
00083740	IsCellBridgeCell__29cSC3WhirlpoolDisasterInstanceP20cISC3OccupantManagerUiUi	cSC3WhirlpoolDisasterInstance::IsCellBridgeCell(cISC3OccupantManager *, unsigned int, unsigned int)
000837e0	GetRandomVehicleDebrisType__29cSC3WhirlpoolDisasterInstance	cSC3WhirlpoolDisasterInstance::GetRandomVehicleDebrisType(void)
00083810	AddRef__29cSC3WhirlpoolDisasterInstance	cSC3WhirlpoolDisasterInstance::AddRef(void)
0008382c	Release__29cSC3WhirlpoolDisasterInstance	cSC3WhirlpoolDisasterInstance::Release(void)
00083894	Cost__29cSC3WhirlpoolDisasterInstance	cSC3WhirlpoolDisasterInstance::Cost(void)
000838a4	NumberOfOccupantsDamaged__29cSC3WhirlpoolDisasterInstance	cSC3WhirlpoolDisasterInstance::NumberOfOccupantsDamaged(void)
000838b4	MakeShoreList__FP12cISC3DirtBagRt6vector2Z8cRZPointZt9allocator1Z8cRZPointUiUiUi	MakeShoreList(cISC3DirtBag *, vector<cRZPoint, allocator<cRZPoint> > &, unsigned int, unsigned int, unsigned int)
000838c4	AttemptDisasterStart__22cSC3ParadeEventManager	cSC3ParadeEventManager::AttemptDisasterStart(void)
00083a9c	__22cSC3ParadeEventManager	cSC3ParadeEventManager::cSC3ParadeEventManager(void)
00083bc0	BlockTiles__22cSC3ParadeEventManager	cSC3ParadeEventManager::BlockTiles(void)
00083ce8	UnblockTiles__22cSC3ParadeEventManager	cSC3ParadeEventManager::UnblockTiles(void)
00083e08	IsNSRoad__22cSC3ParadeEventManagerUiUi	cSC3ParadeEventManager::IsNSRoad(unsigned int, unsigned int)
00083f2c	IsEWRoad__22cSC3ParadeEventManagerUiUi	cSC3ParadeEventManager::IsEWRoad(unsigned int, unsigned int)
00084050	GetRoadTileAroundPoint__22cSC3ParadeEventManagerRP13cISC3OccupantRUcUiUi	cSC3ParadeEventManager::GetRoadTileAroundPoint(cISC3Occupant *&, unsigned char &, unsigned int, unsigned int)
00084780	Init__22cSC3ParadeEventManagerP18cISC3DisasterLayerP9cISC3City	cSC3ParadeEventManager::Init(cISC3DisasterLayer *, cISC3City *)
0008494c	Init__22cSC3ParadeEventManagerP9cISC3CityP13cIGZDBSegment	cSC3ParadeEventManager::Init(cISC3City *, cIGZDBSegment *)
00084b70	ProcessIniFileEntry__22cSC3ParadeEventManagerRC9cRZStringT1Pv	cSC3ParadeEventManager::ProcessIniFileEntry(cRZString const &, cRZString const &, void *)
00084d64	ProcessIniFileBlockDef__22cSC3ParadeEventManagerRC9cRZStringT1Pv	cSC3ParadeEventManager::ProcessIniFileBlockDef(cRZString const &, cRZString const &, void *)
00085124	ProcessIniFileParadeDef__22cSC3ParadeEventManagerRC9cRZStringT1Pv	cSC3ParadeEventManager::ProcessIniFileParadeDef(cRZString const &, cRZString const &, void *)
000873e8	Save__22cSC3ParadeEventManagerP9cISC3CityP13cIGZDBSegment	cSC3ParadeEventManager::Save(cISC3City *, cIGZDBSegment *)
00087720	Shutdown__22cSC3ParadeEventManager	cSC3ParadeEventManager::Shutdown(void)
0008788c	StartParadeOnTile__22cSC3ParadeEventManagerP13cISC3OccupantUc	cSC3ParadeEventManager::StartParadeOnTile(cISC3Occupant *, unsigned char)
00087a40	ExtendParadeOnTile__22cSC3ParadeEventManagerUiUiUcUi	cSC3ParadeEventManager::ExtendParadeOnTile(unsigned int, unsigned int, unsigned char, unsigned int)
00087be8	StaticInit__22cSC3ParadeEventManager	cSC3ParadeEventManager::StaticInit(void)
0008b404	StaticShutdown__22cSC3ParadeEventManager	cSC3ParadeEventManager::StaticShutdown(void)
0008b484	TimerCallback__22cSC3ParadeEventManagerPv	cSC3ParadeEventManager::TimerCallback(void *)
0008b5a0	WeeklyTickFromAdvisor__22cSC3ParadeEventManager	cSC3ParadeEventManager::WeeklyTickFromAdvisor(void)
0008baf0	ShowNoTileNewsticker__22cSC3ParadeEventManager	cSC3ParadeEventManager::ShowNoTileNewsticker(void)
0008bce0	__23cSC3ParadeEventInstance	cSC3ParadeEventInstance::cSC3ParadeEventInstance(void)
0008bf00	ParadeEntersPathOnTile__23cSC3ParadeEventInstanceUiUi	cSC3ParadeEventInstance::ParadeEntersPathOnTile(unsigned int, unsigned int)
0008c054	ParadeLeavesPathOnTile__23cSC3ParadeEventInstanceUiUi	cSC3ParadeEventInstance::ParadeLeavesPathOnTile(unsigned int, unsigned int)
0008c4b8	ShowNewstickerMessage__23cSC3ParadeEventInstancei	cSC3ParadeEventInstance::ShowNewstickerMessage(int)
0008c714	Shutdown__23cSC3ParadeEventInstance	cSC3ParadeEventInstance::Shutdown(void)
0008c934	Tick__23cSC3ParadeEventInstanceQ218cISC3DisasterLayer9tTickTypeb	cSC3ParadeEventInstance::Tick(cISC3DisasterLayer::tTickType, bool)
0008caa4	AnimTick__23cSC3ParadeEventInstanceUi	cSC3ParadeEventInstance::AnimTick(unsigned int)
0008cbe8	UpdateSoundBasedOnVisibility__23cSC3ParadeEventInstance	cSC3ParadeEventInstance::UpdateSoundBasedOnVisibility(void)
0008ce30	GoodTileId__22cSC3ParadeEventManagerUi	cSC3ParadeEventManager::GoodTileId(unsigned int)
0008ce50	IsAvailable__22cSC3ParadeEventManager	cSC3ParadeEventManager::IsAvailable(void)
0008ce64	IsApproved__22cSC3ParadeEventManager	cSC3ParadeEventManager::IsApproved(void)
0008ce78	Approve__22cSC3ParadeEventManager	cSC3ParadeEventManager::Approve(void)
0008ce98	AddRef__22cSC3ParadeEventManager	cSC3ParadeEventManager::AddRef(void)
0008cec4	Release__22cSC3ParadeEventManager	cSC3ParadeEventManager::Release(void)
0008ceec	GetDisasterID__23cSC3ParadeEventInstance	cSC3ParadeEventInstance::GetDisasterID(void)
0008cef8	Manager__23cSC3ParadeEventInstance	cSC3ParadeEventInstance::Manager(void)
0008cf10	PanicRadius__23cSC3ParadeEventInstance	cSC3ParadeEventInstance::PanicRadius(void)
0008cf1c	PanicEffect__23cSC3ParadeEventInstanceUi	cSC3ParadeEventInstance::PanicEffect(unsigned int)
0008cf28	NumberOfOccupantsDamaged__23cSC3ParadeEventInstance	cSC3ParadeEventInstance::NumberOfOccupantsDamaged(void)
0008cf34	Cost__23cSC3ParadeEventInstance	cSC3ParadeEventInstance::Cost(void)
0008cf40	GetState__23cSC3ParadeEventInstance	cSC3ParadeEventInstance::GetState(void)
0008cf50	SetTailCount__23cSC3ParadeEventInstanceUi	cSC3ParadeEventInstance::SetTailCount(unsigned int)
0008cf60	GetTailCount__C23cSC3ParadeEventInstance	cSC3ParadeEventInstance::GetTailCount(void) const
0008cf70	SetTicksToNext__23cSC3ParadeEventInstanceUi	cSC3ParadeEventInstance::SetTicksToNext(unsigned int)
0008cf80	SetResId__23cSC3ParadeEventInstanceUi	cSC3ParadeEventInstance::SetResId(unsigned int)
0008cf90	AfflictedOccupant__23cSC3ParadeEventInstance	cSC3ParadeEventInstance::AfflictedOccupant(void)
0008cfa0	GoodTileId__23cSC3ParadeEventInstanceUi	cSC3ParadeEventInstance::GoodTileId(unsigned int)
0008cfe4	GetDisasterHistory__C23cSC3ParadeEventInstancePQ224cISC3EventParadeInstance12ParadeRecordRUi	cSC3ParadeEventInstance::GetDisasterHistory(cISC3EventParadeInstance::ParadeRecord *, unsigned int &) const
0008d018	CreateFromSavedInstance__22cSC3ParadeEventManager	cSC3ParadeEventManager::CreateFromSavedInstance(void)
0008d090	_._22cSC3ParadeEventManager	cSC3ParadeEventManager::~cSC3ParadeEventManager(void)
0008d0f4	DecrementNumActiveInstances__22cSC3ParadeEventManager	cSC3ParadeEventManager::DecrementNumActiveInstances(void)
0008d150	DecrementNumInstances__22cSC3ParadeEventManager	cSC3ParadeEventManager::DecrementNumInstances(void)
0008d16c	DisasterInstanceStopped__22cSC3ParadeEventManagerP23cSC3ParadeEventInstance	cSC3ParadeEventManager::DisasterInstanceStopped(cSC3ParadeEventInstance *)
0008d1c8	DoMessage__22cSC3ParadeEventManagerR10cGZMessage	cSC3ParadeEventManager::DoMessage(cGZMessage &)
0008d280	GetDisasterHistory__C22cSC3ParadeEventManagerPQ224cISC3EventParadeInstance12ParadeRecordRUi	cSC3ParadeEventManager::GetDisasterHistory(cISC3EventParadeInstance::ParadeRecord *, unsigned int &) const
0008d290	IncrementNumActiveInstances__22cSC3ParadeEventManager	cSC3ParadeEventManager::IncrementNumActiveInstances(void)
0008d2dc	IncrementNumInstances__22cSC3ParadeEventManager	cSC3ParadeEventManager::IncrementNumInstances(void)
0008d2f0	IsRoadTile__22cSC3ParadeEventManagerP13cISC3Occupant	cSC3ParadeEventManager::IsRoadTile(cISC3Occupant *)
0008d324	QueryInterface__22cSC3ParadeEventManagerUiPPv	cSC3ParadeEventManager::QueryInterface(unsigned int, void **)
0008d38c	RecordParadeHistory__22cSC3ParadeEventManagerP23cSC3ParadeEventInstance	cSC3ParadeEventManager::RecordParadeHistory(cSC3ParadeEventInstance *)
0008d398	SelectRandomTileForParade__22cSC3ParadeEventManagerRP13cISC3OccupantRUc	cSC3ParadeEventManager::SelectRandomTileForParade(cISC3Occupant *&, unsigned char &)
0008d48c	StopInstance__22cSC3ParadeEventManagerP21cISC3DisasterInstance	cSC3ParadeEventManager::StopInstance(cISC3DisasterInstance *)
0008d4c0	Tick__22cSC3ParadeEventManager	cSC3ParadeEventManager::Tick(void)
0008d4cc	AddRef__23cSC3ParadeEventInstance	cSC3ParadeEventInstance::AddRef(void)
0008d4e8	CreateParadeAtLocation__23cSC3ParadeEventInstanceUiUi	cSC3ParadeEventInstance::CreateParadeAtLocation(unsigned int, unsigned int)
0008d584	CreateParadeAtTile__23cSC3ParadeEventInstanceP13cISC3Occupant	cSC3ParadeEventInstance::CreateParadeAtTile(cISC3Occupant *)
0008d630	_._23cSC3ParadeEventInstance	cSC3ParadeEventInstance::~cSC3ParadeEventInstance(void)
0008d698	EndParade__23cSC3ParadeEventInstance	cSC3ParadeEventInstance::EndParade(void)
0008d714	GetDirectlyAffectedCells__23cSC3ParadeEventInstanceR14sIGZRectUint32	cSC3ParadeEventInstance::GetDirectlyAffectedCells(sIGZRectUint32 &)
0008d798	GetLocation__23cSC3ParadeEventInstanceRUiT1	cSC3ParadeEventInstance::GetLocation(unsigned int &, unsigned int &)
0008d7bc	InCityCellBounds__23cSC3ParadeEventInstanceUiUi	cSC3ParadeEventInstance::InCityCellBounds(unsigned int, unsigned int)
0008d824	Init__23cSC3ParadeEventInstanceP22cSC3ParadeEventManagerUiUiUc	cSC3ParadeEventInstance::Init(cSC3ParadeEventManager *, unsigned int, unsigned int, unsigned char)
0008d8a8	IsActive__23cSC3ParadeEventInstance	cSC3ParadeEventInstance::IsActive(void)
0008d8c0	QueryInterface__23cSC3ParadeEventInstanceUiPPv	cSC3ParadeEventInstance::QueryInterface(unsigned int, void **)
0008d940	Release__23cSC3ParadeEventInstance	cSC3ParadeEventInstance::Release(void)
0008d9b4	RemoveNewstickerMessages__23cSC3ParadeEventInstance	cSC3ParadeEventInstance::RemoveNewstickerMessages(void)
0008da30	RestoreOccupantState__23cSC3ParadeEventInstanceUiRQ223cSC3ParadeEventInstance17tOccupiedTileInfo	cSC3ParadeEventInstance::RestoreOccupantState(unsigned int, cSC3ParadeEventInstance::tOccupiedTileInfo &)
0008da38	ParadeDisappeared__23cSC3ParadeEventInstance	cSC3ParadeEventInstance::ParadeDisappeared(void)
0008da4c	Tick__23cSC3ParadeEventInstanceQ218cISC3DisasterLayer9tTickType	cSC3ParadeEventInstance::Tick(cISC3DisasterLayer::tTickType)
0008dae4	RZGetCOMDllDirector_SimDstr__Fv	RZGetCOMDllDirector_SimDstr(void)
0008dd54	__17cRZCOMDllDirector	cRZCOMDllDirector::cRZCOMDllDirector(void)
0008dfe4	_._17cRZCOMDllDirector	cRZCOMDllDirector::~cRZCOMDllDirector(void)
0008e124	InitializeCOM__17cRZCOMDllDirectorP7cIGZCOMR10cIGZString	cRZCOMDllDirector::InitializeCOM(cIGZCOM *, cIGZString &)
0008e414	OnStart__17cRZCOMDllDirectorP7cIGZCOM	cRZCOMDllDirector::OnStart(cIGZCOM *)
0008e570	GetClassObject__17cRZCOMDllDirectorUiUiPPv	cRZCOMDllDirector::GetClassObject(unsigned int, unsigned int, void **)
0008e688	EnumClassObjects__17cRZCOMDllDirectorPFUiUiPv_vPv	cRZCOMDllDirector::EnumClassObjects(void (*)(unsigned int, unsigned int, void *), void *)
0008e768	AddDirector__17cRZCOMDllDirectorP17cRZCOMDllDirector	cRZCOMDllDirector::AddDirector(cRZCOMDllDirector *)
0008e810	OnUnload__17cRZCOMDllDirector	cRZCOMDllDirector::OnUnload(void)
0008e820	GZCOM__Fv	GZCOM(void)
0008e850	GZDllGetGZCOMDirector	GZDllGetGZCOMDirector
0008e870	QueryInterface__17cRZCOMDllDirectorUiPPv	cRZCOMDllDirector::QueryInterface(unsigned int, void **)
0008e8ec	FrameWork__17cRZCOMDllDirector	cRZCOMDllDirector::FrameWork(void)
0008e8fc	AddRef__17cRZCOMDllDirector	cRZCOMDllDirector::AddRef(void)
0008e918	Release__17cRZCOMDllDirector	cRZCOMDllDirector::Release(void)
0008e940	RemoveRef__17cRZCOMDllDirector	cRZCOMDllDirector::RemoveRef(void)
0008e958	RefCount__17cRZCOMDllDirector	cRZCOMDllDirector::RefCount(void)
0008e96c	ModuleName__17cRZCOMDllDirectorR10cIGZString	cRZCOMDllDirector::ModuleName(cIGZString &)
0008e9a0	CanUnloadNow__17cRZCOMDllDirector	cRZCOMDllDirector::CanUnloadNow(void)
0008e9f8	AddCls__17cRZCOMDllDirectorUiPFv_P11cIGZUnknownUi	cRZCOMDllDirector::AddCls(unsigned int, cIGZUnknown *(*)(void), unsigned int)
0008ea4c	AppRegister__17cRZCOMDllDirectorP12cIGZRegistry	cRZCOMDllDirector::AppRegister(cIGZRegistry *)
0008eaa4	PreFrameWorkInit__17cRZCOMDllDirector	cRZCOMDllDirector::PreFrameWorkInit(void)
0008eab0	PreAppInit__17cRZCOMDllDirector	cRZCOMDllDirector::PreAppInit(void)
0008eabc	PostAppInit__17cRZCOMDllDirector	cRZCOMDllDirector::PostAppInit(void)
0008eac8	PreAppShutdown__17cRZCOMDllDirector	cRZCOMDllDirector::PreAppShutdown(void)
0008ead4	PostAppShutdown__17cRZCOMDllDirector	cRZCOMDllDirector::PostAppShutdown(void)
0008eae0	PostSystemServiceShutdown__17cRZCOMDllDirector	cRZCOMDllDirector::PostSystemServiceShutdown(void)
0008eaec	AbortiveQuit__17cRZCOMDllDirector	cRZCOMDllDirector::AbortiveQuit(void)
0008eaf8	OnInstall__17cRZCOMDllDirector	cRZCOMDllDirector::OnInstall(void)
0008eb04	GZCOM__17cRZCOMDllDirector	cRZCOMDllDirector::GZCOM(void)
0008eb20	__out_of_range__FPCc	__out_of_range(char const *)
0008ed88	__length_error__FPCc	__length_error(char const *)
0008efe8	__11logic_errorRCt12basic_string3ZcZt18string_char_traits1ZcZt24__default_alloc_template2b1i0	logic_error::logic_error(basic_string<char, string_char_traits<char>, __default_alloc_template<true, 0> > const &)
0008f044	what__C11logic_error	logic_error::what(void) const
0008f06c	__12domain_errorRCt12basic_string3ZcZt18string_char_traits1ZcZt24__default_alloc_template2b1i0	domain_error::domain_error(basic_string<char, string_char_traits<char>, __default_alloc_template<true, 0> > const &)
0008f0cc	__16invalid_argumentRCt12basic_string3ZcZt18string_char_traits1ZcZt24__default_alloc_template2b1i0	invalid_argument::invalid_argument(basic_string<char, string_char_traits<char>, __default_alloc_template<true, 0> > const &)
0008f12c	__12length_errorRCt12basic_string3ZcZt18string_char_traits1ZcZt24__default_alloc_template2b1i0	length_error::length_error(basic_string<char, string_char_traits<char>, __default_alloc_template<true, 0> > const &)
0008f18c	__12out_of_rangeRCt12basic_string3ZcZt18string_char_traits1ZcZt24__default_alloc_template2b1i0	out_of_range::out_of_range(basic_string<char, string_char_traits<char>, __default_alloc_template<true, 0> > const &)
0008f1ec	__13runtime_errorRCt12basic_string3ZcZt18string_char_traits1ZcZt24__default_alloc_template2b1i0	runtime_error::runtime_error(basic_string<char, string_char_traits<char>, __default_alloc_template<true, 0> > const &)
0008f24c	what__C13runtime_error	runtime_error::what(void) const
0008f270	__13runtime_error	runtime_error::runtime_error(void)
0008f2d4	__11range_errorRCt12basic_string3ZcZt18string_char_traits1ZcZt24__default_alloc_template2b1i0	range_error::range_error(basic_string<char, string_char_traits<char>, __default_alloc_template<true, 0> > const &)
0008f32c	__14overflow_errorRCt12basic_string3ZcZt18string_char_traits1ZcZt24__default_alloc_template2b1i0	overflow_error::overflow_error(basic_string<char, string_char_traits<char>, __default_alloc_template<true, 0> > const &)
0008f38c	__15underflow_errorRCt12basic_string3ZcZt18string_char_traits1ZcZt24__default_alloc_template2b1i0	underflow_error::underflow_error(basic_string<char, string_char_traits<char>, __default_alloc_template<true, 0> > const &)
0008f3f0	__7istreamiP9streambufP7ostream	istream::istream(int, streambuf *, ostream *)
0008f4a4	skip_ws__FP9streambuf	skip_ws(streambuf *)
0008f4d8	get__7istreamRc	istream::get(char &)
0008f5b8	peek__7istream	istream::peek(void)
0008f614	ignore__7istreamii	istream::ignore(int, int)
0008f70c	read__7istreamPci	istream::read(char *, int)
0008f7e4	sync__7istream	istream::sync(void)
0008f824	seekg__7istreamx	istream::seekg(long long)
0008f85c	seekg__7istreamxQ23ios8seek_dir	istream::seekg(long long, ios::seek_dir)
0008f89c	tellg__7istream	istream::tellg(void)
0008f8dc	__rs__7istreamRc	istream::operator>>(char &)
0008f9c4	__rs__7istreamPc	istream::operator>>(char *)
0008fde0	__rs__7istreamRs	istream::operator>>(short &)
0008fe24	__rs__7istreamRUs	istream::operator>>(unsigned short &)
0008fe68	__rs__7istreamRi	istream::operator>>(int &)
0008fea8	__rs__7istreamRUi	istream::operator>>(unsigned int &)
0008fee8	__rs__7istreamRl	istream::operator>>(long &)
0008ff28	__rs__7istreamRUl	istream::operator>>(unsigned long &)
0008ff68	__rs__7istreamRx	istream::operator>>(long long &)
0008ffb0	__rs__7istreamRUx	istream::operator>>(unsigned long long &)
0008fff8	__rs__7istreamRb	istream::operator>>(bool &)
00090044	__rs__7istreamRr	istream::operator>>(long double &)
00090118	__rs__7istreamRd	istream::operator>>(double &)
000901e8	__rs__7istreamRf	istream::operator>>(float &)
000902b8	__rs__7istreamP9streambuf	istream::operator>>(streambuf *)
000903bc	__ls__7ostreamc	ostream::operator<<(char)
0009072c	__ls__7ostreami	ostream::operator<<(int)
000907d8	__ls__7ostreamUi	ostream::operator<<(unsigned int)
00090868	__ls__7ostreaml	ostream::operator<<(long)
00090914	__ls__7ostreamUl	ostream::operator<<(unsigned long)
000909a4	__ls__7ostreamx	ostream::operator<<(long long)
00090a58	__ls__7ostreamUx	ostream::operator<<(unsigned long long)
00090ae8	__ls__7ostreamd	ostream::operator<<(double)
00090c98	__ls__7ostreamr	ostream::operator<<(long double)
00090e4c	__ls__7ostreamPCc	ostream::operator<<(char const *)
00090fd8	__ls__7ostreamP9streambuf	ostream::operator<<(streambuf *)
000910f0	__7ostreamiP9streambufP7ostream	ostream::ostream(int, streambuf *, ostream *)
0009119c	seekp__7ostreamx	ostream::seekp(long long)
000911d4	seekp__7ostreamxQ23ios8seek_dir	ostream::seekp(long long, ios::seek_dir)
00091214	tellp__7ostream	ostream::tellp(void)
00091254	flush__7ostream	ostream::flush(void)
00091284	flush__FR7ostream	flush(ostream &)
0009129c	ws__FR7istream	ws(istream &)
00091378	_skip_ws__7istream	istream::_skip_ws(void)
000913c0	ends__FR7ostream	ends(ostream &)
000913e4	endl__FR7ostream	endl(ostream &)
00091410	lock__FR7istream	lock(istream &)
00091430	unlock__FR7istream	unlock(istream &)
00091450	lock__FR7ostream	lock(ostream &)
00091470	unlock__FR7ostream	unlock(ostream &)
00091490	write__7ostreamPCci	ostream::write(char const *, int)
00091564	do_osfx__7ostream	ostream::do_osfx(void)
000915b0	__8iostreamiP9streambufP7ostream	iostream::iostream(int, streambuf *, ostream *)
00091674	close__3ios	ios::close(void)
000916b8	skip__7istreami	istream::skip(int)
000916e0	__7ostreami	ostream::ostream(int)
00091740	opfx__7ostream	ostream::opfx(void)
00091784	osfx__7ostream	ostream::osfx(void)
000917b8	put__7ostreamc	ostream::put(char)
000917e0	put__7ostreamUc	ostream::put(unsigned char)
00091808	put__7ostreamSc	ostream::put(signed char)
00091830	write__7ostreamPCUci	ostream::write(unsigned char const *, int)
00091850	write__7ostreamPCSci	ostream::write(signed char const *, int)
00091870	write__7ostreamPCvi	ostream::write(void const *, int)
00091890	__ls__7ostreamUc	ostream::operator<<(unsigned char)
000918ac	__ls__7ostreamSc	ostream::operator<<(signed char)
000918c8	__ls__7ostreamPCUc	ostream::operator<<(unsigned char const *)
000918e4	__ls__7ostreamPCSc	ostream::operator<<(signed char const *)
00091900	__ls__7ostreams	ostream::operator<<(short)
0009191c	__ls__7ostreamUs	ostream::operator<<(unsigned short)
00091938	__ls__7ostreamb	ostream::operator<<(bool)
00091954	__ls__7ostreamf	ostream::operator<<(float)
00091974	__ls__7ostreamPFR7ostream_R7ostream	ostream::operator<<(ostream &(*)(ostream &))
0009198c	__ls__7ostreamPFR3ios_R3ios	ostream::operator<<(ios &(*)(ios &))
000919ac	ostreambuf__C7ostream	ostream::ostreambuf(void) const
000919bc	__7istreami	istream::istream(int)
00091a24	get__7istreamPUcic	istream::get(unsigned char *, int, char)
00091a48	get__7istreamRUc	istream::get(unsigned char &)
00091a64	getline__7istreamPUcic	istream::getline(unsigned char *, int, char)
00091a88	get__7istreamRSc	istream::get(signed char &)
00091aa4	get__7istreamPScic	istream::get(signed char *, int, char)
00091ac8	getline__7istreamPScic	istream::getline(signed char *, int, char)
00091aec	read__7istreamPUci	istream::read(unsigned char *, int)
00091b0c	read__7istreamPSci	istream::read(signed char *, int)
00091b2c	read__7istreamPvi	istream::read(void *, int)
00091b4c	ipfx__7istreami	istream::ipfx(int)
00091bd0	ipfx0__7istream	istream::ipfx0(void)
00091c34	ipfx1__7istream	istream::ipfx1(void)
00091c88	isfx__7istream	istream::isfx(void)
00091ca4	get__7istream	istream::get(void)
00091d28	gcount__7istream	istream::gcount(void)
00091d38	putback__7istreamc	istream::putback(char)
00091d70	unget__7istream	istream::unget(void)
00091da4	unget__7istreamc	istream::unget(char)
00091ddc	istreambuf__C7istream	istream::istreambuf(void) const
00091dec	__rs__7istreamPUc	istream::operator>>(unsigned char *)
00091e08	__rs__7istreamPSc	istream::operator>>(signed char *)
00091e24	__rs__7istreamRUc	istream::operator>>(unsigned char &)
00091e40	__rs__7istreamRSc	istream::operator>>(signed char &)
00091e5c	__rs__7istreamPFR3ios_R3ios	istream::operator>>(ios &(*)(ios &))
00091e7c	__rs__7istreamPFR7istream_R7istream	istream::operator>>(istream &(*)(istream &))
00091e94	__8iostreami	iostream::iostream(int)
00091f14	__as__22_IO_istream_withassignR22_IO_istream_withassign	_IO_istream_withassign::operator=(_IO_istream_withassign &)
00091f30	__as__22_IO_ostream_withassignR22_IO_ostream_withassign	_IO_ostream_withassign::operator=(_IO_ostream_withassign &)
00091f4c	dec__FR3ios	dec(ios &)
00091f64	hex__FR3ios	hex(ios &)
00091f7c	oct__FR3ios	oct(ios &)
00091fa0	getline__7istreamPcic	istream::getline(char *, int, char)
0009210c	get__7istreamPcic	istream::get(char *, int, char)
00092218	_sb_readline__FP9streambufRlc	_sb_readline(streambuf *, long &, char)
00092334	gets__7istreamPPcc	istream::gets(char **, char)
00092440	scan__7istreamPCce	istream::scan(char const *,...)
00092518	vscan__7istreamPCcPv	istream::vscan(char const *, void *)
000925e8	vscan__9streambufPCcPvP3ios	streambuf::vscan(char const *, void *, ios *)
00092624	scan__9streambufPCce	streambuf::scan(char const *,...)
00092644	sync_with_stdio__3iosi	ios::sync_with_stdio(int)
00092650	_un_link__9streambuf	streambuf::_un_link(void)
00092668	_link_in__9streambuf	streambuf::_link_in(void)
00092680	switch_to_get_mode__9streambuf	streambuf::switch_to_get_mode(void)
00092698	free_backup_area__9streambuf	streambuf::free_backup_area(void)
000926b0	__overflow__FP9streambufi	__overflow(streambuf *, int)
000926d0	underflow__9streambuf	streambuf::underflow(void)
000926dc	uflow__9streambuf	streambuf::uflow(void)
000926f4	overflow__9streambufi	streambuf::overflow(int)
00092700	xsputn__9streambufPCci	streambuf::xsputn(char const *, int)
00092720	xsgetn__9streambufPci	streambuf::xsgetn(char *, int)
00092740	ignore__9streambufi	streambuf::ignore(int)
00092790	sync__9streambuf	streambuf::sync(void)
0009279c	pbackfail__9streambufi	streambuf::pbackfail(int)
000927b8	setbuf__9streambufPci	streambuf::setbuf(char *, int)
00092858	seekpos__9streambufxi	streambuf::seekpos(long long, int)
00092888	sseekpos__9streambufxi	streambuf::sseekpos(long long, int)
000928a8	setb__9streambufPcT1i	streambuf::setb(char *, char *, int)
000928cc	doallocate__9streambuf	streambuf::doallocate(void)
000928e4	doallocbuf__9streambuf	streambuf::doallocbuf(void)
000928fc	__9streambufi	streambuf::streambuf(int)
00092938	_._9streambuf	streambuf::~streambuf(void)
00092998	seekoff__9streambufxQ23ios8seek_diri	streambuf::seekoff(long long, ios::seek_dir, int)
000929ac	sseekoff__9streambufxQ23ios8seek_diri	streambuf::sseekoff(long long, ios::seek_dir, int)
000929d4	sputbackc__9streambufc	streambuf::sputbackc(char)
000929f0	sungetc__9streambuf	streambuf::sungetc(void)
00092a08	get_column__9streambuf	streambuf::get_column(void)
00092a3c	set_column__9streambufi	streambuf::set_column(int)
00092a50	flush_all__9streambuf	streambuf::flush_all(void)
00092a60	flush_all_linebuffered__9streambuf	streambuf::flush_all_linebuffered(void)
00092a70	sys_stat__9streambufPv	streambuf::sys_stat(void *)
00092a8c	sys_read__9streambufPci	streambuf::sys_read(char *, int)
00092a98	sys_write__9streambufPCci	streambuf::sys_write(char const *, int)
00092aa4	sys_seek__9streambufxQ23ios8seek_dir	streambuf::sys_seek(long long, ios::seek_dir)
00092ab8	sys_close__9streambuf	streambuf::sys_close(void)
00092ac4	showmanyc__9streambuf	streambuf::showmanyc(void)
00092ad0	imbue__9streambufPv	streambuf::imbue(void *)
00092ad8	__12streammarkerP9streambuf	streammarker::streammarker(streambuf *)
00092af8	_._12streammarker	streammarker::~streammarker(void)
00092b2c	delta__12streammarkerR12streammarker	streammarker::delta(streammarker &)
00092b48	delta__12streammarker	streammarker::delta(void)
00092b60	seekmark__9streambufR12streammarkeri	streambuf::seekmark(streammarker &, int)
00092b80	unsave_markers__9streambuf	streambuf::unsave_markers(void)
00092b98	readable__3ios	ios::readable(void)
00092bb0	writable__3ios	ios::writable(void)
00092bc8	is_open__3ios	ios::is_open(void)
00092bec	tie__C3ios	ios::tie(void) const
00092bfc	tie__3iosP7ostream	ios::tie(ostream *)
00092c14	fill__C3ios	ios::fill(void) const
00092c24	fill__3iosw	ios::fill(wchar_t)
00092c3c	flags__C3ios	ios::flags(void) const
00092c4c	flags__3iosUl	ios::flags(unsigned long)
00092c64	precision__C3ios	ios::precision(void) const
00092c74	precision__3iosi	ios::precision(int)
00092c8c	setf__3iosUl	ios::setf(unsigned long)
00092ca4	setf__3iosUlUl	ios::setf(unsigned long, unsigned long)
00092cc8	unsetf__3iosUl	ios::unsetf(unsigned long)
00092ce4	width__C3ios	ios::width(void) const
00092cf4	width__3iosi	ios::width(int)
00092d0c	_throw_failure__C3ios	ios::_throw_failure(void) const
00092d14	clear__3iosi	ios::clear(int)
00092d30	set__3iosi	ios::set(int)
00092d40	setstate__3iosi	ios::setstate(int)
00092d50	good__C3ios	ios::good(void) const
00092d64	eof__C3ios	ios::eof(void) const
00092d78	fail__C3ios	ios::fail(void) const
00092d8c	bad__C3ios	ios::bad(void) const
00092da0	rdstate__C3ios	ios::rdstate(void) const
00092db0	__opPv__C3ios	ios::operator void *(void) const
00092dcc	__nt__C3ios	ios::operator!(void) const
00092de0	exceptions__C3ios	ios::exceptions(void) const
00092df0	exceptions__3iosi	ios::exceptions(int)
00092e00	rdbuf__C3ios	ios::rdbuf(void) const
00092e0c	rdbuf__3iosP9streambuf	ios::rdbuf(streambuf *)
00092e2c	sync_with_stdio__3ios	ios::sync_with_stdio(void)
00092e40	unset__3ios11state_value	ios::unset(state_value)
00092e54	__Q23ios4Init	ios::Init::Init(void)
00092e60	set_offset__12streammarkeri	streammarker::set_offset(int)
00092e70	saving__12streammarker	streammarker::saving(void)
00092e7c	_vtable__9streambuf	streambuf::_vtable(void)
00092e8c	xchain__9streambuf	streambuf::xchain(void)
00092e9c	gptr__C9streambuf	streambuf::gptr(void) const
00092eb8	pptr__C9streambuf	streambuf::pptr(void) const
00092ec8	egptr__C9streambuf	streambuf::egptr(void) const
00092ee8	epptr__C9streambuf	streambuf::epptr(void) const
00092ef8	pbase__C9streambuf	streambuf::pbase(void) const
00092f08	eback__C9streambuf	streambuf::eback(void) const
00092f28	base__C9streambuf	streambuf::base(void) const
00092f38	ebuf__C9streambuf	streambuf::ebuf(void) const
00092f48	blen__C9streambuf	streambuf::blen(void) const
00092f5c	xput_char__9streambufc	streambuf::xput_char(char)
00092f74	xflags__9streambuf	streambuf::xflags(void)
00092f80	xflags__9streambufi	streambuf::xflags(int)
00092f94	xsetflags__9streambufi	streambuf::xsetflags(int)
00092fa4	xsetflags__9streambufii	streambuf::xsetflags(int, int)
00092fc0	gbump__9streambufi	streambuf::gbump(int)
00092fdc	pbump__9streambufi	streambuf::pbump(int)
00092ff0	setp__9streambufPcT1	streambuf::setp(char *, char *)
0009300c	setg__9streambufPcN21	streambuf::setg(char *, char *, char *)
00093040	shortbuf__9streambuf	streambuf::shortbuf(void)
00093050	in_backup__9streambuf	streambuf::in_backup(void)
00093064	Gbase__9streambuf	streambuf::Gbase(void)
0009307c	eGptr__9streambuf	streambuf::eGptr(void)
00093098	Bbase__9streambuf	streambuf::Bbase(void)
000930b8	Bptr__9streambuf	streambuf::Bptr(void)
000930c8	eBptr__9streambuf	streambuf::eBptr(void)
000930e8	Nbase__9streambuf	streambuf::Nbase(void)
000930f8	eNptr__9streambuf	streambuf::eNptr(void)
00093108	have_backup__9streambuf	streambuf::have_backup(void)
0009311c	have_markers__9streambuf	streambuf::have_markers(void)
00093130	put_mode__9streambuf	streambuf::put_mode(void)
00093144	pubseekoff__9streambufxQ23ios8seek_diri	streambuf::pubseekoff(long long, ios::seek_dir, int)
0009316c	pubseekpos__9streambufxi	streambuf::pubseekpos(long long, int)
0009318c	unbuffered__9streambuf	streambuf::unbuffered(void)
000931a0	linebuffered__9streambuf	streambuf::linebuffered(void)
000931b4	unbuffered__9streambufi	streambuf::unbuffered(int)
000931cc	linebuffered__9streambufi	streambuf::linebuffered(int)
000931e8	allocate__9streambuf	streambuf::allocate(void)
00093214	allocbuf__9streambuf	streambuf::allocbuf(void)
00093230	in_avail__9streambuf	streambuf::in_avail(void)
00093244	out_waiting__9streambuf	streambuf::out_waiting(void)
00093258	sputn__9streambufPCci	streambuf::sputn(char const *, int)
00093280	padn__9streambufci	streambuf::padn(char, int)
000932a0	sgetn__9streambufPci	streambuf::sgetn(char *, int)
000932c0	sputc__9streambufi	streambuf::sputc(int)
000932dc	sbumpc__9streambuf	streambuf::sbumpc(void)
000932f4	sgetc__9streambuf	streambuf::sgetc(void)
0009330c	snextc__9streambuf	streambuf::snextc(void)
00093344	stossc__9streambuf	streambuf::stossc(void)
0009335c	is_open__C7filebuf	filebuf::is_open(void) const
00093370	fd__C7filebuf	filebuf::fd(void) const
0009338c	is_reading__7filebuf	filebuf::is_reading(void)
000933c0	cur_ptr__7filebuf	filebuf::cur_ptr(void)
00093400	file_ptr__7filebuf	filebuf::file_ptr(void)
00093418	init__3iosP9streambufP7ostream	ios::init(streambuf *, ostream *)
00093468	__3iosP9streambufP7ostream	ios::ios(streambuf *, ostream *)
000934bc	_._3ios	ios::~ios(void)
00093500	init__7filebuf	filebuf::init(void)
00093518	__7filebuf	filebuf::filebuf(void)
00093578	__7filebufi	filebuf::filebuf(int)
000935dc	__7filebufiPci	filebuf::filebuf(int, char *, int)
0009365c	_._7filebuf	filebuf::~filebuf(void)
000936b8	open__7filebufPCcii	filebuf::open(char const *, int, int)
00093768	open__7filebufPCcT1	filebuf::open(char const *, char const *)
00093788	attach__7filebufi	filebuf::attach(int)
000937a4	setbuf__7filebufPci	filebuf::setbuf(char *, int)
000937c4	doallocate__7filebuf	filebuf::doallocate(void)
000937dc	overflow__7filebufi	filebuf::overflow(int)
000937f8	underflow__7filebuf	filebuf::underflow(void)
00093810	sync__7filebuf	filebuf::sync(void)
00093828	seekoff__7filebufxQ23ios8seek_diri	filebuf::seekoff(long long, ios::seek_dir, int)
00093850	close__7filebuf	filebuf::close(void)
00093874	sys_read__7filebufPci	filebuf::sys_read(char *, int)
00093894	sys_seek__7filebufxQ23ios8seek_dir	filebuf::sys_seek(long long, ios::seek_dir)
000938b4	sys_write__7filebufPCci	filebuf::sys_write(char const *, int)
000938d4	sys_stat__7filebufPv	filebuf::sys_stat(void *)
000938f0	sys_close__7filebuf	filebuf::sys_close(void)
00093908	xsputn__7filebufPCci	filebuf::xsputn(char const *, int)
00093928	xsgetn__7filebufPci	filebuf::xsgetn(char *, int)
00093950	__as__22_IO_istream_withassignR7istream	_IO_istream_withassign::operator=(istream &)
000939b4	__as__22_IO_ostream_withassignR7ostream	_IO_ostream_withassign::operator=(ostream &)
00093a14	__default_terminate	__default_terminate
00093a30	__terminate	__terminate
00093a58	__throw_type_match	__throw_type_match
00093a8c	__empty	__empty
00093ae8	__get_eh_context	__get_eh_context
00093b0c	__get_eh_info	__get_eh_info
00093bbc	__get_dynamic_handler_chain	__get_dynamic_handler_chain
00093be4	__sjthrow	__sjthrow
00093cf4	__sjpopnthrow	__sjpopnthrow
00093dec	__eh_rtime_match	__eh_rtime_match
00093e44	__get_eh_table_version	__get_eh_table_version
00093e54	__get_eh_table_language	__get_eh_table_language
000940f8	__unwinding_cleanup	__unwinding_cleanup
00094468	__throw	__throw
00094528	__rethrow	__rethrow
000945f4	__pure_virtual	__pure_virtual
00094630	__udivdi3	__udivdi3
00094750	__umoddi3	__umoddi3
000948e4	terminate__Fv	terminate(void)
00094904	__default_unexpected__Fv	__default_unexpected(void)
00094920	set_terminate__FPFv_v	set_terminate(void (*)(void))
00094948	set_unexpected__FPFv_v	set_unexpected(void (*)(void))
00094974	unexpected__Fv	unexpected(void)
00094994	__cp_exception_info	__cp_exception_info
000949bc	__cp_eh_info	__cp_eh_info
000949e0	__start_cp_handler	__start_cp_handler
00094a0c	__eh_alloc	__eh_alloc
00094a44	__eh_free	__eh_free
00094a70	__cplus_type_matcher	__cplus_type_matcher
00094adc	__cp_push_exception	__cp_push_exception
00094b50	__cp_pop_exception	__cp_pop_exception
00094c00	__uncatch_exception	__uncatch_exception
00094c30	__check_eh_spec	__check_eh_spec
00094e04	__throw_bad_cast	__throw_bad_cast
00094ea8	__throw_bad_typeid	__throw_bad_typeid
00094f48	uncaught_exception__Fv	uncaught_exception(void)
00094f7c	what__C9exception	exception::what(void) const
00094fa4	__9exception	exception::exception(void)
00094fcc	_._9exception	exception::~exception(void)
00095004	__13bad_exception	bad_exception::bad_exception(void)
00095034	_._13bad_exception	bad_exception::~bad_exception(void)
00095af4	__register_frame_info	__register_frame_info
00095b40	__register_frame	__register_frame
00095b78	__register_frame_info_table	__register_frame_info_table
00095bc0	__register_frame_table	__register_frame_table
00095bf8	__deregister_frame_info	__deregister_frame_info
00095c60	__deregister_frame	__deregister_frame
00095c94	__frame_state_for	__frame_state_for
00095f14	__builtin_delete	__builtin_delete
00095fb4	__builtin_new	__builtin_new
00096114	__builtin_vec_delete	__builtin_vec_delete
000961b4	__builtin_vec_new	__builtin_vec_new
00096264	_._9type_info	type_info::~type_info(void)
0009629c	__eq__C9type_infoRC9type_info	type_info::operator==(type_info const &) const
000962e0	__rtti_class	__rtti_class
0009632c	__rtti_si	__rtti_si
00096374	__rtti_user	__rtti_user
000963ac	dcast__C16__user_type_infoRC9type_infoiPvPC9type_infoT3	__user_type_info::dcast(type_info const &, int, void *, type_info const *, void *) const
000963e4	dcast__C14__si_type_infoRC9type_infoiPvPC9type_infoT3	__si_type_info::dcast(type_info const &, int, void *, type_info const *, void *) const
00096444	dcast__C17__class_type_infoRC9type_infoiPvPC9type_infoT3	__class_type_info::dcast(type_info const &, int, void *, type_info const *, void *) const
00096594	__9type_infoPCc	type_info::type_info(char const *)
000965bc	name__C9type_info	type_info::name(void) const
000965cc	__ne__C9type_infoRC9type_info	type_info::operator!=(type_info const &) const
000965fc	__8bad_cast	bad_cast::bad_cast(void)
0009662c	_._8bad_cast	bad_cast::~bad_cast(void)
0009666c	__10bad_typeid	bad_typeid::bad_typeid(void)
0009669c	_._10bad_typeid	bad_typeid::~bad_typeid(void)
000966dc	__16__user_type_infoPCc	__user_type_info::__user_type_info(char const *)
00096710	__14__si_type_infoPCcRC16__user_type_info	__si_type_info::__si_type_info(char const *, __user_type_info const &)
00096758	__17__class_type_infoPCcPCQ217__class_type_info9base_infoUi	__class_type_info::__class_type_info(char const *, __class_type_info::base_info const *, unsigned int)
000967b4	before__C9type_infoRC9type_info	type_info::before(type_info const &) const
000967e8	__throw_type_match_rtti	__throw_type_match_rtti
00096c80	__is_pointer__FPv	__is_pointer(void *)
00096cd4	__rtti_ptr	__rtti_ptr
00096d10	__rtti_attr	__rtti_attr
00096d54	__rtti_func	__rtti_func
00096d8c	__rtti_ptmf	__rtti_ptmf
00096dc4	__rtti_ptmd	__rtti_ptmd
00096dfc	__rtti_array	__rtti_array
00096e34	__dynamic_cast	__dynamic_cast
00096e88	__tfv	void type_info function
00096ed0	__tfx	long long type_info function
00096f18	__tfl	long type_info function
00096f60	__tfi	int type_info function
00096fa8	__tfs	short type_info function
00096ff0	__tfb	bool type_info function
00097038	__tfc	char type_info function
00097080	__tfw	wchar_t type_info function
000970c8	__tfr	long double type_info function
00097110	__tfd	double type_info function
00097158	__tff	float type_info function
000971a0	__tfUi	unsigned int type_info function
000971e8	__tfUl	unsigned long type_info function
00097230	__tfUx	unsigned long long type_info function
00097278	__tfUs	unsigned short type_info function
000972c0	__tfUc	unsigned char type_info function
00097308	__tfSc	signed char type_info function
00097350	set_new_handler__FPFv_v	set_new_handler(void (*)(void))
00097378	what__C9bad_alloc	bad_alloc::what(void) const
00097398	__nw__FUiPv	operator new(unsigned int, void *)
000973b4	__vn__FUiPv	operator new [](unsigned int, void *)
00097444	_S_chunk_alloc__t24__default_alloc_template2b1i0UiRi	__default_alloc_template<true, 0>::_S_chunk_alloc(unsigned int, int &)
000975f4	clone__Q2t12basic_string3ZcZt18string_char_traits1ZcZt24__default_alloc_template2b1i0_3Rep	basic_string<char, string_char_traits<char>, __default_alloc_template<true, 0> >::Rep::clone(void)
00097814	alloc__t12basic_string3ZcZt18string_char_traits1ZcZt24__default_alloc_template2b1i0Uib	basic_string<char, string_char_traits<char>, __default_alloc_template<true, 0> >::alloc(unsigned int, bool)
00097af4	replace__t12basic_string3ZcZt18string_char_traits1ZcZt24__default_alloc_template2b1i0UiUiUic	basic_string<char, string_char_traits<char>, __default_alloc_template<true, 0> >::replace(unsigned int, unsigned int, unsigned int, char)
00097ec4	replace__t12basic_string3ZcZt18string_char_traits1ZcZt24__default_alloc_template2b1i0UiUiPCcUi	basic_string<char, string_char_traits<char>, __default_alloc_template<true, 0> >::replace(unsigned int, unsigned int, char const *, unsigned int)
000982a4	replace__t12basic_string3ZcZt18string_char_traits1ZcZt24__default_alloc_template2b1i0UiUiRCt12basic_string3ZcZt18string_char_traits1ZcZt24__default_alloc_template2b1i0UiUi	basic_string<char, string_char_traits<char>, __default_alloc_template<true, 0> >::replace(unsigned int, unsigned int, basic_string<char, string_char_traits<char>, __default_alloc_template<true, 0> > const &, unsigned int, unsigned int)
00098404	replace__H1ZPCc_t12basic_string3ZcZt18string_char_traits1ZcZt24__default_alloc_template2b1i0PcT1X00X00_Rt12basic_string3ZcZt18string_char_traits1ZcZt24__default_alloc_template2b1i0	basic_string<char, string_char_traits<char>, __default_alloc_template<true, 0> > & basic_string<char, string_char_traits<char>, __default_alloc_template<true, 0> >::replace<char const *>(char *, char *, char const *, char const *)
00098804	compare__Ct12basic_string3ZcZt18string_char_traits1ZcZt24__default_alloc_template2b1i0RCt12basic_string3ZcZt18string_char_traits1ZcZt24__default_alloc_template2b1i0UiUi	basic_string<char, string_char_traits<char>, __default_alloc_template<true, 0> >::compare(basic_string<char, string_char_traits<char>, __default_alloc_template<true, 0> > const &, unsigned int, unsigned int) const
000988b4	__uninitialized_copy_aux__H2ZPQ231cISC3DisasterEarthquakeInstance16EarthquakeRecordZPQ231cISC3DisasterEarthquakeInstance16EarthquakeRecord_X01X01X11G12__false_type_X11	cISC3DisasterEarthquakeInstance::EarthquakeRecord * __uninitialized_copy_aux<cISC3DisasterEarthquakeInstance::EarthquakeRecord *, cISC3DisasterEarthquakeInstance::EarthquakeRecord *>(cISC3DisasterEarthquakeInstance::EarthquakeRecord *, cISC3DisasterEarthquakeInstance::EarthquakeRecord *, cISC3DisasterEarthquakeInstance::EarthquakeRecord *, __false_type)
00098904	_M_insert_aux__t6vector2ZQ231cISC3DisasterEarthquakeInstance16EarthquakeRecordZt9allocator1ZQ231cISC3DisasterEarthquakeInstance16EarthquakeRecordPQ231cISC3DisasterEarthquakeInstance16EarthquakeRecordRCQ231cISC3DisasterEarthquakeInstance16EarthquakeRecord	vector<cISC3DisasterEarthquakeInstance::EarthquakeRecord, allocator<cISC3DisasterEarthquakeInstance::EarthquakeRecord> >::_M_insert_aux(cISC3DisasterEarthquakeInstance::EarthquakeRecord *, cISC3DisasterEarthquakeInstance::EarthquakeRecord const &)
00098d5c	__thunk_8_QueryInterface__30cSC3EarthquakeDisasterInstanceUiPPv	virtual function thunk (delta:-8) for cSC3EarthquakeDisasterInstance::QueryInterface(unsigned int, void **)
00098d78	__thunk_8_AddRef__30cSC3EarthquakeDisasterInstance	virtual function thunk (delta:-8) for cSC3EarthquakeDisasterInstance::AddRef(void)
00098d94	__thunk_8_Release__30cSC3EarthquakeDisasterInstance	virtual function thunk (delta:-8) for cSC3EarthquakeDisasterInstance::Release(void)
00098db0	__thunk_8_DoMessage__30cSC3EarthquakeDisasterInstanceR10cGZMessage	virtual function thunk (delta:-8) for cSC3EarthquakeDisasterInstance::DoMessage(cGZMessage &)
00098dcc	__thunk_4_QueryInterface__30cSC3EarthquakeDisasterInstanceUiPPv	virtual function thunk (delta:-4) for cSC3EarthquakeDisasterInstance::QueryInterface(unsigned int, void **)
00098de8	__thunk_4_AddRef__30cSC3EarthquakeDisasterInstance	virtual function thunk (delta:-4) for cSC3EarthquakeDisasterInstance::AddRef(void)
00098e04	__thunk_4_Release__30cSC3EarthquakeDisasterInstance	virtual function thunk (delta:-4) for cSC3EarthquakeDisasterInstance::Release(void)
00098e20	__thunk_4_GetRichterScale__C30cSC3EarthquakeDisasterInstance	virtual function thunk (delta:-4) for cSC3EarthquakeDisasterInstance::GetRichterScale(void) const
00098e3c	__thunk_4_GetEarthquakeLevel__C30cSC3EarthquakeDisasterInstance	virtual function thunk (delta:-4) for cSC3EarthquakeDisasterInstance::GetEarthquakeLevel(void) const
00098e58	__thunk_4_GetEpicenterMicro__C30cSC3EarthquakeDisasterInstanceRiN21	virtual function thunk (delta:-4) for cSC3EarthquakeDisasterInstance::GetEpicenterMicro(int &, int &, int &) const
00098e74	__thunk_4_GetFaultlineMicro__C30cSC3EarthquakeDisasterInstanceRiN51	virtual function thunk (delta:-4) for cSC3EarthquakeDisasterInstance::GetFaultlineMicro(int &, int &, int &, int &, int &, int &) const
00098e90	__thunk_4_GetCurrentEarthquakeRecord__30cSC3EarthquakeDisasterInstanceRQ231cISC3DisasterEarthquakeInstance16EarthquakeRecord	virtual function thunk (delta:-4) for cSC3EarthquakeDisasterInstance::GetCurrentEarthquakeRecord(cISC3DisasterEarthquakeInstance::EarthquakeRecord &)
00098eac	__thunk_20_QueryInterface__29cSC3EarthquakeDisasterManagerUiPPv	virtual function thunk (delta:-20) for cSC3EarthquakeDisasterManager::QueryInterface(unsigned int, void **)
00098ec8	__thunk_20_AddRef__29cSC3EarthquakeDisasterManager	virtual function thunk (delta:-20) for cSC3EarthquakeDisasterManager::AddRef(void)
00098ee4	__thunk_20_Release__29cSC3EarthquakeDisasterManager	virtual function thunk (delta:-20) for cSC3EarthquakeDisasterManager::Release(void)
00098f00	__thunk_20_DoMessage__29cSC3EarthquakeDisasterManagerR10cGZMessage	virtual function thunk (delta:-20) for cSC3EarthquakeDisasterManager::DoMessage(cGZMessage &)
00098f1c	__thunk_16_QueryInterface__29cSC3EarthquakeDisasterManagerUiPPv	virtual function thunk (delta:-16) for cSC3EarthquakeDisasterManager::QueryInterface(unsigned int, void **)
00098f38	__thunk_16_AddRef__29cSC3EarthquakeDisasterManager	virtual function thunk (delta:-16) for cSC3EarthquakeDisasterManager::AddRef(void)
00098f54	__thunk_16_Release__29cSC3EarthquakeDisasterManager	virtual function thunk (delta:-16) for cSC3EarthquakeDisasterManager::Release(void)
00098f70	__thunk_16_GetDisasterHistory__C29cSC3EarthquakeDisasterManagerPQ231cISC3DisasterEarthquakeInstance16EarthquakeRecordRUi	virtual function thunk (delta:-16) for cSC3EarthquakeDisasterManager::GetDisasterHistory(cISC3DisasterEarthquakeInstance::EarthquakeRecord *, unsigned int &) const
00098f8c	__thunk_16_GetLastDisasterHistory__C29cSC3EarthquakeDisasterManagerPQ231cISC3DisasterEarthquakeInstance16EarthquakeRecord	virtual function thunk (delta:-16) for cSC3EarthquakeDisasterManager::GetLastDisasterHistory(cISC3DisasterEarthquakeInstance::EarthquakeRecord *) const
00098fa8	__thunk_16_StartEarthquake__29cSC3EarthquakeDisasterManagerfb	virtual function thunk (delta:-16) for cSC3EarthquakeDisasterManager::StartEarthquake(float, bool)
00098fc4	__thunk_12_QueryInterface__29cSC3EarthquakeDisasterManagerUiPPv	virtual function thunk (delta:-12) for cSC3EarthquakeDisasterManager::QueryInterface(unsigned int, void **)
00098fe0	__thunk_12_AddRef__29cSC3EarthquakeDisasterManager	virtual function thunk (delta:-12) for cSC3EarthquakeDisasterManager::AddRef(void)
00098ffc	__thunk_12_Release__29cSC3EarthquakeDisasterManager	virtual function thunk (delta:-12) for cSC3EarthquakeDisasterManager::Release(void)
00099018	__thunk_12_Init__29cSC3EarthquakeDisasterManagerP18cISC3DisasterLayerP9cISC3City	virtual function thunk (delta:-12) for cSC3EarthquakeDisasterManager::Init(cISC3DisasterLayer *, cISC3City *)
00099034	__thunk_12_Shutdown__29cSC3EarthquakeDisasterManager	virtual function thunk (delta:-12) for cSC3EarthquakeDisasterManager::Shutdown(void)
00099050	__thunk_12_Init__29cSC3EarthquakeDisasterManagerP9cISC3CityP13cIGZDBSegment	virtual function thunk (delta:-12) for cSC3EarthquakeDisasterManager::Init(cISC3City *, cIGZDBSegment *)
0009906c	__thunk_12_Save__29cSC3EarthquakeDisasterManagerP9cISC3CityP13cIGZDBSegment	virtual function thunk (delta:-12) for cSC3EarthquakeDisasterManager::Save(cISC3City *, cIGZDBSegment *)
00099088	__thunk_12_StaticInit__29cSC3EarthquakeDisasterManager	virtual function thunk (delta:-12) for cSC3EarthquakeDisasterManager::StaticInit(void)
000990a4	__thunk_12_StaticShutdown__29cSC3EarthquakeDisasterManager	virtual function thunk (delta:-12) for cSC3EarthquakeDisasterManager::StaticShutdown(void)
000990c0	__thunk_12_StopInstance__29cSC3EarthquakeDisasterManagerP21cISC3DisasterInstance	virtual function thunk (delta:-12) for cSC3EarthquakeDisasterManager::StopInstance(cISC3DisasterInstance *)
000990dc	__thunk_12_AttemptDisasterStart__29cSC3EarthquakeDisasterManager	virtual function thunk (delta:-12) for cSC3EarthquakeDisasterManager::AttemptDisasterStart(void)
000990f8	__thunk_12_Tick__29cSC3EarthquakeDisasterManager	virtual function thunk (delta:-12) for cSC3EarthquakeDisasterManager::Tick(void)
00099114	__t9cRZTriple3ZiZiZi	cRZTriple<int, int, int>::cRZTriple(void)
00099120	__t9cRZTriple3ZiZiZiiii	cRZTriple<int, int, int>::cRZTriple(int, int, int)
00099140	__as__t9cRZTriple3ZiZiZiRCt9cRZTriple3ZiZiZi	cRZTriple<int, int, int>::operator=(cRZTriple<int, int, int> const &)
00099164	_M_erase__t8_Rb_tree5ZP13cISC3OccupantZP13cISC3OccupantZt9_Identity1ZP13cISC3OccupantZt4less1ZP13cISC3OccupantZt9allocator1ZP13cISC3OccupantPt13_Rb_tree_node1ZP13cISC3Occupant	_Rb_tree<cISC3Occupant *, cISC3Occupant *, _Identity<cISC3Occupant *>, less<cISC3Occupant *>, allocator<cISC3Occupant *> >::_M_erase(_Rb_tree_node<cISC3Occupant *> *)
000991e0	find__Ct8_Rb_tree5ZP13cISC3OccupantZP13cISC3OccupantZt9_Identity1ZP13cISC3OccupantZt4less1ZP13cISC3OccupantZt9allocator1ZP13cISC3OccupantRCP13cISC3Occupant	_Rb_tree<cISC3Occupant *, cISC3Occupant *, _Identity<cISC3Occupant *>, less<cISC3Occupant *>, allocator<cISC3Occupant *> >::find(cISC3Occupant *const &) const
00099244	__uninitialized_copy_aux__H2ZPQ223cSC3FireDisasterManager18tSavedFireInstanceZPQ223cSC3FireDisasterManager18tSavedFireInstance_X01X01X11G12__false_type_X11	cSC3FireDisasterManager::tSavedFireInstance * __uninitialized_copy_aux<cSC3FireDisasterManager::tSavedFireInstance *, cSC3FireDisasterManager::tSavedFireInstance *>(cSC3FireDisasterManager::tSavedFireInstance *, cSC3FireDisasterManager::tSavedFireInstance *, cSC3FireDisasterManager::tSavedFireInstance *, __false_type)
00099294	_M_insert_aux__t6vector2ZQ223cSC3FireDisasterManager18tSavedFireInstanceZt9allocator1ZQ223cSC3FireDisasterManager18tSavedFireInstancePQ223cSC3FireDisasterManager18tSavedFireInstanceRCQ223cSC3FireDisasterManager18tSavedFireInstance	vector<cSC3FireDisasterManager::tSavedFireInstance, allocator<cSC3FireDisasterManager::tSavedFireInstance> >::_M_insert_aux(cSC3FireDisasterManager::tSavedFireInstance *, cSC3FireDisasterManager::tSavedFireInstance const &)
00099674	_M_insert__t8_Rb_tree5ZP13cISC3OccupantZP13cISC3OccupantZt9_Identity1ZP13cISC3OccupantZt4less1ZP13cISC3OccupantZt9allocator1ZP13cISC3OccupantP18_Rb_tree_node_baseT1RCP13cISC3Occupant	_Rb_tree<cISC3Occupant *, cISC3Occupant *, _Identity<cISC3Occupant *>, less<cISC3Occupant *>, allocator<cISC3Occupant *> >::_M_insert(_Rb_tree_node_base *, _Rb_tree_node_base *, cISC3Occupant *const &)
00099a44	insert_unique__t8_Rb_tree5ZP13cISC3OccupantZP13cISC3OccupantZt9_Identity1ZP13cISC3OccupantZt4less1ZP13cISC3OccupantZt9allocator1ZP13cISC3OccupantRCP13cISC3Occupant	_Rb_tree<cISC3Occupant *, cISC3Occupant *, _Identity<cISC3Occupant *>, less<cISC3Occupant *>, allocator<cISC3Occupant *> >::insert_unique(cISC3Occupant *const &)
00099b2c	__thunk_20_QueryInterface__23cSC3FireDisasterManagerUiPPv	virtual function thunk (delta:-20) for cSC3FireDisasterManager::QueryInterface(unsigned int, void **)
00099b48	__thunk_20_AddRef__23cSC3FireDisasterManager	virtual function thunk (delta:-20) for cSC3FireDisasterManager::AddRef(void)
00099b64	__thunk_20_Release__23cSC3FireDisasterManager	virtual function thunk (delta:-20) for cSC3FireDisasterManager::Release(void)
00099b80	__thunk_20_DoMessage__23cSC3FireDisasterManagerR10cGZMessage	virtual function thunk (delta:-20) for cSC3FireDisasterManager::DoMessage(cGZMessage &)
00099b9c	__thunk_16_QueryInterface__23cSC3FireDisasterManagerUiPPv	virtual function thunk (delta:-16) for cSC3FireDisasterManager::QueryInterface(unsigned int, void **)
00099bb8	__thunk_16_AddRef__23cSC3FireDisasterManager	virtual function thunk (delta:-16) for cSC3FireDisasterManager::AddRef(void)
00099bd4	__thunk_16_Release__23cSC3FireDisasterManager	virtual function thunk (delta:-16) for cSC3FireDisasterManager::Release(void)
00099bf0	__thunk_16_IsCellOnFire__23cSC3FireDisasterManagerUiUi	virtual function thunk (delta:-16) for cSC3FireDisasterManager::IsCellOnFire(unsigned int, unsigned int)
00099c0c	__thunk_16_SetFire__23cSC3FireDisasterManagerUiUi	virtual function thunk (delta:-16) for cSC3FireDisasterManager::SetFire(unsigned int, unsigned int)
00099c28	__thunk_12_QueryInterface__23cSC3FireDisasterManagerUiPPv	virtual function thunk (delta:-12) for cSC3FireDisasterManager::QueryInterface(unsigned int, void **)
00099c44	__thunk_12_AddRef__23cSC3FireDisasterManager	virtual function thunk (delta:-12) for cSC3FireDisasterManager::AddRef(void)
00099c60	__thunk_12_Release__23cSC3FireDisasterManager	virtual function thunk (delta:-12) for cSC3FireDisasterManager::Release(void)
00099c7c	__thunk_12_Init__23cSC3FireDisasterManagerP18cISC3DisasterLayerP9cISC3City	virtual function thunk (delta:-12) for cSC3FireDisasterManager::Init(cISC3DisasterLayer *, cISC3City *)
00099c98	__thunk_12_Shutdown__23cSC3FireDisasterManager	virtual function thunk (delta:-12) for cSC3FireDisasterManager::Shutdown(void)
00099cb4	__thunk_12_Init__23cSC3FireDisasterManagerP9cISC3CityP13cIGZDBSegment	virtual function thunk (delta:-12) for cSC3FireDisasterManager::Init(cISC3City *, cIGZDBSegment *)
00099cd0	__thunk_12_Save__23cSC3FireDisasterManagerP9cISC3CityP13cIGZDBSegment	virtual function thunk (delta:-12) for cSC3FireDisasterManager::Save(cISC3City *, cIGZDBSegment *)
00099cec	__thunk_12_StaticInit__23cSC3FireDisasterManager	virtual function thunk (delta:-12) for cSC3FireDisasterManager::StaticInit(void)
00099d08	__thunk_12_StaticShutdown__23cSC3FireDisasterManager	virtual function thunk (delta:-12) for cSC3FireDisasterManager::StaticShutdown(void)
00099d24	__thunk_12_StopInstance__23cSC3FireDisasterManagerP21cISC3DisasterInstance	virtual function thunk (delta:-12) for cSC3FireDisasterManager::StopInstance(cISC3DisasterInstance *)
00099d40	__thunk_12_AttemptDisasterStart__23cSC3FireDisasterManager	virtual function thunk (delta:-12) for cSC3FireDisasterManager::AttemptDisasterStart(void)
00099d5c	__thunk_12_Tick__23cSC3FireDisasterManager	virtual function thunk (delta:-12) for cSC3FireDisasterManager::Tick(void)
00099d78	Test__18cSC3OccTestDefaultP13cISC3Occupant	cSC3OccTestDefault::Test(cISC3Occupant *)
00099d94	QueryInterface__18cSC3OccTestDefaultUiPPv	cSC3OccTestDefault::QueryInterface(unsigned int, void **)
00099dec	AddRef__18cSC3OccTestDefault	cSC3OccTestDefault::AddRef(void)
00099e08	Release__18cSC3OccTestDefault	cSC3OccTestDefault::Release(void)
00099e50	_._18cSC3OccTestDefault	cSC3OccTestDefault::~cSC3OccTestDefault(void)
00099e88	_._23cSC3FireDisasterOccTest	cSC3FireDisasterOccTest::~cSC3FireDisasterOccTest(void)
00099ec0	_._t3set3ZP13cISC3OccupantZt4less1ZP13cISC3OccupantZt9allocator1ZP13cISC3Occupant	set<cISC3Occupant *, less<cISC3Occupant *>, allocator<cISC3Occupant *> >::~set(void)
00099f70	Reset__14SpiralIteratorii	SpiralIterator::Reset(int, int)
00099ff4	DoXZEnd__14SpiralIterator	SpiralIterator::DoXZEnd(void)
0009a0f4	_S_oom_malloc__t23__malloc_alloc_template1i0Ui	__malloc_alloc_template<0>::_S_oom_malloc(unsigned int)
0009a174	_S_refill__t24__default_alloc_template2b1i0Ui	__default_alloc_template<true, 0>::_S_refill(unsigned int)
0009a200	SetNextEndpoint__14SpiralIterator	SpiralIterator::SetNextEndpoint(void)
0009a260	find__t8_Rb_tree5ZUiZt4pair2ZCUiZQ217cSC3DisasterLayer13tDisasterInfoZt10_Select1st1Zt4pair2ZCUiZQ217cSC3DisasterLayer13tDisasterInfoZt4less1ZUiZt9allocator1ZQ217cSC3DisasterLayer13tDisasterInfoRCUi	_Rb_tree<unsigned int, pair<unsigned int const, cSC3DisasterLayer::tDisasterInfo>, _Select1st<pair<unsigned int const, cSC3DisasterLayer::tDisasterInfo> >, less<unsigned int>, allocator<cSC3DisasterLayer::tDisasterInfo> >::find(unsigned int const &)
0009a2c4	_M_erase__t8_Rb_tree5ZP21cISC3DisasterInstanceZP21cISC3DisasterInstanceZt9_Identity1ZP21cISC3DisasterInstanceZt4less1ZP21cISC3DisasterInstanceZt9allocator1ZP21cISC3DisasterInstancePt13_Rb_tree_node1ZP21cISC3DisasterInstance	_Rb_tree<cISC3DisasterInstance *, cISC3DisasterInstance *, _Identity<cISC3DisasterInstance *>, less<cISC3DisasterInstance *>, allocator<cISC3DisasterInstance *> >::_M_erase(_Rb_tree_node<cISC3DisasterInstance *> *)
0009a344	clear__t10_List_base2ZQ217cSC3DisasterLayer21tCallbackFunctionDataZt9allocator1ZQ217cSC3DisasterLayer21tCallbackFunctionData	_List_base<cSC3DisasterLayer::tCallbackFunctionData, allocator<cSC3DisasterLayer::tCallbackFunctionData> >::clear(void)
0009a3c4	clear__t10_List_base2ZQ217cSC3DisasterLayer20tUnprocessedInstInfoZt9allocator1ZQ217cSC3DisasterLayer20tUnprocessedInstInfo	_List_base<cSC3DisasterLayer::tUnprocessedInstInfo, allocator<cSC3DisasterLayer::tUnprocessedInstInfo> >::clear(void)
0009a440	find__Ct8_Rb_tree5ZP21cISC3DisasterInstanceZP21cISC3DisasterInstanceZt9_Identity1ZP21cISC3DisasterInstanceZt4less1ZP21cISC3DisasterInstanceZt9allocator1ZP21cISC3DisasterInstanceRCP21cISC3DisasterInstance	_Rb_tree<cISC3DisasterInstance *, cISC3DisasterInstance *, _Identity<cISC3DisasterInstance *>, less<cISC3DisasterInstance *>, allocator<cISC3DisasterInstance *> >::find(cISC3DisasterInstance *const &) const
0009a4a4	_M_insert__t8_Rb_tree5ZP21cISC3DisasterInstanceZP21cISC3DisasterInstanceZt9_Identity1ZP21cISC3DisasterInstanceZt4less1ZP21cISC3DisasterInstanceZt9allocator1ZP21cISC3DisasterInstanceP18_Rb_tree_node_baseT1RCP21cISC3DisasterInstance	_Rb_tree<cISC3DisasterInstance *, cISC3DisasterInstance *, _Identity<cISC3DisasterInstance *>, less<cISC3DisasterInstance *>, allocator<cISC3DisasterInstance *> >::_M_insert(_Rb_tree_node_base *, _Rb_tree_node_base *, cISC3DisasterInstance *const &)
0009a874	insert_unique__t8_Rb_tree5ZP21cISC3DisasterInstanceZP21cISC3DisasterInstanceZt9_Identity1ZP21cISC3DisasterInstanceZt4less1ZP21cISC3DisasterInstanceZt9allocator1ZP21cISC3DisasterInstanceRCP21cISC3DisasterInstance	_Rb_tree<cISC3DisasterInstance *, cISC3DisasterInstance *, _Identity<cISC3DisasterInstance *>, less<cISC3DisasterInstance *>, allocator<cISC3DisasterInstance *> >::insert_unique(cISC3DisasterInstance *const &)
0009a964	_M_insert__t8_Rb_tree5ZUiZt4pair2ZCUiZQ217cSC3DisasterLayer13tDisasterInfoZt10_Select1st1Zt4pair2ZCUiZQ217cSC3DisasterLayer13tDisasterInfoZt4less1ZUiZt9allocator1ZQ217cSC3DisasterLayer13tDisasterInfoP18_Rb_tree_node_baseT1RCt4pair2ZCUiZQ217cSC3DisasterLayer13tDisasterInfo	_Rb_tree<unsigned int, pair<unsigned int const, cSC3DisasterLayer::tDisasterInfo>, _Select1st<pair<unsigned int const, cSC3DisasterLayer::tDisasterInfo> >, less<unsigned int>, allocator<cSC3DisasterLayer::tDisasterInfo> >::_M_insert(_Rb_tree_node_base *, _Rb_tree_node_base *, pair<unsigned int const, cSC3DisasterLayer::tDisasterInfo> const &)
0009ad54	insert_unique__t8_Rb_tree5ZUiZt4pair2ZCUiZQ217cSC3DisasterLayer13tDisasterInfoZt10_Select1st1Zt4pair2ZCUiZQ217cSC3DisasterLayer13tDisasterInfoZt4less1ZUiZt9allocator1ZQ217cSC3DisasterLayer13tDisasterInfoRCt4pair2ZCUiZQ217cSC3DisasterLayer13tDisasterInfo	_Rb_tree<unsigned int, pair<unsigned int const, cSC3DisasterLayer::tDisasterInfo>, _Select1st<pair<unsigned int const, cSC3DisasterLayer::tDisasterInfo> >, less<unsigned int>, allocator<cSC3DisasterLayer::tDisasterInfo> >::insert_unique(pair<unsigned int const, cSC3DisasterLayer::tDisasterInfo> const &)
0009ae44	insert_unique__t8_Rb_tree5ZUiZt4pair2ZCUiZQ217cSC3DisasterLayer13tDisasterInfoZt10_Select1st1Zt4pair2ZCUiZQ217cSC3DisasterLayer13tDisasterInfoZt4less1ZUiZt9allocator1ZQ217cSC3DisasterLayer13tDisasterInfoGt17_Rb_tree_iterator3Zt4pair2ZCUiZQ217cSC3DisasterLayer13tDisasterInfoZRt4pair2ZCUiZQ217cSC3DisasterLayer13tDisasterInfoZPt4pair2ZCUiZQ217cSC3DisasterLayer13tDisasterInfoRCt4pair2ZCUiZQ217cSC3DisasterLayer13tDisasterInfo	_Rb_tree<unsigned int, pair<unsigned int const, cSC3DisasterLayer::tDisasterInfo>, _Select1st<pair<unsigned int const, cSC3DisasterLayer::tDisasterInfo> >, less<unsigned int>, allocator<cSC3DisasterLayer::tDisasterInfo> >::insert_unique(_Rb_tree_iterator<pair<unsigned int const, cSC3DisasterLayer::tDisasterInfo>, pair<unsigned int const, cSC3DisasterLayer::tDisasterInfo> &, pair<unsigned int const, cSC3DisasterLayer::tDisasterInfo> *>, pair<unsigned int const, cSC3DisasterLayer::tDisasterInfo> const &)
0009afc4	_M_erase__t8_Rb_tree5ZUiZt4pair2ZCUiZQ217cSC3DisasterLayer13tDisasterInfoZt10_Select1st1Zt4pair2ZCUiZQ217cSC3DisasterLayer13tDisasterInfoZt4less1ZUiZt9allocator1ZQ217cSC3DisasterLayer13tDisasterInfoPt13_Rb_tree_node1Zt4pair2ZCUiZQ217cSC3DisasterLayer13tDisasterInfo	_Rb_tree<unsigned int, pair<unsigned int const, cSC3DisasterLayer::tDisasterInfo>, _Select1st<pair<unsigned int const, cSC3DisasterLayer::tDisasterInfo> >, less<unsigned int>, allocator<cSC3DisasterLayer::tDisasterInfo> >::_M_erase(_Rb_tree_node<pair<unsigned int const, cSC3DisasterLayer::tDisasterInfo> > *)
0009b03c	__thunk_12_QueryInterface__17cSC3DisasterLayerUiPPv	virtual function thunk (delta:-12) for cSC3DisasterLayer::QueryInterface(unsigned int, void **)
0009b058	__thunk_12_AddRef__17cSC3DisasterLayer	virtual function thunk (delta:-12) for cSC3DisasterLayer::AddRef(void)
0009b074	__thunk_12_Release__17cSC3DisasterLayer	virtual function thunk (delta:-12) for cSC3DisasterLayer::Release(void)
0009b090	__thunk_12_CreateMapSprite__17cSC3DisasterLayerUiUiPPv	virtual function thunk (delta:-12) for cSC3DisasterLayer::CreateMapSprite(unsigned int, unsigned int, void **)
0009b0ac	__thunk_12_GetMapSpriteCount__17cSC3DisasterLayer	virtual function thunk (delta:-12) for cSC3DisasterLayer::GetMapSpriteCount(void)
0009b0c8	__thunk_12_GetSpriteIdFromIndex__17cSC3DisasterLayerUiRUi	virtual function thunk (delta:-12) for cSC3DisasterLayer::GetSpriteIdFromIndex(unsigned int, unsigned int &)
0009b0e4	__thunk_8_QueryInterface__17cSC3DisasterLayerUiPPv	virtual function thunk (delta:-8) for cSC3DisasterLayer::QueryInterface(unsigned int, void **)
0009b100	__thunk_8_AddRef__17cSC3DisasterLayer	virtual function thunk (delta:-8) for cSC3DisasterLayer::AddRef(void)
0009b11c	__thunk_8_Release__17cSC3DisasterLayer	virtual function thunk (delta:-8) for cSC3DisasterLayer::Release(void)
0009b138	__thunk_8_GetInfoStringCount__17cSC3DisasterLayerUi	virtual function thunk (delta:-8) for cSC3DisasterLayer::GetInfoStringCount(unsigned int)
0009b154	__thunk_8_GetInfoStrings__17cSC3DisasterLayerUiUiUiUiRUiR10cIGZStringT6	virtual function thunk (delta:-8) for cSC3DisasterLayer::GetInfoStrings(unsigned int, unsigned int, unsigned int, unsigned int, unsigned int &, cIGZString &, cIGZString &)
0009b170	__thunk_4_QueryInterface__17cSC3DisasterLayerUiPPv	virtual function thunk (delta:-4) for cSC3DisasterLayer::QueryInterface(unsigned int, void **)
0009b18c	__thunk_4_AddRef__17cSC3DisasterLayer	virtual function thunk (delta:-4) for cSC3DisasterLayer::AddRef(void)
0009b1a8	__thunk_4_Release__17cSC3DisasterLayer	virtual function thunk (delta:-4) for cSC3DisasterLayer::Release(void)
0009b1c4	__thunk_4_DoMessage__17cSC3DisasterLayerR10cGZMessage	virtual function thunk (delta:-4) for cSC3DisasterLayer::DoMessage(cGZMessage &)
0009b1e0	__thunk_4_DoQueryInfo__17cSC3DisasterLayerR10cGZMessageP11cIGZUnknown	virtual function thunk (delta:-4) for cSC3DisasterLayer::DoQueryInfo(cGZMessage &, cIGZUnknown *)
0009b1fc	__thunk_4_StaticInit__17cSC3DisasterLayerP19cISC3CityDefinition	virtual function thunk (delta:-4) for cSC3DisasterLayer::StaticInit(cISC3CityDefinition *)
0009b218	__thunk_4_StaticShutdown__17cSC3DisasterLayer	virtual function thunk (delta:-4) for cSC3DisasterLayer::StaticShutdown(void)
0009b234	__thunk_4_Init__17cSC3DisasterLayerP9cISC3City	virtual function thunk (delta:-4) for cSC3DisasterLayer::Init(cISC3City *)
0009b250	__thunk_4_Init__17cSC3DisasterLayerP9cISC3CityP13cISC2Importer	virtual function thunk (delta:-4) for cSC3DisasterLayer::Init(cISC3City *, cISC2Importer *)
0009b26c	__thunk_4_Init__17cSC3DisasterLayerP9cISC3CityP13cIGZDBSegment	virtual function thunk (delta:-4) for cSC3DisasterLayer::Init(cISC3City *, cIGZDBSegment *)
0009b288	__thunk_4_Save__17cSC3DisasterLayerP9cISC3CityP13cIGZDBSegment	virtual function thunk (delta:-4) for cSC3DisasterLayer::Save(cISC3City *, cIGZDBSegment *)
0009b2a4	__thunk_4_SimulationBegin__17cSC3DisasterLayer	virtual function thunk (delta:-4) for cSC3DisasterLayer::SimulationBegin(void)
0009b2c0	__thunk_4_SimulationEnd__17cSC3DisasterLayer	virtual function thunk (delta:-4) for cSC3DisasterLayer::SimulationEnd(void)
0009b2dc	__thunk_4_Shutdown__17cSC3DisasterLayer	virtual function thunk (delta:-4) for cSC3DisasterLayer::Shutdown(void)
0009b2f8	__thunk_4_GetManipulator__17cSC3DisasterLayerRC18cISC3CityAgentTypePP25cISC3CityLayerManipulatorRi	virtual function thunk (delta:-4) for cSC3DisasterLayer::GetManipulator(cISC3CityAgentType const &, cISC3CityLayerManipulator **, int &)
0009b314	__thunk_4_GetLayerType__17cSC3DisasterLayer	virtual function thunk (delta:-4) for cSC3DisasterLayer::GetLayerType(void)
0009b330	__thunk_4_DebugClassTag__17cSC3DisasterLayerR10cIGZString	virtual function thunk (delta:-4) for cSC3DisasterLayer::DebugClassTag(cIGZString &)
0009b34c	__thunk_4_DebugTypeTag__17cSC3DisasterLayerR10cIGZString	virtual function thunk (delta:-4) for cSC3DisasterLayer::DebugTypeTag(cIGZString &)
0009b36c	_._t3map4ZUiZQ217cSC3DisasterLayer13tDisasterInfoZt4less1ZUiZt9allocator1ZQ217cSC3DisasterLayer13tDisasterInfo	map<unsigned int, cSC3DisasterLayer::tDisasterInfo, less<unsigned int>, allocator<cSC3DisasterLayer::tDisasterInfo> >::~map(void)
0009b414	_._t3set3ZP21cISC3DisasterInstanceZt4less1ZP21cISC3DisasterInstanceZt9allocator1ZP21cISC3DisasterInstance	set<cISC3DisasterInstance *, less<cISC3DisasterInstance *>, allocator<cISC3DisasterInstance *> >::~set(void)
0009b4bc	_._30cSC3DisasterManagerManipulator	cSC3DisasterManagerManipulator::~cSC3DisasterManagerManipulator(void)
0009b4f4	_._41cSC3DisasterInstanceMinuteTickManipulator	cSC3DisasterInstanceMinuteTickManipulator::~cSC3DisasterInstanceMinuteTickManipulator(void)
0009b52c	_._38cSC3DisasterInstanceDayTickManipulator	cSC3DisasterInstanceDayTickManipulator::~cSC3DisasterInstanceDayTickManipulator(void)
0009b560	lower_bound__t8_Rb_tree5ZUiZt4pair2ZCUiZQ217cSC3DisasterLayer13tDisasterInfoZt10_Select1st1Zt4pair2ZCUiZQ217cSC3DisasterLayer13tDisasterInfoZt4less1ZUiZt9allocator1ZQ217cSC3DisasterLayer13tDisasterInfoRCUi	_Rb_tree<unsigned int, pair<unsigned int const, cSC3DisasterLayer::tDisasterInfo>, _Select1st<pair<unsigned int const, cSC3DisasterLayer::tDisasterInfo> >, less<unsigned int>, allocator<cSC3DisasterLayer::tDisasterInfo> >::lower_bound(unsigned int const &)
0009b5a4	insert__t6vector2ZUsZt9allocator1ZUsPUsUiRCUs	vector<unsigned short, allocator<unsigned short> >::insert(unsigned short *, unsigned int, unsigned short const &)
0009b9c4	insert__t6vector2ZUiZt9allocator1ZUiPUiUiRCUi	vector<unsigned int, allocator<unsigned int> >::insert(unsigned int *, unsigned int, unsigned int const &)
0009bde4	__uninitialized_copy_aux__H2ZPQ228cISC3DisasterLocustsInstance23LocustsVisitationRecordZPQ228cISC3DisasterLocustsInstance23LocustsVisitationRecord_X01X01X11G12__false_type_X11	cISC3DisasterLocustsInstance::LocustsVisitationRecord * __uninitialized_copy_aux<cISC3DisasterLocustsInstance::LocustsVisitationRecord *, cISC3DisasterLocustsInstance::LocustsVisitationRecord *>(cISC3DisasterLocustsInstance::LocustsVisitationRecord *, cISC3DisasterLocustsInstance::LocustsVisitationRecord *, cISC3DisasterLocustsInstance::LocustsVisitationRecord *, __false_type)
0009be34	_M_insert_aux__t6vector2ZQ228cISC3DisasterLocustsInstance23LocustsVisitationRecordZt9allocator1ZQ228cISC3DisasterLocustsInstance23LocustsVisitationRecordPQ228cISC3DisasterLocustsInstance23LocustsVisitationRecordRCQ228cISC3DisasterLocustsInstance23LocustsVisitationRecord	vector<cISC3DisasterLocustsInstance::LocustsVisitationRecord, allocator<cISC3DisasterLocustsInstance::LocustsVisitationRecord> >::_M_insert_aux(cISC3DisasterLocustsInstance::LocustsVisitationRecord *, cISC3DisasterLocustsInstance::LocustsVisitationRecord const &)
0009c204	clear__t10_List_base2ZQ227cSC3LocustsDisasterInstance17tDispatchInstanceZt9allocator1ZQ227cSC3LocustsDisasterInstance17tDispatchInstance	_List_base<cSC3LocustsDisasterInstance::tDispatchInstance, allocator<cSC3LocustsDisasterInstance::tDispatchInstance> >::clear(void)
0009c284	__uninitialized_copy_aux__H2ZP7cRZRectZP7cRZRect_X01X01X11G12__false_type_X11	cRZRect * __uninitialized_copy_aux<cRZRect *, cRZRect *>(cRZRect *, cRZRect *, cRZRect *, __false_type)
0009c2d4	_M_insert_aux__t6vector2Z7cRZRectZt9allocator1Z7cRZRectP7cRZRectRC7cRZRect	vector<cRZRect, allocator<cRZRect> >::_M_insert_aux(cRZRect *, cRZRect const &)
0009c68c	__thunk_8_QueryInterface__27cSC3LocustsDisasterInstanceUiPPv	virtual function thunk (delta:-8) for cSC3LocustsDisasterInstance::QueryInterface(unsigned int, void **)
0009c6a8	__thunk_8_AddRef__27cSC3LocustsDisasterInstance	virtual function thunk (delta:-8) for cSC3LocustsDisasterInstance::AddRef(void)
0009c6c4	__thunk_8_Release__27cSC3LocustsDisasterInstance	virtual function thunk (delta:-8) for cSC3LocustsDisasterInstance::Release(void)
0009c6e0	__thunk_8_DoMessage__27cSC3LocustsDisasterInstanceR10cGZMessage	virtual function thunk (delta:-8) for cSC3LocustsDisasterInstance::DoMessage(cGZMessage &)
0009c6fc	__thunk_4_QueryInterface__27cSC3LocustsDisasterInstanceUiPPv	virtual function thunk (delta:-4) for cSC3LocustsDisasterInstance::QueryInterface(unsigned int, void **)
0009c718	__thunk_4_AddRef__27cSC3LocustsDisasterInstance	virtual function thunk (delta:-4) for cSC3LocustsDisasterInstance::AddRef(void)
0009c734	__thunk_4_Release__27cSC3LocustsDisasterInstance	virtual function thunk (delta:-4) for cSC3LocustsDisasterInstance::Release(void)
0009c750	__thunk_4_GetDisasterHistory__C27cSC3LocustsDisasterInstancePQ228cISC3DisasterLocustsInstance23LocustsVisitationRecordRUi	virtual function thunk (delta:-4) for cSC3LocustsDisasterInstance::GetDisasterHistory(cISC3DisasterLocustsInstance::LocustsVisitationRecord *, unsigned int &) const
0009c76c	__thunk_4_GetCurrentLocustsCount__27cSC3LocustsDisasterInstance	virtual function thunk (delta:-4) for cSC3LocustsDisasterInstance::GetCurrentLocustsCount(void)
0009c788	__thunk_4_GetCurrentLocustsVisitationRecord__27cSC3LocustsDisasterInstanceRQ228cISC3DisasterLocustsInstance23LocustsVisitationRecord	virtual function thunk (delta:-4) for cSC3LocustsDisasterInstance::GetCurrentLocustsVisitationRecord(cISC3DisasterLocustsInstance::LocustsVisitationRecord &)
0009c7a4	__thunk_20_QueryInterface__26cSC3LocustsDisasterManagerUiPPv	virtual function thunk (delta:-20) for cSC3LocustsDisasterManager::QueryInterface(unsigned int, void **)
0009c7c0	__thunk_20_AddRef__26cSC3LocustsDisasterManager	virtual function thunk (delta:-20) for cSC3LocustsDisasterManager::AddRef(void)
0009c7dc	__thunk_20_Release__26cSC3LocustsDisasterManager	virtual function thunk (delta:-20) for cSC3LocustsDisasterManager::Release(void)
0009c7f8	__thunk_20_DoMessage__26cSC3LocustsDisasterManagerR10cGZMessage	virtual function thunk (delta:-20) for cSC3LocustsDisasterManager::DoMessage(cGZMessage &)
0009c814	__thunk_16_QueryInterface__26cSC3LocustsDisasterManagerUiPPv	virtual function thunk (delta:-16) for cSC3LocustsDisasterManager::QueryInterface(unsigned int, void **)
0009c830	__thunk_16_AddRef__26cSC3LocustsDisasterManager	virtual function thunk (delta:-16) for cSC3LocustsDisasterManager::AddRef(void)
0009c84c	__thunk_16_Release__26cSC3LocustsDisasterManager	virtual function thunk (delta:-16) for cSC3LocustsDisasterManager::Release(void)
0009c868	__thunk_16_GetDisasterHistory__C26cSC3LocustsDisasterManagerPQ228cISC3DisasterLocustsInstance23LocustsVisitationRecordRUi	virtual function thunk (delta:-16) for cSC3LocustsDisasterManager::GetDisasterHistory(cISC3DisasterLocustsInstance::LocustsVisitationRecord *, unsigned int &) const
0009c884	__thunk_16_StartLocustsAttack__26cSC3LocustsDisasterManagerb	virtual function thunk (delta:-16) for cSC3LocustsDisasterManager::StartLocustsAttack(bool)
0009c8a0	__thunk_16_IsTileATargetedCrop__26cSC3LocustsDisasterManagerUiUi	virtual function thunk (delta:-16) for cSC3LocustsDisasterManager::IsTileATargetedCrop(unsigned int, unsigned int)
0009c8bc	__thunk_12_QueryInterface__26cSC3LocustsDisasterManagerUiPPv	virtual function thunk (delta:-12) for cSC3LocustsDisasterManager::QueryInterface(unsigned int, void **)
0009c8d8	__thunk_12_AddRef__26cSC3LocustsDisasterManager	virtual function thunk (delta:-12) for cSC3LocustsDisasterManager::AddRef(void)
0009c8f4	__thunk_12_Release__26cSC3LocustsDisasterManager	virtual function thunk (delta:-12) for cSC3LocustsDisasterManager::Release(void)
0009c910	__thunk_12_Init__26cSC3LocustsDisasterManagerP18cISC3DisasterLayerP9cISC3City	virtual function thunk (delta:-12) for cSC3LocustsDisasterManager::Init(cISC3DisasterLayer *, cISC3City *)
0009c92c	__thunk_12_Shutdown__26cSC3LocustsDisasterManager	virtual function thunk (delta:-12) for cSC3LocustsDisasterManager::Shutdown(void)
0009c948	__thunk_12_Init__26cSC3LocustsDisasterManagerP9cISC3CityP13cIGZDBSegment	virtual function thunk (delta:-12) for cSC3LocustsDisasterManager::Init(cISC3City *, cIGZDBSegment *)
0009c964	__thunk_12_Save__26cSC3LocustsDisasterManagerP9cISC3CityP13cIGZDBSegment	virtual function thunk (delta:-12) for cSC3LocustsDisasterManager::Save(cISC3City *, cIGZDBSegment *)
0009c980	__thunk_12_StaticInit__26cSC3LocustsDisasterManager	virtual function thunk (delta:-12) for cSC3LocustsDisasterManager::StaticInit(void)
0009c99c	__thunk_12_StaticShutdown__26cSC3LocustsDisasterManager	virtual function thunk (delta:-12) for cSC3LocustsDisasterManager::StaticShutdown(void)
0009c9b8	__thunk_12_StopInstance__26cSC3LocustsDisasterManagerP21cISC3DisasterInstance	virtual function thunk (delta:-12) for cSC3LocustsDisasterManager::StopInstance(cISC3DisasterInstance *)
0009c9d4	__thunk_12_AttemptDisasterStart__26cSC3LocustsDisasterManager	virtual function thunk (delta:-12) for cSC3LocustsDisasterManager::AttemptDisasterStart(void)
0009c9f0	__thunk_12_Tick__26cSC3LocustsDisasterManager	virtual function thunk (delta:-12) for cSC3LocustsDisasterManager::Tick(void)
0009ca14	__uninitialized_copy_aux__H2ZPQ223cSC3RiotDisasterManager18tSavedRiotInstanceZPQ223cSC3RiotDisasterManager18tSavedRiotInstance_X01X01X11G12__false_type_X11	cSC3RiotDisasterManager::tSavedRiotInstance * __uninitialized_copy_aux<cSC3RiotDisasterManager::tSavedRiotInstance *, cSC3RiotDisasterManager::tSavedRiotInstance *>(cSC3RiotDisasterManager::tSavedRiotInstance *, cSC3RiotDisasterManager::tSavedRiotInstance *, cSC3RiotDisasterManager::tSavedRiotInstance *, __false_type)
0009ca64	_M_insert_aux__t6vector2ZQ223cSC3RiotDisasterManager18tSavedRiotInstanceZt9allocator1ZQ223cSC3RiotDisasterManager18tSavedRiotInstancePQ223cSC3RiotDisasterManager18tSavedRiotInstanceRCQ223cSC3RiotDisasterManager18tSavedRiotInstance	vector<cSC3RiotDisasterManager::tSavedRiotInstance, allocator<cSC3RiotDisasterManager::tSavedRiotInstance> >::_M_insert_aux(cSC3RiotDisasterManager::tSavedRiotInstance *, cSC3RiotDisasterManager::tSavedRiotInstance const &)
0009ce34	_M_erase__t8_Rb_tree5ZUiZt4pair2ZCUiZQ224cSC3RiotDisasterInstance17tOccupiedTileInfoZt10_Select1st1Zt4pair2ZCUiZQ224cSC3RiotDisasterInstance17tOccupiedTileInfoZt4less1ZUiZt9allocator1ZQ224cSC3RiotDisasterInstance17tOccupiedTileInfoPt13_Rb_tree_node1Zt4pair2ZCUiZQ224cSC3RiotDisasterInstance17tOccupiedTileInfo	_Rb_tree<unsigned int, pair<unsigned int const, cSC3RiotDisasterInstance::tOccupiedTileInfo>, _Select1st<pair<unsigned int const, cSC3RiotDisasterInstance::tOccupiedTileInfo> >, less<unsigned int>, allocator<cSC3RiotDisasterInstance::tOccupiedTileInfo> >::_M_erase(_Rb_tree_node<pair<unsigned int const, cSC3RiotDisasterInstance::tOccupiedTileInfo> > *)
0009ceb0	find__t8_Rb_tree5ZUiZt4pair2ZCUiZQ224cSC3RiotDisasterInstance17tOccupiedTileInfoZt10_Select1st1Zt4pair2ZCUiZQ224cSC3RiotDisasterInstance17tOccupiedTileInfoZt4less1ZUiZt9allocator1ZQ224cSC3RiotDisasterInstance17tOccupiedTileInfoRCUi	_Rb_tree<unsigned int, pair<unsigned int const, cSC3RiotDisasterInstance::tOccupiedTileInfo>, _Select1st<pair<unsigned int const, cSC3RiotDisasterInstance::tOccupiedTileInfo> >, less<unsigned int>, allocator<cSC3RiotDisasterInstance::tOccupiedTileInfo> >::find(unsigned int const &)
0009cf14	_M_insert__t8_Rb_tree5ZUiZt4pair2ZCUiZQ224cSC3RiotDisasterInstance17tOccupiedTileInfoZt10_Select1st1Zt4pair2ZCUiZQ224cSC3RiotDisasterInstance17tOccupiedTileInfoZt4less1ZUiZt9allocator1ZQ224cSC3RiotDisasterInstance17tOccupiedTileInfoP18_Rb_tree_node_baseT1RCt4pair2ZCUiZQ224cSC3RiotDisasterInstance17tOccupiedTileInfo	_Rb_tree<unsigned int, pair<unsigned int const, cSC3RiotDisasterInstance::tOccupiedTileInfo>, _Select1st<pair<unsigned int const, cSC3RiotDisasterInstance::tOccupiedTileInfo> >, less<unsigned int>, allocator<cSC3RiotDisasterInstance::tOccupiedTileInfo> >::_M_insert(_Rb_tree_node_base *, _Rb_tree_node_base *, pair<unsigned int const, cSC3RiotDisasterInstance::tOccupiedTileInfo> const &)
0009d2f4	insert_unique__t8_Rb_tree5ZUiZt4pair2ZCUiZQ224cSC3RiotDisasterInstance17tOccupiedTileInfoZt10_Select1st1Zt4pair2ZCUiZQ224cSC3RiotDisasterInstance17tOccupiedTileInfoZt4less1ZUiZt9allocator1ZQ224cSC3RiotDisasterInstance17tOccupiedTileInfoRCt4pair2ZCUiZQ224cSC3RiotDisasterInstance17tOccupiedTileInfo	_Rb_tree<unsigned int, pair<unsigned int const, cSC3RiotDisasterInstance::tOccupiedTileInfo>, _Select1st<pair<unsigned int const, cSC3RiotDisasterInstance::tOccupiedTileInfo> >, less<unsigned int>, allocator<cSC3RiotDisasterInstance::tOccupiedTileInfo> >::insert_unique(pair<unsigned int const, cSC3RiotDisasterInstance::tOccupiedTileInfo> const &)
0009d3e4	insert_unique__t8_Rb_tree5ZUiZt4pair2ZCUiZQ224cSC3RiotDisasterInstance17tOccupiedTileInfoZt10_Select1st1Zt4pair2ZCUiZQ224cSC3RiotDisasterInstance17tOccupiedTileInfoZt4less1ZUiZt9allocator1ZQ224cSC3RiotDisasterInstance17tOccupiedTileInfoGt17_Rb_tree_iterator3Zt4pair2ZCUiZQ224cSC3RiotDisasterInstance17tOccupiedTileInfoZRt4pair2ZCUiZQ224cSC3RiotDisasterInstance17tOccupiedTileInfoZPt4pair2ZCUiZQ224cSC3RiotDisasterInstance17tOccupiedTileInfoRCt4pair2ZCUiZQ224cSC3RiotDisasterInstance17tOccupiedTileInfo	_Rb_tree<unsigned int, pair<unsigned int const, cSC3RiotDisasterInstance::tOccupiedTileInfo>, _Select1st<pair<unsigned int const, cSC3RiotDisasterInstance::tOccupiedTileInfo> >, less<unsigned int>, allocator<cSC3RiotDisasterInstance::tOccupiedTileInfo> >::insert_unique(_Rb_tree_iterator<pair<unsigned int const, cSC3RiotDisasterInstance::tOccupiedTileInfo>, pair<unsigned int const, cSC3RiotDisasterInstance::tOccupiedTileInfo> &, pair<unsigned int const, cSC3RiotDisasterInstance::tOccupiedTileInfo> *>, pair<unsigned int const, cSC3RiotDisasterInstance::tOccupiedTileInfo> const &)
0009d554	__thunk_4_QueryInterface__24cSC3RiotDisasterInstanceUiPPv	virtual function thunk (delta:-4) for cSC3RiotDisasterInstance::QueryInterface(unsigned int, void **)
0009d570	__thunk_4_AddRef__24cSC3RiotDisasterInstance	virtual function thunk (delta:-4) for cSC3RiotDisasterInstance::AddRef(void)
0009d58c	__thunk_4_Release__24cSC3RiotDisasterInstance	virtual function thunk (delta:-4) for cSC3RiotDisasterInstance::Release(void)
0009d5a8	__thunk_4_GetDisasterHistory__C24cSC3RiotDisasterInstancePQ225cISC3DisasterRiotInstance10RiotRecordRUi	virtual function thunk (delta:-4) for cSC3RiotDisasterInstance::GetDisasterHistory(cISC3DisasterRiotInstance::RiotRecord *, unsigned int &) const
0009d5c4	__thunk_4_RiotCrowdEntersPathOnTile__24cSC3RiotDisasterInstanceUiUi	virtual function thunk (delta:-4) for cSC3RiotDisasterInstance::RiotCrowdEntersPathOnTile(unsigned int, unsigned int)
0009d5e0	__thunk_4_RiotCrowdLeavesPathOnTile__24cSC3RiotDisasterInstanceUiUi	virtual function thunk (delta:-4) for cSC3RiotDisasterInstance::RiotCrowdLeavesPathOnTile(unsigned int, unsigned int)
0009d5fc	__thunk_4_RiotCrowdDisappeared__24cSC3RiotDisasterInstance	virtual function thunk (delta:-4) for cSC3RiotDisasterInstance::RiotCrowdDisappeared(void)
0009d618	__thunk_4_FireballHitOccupant__24cSC3RiotDisasterInstanceUiUi	virtual function thunk (delta:-4) for cSC3RiotDisasterInstance::FireballHitOccupant(unsigned int, unsigned int)
0009d634	__thunk_20_QueryInterface__23cSC3RiotDisasterManagerUiPPv	virtual function thunk (delta:-20) for cSC3RiotDisasterManager::QueryInterface(unsigned int, void **)
0009d650	__thunk_20_AddRef__23cSC3RiotDisasterManager	virtual function thunk (delta:-20) for cSC3RiotDisasterManager::AddRef(void)
0009d66c	__thunk_20_Release__23cSC3RiotDisasterManager	virtual function thunk (delta:-20) for cSC3RiotDisasterManager::Release(void)
0009d688	__thunk_20_DoMessage__23cSC3RiotDisasterManagerR10cGZMessage	virtual function thunk (delta:-20) for cSC3RiotDisasterManager::DoMessage(cGZMessage &)
0009d6a4	__thunk_16_QueryInterface__23cSC3RiotDisasterManagerUiPPv	virtual function thunk (delta:-16) for cSC3RiotDisasterManager::QueryInterface(unsigned int, void **)
0009d6c0	__thunk_16_AddRef__23cSC3RiotDisasterManager	virtual function thunk (delta:-16) for cSC3RiotDisasterManager::AddRef(void)
0009d6dc	__thunk_16_Release__23cSC3RiotDisasterManager	virtual function thunk (delta:-16) for cSC3RiotDisasterManager::Release(void)
0009d6f8	__thunk_16_StartRiot__23cSC3RiotDisasterManagerUiUib	virtual function thunk (delta:-16) for cSC3RiotDisasterManager::StartRiot(unsigned int, unsigned int, bool)
0009d714	__thunk_12_QueryInterface__23cSC3RiotDisasterManagerUiPPv	virtual function thunk (delta:-12) for cSC3RiotDisasterManager::QueryInterface(unsigned int, void **)
0009d730	__thunk_12_AddRef__23cSC3RiotDisasterManager	virtual function thunk (delta:-12) for cSC3RiotDisasterManager::AddRef(void)
0009d74c	__thunk_12_Release__23cSC3RiotDisasterManager	virtual function thunk (delta:-12) for cSC3RiotDisasterManager::Release(void)
0009d768	__thunk_12_Init__23cSC3RiotDisasterManagerP18cISC3DisasterLayerP9cISC3City	virtual function thunk (delta:-12) for cSC3RiotDisasterManager::Init(cISC3DisasterLayer *, cISC3City *)
0009d784	__thunk_12_Shutdown__23cSC3RiotDisasterManager	virtual function thunk (delta:-12) for cSC3RiotDisasterManager::Shutdown(void)
0009d7a0	__thunk_12_Init__23cSC3RiotDisasterManagerP9cISC3CityP13cIGZDBSegment	virtual function thunk (delta:-12) for cSC3RiotDisasterManager::Init(cISC3City *, cIGZDBSegment *)
0009d7bc	__thunk_12_Save__23cSC3RiotDisasterManagerP9cISC3CityP13cIGZDBSegment	virtual function thunk (delta:-12) for cSC3RiotDisasterManager::Save(cISC3City *, cIGZDBSegment *)
0009d7d8	__thunk_12_StaticInit__23cSC3RiotDisasterManager	virtual function thunk (delta:-12) for cSC3RiotDisasterManager::StaticInit(void)
0009d7f4	__thunk_12_StaticShutdown__23cSC3RiotDisasterManager	virtual function thunk (delta:-12) for cSC3RiotDisasterManager::StaticShutdown(void)
0009d810	__thunk_12_StopInstance__23cSC3RiotDisasterManagerP21cISC3DisasterInstance	virtual function thunk (delta:-12) for cSC3RiotDisasterManager::StopInstance(cISC3DisasterInstance *)
0009d82c	__thunk_12_AttemptDisasterStart__23cSC3RiotDisasterManager	virtual function thunk (delta:-12) for cSC3RiotDisasterManager::AttemptDisasterStart(void)
0009d848	__thunk_12_Tick__23cSC3RiotDisasterManager	virtual function thunk (delta:-12) for cSC3RiotDisasterManager::Tick(void)
0009d868	_._t3map4ZUiZQ224cSC3RiotDisasterInstance17tOccupiedTileInfoZt4less1ZUiZt9allocator1ZQ224cSC3RiotDisasterInstance17tOccupiedTileInfo	map<unsigned int, cSC3RiotDisasterInstance::tOccupiedTileInfo, less<unsigned int>, allocator<cSC3RiotDisasterInstance::tOccupiedTileInfo> >::~map(void)
0009d90c	__t9cRZTriple3ZfZfZf	cRZTriple<float, float, float>::cRZTriple(void)
0009d920	lower_bound__t8_Rb_tree5ZUiZt4pair2ZCUiZQ224cSC3RiotDisasterInstance17tOccupiedTileInfoZt10_Select1st1Zt4pair2ZCUiZQ224cSC3RiotDisasterInstance17tOccupiedTileInfoZt4less1ZUiZt9allocator1ZQ224cSC3RiotDisasterInstance17tOccupiedTileInfoRCUi	_Rb_tree<unsigned int, pair<unsigned int const, cSC3RiotDisasterInstance::tOccupiedTileInfo>, _Select1st<pair<unsigned int const, cSC3RiotDisasterInstance::tOccupiedTileInfo> >, less<unsigned int>, allocator<cSC3RiotDisasterInstance::tOccupiedTileInfo> >::lower_bound(unsigned int const &)
0009d964	__uninitialized_copy_aux__H2ZPQ226cISC3DisasterSmiteInstance11SmiteRecordZPQ226cISC3DisasterSmiteInstance11SmiteRecord_X01X01X11G12__false_type_X11	cISC3DisasterSmiteInstance::SmiteRecord * __uninitialized_copy_aux<cISC3DisasterSmiteInstance::SmiteRecord *, cISC3DisasterSmiteInstance::SmiteRecord *>(cISC3DisasterSmiteInstance::SmiteRecord *, cISC3DisasterSmiteInstance::SmiteRecord *, cISC3DisasterSmiteInstance::SmiteRecord *, __false_type)
0009d9b4	_M_insert_aux__t6vector2ZQ226cISC3DisasterSmiteInstance11SmiteRecordZt9allocator1ZQ226cISC3DisasterSmiteInstance11SmiteRecordPQ226cISC3DisasterSmiteInstance11SmiteRecordRCQ226cISC3DisasterSmiteInstance11SmiteRecord	vector<cISC3DisasterSmiteInstance::SmiteRecord, allocator<cISC3DisasterSmiteInstance::SmiteRecord> >::_M_insert_aux(cISC3DisasterSmiteInstance::SmiteRecord *, cISC3DisasterSmiteInstance::SmiteRecord const &)
0009ddfc	__thunk_8_QueryInterface__25cSC3SmiteDisasterInstanceUiPPv	virtual function thunk (delta:-8) for cSC3SmiteDisasterInstance::QueryInterface(unsigned int, void **)
0009de18	__thunk_8_AddRef__25cSC3SmiteDisasterInstance	virtual function thunk (delta:-8) for cSC3SmiteDisasterInstance::AddRef(void)
0009de34	__thunk_8_Release__25cSC3SmiteDisasterInstance	virtual function thunk (delta:-8) for cSC3SmiteDisasterInstance::Release(void)
0009de50	__thunk_8_DoMessage__25cSC3SmiteDisasterInstanceR10cGZMessage	virtual function thunk (delta:-8) for cSC3SmiteDisasterInstance::DoMessage(cGZMessage &)
0009de6c	__thunk_4_QueryInterface__25cSC3SmiteDisasterInstanceUiPPv	virtual function thunk (delta:-4) for cSC3SmiteDisasterInstance::QueryInterface(unsigned int, void **)
0009de88	__thunk_4_AddRef__25cSC3SmiteDisasterInstance	virtual function thunk (delta:-4) for cSC3SmiteDisasterInstance::AddRef(void)
0009dea4	__thunk_4_Release__25cSC3SmiteDisasterInstance	virtual function thunk (delta:-4) for cSC3SmiteDisasterInstance::Release(void)
0009dec0	__thunk_4_GetSmiteScale__C25cSC3SmiteDisasterInstance	virtual function thunk (delta:-4) for cSC3SmiteDisasterInstance::GetSmiteScale(void) const
0009dedc	__thunk_4_GetSmiteLevel__C25cSC3SmiteDisasterInstance	virtual function thunk (delta:-4) for cSC3SmiteDisasterInstance::GetSmiteLevel(void) const
0009def8	__thunk_4_GetEpicenterMicro__C25cSC3SmiteDisasterInstanceRiN21	virtual function thunk (delta:-4) for cSC3SmiteDisasterInstance::GetEpicenterMicro(int &, int &, int &) const
0009df14	__thunk_4_GetCurrentSmiteRecord__25cSC3SmiteDisasterInstanceRQ226cISC3DisasterSmiteInstance11SmiteRecord	virtual function thunk (delta:-4) for cSC3SmiteDisasterInstance::GetCurrentSmiteRecord(cISC3DisasterSmiteInstance::SmiteRecord &)
0009df30	__thunk_20_QueryInterface__24cSC3SmiteDisasterManagerUiPPv	virtual function thunk (delta:-20) for cSC3SmiteDisasterManager::QueryInterface(unsigned int, void **)
0009df4c	__thunk_20_AddRef__24cSC3SmiteDisasterManager	virtual function thunk (delta:-20) for cSC3SmiteDisasterManager::AddRef(void)
0009df68	__thunk_20_Release__24cSC3SmiteDisasterManager	virtual function thunk (delta:-20) for cSC3SmiteDisasterManager::Release(void)
0009df84	__thunk_20_DoMessage__24cSC3SmiteDisasterManagerR10cGZMessage	virtual function thunk (delta:-20) for cSC3SmiteDisasterManager::DoMessage(cGZMessage &)
0009dfa0	__thunk_16_QueryInterface__24cSC3SmiteDisasterManagerUiPPv	virtual function thunk (delta:-16) for cSC3SmiteDisasterManager::QueryInterface(unsigned int, void **)
0009dfbc	__thunk_16_AddRef__24cSC3SmiteDisasterManager	virtual function thunk (delta:-16) for cSC3SmiteDisasterManager::AddRef(void)
0009dfd8	__thunk_16_Release__24cSC3SmiteDisasterManager	virtual function thunk (delta:-16) for cSC3SmiteDisasterManager::Release(void)
0009dff4	__thunk_16_GetDisasterHistory__C24cSC3SmiteDisasterManagerPQ226cISC3DisasterSmiteInstance11SmiteRecordRUi	virtual function thunk (delta:-16) for cSC3SmiteDisasterManager::GetDisasterHistory(cISC3DisasterSmiteInstance::SmiteRecord *, unsigned int &) const
0009e010	__thunk_16_GetLastDisasterHistory__C24cSC3SmiteDisasterManagerPQ226cISC3DisasterSmiteInstance11SmiteRecord	virtual function thunk (delta:-16) for cSC3SmiteDisasterManager::GetLastDisasterHistory(cISC3DisasterSmiteInstance::SmiteRecord *) const
0009e02c	__thunk_16_StartSmite__24cSC3SmiteDisasterManagerfb	virtual function thunk (delta:-16) for cSC3SmiteDisasterManager::StartSmite(float, bool)
0009e048	__thunk_12_QueryInterface__24cSC3SmiteDisasterManagerUiPPv	virtual function thunk (delta:-12) for cSC3SmiteDisasterManager::QueryInterface(unsigned int, void **)
0009e064	__thunk_12_AddRef__24cSC3SmiteDisasterManager	virtual function thunk (delta:-12) for cSC3SmiteDisasterManager::AddRef(void)
0009e080	__thunk_12_Release__24cSC3SmiteDisasterManager	virtual function thunk (delta:-12) for cSC3SmiteDisasterManager::Release(void)
0009e09c	__thunk_12_Init__24cSC3SmiteDisasterManagerP18cISC3DisasterLayerP9cISC3City	virtual function thunk (delta:-12) for cSC3SmiteDisasterManager::Init(cISC3DisasterLayer *, cISC3City *)
0009e0b8	__thunk_12_Shutdown__24cSC3SmiteDisasterManager	virtual function thunk (delta:-12) for cSC3SmiteDisasterManager::Shutdown(void)
0009e0d4	__thunk_12_Init__24cSC3SmiteDisasterManagerP9cISC3CityP13cIGZDBSegment	virtual function thunk (delta:-12) for cSC3SmiteDisasterManager::Init(cISC3City *, cIGZDBSegment *)
0009e0f0	__thunk_12_Save__24cSC3SmiteDisasterManagerP9cISC3CityP13cIGZDBSegment	virtual function thunk (delta:-12) for cSC3SmiteDisasterManager::Save(cISC3City *, cIGZDBSegment *)
0009e10c	__thunk_12_StaticInit__24cSC3SmiteDisasterManager	virtual function thunk (delta:-12) for cSC3SmiteDisasterManager::StaticInit(void)
0009e128	__thunk_12_StaticShutdown__24cSC3SmiteDisasterManager	virtual function thunk (delta:-12) for cSC3SmiteDisasterManager::StaticShutdown(void)
0009e144	__thunk_12_StopInstance__24cSC3SmiteDisasterManagerP21cISC3DisasterInstance	virtual function thunk (delta:-12) for cSC3SmiteDisasterManager::StopInstance(cISC3DisasterInstance *)
0009e160	__thunk_12_AttemptDisasterStart__24cSC3SmiteDisasterManager	virtual function thunk (delta:-12) for cSC3SmiteDisasterManager::AttemptDisasterStart(void)
0009e17c	__thunk_12_Tick__24cSC3SmiteDisasterManager	virtual function thunk (delta:-12) for cSC3SmiteDisasterManager::Tick(void)
0009e1a4	__uninitialized_copy_aux__H2ZPQ232cISC3DisasterSpaceDebrisInstance17SpaceDebrisRecordZPQ232cISC3DisasterSpaceDebrisInstance17SpaceDebrisRecord_X01X01X11G12__false_type_X11	cISC3DisasterSpaceDebrisInstance::SpaceDebrisRecord * __uninitialized_copy_aux<cISC3DisasterSpaceDebrisInstance::SpaceDebrisRecord *, cISC3DisasterSpaceDebrisInstance::SpaceDebrisRecord *>(cISC3DisasterSpaceDebrisInstance::SpaceDebrisRecord *, cISC3DisasterSpaceDebrisInstance::SpaceDebrisRecord *, cISC3DisasterSpaceDebrisInstance::SpaceDebrisRecord *, __false_type)
0009e1f4	_M_insert_aux__t6vector2ZQ232cISC3DisasterSpaceDebrisInstance17SpaceDebrisRecordZt9allocator1ZQ232cISC3DisasterSpaceDebrisInstance17SpaceDebrisRecordPQ232cISC3DisasterSpaceDebrisInstance17SpaceDebrisRecordRCQ232cISC3DisasterSpaceDebrisInstance17SpaceDebrisRecord	vector<cISC3DisasterSpaceDebrisInstance::SpaceDebrisRecord, allocator<cISC3DisasterSpaceDebrisInstance::SpaceDebrisRecord> >::_M_insert_aux(cISC3DisasterSpaceDebrisInstance::SpaceDebrisRecord *, cISC3DisasterSpaceDebrisInstance::SpaceDebrisRecord const &)
0009e64c	__thunk_8_QueryInterface__31cSC3SpaceDebrisDisasterInstanceUiPPv	virtual function thunk (delta:-8) for cSC3SpaceDebrisDisasterInstance::QueryInterface(unsigned int, void **)
0009e668	__thunk_8_AddRef__31cSC3SpaceDebrisDisasterInstance	virtual function thunk (delta:-8) for cSC3SpaceDebrisDisasterInstance::AddRef(void)
0009e684	__thunk_8_Release__31cSC3SpaceDebrisDisasterInstance	virtual function thunk (delta:-8) for cSC3SpaceDebrisDisasterInstance::Release(void)
0009e6a0	__thunk_8_DoMessage__31cSC3SpaceDebrisDisasterInstanceR10cGZMessage	virtual function thunk (delta:-8) for cSC3SpaceDebrisDisasterInstance::DoMessage(cGZMessage &)
0009e6bc	__thunk_4_QueryInterface__31cSC3SpaceDebrisDisasterInstanceUiPPv	virtual function thunk (delta:-4) for cSC3SpaceDebrisDisasterInstance::QueryInterface(unsigned int, void **)
0009e6d8	__thunk_4_AddRef__31cSC3SpaceDebrisDisasterInstance	virtual function thunk (delta:-4) for cSC3SpaceDebrisDisasterInstance::AddRef(void)
0009e6f4	__thunk_4_Release__31cSC3SpaceDebrisDisasterInstance	virtual function thunk (delta:-4) for cSC3SpaceDebrisDisasterInstance::Release(void)
0009e710	__thunk_4_GetSpaceDebrisScale__C31cSC3SpaceDebrisDisasterInstance	virtual function thunk (delta:-4) for cSC3SpaceDebrisDisasterInstance::GetSpaceDebrisScale(void) const
0009e72c	__thunk_4_GetSpaceDebrisLevel__C31cSC3SpaceDebrisDisasterInstance	virtual function thunk (delta:-4) for cSC3SpaceDebrisDisasterInstance::GetSpaceDebrisLevel(void) const
0009e748	__thunk_4_GetCurrentSpaceDebrisRecord__31cSC3SpaceDebrisDisasterInstanceRQ232cISC3DisasterSpaceDebrisInstance17SpaceDebrisRecord	virtual function thunk (delta:-4) for cSC3SpaceDebrisDisasterInstance::GetCurrentSpaceDebrisRecord(cISC3DisasterSpaceDebrisInstance::SpaceDebrisRecord &)
0009e764	__thunk_20_QueryInterface__30cSC3SpaceDebrisDisasterManagerUiPPv	virtual function thunk (delta:-20) for cSC3SpaceDebrisDisasterManager::QueryInterface(unsigned int, void **)
0009e780	__thunk_20_AddRef__30cSC3SpaceDebrisDisasterManager	virtual function thunk (delta:-20) for cSC3SpaceDebrisDisasterManager::AddRef(void)
0009e79c	__thunk_20_Release__30cSC3SpaceDebrisDisasterManager	virtual function thunk (delta:-20) for cSC3SpaceDebrisDisasterManager::Release(void)
0009e7b8	__thunk_20_DoMessage__30cSC3SpaceDebrisDisasterManagerR10cGZMessage	virtual function thunk (delta:-20) for cSC3SpaceDebrisDisasterManager::DoMessage(cGZMessage &)
0009e7d4	__thunk_16_QueryInterface__30cSC3SpaceDebrisDisasterManagerUiPPv	virtual function thunk (delta:-16) for cSC3SpaceDebrisDisasterManager::QueryInterface(unsigned int, void **)
0009e7f0	__thunk_16_AddRef__30cSC3SpaceDebrisDisasterManager	virtual function thunk (delta:-16) for cSC3SpaceDebrisDisasterManager::AddRef(void)
0009e80c	__thunk_16_Release__30cSC3SpaceDebrisDisasterManager	virtual function thunk (delta:-16) for cSC3SpaceDebrisDisasterManager::Release(void)
0009e828	__thunk_16_GetDisasterHistory__C30cSC3SpaceDebrisDisasterManagerPQ232cISC3DisasterSpaceDebrisInstance17SpaceDebrisRecordRUi	virtual function thunk (delta:-16) for cSC3SpaceDebrisDisasterManager::GetDisasterHistory(cISC3DisasterSpaceDebrisInstance::SpaceDebrisRecord *, unsigned int &) const
0009e844	__thunk_16_GetLastDisasterHistory__C30cSC3SpaceDebrisDisasterManagerPQ232cISC3DisasterSpaceDebrisInstance17SpaceDebrisRecord	virtual function thunk (delta:-16) for cSC3SpaceDebrisDisasterManager::GetLastDisasterHistory(cISC3DisasterSpaceDebrisInstance::SpaceDebrisRecord *) const
0009e860	__thunk_16_StartSpaceDebris__30cSC3SpaceDebrisDisasterManagerfb	virtual function thunk (delta:-16) for cSC3SpaceDebrisDisasterManager::StartSpaceDebris(float, bool)
0009e87c	__thunk_16_GetLikelihoodOfSpaceDebrisDisaster__30cSC3SpaceDebrisDisasterManager	virtual function thunk (delta:-16) for cSC3SpaceDebrisDisasterManager::GetLikelihoodOfSpaceDebrisDisaster(void)
0009e898	__thunk_12_QueryInterface__30cSC3SpaceDebrisDisasterManagerUiPPv	virtual function thunk (delta:-12) for cSC3SpaceDebrisDisasterManager::QueryInterface(unsigned int, void **)
0009e8b4	__thunk_12_AddRef__30cSC3SpaceDebrisDisasterManager	virtual function thunk (delta:-12) for cSC3SpaceDebrisDisasterManager::AddRef(void)
0009e8d0	__thunk_12_Release__30cSC3SpaceDebrisDisasterManager	virtual function thunk (delta:-12) for cSC3SpaceDebrisDisasterManager::Release(void)
0009e8ec	__thunk_12_Init__30cSC3SpaceDebrisDisasterManagerP18cISC3DisasterLayerP9cISC3City	virtual function thunk (delta:-12) for cSC3SpaceDebrisDisasterManager::Init(cISC3DisasterLayer *, cISC3City *)
0009e908	__thunk_12_Shutdown__30cSC3SpaceDebrisDisasterManager	virtual function thunk (delta:-12) for cSC3SpaceDebrisDisasterManager::Shutdown(void)
0009e924	__thunk_12_Init__30cSC3SpaceDebrisDisasterManagerP9cISC3CityP13cIGZDBSegment	virtual function thunk (delta:-12) for cSC3SpaceDebrisDisasterManager::Init(cISC3City *, cIGZDBSegment *)
0009e940	__thunk_12_Save__30cSC3SpaceDebrisDisasterManagerP9cISC3CityP13cIGZDBSegment	virtual function thunk (delta:-12) for cSC3SpaceDebrisDisasterManager::Save(cISC3City *, cIGZDBSegment *)
0009e95c	__thunk_12_StaticInit__30cSC3SpaceDebrisDisasterManager	virtual function thunk (delta:-12) for cSC3SpaceDebrisDisasterManager::StaticInit(void)
0009e978	__thunk_12_StaticShutdown__30cSC3SpaceDebrisDisasterManager	virtual function thunk (delta:-12) for cSC3SpaceDebrisDisasterManager::StaticShutdown(void)
0009e994	__thunk_12_StopInstance__30cSC3SpaceDebrisDisasterManagerP21cISC3DisasterInstance	virtual function thunk (delta:-12) for cSC3SpaceDebrisDisasterManager::StopInstance(cISC3DisasterInstance *)
0009e9b0	__thunk_12_AttemptDisasterStart__30cSC3SpaceDebrisDisasterManager	virtual function thunk (delta:-12) for cSC3SpaceDebrisDisasterManager::AttemptDisasterStart(void)
0009e9cc	__thunk_12_Tick__30cSC3SpaceDebrisDisasterManager	virtual function thunk (delta:-12) for cSC3SpaceDebrisDisasterManager::Tick(void)
0009e9f4	__uninitialized_copy_aux__H2ZPQ226cSC3TornadoDisasterManager21tSavedTornadoInstanceZPQ226cSC3TornadoDisasterManager21tSavedTornadoInstance_X01X01X11G12__false_type_X11	cSC3TornadoDisasterManager::tSavedTornadoInstance * __uninitialized_copy_aux<cSC3TornadoDisasterManager::tSavedTornadoInstance *, cSC3TornadoDisasterManager::tSavedTornadoInstance *>(cSC3TornadoDisasterManager::tSavedTornadoInstance *, cSC3TornadoDisasterManager::tSavedTornadoInstance *, cSC3TornadoDisasterManager::tSavedTornadoInstance *, __false_type)
0009eae4	_M_insert_aux__t6vector2ZQ226cSC3TornadoDisasterManager21tSavedTornadoInstanceZt9allocator1ZQ226cSC3TornadoDisasterManager21tSavedTornadoInstancePQ226cSC3TornadoDisasterManager21tSavedTornadoInstanceRCQ226cSC3TornadoDisasterManager21tSavedTornadoInstance	vector<cSC3TornadoDisasterManager::tSavedTornadoInstance, allocator<cSC3TornadoDisasterManager::tSavedTornadoInstance> >::_M_insert_aux(cSC3TornadoDisasterManager::tSavedTornadoInstance *, cSC3TornadoDisasterManager::tSavedTornadoInstance const &)
0009f02c	__thunk_8_QueryInterface__27cSC3TornadoDisasterInstanceUiPPv	virtual function thunk (delta:-8) for cSC3TornadoDisasterInstance::QueryInterface(unsigned int, void **)
0009f048	__thunk_8_AddRef__27cSC3TornadoDisasterInstance	virtual function thunk (delta:-8) for cSC3TornadoDisasterInstance::AddRef(void)
0009f064	__thunk_8_Release__27cSC3TornadoDisasterInstance	virtual function thunk (delta:-8) for cSC3TornadoDisasterInstance::Release(void)
0009f080	__thunk_8_DoMessage__27cSC3TornadoDisasterInstanceR10cGZMessage	virtual function thunk (delta:-8) for cSC3TornadoDisasterInstance::DoMessage(cGZMessage &)
0009f09c	__thunk_4_QueryInterface__27cSC3TornadoDisasterInstanceUiPPv	virtual function thunk (delta:-4) for cSC3TornadoDisasterInstance::QueryInterface(unsigned int, void **)
0009f0b8	__thunk_4_AddRef__27cSC3TornadoDisasterInstance	virtual function thunk (delta:-4) for cSC3TornadoDisasterInstance::AddRef(void)
0009f0d4	__thunk_4_Release__27cSC3TornadoDisasterInstance	virtual function thunk (delta:-4) for cSC3TornadoDisasterInstance::Release(void)
0009f0f0	__thunk_4_GetLocationMicro__C27cSC3TornadoDisasterInstanceRiN21	virtual function thunk (delta:-4) for cSC3TornadoDisasterInstance::GetLocationMicro(int &, int &, int &) const
0009f10c	__thunk_4_GetVelocity__C27cSC3TornadoDisasterInstanceR17cRZ3DPointFloat32	virtual function thunk (delta:-4) for cSC3TornadoDisasterInstance::GetVelocity(cRZ3DPointFloat32 &) const
0009f128	__thunk_4_GetDirection__C27cSC3TornadoDisasterInstanceR17cRZ3DPointFloat32	virtual function thunk (delta:-4) for cSC3TornadoDisasterInstance::GetDirection(cRZ3DPointFloat32 &) const
0009f144	__thunk_4_GetLevel__27cSC3TornadoDisasterInstance	virtual function thunk (delta:-4) for cSC3TornadoDisasterInstance::GetLevel(void)
0009f160	__thunk_4_GetSpeed__27cSC3TornadoDisasterInstance	virtual function thunk (delta:-4) for cSC3TornadoDisasterInstance::GetSpeed(void)
0009f17c	__thunk_20_QueryInterface__26cSC3TornadoDisasterManagerUiPPv	virtual function thunk (delta:-20) for cSC3TornadoDisasterManager::QueryInterface(unsigned int, void **)
0009f198	__thunk_20_AddRef__26cSC3TornadoDisasterManager	virtual function thunk (delta:-20) for cSC3TornadoDisasterManager::AddRef(void)
0009f1b4	__thunk_20_Release__26cSC3TornadoDisasterManager	virtual function thunk (delta:-20) for cSC3TornadoDisasterManager::Release(void)
0009f1d0	__thunk_20_DoMessage__26cSC3TornadoDisasterManagerR10cGZMessage	virtual function thunk (delta:-20) for cSC3TornadoDisasterManager::DoMessage(cGZMessage &)
0009f1ec	__thunk_16_QueryInterface__26cSC3TornadoDisasterManagerUiPPv	virtual function thunk (delta:-16) for cSC3TornadoDisasterManager::QueryInterface(unsigned int, void **)
0009f208	__thunk_16_AddRef__26cSC3TornadoDisasterManager	virtual function thunk (delta:-16) for cSC3TornadoDisasterManager::AddRef(void)
0009f224	__thunk_16_Release__26cSC3TornadoDisasterManager	virtual function thunk (delta:-16) for cSC3TornadoDisasterManager::Release(void)
0009f240	__thunk_16_StartTornado__26cSC3TornadoDisasterManagerUiUiR17cRZ3DPointFloat32ScfUib	virtual function thunk (delta:-16) for cSC3TornadoDisasterManager::StartTornado(unsigned int, unsigned int, cRZ3DPointFloat32 &, signed char, float, unsigned int, bool)
0009f25c	__thunk_12_QueryInterface__26cSC3TornadoDisasterManagerUiPPv	virtual function thunk (delta:-12) for cSC3TornadoDisasterManager::QueryInterface(unsigned int, void **)
0009f278	__thunk_12_AddRef__26cSC3TornadoDisasterManager	virtual function thunk (delta:-12) for cSC3TornadoDisasterManager::AddRef(void)
0009f294	__thunk_12_Release__26cSC3TornadoDisasterManager	virtual function thunk (delta:-12) for cSC3TornadoDisasterManager::Release(void)
0009f2b0	__thunk_12_Init__26cSC3TornadoDisasterManagerP18cISC3DisasterLayerP9cISC3City	virtual function thunk (delta:-12) for cSC3TornadoDisasterManager::Init(cISC3DisasterLayer *, cISC3City *)
0009f2cc	__thunk_12_Shutdown__26cSC3TornadoDisasterManager	virtual function thunk (delta:-12) for cSC3TornadoDisasterManager::Shutdown(void)
0009f2e8	__thunk_12_Init__26cSC3TornadoDisasterManagerP9cISC3CityP13cIGZDBSegment	virtual function thunk (delta:-12) for cSC3TornadoDisasterManager::Init(cISC3City *, cIGZDBSegment *)
0009f304	__thunk_12_Save__26cSC3TornadoDisasterManagerP9cISC3CityP13cIGZDBSegment	virtual function thunk (delta:-12) for cSC3TornadoDisasterManager::Save(cISC3City *, cIGZDBSegment *)
0009f320	__thunk_12_StaticInit__26cSC3TornadoDisasterManager	virtual function thunk (delta:-12) for cSC3TornadoDisasterManager::StaticInit(void)
0009f33c	__thunk_12_StaticShutdown__26cSC3TornadoDisasterManager	virtual function thunk (delta:-12) for cSC3TornadoDisasterManager::StaticShutdown(void)
0009f358	__thunk_12_StopInstance__26cSC3TornadoDisasterManagerP21cISC3DisasterInstance	virtual function thunk (delta:-12) for cSC3TornadoDisasterManager::StopInstance(cISC3DisasterInstance *)
0009f374	__thunk_12_AttemptDisasterStart__26cSC3TornadoDisasterManager	virtual function thunk (delta:-12) for cSC3TornadoDisasterManager::AttemptDisasterStart(void)
0009f390	__thunk_12_Tick__26cSC3TornadoDisasterManager	virtual function thunk (delta:-12) for cSC3TornadoDisasterManager::Tick(void)
0009f3ac	__t9cRZTriple3ZfZfZfRCt9cRZTriple3ZfZfZf	cRZTriple<float, float, float>::cRZTriple(cRZTriple<float, float, float> const &)
0009f3cc	__as__t9cRZTriple3ZfZfZfRCt9cRZTriple3ZfZfZf	cRZTriple<float, float, float>::operator=(cRZTriple<float, float, float> const &)
0009f3f4	__uninitialized_copy_aux__H2ZPQ229cSC3ToxicCloudDisasterManager24tSavedToxicCloudInstanceZPQ229cSC3ToxicCloudDisasterManager24tSavedToxicCloudInstance_X01X01X11G12__false_type_X11	cSC3ToxicCloudDisasterManager::tSavedToxicCloudInstance * __uninitialized_copy_aux<cSC3ToxicCloudDisasterManager::tSavedToxicCloudInstance *, cSC3ToxicCloudDisasterManager::tSavedToxicCloudInstance *>(cSC3ToxicCloudDisasterManager::tSavedToxicCloudInstance *, cSC3ToxicCloudDisasterManager::tSavedToxicCloudInstance *, cSC3ToxicCloudDisasterManager::tSavedToxicCloudInstance *, __false_type)
0009f4e4	_M_insert_aux__t6vector2ZQ229cSC3ToxicCloudDisasterManager24tSavedToxicCloudInstanceZt9allocator1ZQ229cSC3ToxicCloudDisasterManager24tSavedToxicCloudInstancePQ229cSC3ToxicCloudDisasterManager24tSavedToxicCloudInstanceRCQ229cSC3ToxicCloudDisasterManager24tSavedToxicCloudInstance	vector<cSC3ToxicCloudDisasterManager::tSavedToxicCloudInstance, allocator<cSC3ToxicCloudDisasterManager::tSavedToxicCloudInstance> >::_M_insert_aux(cSC3ToxicCloudDisasterManager::tSavedToxicCloudInstance *, cSC3ToxicCloudDisasterManager::tSavedToxicCloudInstance const &)
0009f954	clear__t10_List_base2ZP22cISC3ToxicCloudDisplayZt9allocator1ZP22cISC3ToxicCloudDisplay	_List_base<cISC3ToxicCloudDisplay *, allocator<cISC3ToxicCloudDisplay *> >::clear(void)
0009f9d0	__thunk_8_QueryInterface__30cSC3ToxicCloudDisasterInstanceUiPPv	virtual function thunk (delta:-8) for cSC3ToxicCloudDisasterInstance::QueryInterface(unsigned int, void **)
0009f9ec	__thunk_8_AddRef__30cSC3ToxicCloudDisasterInstance	virtual function thunk (delta:-8) for cSC3ToxicCloudDisasterInstance::AddRef(void)
0009fa08	__thunk_8_Release__30cSC3ToxicCloudDisasterInstance	virtual function thunk (delta:-8) for cSC3ToxicCloudDisasterInstance::Release(void)
0009fa24	__thunk_8_DoMessage__30cSC3ToxicCloudDisasterInstanceR10cGZMessage	virtual function thunk (delta:-8) for cSC3ToxicCloudDisasterInstance::DoMessage(cGZMessage &)
0009fa40	__thunk_4_QueryInterface__30cSC3ToxicCloudDisasterInstanceUiPPv	virtual function thunk (delta:-4) for cSC3ToxicCloudDisasterInstance::QueryInterface(unsigned int, void **)
0009fa5c	__thunk_4_AddRef__30cSC3ToxicCloudDisasterInstance	virtual function thunk (delta:-4) for cSC3ToxicCloudDisasterInstance::AddRef(void)
0009fa78	__thunk_4_Release__30cSC3ToxicCloudDisasterInstance	virtual function thunk (delta:-4) for cSC3ToxicCloudDisasterInstance::Release(void)
0009fa94	__thunk_4_GetLocationMicro__C30cSC3ToxicCloudDisasterInstanceRiN21	virtual function thunk (delta:-4) for cSC3ToxicCloudDisasterInstance::GetLocationMicro(int &, int &, int &) const
0009fab0	__thunk_4_GetVelocity__C30cSC3ToxicCloudDisasterInstanceR17cRZ3DPointFloat32	virtual function thunk (delta:-4) for cSC3ToxicCloudDisasterInstance::GetVelocity(cRZ3DPointFloat32 &) const
0009facc	__thunk_4_IsCellAffected__C30cSC3ToxicCloudDisasterInstanceUiUi	virtual function thunk (delta:-4) for cSC3ToxicCloudDisasterInstance::IsCellAffected(unsigned int, unsigned int) const
0009fae8	__thunk_20_QueryInterface__29cSC3ToxicCloudDisasterManagerUiPPv	virtual function thunk (delta:-20) for cSC3ToxicCloudDisasterManager::QueryInterface(unsigned int, void **)
0009fb04	__thunk_20_AddRef__29cSC3ToxicCloudDisasterManager	virtual function thunk (delta:-20) for cSC3ToxicCloudDisasterManager::AddRef(void)
0009fb20	__thunk_20_Release__29cSC3ToxicCloudDisasterManager	virtual function thunk (delta:-20) for cSC3ToxicCloudDisasterManager::Release(void)
0009fb3c	__thunk_20_DoMessage__29cSC3ToxicCloudDisasterManagerR10cGZMessage	virtual function thunk (delta:-20) for cSC3ToxicCloudDisasterManager::DoMessage(cGZMessage &)
0009fb58	__thunk_16_QueryInterface__29cSC3ToxicCloudDisasterManagerUiPPv	virtual function thunk (delta:-16) for cSC3ToxicCloudDisasterManager::QueryInterface(unsigned int, void **)
0009fb74	__thunk_16_AddRef__29cSC3ToxicCloudDisasterManager	virtual function thunk (delta:-16) for cSC3ToxicCloudDisasterManager::AddRef(void)
0009fb90	__thunk_16_Release__29cSC3ToxicCloudDisasterManager	virtual function thunk (delta:-16) for cSC3ToxicCloudDisasterManager::Release(void)
0009fbac	__thunk_16_StartToxicCloud__29cSC3ToxicCloudDisasterManagerUiUiRC17cRZ3DPointFloat32iUiUib	virtual function thunk (delta:-16) for cSC3ToxicCloudDisasterManager::StartToxicCloud(unsigned int, unsigned int, cRZ3DPointFloat32 const &, int, unsigned int, unsigned int, bool)
0009fbc8	__thunk_16_GetLikelihoodOfToxicCloud__29cSC3ToxicCloudDisasterManager	virtual function thunk (delta:-16) for cSC3ToxicCloudDisasterManager::GetLikelihoodOfToxicCloud(void)
0009fbe4	__thunk_12_QueryInterface__29cSC3ToxicCloudDisasterManagerUiPPv	virtual function thunk (delta:-12) for cSC3ToxicCloudDisasterManager::QueryInterface(unsigned int, void **)
0009fc00	__thunk_12_AddRef__29cSC3ToxicCloudDisasterManager	virtual function thunk (delta:-12) for cSC3ToxicCloudDisasterManager::AddRef(void)
0009fc1c	__thunk_12_Release__29cSC3ToxicCloudDisasterManager	virtual function thunk (delta:-12) for cSC3ToxicCloudDisasterManager::Release(void)
0009fc38	__thunk_12_Init__29cSC3ToxicCloudDisasterManagerP18cISC3DisasterLayerP9cISC3City	virtual function thunk (delta:-12) for cSC3ToxicCloudDisasterManager::Init(cISC3DisasterLayer *, cISC3City *)
0009fc54	__thunk_12_Shutdown__29cSC3ToxicCloudDisasterManager	virtual function thunk (delta:-12) for cSC3ToxicCloudDisasterManager::Shutdown(void)
0009fc70	__thunk_12_Init__29cSC3ToxicCloudDisasterManagerP9cISC3CityP13cIGZDBSegment	virtual function thunk (delta:-12) for cSC3ToxicCloudDisasterManager::Init(cISC3City *, cIGZDBSegment *)
0009fc8c	__thunk_12_Save__29cSC3ToxicCloudDisasterManagerP9cISC3CityP13cIGZDBSegment	virtual function thunk (delta:-12) for cSC3ToxicCloudDisasterManager::Save(cISC3City *, cIGZDBSegment *)
0009fca8	__thunk_12_StaticInit__29cSC3ToxicCloudDisasterManager	virtual function thunk (delta:-12) for cSC3ToxicCloudDisasterManager::StaticInit(void)
0009fcc4	__thunk_12_StaticShutdown__29cSC3ToxicCloudDisasterManager	virtual function thunk (delta:-12) for cSC3ToxicCloudDisasterManager::StaticShutdown(void)
0009fce0	__thunk_12_StopInstance__29cSC3ToxicCloudDisasterManagerP21cISC3DisasterInstance	virtual function thunk (delta:-12) for cSC3ToxicCloudDisasterManager::StopInstance(cISC3DisasterInstance *)
0009fcfc	__thunk_12_AttemptDisasterStart__29cSC3ToxicCloudDisasterManager	virtual function thunk (delta:-12) for cSC3ToxicCloudDisasterManager::AttemptDisasterStart(void)
0009fd18	__thunk_12_Tick__29cSC3ToxicCloudDisasterManager	virtual function thunk (delta:-12) for cSC3ToxicCloudDisasterManager::Tick(void)
0009fd44	__uninitialized_copy_aux__H2ZPQ224cISC3DisasterUFOInstance19UFOVisitationRecordZPQ224cISC3DisasterUFOInstance19UFOVisitationRecord_X01X01X11G12__false_type_X11	cISC3DisasterUFOInstance::UFOVisitationRecord * __uninitialized_copy_aux<cISC3DisasterUFOInstance::UFOVisitationRecord *, cISC3DisasterUFOInstance::UFOVisitationRecord *>(cISC3DisasterUFOInstance::UFOVisitationRecord *, cISC3DisasterUFOInstance::UFOVisitationRecord *, cISC3DisasterUFOInstance::UFOVisitationRecord *, __false_type)
0009fd94	_M_insert_aux__t6vector2ZQ224cISC3DisasterUFOInstance19UFOVisitationRecordZt9allocator1ZQ224cISC3DisasterUFOInstance19UFOVisitationRecordPQ224cISC3DisasterUFOInstance19UFOVisitationRecordRCQ224cISC3DisasterUFOInstance19UFOVisitationRecord	vector<cISC3DisasterUFOInstance::UFOVisitationRecord, allocator<cISC3DisasterUFOInstance::UFOVisitationRecord> >::_M_insert_aux(cISC3DisasterUFOInstance::UFOVisitationRecord *, cISC3DisasterUFOInstance::UFOVisitationRecord const &)
000a0164	_M_insert_aux__t6vector2ZP13cISC3OccupantZt9allocator1ZP13cISC3OccupantPP13cISC3OccupantRCP13cISC3Occupant	vector<cISC3Occupant *, allocator<cISC3Occupant *> >::_M_insert_aux(cISC3Occupant **, cISC3Occupant *const &)
000a048c	__thunk_8_QueryInterface__23cSC3UFODisasterInstanceUiPPv	virtual function thunk (delta:-8) for cSC3UFODisasterInstance::QueryInterface(unsigned int, void **)
000a04a8	__thunk_8_AddRef__23cSC3UFODisasterInstance	virtual function thunk (delta:-8) for cSC3UFODisasterInstance::AddRef(void)
000a04c4	__thunk_8_Release__23cSC3UFODisasterInstance	virtual function thunk (delta:-8) for cSC3UFODisasterInstance::Release(void)
000a04e0	__thunk_8_DoMessage__23cSC3UFODisasterInstanceR10cGZMessage	virtual function thunk (delta:-8) for cSC3UFODisasterInstance::DoMessage(cGZMessage &)
000a04fc	__thunk_4_QueryInterface__23cSC3UFODisasterInstanceUiPPv	virtual function thunk (delta:-4) for cSC3UFODisasterInstance::QueryInterface(unsigned int, void **)
000a0518	__thunk_4_AddRef__23cSC3UFODisasterInstance	virtual function thunk (delta:-4) for cSC3UFODisasterInstance::AddRef(void)
000a0534	__thunk_4_Release__23cSC3UFODisasterInstance	virtual function thunk (delta:-4) for cSC3UFODisasterInstance::Release(void)
000a0550	__thunk_4_GetDisasterHistory__C23cSC3UFODisasterInstancePQ224cISC3DisasterUFOInstance19UFOVisitationRecordRUi	virtual function thunk (delta:-4) for cSC3UFODisasterInstance::GetDisasterHistory(cISC3DisasterUFOInstance::UFOVisitationRecord *, unsigned int &) const
000a056c	__thunk_4_GetCurrentUFOCount__23cSC3UFODisasterInstance	virtual function thunk (delta:-4) for cSC3UFODisasterInstance::GetCurrentUFOCount(void)
000a0588	__thunk_4_GetCurrentUFOVisitationRecord__23cSC3UFODisasterInstanceRQ224cISC3DisasterUFOInstance19UFOVisitationRecord	virtual function thunk (delta:-4) for cSC3UFODisasterInstance::GetCurrentUFOVisitationRecord(cISC3DisasterUFOInstance::UFOVisitationRecord &)
000a05a4	__thunk_20_QueryInterface__22cSC3UFODisasterManagerUiPPv	virtual function thunk (delta:-20) for cSC3UFODisasterManager::QueryInterface(unsigned int, void **)
000a05c0	__thunk_20_AddRef__22cSC3UFODisasterManager	virtual function thunk (delta:-20) for cSC3UFODisasterManager::AddRef(void)
000a05dc	__thunk_20_Release__22cSC3UFODisasterManager	virtual function thunk (delta:-20) for cSC3UFODisasterManager::Release(void)
000a05f8	__thunk_20_DoMessage__22cSC3UFODisasterManagerR10cGZMessage	virtual function thunk (delta:-20) for cSC3UFODisasterManager::DoMessage(cGZMessage &)
000a0614	__thunk_16_QueryInterface__22cSC3UFODisasterManagerUiPPv	virtual function thunk (delta:-16) for cSC3UFODisasterManager::QueryInterface(unsigned int, void **)
000a0630	__thunk_16_AddRef__22cSC3UFODisasterManager	virtual function thunk (delta:-16) for cSC3UFODisasterManager::AddRef(void)
000a064c	__thunk_16_Release__22cSC3UFODisasterManager	virtual function thunk (delta:-16) for cSC3UFODisasterManager::Release(void)
000a0668	__thunk_16_GetDisasterHistory__C22cSC3UFODisasterManagerPQ224cISC3DisasterUFOInstance19UFOVisitationRecordRUi	virtual function thunk (delta:-16) for cSC3UFODisasterManager::GetDisasterHistory(cISC3DisasterUFOInstance::UFOVisitationRecord *, unsigned int &) const
000a0684	__thunk_16_StartUFOAttack__22cSC3UFODisasterManagerb	virtual function thunk (delta:-16) for cSC3UFODisasterManager::StartUFOAttack(bool)
000a06a0	__thunk_12_QueryInterface__22cSC3UFODisasterManagerUiPPv	virtual function thunk (delta:-12) for cSC3UFODisasterManager::QueryInterface(unsigned int, void **)
000a06bc	__thunk_12_AddRef__22cSC3UFODisasterManager	virtual function thunk (delta:-12) for cSC3UFODisasterManager::AddRef(void)
000a06d8	__thunk_12_Release__22cSC3UFODisasterManager	virtual function thunk (delta:-12) for cSC3UFODisasterManager::Release(void)
000a06f4	__thunk_12_Init__22cSC3UFODisasterManagerP18cISC3DisasterLayerP9cISC3City	virtual function thunk (delta:-12) for cSC3UFODisasterManager::Init(cISC3DisasterLayer *, cISC3City *)
000a0710	__thunk_12_Shutdown__22cSC3UFODisasterManager	virtual function thunk (delta:-12) for cSC3UFODisasterManager::Shutdown(void)
000a072c	__thunk_12_Init__22cSC3UFODisasterManagerP9cISC3CityP13cIGZDBSegment	virtual function thunk (delta:-12) for cSC3UFODisasterManager::Init(cISC3City *, cIGZDBSegment *)
000a0748	__thunk_12_Save__22cSC3UFODisasterManagerP9cISC3CityP13cIGZDBSegment	virtual function thunk (delta:-12) for cSC3UFODisasterManager::Save(cISC3City *, cIGZDBSegment *)
000a0764	__thunk_12_StaticInit__22cSC3UFODisasterManager	virtual function thunk (delta:-12) for cSC3UFODisasterManager::StaticInit(void)
000a0780	__thunk_12_StaticShutdown__22cSC3UFODisasterManager	virtual function thunk (delta:-12) for cSC3UFODisasterManager::StaticShutdown(void)
000a079c	__thunk_12_StopInstance__22cSC3UFODisasterManagerP21cISC3DisasterInstance	virtual function thunk (delta:-12) for cSC3UFODisasterManager::StopInstance(cISC3DisasterInstance *)
000a07b8	__thunk_12_AttemptDisasterStart__22cSC3UFODisasterManager	virtual function thunk (delta:-12) for cSC3UFODisasterManager::AttemptDisasterStart(void)
000a07d4	__thunk_12_Tick__22cSC3UFODisasterManager	virtual function thunk (delta:-12) for cSC3UFODisasterManager::Tick(void)
000a07f4	_._14RandomIterator	RandomIterator::~RandomIterator(void)
000a0888	Reset__16ScanningIteratorii	ScanningIterator::Reset(int, int)
000a08d4	_._t10cRZCellMap1Zb	cRZCellMap<bool>::~cRZCellMap(void)
000a0950	SetAllCells__t10cRZCellMap1ZbRCb	cRZCellMap<bool>::SetAllCells(bool const &)
000a09c4	_._7cRZLock	cRZLock::~cRZLock(void)
000a0a24	__uninitialized_copy_aux__H2ZPQ230cISC3DisasterWhirlpoolInstance15WhirlpoolRecordZPQ230cISC3DisasterWhirlpoolInstance15WhirlpoolRecord_X01X01X11G12__false_type_X11	cISC3DisasterWhirlpoolInstance::WhirlpoolRecord * __uninitialized_copy_aux<cISC3DisasterWhirlpoolInstance::WhirlpoolRecord *, cISC3DisasterWhirlpoolInstance::WhirlpoolRecord *>(cISC3DisasterWhirlpoolInstance::WhirlpoolRecord *, cISC3DisasterWhirlpoolInstance::WhirlpoolRecord *, cISC3DisasterWhirlpoolInstance::WhirlpoolRecord *, __false_type)
000a0a74	_M_insert_aux__t6vector2ZQ230cISC3DisasterWhirlpoolInstance15WhirlpoolRecordZt9allocator1ZQ230cISC3DisasterWhirlpoolInstance15WhirlpoolRecordPQ230cISC3DisasterWhirlpoolInstance15WhirlpoolRecordRCQ230cISC3DisasterWhirlpoolInstance15WhirlpoolRecord	vector<cISC3DisasterWhirlpoolInstance::WhirlpoolRecord, allocator<cISC3DisasterWhirlpoolInstance::WhirlpoolRecord> >::_M_insert_aux(cISC3DisasterWhirlpoolInstance::WhirlpoolRecord *, cISC3DisasterWhirlpoolInstance::WhirlpoolRecord const &)
000a0ec4	__uninitialized_copy_aux__H2ZP8cRZPointZP8cRZPoint_X01X01X11G12__false_type_X11	cRZPoint * __uninitialized_copy_aux<cRZPoint *, cRZPoint *>(cRZPoint *, cRZPoint *, cRZPoint *, __false_type)
000a0f14	_M_insert_aux__t6vector2Z8cRZPointZt9allocator1Z8cRZPointP8cRZPointRC8cRZPoint	vector<cRZPoint, allocator<cRZPoint> >::_M_insert_aux(cRZPoint *, cRZPoint const &)
000a132c	__thunk_8_QueryInterface__29cSC3WhirlpoolDisasterInstanceUiPPv	virtual function thunk (delta:-8) for cSC3WhirlpoolDisasterInstance::QueryInterface(unsigned int, void **)
000a1348	__thunk_8_AddRef__29cSC3WhirlpoolDisasterInstance	virtual function thunk (delta:-8) for cSC3WhirlpoolDisasterInstance::AddRef(void)
000a1364	__thunk_8_Release__29cSC3WhirlpoolDisasterInstance	virtual function thunk (delta:-8) for cSC3WhirlpoolDisasterInstance::Release(void)
000a1380	__thunk_8_DoMessage__29cSC3WhirlpoolDisasterInstanceR10cGZMessage	virtual function thunk (delta:-8) for cSC3WhirlpoolDisasterInstance::DoMessage(cGZMessage &)
000a139c	__thunk_4_QueryInterface__29cSC3WhirlpoolDisasterInstanceUiPPv	virtual function thunk (delta:-4) for cSC3WhirlpoolDisasterInstance::QueryInterface(unsigned int, void **)
000a13b8	__thunk_4_AddRef__29cSC3WhirlpoolDisasterInstance	virtual function thunk (delta:-4) for cSC3WhirlpoolDisasterInstance::AddRef(void)
000a13d4	__thunk_4_Release__29cSC3WhirlpoolDisasterInstance	virtual function thunk (delta:-4) for cSC3WhirlpoolDisasterInstance::Release(void)
000a13f0	__thunk_4_GetWhirlpoolScale__C29cSC3WhirlpoolDisasterInstance	virtual function thunk (delta:-4) for cSC3WhirlpoolDisasterInstance::GetWhirlpoolScale(void) const
000a140c	__thunk_4_GetWhirlpoolLevel__C29cSC3WhirlpoolDisasterInstance	virtual function thunk (delta:-4) for cSC3WhirlpoolDisasterInstance::GetWhirlpoolLevel(void) const
000a1428	__thunk_4_GetEpicenterMicro__C29cSC3WhirlpoolDisasterInstanceRiN21	virtual function thunk (delta:-4) for cSC3WhirlpoolDisasterInstance::GetEpicenterMicro(int &, int &, int &) const
000a1444	__thunk_4_GetCurrentWhirlpoolRecord__29cSC3WhirlpoolDisasterInstanceRQ230cISC3DisasterWhirlpoolInstance15WhirlpoolRecord	virtual function thunk (delta:-4) for cSC3WhirlpoolDisasterInstance::GetCurrentWhirlpoolRecord(cISC3DisasterWhirlpoolInstance::WhirlpoolRecord &)
000a1460	__thunk_20_QueryInterface__28cSC3WhirlpoolDisasterManagerUiPPv	virtual function thunk (delta:-20) for cSC3WhirlpoolDisasterManager::QueryInterface(unsigned int, void **)
000a147c	__thunk_20_AddRef__28cSC3WhirlpoolDisasterManager	virtual function thunk (delta:-20) for cSC3WhirlpoolDisasterManager::AddRef(void)
000a1498	__thunk_20_Release__28cSC3WhirlpoolDisasterManager	virtual function thunk (delta:-20) for cSC3WhirlpoolDisasterManager::Release(void)
000a14b4	__thunk_20_DoMessage__28cSC3WhirlpoolDisasterManagerR10cGZMessage	virtual function thunk (delta:-20) for cSC3WhirlpoolDisasterManager::DoMessage(cGZMessage &)
000a14d0	__thunk_16_QueryInterface__28cSC3WhirlpoolDisasterManagerUiPPv	virtual function thunk (delta:-16) for cSC3WhirlpoolDisasterManager::QueryInterface(unsigned int, void **)
000a14ec	__thunk_16_AddRef__28cSC3WhirlpoolDisasterManager	virtual function thunk (delta:-16) for cSC3WhirlpoolDisasterManager::AddRef(void)
000a1508	__thunk_16_Release__28cSC3WhirlpoolDisasterManager	virtual function thunk (delta:-16) for cSC3WhirlpoolDisasterManager::Release(void)
000a1524	__thunk_16_GetDisasterHistory__C28cSC3WhirlpoolDisasterManagerPQ230cISC3DisasterWhirlpoolInstance15WhirlpoolRecordRUi	virtual function thunk (delta:-16) for cSC3WhirlpoolDisasterManager::GetDisasterHistory(cISC3DisasterWhirlpoolInstance::WhirlpoolRecord *, unsigned int &) const
000a1540	__thunk_16_GetLastDisasterHistory__C28cSC3WhirlpoolDisasterManagerPQ230cISC3DisasterWhirlpoolInstance15WhirlpoolRecord	virtual function thunk (delta:-16) for cSC3WhirlpoolDisasterManager::GetLastDisasterHistory(cISC3DisasterWhirlpoolInstance::WhirlpoolRecord *) const
000a155c	__thunk_16_StartWhirlpool__28cSC3WhirlpoolDisasterManagerfb	virtual function thunk (delta:-16) for cSC3WhirlpoolDisasterManager::StartWhirlpool(float, bool)
000a1578	__thunk_12_QueryInterface__28cSC3WhirlpoolDisasterManagerUiPPv	virtual function thunk (delta:-12) for cSC3WhirlpoolDisasterManager::QueryInterface(unsigned int, void **)
000a1594	__thunk_12_AddRef__28cSC3WhirlpoolDisasterManager	virtual function thunk (delta:-12) for cSC3WhirlpoolDisasterManager::AddRef(void)
000a15b0	__thunk_12_Release__28cSC3WhirlpoolDisasterManager	virtual function thunk (delta:-12) for cSC3WhirlpoolDisasterManager::Release(void)
000a15cc	__thunk_12_Init__28cSC3WhirlpoolDisasterManagerP18cISC3DisasterLayerP9cISC3City	virtual function thunk (delta:-12) for cSC3WhirlpoolDisasterManager::Init(cISC3DisasterLayer *, cISC3City *)
000a15e8	__thunk_12_Shutdown__28cSC3WhirlpoolDisasterManager	virtual function thunk (delta:-12) for cSC3WhirlpoolDisasterManager::Shutdown(void)
000a1604	__thunk_12_Init__28cSC3WhirlpoolDisasterManagerP9cISC3CityP13cIGZDBSegment	virtual function thunk (delta:-12) for cSC3WhirlpoolDisasterManager::Init(cISC3City *, cIGZDBSegment *)
000a1620	__thunk_12_Save__28cSC3WhirlpoolDisasterManagerP9cISC3CityP13cIGZDBSegment	virtual function thunk (delta:-12) for cSC3WhirlpoolDisasterManager::Save(cISC3City *, cIGZDBSegment *)
000a163c	__thunk_12_StaticInit__28cSC3WhirlpoolDisasterManager	virtual function thunk (delta:-12) for cSC3WhirlpoolDisasterManager::StaticInit(void)
000a1658	__thunk_12_StaticShutdown__28cSC3WhirlpoolDisasterManager	virtual function thunk (delta:-12) for cSC3WhirlpoolDisasterManager::StaticShutdown(void)
000a1674	__thunk_12_StopInstance__28cSC3WhirlpoolDisasterManagerP21cISC3DisasterInstance	virtual function thunk (delta:-12) for cSC3WhirlpoolDisasterManager::StopInstance(cISC3DisasterInstance *)
000a1690	__thunk_12_AttemptDisasterStart__28cSC3WhirlpoolDisasterManager	virtual function thunk (delta:-12) for cSC3WhirlpoolDisasterManager::AttemptDisasterStart(void)
000a16ac	__thunk_12_Tick__28cSC3WhirlpoolDisasterManager	virtual function thunk (delta:-12) for cSC3WhirlpoolDisasterManager::Tick(void)
000a16c8	X__t9cRZTriple3ZfZfZf	cRZTriple<float, float, float>::X(void)
000a16d4	X__Ct9cRZTriple3ZiZiZi	cRZTriple<int, int, int>::X(void) const
000a16e0	Y__t9cRZTriple3ZfZfZf	cRZTriple<float, float, float>::Y(void)
000a16f0	Y__Ct9cRZTriple3ZiZiZi	cRZTriple<int, int, int>::Y(void) const
000a1700	Z__t9cRZTriple3ZfZfZf	cRZTriple<float, float, float>::Z(void)
000a1710	Z__Ct9cRZTriple3ZiZiZi	cRZTriple<int, int, int>::Z(void) const
000a1720	__reverse__H1ZP8cRZPoint_X01X01G26random_access_iterator_tag_v	void __reverse<cRZPoint *>(cRZPoint *, cRZPoint *, random_access_iterator_tag)
000a1784	__uninitialized_copy_aux__H2ZPQ222cSC3ParadeEventManager15tParadeBlockDefZPQ222cSC3ParadeEventManager15tParadeBlockDef_X01X01X11G12__false_type_X11	cSC3ParadeEventManager::tParadeBlockDef * __uninitialized_copy_aux<cSC3ParadeEventManager::tParadeBlockDef *, cSC3ParadeEventManager::tParadeBlockDef *>(cSC3ParadeEventManager::tParadeBlockDef *, cSC3ParadeEventManager::tParadeBlockDef *, cSC3ParadeEventManager::tParadeBlockDef *, __false_type)
000a17d4	_M_insert_aux__t6vector2ZQ222cSC3ParadeEventManager15tParadeBlockDefZt9allocator1ZQ222cSC3ParadeEventManager15tParadeBlockDefPQ222cSC3ParadeEventManager15tParadeBlockDef	vector<cSC3ParadeEventManager::tParadeBlockDef, allocator<cSC3ParadeEventManager::tParadeBlockDef> >::_M_insert_aux(cSC3ParadeEventManager::tParadeBlockDef *)
000a1b54	__Q222cSC3ParadeEventManager10tParadeDefRCQ222cSC3ParadeEventManager10tParadeDef	cSC3ParadeEventManager::tParadeDef::tParadeDef(cSC3ParadeEventManager::tParadeDef const &)
000a2314	__uninitialized_copy_aux__H2ZPQ222cSC3ParadeEventManager10tParadeDefZPQ222cSC3ParadeEventManager10tParadeDef_X01X01X11G12__false_type_X11	cSC3ParadeEventManager::tParadeDef * __uninitialized_copy_aux<cSC3ParadeEventManager::tParadeDef *, cSC3ParadeEventManager::tParadeDef *>(cSC3ParadeEventManager::tParadeDef *, cSC3ParadeEventManager::tParadeDef *, cSC3ParadeEventManager::tParadeDef *, __false_type)
000a23f4	_M_insert_aux__t6vector2ZQ222cSC3ParadeEventManager10tParadeDefZt9allocator1ZQ222cSC3ParadeEventManager10tParadeDefPQ222cSC3ParadeEventManager10tParadeDef	vector<cSC3ParadeEventManager::tParadeDef, allocator<cSC3ParadeEventManager::tParadeDef> >::_M_insert_aux(cSC3ParadeEventManager::tParadeDef *)
000a28d4	_M_insert_aux__t6vector2ZUiZt9allocator1ZUiPUiRCUi	vector<unsigned int, allocator<unsigned int> >::_M_insert_aux(unsigned int *, unsigned int const &)
000a2c04	__as__t6vector2ZUiZt9allocator1ZUiRCt6vector2ZUiZt9allocator1ZUi	vector<unsigned int, allocator<unsigned int> >::operator=(vector<unsigned int, allocator<unsigned int> > const &)
000a2f54	_M_erase__t8_Rb_tree5ZUiZt4pair2ZCUiZQ223cSC3ParadeEventInstance17tOccupiedTileInfoZt10_Select1st1Zt4pair2ZCUiZQ223cSC3ParadeEventInstance17tOccupiedTileInfoZt4less1ZUiZt9allocator1ZQ223cSC3ParadeEventInstance17tOccupiedTileInfoPt13_Rb_tree_node1Zt4pair2ZCUiZQ223cSC3ParadeEventInstance17tOccupiedTileInfo	_Rb_tree<unsigned int, pair<unsigned int const, cSC3ParadeEventInstance::tOccupiedTileInfo>, _Select1st<pair<unsigned int const, cSC3ParadeEventInstance::tOccupiedTileInfo> >, less<unsigned int>, allocator<cSC3ParadeEventInstance::tOccupiedTileInfo> >::_M_erase(_Rb_tree_node<pair<unsigned int const, cSC3ParadeEventInstance::tOccupiedTileInfo> > *)
000a2fd0	find__t8_Rb_tree5ZUiZt4pair2ZCUiZQ223cSC3ParadeEventInstance17tOccupiedTileInfoZt10_Select1st1Zt4pair2ZCUiZQ223cSC3ParadeEventInstance17tOccupiedTileInfoZt4less1ZUiZt9allocator1ZQ223cSC3ParadeEventInstance17tOccupiedTileInfoRCUi	_Rb_tree<unsigned int, pair<unsigned int const, cSC3ParadeEventInstance::tOccupiedTileInfo>, _Select1st<pair<unsigned int const, cSC3ParadeEventInstance::tOccupiedTileInfo> >, less<unsigned int>, allocator<cSC3ParadeEventInstance::tOccupiedTileInfo> >::find(unsigned int const &)
000a3034	_M_insert__t8_Rb_tree5ZUiZt4pair2ZCUiZQ223cSC3ParadeEventInstance17tOccupiedTileInfoZt10_Select1st1Zt4pair2ZCUiZQ223cSC3ParadeEventInstance17tOccupiedTileInfoZt4less1ZUiZt9allocator1ZQ223cSC3ParadeEventInstance17tOccupiedTileInfoP18_Rb_tree_node_baseT1RCt4pair2ZCUiZQ223cSC3ParadeEventInstance17tOccupiedTileInfo	_Rb_tree<unsigned int, pair<unsigned int const, cSC3ParadeEventInstance::tOccupiedTileInfo>, _Select1st<pair<unsigned int const, cSC3ParadeEventInstance::tOccupiedTileInfo> >, less<unsigned int>, allocator<cSC3ParadeEventInstance::tOccupiedTileInfo> >::_M_insert(_Rb_tree_node_base *, _Rb_tree_node_base *, pair<unsigned int const, cSC3ParadeEventInstance::tOccupiedTileInfo> const &)
000a3414	insert_unique__t8_Rb_tree5ZUiZt4pair2ZCUiZQ223cSC3ParadeEventInstance17tOccupiedTileInfoZt10_Select1st1Zt4pair2ZCUiZQ223cSC3ParadeEventInstance17tOccupiedTileInfoZt4less1ZUiZt9allocator1ZQ223cSC3ParadeEventInstance17tOccupiedTileInfoRCt4pair2ZCUiZQ223cSC3ParadeEventInstance17tOccupiedTileInfo	_Rb_tree<unsigned int, pair<unsigned int const, cSC3ParadeEventInstance::tOccupiedTileInfo>, _Select1st<pair<unsigned int const, cSC3ParadeEventInstance::tOccupiedTileInfo> >, less<unsigned int>, allocator<cSC3ParadeEventInstance::tOccupiedTileInfo> >::insert_unique(pair<unsigned int const, cSC3ParadeEventInstance::tOccupiedTileInfo> const &)
000a3504	insert_unique__t8_Rb_tree5ZUiZt4pair2ZCUiZQ223cSC3ParadeEventInstance17tOccupiedTileInfoZt10_Select1st1Zt4pair2ZCUiZQ223cSC3ParadeEventInstance17tOccupiedTileInfoZt4less1ZUiZt9allocator1ZQ223cSC3ParadeEventInstance17tOccupiedTileInfoGt17_Rb_tree_iterator3Zt4pair2ZCUiZQ223cSC3ParadeEventInstance17tOccupiedTileInfoZRt4pair2ZCUiZQ223cSC3ParadeEventInstance17tOccupiedTileInfoZPt4pair2ZCUiZQ223cSC3ParadeEventInstance17tOccupiedTileInfoRCt4pair2ZCUiZQ223cSC3ParadeEventInstance17tOccupiedTileInfo	_Rb_tree<unsigned int, pair<unsigned int const, cSC3ParadeEventInstance::tOccupiedTileInfo>, _Select1st<pair<unsigned int const, cSC3ParadeEventInstance::tOccupiedTileInfo> >, less<unsigned int>, allocator<cSC3ParadeEventInstance::tOccupiedTileInfo> >::insert_unique(_Rb_tree_iterator<pair<unsigned int const, cSC3ParadeEventInstance::tOccupiedTileInfo>, pair<unsigned int const, cSC3ParadeEventInstance::tOccupiedTileInfo> &, pair<unsigned int const, cSC3ParadeEventInstance::tOccupiedTileInfo> *>, pair<unsigned int const, cSC3ParadeEventInstance::tOccupiedTileInfo> const &)
000a3674	__thunk_4_QueryInterface__23cSC3ParadeEventInstanceUiPPv	virtual function thunk (delta:-4) for cSC3ParadeEventInstance::QueryInterface(unsigned int, void **)
000a3690	__thunk_4_AddRef__23cSC3ParadeEventInstance	virtual function thunk (delta:-4) for cSC3ParadeEventInstance::AddRef(void)
000a36ac	__thunk_4_Release__23cSC3ParadeEventInstance	virtual function thunk (delta:-4) for cSC3ParadeEventInstance::Release(void)
000a36c8	__thunk_4_ParadeEntersPathOnTile__23cSC3ParadeEventInstanceUiUi	virtual function thunk (delta:-4) for cSC3ParadeEventInstance::ParadeEntersPathOnTile(unsigned int, unsigned int)
000a36e4	__thunk_4_ParadeLeavesPathOnTile__23cSC3ParadeEventInstanceUiUi	virtual function thunk (delta:-4) for cSC3ParadeEventInstance::ParadeLeavesPathOnTile(unsigned int, unsigned int)
000a3700	__thunk_4_ParadeDisappeared__23cSC3ParadeEventInstance	virtual function thunk (delta:-4) for cSC3ParadeEventInstance::ParadeDisappeared(void)
000a371c	__thunk_4_AnimTick__23cSC3ParadeEventInstanceUi	virtual function thunk (delta:-4) for cSC3ParadeEventInstance::AnimTick(unsigned int)
000a3738	__thunk_4_GoodTileId__23cSC3ParadeEventInstanceUi	virtual function thunk (delta:-4) for cSC3ParadeEventInstance::GoodTileId(unsigned int)
000a3754	__thunk_20_QueryInterface__22cSC3ParadeEventManagerUiPPv	virtual function thunk (delta:-20) for cSC3ParadeEventManager::QueryInterface(unsigned int, void **)
000a3770	__thunk_20_AddRef__22cSC3ParadeEventManager	virtual function thunk (delta:-20) for cSC3ParadeEventManager::AddRef(void)
000a378c	__thunk_20_Release__22cSC3ParadeEventManager	virtual function thunk (delta:-20) for cSC3ParadeEventManager::Release(void)
000a37a8	__thunk_20_DoMessage__22cSC3ParadeEventManagerR10cGZMessage	virtual function thunk (delta:-20) for cSC3ParadeEventManager::DoMessage(cGZMessage &)
000a37c4	__thunk_16_QueryInterface__22cSC3ParadeEventManagerUiPPv	virtual function thunk (delta:-16) for cSC3ParadeEventManager::QueryInterface(unsigned int, void **)
000a37e0	__thunk_16_AddRef__22cSC3ParadeEventManager	virtual function thunk (delta:-16) for cSC3ParadeEventManager::AddRef(void)
000a37fc	__thunk_16_Release__22cSC3ParadeEventManager	virtual function thunk (delta:-16) for cSC3ParadeEventManager::Release(void)
000a3818	__thunk_16_GoodTileId__22cSC3ParadeEventManagerUi	virtual function thunk (delta:-16) for cSC3ParadeEventManager::GoodTileId(unsigned int)
000a3834	__thunk_16_IsAvailable__22cSC3ParadeEventManager	virtual function thunk (delta:-16) for cSC3ParadeEventManager::IsAvailable(void)
000a3850	__thunk_16_IsApproved__22cSC3ParadeEventManager	virtual function thunk (delta:-16) for cSC3ParadeEventManager::IsApproved(void)
000a386c	__thunk_16_Approve__22cSC3ParadeEventManager	virtual function thunk (delta:-16) for cSC3ParadeEventManager::Approve(void)
000a3888	__thunk_16_WeeklyTickFromAdvisor__22cSC3ParadeEventManager	virtual function thunk (delta:-16) for cSC3ParadeEventManager::WeeklyTickFromAdvisor(void)
000a38a4	__thunk_12_QueryInterface__22cSC3ParadeEventManagerUiPPv	virtual function thunk (delta:-12) for cSC3ParadeEventManager::QueryInterface(unsigned int, void **)
000a38c0	__thunk_12_AddRef__22cSC3ParadeEventManager	virtual function thunk (delta:-12) for cSC3ParadeEventManager::AddRef(void)
000a38dc	__thunk_12_Release__22cSC3ParadeEventManager	virtual function thunk (delta:-12) for cSC3ParadeEventManager::Release(void)
000a38f8	__thunk_12_Init__22cSC3ParadeEventManagerP18cISC3DisasterLayerP9cISC3City	virtual function thunk (delta:-12) for cSC3ParadeEventManager::Init(cISC3DisasterLayer *, cISC3City *)
000a3914	__thunk_12_Shutdown__22cSC3ParadeEventManager	virtual function thunk (delta:-12) for cSC3ParadeEventManager::Shutdown(void)
000a3930	__thunk_12_Init__22cSC3ParadeEventManagerP9cISC3CityP13cIGZDBSegment	virtual function thunk (delta:-12) for cSC3ParadeEventManager::Init(cISC3City *, cIGZDBSegment *)
000a394c	__thunk_12_Save__22cSC3ParadeEventManagerP9cISC3CityP13cIGZDBSegment	virtual function thunk (delta:-12) for cSC3ParadeEventManager::Save(cISC3City *, cIGZDBSegment *)
000a3968	__thunk_12_StaticInit__22cSC3ParadeEventManager	virtual function thunk (delta:-12) for cSC3ParadeEventManager::StaticInit(void)
000a3984	__thunk_12_StaticShutdown__22cSC3ParadeEventManager	virtual function thunk (delta:-12) for cSC3ParadeEventManager::StaticShutdown(void)
000a39a0	__thunk_12_StopInstance__22cSC3ParadeEventManagerP21cISC3DisasterInstance	virtual function thunk (delta:-12) for cSC3ParadeEventManager::StopInstance(cISC3DisasterInstance *)
000a39bc	__thunk_12_AttemptDisasterStart__22cSC3ParadeEventManager	virtual function thunk (delta:-12) for cSC3ParadeEventManager::AttemptDisasterStart(void)
000a39d8	__thunk_12_Tick__22cSC3ParadeEventManager	virtual function thunk (delta:-12) for cSC3ParadeEventManager::Tick(void)
000a3a04	_._Q222cSC3ParadeEventManager10tParadeDef	cSC3ParadeEventManager::tParadeDef::~tParadeDef(void)
000a3b5c	__Q222cSC3ParadeEventManager10tParadeDef	cSC3ParadeEventManager::tParadeDef::tParadeDef(void)
000a3bc4	_._t3map4ZUiZQ223cSC3ParadeEventInstance17tOccupiedTileInfoZt4less1ZUiZt9allocator1ZQ223cSC3ParadeEventInstance17tOccupiedTileInfo	map<unsigned int, cSC3ParadeEventInstance::tOccupiedTileInfo, less<unsigned int>, allocator<cSC3ParadeEventInstance::tOccupiedTileInfo> >::~map(void)
000a3c70	lower_bound__t8_Rb_tree5ZUiZt4pair2ZCUiZQ223cSC3ParadeEventInstance17tOccupiedTileInfoZt10_Select1st1Zt4pair2ZCUiZQ223cSC3ParadeEventInstance17tOccupiedTileInfoZt4less1ZUiZt9allocator1ZQ223cSC3ParadeEventInstance17tOccupiedTileInfoRCUi	_Rb_tree<unsigned int, pair<unsigned int const, cSC3ParadeEventInstance::tOccupiedTileInfo>, _Select1st<pair<unsigned int const, cSC3ParadeEventInstance::tOccupiedTileInfo> >, less<unsigned int>, allocator<cSC3ParadeEventInstance::tOccupiedTileInfo> >::lower_bound(unsigned int const &)
000a3ca8	GetDirectorID__C15cSDICOMDirector	cSDICOMDirector::GetDirectorID(void) const
000a3cb8	_._15cSDICOMDirector	cSDICOMDirector::~cSDICOMDirector(void)
000a3d04	CreatecSC3DisasterLayer__15cSDICOMDirector	cSDICOMDirector::CreatecSC3DisasterLayer(void)
000a3d84	CreateSC3FireDisasterManager__15cSDICOMDirector	cSDICOMDirector::CreateSC3FireDisasterManager(void)
000a3e04	CreateSC3TornadoDisasterManager__15cSDICOMDirector	cSDICOMDirector::CreateSC3TornadoDisasterManager(void)
000a3e84	CreateSC3EarthquakeDisasterManager__15cSDICOMDirector	cSDICOMDirector::CreateSC3EarthquakeDisasterManager(void)
000a3f04	CreateSC3RiotDisasterManager__15cSDICOMDirector	cSDICOMDirector::CreateSC3RiotDisasterManager(void)
000a3f84	CreateSC3UFODisasterManager__15cSDICOMDirector	cSDICOMDirector::CreateSC3UFODisasterManager(void)
000a4004	CreateSC3ParadeEventManager__15cSDICOMDirector	cSDICOMDirector::CreateSC3ParadeEventManager(void)
000a4084	CreateSC3ToxicCloudDisasterManager__15cSDICOMDirector	cSDICOMDirector::CreateSC3ToxicCloudDisasterManager(void)
000a4104	CreateSC3WhirlpoolDisasterManager__15cSDICOMDirector	cSDICOMDirector::CreateSC3WhirlpoolDisasterManager(void)
000a4184	CreateSC3LocustsDisasterManager__15cSDICOMDirector	cSDICOMDirector::CreateSC3LocustsDisasterManager(void)
000a4204	CreateSC3SpaceDebrisDisasterManager__15cSDICOMDirector	cSDICOMDirector::CreateSC3SpaceDebrisDisasterManager(void)
000a4284	CreateSC3SmiteDisasterManager__15cSDICOMDirector	cSDICOMDirector::CreateSC3SmiteDisasterManager(void)
000a4304	_M_erase__t8_Rb_tree5Zt4pair2ZCUiZUiZt4pair2ZCt4pair2ZCUiZUiZPFv_P11cIGZUnknownZt10_Select1st1Zt4pair2ZCt4pair2ZCUiZUiZPFv_P11cIGZUnknownZt4less1Zt4pair2ZCUiZUiZt9allocator1ZPFv_P11cIGZUnknownPt13_Rb_tree_node1Zt4pair2ZCt4pair2ZCUiZUiZPFv_P11cIGZUnknown	_Rb_tree<pair<unsigned int const, unsigned int>, pair<pair<unsigned int const, unsigned int> const, cIGZUnknown *(*)(void)>, _Select1st<pair<pair<unsigned int const, unsigned int> const, cIGZUnknown *(*)(void)> >, less<pair<unsigned int const, unsigned int> >, allocator<cIGZUnknown *(*)(void)> >::_M_erase(_Rb_tree_node<pair<pair<unsigned int const, unsigned int> const, cIGZUnknown *(*)(void)> > *)
000a4384	_M_insert_aux__t6vector2ZP17cRZCOMDllDirectorZt9allocator1ZP17cRZCOMDllDirectorPP17cRZCOMDllDirectorRCP17cRZCOMDllDirector	vector<cRZCOMDllDirector *, allocator<cRZCOMDllDirector *> >::_M_insert_aux(cRZCOMDllDirector **, cRZCOMDllDirector *const &)
000a46b4	_M_insert__t8_Rb_tree5Zt4pair2ZCUiZUiZt4pair2ZCt4pair2ZCUiZUiZPFv_P11cIGZUnknownZt10_Select1st1Zt4pair2ZCt4pair2ZCUiZUiZPFv_P11cIGZUnknownZt4less1Zt4pair2ZCUiZUiZt9allocator1ZPFv_P11cIGZUnknownP18_Rb_tree_node_baseT1RCt4pair2ZCt4pair2ZCUiZUiZPFv_P11cIGZUnknown	_Rb_tree<pair<unsigned int const, unsigned int>, pair<pair<unsigned int const, unsigned int> const, cIGZUnknown *(*)(void)>, _Select1st<pair<pair<unsigned int const, unsigned int> const, cIGZUnknown *(*)(void)> >, less<pair<unsigned int const, unsigned int> >, allocator<cIGZUnknown *(*)(void)> >::_M_insert(_Rb_tree_node_base *, _Rb_tree_node_base *, pair<pair<unsigned int const, unsigned int> const, cIGZUnknown *(*)(void)> const &)
000a4ad4	insert_unique__t8_Rb_tree5Zt4pair2ZCUiZUiZt4pair2ZCt4pair2ZCUiZUiZPFv_P11cIGZUnknownZt10_Select1st1Zt4pair2ZCt4pair2ZCUiZUiZPFv_P11cIGZUnknownZt4less1Zt4pair2ZCUiZUiZt9allocator1ZPFv_P11cIGZUnknownRCt4pair2ZCt4pair2ZCUiZUiZPFv_P11cIGZUnknown	_Rb_tree<pair<unsigned int const, unsigned int>, pair<pair<unsigned int const, unsigned int> const, cIGZUnknown *(*)(void)>, _Select1st<pair<pair<unsigned int const, unsigned int> const, cIGZUnknown *(*)(void)> >, less<pair<unsigned int const, unsigned int> >, allocator<cIGZUnknown *(*)(void)> >::insert_unique(pair<pair<unsigned int const, unsigned int> const, cIGZUnknown *(*)(void)> const &)
000a4c2c	__thunk_4_QueryInterface__17cRZCOMDllDirectorUiPPv	virtual function thunk (delta:-4) for cRZCOMDllDirector::QueryInterface(unsigned int, void **)
000a4c48	__thunk_4_AddRef__17cRZCOMDllDirector	virtual function thunk (delta:-4) for cRZCOMDllDirector::AddRef(void)
000a4c64	__thunk_4_Release__17cRZCOMDllDirector	virtual function thunk (delta:-4) for cRZCOMDllDirector::Release(void)
000a4c80	__thunk_4_PreFrameWorkInit__17cRZCOMDllDirector	virtual function thunk (delta:-4) for cRZCOMDllDirector::PreFrameWorkInit(void)
000a4c9c	__thunk_4_PreAppInit__17cRZCOMDllDirector	virtual function thunk (delta:-4) for cRZCOMDllDirector::PreAppInit(void)
000a4cb8	__thunk_4_PostAppInit__17cRZCOMDllDirector	virtual function thunk (delta:-4) for cRZCOMDllDirector::PostAppInit(void)
000a4cd4	__thunk_4_PreAppShutdown__17cRZCOMDllDirector	virtual function thunk (delta:-4) for cRZCOMDllDirector::PreAppShutdown(void)
000a4cf0	__thunk_4_PostAppShutdown__17cRZCOMDllDirector	virtual function thunk (delta:-4) for cRZCOMDllDirector::PostAppShutdown(void)
000a4d0c	__thunk_4_PostSystemServiceShutdown__17cRZCOMDllDirector	virtual function thunk (delta:-4) for cRZCOMDllDirector::PostSystemServiceShutdown(void)
000a4d28	__thunk_4_AbortiveQuit__17cRZCOMDllDirector	virtual function thunk (delta:-4) for cRZCOMDllDirector::AbortiveQuit(void)
000a4d44	__thunk_4_OnInstall__17cRZCOMDllDirector	virtual function thunk (delta:-4) for cRZCOMDllDirector::OnInstall(void)
000a4d64	_._t3map4Zt4pair2ZCUiZUiZPFv_P11cIGZUnknownZt4less1Zt4pair2ZCUiZUiZt9allocator1ZPFv_P11cIGZUnknown	map<pair<unsigned int const, unsigned int>, cIGZUnknown *(*)(void), less<pair<unsigned int const, unsigned int> >, allocator<cIGZUnknown *(*)(void)> >::~map(void)
000a4e10	_._11logic_error	logic_error::~logic_error(void)
000a4ec0	__11logic_errorRC11logic_error	logic_error::logic_error(logic_error const &)
000a4f1c	__tf11logic_error	logic_error type_info function
000a4f54	_._12domain_error	domain_error::~domain_error(void)
000a4f70	__tf12domain_error	domain_error type_info function
000a4fc8	_._16invalid_argument	invalid_argument::~invalid_argument(void)
000a4fe4	__tf16invalid_argument	invalid_argument type_info function
000a503c	_._12length_error	length_error::~length_error(void)
000a5058	__tf12length_error	length_error type_info function
000a50b0	_._12out_of_range	out_of_range::~out_of_range(void)
000a50cc	__tf12out_of_range	out_of_range type_info function
000a5130	_._13runtime_error	runtime_error::~runtime_error(void)
000a51d4	__tf13runtime_error	runtime_error type_info function
000a520c	_._11range_error	range_error::~range_error(void)
000a5228	__tf11range_error	range_error type_info function
000a5280	_._14overflow_error	overflow_error::~overflow_error(void)
000a529c	__tf14overflow_error	overflow_error type_info function
000a52f4	_._15underflow_error	underflow_error::~underflow_error(void)
000a5310	__tf15underflow_error	underflow_error type_info function
000a5368	__thunk_4__._22_IO_ostream_withassign	virtual function thunk (delta:-4) for _IO_ostream_withassign::~_IO_ostream_withassign(void)
000a5374	__thunk_8__._22_IO_istream_withassign	virtual function thunk (delta:-8) for _IO_istream_withassign::~_IO_istream_withassign(void)
000a5380	__thunk_12__._8iostream	virtual function thunk (delta:-12) for iostream::~iostream(void)
000a538c	__thunk_8__._7istream	virtual function thunk (delta:-8) for istream::~istream(void)
000a5398	__thunk_4__._7ostream	virtual function thunk (delta:-4) for ostream::~ostream(void)
000a53a4	_._8iostream	iostream::~iostream(void)
000a5408	_._7ostream	ostream::~ostream(void)
000a545c	__tf7ostream	ostream type_info function
000a5494	_._7istream	istream::~istream(void)
000a54e8	__tf7istream	istream type_info function
000a5520	__tf8iostream	iostream type_info function
000a559c	_._22_IO_istream_withassign	_IO_istream_withassign::~_IO_istream_withassign(void)
000a55f8	__tf22_IO_istream_withassign	_IO_istream_withassign type_info function
000a5650	_._22_IO_ostream_withassign	_IO_ostream_withassign::~_IO_ostream_withassign(void)
000a56ac	__tf22_IO_ostream_withassign	_IO_ostream_withassign type_info function
000a5704	__tf3ios	ios type_info function
000a573c	__tf9streambuf	streambuf type_info function
000a5774	__tf7filebuf	filebuf type_info function
000a57cc	__tf11_ios_fields	_ios_fields type_info function
000a57f8	__tf8_IO_FILE	_IO_FILE type_info function
000a5828	__tf9exception	exception type_info function
000a5868	__tf13bad_exception	bad_exception type_info function
000a58d4	__tf9type_info	type_info type_info function
000a5914	__tf8bad_cast	bad_cast type_info function
000a5960	__tf10bad_typeid	bad_typeid type_info function
000a59ac	_._16__user_type_info	__user_type_info::~__user_type_info(void)
000a59dc	__tf16__user_type_info	__user_type_info type_info function
000a5a48	_._14__si_type_info	__si_type_info::~__si_type_info(void)
000a5a78	__tf14__si_type_info	__si_type_info type_info function
000a5b14	_._17__class_type_info	__class_type_info::~__class_type_info(void)
000a5b44	__tf17__class_type_info	__class_type_info type_info function
000a5be0	_._19__pointer_type_info	__pointer_type_info::~__pointer_type_info(void)
000a5c10	__tf19__pointer_type_info	__pointer_type_info type_info function
000a5c5c	_._16__attr_type_info	__attr_type_info::~__attr_type_info(void)
000a5c8c	__tf16__attr_type_info	__attr_type_info type_info function
000a5cd8	_._19__builtin_type_info	__builtin_type_info::~__builtin_type_info(void)
000a5d08	__tf19__builtin_type_info	__builtin_type_info type_info function
000a5d54	_._16__func_type_info	__func_type_info::~__func_type_info(void)
000a5d84	__tf16__func_type_info	__func_type_info type_info function
000a5dd0	_._16__ptmf_type_info	__ptmf_type_info::~__ptmf_type_info(void)
000a5e00	__tf16__ptmf_type_info	__ptmf_type_info type_info function
000a5e4c	_._16__ptmd_type_info	__ptmd_type_info::~__ptmd_type_info(void)
000a5e7c	__tf16__ptmd_type_info	__ptmd_type_info type_info function
000a5ec8	_._17__array_type_info	__array_type_info::~__array_type_info(void)
000a5ef8	__tf17__array_type_info	__array_type_info type_info function
000a5f44	_._9bad_alloc	bad_alloc::~bad_alloc(void)
000a5f7c	__tf9bad_alloc	bad_alloc type_info function
000a5fc4	_fini	_fini
