addr	mangled	demangled
0002487c	_init	_init
000263a4	Init__12cSC2ImporterRC10cIGZString	cSC2Importer::Init(cIGZString const &)
00026984	GetValue__12cSC2ImporterQ213cISC2Importer6tMapIDUiUiRUc	cSC2Importer::GetValue(cISC2Importer::tMapID, unsigned int, unsigned int, unsigned char &)
00026d80	GetMapSize__12cSC2ImporterQ213cISC2Importer6tMapID	cSC2Importer::GetMapSize(cISC2Importer::tMapID)
00026ea4	GetGraphValue__12cSC2ImporterQ213cISC2Importer14tGraphCategoryUcUcRUi	cSC2Importer::GetGraphValue(cISC2Importer::tGraphCategory, unsigned char, unsigned char, unsigned int &)
00026f70	blowChunks__12cSC2ImporterR7cRZFile	cSC2Importer::blowChunks(cRZFile &)
0002776c	getSC2DataSize__12cSC2ImporterR7cRZFileRUi	cSC2Importer::getSC2DataSize(cRZFile &, unsigned int &)
00027848	GetBaseMapSize__12cSC2ImporterRUiN21	cSC2Importer::GetBaseMapSize(unsigned int &, unsigned int &, unsigned int &)
0002786c	MapIsPresent__12cSC2ImporterUi	cSC2Importer::MapIsPresent(unsigned int)
00027888	GetMiscValue__12cSC2ImporterUiRi	cSC2Importer::GetMiscValue(unsigned int, int &)
000278e4	GetZoneValue__12cSC2ImporterUiUiRUc	cSC2Importer::GetZoneValue(unsigned int, unsigned int, unsigned char &)
00027948	GetFaceValue__12cSC2ImporterUiUiRUc	cSC2Importer::GetFaceValue(unsigned int, unsigned int, unsigned char &)
00027a10	GetAltValue__12cSC2ImporterUiUiRUs	cSC2Importer::GetAltValue(unsigned int, unsigned int, unsigned short &)
00027a74	GetTerrainAlt__12cSC2ImporterUiUiRUc	cSC2Importer::GetTerrainAlt(unsigned int, unsigned int, unsigned char &)
00027ad8	GetWaterAlt__12cSC2ImporterUiUiRUc	cSC2Importer::GetWaterAlt(unsigned int, unsigned int, unsigned char &)
00027b44	GetTunnelDepth__12cSC2ImporterUiUiRUc	cSC2Importer::GetTunnelDepth(unsigned int, unsigned int, unsigned char &)
00027bb4	GetCityName__12cSC2ImporterPUc	cSC2Importer::GetCityName(unsigned char *)
00027c54	GetLabel__12cSC2ImporterUiPUc	cSC2Importer::GetLabel(unsigned int, unsigned char *)
00027ca0	GetMicroRecord__12cSC2ImporterUiRQ213cISC2Importer9tMicroRec	cSC2Importer::GetMicroRecord(unsigned int, cISC2Importer::tMicroRec &)
00027d00	GetThingRecord__12cSC2ImporterUiRQ213cISC2Importer9tThingRec	cSC2Importer::GetThingRecord(unsigned int, cISC2Importer::tThingRec &)
00027d70	compGameRead__12cSC2ImporterR7cRZFileUiPUcUi	cSC2Importer::compGameRead(cRZFile &, unsigned int, unsigned char *, unsigned int)
00027e60	convertTagToNumber__12cSC2ImporterPCc	cSC2Importer::convertTagToNumber(char const *)
00027ea8	__12cSC2Importer	cSC2Importer::cSC2Importer(void)
00027eec	_._12cSC2Importer	cSC2Importer::~cSC2Importer(void)
00027f24	QueryInterface__12cSC2ImporterUiPPv	cSC2Importer::QueryInterface(unsigned int, void **)
00027f80	AddRef__12cSC2Importer	cSC2Importer::AddRef(void)
00027fbc	Release__12cSC2Importer	cSC2Importer::Release(void)
00028024	AddISARelationBetweenAgentTypes__17cSC3AgentTypeTreeUiUi	cSC3AgentTypeTree::AddISARelationBetweenAgentTypes(unsigned int, unsigned int)
000280e0	CreateAgentTypeCallback__17cSC3AgentTypeTreeRC10cIGZStringT1Pv	cSC3AgentTypeTree::CreateAgentTypeCallback(cIGZString const &, cIGZString const &, void *)
00028c38	__17cSC3AgentTypeTree	cSC3AgentTypeTree::cSC3AgentTypeTree(void)
00028ee0	DebugDumpTree__17cSC3AgentTypeTreeP18cISC3CityAgentType	cSC3AgentTypeTree::DebugDumpTree(cISC3CityAgentType *)
00029164	Init__17cSC3AgentTypeTree	cSC3AgentTypeTree::Init(void)
000293e0	IsAncestor__17cSC3AgentTypeTreeUiUiRUi	cSC3AgentTypeTree::IsAncestor(unsigned int, unsigned int, unsigned int &)
000297f0	Shutdown__17cSC3AgentTypeTree	cSC3AgentTypeTree::Shutdown(void)
000298dc	Next__25cSC3AgentTypeTreeIterator	cSC3AgentTypeTreeIterator::Next(void)
00029948	AddAgentTypeObject__17cSC3AgentTypeTreeP18cISC3CityAgentType	cSC3AgentTypeTree::AddAgentTypeObject(cISC3CityAgentType *)
000299c4	AddRef__17cSC3AgentTypeTree	cSC3AgentTypeTree::AddRef(void)
00029a00	CreateAgentRelationCallback__17cSC3AgentTypeTreeRC10cIGZStringT1Pv	cSC3AgentTypeTree::CreateAgentRelationCallback(cIGZString const &, cIGZString const &, void *)
00029a68	CreateNodeIterator__17cSC3AgentTypeTreePP26cISC3AgentTypeTreeIterator	cSC3AgentTypeTree::CreateNodeIterator(cISC3AgentTypeTreeIterator **)
00029b14	_._17cSC3AgentTypeTree	cSC3AgentTypeTree::~cSC3AgentTypeTree(void)
00029b80	GetNode__17cSC3AgentTypeTreeUi	cSC3AgentTypeTree::GetNode(unsigned int)
00029bcc	GetRootNode__17cSC3AgentTypeTree	cSC3AgentTypeTree::GetRootNode(void)
00029be0	IsAncestor__17cSC3AgentTypeTreeUiUi	cSC3AgentTypeTree::IsAncestor(unsigned int, unsigned int)
00029c20	QueryInterface__17cSC3AgentTypeTreeUiPPv	cSC3AgentTypeTree::QueryInterface(unsigned int, void **)
00029c80	Release__17cSC3AgentTypeTree	cSC3AgentTypeTree::Release(void)
00029d14	ValidateTree__17cSC3AgentTypeTree	cSC3AgentTypeTree::ValidateTree(void)
00029d1c	Count__17cSC3AgentTypeTree	cSC3AgentTypeTree::Count(void)
00029d3c	QueryInterface__25cSC3AgentTypeTreeIteratorUiPPv	cSC3AgentTypeTreeIterator::QueryInterface(unsigned int, void **)
00029d80	AddRef__25cSC3AgentTypeTreeIterator	cSC3AgentTypeTreeIterator::AddRef(void)
00029dbc	Release__25cSC3AgentTypeTreeIterator	cSC3AgentTypeTreeIterator::Release(void)
00029e14	__25cSC3AgentTypeTreeIteratorP17cSC3AgentTypeTree	cSC3AgentTypeTreeIterator::cSC3AgentTypeTreeIterator(cSC3AgentTypeTree *)
00029e64	Rewind__25cSC3AgentTypeTreeIterator	cSC3AgentTypeTreeIterator::Rewind(void)
00029e94	Init__18cSC3CityDefinition	cSC3CityDefinition::Init(void)
00029f74	GetFileType__18cSC3CityDefinitionRC10cIGZString	cSC3CityDefinition::GetFileType(cIGZString const &)
0002a058	ValidateSC2File__18cSC3CityDefinitionRC10cIGZString	cSC3CityDefinition::ValidateSC2File(cIGZString const &)
0002a260	ValidateSC3File__18cSC3CityDefinitionRC10cIGZString	cSC3CityDefinition::ValidateSC3File(cIGZString const &)
0002a524	ValidateSNRFile__18cSC3CityDefinitionRC10cIGZString	cSC3CityDefinition::ValidateSNRFile(cIGZString const &)
0002a984	ValidateSCTFile__18cSC3CityDefinitionRC10cIGZString	cSC3CityDefinition::ValidateSCTFile(cIGZString const &)
0002aeec	ValidateST3File__18cSC3CityDefinitionRC10cIGZString	cSC3CityDefinition::ValidateST3File(cIGZString const &)
0002b488	GetAgentTypeTree__18cSC3CityDefinition	cSC3CityDefinition::GetAgentTypeTree(void)
0002b498	GetOccupantAttribCache__18cSC3CityDefinition	cSC3CityDefinition::GetOccupantAttribCache(void)
0002b4ac	__18cSC3CityDefinition	cSC3CityDefinition::cSC3CityDefinition(void)
0002b504	_._18cSC3CityDefinition	cSC3CityDefinition::~cSC3CityDefinition(void)
0002b554	Shutdown__18cSC3CityDefinition	cSC3CityDefinition::Shutdown(void)
0002b604	RegisterLayer__18cSC3CityDefinitionUiUiUi	cSC3CityDefinition::RegisterLayer(unsigned int, unsigned int, unsigned int)
0002b614	QueryInterface__18cSC3CityDefinitionUiPPv	cSC3CityDefinition::QueryInterface(unsigned int, void **)
0002b674	AddRef__18cSC3CityDefinition	cSC3CityDefinition::AddRef(void)
0002b6b0	Release__18cSC3CityDefinition	cSC3CityDefinition::Release(void)
0002b710	ValidateSCXFile__18cSC3CityDefinitionRC10cIGZString	cSC3CityDefinition::ValidateSCXFile(cIGZString const &)
0002b7f4	AddBuildingSetInfo__17cSC3CitySchemeMgrRC9cRZStringT1Pv	cSC3CitySchemeMgr::AddBuildingSetInfo(cRZString const &, cRZString const &, void *)
0002c834	AddFloraSetInfo__17cSC3CitySchemeMgrRC9cRZStringT1Pv	cSC3CitySchemeMgr::AddFloraSetInfo(cRZString const &, cRZString const &, void *)
0002d874	AddLandScapeInfo__17cSC3CitySchemeMgrRC9cRZStringT1Pv	cSC3CitySchemeMgr::AddLandScapeInfo(cRZString const &, cRZString const &, void *)
0002ecd4	AddReplaceableBuildingKey__17cSC3CitySchemeMgrRC9cRZStringT1Pv	cSC3CitySchemeMgr::AddReplaceableBuildingKey(cRZString const &, cRZString const &, void *)
0002f474	ClearReplacementSet__17cSC3CitySchemeMgr	cSC3CitySchemeMgr::ClearReplacementSet(void)
0002f554	CreateBATBuildingResources__17cSC3CitySchemeMgr	cSC3CitySchemeMgr::CreateBATBuildingResources(void)
0002f630	__17cSC3CitySchemeMgr	cSC3CitySchemeMgr::cSC3CitySchemeMgr(void)
000300c4	_._17cSC3CitySchemeMgr	cSC3CitySchemeMgr::~cSC3CitySchemeMgr(void)
000305c0	ImportReplacementSet__17cSC3CitySchemeMgrR10cIGZString	cSC3CitySchemeMgr::ImportReplacementSet(cIGZString &)
000306a0	Init__17cSC3CitySchemeMgr	cSC3CitySchemeMgr::Init(void)
000309c0	LoadBATReplacementSet__17cSC3CitySchemeMgrP13cIGZDBSegmentb	cSC3CitySchemeMgr::LoadBATReplacementSet(cIGZDBSegment *, bool)
00030b8c	LoadBATSegment__17cSC3CitySchemeMgr	cSC3CitySchemeMgr::LoadBATSegment(void)
00031030	MakeBATReplacement__17cSC3CitySchemeMgrRC14cGZResourceKeyP22cISC3OccAttribOverRide	cSC3CitySchemeMgr::MakeBATReplacement(cGZResourceKey const &, cISC3OccAttribOverRide *)
000315dc	ReadInfoAboutCitySchemes__17cSC3CitySchemeMgr	cSC3CitySchemeMgr::ReadInfoAboutCitySchemes(void)
00032344	ReadRewardBuildingList__17cSC3CitySchemeMgr	cSC3CitySchemeMgr::ReadRewardBuildingList(void)
000328a4	RegisterDirectoryContents__17cSC3CitySchemeMgrRC9cRZStringRP19cIGZResourceKeyListUiRt6vector2ZQ217cSC3CitySchemeMgr12tSegmentInfoZt9allocator1ZQ217cSC3CitySchemeMgr12tSegmentInfo	cSC3CitySchemeMgr::RegisterDirectoryContents(cRZString const &, cIGZResourceKeyList *&, unsigned int, vector<cSC3CitySchemeMgr::tSegmentInfo, allocator<cSC3CitySchemeMgr::tSegmentInfo> > &)
00033508	ClearBATReplacement__17cSC3CitySchemeMgrRC14cGZResourceKey	cSC3CitySchemeMgr::ClearBATReplacement(cGZResourceKey const &)
00033968	SaveBATReplacementSet__17cSC3CitySchemeMgrP13cIGZDBSegment	cSC3CitySchemeMgr::SaveBATReplacementSet(cIGZDBSegment *)
00033b40	SetBuildingSet__17cSC3CitySchemeMgrUiRP19cIGZResourceKeyList	cSC3CitySchemeMgr::SetBuildingSet(unsigned int, cIGZResourceKeyList *&)
00034354	SetCityScheme__17cSC3CitySchemeMgrUiUiUib	cSC3CitySchemeMgr::SetCityScheme(unsigned int, unsigned int, unsigned int, bool)
00034990	SetFloraSet__17cSC3CitySchemeMgrUiRP19cIGZResourceKeyList	cSC3CitySchemeMgr::SetFloraSet(unsigned int, cIGZResourceKeyList *&)
00034f80	UnloadBATSegment__17cSC3CitySchemeMgr	cSC3CitySchemeMgr::UnloadBATSegment(void)
00035080	UnloadBuildingSet__17cSC3CitySchemeMgrRP19cIGZResourceKeyList	cSC3CitySchemeMgr::UnloadBuildingSet(cIGZResourceKeyList *&)
00035198	UnloadFloraSet__17cSC3CitySchemeMgrRP19cIGZResourceKeyList	cSC3CitySchemeMgr::UnloadFloraSet(cIGZResourceKeyList *&)
000352b4	UpdateBATSegment__17cSC3CitySchemeMgrUiPP10cIGZStringUiP14cGZResourceKey	cSC3CitySchemeMgr::UpdateBATSegment(unsigned int, cIGZString **, unsigned int, cGZResourceKey *)
00035bc4	UpdateDevelopers__17cSC3CitySchemeMgr	cSC3CitySchemeMgr::UpdateDevelopers(void)
00035cd4	UpdateOccupantAttribs__17cSC3CitySchemeMgrP19cIGZResourceKeyList	cSC3CitySchemeMgr::UpdateOccupantAttribs(cIGZResourceKeyList *)
00036178	AddRef__17cSC3CitySchemeMgr	cSC3CitySchemeMgr::AddRef(void)
00036194	AddToRewardBuildingList__17cSC3CitySchemeMgrRC9cRZStringT1Pv	cSC3CitySchemeMgr::AddToRewardBuildingList(cRZString const &, cRZString const &, void *)
00036204	CollectBATBuildingKeys__17cSC3CitySchemeMgrRC14cGZResourceKeyPv	cSC3CitySchemeMgr::CollectBATBuildingKeys(cGZResourceKey const &, void *)
00036260	CreateSeg__17cSC3CitySchemeMgrUiRC10cIGZStringPP13cIGZDBSegment	cSC3CitySchemeMgr::CreateSeg(unsigned int, cIGZString const &, cIGZDBSegment **)
000362e0	DetermineDefaultScheme__17cSC3CitySchemeMgr	cSC3CitySchemeMgr::DetermineDefaultScheme(void)
00036300	GetBATBuildingKeys__17cSC3CitySchemeMgrP14cGZResourceKeyUiRUi	cSC3CitySchemeMgr::GetBATBuildingKeys(cGZResourceKey *, unsigned int, unsigned int &)
00036374	GetBATBuildings__17cSC3CitySchemeMgr	cSC3CitySchemeMgr::GetBATBuildings(void)
000363b0	GetBATBuildings__17cSC3CitySchemeMgrR31cISC3OccAttribOverRideContainerUi	cSC3CitySchemeMgr::GetBATBuildings(cISC3OccAttribOverRideContainer &, unsigned int)
00036460	GetBuildingSetIconKey__17cSC3CitySchemeMgrUiR14cGZResourceKey	cSC3CitySchemeMgr::GetBuildingSetIconKey(unsigned int, cGZResourceKey &)
000364b0	GetBuildingSetIds__17cSC3CitySchemeMgrPUiUiRUi	cSC3CitySchemeMgr::GetBuildingSetIds(unsigned int *, unsigned int, unsigned int &)
000364f8	GetBuildingSetInfo__17cSC3CitySchemeMgrUi	cSC3CitySchemeMgr::GetBuildingSetInfo(unsigned int)
00036528	GetCurrentBuildingSet__C17cSC3CitySchemeMgrRUi	cSC3CitySchemeMgr::GetCurrentBuildingSet(unsigned int &) const
00036548	GetCurrentFloraSet__C17cSC3CitySchemeMgrRUi	cSC3CitySchemeMgr::GetCurrentFloraSet(unsigned int &) const
00036568	GetCurrentLandScape__C17cSC3CitySchemeMgrRUi	cSC3CitySchemeMgr::GetCurrentLandScape(unsigned int &) const
00036580	GetDataMapsTerrainPaletteForCurrentLandScape__17cSC3CitySchemeMgrRUi	cSC3CitySchemeMgr::GetDataMapsTerrainPaletteForCurrentLandScape(unsigned int &)
000365c0	GetDefaultBuildingSet__C17cSC3CitySchemeMgr	cSC3CitySchemeMgr::GetDefaultBuildingSet(void) const
000365d0	GetDefaultFloraSet__C17cSC3CitySchemeMgr	cSC3CitySchemeMgr::GetDefaultFloraSet(void) const
000365e0	GetDefaultLandScape__C17cSC3CitySchemeMgr	cSC3CitySchemeMgr::GetDefaultLandScape(void) const
000365f4	GetFloraSetIconKey__17cSC3CitySchemeMgrUiR14cGZResourceKey	cSC3CitySchemeMgr::GetFloraSetIconKey(unsigned int, cGZResourceKey &)
00036644	GetFloraSetIds__17cSC3CitySchemeMgrPUiUiRUi	cSC3CitySchemeMgr::GetFloraSetIds(unsigned int *, unsigned int, unsigned int &)
00036688	GetFloraSetInfo__17cSC3CitySchemeMgrUi	cSC3CitySchemeMgr::GetFloraSetInfo(unsigned int)
000366bc	GetKeyListAs__17cSC3CitySchemeMgrP13cIGZDBSegmentUiPPv	cSC3CitySchemeMgr::GetKeyListAs(cIGZDBSegment *, unsigned int, void **)
00036760	GetLandScapeIconKey__17cSC3CitySchemeMgrUiR14cGZResourceKey	cSC3CitySchemeMgr::GetLandScapeIconKey(unsigned int, cGZResourceKey &)
000367b0	GetLandScapeIds__17cSC3CitySchemeMgrPUiUiRUi	cSC3CitySchemeMgr::GetLandScapeIds(unsigned int *, unsigned int, unsigned int &)
000367f8	GetLandScapeInfo__17cSC3CitySchemeMgrUi	cSC3CitySchemeMgr::GetLandScapeInfo(unsigned int)
00036828	GetLandScapePalette__17cSC3CitySchemeMgrUiRUiT2	cSC3CitySchemeMgr::GetLandScapePalette(unsigned int, unsigned int &, unsigned int &)
00036878	GetNavViewTerrainPaletteForCurrentLandScape__17cSC3CitySchemeMgrRUi	cSC3CitySchemeMgr::GetNavViewTerrainPaletteForCurrentLandScape(unsigned int &)
000368c0	GetNumBATBuildings__17cSC3CitySchemeMgr	cSC3CitySchemeMgr::GetNumBATBuildings(void)
000368e4	GetNumBuildingSets__C17cSC3CitySchemeMgr	cSC3CitySchemeMgr::GetNumBuildingSets(void) const
000368fc	GetNumFloraSets__C17cSC3CitySchemeMgr	cSC3CitySchemeMgr::GetNumFloraSets(void) const
00036914	GetNumLandScapes__C17cSC3CitySchemeMgr	cSC3CitySchemeMgr::GetNumLandScapes(void) const
00036930	GetPluginBuildingMgr__17cSC3CitySchemeMgr	cSC3CitySchemeMgr::GetPluginBuildingMgr(void)
00036940	GetSoundIdForCurrentBuildingSet__17cSC3CitySchemeMgrRUi	cSC3CitySchemeMgr::GetSoundIdForCurrentBuildingSet(unsigned int &)
0003697c	GetSoundIdForCurrentFloraSet__17cSC3CitySchemeMgrRUi	cSC3CitySchemeMgr::GetSoundIdForCurrentFloraSet(unsigned int &)
000369bc	GetSoundIdForCurrentLandScape__17cSC3CitySchemeMgrRUi	cSC3CitySchemeMgr::GetSoundIdForCurrentLandScape(unsigned int &)
000369fc	GetUiImageForBuildingSet__17cSC3CitySchemeMgrUiRUiN32	cSC3CitySchemeMgr::GetUiImageForBuildingSet(unsigned int, unsigned int &, unsigned int &, unsigned int &, unsigned int &)
00036a58	GetUiImageForFloraSet__17cSC3CitySchemeMgrUiRUiN32	cSC3CitySchemeMgr::GetUiImageForFloraSet(unsigned int, unsigned int &, unsigned int &, unsigned int &, unsigned int &)
00036ab8	GetUiImageForLandScape__17cSC3CitySchemeMgrUiRUiT2	cSC3CitySchemeMgr::GetUiImageForLandScape(unsigned int, unsigned int &, unsigned int &)
00036b0c	InsertKeyIntoList__17cSC3CitySchemeMgrRC14cGZResourceKeyPv	cSC3CitySchemeMgr::InsertKeyIntoList(cGZResourceKey const &, void *)
00036b38	IsKeyInArray__17cSC3CitySchemeMgrRC14cGZResourceKeyP14cGZResourceKeyUi	cSC3CitySchemeMgr::IsKeyInArray(cGZResourceKey const &, cGZResourceKey *, unsigned int)
00036b8c	IsReplaceableBuilding__17cSC3CitySchemeMgrPC19cISC3OccupantAttrib	cSC3CitySchemeMgr::IsReplaceableBuilding(cISC3OccupantAttrib const *)
00036be4	IsRewardBuilding__17cSC3CitySchemeMgrUi	cSC3CitySchemeMgr::IsRewardBuilding(unsigned int)
00036c58	MakeBATReplacement__17cSC3CitySchemeMgrRC14cGZResourceKeyT1	cSC3CitySchemeMgr::MakeBATReplacement(cGZResourceKey const &, cGZResourceKey const &)
00036cdc	MergeKeyLists__17cSC3CitySchemeMgrRP19cIGZResourceKeyListT1	cSC3CitySchemeMgr::MergeKeyLists(cIGZResourceKeyList *&, cIGZResourceKeyList *&)
00036d3c	QueryInterface__17cSC3CitySchemeMgrUiPPv	cSC3CitySchemeMgr::QueryInterface(unsigned int, void **)
00036d84	Release__17cSC3CitySchemeMgr	cSC3CitySchemeMgr::Release(void)
00036dd0	RemoveResourceFromResourceManager__17cSC3CitySchemeMgrRC14cGZResourceKeyPv	cSC3CitySchemeMgr::RemoveResourceFromResourceManager(cGZResourceKey const &, void *)
00036e08	ResetOccAttrib__17cSC3CitySchemeMgrRC14cGZResourceKey	cSC3CitySchemeMgr::ResetOccAttrib(cGZResourceKey const &)
00036e44	SetDefaultCityScheme__17cSC3CitySchemeMgr	cSC3CitySchemeMgr::SetDefaultCityScheme(void)
00036e84	Shutdown__17cSC3CitySchemeMgr	cSC3CitySchemeMgr::Shutdown(void)
00036f50	UnregisterSegmentFromImageMan__17cSC3CitySchemeMgrR9cRZString	cSC3CitySchemeMgr::UnregisterSegmentFromImageMan(cRZString &)
00036f90	UnregisterSegmentFromResMan__17cSC3CitySchemeMgrP13cIGZDBSegmentRP19cIGZResourceKeyList	cSC3CitySchemeMgr::UnregisterSegmentFromResMan(cIGZDBSegment *, cIGZResourceKeyList *&)
0003703c	UpdateProgressBar__17cSC3CitySchemeMgrUi	cSC3CitySchemeMgr::UpdateProgressBar(unsigned int)
000370f4	Execute__21cSC3CmdLoadSaveDialog	cSC3CmdLoadSaveDialog::Execute(void)
000377d4	push_output_params__21cSC3CmdLoadSaveDialogbPC10cIGZString	cSC3CmdLoadSaveDialog::push_output_params(bool, cIGZString const *)
00037914	DoGameLoad__15cSC3CmdLoadCityRC10cIGZStringP15cSC3NewCityInfo	cSC3CmdLoadCity::DoGameLoad(cIGZString const &, cSC3NewCityInfo *)
000387c8	DoLoadSaveDialog__15cSC3CmdLoadCityR9cRZString	cSC3CmdLoadCity::DoLoadSaveDialog(cRZString &)
00038bf4	DoSaveCityPrompt__15cSC3CmdLoadCity	cSC3CmdLoadCity::DoSaveCityPrompt(void)
00039014	DoScenarioLoad__15cSC3CmdLoadCityRC9cRZString	cSC3CmdLoadCity::DoScenarioLoad(cRZString const &)
00039150	DoTerrainOrStarterTownLoad__15cSC3CmdLoadCityR9cRZStringb	cSC3CmdLoadCity::DoTerrainOrStarterTownLoad(cRZString &, bool)
00039608	Execute__15cSC3CmdLoadCity	cSC3CmdLoadCity::Execute(void)
00039b44	ExtractInputParameters__15cSC3CmdLoadCityRUiRbN22R9cRZString	cSC3CmdLoadCity::ExtractInputParameters(unsigned int &, bool &, bool &, bool &, cRZString &)
00039da8	SetCityScheme__15cSC3CmdLoadCityP13cIGZDBSegment	cSC3CmdLoadCity::SetCityScheme(cIGZDBSegment *)
00039f1c	Execute__15cSC3CmdSaveCity	cSC3CmdSaveCity::Execute(void)
0003a5b4	__21cSC3CmdLoadSaveDialog	cSC3CmdLoadSaveDialog::cSC3CmdLoadSaveDialog(void)
0003a670	__15cSC3CmdLoadCity	cSC3CmdLoadCity::cSC3CmdLoadCity(void)
0003a710	__15cSC3CmdSaveCity	cSC3CmdSaveCity::cSC3CmdSaveCity(void)
0003a7ac	DoGameSave__15cSC3CmdSaveCityRC10cIGZString	cSC3CmdSaveCity::DoGameSave(cIGZString const &)
0003a7bc	__16cSC3CmdCloseCity	cSC3CmdCloseCity::cSC3CmdCloseCity(void)
0003a7fc	Execute__16cSC3CmdCloseCity	cSC3CmdCloseCity::Execute(void)
0003a834	Execute__14cSC3CmdNewCity	cSC3CmdNewCity::Execute(void)
0003b254	DoGameNew__14cSC3CmdNewCityP16cISC3NewCityInfo	cSC3CmdNewCity::DoGameNew(cISC3NewCityInfo *)
0003b364	__15cSC3NewCityInfo	cSC3NewCityInfo::cSC3NewCityInfo(void)
0003ba64	_._15cSC3NewCityInfo	cSC3NewCityInfo::~cSC3NewCityInfo(void)
0003bbc8	SetCityName__15cSC3NewCityInfoR10cIGZString	cSC3NewCityInfo::SetCityName(cIGZString &)
0003be54	SetMayorName__15cSC3NewCityInfoR10cIGZString	cSC3NewCityInfo::SetMayorName(cIGZString &)
0003c0e0	SetFunds__15cSC3NewCityInfox	cSC3NewCityInfo::SetFunds(long long)
0003c0f8	SetFundsAreDebt__15cSC3NewCityInfob	cSC3NewCityInfo::SetFundsAreDebt(bool)
0003c108	SetCitySize__15cSC3NewCityInfoUi	cSC3NewCityInfo::SetCitySize(unsigned int)
0003c120	SetCityXSize__15cSC3NewCityInfoUi	cSC3NewCityInfo::SetCityXSize(unsigned int)
0003c130	SetCityYSize__15cSC3NewCityInfoUi	cSC3NewCityInfo::SetCityYSize(unsigned int)
0003c140	SetCityZSize__15cSC3NewCityInfoUi	cSC3NewCityInfo::SetCityZSize(unsigned int)
0003c150	SetStartYear__15cSC3NewCityInfoUi	cSC3NewCityInfo::SetStartYear(unsigned int)
0003c160	SetDifficulty__15cSC3NewCityInfoi	cSC3NewCityInfo::SetDifficulty(int)
0003c170	SetCityType__15cSC3NewCityInfoi	cSC3NewCityInfo::SetCityType(int)
0003c180	SetAutoBudgetEnabled__15cSC3NewCityInfob	cSC3NewCityInfo::SetAutoBudgetEnabled(bool)
0003c190	SetDisastersEnabled__15cSC3NewCityInfob	cSC3NewCityInfo::SetDisastersEnabled(bool)
0003c1a0	GetCityName__15cSC3NewCityInfo	cSC3NewCityInfo::GetCityName(void)
0003c1b0	GetMayorName__15cSC3NewCityInfo	cSC3NewCityInfo::GetMayorName(void)
0003c1c0	GetFunds__15cSC3NewCityInfo	cSC3NewCityInfo::GetFunds(void)
0003c1d0	GetFundsAreDebt__15cSC3NewCityInfo	cSC3NewCityInfo::GetFundsAreDebt(void)
0003c1e0	GetCityXSize__15cSC3NewCityInfo	cSC3NewCityInfo::GetCityXSize(void)
0003c1f0	GetCityYSize__15cSC3NewCityInfo	cSC3NewCityInfo::GetCityYSize(void)
0003c200	GetCityZSize__15cSC3NewCityInfo	cSC3NewCityInfo::GetCityZSize(void)
0003c210	GetStartYear__15cSC3NewCityInfo	cSC3NewCityInfo::GetStartYear(void)
0003c220	GetDifficulty__15cSC3NewCityInfo	cSC3NewCityInfo::GetDifficulty(void)
0003c230	GetDirtGenerator__15cSC3NewCityInfo	cSC3NewCityInfo::GetDirtGenerator(void)
0003c240	GetCityType__15cSC3NewCityInfo	cSC3NewCityInfo::GetCityType(void)
0003c250	IsAutoBudgetEnabled__15cSC3NewCityInfo	cSC3NewCityInfo::IsAutoBudgetEnabled(void)
0003c260	AreDisastersEnabled__15cSC3NewCityInfo	cSC3NewCityInfo::AreDisastersEnabled(void)
0003c274	__14cSC3CmdNewCity	cSC3CmdNewCity::cSC3CmdNewCity(void)
0003c2b4	QueryInterface__15cSC3NewCityInfoUiPPv	cSC3NewCityInfo::QueryInterface(unsigned int, void **)
0003c31c	AddRef__15cSC3NewCityInfo	cSC3NewCityInfo::AddRef(void)
0003c338	Release__15cSC3NewCityInfo	cSC3NewCityInfo::Release(void)
0003c384	SetDirtGenerator__15cSC3NewCityInfoP18cISC3DirtGenerator	cSC3NewCityInfo::SetDirtGenerator(cISC3DirtGenerator *)
0003c3d4	CreateCommand__21cSC3CmdSimInitFactoryUiUiPPv	cSC3CmdSimInitFactory::CreateCommand(unsigned int, unsigned int, void **)
0003c794	AddAttrib__23cSC3OccupantAttribCacheRC14cGZResourceKeyb	cSC3OccupantAttribCache::AddAttrib(cGZResourceKey const &, bool)
0003ce04	ClassifyBuildings__23cSC3OccupantAttribCache	cSC3OccupantAttribCache::ClassifyBuildings(void)
0003d3a4	__23cSC3OccupantAttribCache	cSC3OccupantAttribCache::cSC3OccupantAttribCache(void)
0003d7f8	_._23cSC3OccupantAttribCache	cSC3OccupantAttribCache::~cSC3OccupantAttribCache(void)
0003d960	DumpClassifications__23cSC3OccupantAttribCacheUi	cSC3OccupantAttribCache::DumpClassifications(unsigned int)
0003da98	DumpOccAttribs__23cSC3OccupantAttribCacheUi	cSC3OccupantAttribCache::DumpOccAttribs(unsigned int)
0003e104	ExtractOccupants__23cSC3OccupantAttribCacheP20cISC3OccupantManagerPC17cSC3OccTestForKeyRt6vector2ZP13cISC3OccupantZt9allocator1ZP13cISC3Occupant	cSC3OccupantAttribCache::ExtractOccupants(cISC3OccupantManager *, cSC3OccTestForKey const *, vector<cISC3Occupant *, allocator<cISC3Occupant *> > &)
0003e21c	GetABuildingOfType__23cSC3OccupantAttribCacheUiUiR14cGZResourceKey	cSC3OccupantAttribCache::GetABuildingOfType(unsigned int, unsigned int, cGZResourceKey &)
0003e3a8	Init__23cSC3OccupantAttribCacheP19cISC3CityDefinition	cSC3OccupantAttribCache::Init(cISC3CityDefinition *)
0003e4b0	kill_categories_map__23cSC3OccupantAttribCache	cSC3OccupantAttribCache::kill_categories_map(void)
0003e6c8	LoadIXFFile__23cSC3OccupantAttribCache	cSC3OccupantAttribCache::LoadIXFFile(void)
0003f694	ModifyOccupantAttrib__23cSC3OccupantAttribCacheP19cISC3OccupantAttribP22cISC3OccAttribOverRide	cSC3OccupantAttribCache::ModifyOccupantAttrib(cISC3OccupantAttrib *, cISC3OccAttribOverRide *)
0003fac0	PutBackOccupants__23cSC3OccupantAttribCacheP20cISC3OccupantManagerRt6vector2ZP13cISC3OccupantZt9allocator1ZP13cISC3Occupant	cSC3OccupantAttribCache::PutBackOccupants(cISC3OccupantManager *, vector<cISC3Occupant *, allocator<cISC3Occupant *> > &)
0003fb44	ReplaceAttrib__23cSC3OccupantAttribCacheRC14cGZResourceKeyP19cISC3OccupantAttribT2	cSC3OccupantAttribCache::ReplaceAttrib(cGZResourceKey const &, cISC3OccupantAttrib *, cISC3OccupantAttrib *)
0003ffb4	ResetAllModifiedAttribs__23cSC3OccupantAttribCache	cSC3OccupantAttribCache::ResetAllModifiedAttribs(void)
00040078	Shutdown__23cSC3OccupantAttribCache	cSC3OccupantAttribCache::Shutdown(void)
000401d8	Next__31cSC3OccupantAttribCacheIterator	cSC3OccupantAttribCacheIterator::Next(void)
00040288	AddOccAttribSegment__23cSC3OccupantAttribCacheUi	cSC3OccupantAttribCache::AddOccAttribSegment(unsigned int)
000402dc	AddAttrib__23cSC3OccupantAttribCacheRC14cGZResourceKey	cSC3OccupantAttribCache::AddAttrib(cGZResourceKey const &)
00040310	AddAttribs__23cSC3OccupantAttribCacheRC19cIGZResourceKeyList	cSC3OccupantAttribCache::AddAttribs(cIGZResourceKeyList const &)
00040370	AddOccAttribFromRegistryEntry__23cSC3OccupantAttribCacheRC10cIGZStringT1Pv	cSC3OccupantAttribCache::AddOccAttribFromRegistryEntry(cIGZString const &, cIGZString const &, void *)
000403f0	AddRef__23cSC3OccupantAttribCache	cSC3OccupantAttribCache::AddRef(void)
00040408	Count__23cSC3OccupantAttribCache	cSC3OccupantAttribCache::Count(void)
00040440	CreateNodeIterator__23cSC3OccupantAttribCache	cSC3OccupantAttribCache::CreateNodeIterator(void)
000404e4	DeleteNodeIterator__23cSC3OccupantAttribCacheP32cISC3OccupantAttribCacheIterator	cSC3OccupantAttribCache::DeleteNodeIterator(cISC3OccupantAttribCacheIterator *)
00040510	enumkeysfunc_AddAttribs__23cSC3OccupantAttribCacheRC14cGZResourceKeyPv	cSC3OccupantAttribCache::enumkeysfunc_AddAttribs(cGZResourceKey const &, void *)
00040560	EnumOccupantAttribSegments_Callback__23cSC3OccupantAttribCacheRC9cRZStringT1Pv	cSC3OccupantAttribCache::EnumOccupantAttribSegments_Callback(cRZString const &, cRZString const &, void *)
000405cc	GetOccupantManagers__23cSC3OccupantAttribCachePP20cISC3OccupantManager	cSC3OccupantAttribCache::GetOccupantManagers(cISC3OccupantManager **)
00040644	FindOccupantAttribInMap__23cSC3OccupantAttribCacheRC14cGZResourceKey	cSC3OccupantAttribCache::FindOccupantAttribInMap(cGZResourceKey const &)
00040690	GetBuildingAttrib__23cSC3OccupantAttribCacheUiPP19cISC3BuildingAttrib	cSC3OccupantAttribCache::GetBuildingAttrib(unsigned int, cISC3BuildingAttrib **)
000406fc	GetBuildingAttrib__23cSC3OccupantAttribCacheRC14cGZResourceKeyPP19cISC3BuildingAttrib	cSC3OccupantAttribCache::GetBuildingAttrib(cGZResourceKey const &, cISC3BuildingAttrib **)
00040734	GetGenericAttrib__23cSC3OccupantAttribCacheRC14cGZResourceKeyUiPPv	cSC3OccupantAttribCache::GetGenericAttrib(cGZResourceKey const &, unsigned int, void **)
000407a0	GetOccupantAttrib__23cSC3OccupantAttribCacheRC14cGZResourceKeyPP19cISC3OccupantAttrib	cSC3OccupantAttribCache::GetOccupantAttrib(cGZResourceKey const &, cISC3OccupantAttrib **)
000407d4	is_attrib_key__23cSC3OccupantAttribCacheRC14cGZResourceKey	cSC3OccupantAttribCache::is_attrib_key(cGZResourceKey const &)
0004080c	LoadIXFResourceCallback__23cSC3OccupantAttribCacheRC14cGZResourceKeyPv	cSC3OccupantAttribCache::LoadIXFResourceCallback(cGZResourceKey const &, void *)
00040844	ModifyOccupantAttrib__23cSC3OccupantAttribCacheRC14cGZResourceKeyP22cISC3OccAttribOverRide	cSC3OccupantAttribCache::ModifyOccupantAttrib(cGZResourceKey const &, cISC3OccAttribOverRide *)
000408a0	PostOccAttribChangedMessage__23cSC3OccupantAttribCache	cSC3OccupantAttribCache::PostOccAttribChangedMessage(void)
000408fc	QueryInterface__23cSC3OccupantAttribCacheUiPPv	cSC3OccupantAttribCache::QueryInterface(unsigned int, void **)
00040960	Release__23cSC3OccupantAttribCache	cSC3OccupantAttribCache::Release(void)
000409a8	__31cSC3OccupantAttribCacheIteratorP23cSC3OccupantAttribCache	cSC3OccupantAttribCacheIterator::cSC3OccupantAttribCacheIterator(cSC3OccupantAttribCache *)
000409f8	Rewind__31cSC3OccupantAttribCacheIterator	cSC3OccupantAttribCacheIterator::Rewind(void)
00040a24	QueryInterface__31cSC3OccupantAttribCacheIteratorUiPPv	cSC3OccupantAttribCacheIterator::QueryInterface(unsigned int, void **)
00040a5c	AddRef__31cSC3OccupantAttribCacheIterator	cSC3OccupantAttribCacheIterator::AddRef(void)
00040a78	Release__31cSC3OccupantAttribCacheIterator	cSC3OccupantAttribCacheIterator::Release(void)
000434f8	AddPluginBuilding__21cSC3PluginBuildingMgrRC9cRZString	cSC3PluginBuildingMgr::AddPluginBuilding(cRZString const &)
00043bb4	CheckForPluginBuildings__21cSC3PluginBuildingMgrb	cSC3PluginBuildingMgr::CheckForPluginBuildings(bool)
00044168	__21cSC3PluginBuildingMgr	cSC3PluginBuildingMgr::cSC3PluginBuildingMgr(void)
000443c4	_._21cSC3PluginBuildingMgr	cSC3PluginBuildingMgr::~cSC3PluginBuildingMgr(void)
00044520	RegisterDBSegmentCallback__21cSC3PluginBuildingMgrRC9cRZStringT1Pv	cSC3PluginBuildingMgr::RegisterDBSegmentCallback(cRZString const &, cRZString const &, void *)
00044c80	RegisterOccupantCallback__21cSC3PluginBuildingMgrRC9cRZStringT1Pv	cSC3PluginBuildingMgr::RegisterOccupantCallback(cRZString const &, cRZString const &, void *)
00044d50	RegisterSpriteSegments__21cSC3PluginBuildingMgrRC9cRZStringT1Pv	cSC3PluginBuildingMgr::RegisterSpriteSegments(cRZString const &, cRZString const &, void *)
00045d18	AddRef__21cSC3PluginBuildingMgr	cSC3PluginBuildingMgr::AddRef(void)
00045d54	Init__21cSC3PluginBuildingMgrRC10cIGZString	cSC3PluginBuildingMgr::Init(cIGZString const &)
00045d9c	QueryInterface__21cSC3PluginBuildingMgrUiPPv	cSC3PluginBuildingMgr::QueryInterface(unsigned int, void **)
00045df4	Release__21cSC3PluginBuildingMgr	cSC3PluginBuildingMgr::Release(void)
00045e54	Shutdown__21cSC3PluginBuildingMgr	cSC3PluginBuildingMgr::Shutdown(void)
00045ee4	__18cSC3LoadSaveWindowQ216cISC3WinLoadSave14eDialogSubtype	cSC3LoadSaveWindow::cSC3LoadSaveWindow(cISC3WinLoadSave::eDialogSubtype)
00046ae4	_._18cSC3LoadSaveWindow	cSC3LoadSaveWindow::~cSC3LoadSaveWindow(void)
0004714c	DoWinMsg__18cSC3LoadSaveWindowP7cIGZWinUiUiUiUi	cSC3LoadSaveWindow::DoWinMsg(cIGZWin *, unsigned int, unsigned int, unsigned int, unsigned int)
00048f28	on_init__18cSC3LoadSaveWindowP7cIGZWin	cSC3LoadSaveWindow::on_init(cIGZWin *)
0004f9ec	add_text__18cSC3LoadSaveWindowP7cIGZWinUiUiUiRC10cIGZStringUi	cSC3LoadSaveWindow::add_text(cIGZWin *, unsigned int, unsigned int, unsigned int, cIGZString const &, unsigned int)
0004fb44	add_text_right_aligned__18cSC3LoadSaveWindowP7cIGZWinUiUiUiRC10cIGZStringUi	cSC3LoadSaveWindow::add_text_right_aligned(cIGZWin *, unsigned int, unsigned int, unsigned int, cIGZString const &, unsigned int)
0004fcd4	add_outlined_text_edit__18cSC3LoadSaveWindowP7cIGZWinUiUiUiUiUiRC10cIGZString	cSC3LoadSaveWindow::add_outlined_text_edit(cIGZWin *, unsigned int, unsigned int, unsigned int, unsigned int, unsigned int, cIGZString const &)
0004fee0	add_four_shaded_outline__18cSC3LoadSaveWindowP7cIGZWinUiUiUiUi	cSC3LoadSaveWindow::add_four_shaded_outline(cIGZWin *, unsigned int, unsigned int, unsigned int, unsigned int)
000502c0	add_image_button__18cSC3LoadSaveWindowP7cIGZWinUiUiUiUic	cSC3LoadSaveWindow::add_image_button(cIGZWin *, unsigned int, unsigned int, unsigned int, unsigned int, char)
00050694	add_drive_combo_box__18cSC3LoadSaveWindowP7cIGZWinP8cIGZFont	cSC3LoadSaveWindow::add_drive_combo_box(cIGZWin *, cIGZFont *)
00053b68	on_shutdown__18cSC3LoadSaveWindowP7cIGZWin	cSC3LoadSaveWindow::on_shutdown(cIGZWin *)
00053c80	on_button_activated__18cSC3LoadSaveWindowP7cIGZWinUi	cSC3LoadSaveWindow::on_button_activated(cIGZWin *, unsigned int)
00054114	FindDelimiter__18cSC3LoadSaveWindowP9cRZString	cSC3LoadSaveWindow::FindDelimiter(cRZString *)
000543a4	FindExtensionFromDelimiter__18cSC3LoadSaveWindowUiR9cRZString	cSC3LoadSaveWindow::FindExtensionFromDelimiter(unsigned int, cRZString &)
0005452c	ReadDirectory__18cSC3LoadSaveWindowP7cIGZWin	cSC3LoadSaveWindow::ReadDirectory(cIGZWin *)
00058ec4	PickADriveOrDirectory__18cSC3LoadSaveWindowP7cIGZWin	cSC3LoadSaveWindow::PickADriveOrDirectory(cIGZWin *)
0005a15c	PickAFileListBoxItem__18cSC3LoadSaveWindowP7cIGZWin	cSC3LoadSaveWindow::PickAFileListBoxItem(cIGZWin *)
0005c804	SetPopFundsDate__18cSC3LoadSaveWindowP7cIGZWinUixR7cRZDate	cSC3LoadSaveWindow::SetPopFundsDate(cIGZWin *, unsigned int, long long, cRZDate &)
0005d824	SetMayorCityNames__18cSC3LoadSaveWindowP7cIGZWinR9cRZStringT2	cSC3LoadSaveWindow::SetMayorCityNames(cIGZWin *, cRZString &, cRZString &)
0005e110	UpdateThumbnailInfo__18cSC3LoadSaveWindowP7cIGZWin	cSC3LoadSaveWindow::UpdateThumbnailInfo(cIGZWin *)
0005ed08	GetCityInfo__18cSC3LoadSaveWindowR9cRZStringRUiRxR7cRZDateT1T1PP10cIGZBuffer	cSC3LoadSaveWindow::GetCityInfo(cRZString &, unsigned int &, long long &, cRZDate &, cRZString &, cRZString &, cIGZBuffer **)
0005f3e8	GetScenarioInfo__18cSC3LoadSaveWindowR9cRZStringN21PP10cIGZBuffer	cSC3LoadSaveWindow::GetScenarioInfo(cRZString &, cRZString &, cRZString &, cIGZBuffer **)
0005f620	GetFilePath__18cSC3LoadSaveWindow	cSC3LoadSaveWindow::GetFilePath(void)
0005f634	QueryInterface__18cSC3LoadSaveWindowUiPPv	cSC3LoadSaveWindow::QueryInterface(unsigned int, void **)
0005f690	AddRef__18cSC3LoadSaveWindow	cSC3LoadSaveWindow::AddRef(void)
0005f6a8	Release__18cSC3LoadSaveWindow	cSC3LoadSaveWindow::Release(void)
0005f6ec	CreateLoadSaveWindow__18cSC3LoadSaveWindowRP7cIGZWin	cSC3LoadSaveWindow::CreateLoadSaveWindow(cIGZWin *&)
0005f6fc	end_dialog__18cSC3LoadSaveWindowP7cIGZWinUi	cSC3LoadSaveWindow::end_dialog(cIGZWin *, unsigned int)
0005f7a4	on_get_min_max_info__18cSC3LoadSaveWindowP7cIGZWinP7cRZRect	cSC3LoadSaveWindow::on_get_min_max_info(cIGZWin *, cRZRect *)
0005f7dc	enableButton__18cSC3LoadSaveWindowP7cIGZWinUib	cSC3LoadSaveWindow::enableButton(cIGZWin *, unsigned int, bool)
0005f834	RZGetCOMDllDirector_SimInit__Fv	RZGetCOMDllDirector_SimInit(void)
0005fa34	__17cRZCOMDllDirector	cRZCOMDllDirector::cRZCOMDllDirector(void)
0005fcc4	_._17cRZCOMDllDirector	cRZCOMDllDirector::~cRZCOMDllDirector(void)
0005fe04	InitializeCOM__17cRZCOMDllDirectorP7cIGZCOMR10cIGZString	cRZCOMDllDirector::InitializeCOM(cIGZCOM *, cIGZString &)
000600f4	OnStart__17cRZCOMDllDirectorP7cIGZCOM	cRZCOMDllDirector::OnStart(cIGZCOM *)
00060250	GetClassObject__17cRZCOMDllDirectorUiUiPPv	cRZCOMDllDirector::GetClassObject(unsigned int, unsigned int, void **)
00060368	EnumClassObjects__17cRZCOMDllDirectorPFUiUiPv_vPv	cRZCOMDllDirector::EnumClassObjects(void (*)(unsigned int, unsigned int, void *), void *)
00060448	AddDirector__17cRZCOMDllDirectorP17cRZCOMDllDirector	cRZCOMDllDirector::AddDirector(cRZCOMDllDirector *)
000604f0	OnUnload__17cRZCOMDllDirector	cRZCOMDllDirector::OnUnload(void)
00060500	GZCOM__Fv	GZCOM(void)
00060530	GZDllGetGZCOMDirector	GZDllGetGZCOMDirector
00060550	QueryInterface__17cRZCOMDllDirectorUiPPv	cRZCOMDllDirector::QueryInterface(unsigned int, void **)
000605cc	FrameWork__17cRZCOMDllDirector	cRZCOMDllDirector::FrameWork(void)
000605dc	AddRef__17cRZCOMDllDirector	cRZCOMDllDirector::AddRef(void)
000605f8	Release__17cRZCOMDllDirector	cRZCOMDllDirector::Release(void)
00060620	RemoveRef__17cRZCOMDllDirector	cRZCOMDllDirector::RemoveRef(void)
00060638	RefCount__17cRZCOMDllDirector	cRZCOMDllDirector::RefCount(void)
0006064c	ModuleName__17cRZCOMDllDirectorR10cIGZString	cRZCOMDllDirector::ModuleName(cIGZString &)
00060680	CanUnloadNow__17cRZCOMDllDirector	cRZCOMDllDirector::CanUnloadNow(void)
000606d8	AddCls__17cRZCOMDllDirectorUiPFv_P11cIGZUnknownUi	cRZCOMDllDirector::AddCls(unsigned int, cIGZUnknown *(*)(void), unsigned int)
0006072c	AppRegister__17cRZCOMDllDirectorP12cIGZRegistry	cRZCOMDllDirector::AppRegister(cIGZRegistry *)
00060784	PreFrameWorkInit__17cRZCOMDllDirector	cRZCOMDllDirector::PreFrameWorkInit(void)
00060790	PreAppInit__17cRZCOMDllDirector	cRZCOMDllDirector::PreAppInit(void)
0006079c	PostAppInit__17cRZCOMDllDirector	cRZCOMDllDirector::PostAppInit(void)
000607a8	PreAppShutdown__17cRZCOMDllDirector	cRZCOMDllDirector::PreAppShutdown(void)
000607b4	PostAppShutdown__17cRZCOMDllDirector	cRZCOMDllDirector::PostAppShutdown(void)
000607c0	PostSystemServiceShutdown__17cRZCOMDllDirector	cRZCOMDllDirector::PostSystemServiceShutdown(void)
000607cc	AbortiveQuit__17cRZCOMDllDirector	cRZCOMDllDirector::AbortiveQuit(void)
000607d8	OnInstall__17cRZCOMDllDirector	cRZCOMDllDirector::OnInstall(void)
000607e4	GZCOM__17cRZCOMDllDirector	cRZCOMDllDirector::GZCOM(void)
00060800	__out_of_range__FPCc	__out_of_range(char const *)
00060a68	__length_error__FPCc	__length_error(char const *)
00060cc8	__11logic_errorRCt12basic_string3ZcZt18string_char_traits1ZcZt24__default_alloc_template2b1i0	logic_error::logic_error(basic_string<char, string_char_traits<char>, __default_alloc_template<true, 0> > const &)
00060d24	what__C11logic_error	logic_error::what(void) const
00060d4c	__12domain_errorRCt12basic_string3ZcZt18string_char_traits1ZcZt24__default_alloc_template2b1i0	domain_error::domain_error(basic_string<char, string_char_traits<char>, __default_alloc_template<true, 0> > const &)
00060dac	__16invalid_argumentRCt12basic_string3ZcZt18string_char_traits1ZcZt24__default_alloc_template2b1i0	invalid_argument::invalid_argument(basic_string<char, string_char_traits<char>, __default_alloc_template<true, 0> > const &)
00060e0c	__12length_errorRCt12basic_string3ZcZt18string_char_traits1ZcZt24__default_alloc_template2b1i0	length_error::length_error(basic_string<char, string_char_traits<char>, __default_alloc_template<true, 0> > const &)
00060e6c	__12out_of_rangeRCt12basic_string3ZcZt18string_char_traits1ZcZt24__default_alloc_template2b1i0	out_of_range::out_of_range(basic_string<char, string_char_traits<char>, __default_alloc_template<true, 0> > const &)
00060ecc	__13runtime_errorRCt12basic_string3ZcZt18string_char_traits1ZcZt24__default_alloc_template2b1i0	runtime_error::runtime_error(basic_string<char, string_char_traits<char>, __default_alloc_template<true, 0> > const &)
00060f2c	what__C13runtime_error	runtime_error::what(void) const
00060f50	__13runtime_error	runtime_error::runtime_error(void)
00060fb4	__11range_errorRCt12basic_string3ZcZt18string_char_traits1ZcZt24__default_alloc_template2b1i0	range_error::range_error(basic_string<char, string_char_traits<char>, __default_alloc_template<true, 0> > const &)
0006100c	__14overflow_errorRCt12basic_string3ZcZt18string_char_traits1ZcZt24__default_alloc_template2b1i0	overflow_error::overflow_error(basic_string<char, string_char_traits<char>, __default_alloc_template<true, 0> > const &)
0006106c	__15underflow_errorRCt12basic_string3ZcZt18string_char_traits1ZcZt24__default_alloc_template2b1i0	underflow_error::underflow_error(basic_string<char, string_char_traits<char>, __default_alloc_template<true, 0> > const &)
000610d0	__7istreamiP9streambufP7ostream	istream::istream(int, streambuf *, ostream *)
00061184	skip_ws__FP9streambuf	skip_ws(streambuf *)
000611b8	get__7istreamRc	istream::get(char &)
00061298	peek__7istream	istream::peek(void)
000612f4	ignore__7istreamii	istream::ignore(int, int)
000613ec	read__7istreamPci	istream::read(char *, int)
000614c4	sync__7istream	istream::sync(void)
00061504	seekg__7istreamx	istream::seekg(long long)
0006153c	seekg__7istreamxQ23ios8seek_dir	istream::seekg(long long, ios::seek_dir)
0006157c	tellg__7istream	istream::tellg(void)
000615bc	__rs__7istreamRc	istream::operator>>(char &)
000616a4	__rs__7istreamPc	istream::operator>>(char *)
00061ac0	__rs__7istreamRs	istream::operator>>(short &)
00061b04	__rs__7istreamRUs	istream::operator>>(unsigned short &)
00061b48	__rs__7istreamRi	istream::operator>>(int &)
00061b88	__rs__7istreamRUi	istream::operator>>(unsigned int &)
00061bc8	__rs__7istreamRl	istream::operator>>(long &)
00061c08	__rs__7istreamRUl	istream::operator>>(unsigned long &)
00061c48	__rs__7istreamRx	istream::operator>>(long long &)
00061c90	__rs__7istreamRUx	istream::operator>>(unsigned long long &)
00061cd8	__rs__7istreamRb	istream::operator>>(bool &)
00061d24	__rs__7istreamRr	istream::operator>>(long double &)
00061df8	__rs__7istreamRd	istream::operator>>(double &)
00061ec8	__rs__7istreamRf	istream::operator>>(float &)
00061f98	__rs__7istreamP9streambuf	istream::operator>>(streambuf *)
0006209c	__ls__7ostreamc	ostream::operator<<(char)
0006240c	__ls__7ostreami	ostream::operator<<(int)
000624b8	__ls__7ostreamUi	ostream::operator<<(unsigned int)
00062548	__ls__7ostreaml	ostream::operator<<(long)
000625f4	__ls__7ostreamUl	ostream::operator<<(unsigned long)
00062684	__ls__7ostreamx	ostream::operator<<(long long)
00062738	__ls__7ostreamUx	ostream::operator<<(unsigned long long)
000627c8	__ls__7ostreamd	ostream::operator<<(double)
00062978	__ls__7ostreamr	ostream::operator<<(long double)
00062b2c	__ls__7ostreamPCc	ostream::operator<<(char const *)
00062cb8	__ls__7ostreamP9streambuf	ostream::operator<<(streambuf *)
00062dd0	__7ostreamiP9streambufP7ostream	ostream::ostream(int, streambuf *, ostream *)
00062e7c	seekp__7ostreamx	ostream::seekp(long long)
00062eb4	seekp__7ostreamxQ23ios8seek_dir	ostream::seekp(long long, ios::seek_dir)
00062ef4	tellp__7ostream	ostream::tellp(void)
00062f34	flush__7ostream	ostream::flush(void)
00062f64	flush__FR7ostream	flush(ostream &)
00062f7c	ws__FR7istream	ws(istream &)
00063058	_skip_ws__7istream	istream::_skip_ws(void)
000630a0	ends__FR7ostream	ends(ostream &)
000630c4	endl__FR7ostream	endl(ostream &)
000630f0	lock__FR7istream	lock(istream &)
00063110	unlock__FR7istream	unlock(istream &)
00063130	lock__FR7ostream	lock(ostream &)
00063150	unlock__FR7ostream	unlock(ostream &)
00063170	write__7ostreamPCci	ostream::write(char const *, int)
00063244	do_osfx__7ostream	ostream::do_osfx(void)
00063290	__8iostreamiP9streambufP7ostream	iostream::iostream(int, streambuf *, ostream *)
00063354	close__3ios	ios::close(void)
00063398	skip__7istreami	istream::skip(int)
000633c0	__7ostreami	ostream::ostream(int)
00063420	opfx__7ostream	ostream::opfx(void)
00063464	osfx__7ostream	ostream::osfx(void)
00063498	put__7ostreamc	ostream::put(char)
000634c0	put__7ostreamUc	ostream::put(unsigned char)
000634e8	put__7ostreamSc	ostream::put(signed char)
00063510	write__7ostreamPCUci	ostream::write(unsigned char const *, int)
00063530	write__7ostreamPCSci	ostream::write(signed char const *, int)
00063550	write__7ostreamPCvi	ostream::write(void const *, int)
00063570	__ls__7ostreamUc	ostream::operator<<(unsigned char)
0006358c	__ls__7ostreamSc	ostream::operator<<(signed char)
000635a8	__ls__7ostreamPCUc	ostream::operator<<(unsigned char const *)
000635c4	__ls__7ostreamPCSc	ostream::operator<<(signed char const *)
000635e0	__ls__7ostreams	ostream::operator<<(short)
000635fc	__ls__7ostreamUs	ostream::operator<<(unsigned short)
00063618	__ls__7ostreamb	ostream::operator<<(bool)
00063634	__ls__7ostreamf	ostream::operator<<(float)
00063654	__ls__7ostreamPFR7ostream_R7ostream	ostream::operator<<(ostream &(*)(ostream &))
0006366c	__ls__7ostreamPFR3ios_R3ios	ostream::operator<<(ios &(*)(ios &))
0006368c	ostreambuf__C7ostream	ostream::ostreambuf(void) const
0006369c	__7istreami	istream::istream(int)
00063704	get__7istreamPUcic	istream::get(unsigned char *, int, char)
00063728	get__7istreamRUc	istream::get(unsigned char &)
00063744	getline__7istreamPUcic	istream::getline(unsigned char *, int, char)
00063768	get__7istreamRSc	istream::get(signed char &)
00063784	get__7istreamPScic	istream::get(signed char *, int, char)
000637a8	getline__7istreamPScic	istream::getline(signed char *, int, char)
000637cc	read__7istreamPUci	istream::read(unsigned char *, int)
000637ec	read__7istreamPSci	istream::read(signed char *, int)
0006380c	read__7istreamPvi	istream::read(void *, int)
0006382c	ipfx__7istreami	istream::ipfx(int)
000638b0	ipfx0__7istream	istream::ipfx0(void)
00063914	ipfx1__7istream	istream::ipfx1(void)
00063968	isfx__7istream	istream::isfx(void)
00063984	get__7istream	istream::get(void)
00063a08	gcount__7istream	istream::gcount(void)
00063a18	putback__7istreamc	istream::putback(char)
00063a50	unget__7istream	istream::unget(void)
00063a84	unget__7istreamc	istream::unget(char)
00063abc	istreambuf__C7istream	istream::istreambuf(void) const
00063acc	__rs__7istreamPUc	istream::operator>>(unsigned char *)
00063ae8	__rs__7istreamPSc	istream::operator>>(signed char *)
00063b04	__rs__7istreamRUc	istream::operator>>(unsigned char &)
00063b20	__rs__7istreamRSc	istream::operator>>(signed char &)
00063b3c	__rs__7istreamPFR3ios_R3ios	istream::operator>>(ios &(*)(ios &))
00063b5c	__rs__7istreamPFR7istream_R7istream	istream::operator>>(istream &(*)(istream &))
00063b74	__8iostreami	iostream::iostream(int)
00063bf4	__as__22_IO_istream_withassignR22_IO_istream_withassign	_IO_istream_withassign::operator=(_IO_istream_withassign &)
00063c10	__as__22_IO_ostream_withassignR22_IO_ostream_withassign	_IO_ostream_withassign::operator=(_IO_ostream_withassign &)
00063c2c	dec__FR3ios	dec(ios &)
00063c44	hex__FR3ios	hex(ios &)
00063c5c	oct__FR3ios	oct(ios &)
00063c80	getline__7istreamPcic	istream::getline(char *, int, char)
00063dec	get__7istreamPcic	istream::get(char *, int, char)
00063ef8	_sb_readline__FP9streambufRlc	_sb_readline(streambuf *, long &, char)
00064014	gets__7istreamPPcc	istream::gets(char **, char)
00064120	scan__7istreamPCce	istream::scan(char const *,...)
000641f8	vscan__7istreamPCcPv	istream::vscan(char const *, void *)
000642c8	vscan__9streambufPCcPvP3ios	streambuf::vscan(char const *, void *, ios *)
00064304	scan__9streambufPCce	streambuf::scan(char const *,...)
00064324	sync_with_stdio__3iosi	ios::sync_with_stdio(int)
00064330	_un_link__9streambuf	streambuf::_un_link(void)
00064348	_link_in__9streambuf	streambuf::_link_in(void)
00064360	switch_to_get_mode__9streambuf	streambuf::switch_to_get_mode(void)
00064378	free_backup_area__9streambuf	streambuf::free_backup_area(void)
00064390	__overflow__FP9streambufi	__overflow(streambuf *, int)
000643b0	underflow__9streambuf	streambuf::underflow(void)
000643bc	uflow__9streambuf	streambuf::uflow(void)
000643d4	overflow__9streambufi	streambuf::overflow(int)
000643e0	xsputn__9streambufPCci	streambuf::xsputn(char const *, int)
00064400	xsgetn__9streambufPci	streambuf::xsgetn(char *, int)
00064420	ignore__9streambufi	streambuf::ignore(int)
00064470	sync__9streambuf	streambuf::sync(void)
0006447c	pbackfail__9streambufi	streambuf::pbackfail(int)
00064498	setbuf__9streambufPci	streambuf::setbuf(char *, int)
00064538	seekpos__9streambufxi	streambuf::seekpos(long long, int)
00064568	sseekpos__9streambufxi	streambuf::sseekpos(long long, int)
00064588	setb__9streambufPcT1i	streambuf::setb(char *, char *, int)
000645ac	doallocate__9streambuf	streambuf::doallocate(void)
000645c4	doallocbuf__9streambuf	streambuf::doallocbuf(void)
000645dc	__9streambufi	streambuf::streambuf(int)
00064618	_._9streambuf	streambuf::~streambuf(void)
00064678	seekoff__9streambufxQ23ios8seek_diri	streambuf::seekoff(long long, ios::seek_dir, int)
0006468c	sseekoff__9streambufxQ23ios8seek_diri	streambuf::sseekoff(long long, ios::seek_dir, int)
000646b4	sputbackc__9streambufc	streambuf::sputbackc(char)
000646d0	sungetc__9streambuf	streambuf::sungetc(void)
000646e8	get_column__9streambuf	streambuf::get_column(void)
0006471c	set_column__9streambufi	streambuf::set_column(int)
00064730	flush_all__9streambuf	streambuf::flush_all(void)
00064740	flush_all_linebuffered__9streambuf	streambuf::flush_all_linebuffered(void)
00064750	sys_stat__9streambufPv	streambuf::sys_stat(void *)
0006476c	sys_read__9streambufPci	streambuf::sys_read(char *, int)
00064778	sys_write__9streambufPCci	streambuf::sys_write(char const *, int)
00064784	sys_seek__9streambufxQ23ios8seek_dir	streambuf::sys_seek(long long, ios::seek_dir)
00064798	sys_close__9streambuf	streambuf::sys_close(void)
000647a4	showmanyc__9streambuf	streambuf::showmanyc(void)
000647b0	imbue__9streambufPv	streambuf::imbue(void *)
000647b8	__12streammarkerP9streambuf	streammarker::streammarker(streambuf *)
000647d8	_._12streammarker	streammarker::~streammarker(void)
0006480c	delta__12streammarkerR12streammarker	streammarker::delta(streammarker &)
00064828	delta__12streammarker	streammarker::delta(void)
00064840	seekmark__9streambufR12streammarkeri	streambuf::seekmark(streammarker &, int)
00064860	unsave_markers__9streambuf	streambuf::unsave_markers(void)
00064878	readable__3ios	ios::readable(void)
00064890	writable__3ios	ios::writable(void)
000648a8	is_open__3ios	ios::is_open(void)
000648cc	tie__C3ios	ios::tie(void) const
000648dc	tie__3iosP7ostream	ios::tie(ostream *)
000648f4	fill__C3ios	ios::fill(void) const
00064904	fill__3iosw	ios::fill(wchar_t)
0006491c	flags__C3ios	ios::flags(void) const
0006492c	flags__3iosUl	ios::flags(unsigned long)
00064944	precision__C3ios	ios::precision(void) const
00064954	precision__3iosi	ios::precision(int)
0006496c	setf__3iosUl	ios::setf(unsigned long)
00064984	setf__3iosUlUl	ios::setf(unsigned long, unsigned long)
000649a8	unsetf__3iosUl	ios::unsetf(unsigned long)
000649c4	width__C3ios	ios::width(void) const
000649d4	width__3iosi	ios::width(int)
000649ec	_throw_failure__C3ios	ios::_throw_failure(void) const
000649f4	clear__3iosi	ios::clear(int)
00064a10	set__3iosi	ios::set(int)
00064a20	setstate__3iosi	ios::setstate(int)
00064a30	good__C3ios	ios::good(void) const
00064a44	eof__C3ios	ios::eof(void) const
00064a58	fail__C3ios	ios::fail(void) const
00064a6c	bad__C3ios	ios::bad(void) const
00064a80	rdstate__C3ios	ios::rdstate(void) const
00064a90	__opPv__C3ios	ios::operator void *(void) const
00064aac	__nt__C3ios	ios::operator!(void) const
00064ac0	exceptions__C3ios	ios::exceptions(void) const
00064ad0	exceptions__3iosi	ios::exceptions(int)
00064ae0	rdbuf__C3ios	ios::rdbuf(void) const
00064aec	rdbuf__3iosP9streambuf	ios::rdbuf(streambuf *)
00064b0c	sync_with_stdio__3ios	ios::sync_with_stdio(void)
00064b20	unset__3ios11state_value	ios::unset(state_value)
00064b34	__Q23ios4Init	ios::Init::Init(void)
00064b40	set_offset__12streammarkeri	streammarker::set_offset(int)
00064b50	saving__12streammarker	streammarker::saving(void)
00064b5c	_vtable__9streambuf	streambuf::_vtable(void)
00064b6c	xchain__9streambuf	streambuf::xchain(void)
00064b7c	gptr__C9streambuf	streambuf::gptr(void) const
00064b98	pptr__C9streambuf	streambuf::pptr(void) const
00064ba8	egptr__C9streambuf	streambuf::egptr(void) const
00064bc8	epptr__C9streambuf	streambuf::epptr(void) const
00064bd8	pbase__C9streambuf	streambuf::pbase(void) const
00064be8	eback__C9streambuf	streambuf::eback(void) const
00064c08	base__C9streambuf	streambuf::base(void) const
00064c18	ebuf__C9streambuf	streambuf::ebuf(void) const
00064c28	blen__C9streambuf	streambuf::blen(void) const
00064c3c	xput_char__9streambufc	streambuf::xput_char(char)
00064c54	xflags__9streambuf	streambuf::xflags(void)
00064c60	xflags__9streambufi	streambuf::xflags(int)
00064c74	xsetflags__9streambufi	streambuf::xsetflags(int)
00064c84	xsetflags__9streambufii	streambuf::xsetflags(int, int)
00064ca0	gbump__9streambufi	streambuf::gbump(int)
00064cbc	pbump__9streambufi	streambuf::pbump(int)
00064cd0	setp__9streambufPcT1	streambuf::setp(char *, char *)
00064cec	setg__9streambufPcN21	streambuf::setg(char *, char *, char *)
00064d20	shortbuf__9streambuf	streambuf::shortbuf(void)
00064d30	in_backup__9streambuf	streambuf::in_backup(void)
00064d44	Gbase__9streambuf	streambuf::Gbase(void)
00064d5c	eGptr__9streambuf	streambuf::eGptr(void)
00064d78	Bbase__9streambuf	streambuf::Bbase(void)
00064d98	Bptr__9streambuf	streambuf::Bptr(void)
00064da8	eBptr__9streambuf	streambuf::eBptr(void)
00064dc8	Nbase__9streambuf	streambuf::Nbase(void)
00064dd8	eNptr__9streambuf	streambuf::eNptr(void)
00064de8	have_backup__9streambuf	streambuf::have_backup(void)
00064dfc	have_markers__9streambuf	streambuf::have_markers(void)
00064e10	put_mode__9streambuf	streambuf::put_mode(void)
00064e24	pubseekoff__9streambufxQ23ios8seek_diri	streambuf::pubseekoff(long long, ios::seek_dir, int)
00064e4c	pubseekpos__9streambufxi	streambuf::pubseekpos(long long, int)
00064e6c	unbuffered__9streambuf	streambuf::unbuffered(void)
00064e80	linebuffered__9streambuf	streambuf::linebuffered(void)
00064e94	unbuffered__9streambufi	streambuf::unbuffered(int)
00064eac	linebuffered__9streambufi	streambuf::linebuffered(int)
00064ec8	allocate__9streambuf	streambuf::allocate(void)
00064ef4	allocbuf__9streambuf	streambuf::allocbuf(void)
00064f10	in_avail__9streambuf	streambuf::in_avail(void)
00064f24	out_waiting__9streambuf	streambuf::out_waiting(void)
00064f38	sputn__9streambufPCci	streambuf::sputn(char const *, int)
00064f60	padn__9streambufci	streambuf::padn(char, int)
00064f80	sgetn__9streambufPci	streambuf::sgetn(char *, int)
00064fa0	sputc__9streambufi	streambuf::sputc(int)
00064fbc	sbumpc__9streambuf	streambuf::sbumpc(void)
00064fd4	sgetc__9streambuf	streambuf::sgetc(void)
00064fec	snextc__9streambuf	streambuf::snextc(void)
00065024	stossc__9streambuf	streambuf::stossc(void)
0006503c	is_open__C7filebuf	filebuf::is_open(void) const
00065050	fd__C7filebuf	filebuf::fd(void) const
0006506c	is_reading__7filebuf	filebuf::is_reading(void)
000650a0	cur_ptr__7filebuf	filebuf::cur_ptr(void)
000650e0	file_ptr__7filebuf	filebuf::file_ptr(void)
000650f8	init__3iosP9streambufP7ostream	ios::init(streambuf *, ostream *)
00065148	__3iosP9streambufP7ostream	ios::ios(streambuf *, ostream *)
0006519c	_._3ios	ios::~ios(void)
000651e0	init__7filebuf	filebuf::init(void)
000651f8	__7filebuf	filebuf::filebuf(void)
00065258	__7filebufi	filebuf::filebuf(int)
000652bc	__7filebufiPci	filebuf::filebuf(int, char *, int)
0006533c	_._7filebuf	filebuf::~filebuf(void)
00065398	open__7filebufPCcii	filebuf::open(char const *, int, int)
00065448	open__7filebufPCcT1	filebuf::open(char const *, char const *)
00065468	attach__7filebufi	filebuf::attach(int)
00065484	setbuf__7filebufPci	filebuf::setbuf(char *, int)
000654a4	doallocate__7filebuf	filebuf::doallocate(void)
000654bc	overflow__7filebufi	filebuf::overflow(int)
000654d8	underflow__7filebuf	filebuf::underflow(void)
000654f0	sync__7filebuf	filebuf::sync(void)
00065508	seekoff__7filebufxQ23ios8seek_diri	filebuf::seekoff(long long, ios::seek_dir, int)
00065530	close__7filebuf	filebuf::close(void)
00065554	sys_read__7filebufPci	filebuf::sys_read(char *, int)
00065574	sys_seek__7filebufxQ23ios8seek_dir	filebuf::sys_seek(long long, ios::seek_dir)
00065594	sys_write__7filebufPCci	filebuf::sys_write(char const *, int)
000655b4	sys_stat__7filebufPv	filebuf::sys_stat(void *)
000655d0	sys_close__7filebuf	filebuf::sys_close(void)
000655e8	xsputn__7filebufPCci	filebuf::xsputn(char const *, int)
00065608	xsgetn__7filebufPci	filebuf::xsgetn(char *, int)
00065630	__as__22_IO_istream_withassignR7istream	_IO_istream_withassign::operator=(istream &)
00065694	__as__22_IO_ostream_withassignR7ostream	_IO_ostream_withassign::operator=(ostream &)
000656f4	__default_terminate	__default_terminate
00065710	__terminate	__terminate
00065738	__throw_type_match	__throw_type_match
0006576c	__empty	__empty
000657c8	__get_eh_context	__get_eh_context
000657ec	__get_eh_info	__get_eh_info
0006589c	__get_dynamic_handler_chain	__get_dynamic_handler_chain
000658c4	__sjthrow	__sjthrow
000659d4	__sjpopnthrow	__sjpopnthrow
00065acc	__eh_rtime_match	__eh_rtime_match
00065b24	__get_eh_table_version	__get_eh_table_version
00065b34	__get_eh_table_language	__get_eh_table_language
00065dd8	__unwinding_cleanup	__unwinding_cleanup
00066148	__throw	__throw
00066208	__rethrow	__rethrow
000662d4	__pure_virtual	__pure_virtual
00066310	__udivdi3	__udivdi3
00066430	__umoddi3	__umoddi3
000665c4	terminate__Fv	terminate(void)
000665e4	__default_unexpected__Fv	__default_unexpected(void)
00066600	set_terminate__FPFv_v	set_terminate(void (*)(void))
00066628	set_unexpected__FPFv_v	set_unexpected(void (*)(void))
00066654	unexpected__Fv	unexpected(void)
00066674	__cp_exception_info	__cp_exception_info
0006669c	__cp_eh_info	__cp_eh_info
000666c0	__start_cp_handler	__start_cp_handler
000666ec	__eh_alloc	__eh_alloc
00066724	__eh_free	__eh_free
00066750	__cplus_type_matcher	__cplus_type_matcher
000667bc	__cp_push_exception	__cp_push_exception
00066830	__cp_pop_exception	__cp_pop_exception
000668e0	__uncatch_exception	__uncatch_exception
00066910	__check_eh_spec	__check_eh_spec
00066ae4	__throw_bad_cast	__throw_bad_cast
00066b88	__throw_bad_typeid	__throw_bad_typeid
00066c28	uncaught_exception__Fv	uncaught_exception(void)
00066c5c	what__C9exception	exception::what(void) const
00066c84	__9exception	exception::exception(void)
00066cac	_._9exception	exception::~exception(void)
00066ce4	__13bad_exception	bad_exception::bad_exception(void)
00066d14	_._13bad_exception	bad_exception::~bad_exception(void)
000677d4	__register_frame_info	__register_frame_info
00067820	__register_frame	__register_frame
00067858	__register_frame_info_table	__register_frame_info_table
000678a0	__register_frame_table	__register_frame_table
000678d8	__deregister_frame_info	__deregister_frame_info
00067940	__deregister_frame	__deregister_frame
00067974	__frame_state_for	__frame_state_for
00067bf4	__builtin_delete	__builtin_delete
00067c94	__builtin_new	__builtin_new
00067df4	__builtin_vec_delete	__builtin_vec_delete
00067e94	__builtin_vec_new	__builtin_vec_new
00067f44	_._9type_info	type_info::~type_info(void)
00067f7c	__eq__C9type_infoRC9type_info	type_info::operator==(type_info const &) const
00067fc0	__rtti_class	__rtti_class
0006800c	__rtti_si	__rtti_si
00068054	__rtti_user	__rtti_user
0006808c	dcast__C16__user_type_infoRC9type_infoiPvPC9type_infoT3	__user_type_info::dcast(type_info const &, int, void *, type_info const *, void *) const
000680c4	dcast__C14__si_type_infoRC9type_infoiPvPC9type_infoT3	__si_type_info::dcast(type_info const &, int, void *, type_info const *, void *) const
00068124	dcast__C17__class_type_infoRC9type_infoiPvPC9type_infoT3	__class_type_info::dcast(type_info const &, int, void *, type_info const *, void *) const
00068274	__9type_infoPCc	type_info::type_info(char const *)
0006829c	name__C9type_info	type_info::name(void) const
000682ac	__ne__C9type_infoRC9type_info	type_info::operator!=(type_info const &) const
000682dc	__8bad_cast	bad_cast::bad_cast(void)
0006830c	_._8bad_cast	bad_cast::~bad_cast(void)
0006834c	__10bad_typeid	bad_typeid::bad_typeid(void)
0006837c	_._10bad_typeid	bad_typeid::~bad_typeid(void)
000683bc	__16__user_type_infoPCc	__user_type_info::__user_type_info(char const *)
000683f0	__14__si_type_infoPCcRC16__user_type_info	__si_type_info::__si_type_info(char const *, __user_type_info const &)
00068438	__17__class_type_infoPCcPCQ217__class_type_info9base_infoUi	__class_type_info::__class_type_info(char const *, __class_type_info::base_info const *, unsigned int)
00068494	before__C9type_infoRC9type_info	type_info::before(type_info const &) const
000684c8	__throw_type_match_rtti	__throw_type_match_rtti
00068960	__is_pointer__FPv	__is_pointer(void *)
000689b4	__rtti_ptr	__rtti_ptr
000689f0	__rtti_attr	__rtti_attr
00068a34	__rtti_func	__rtti_func
00068a6c	__rtti_ptmf	__rtti_ptmf
00068aa4	__rtti_ptmd	__rtti_ptmd
00068adc	__rtti_array	__rtti_array
00068b14	__dynamic_cast	__dynamic_cast
00068b68	__tfv	void type_info function
00068bb0	__tfx	long long type_info function
00068bf8	__tfl	long type_info function
00068c40	__tfi	int type_info function
00068c88	__tfs	short type_info function
00068cd0	__tfb	bool type_info function
00068d18	__tfc	char type_info function
00068d60	__tfw	wchar_t type_info function
00068da8	__tfr	long double type_info function
00068df0	__tfd	double type_info function
00068e38	__tff	float type_info function
00068e80	__tfUi	unsigned int type_info function
00068ec8	__tfUl	unsigned long type_info function
00068f10	__tfUx	unsigned long long type_info function
00068f58	__tfUs	unsigned short type_info function
00068fa0	__tfUc	unsigned char type_info function
00068fe8	__tfSc	signed char type_info function
00069030	set_new_handler__FPFv_v	set_new_handler(void (*)(void))
00069058	what__C9bad_alloc	bad_alloc::what(void) const
00069078	__nw__FUiPv	operator new(unsigned int, void *)
00069094	__vn__FUiPv	operator new [](unsigned int, void *)
00069124	_S_chunk_alloc__t24__default_alloc_template2b1i0UiRi	__default_alloc_template<true, 0>::_S_chunk_alloc(unsigned int, int &)
000692d4	clone__Q2t12basic_string3ZcZt18string_char_traits1ZcZt24__default_alloc_template2b1i0_3Rep	basic_string<char, string_char_traits<char>, __default_alloc_template<true, 0> >::Rep::clone(void)
000694f4	alloc__t12basic_string3ZcZt18string_char_traits1ZcZt24__default_alloc_template2b1i0Uib	basic_string<char, string_char_traits<char>, __default_alloc_template<true, 0> >::alloc(unsigned int, bool)
000697d4	replace__t12basic_string3ZcZt18string_char_traits1ZcZt24__default_alloc_template2b1i0UiUiUic	basic_string<char, string_char_traits<char>, __default_alloc_template<true, 0> >::replace(unsigned int, unsigned int, unsigned int, char)
00069ba4	replace__t12basic_string3ZcZt18string_char_traits1ZcZt24__default_alloc_template2b1i0UiUiPCcUi	basic_string<char, string_char_traits<char>, __default_alloc_template<true, 0> >::replace(unsigned int, unsigned int, char const *, unsigned int)
00069f84	replace__t12basic_string3ZcZt18string_char_traits1ZcZt24__default_alloc_template2b1i0UiUiRCt12basic_string3ZcZt18string_char_traits1ZcZt24__default_alloc_template2b1i0UiUi	basic_string<char, string_char_traits<char>, __default_alloc_template<true, 0> >::replace(unsigned int, unsigned int, basic_string<char, string_char_traits<char>, __default_alloc_template<true, 0> > const &, unsigned int, unsigned int)
0006a0e4	replace__H1ZPCc_t12basic_string3ZcZt18string_char_traits1ZcZt24__default_alloc_template2b1i0PcT1X00X00_Rt12basic_string3ZcZt18string_char_traits1ZcZt24__default_alloc_template2b1i0	basic_string<char, string_char_traits<char>, __default_alloc_template<true, 0> > & basic_string<char, string_char_traits<char>, __default_alloc_template<true, 0> >::replace<char const *>(char *, char *, char const *, char const *)
0006a4e4	compare__Ct12basic_string3ZcZt18string_char_traits1ZcZt24__default_alloc_template2b1i0RCt12basic_string3ZcZt18string_char_traits1ZcZt24__default_alloc_template2b1i0UiUi	basic_string<char, string_char_traits<char>, __default_alloc_template<true, 0> >::compare(basic_string<char, string_char_traits<char>, __default_alloc_template<true, 0> > const &, unsigned int, unsigned int) const
0006a594	_M_insert__t8_Rb_tree5ZUiZt4pair2ZCUiZP18cISC3CityAgentTypeZt10_Select1st1Zt4pair2ZCUiZP18cISC3CityAgentTypeZt4less1ZUiZt9allocator1ZP18cISC3CityAgentTypeP18_Rb_tree_node_baseT1RCt4pair2ZCUiZP18cISC3CityAgentType	_Rb_tree<unsigned int, pair<unsigned int const, cISC3CityAgentType *>, _Select1st<pair<unsigned int const, cISC3CityAgentType *> >, less<unsigned int>, allocator<cISC3CityAgentType *> >::_M_insert(_Rb_tree_node_base *, _Rb_tree_node_base *, pair<unsigned int const, cISC3CityAgentType *> const &)
0006a974	insert_unique__t8_Rb_tree5ZUiZt4pair2ZCUiZP18cISC3CityAgentTypeZt10_Select1st1Zt4pair2ZCUiZP18cISC3CityAgentTypeZt4less1ZUiZt9allocator1ZP18cISC3CityAgentTypeRCt4pair2ZCUiZP18cISC3CityAgentType	_Rb_tree<unsigned int, pair<unsigned int const, cISC3CityAgentType *>, _Select1st<pair<unsigned int const, cISC3CityAgentType *> >, less<unsigned int>, allocator<cISC3CityAgentType *> >::insert_unique(pair<unsigned int const, cISC3CityAgentType *> const &)
0006aa60	find__t8_Rb_tree5ZUiZt4pair2ZCUiZP18cISC3CityAgentTypeZt10_Select1st1Zt4pair2ZCUiZP18cISC3CityAgentTypeZt4less1ZUiZt9allocator1ZP18cISC3CityAgentTypeRCUi	_Rb_tree<unsigned int, pair<unsigned int const, cISC3CityAgentType *>, _Select1st<pair<unsigned int const, cISC3CityAgentType *> >, less<unsigned int>, allocator<cISC3CityAgentType *> >::find(unsigned int const &)
0006aac4	_M_erase__t8_Rb_tree5ZUiZt4pair2ZCUiZP18cISC3CityAgentTypeZt10_Select1st1Zt4pair2ZCUiZP18cISC3CityAgentTypeZt4less1ZUiZt9allocator1ZP18cISC3CityAgentTypePt13_Rb_tree_node1Zt4pair2ZCUiZP18cISC3CityAgentType	_Rb_tree<unsigned int, pair<unsigned int const, cISC3CityAgentType *>, _Select1st<pair<unsigned int const, cISC3CityAgentType *> >, less<unsigned int>, allocator<cISC3CityAgentType *> >::_M_erase(_Rb_tree_node<pair<unsigned int const, cISC3CityAgentType *> > *)
0006ab44	_M_erase__t8_Rb_tree5ZQ217cSC3AgentTypeTree6IDPairZt4pair2ZCQ217cSC3AgentTypeTree6IDPairZQ217cSC3AgentTypeTree12AncestorDataZt10_Select1st1Zt4pair2ZCQ217cSC3AgentTypeTree6IDPairZQ217cSC3AgentTypeTree12AncestorDataZt4less1ZQ217cSC3AgentTypeTree6IDPairZt9allocator1ZQ217cSC3AgentTypeTree12AncestorDataPt13_Rb_tree_node1Zt4pair2ZCQ217cSC3AgentTypeTree6IDPairZQ217cSC3AgentTypeTree12AncestorData	_Rb_tree<cSC3AgentTypeTree::IDPair, pair<cSC3AgentTypeTree::IDPair const, cSC3AgentTypeTree::AncestorData>, _Select1st<pair<cSC3AgentTypeTree::IDPair const, cSC3AgentTypeTree::AncestorData> >, less<cSC3AgentTypeTree::IDPair>, allocator<cSC3AgentTypeTree::AncestorData> >::_M_erase(_Rb_tree_node<pair<cSC3AgentTypeTree::IDPair const, cSC3AgentTypeTree::AncestorData> > *)
0006abc4	_M_insert__t8_Rb_tree5ZQ217cSC3AgentTypeTree6IDPairZt4pair2ZCQ217cSC3AgentTypeTree6IDPairZQ217cSC3AgentTypeTree12AncestorDataZt10_Select1st1Zt4pair2ZCQ217cSC3AgentTypeTree6IDPairZQ217cSC3AgentTypeTree12AncestorDataZt4less1ZQ217cSC3AgentTypeTree6IDPairZt9allocator1ZQ217cSC3AgentTypeTree12AncestorDataP18_Rb_tree_node_baseT1RCt4pair2ZCQ217cSC3AgentTypeTree6IDPairZQ217cSC3AgentTypeTree12AncestorData	_Rb_tree<cSC3AgentTypeTree::IDPair, pair<cSC3AgentTypeTree::IDPair const, cSC3AgentTypeTree::AncestorData>, _Select1st<pair<cSC3AgentTypeTree::IDPair const, cSC3AgentTypeTree::AncestorData> >, less<cSC3AgentTypeTree::IDPair>, allocator<cSC3AgentTypeTree::AncestorData> >::_M_insert(_Rb_tree_node_base *, _Rb_tree_node_base *, pair<cSC3AgentTypeTree::IDPair const, cSC3AgentTypeTree::AncestorData> const &)
0006afe4	insert_unique__t8_Rb_tree5ZQ217cSC3AgentTypeTree6IDPairZt4pair2ZCQ217cSC3AgentTypeTree6IDPairZQ217cSC3AgentTypeTree12AncestorDataZt10_Select1st1Zt4pair2ZCQ217cSC3AgentTypeTree6IDPairZQ217cSC3AgentTypeTree12AncestorDataZt4less1ZQ217cSC3AgentTypeTree6IDPairZt9allocator1ZQ217cSC3AgentTypeTree12AncestorDataRCt4pair2ZCQ217cSC3AgentTypeTree6IDPairZQ217cSC3AgentTypeTree12AncestorData	_Rb_tree<cSC3AgentTypeTree::IDPair, pair<cSC3AgentTypeTree::IDPair const, cSC3AgentTypeTree::AncestorData>, _Select1st<pair<cSC3AgentTypeTree::IDPair const, cSC3AgentTypeTree::AncestorData> >, less<cSC3AgentTypeTree::IDPair>, allocator<cSC3AgentTypeTree::AncestorData> >::insert_unique(pair<cSC3AgentTypeTree::IDPair const, cSC3AgentTypeTree::AncestorData> const &)
0006b154	insert_unique__t8_Rb_tree5ZQ217cSC3AgentTypeTree6IDPairZt4pair2ZCQ217cSC3AgentTypeTree6IDPairZQ217cSC3AgentTypeTree12AncestorDataZt10_Select1st1Zt4pair2ZCQ217cSC3AgentTypeTree6IDPairZQ217cSC3AgentTypeTree12AncestorDataZt4less1ZQ217cSC3AgentTypeTree6IDPairZt9allocator1ZQ217cSC3AgentTypeTree12AncestorDataGt17_Rb_tree_iterator3Zt4pair2ZCQ217cSC3AgentTypeTree6IDPairZQ217cSC3AgentTypeTree12AncestorDataZRt4pair2ZCQ217cSC3AgentTypeTree6IDPairZQ217cSC3AgentTypeTree12AncestorDataZPt4pair2ZCQ217cSC3AgentTypeTree6IDPairZQ217cSC3AgentTypeTree12AncestorDataRCt4pair2ZCQ217cSC3AgentTypeTree6IDPairZQ217cSC3AgentTypeTree12AncestorData	_Rb_tree<cSC3AgentTypeTree::IDPair, pair<cSC3AgentTypeTree::IDPair const, cSC3AgentTypeTree::AncestorData>, _Select1st<pair<cSC3AgentTypeTree::IDPair const, cSC3AgentTypeTree::AncestorData> >, less<cSC3AgentTypeTree::IDPair>, allocator<cSC3AgentTypeTree::AncestorData> >::insert_unique(_Rb_tree_iterator<pair<cSC3AgentTypeTree::IDPair const, cSC3AgentTypeTree::AncestorData>, pair<cSC3AgentTypeTree::IDPair const, cSC3AgentTypeTree::AncestorData> &, pair<cSC3AgentTypeTree::IDPair const, cSC3AgentTypeTree::AncestorData> *>, pair<cSC3AgentTypeTree::IDPair const, cSC3AgentTypeTree::AncestorData> const &)
0006b324	erase__t8_Rb_tree5ZUiZt4pair2ZCUiZP18cISC3CityAgentTypeZt10_Select1st1Zt4pair2ZCUiZP18cISC3CityAgentTypeZt4less1ZUiZt9allocator1ZP18cISC3CityAgentTypeGt17_Rb_tree_iterator3Zt4pair2ZCUiZP18cISC3CityAgentTypeZRt4pair2ZCUiZP18cISC3CityAgentTypeZPt4pair2ZCUiZP18cISC3CityAgentTypeT1	_Rb_tree<unsigned int, pair<unsigned int const, cISC3CityAgentType *>, _Select1st<pair<unsigned int const, cISC3CityAgentType *> >, less<unsigned int>, allocator<cISC3CityAgentType *> >::erase(_Rb_tree_iterator<pair<unsigned int const, cISC3CityAgentType *>, pair<unsigned int const, cISC3CityAgentType *> &, pair<unsigned int const, cISC3CityAgentType *> *>, _Rb_tree_iterator<pair<unsigned int const, cISC3CityAgentType *>, pair<unsigned int const, cISC3CityAgentType *> &, pair<unsigned int const, cISC3CityAgentType *> *>)
0006b830	_._t3map4ZUiZP18cISC3CityAgentTypeZt4less1ZUiZt9allocator1ZP18cISC3CityAgentType	map<unsigned int, cISC3CityAgentType *, less<unsigned int>, allocator<cISC3CityAgentType *> >::~map(void)
0006b8e4	_S_oom_malloc__t23__malloc_alloc_template1i0Ui	__malloc_alloc_template<0>::_S_oom_malloc(unsigned int)
0006b964	_S_refill__t24__default_alloc_template2b1i0Ui	__default_alloc_template<true, 0>::_S_refill(unsigned int)
0006b9f0	lower_bound__t8_Rb_tree5ZQ217cSC3AgentTypeTree6IDPairZt4pair2ZCQ217cSC3AgentTypeTree6IDPairZQ217cSC3AgentTypeTree12AncestorDataZt10_Select1st1Zt4pair2ZCQ217cSC3AgentTypeTree6IDPairZQ217cSC3AgentTypeTree12AncestorDataZt4less1ZQ217cSC3AgentTypeTree6IDPairZt9allocator1ZQ217cSC3AgentTypeTree12AncestorDataRCQ217cSC3AgentTypeTree6IDPair	_Rb_tree<cSC3AgentTypeTree::IDPair, pair<cSC3AgentTypeTree::IDPair const, cSC3AgentTypeTree::AncestorData>, _Select1st<pair<cSC3AgentTypeTree::IDPair const, cSC3AgentTypeTree::AncestorData> >, less<cSC3AgentTypeTree::IDPair>, allocator<cSC3AgentTypeTree::AncestorData> >::lower_bound(cSC3AgentTypeTree::IDPair const &)
0006ba5c	_._t3map4ZQ217cSC3AgentTypeTree6IDPairZQ217cSC3AgentTypeTree12AncestorDataZt4less1ZQ217cSC3AgentTypeTree6IDPairZt9allocator1ZQ217cSC3AgentTypeTree12AncestorData	map<cSC3AgentTypeTree::IDPair, cSC3AgentTypeTree::AncestorData, less<cSC3AgentTypeTree::IDPair>, allocator<cSC3AgentTypeTree::AncestorData> >::~map(void)
0006bb04	_._7cRZPath	cRZPath::~cRZPath(void)
0006bdd4	compare__Ct12basic_string3ZcZt18string_char_traits1ZcZt24__default_alloc_template2b1i0PCcUiUi	basic_string<char, string_char_traits<char>, __default_alloc_template<true, 0> >::compare(char const *, unsigned int, unsigned int) const
0006be54	__uninitialized_copy_aux__H2ZPQ217cSC3CitySchemeMgr16tBuildingSetInfoZPQ217cSC3CitySchemeMgr16tBuildingSetInfo_X01X01X11G12__false_type_X11	cSC3CitySchemeMgr::tBuildingSetInfo * __uninitialized_copy_aux<cSC3CitySchemeMgr::tBuildingSetInfo *, cSC3CitySchemeMgr::tBuildingSetInfo *>(cSC3CitySchemeMgr::tBuildingSetInfo *, cSC3CitySchemeMgr::tBuildingSetInfo *, cSC3CitySchemeMgr::tBuildingSetInfo *, __false_type)
0006bea4	_M_insert_aux__t6vector2ZQ217cSC3CitySchemeMgr16tBuildingSetInfoZt9allocator1ZQ217cSC3CitySchemeMgr16tBuildingSetInfoPQ217cSC3CitySchemeMgr16tBuildingSetInfoRCQ217cSC3CitySchemeMgr16tBuildingSetInfo	vector<cSC3CitySchemeMgr::tBuildingSetInfo, allocator<cSC3CitySchemeMgr::tBuildingSetInfo> >::_M_insert_aux(cSC3CitySchemeMgr::tBuildingSetInfo *, cSC3CitySchemeMgr::tBuildingSetInfo const &)
0006c274	__uninitialized_copy_aux__H2ZPQ217cSC3CitySchemeMgr13tFloraSetInfoZPQ217cSC3CitySchemeMgr13tFloraSetInfo_X01X01X11G12__false_type_X11	cSC3CitySchemeMgr::tFloraSetInfo * __uninitialized_copy_aux<cSC3CitySchemeMgr::tFloraSetInfo *, cSC3CitySchemeMgr::tFloraSetInfo *>(cSC3CitySchemeMgr::tFloraSetInfo *, cSC3CitySchemeMgr::tFloraSetInfo *, cSC3CitySchemeMgr::tFloraSetInfo *, __false_type)
0006c2c4	_M_insert_aux__t6vector2ZQ217cSC3CitySchemeMgr13tFloraSetInfoZt9allocator1ZQ217cSC3CitySchemeMgr13tFloraSetInfoPQ217cSC3CitySchemeMgr13tFloraSetInfoRCQ217cSC3CitySchemeMgr13tFloraSetInfo	vector<cSC3CitySchemeMgr::tFloraSetInfo, allocator<cSC3CitySchemeMgr::tFloraSetInfo> >::_M_insert_aux(cSC3CitySchemeMgr::tFloraSetInfo *, cSC3CitySchemeMgr::tFloraSetInfo const &)
0006c694	__uninitialized_copy_aux__H2ZPQ217cSC3CitySchemeMgr14tLandScapeInfoZPQ217cSC3CitySchemeMgr14tLandScapeInfo_X01X01X11G12__false_type_X11	cSC3CitySchemeMgr::tLandScapeInfo * __uninitialized_copy_aux<cSC3CitySchemeMgr::tLandScapeInfo *, cSC3CitySchemeMgr::tLandScapeInfo *>(cSC3CitySchemeMgr::tLandScapeInfo *, cSC3CitySchemeMgr::tLandScapeInfo *, cSC3CitySchemeMgr::tLandScapeInfo *, __false_type)
0006c6e4	_M_insert_aux__t6vector2ZQ217cSC3CitySchemeMgr14tLandScapeInfoZt9allocator1ZQ217cSC3CitySchemeMgr14tLandScapeInfoPQ217cSC3CitySchemeMgr14tLandScapeInfoRCQ217cSC3CitySchemeMgr14tLandScapeInfo	vector<cSC3CitySchemeMgr::tLandScapeInfo, allocator<cSC3CitySchemeMgr::tLandScapeInfo> >::_M_insert_aux(cSC3CitySchemeMgr::tLandScapeInfo *, cSC3CitySchemeMgr::tLandScapeInfo const &)
0006cab4	_M_insert__t8_Rb_tree5Z14cGZResourceKeyZ14cGZResourceKeyZt9_Identity1Z14cGZResourceKeyZQ217cSC3CitySchemeMgr11cLessResKeyZt9allocator1Z14cGZResourceKeyP18_Rb_tree_node_baseT1RC14cGZResourceKey	_Rb_tree<cGZResourceKey, cGZResourceKey, _Identity<cGZResourceKey>, cSC3CitySchemeMgr::cLessResKey, allocator<cGZResourceKey> >::_M_insert(_Rb_tree_node_base *, _Rb_tree_node_base *, cGZResourceKey const &)
0006ced4	insert_unique__t8_Rb_tree5Z14cGZResourceKeyZ14cGZResourceKeyZt9_Identity1Z14cGZResourceKeyZQ217cSC3CitySchemeMgr11cLessResKeyZt9allocator1Z14cGZResourceKeyRC14cGZResourceKey	_Rb_tree<cGZResourceKey, cGZResourceKey, _Identity<cGZResourceKey>, cSC3CitySchemeMgr::cLessResKey, allocator<cGZResourceKey> >::insert_unique(cGZResourceKey const &)
0006d064	_M_insert_aux__t6vector2ZUiZt9allocator1ZUiPUiRCUi	vector<unsigned int, allocator<unsigned int> >::_M_insert_aux(unsigned int *, unsigned int const &)
0006d394	_M_erase__t8_Rb_tree5Z14cGZResourceKeyZt4pair2ZC14cGZResourceKeyZ14cGZResourceKeyZt10_Select1st1Zt4pair2ZC14cGZResourceKeyZ14cGZResourceKeyZt4less1Z14cGZResourceKeyZt9allocator1Z14cGZResourceKeyPt13_Rb_tree_node1Zt4pair2ZC14cGZResourceKeyZ14cGZResourceKey	_Rb_tree<cGZResourceKey, pair<cGZResourceKey const, cGZResourceKey>, _Select1st<pair<cGZResourceKey const, cGZResourceKey> >, less<cGZResourceKey>, allocator<cGZResourceKey> >::_M_erase(_Rb_tree_node<pair<cGZResourceKey const, cGZResourceKey> > *)
0006d414	__uninitialized_copy_aux__H2ZP14cGZResourceKeyZP14cGZResourceKey_X01X01X11G12__false_type_X11	cGZResourceKey * __uninitialized_copy_aux<cGZResourceKey *, cGZResourceKey *>(cGZResourceKey *, cGZResourceKey *, cGZResourceKey *, __false_type)
0006d464	_M_insert_aux__t6vector2Z14cGZResourceKeyZt9allocator1Z14cGZResourceKeyP14cGZResourceKeyRC14cGZResourceKey	vector<cGZResourceKey, allocator<cGZResourceKey> >::_M_insert_aux(cGZResourceKey *, cGZResourceKey const &)
0006d844	_M_erase__t8_Rb_tree5Z14cGZResourceKeyZ14cGZResourceKeyZt9_Identity1Z14cGZResourceKeyZQ217cSC3CitySchemeMgr11cLessResKeyZt9allocator1Z14cGZResourceKeyPt13_Rb_tree_node1Z14cGZResourceKey	_Rb_tree<cGZResourceKey, cGZResourceKey, _Identity<cGZResourceKey>, cSC3CitySchemeMgr::cLessResKey, allocator<cGZResourceKey> >::_M_erase(_Rb_tree_node<cGZResourceKey> *)
0006d8c0	find__Ct8_Rb_tree5Z14cGZResourceKeyZ14cGZResourceKeyZt9_Identity1Z14cGZResourceKeyZQ217cSC3CitySchemeMgr11cLessResKeyZt9allocator1Z14cGZResourceKeyRC14cGZResourceKey	_Rb_tree<cGZResourceKey, cGZResourceKey, _Identity<cGZResourceKey>, cSC3CitySchemeMgr::cLessResKey, allocator<cGZResourceKey> >::find(cGZResourceKey const &) const
0006d990	find__t8_Rb_tree5Z14cGZResourceKeyZt4pair2ZC14cGZResourceKeyZ14cGZResourceKeyZt10_Select1st1Zt4pair2ZC14cGZResourceKeyZ14cGZResourceKeyZt4less1Z14cGZResourceKeyZt9allocator1Z14cGZResourceKeyRC14cGZResourceKey	_Rb_tree<cGZResourceKey, pair<cGZResourceKey const, cGZResourceKey>, _Select1st<pair<cGZResourceKey const, cGZResourceKey> >, less<cGZResourceKey>, allocator<cGZResourceKey> >::find(cGZResourceKey const &)
0006da64	_M_insert__t8_Rb_tree5Z14cGZResourceKeyZt4pair2ZC14cGZResourceKeyZ14cGZResourceKeyZt10_Select1st1Zt4pair2ZC14cGZResourceKeyZ14cGZResourceKeyZt4less1Z14cGZResourceKeyZt9allocator1Z14cGZResourceKeyP18_Rb_tree_node_baseT1RCt4pair2ZC14cGZResourceKeyZ14cGZResourceKey	_Rb_tree<cGZResourceKey, pair<cGZResourceKey const, cGZResourceKey>, _Select1st<pair<cGZResourceKey const, cGZResourceKey> >, less<cGZResourceKey>, allocator<cGZResourceKey> >::_M_insert(_Rb_tree_node_base *, _Rb_tree_node_base *, pair<cGZResourceKey const, cGZResourceKey> const &)
0006deb4	insert_unique__t8_Rb_tree5Z14cGZResourceKeyZt4pair2ZC14cGZResourceKeyZ14cGZResourceKeyZt10_Select1st1Zt4pair2ZC14cGZResourceKeyZ14cGZResourceKeyZt4less1Z14cGZResourceKeyZt9allocator1Z14cGZResourceKeyRCt4pair2ZC14cGZResourceKeyZ14cGZResourceKey	_Rb_tree<cGZResourceKey, pair<cGZResourceKey const, cGZResourceKey>, _Select1st<pair<cGZResourceKey const, cGZResourceKey> >, less<cGZResourceKey>, allocator<cGZResourceKey> >::insert_unique(pair<cGZResourceKey const, cGZResourceKey> const &)
0006e044	insert_unique__t8_Rb_tree5Z14cGZResourceKeyZt4pair2ZC14cGZResourceKeyZ14cGZResourceKeyZt10_Select1st1Zt4pair2ZC14cGZResourceKeyZ14cGZResourceKeyZt4less1Z14cGZResourceKeyZt9allocator1Z14cGZResourceKeyGt17_Rb_tree_iterator3Zt4pair2ZC14cGZResourceKeyZ14cGZResourceKeyZRt4pair2ZC14cGZResourceKeyZ14cGZResourceKeyZPt4pair2ZC14cGZResourceKeyZ14cGZResourceKeyRCt4pair2ZC14cGZResourceKeyZ14cGZResourceKey	_Rb_tree<cGZResourceKey, pair<cGZResourceKey const, cGZResourceKey>, _Select1st<pair<cGZResourceKey const, cGZResourceKey> >, less<cGZResourceKey>, allocator<cGZResourceKey> >::insert_unique(_Rb_tree_iterator<pair<cGZResourceKey const, cGZResourceKey>, pair<cGZResourceKey const, cGZResourceKey> &, pair<cGZResourceKey const, cGZResourceKey> *>, pair<cGZResourceKey const, cGZResourceKey> const &)
0006e2b4	_._17cRZDirectoryEntry	cRZDirectoryEntry::~cRZDirectoryEntry(void)
0006e374	clear__t10_List_base2Z17cRZDirectoryEntryZt9allocator1Z17cRZDirectoryEntry	_List_base<cRZDirectoryEntry, allocator<cRZDirectoryEntry> >::clear(void)
0006e414	clear__t10_List_base2Z9cRZStringZt9allocator1Z9cRZString	_List_base<cRZString, allocator<cRZString> >::clear(void)
0006e4b4	__uninitialized_copy_aux__H2ZPQ217cSC3CitySchemeMgr12tSegmentInfoZPQ217cSC3CitySchemeMgr12tSegmentInfo_X01X01X11G12__false_type_X11	cSC3CitySchemeMgr::tSegmentInfo * __uninitialized_copy_aux<cSC3CitySchemeMgr::tSegmentInfo *, cSC3CitySchemeMgr::tSegmentInfo *>(cSC3CitySchemeMgr::tSegmentInfo *, cSC3CitySchemeMgr::tSegmentInfo *, cSC3CitySchemeMgr::tSegmentInfo *, __false_type)
0006e594	_M_insert_aux__t6vector2ZQ217cSC3CitySchemeMgr12tSegmentInfoZt9allocator1ZQ217cSC3CitySchemeMgr12tSegmentInfoPQ217cSC3CitySchemeMgr12tSegmentInfoRCQ217cSC3CitySchemeMgr12tSegmentInfo	vector<cSC3CitySchemeMgr::tSegmentInfo, allocator<cSC3CitySchemeMgr::tSegmentInfo> >::_M_insert_aux(cSC3CitySchemeMgr::tSegmentInfo *, cSC3CitySchemeMgr::tSegmentInfo const &)
0006e9c4	find__H2ZP14cGZResourceKeyZ14cGZResourceKey_X01X01RCX11G26random_access_iterator_tag_X01	cGZResourceKey * find<cGZResourceKey *, cGZResourceKey>(cGZResourceKey *, cGZResourceKey *, cGZResourceKey const &, random_access_iterator_tag)
0006eb44	_._12cRZDirectory	cRZDirectory::~cRZDirectory(void)
0006ecd4	_._Q217cSC3CitySchemeMgr12tSegmentInfo	cSC3CitySchemeMgr::tSegmentInfo::~tSegmentInfo(void)
0006ed94	__Q217cSC3CitySchemeMgr12tSegmentInfo	cSC3CitySchemeMgr::tSegmentInfo::tSegmentInfo(void)
0006ee04	__Q217cSC3CitySchemeMgr12tSegmentInfoRCQ217cSC3CitySchemeMgr12tSegmentInfo	cSC3CitySchemeMgr::tSegmentInfo::tSegmentInfo(cSC3CitySchemeMgr::tSegmentInfo const &)
0006eea4	__as__Q217cSC3CitySchemeMgr12tSegmentInfoRCQ217cSC3CitySchemeMgr12tSegmentInfo	cSC3CitySchemeMgr::tSegmentInfo::operator=(cSC3CitySchemeMgr::tSegmentInfo const &)
0006ef8c	_._t3map4Z14cGZResourceKeyZ14cGZResourceKeyZt4less1Z14cGZResourceKeyZt9allocator1Z14cGZResourceKey	map<cGZResourceKey, cGZResourceKey, less<cGZResourceKey>, allocator<cGZResourceKey> >::~map(void)
0006f034	_._t3set3Z14cGZResourceKeyZQ217cSC3CitySchemeMgr11cLessResKeyZt9allocator1Z14cGZResourceKey	set<cGZResourceKey, cSC3CitySchemeMgr::cLessResKey, allocator<cGZResourceKey> >::~set(void)
0006f0e0	lower_bound__t8_Rb_tree5Z14cGZResourceKeyZt4pair2ZC14cGZResourceKeyZ14cGZResourceKeyZt10_Select1st1Zt4pair2ZC14cGZResourceKeyZ14cGZResourceKeyZt4less1Z14cGZResourceKeyZt9allocator1Z14cGZResourceKeyRC14cGZResourceKey	_Rb_tree<cGZResourceKey, pair<cGZResourceKey const, cGZResourceKey>, _Select1st<pair<cGZResourceKey const, cGZResourceKey> >, less<cGZResourceKey>, allocator<cGZResourceKey> >::lower_bound(cGZResourceKey const &)
0006f150	__thunk_4__._16cSC3CmdCloseCity	virtual function thunk (delta:-4) for cSC3CmdCloseCity::~cSC3CmdCloseCity(void)
0006f16c	__thunk_4_Release__14cRZGameCommand	virtual function thunk (delta:-4) for cRZGameCommand::Release(void)
0006f188	__thunk_4_AddRef__14cRZGameCommand	virtual function thunk (delta:-4) for cRZGameCommand::AddRef(void)
0006f1a4	__thunk_4__._15cSC3CmdSaveCity	virtual function thunk (delta:-4) for cSC3CmdSaveCity::~cSC3CmdSaveCity(void)
0006f1c0	__thunk_4__._15cSC3CmdLoadCity	virtual function thunk (delta:-4) for cSC3CmdLoadCity::~cSC3CmdLoadCity(void)
0006f1dc	__thunk_4__._21cSC3CmdLoadSaveDialog	virtual function thunk (delta:-4) for cSC3CmdLoadSaveDialog::~cSC3CmdLoadSaveDialog(void)
0006f1fc	_._21cSC3CmdLoadSaveDialog	cSC3CmdLoadSaveDialog::~cSC3CmdLoadSaveDialog(void)
0006f23c	_._15cSC3CmdLoadCity	cSC3CmdLoadCity::~cSC3CmdLoadCity(void)
0006f27c	_._15cSC3CmdSaveCity	cSC3CmdSaveCity::~cSC3CmdSaveCity(void)
0006f2bc	_._16cSC3CmdCloseCity	cSC3CmdCloseCity::~cSC3CmdCloseCity(void)
0006f2f8	__thunk_4__._14cSC3CmdNewCity	virtual function thunk (delta:-4) for cSC3CmdNewCity::~cSC3CmdNewCity(void)
0006f318	_._14cSC3CmdNewCity	cSC3CmdNewCity::~cSC3CmdNewCity(void)
0006f358	_._21cSC3CmdSimInitFactory	cSC3CmdSimInitFactory::~cSC3CmdSimInitFactory(void)
0006f390	find__t8_Rb_tree5Z14cGZResourceKeyZt4pair2ZC14cGZResourceKeyZP19cISC3OccupantAttribZt10_Select1st1Zt4pair2ZC14cGZResourceKeyZP19cISC3OccupantAttribZt4less1Z14cGZResourceKeyZt9allocator1ZP19cISC3OccupantAttribRC14cGZResourceKey	_Rb_tree<cGZResourceKey, pair<cGZResourceKey const, cISC3OccupantAttrib *>, _Select1st<pair<cGZResourceKey const, cISC3OccupantAttrib *> >, less<cGZResourceKey>, allocator<cISC3OccupantAttrib *> >::find(cGZResourceKey const &)
0006f464	_M_insert__t8_Rb_tree5Z14cGZResourceKeyZt4pair2ZC14cGZResourceKeyZP19cISC3OccupantAttribZt10_Select1st1Zt4pair2ZC14cGZResourceKeyZP19cISC3OccupantAttribZt4less1Z14cGZResourceKeyZt9allocator1ZP19cISC3OccupantAttribP18_Rb_tree_node_baseT1RCt4pair2ZC14cGZResourceKeyZP19cISC3OccupantAttrib	_Rb_tree<cGZResourceKey, pair<cGZResourceKey const, cISC3OccupantAttrib *>, _Select1st<pair<cGZResourceKey const, cISC3OccupantAttrib *> >, less<cGZResourceKey>, allocator<cISC3OccupantAttrib *> >::_M_insert(_Rb_tree_node_base *, _Rb_tree_node_base *, pair<cGZResourceKey const, cISC3OccupantAttrib *> const &)
0006f894	insert_unique__t8_Rb_tree5Z14cGZResourceKeyZt4pair2ZC14cGZResourceKeyZP19cISC3OccupantAttribZt10_Select1st1Zt4pair2ZC14cGZResourceKeyZP19cISC3OccupantAttribZt4less1Z14cGZResourceKeyZt9allocator1ZP19cISC3OccupantAttribRCt4pair2ZC14cGZResourceKeyZP19cISC3OccupantAttrib	_Rb_tree<cGZResourceKey, pair<cGZResourceKey const, cISC3OccupantAttrib *>, _Select1st<pair<cGZResourceKey const, cISC3OccupantAttrib *> >, less<cGZResourceKey>, allocator<cISC3OccupantAttrib *> >::insert_unique(pair<cGZResourceKey const, cISC3OccupantAttrib *> const &)
0006fa24	__uninitialized_copy_aux__H2ZPQ223cSC3OccupantAttribCache14tOccAttribInfoZPQ223cSC3OccupantAttribCache14tOccAttribInfo_X01X01X11G12__false_type_X11	cSC3OccupantAttribCache::tOccAttribInfo * __uninitialized_copy_aux<cSC3OccupantAttribCache::tOccAttribInfo *, cSC3OccupantAttribCache::tOccAttribInfo *>(cSC3OccupantAttribCache::tOccAttribInfo *, cSC3OccupantAttribCache::tOccAttribInfo *, cSC3OccupantAttribCache::tOccAttribInfo *, __false_type)
0006fa84	_M_insert_aux__t6vector2ZQ223cSC3OccupantAttribCache14tOccAttribInfoZt9allocator1ZQ223cSC3OccupantAttribCache14tOccAttribInfoPQ223cSC3OccupantAttribCache14tOccAttribInfoRCQ223cSC3OccupantAttribCache14tOccAttribInfo	vector<cSC3OccupantAttribCache::tOccAttribInfo, allocator<cSC3OccupantAttribCache::tOccAttribInfo> >::_M_insert_aux(cSC3OccupantAttribCache::tOccAttribInfo *, cSC3OccupantAttribCache::tOccAttribInfo const &)
0006fed4	_M_erase__t8_Rb_tree5ZQ223cSC3OccupantAttribCache9_tLotSizeZt4pair2ZCQ223cSC3OccupantAttribCache9_tLotSizeZPt6vector2ZUiZt9allocator1ZUiZt10_Select1st1Zt4pair2ZCQ223cSC3OccupantAttribCache9_tLotSizeZPt6vector2ZUiZt9allocator1ZUiZt4less1ZQ223cSC3OccupantAttribCache9_tLotSizeZt9allocator1ZPt6vector2ZUiZt9allocator1ZUiPt13_Rb_tree_node1Zt4pair2ZCQ223cSC3OccupantAttribCache9_tLotSizeZPt6vector2ZUiZt9allocator1ZUi	_Rb_tree<cSC3OccupantAttribCache::_tLotSize, pair<cSC3OccupantAttribCache::_tLotSize const, vector<unsigned int, allocator<unsigned int> > *>, _Select1st<pair<cSC3OccupantAttribCache::_tLotSize const, vector<unsigned int, allocator<unsigned int> > *> >, less<cSC3OccupantAttribCache::_tLotSize>, allocator<vector<unsigned int, allocator<unsigned int> > *> >::_M_erase(_Rb_tree_node<pair<cSC3OccupantAttribCache::_tLotSize const, vector<unsigned int, allocator<unsigned int> > *> > *)
0006ff54	_M_insert__t8_Rb_tree5ZUiZt4pair2ZCUiZPt3map4ZQ223cSC3OccupantAttribCache9_tLotSizeZPt6vector2ZUiZt9allocator1ZUiZt4less1ZQ223cSC3OccupantAttribCache9_tLotSizeZt9allocator1ZPt6vector2ZUiZt9allocator1ZUiZt10_Select1st1Zt4pair2ZCUiZPt3map4ZQ223cSC3OccupantAttribCache9_tLotSizeZPt6vector2ZUiZt9allocator1ZUiZt4less1ZQ223cSC3OccupantAttribCache9_tLotSizeZt9allocator1ZPt6vector2ZUiZt9allocator1ZUiZt4less1ZUiZt9allocator1ZPt3map4ZQ223cSC3OccupantAttribCache9_tLotSizeZPt6vector2ZUiZt9allocator1ZUiZt4less1ZQ223cSC3OccupantAttribCache9_tLotSizeZt9allocator1ZPt6vector2ZUiZt9allocator1ZUiP18_Rb_tree_node_baseT1RCt4pair2ZCUiZPt3map4ZQ223cSC3OccupantAttribCache9_tLotSizeZPt6vector2ZUiZt9allocator1ZUiZt4less1ZQ223cSC3OccupantAttribCache9_tLotSizeZt9allocator1ZPt6vector2ZUiZt9allocator1ZUi	_Rb_tree<unsigned int, pair<unsigned int const, map<cSC3OccupantAttribCache::_tLotSize, vector<unsigned int, allocator<unsigned int> > *, less<cSC3OccupantAttribCache::_tLotSize>, allocator<vector<unsigned int, allocator<unsigned int> > *> > *>, _Select1st<pair<unsigned int const, map<cSC3OccupantAttribCache::_tLotSize, vector<unsigned int, allocator<unsigned int> > *, less<cSC3OccupantAttribCache::_tLotSize>, allocator<vector<unsigned int, allocator<unsigned int> > *> > *> >, less<unsigned int>, allocator<map<cSC3OccupantAttribCache::_tLotSize, vector<unsigned int, allocator<unsigned int> > *, less<cSC3OccupantAttribCache::_tLotSize>, allocator<vector<unsigned int, allocator<unsigned int> > *> > *> >::_M_insert(_Rb_tree_node_base *, _Rb_tree_node_base *, pair<unsigned int const, map<cSC3OccupantAttribCache::_tLotSize, vector<unsigned int, allocator<unsigned int> > *, less<cSC3OccupantAttribCache::_tLotSize>, allocator<vector<unsigned int, allocator<unsigned int> > *> > *> const &)
00070334	insert_unique__t8_Rb_tree5ZUiZt4pair2ZCUiZPt3map4ZQ223cSC3OccupantAttribCache9_tLotSizeZPt6vector2ZUiZt9allocator1ZUiZt4less1ZQ223cSC3OccupantAttribCache9_tLotSizeZt9allocator1ZPt6vector2ZUiZt9allocator1ZUiZt10_Select1st1Zt4pair2ZCUiZPt3map4ZQ223cSC3OccupantAttribCache9_tLotSizeZPt6vector2ZUiZt9allocator1ZUiZt4less1ZQ223cSC3OccupantAttribCache9_tLotSizeZt9allocator1ZPt6vector2ZUiZt9allocator1ZUiZt4less1ZUiZt9allocator1ZPt3map4ZQ223cSC3OccupantAttribCache9_tLotSizeZPt6vector2ZUiZt9allocator1ZUiZt4less1ZQ223cSC3OccupantAttribCache9_tLotSizeZt9allocator1ZPt6vector2ZUiZt9allocator1ZUiRCt4pair2ZCUiZPt3map4ZQ223cSC3OccupantAttribCache9_tLotSizeZPt6vector2ZUiZt9allocator1ZUiZt4less1ZQ223cSC3OccupantAttribCache9_tLotSizeZt9allocator1ZPt6vector2ZUiZt9allocator1ZUi	_Rb_tree<unsigned int, pair<unsigned int const, map<cSC3OccupantAttribCache::_tLotSize, vector<unsigned int, allocator<unsigned int> > *, less<cSC3OccupantAttribCache::_tLotSize>, allocator<vector<unsigned int, allocator<unsigned int> > *> > *>, _Select1st<pair<unsigned int const, map<cSC3OccupantAttribCache::_tLotSize, vector<unsigned int, allocator<unsigned int> > *, less<cSC3OccupantAttribCache::_tLotSize>, allocator<vector<unsigned int, allocator<unsigned int> > *> > *> >, less<unsigned int>, allocator<map<cSC3OccupantAttribCache::_tLotSize, vector<unsigned int, allocator<unsigned int> > *, less<cSC3OccupantAttribCache::_tLotSize>, allocator<vector<unsigned int, allocator<unsigned int> > *> > *> >::insert_unique(pair<unsigned int const, map<cSC3OccupantAttribCache::_tLotSize, vector<unsigned int, allocator<unsigned int> > *, less<cSC3OccupantAttribCache::_tLotSize>, allocator<vector<unsigned int, allocator<unsigned int> > *> > *> const &)
00070424	insert_unique__t8_Rb_tree5ZUiZt4pair2ZCUiZPt3map4ZQ223cSC3OccupantAttribCache9_tLotSizeZPt6vector2ZUiZt9allocator1ZUiZt4less1ZQ223cSC3OccupantAttribCache9_tLotSizeZt9allocator1ZPt6vector2ZUiZt9allocator1ZUiZt10_Select1st1Zt4pair2ZCUiZPt3map4ZQ223cSC3OccupantAttribCache9_tLotSizeZPt6vector2ZUiZt9allocator1ZUiZt4less1ZQ223cSC3OccupantAttribCache9_tLotSizeZt9allocator1ZPt6vector2ZUiZt9allocator1ZUiZt4less1ZUiZt9allocator1ZPt3map4ZQ223cSC3OccupantAttribCache9_tLotSizeZPt6vector2ZUiZt9allocator1ZUiZt4less1ZQ223cSC3OccupantAttribCache9_tLotSizeZt9allocator1ZPt6vector2ZUiZt9allocator1ZUiGt17_Rb_tree_iterator3Zt4pair2ZCUiZPt3map4ZQ223cSC3OccupantAttribCache9_tLotSizeZPt6vector2ZUiZt9allocator1ZUiZt4less1ZQ223cSC3OccupantAttribCache9_tLotSizeZt9allocator1ZPt6vector2ZUiZt9allocator1ZUiZRt4pair2ZCUiZPt3map4ZQ223cSC3OccupantAttribCache9_tLotSizeZPt6vector2ZUiZt9allocator1ZUiZt4less1ZQ223cSC3OccupantAttribCache9_tLotSizeZt9allocator1ZPt6vector2ZUiZt9allocator1ZUiZPt4pair2ZCUiZPt3map4ZQ223cSC3OccupantAttribCache9_tLotSizeZPt6vector2ZUiZt9allocator1ZUiZt4less1ZQ223cSC3OccupantAttribCache9_tLotSizeZt9allocator1ZPt6vector2ZUiZt9allocator1ZUiRCt4pair2ZCUiZPt3map4ZQ223cSC3OccupantAttribCache9_tLotSizeZPt6vector2ZUiZt9allocator1ZUiZt4less1ZQ223cSC3OccupantAttribCache9_tLotSizeZt9allocator1ZPt6vector2ZUiZt9allocator1ZUi	_Rb_tree<unsigned int, pair<unsigned int const, map<cSC3OccupantAttribCache::_tLotSize, vector<unsigned int, allocator<unsigned int> > *, less<cSC3OccupantAttribCache::_tLotSize>, allocator<vector<unsigned int, allocator<unsigned int> > *> > *>, _Select1st<pair<unsigned int const, map<cSC3OccupantAttribCache::_tLotSize, vector<unsigned int, allocator<unsigned int> > *, less<cSC3OccupantAttribCache::_tLotSize>, allocator<vector<unsigned int, allocator<unsigned int> > *> > *> >, less<unsigned int>, allocator<map<cSC3OccupantAttribCache::_tLotSize, vector<unsigned int, allocator<unsigned int> > *, less<cSC3OccupantAttribCache::_tLotSize>, allocator<vector<unsigned int, allocator<unsigned int> > *> > *> >::insert_unique(_Rb_tree_iterator<pair<unsigned int const, map<cSC3OccupantAttribCache::_tLotSize, vector<unsigned int, allocator<unsigned int> > *, less<cSC3OccupantAttribCache::_tLotSize>, allocator<vector<unsigned int, allocator<unsigned int> > *> > *>, pair<unsigned int const, map<cSC3OccupantAttribCache::_tLotSize, vector<unsigned int, allocator<unsigned int> > *, less<cSC3OccupantAttribCache::_tLotSize>, allocator<vector<unsigned int, allocator<unsigned int> > *> > *> &, pair<unsigned int const, map<cSC3OccupantAttribCache::_tLotSize, vector<unsigned int, allocator<unsigned int> > *, less<cSC3OccupantAttribCache::_tLotSize>, allocator<vector<unsigned int, allocator<unsigned int> > *> > *> *>, pair<unsigned int const, map<cSC3OccupantAttribCache::_tLotSize, vector<unsigned int, allocator<unsigned int> > *, less<cSC3OccupantAttribCache::_tLotSize>, allocator<vector<unsigned int, allocator<unsigned int> > *> > *> const &)
000705a4	_M_insert__t8_Rb_tree5ZQ223cSC3OccupantAttribCache9_tLotSizeZt4pair2ZCQ223cSC3OccupantAttribCache9_tLotSizeZPt6vector2ZUiZt9allocator1ZUiZt10_Select1st1Zt4pair2ZCQ223cSC3OccupantAttribCache9_tLotSizeZPt6vector2ZUiZt9allocator1ZUiZt4less1ZQ223cSC3OccupantAttribCache9_tLotSizeZt9allocator1ZPt6vector2ZUiZt9allocator1ZUiP18_Rb_tree_node_baseT1RCt4pair2ZCQ223cSC3OccupantAttribCache9_tLotSizeZPt6vector2ZUiZt9allocator1ZUi	_Rb_tree<cSC3OccupantAttribCache::_tLotSize, pair<cSC3OccupantAttribCache::_tLotSize const, vector<unsigned int, allocator<unsigned int> > *>, _Select1st<pair<cSC3OccupantAttribCache::_tLotSize const, vector<unsigned int, allocator<unsigned int> > *> >, less<cSC3OccupantAttribCache::_tLotSize>, allocator<vector<unsigned int, allocator<unsigned int> > *> >::_M_insert(_Rb_tree_node_base *, _Rb_tree_node_base *, pair<cSC3OccupantAttribCache::_tLotSize const, vector<unsigned int, allocator<unsigned int> > *> const &)
000709b4	insert_unique__t8_Rb_tree5ZQ223cSC3OccupantAttribCache9_tLotSizeZt4pair2ZCQ223cSC3OccupantAttribCache9_tLotSizeZPt6vector2ZUiZt9allocator1ZUiZt10_Select1st1Zt4pair2ZCQ223cSC3OccupantAttribCache9_tLotSizeZPt6vector2ZUiZt9allocator1ZUiZt4less1ZQ223cSC3OccupantAttribCache9_tLotSizeZt9allocator1ZPt6vector2ZUiZt9allocator1ZUiRCt4pair2ZCQ223cSC3OccupantAttribCache9_tLotSizeZPt6vector2ZUiZt9allocator1ZUi	_Rb_tree<cSC3OccupantAttribCache::_tLotSize, pair<cSC3OccupantAttribCache::_tLotSize const, vector<unsigned int, allocator<unsigned int> > *>, _Select1st<pair<cSC3OccupantAttribCache::_tLotSize const, vector<unsigned int, allocator<unsigned int> > *> >, less<cSC3OccupantAttribCache::_tLotSize>, allocator<vector<unsigned int, allocator<unsigned int> > *> >::insert_unique(pair<cSC3OccupantAttribCache::_tLotSize const, vector<unsigned int, allocator<unsigned int> > *> const &)
00070b24	insert_unique__t8_Rb_tree5ZQ223cSC3OccupantAttribCache9_tLotSizeZt4pair2ZCQ223cSC3OccupantAttribCache9_tLotSizeZPt6vector2ZUiZt9allocator1ZUiZt10_Select1st1Zt4pair2ZCQ223cSC3OccupantAttribCache9_tLotSizeZPt6vector2ZUiZt9allocator1ZUiZt4less1ZQ223cSC3OccupantAttribCache9_tLotSizeZt9allocator1ZPt6vector2ZUiZt9allocator1ZUiGt17_Rb_tree_iterator3Zt4pair2ZCQ223cSC3OccupantAttribCache9_tLotSizeZPt6vector2ZUiZt9allocator1ZUiZRt4pair2ZCQ223cSC3OccupantAttribCache9_tLotSizeZPt6vector2ZUiZt9allocator1ZUiZPt4pair2ZCQ223cSC3OccupantAttribCache9_tLotSizeZPt6vector2ZUiZt9allocator1ZUiRCt4pair2ZCQ223cSC3OccupantAttribCache9_tLotSizeZPt6vector2ZUiZt9allocator1ZUi	_Rb_tree<cSC3OccupantAttribCache::_tLotSize, pair<cSC3OccupantAttribCache::_tLotSize const, vector<unsigned int, allocator<unsigned int> > *>, _Select1st<pair<cSC3OccupantAttribCache::_tLotSize const, vector<unsigned int, allocator<unsigned int> > *> >, less<cSC3OccupantAttribCache::_tLotSize>, allocator<vector<unsigned int, allocator<unsigned int> > *> >::insert_unique(_Rb_tree_iterator<pair<cSC3OccupantAttribCache::_tLotSize const, vector<unsigned int, allocator<unsigned int> > *>, pair<cSC3OccupantAttribCache::_tLotSize const, vector<unsigned int, allocator<unsigned int> > *> &, pair<cSC3OccupantAttribCache::_tLotSize const, vector<unsigned int, allocator<unsigned int> > *> *>, pair<cSC3OccupantAttribCache::_tLotSize const, vector<unsigned int, allocator<unsigned int> > *> const &)
00070cf0	find__t8_Rb_tree5ZQ223cSC3OccupantAttribCache9_tLotSizeZt4pair2ZCQ223cSC3OccupantAttribCache9_tLotSizeZPt6vector2ZUiZt9allocator1ZUiZt10_Select1st1Zt4pair2ZCQ223cSC3OccupantAttribCache9_tLotSizeZPt6vector2ZUiZt9allocator1ZUiZt4less1ZQ223cSC3OccupantAttribCache9_tLotSizeZt9allocator1ZPt6vector2ZUiZt9allocator1ZUiRCQ223cSC3OccupantAttribCache9_tLotSize	_Rb_tree<cSC3OccupantAttribCache::_tLotSize, pair<cSC3OccupantAttribCache::_tLotSize const, vector<unsigned int, allocator<unsigned int> > *>, _Select1st<pair<cSC3OccupantAttribCache::_tLotSize const, vector<unsigned int, allocator<unsigned int> > *> >, less<cSC3OccupantAttribCache::_tLotSize>, allocator<vector<unsigned int, allocator<unsigned int> > *> >::find(cSC3OccupantAttribCache::_tLotSize const &)
00070da4	_M_erase__t8_Rb_tree5Z14cGZResourceKeyZt4pair2ZC14cGZResourceKeyZP19cISC3OccupantAttribZt10_Select1st1Zt4pair2ZC14cGZResourceKeyZP19cISC3OccupantAttribZt4less1Z14cGZResourceKeyZt9allocator1ZP19cISC3OccupantAttribPt13_Rb_tree_node1Zt4pair2ZC14cGZResourceKeyZP19cISC3OccupantAttrib	_Rb_tree<cGZResourceKey, pair<cGZResourceKey const, cISC3OccupantAttrib *>, _Select1st<pair<cGZResourceKey const, cISC3OccupantAttrib *> >, less<cGZResourceKey>, allocator<cISC3OccupantAttrib *> >::_M_erase(_Rb_tree_node<pair<cGZResourceKey const, cISC3OccupantAttrib *> > *)
00070e24	_M_erase__t8_Rb_tree5ZUiZt4pair2ZCUiZPt3map4ZQ223cSC3OccupantAttribCache9_tLotSizeZPt6vector2ZUiZt9allocator1ZUiZt4less1ZQ223cSC3OccupantAttribCache9_tLotSizeZt9allocator1ZPt6vector2ZUiZt9allocator1ZUiZt10_Select1st1Zt4pair2ZCUiZPt3map4ZQ223cSC3OccupantAttribCache9_tLotSizeZPt6vector2ZUiZt9allocator1ZUiZt4less1ZQ223cSC3OccupantAttribCache9_tLotSizeZt9allocator1ZPt6vector2ZUiZt9allocator1ZUiZt4less1ZUiZt9allocator1ZPt3map4ZQ223cSC3OccupantAttribCache9_tLotSizeZPt6vector2ZUiZt9allocator1ZUiZt4less1ZQ223cSC3OccupantAttribCache9_tLotSizeZt9allocator1ZPt6vector2ZUiZt9allocator1ZUiPt13_Rb_tree_node1Zt4pair2ZCUiZPt3map4ZQ223cSC3OccupantAttribCache9_tLotSizeZPt6vector2ZUiZt9allocator1ZUiZt4less1ZQ223cSC3OccupantAttribCache9_tLotSizeZt9allocator1ZPt6vector2ZUiZt9allocator1ZUi	_Rb_tree<unsigned int, pair<unsigned int const, map<cSC3OccupantAttribCache::_tLotSize, vector<unsigned int, allocator<unsigned int> > *, less<cSC3OccupantAttribCache::_tLotSize>, allocator<vector<unsigned int, allocator<unsigned int> > *> > *>, _Select1st<pair<unsigned int const, map<cSC3OccupantAttribCache::_tLotSize, vector<unsigned int, allocator<unsigned int> > *, less<cSC3OccupantAttribCache::_tLotSize>, allocator<vector<unsigned int, allocator<unsigned int> > *> > *> >, less<unsigned int>, allocator<map<cSC3OccupantAttribCache::_tLotSize, vector<unsigned int, allocator<unsigned int> > *, less<cSC3OccupantAttribCache::_tLotSize>, allocator<vector<unsigned int, allocator<unsigned int> > *> > *> >::_M_erase(_Rb_tree_node<pair<unsigned int const, map<cSC3OccupantAttribCache::_tLotSize, vector<unsigned int, allocator<unsigned int> > *, less<cSC3OccupantAttribCache::_tLotSize>, allocator<vector<unsigned int, allocator<unsigned int> > *> > *> > *)
00070ea4	_M_erase__t8_Rb_tree5Z14cGZResourceKeyZ14cGZResourceKeyZt9_Identity1Z14cGZResourceKeyZt4less1Z14cGZResourceKeyZt9allocator1Z14cGZResourceKeyPt13_Rb_tree_node1Z14cGZResourceKey	_Rb_tree<cGZResourceKey, cGZResourceKey, _Identity<cGZResourceKey>, less<cGZResourceKey>, allocator<cGZResourceKey> >::_M_erase(_Rb_tree_node<cGZResourceKey> *)
00070f24	_M_insert__t8_Rb_tree5Z14cGZResourceKeyZ14cGZResourceKeyZt9_Identity1Z14cGZResourceKeyZt4less1Z14cGZResourceKeyZt9allocator1Z14cGZResourceKeyP18_Rb_tree_node_baseT1RC14cGZResourceKey	_Rb_tree<cGZResourceKey, cGZResourceKey, _Identity<cGZResourceKey>, less<cGZResourceKey>, allocator<cGZResourceKey> >::_M_insert(_Rb_tree_node_base *, _Rb_tree_node_base *, cGZResourceKey const &)
00071344	insert_unique__t8_Rb_tree5Z14cGZResourceKeyZ14cGZResourceKeyZt9_Identity1Z14cGZResourceKeyZt4less1Z14cGZResourceKeyZt9allocator1Z14cGZResourceKeyRC14cGZResourceKey	_Rb_tree<cGZResourceKey, cGZResourceKey, _Identity<cGZResourceKey>, less<cGZResourceKey>, allocator<cGZResourceKey> >::insert_unique(cGZResourceKey const &)
000714d4	_M_insert_aux__t6vector2ZP13cISC3OccupantZt9allocator1ZP13cISC3OccupantPP13cISC3OccupantRCP13cISC3Occupant	vector<cISC3Occupant *, allocator<cISC3Occupant *> >::_M_insert_aux(cISC3Occupant **, cISC3Occupant *const &)
00071800	find__t8_Rb_tree5ZUiZt4pair2ZCUiZPt3map4ZQ223cSC3OccupantAttribCache9_tLotSizeZPt6vector2ZUiZt9allocator1ZUiZt4less1ZQ223cSC3OccupantAttribCache9_tLotSizeZt9allocator1ZPt6vector2ZUiZt9allocator1ZUiZt10_Select1st1Zt4pair2ZCUiZPt3map4ZQ223cSC3OccupantAttribCache9_tLotSizeZPt6vector2ZUiZt9allocator1ZUiZt4less1ZQ223cSC3OccupantAttribCache9_tLotSizeZt9allocator1ZPt6vector2ZUiZt9allocator1ZUiZt4less1ZUiZt9allocator1ZPt3map4ZQ223cSC3OccupantAttribCache9_tLotSizeZPt6vector2ZUiZt9allocator1ZUiZt4less1ZQ223cSC3OccupantAttribCache9_tLotSizeZt9allocator1ZPt6vector2ZUiZt9allocator1ZUiRCUi	_Rb_tree<unsigned int, pair<unsigned int const, map<cSC3OccupantAttribCache::_tLotSize, vector<unsigned int, allocator<unsigned int> > *, less<cSC3OccupantAttribCache::_tLotSize>, allocator<vector<unsigned int, allocator<unsigned int> > *> > *>, _Select1st<pair<unsigned int const, map<cSC3OccupantAttribCache::_tLotSize, vector<unsigned int, allocator<unsigned int> > *, less<cSC3OccupantAttribCache::_tLotSize>, allocator<vector<unsigned int, allocator<unsigned int> > *> > *> >, less<unsigned int>, allocator<map<cSC3OccupantAttribCache::_tLotSize, vector<unsigned int, allocator<unsigned int> > *, less<cSC3OccupantAttribCache::_tLotSize>, allocator<vector<unsigned int, allocator<unsigned int> > *> > *> >::find(unsigned int const &)
00071864	erase__t8_Rb_tree5ZQ223cSC3OccupantAttribCache9_tLotSizeZt4pair2ZCQ223cSC3OccupantAttribCache9_tLotSizeZPt6vector2ZUiZt9allocator1ZUiZt10_Select1st1Zt4pair2ZCQ223cSC3OccupantAttribCache9_tLotSizeZPt6vector2ZUiZt9allocator1ZUiZt4less1ZQ223cSC3OccupantAttribCache9_tLotSizeZt9allocator1ZPt6vector2ZUiZt9allocator1ZUiGt17_Rb_tree_iterator3Zt4pair2ZCQ223cSC3OccupantAttribCache9_tLotSizeZPt6vector2ZUiZt9allocator1ZUiZRt4pair2ZCQ223cSC3OccupantAttribCache9_tLotSizeZPt6vector2ZUiZt9allocator1ZUiZPt4pair2ZCQ223cSC3OccupantAttribCache9_tLotSizeZPt6vector2ZUiZt9allocator1ZUiT1	_Rb_tree<cSC3OccupantAttribCache::_tLotSize, pair<cSC3OccupantAttribCache::_tLotSize const, vector<unsigned int, allocator<unsigned int> > *>, _Select1st<pair<cSC3OccupantAttribCache::_tLotSize const, vector<unsigned int, allocator<unsigned int> > *> >, less<cSC3OccupantAttribCache::_tLotSize>, allocator<vector<unsigned int, allocator<unsigned int> > *> >::erase(_Rb_tree_iterator<pair<cSC3OccupantAttribCache::_tLotSize const, vector<unsigned int, allocator<unsigned int> > *>, pair<cSC3OccupantAttribCache::_tLotSize const, vector<unsigned int, allocator<unsigned int> > *> &, pair<cSC3OccupantAttribCache::_tLotSize const, vector<unsigned int, allocator<unsigned int> > *> *>, _Rb_tree_iterator<pair<cSC3OccupantAttribCache::_tLotSize const, vector<unsigned int, allocator<unsigned int> > *>, pair<cSC3OccupantAttribCache::_tLotSize const, vector<unsigned int, allocator<unsigned int> > *> &, pair<cSC3OccupantAttribCache::_tLotSize const, vector<unsigned int, allocator<unsigned int> > *> *>)
00071d74	erase__t8_Rb_tree5ZUiZt4pair2ZCUiZPt3map4ZQ223cSC3OccupantAttribCache9_tLotSizeZPt6vector2ZUiZt9allocator1ZUiZt4less1ZQ223cSC3OccupantAttribCache9_tLotSizeZt9allocator1ZPt6vector2ZUiZt9allocator1ZUiZt10_Select1st1Zt4pair2ZCUiZPt3map4ZQ223cSC3OccupantAttribCache9_tLotSizeZPt6vector2ZUiZt9allocator1ZUiZt4less1ZQ223cSC3OccupantAttribCache9_tLotSizeZt9allocator1ZPt6vector2ZUiZt9allocator1ZUiZt4less1ZUiZt9allocator1ZPt3map4ZQ223cSC3OccupantAttribCache9_tLotSizeZPt6vector2ZUiZt9allocator1ZUiZt4less1ZQ223cSC3OccupantAttribCache9_tLotSizeZt9allocator1ZPt6vector2ZUiZt9allocator1ZUiGt17_Rb_tree_iterator3Zt4pair2ZCUiZPt3map4ZQ223cSC3OccupantAttribCache9_tLotSizeZPt6vector2ZUiZt9allocator1ZUiZt4less1ZQ223cSC3OccupantAttribCache9_tLotSizeZt9allocator1ZPt6vector2ZUiZt9allocator1ZUiZRt4pair2ZCUiZPt3map4ZQ223cSC3OccupantAttribCache9_tLotSizeZPt6vector2ZUiZt9allocator1ZUiZt4less1ZQ223cSC3OccupantAttribCache9_tLotSizeZt9allocator1ZPt6vector2ZUiZt9allocator1ZUiZPt4pair2ZCUiZPt3map4ZQ223cSC3OccupantAttribCache9_tLotSizeZPt6vector2ZUiZt9allocator1ZUiZt4less1ZQ223cSC3OccupantAttribCache9_tLotSizeZt9allocator1ZPt6vector2ZUiZt9allocator1ZUiT1	_Rb_tree<unsigned int, pair<unsigned int const, map<cSC3OccupantAttribCache::_tLotSize, vector<unsigned int, allocator<unsigned int> > *, less<cSC3OccupantAttribCache::_tLotSize>, allocator<vector<unsigned int, allocator<unsigned int> > *> > *>, _Select1st<pair<unsigned int const, map<cSC3OccupantAttribCache::_tLotSize, vector<unsigned int, allocator<unsigned int> > *, less<cSC3OccupantAttribCache::_tLotSize>, allocator<vector<unsigned int, allocator<unsigned int> > *> > *> >, less<unsigned int>, allocator<map<cSC3OccupantAttribCache::_tLotSize, vector<unsigned int, allocator<unsigned int> > *, less<cSC3OccupantAttribCache::_tLotSize>, allocator<vector<unsigned int, allocator<unsigned int> > *> > *> >::erase(_Rb_tree_iterator<pair<unsigned int const, map<cSC3OccupantAttribCache::_tLotSize, vector<unsigned int, allocator<unsigned int> > *, less<cSC3OccupantAttribCache::_tLotSize>, allocator<vector<unsigned int, allocator<unsigned int> > *> > *>, pair<unsigned int const, map<cSC3OccupantAttribCache::_tLotSize, vector<unsigned int, allocator<unsigned int> > *, less<cSC3OccupantAttribCache::_tLotSize>, allocator<vector<unsigned int, allocator<unsigned int> > *> > *> &, pair<unsigned int const, map<cSC3OccupantAttribCache::_tLotSize, vector<unsigned int, allocator<unsigned int> > *, less<cSC3OccupantAttribCache::_tLotSize>, allocator<vector<unsigned int, allocator<unsigned int> > *> > *> *>, _Rb_tree_iterator<pair<unsigned int const, map<cSC3OccupantAttribCache::_tLotSize, vector<unsigned int, allocator<unsigned int> > *, less<cSC3OccupantAttribCache::_tLotSize>, allocator<vector<unsigned int, allocator<unsigned int> > *> > *>, pair<unsigned int const, map<cSC3OccupantAttribCache::_tLotSize, vector<unsigned int, allocator<unsigned int> > *, less<cSC3OccupantAttribCache::_tLotSize>, allocator<vector<unsigned int, allocator<unsigned int> > *> > *> &, pair<unsigned int const, map<cSC3OccupantAttribCache::_tLotSize, vector<unsigned int, allocator<unsigned int> > *, less<cSC3OccupantAttribCache::_tLotSize>, allocator<vector<unsigned int, allocator<unsigned int> > *> > *> *>)
00072280	_._t3map4Z14cGZResourceKeyZP19cISC3OccupantAttribZt4less1Z14cGZResourceKeyZt9allocator1ZP19cISC3OccupantAttrib	map<cGZResourceKey, cISC3OccupantAttrib *, less<cGZResourceKey>, allocator<cISC3OccupantAttrib *> >::~map(void)
00072328	_._t3map4ZUiZPt3map4ZQ223cSC3OccupantAttribCache9_tLotSizeZPt6vector2ZUiZt9allocator1ZUiZt4less1ZQ223cSC3OccupantAttribCache9_tLotSizeZt9allocator1ZPt6vector2ZUiZt9allocator1ZUiZt4less1ZUiZt9allocator1ZPt3map4ZQ223cSC3OccupantAttribCache9_tLotSizeZPt6vector2ZUiZt9allocator1ZUiZt4less1ZQ223cSC3OccupantAttribCache9_tLotSizeZt9allocator1ZPt6vector2ZUiZt9allocator1ZUi	map<unsigned int, map<cSC3OccupantAttribCache::_tLotSize, vector<unsigned int, allocator<unsigned int> > *, less<cSC3OccupantAttribCache::_tLotSize>, allocator<vector<unsigned int, allocator<unsigned int> > *> > *, less<unsigned int>, allocator<map<cSC3OccupantAttribCache::_tLotSize, vector<unsigned int, allocator<unsigned int> > *, less<cSC3OccupantAttribCache::_tLotSize>, allocator<vector<unsigned int, allocator<unsigned int> > *> > *> >::~map(void)
000723cc	Test__18cSC3OccTestDefaultP13cISC3Occupant	cSC3OccTestDefault::Test(cISC3Occupant *)
000723e4	QueryInterface__18cSC3OccTestDefaultUiPPv	cSC3OccTestDefault::QueryInterface(unsigned int, void **)
0007243c	AddRef__18cSC3OccTestDefault	cSC3OccTestDefault::AddRef(void)
00072458	Release__18cSC3OccTestDefault	cSC3OccTestDefault::Release(void)
000724a0	_._18cSC3OccTestDefault	cSC3OccTestDefault::~cSC3OccTestDefault(void)
000724d8	_._t3set3Z14cGZResourceKeyZt4less1Z14cGZResourceKeyZt9allocator1Z14cGZResourceKey	set<cGZResourceKey, less<cGZResourceKey>, allocator<cGZResourceKey> >::~set(void)
00072580	_._17cSC3OccTestForKey	cSC3OccTestForKey::~cSC3OccTestForKey(void)
000725c4	Test__17cSC3OccTestForKeyP13cISC3Occupant	cSC3OccTestForKey::Test(cISC3Occupant *)
00072638	_._t3map4ZQ223cSC3OccupantAttribCache9_tLotSizeZPt6vector2ZUiZt9allocator1ZUiZt4less1ZQ223cSC3OccupantAttribCache9_tLotSizeZt9allocator1ZPt6vector2ZUiZt9allocator1ZUi	map<cSC3OccupantAttribCache::_tLotSize, vector<unsigned int, allocator<unsigned int> > *, less<cSC3OccupantAttribCache::_tLotSize>, allocator<vector<unsigned int, allocator<unsigned int> > *> >::~map(void)
000726e0	lower_bound__t8_Rb_tree5ZUiZt4pair2ZCUiZPt3map4ZQ223cSC3OccupantAttribCache9_tLotSizeZPt6vector2ZUiZt9allocator1ZUiZt4less1ZQ223cSC3OccupantAttribCache9_tLotSizeZt9allocator1ZPt6vector2ZUiZt9allocator1ZUiZt10_Select1st1Zt4pair2ZCUiZPt3map4ZQ223cSC3OccupantAttribCache9_tLotSizeZPt6vector2ZUiZt9allocator1ZUiZt4less1ZQ223cSC3OccupantAttribCache9_tLotSizeZt9allocator1ZPt6vector2ZUiZt9allocator1ZUiZt4less1ZUiZt9allocator1ZPt3map4ZQ223cSC3OccupantAttribCache9_tLotSizeZPt6vector2ZUiZt9allocator1ZUiZt4less1ZQ223cSC3OccupantAttribCache9_tLotSizeZt9allocator1ZPt6vector2ZUiZt9allocator1ZUiRCUi	_Rb_tree<unsigned int, pair<unsigned int const, map<cSC3OccupantAttribCache::_tLotSize, vector<unsigned int, allocator<unsigned int> > *, less<cSC3OccupantAttribCache::_tLotSize>, allocator<vector<unsigned int, allocator<unsigned int> > *> > *>, _Select1st<pair<unsigned int const, map<cSC3OccupantAttribCache::_tLotSize, vector<unsigned int, allocator<unsigned int> > *, less<cSC3OccupantAttribCache::_tLotSize>, allocator<vector<unsigned int, allocator<unsigned int> > *> > *> >, less<unsigned int>, allocator<map<cSC3OccupantAttribCache::_tLotSize, vector<unsigned int, allocator<unsigned int> > *, less<cSC3OccupantAttribCache::_tLotSize>, allocator<vector<unsigned int, allocator<unsigned int> > *> > *> >::lower_bound(unsigned int const &)
00072720	lower_bound__t8_Rb_tree5ZQ223cSC3OccupantAttribCache9_tLotSizeZt4pair2ZCQ223cSC3OccupantAttribCache9_tLotSizeZPt6vector2ZUiZt9allocator1ZUiZt10_Select1st1Zt4pair2ZCQ223cSC3OccupantAttribCache9_tLotSizeZPt6vector2ZUiZt9allocator1ZUiZt4less1ZQ223cSC3OccupantAttribCache9_tLotSizeZt9allocator1ZPt6vector2ZUiZt9allocator1ZUiRCQ223cSC3OccupantAttribCache9_tLotSize	_Rb_tree<cSC3OccupantAttribCache::_tLotSize, pair<cSC3OccupantAttribCache::_tLotSize const, vector<unsigned int, allocator<unsigned int> > *>, _Select1st<pair<cSC3OccupantAttribCache::_tLotSize const, vector<unsigned int, allocator<unsigned int> > *> >, less<cSC3OccupantAttribCache::_tLotSize>, allocator<vector<unsigned int, allocator<unsigned int> > *> >::lower_bound(cSC3OccupantAttribCache::_tLotSize const &)
00072794	find__Ct8_Rb_tree5Z9cRZStringZ9cRZStringZt9_Identity1Z9cRZStringZt4less1Z9cRZStringZt9allocator1Z9cRZStringRC9cRZString	_Rb_tree<cRZString, cRZString, _Identity<cRZString>, less<cRZString>, allocator<cRZString> >::find(cRZString const &) const
00072824	_M_insert__t8_Rb_tree5Z9cRZStringZ9cRZStringZt9_Identity1Z9cRZStringZt4less1Z9cRZStringZt9allocator1Z9cRZStringP18_Rb_tree_node_baseT1RC9cRZString	_Rb_tree<cRZString, cRZString, _Identity<cRZString>, less<cRZString>, allocator<cRZString> >::_M_insert(_Rb_tree_node_base *, _Rb_tree_node_base *, cRZString const &)
00072e04	insert_unique__t8_Rb_tree5Z9cRZStringZ9cRZStringZt9_Identity1Z9cRZStringZt4less1Z9cRZStringZt9allocator1Z9cRZStringRC9cRZString	_Rb_tree<cRZString, cRZString, _Identity<cRZString>, less<cRZString>, allocator<cRZString> >::insert_unique(cRZString const &)
00072f24	_M_erase__t8_Rb_tree5Z9cRZStringZ9cRZStringZt9_Identity1Z9cRZStringZt4less1Z9cRZStringZt9allocator1Z9cRZStringPt13_Rb_tree_node1Z9cRZString	_Rb_tree<cRZString, cRZString, _Identity<cRZString>, less<cRZString>, allocator<cRZString> >::_M_erase(_Rb_tree_node<cRZString> *)
00072fb4	_._t3set3Z9cRZStringZt4less1Z9cRZStringZt9allocator1Z9cRZString	set<cRZString, less<cRZString>, allocator<cRZString> >::~set(void)
00073060	find__Ct12basic_string3ZcZt18string_char_traits1ZcZt24__default_alloc_template2b1i0PCcUiUi	basic_string<char, string_char_traits<char>, __default_alloc_template<true, 0> >::find(char const *, unsigned int, unsigned int) const
000730d4	clear__t9hashtable6Zt4pair2ZC14cGZResourceKeyZQ223cGZDBSegmentIndexedFile10RecordInfoZ14cGZResourceKeyZt4hash1Z14cGZResourceKeyZt10_Select1st1Zt4pair2ZC14cGZResourceKeyZQ223cGZDBSegmentIndexedFile10RecordInfoZt8equal_to1Z14cGZResourceKeyZt9allocator1ZQ223cGZDBSegmentIndexedFile10RecordInfo	hashtable<pair<cGZResourceKey const, cGZDBSegmentIndexedFile::RecordInfo>, cGZResourceKey, hash<cGZResourceKey>, _Select1st<pair<cGZResourceKey const, cGZDBSegmentIndexedFile::RecordInfo> >, equal_to<cGZResourceKey>, allocator<cGZDBSegmentIndexedFile::RecordInfo> >::clear(void)
000731c4	clear__t10_List_base2ZP10cIGZWinBtnZt9allocator1ZP10cIGZWinBtn	_List_base<cIGZWinBtn *, allocator<cIGZWinBtn *> >::clear(void)
00073244	__as__Q218cSC3LoadSaveWindow16ExtensionAndIconRCQ218cSC3LoadSaveWindow16ExtensionAndIcon	cSC3LoadSaveWindow::ExtensionAndIcon::operator=(cSC3LoadSaveWindow::ExtensionAndIcon const &)
000733c4	__uninitialized_copy_aux__H2ZPQ218cSC3LoadSaveWindow16ExtensionAndIconZPQ218cSC3LoadSaveWindow16ExtensionAndIcon_X01X01X11G12__false_type_X11	cSC3LoadSaveWindow::ExtensionAndIcon * __uninitialized_copy_aux<cSC3LoadSaveWindow::ExtensionAndIcon *, cSC3LoadSaveWindow::ExtensionAndIcon *>(cSC3LoadSaveWindow::ExtensionAndIcon *, cSC3LoadSaveWindow::ExtensionAndIcon *, cSC3LoadSaveWindow::ExtensionAndIcon *, __false_type)
000734a4	_M_insert_aux__t6vector2ZQ218cSC3LoadSaveWindow16ExtensionAndIconZt9allocator1ZQ218cSC3LoadSaveWindow16ExtensionAndIconPQ218cSC3LoadSaveWindow16ExtensionAndIconRCQ218cSC3LoadSaveWindow16ExtensionAndIcon	vector<cSC3LoadSaveWindow::ExtensionAndIcon, allocator<cSC3LoadSaveWindow::ExtensionAndIcon> >::_M_insert_aux(cSC3LoadSaveWindow::ExtensionAndIcon *, cSC3LoadSaveWindow::ExtensionAndIcon const &)
000738d4	clear__t10_List_base2ZQ212cRZDirectory9DriveTypeZt9allocator1ZQ212cRZDirectory9DriveType	_List_base<cRZDirectory::DriveType, allocator<cRZDirectory::DriveType> >::clear(void)
00073954	erase__t4list2Z9cRZStringZt9allocator1Z9cRZStringGt14_List_iterator3Z9cRZStringZR9cRZStringZP9cRZStringT1	list<cRZString, allocator<cRZString> >::erase(_List_iterator<cRZString, cRZString &, cRZString *>, _List_iterator<cRZString, cRZString &, cRZString *>)
00073a14	merge__t4list2Z9cRZStringZt9allocator1Z9cRZStringRt4list2Z9cRZStringZt9allocator1Z9cRZString	list<cRZString, allocator<cRZString> >::merge(list<cRZString, allocator<cRZString> > &)
00073b54	sort__t4list2Z9cRZStringZt9allocator1Z9cRZString	list<cRZString, allocator<cRZString> >::sort(void)
00074194	__thunk_4_QueryInterface__18cSC3LoadSaveWindowUiPPv	virtual function thunk (delta:-4) for cSC3LoadSaveWindow::QueryInterface(unsigned int, void **)
000741b0	__thunk_4_AddRef__18cSC3LoadSaveWindow	virtual function thunk (delta:-4) for cSC3LoadSaveWindow::AddRef(void)
000741cc	__thunk_4_Release__18cSC3LoadSaveWindow	virtual function thunk (delta:-4) for cSC3LoadSaveWindow::Release(void)
000741e8	__thunk_4_DoWinMsg__18cSC3LoadSaveWindowP7cIGZWinUiUiUiUi	virtual function thunk (delta:-4) for cSC3LoadSaveWindow::DoWinMsg(cIGZWin *, unsigned int, unsigned int, unsigned int, unsigned int)
00074214	GetDepthFromColorType__18cGZBufferColorTypeQ218cGZBufferColorType10eColorType	cGZBufferColorType::GetDepthFromColorType(cGZBufferColorType::eColorType)
000742b4	_._Q218cSC3LoadSaveWindow16ExtensionAndIcon	cSC3LoadSaveWindow::ExtensionAndIcon::~ExtensionAndIcon(void)
000743f4	__Q218cSC3LoadSaveWindow16ExtensionAndIcon	cSC3LoadSaveWindow::ExtensionAndIcon::ExtensionAndIcon(void)
00074564	__Q218cSC3LoadSaveWindow16ExtensionAndIconRCQ218cSC3LoadSaveWindow16ExtensionAndIcon	cSC3LoadSaveWindow::ExtensionAndIcon::ExtensionAndIcon(cSC3LoadSaveWindow::ExtensionAndIcon const &)
00074700	GetDirectorID__C14cSICOMDirector	cSICOMDirector::GetDirectorID(void) const
00074714	AppRegister__14cSICOMDirectorP12cIGZRegistry	cSICOMDirector::AppRegister(cIGZRegistry *)
00074cb0	_._14cSICOMDirector	cSICOMDirector::~cSICOMDirector(void)
00074cf4	CreatecSC2Importer__14cSICOMDirector	cSICOMDirector::CreatecSC2Importer(void)
00074d64	CreatecSC3CityDefinition__14cSICOMDirector	cSICOMDirector::CreatecSC3CityDefinition(void)
00074dd4	CreatecSC3AgentTypeTree__14cSICOMDirector	cSICOMDirector::CreatecSC3AgentTypeTree(void)
00074e44	CreatecSC3OccupantAttribCache__14cSICOMDirector	cSICOMDirector::CreatecSC3OccupantAttribCache(void)
00074eb4	CreatecSC3CmdSimInitFactory__14cSICOMDirector	cSICOMDirector::CreatecSC3CmdSimInitFactory(void)
00074f34	CreatecSC3CitySchemeMgr__14cSICOMDirector	cSICOMDirector::CreatecSC3CitySchemeMgr(void)
00074fa4	CreatecSC3PluginBuildingMgr__14cSICOMDirector	cSICOMDirector::CreatecSC3PluginBuildingMgr(void)
00075014	_M_erase__t8_Rb_tree5Zt4pair2ZCUiZUiZt4pair2ZCt4pair2ZCUiZUiZPFv_P11cIGZUnknownZt10_Select1st1Zt4pair2ZCt4pair2ZCUiZUiZPFv_P11cIGZUnknownZt4less1Zt4pair2ZCUiZUiZt9allocator1ZPFv_P11cIGZUnknownPt13_Rb_tree_node1Zt4pair2ZCt4pair2ZCUiZUiZPFv_P11cIGZUnknown	_Rb_tree<pair<unsigned int const, unsigned int>, pair<pair<unsigned int const, unsigned int> const, cIGZUnknown *(*)(void)>, _Select1st<pair<pair<unsigned int const, unsigned int> const, cIGZUnknown *(*)(void)> >, less<pair<unsigned int const, unsigned int> >, allocator<cIGZUnknown *(*)(void)> >::_M_erase(_Rb_tree_node<pair<pair<unsigned int const, unsigned int> const, cIGZUnknown *(*)(void)> > *)
00075094	_M_insert_aux__t6vector2ZP17cRZCOMDllDirectorZt9allocator1ZP17cRZCOMDllDirectorPP17cRZCOMDllDirectorRCP17cRZCOMDllDirector	vector<cRZCOMDllDirector *, allocator<cRZCOMDllDirector *> >::_M_insert_aux(cRZCOMDllDirector **, cRZCOMDllDirector *const &)
000753c4	_M_insert__t8_Rb_tree5Zt4pair2ZCUiZUiZt4pair2ZCt4pair2ZCUiZUiZPFv_P11cIGZUnknownZt10_Select1st1Zt4pair2ZCt4pair2ZCUiZUiZPFv_P11cIGZUnknownZt4less1Zt4pair2ZCUiZUiZt9allocator1ZPFv_P11cIGZUnknownP18_Rb_tree_node_baseT1RCt4pair2ZCt4pair2ZCUiZUiZPFv_P11cIGZUnknown	_Rb_tree<pair<unsigned int const, unsigned int>, pair<pair<unsigned int const, unsigned int> const, cIGZUnknown *(*)(void)>, _Select1st<pair<pair<unsigned int const, unsigned int> const, cIGZUnknown *(*)(void)> >, less<pair<unsigned int const, unsigned int> >, allocator<cIGZUnknown *(*)(void)> >::_M_insert(_Rb_tree_node_base *, _Rb_tree_node_base *, pair<pair<unsigned int const, unsigned int> const, cIGZUnknown *(*)(void)> const &)
000757e4	insert_unique__t8_Rb_tree5Zt4pair2ZCUiZUiZt4pair2ZCt4pair2ZCUiZUiZPFv_P11cIGZUnknownZt10_Select1st1Zt4pair2ZCt4pair2ZCUiZUiZPFv_P11cIGZUnknownZt4less1Zt4pair2ZCUiZUiZt9allocator1ZPFv_P11cIGZUnknownRCt4pair2ZCt4pair2ZCUiZUiZPFv_P11cIGZUnknown	_Rb_tree<pair<unsigned int const, unsigned int>, pair<pair<unsigned int const, unsigned int> const, cIGZUnknown *(*)(void)>, _Select1st<pair<pair<unsigned int const, unsigned int> const, cIGZUnknown *(*)(void)> >, less<pair<unsigned int const, unsigned int> >, allocator<cIGZUnknown *(*)(void)> >::insert_unique(pair<pair<unsigned int const, unsigned int> const, cIGZUnknown *(*)(void)> const &)
0007593c	__thunk_4_QueryInterface__17cRZCOMDllDirectorUiPPv	virtual function thunk (delta:-4) for cRZCOMDllDirector::QueryInterface(unsigned int, void **)
00075958	__thunk_4_AddRef__17cRZCOMDllDirector	virtual function thunk (delta:-4) for cRZCOMDllDirector::AddRef(void)
00075974	__thunk_4_Release__17cRZCOMDllDirector	virtual function thunk (delta:-4) for cRZCOMDllDirector::Release(void)
00075990	__thunk_4_PreFrameWorkInit__17cRZCOMDllDirector	virtual function thunk (delta:-4) for cRZCOMDllDirector::PreFrameWorkInit(void)
000759ac	__thunk_4_PreAppInit__17cRZCOMDllDirector	virtual function thunk (delta:-4) for cRZCOMDllDirector::PreAppInit(void)
000759c8	__thunk_4_PostAppInit__17cRZCOMDllDirector	virtual function thunk (delta:-4) for cRZCOMDllDirector::PostAppInit(void)
000759e4	__thunk_4_PreAppShutdown__17cRZCOMDllDirector	virtual function thunk (delta:-4) for cRZCOMDllDirector::PreAppShutdown(void)
00075a00	__thunk_4_PostAppShutdown__17cRZCOMDllDirector	virtual function thunk (delta:-4) for cRZCOMDllDirector::PostAppShutdown(void)
00075a1c	__thunk_4_PostSystemServiceShutdown__17cRZCOMDllDirector	virtual function thunk (delta:-4) for cRZCOMDllDirector::PostSystemServiceShutdown(void)
00075a38	__thunk_4_AbortiveQuit__17cRZCOMDllDirector	virtual function thunk (delta:-4) for cRZCOMDllDirector::AbortiveQuit(void)
00075a54	__thunk_4_OnInstall__17cRZCOMDllDirector	virtual function thunk (delta:-4) for cRZCOMDllDirector::OnInstall(void)
00075a74	_._t3map4Zt4pair2ZCUiZUiZPFv_P11cIGZUnknownZt4less1Zt4pair2ZCUiZUiZt9allocator1ZPFv_P11cIGZUnknown	map<pair<unsigned int const, unsigned int>, cIGZUnknown *(*)(void), less<pair<unsigned int const, unsigned int> >, allocator<cIGZUnknown *(*)(void)> >::~map(void)
00075b20	_._11logic_error	logic_error::~logic_error(void)
00075bd0	__11logic_errorRC11logic_error	logic_error::logic_error(logic_error const &)
00075c2c	__tf11logic_error	logic_error type_info function
00075c64	_._12domain_error	domain_error::~domain_error(void)
00075c80	__tf12domain_error	domain_error type_info function
00075cd8	_._16invalid_argument	invalid_argument::~invalid_argument(void)
00075cf4	__tf16invalid_argument	invalid_argument type_info function
00075d4c	_._12length_error	length_error::~length_error(void)
00075d68	__tf12length_error	length_error type_info function
00075dc0	_._12out_of_range	out_of_range::~out_of_range(void)
00075ddc	__tf12out_of_range	out_of_range type_info function
00075e40	_._13runtime_error	runtime_error::~runtime_error(void)
00075ee4	__tf13runtime_error	runtime_error type_info function
00075f1c	_._11range_error	range_error::~range_error(void)
00075f38	__tf11range_error	range_error type_info function
00075f90	_._14overflow_error	overflow_error::~overflow_error(void)
00075fac	__tf14overflow_error	overflow_error type_info function
00076004	_._15underflow_error	underflow_error::~underflow_error(void)
00076020	__tf15underflow_error	underflow_error type_info function
00076078	__thunk_4__._22_IO_ostream_withassign	virtual function thunk (delta:-4) for _IO_ostream_withassign::~_IO_ostream_withassign(void)
00076084	__thunk_8__._22_IO_istream_withassign	virtual function thunk (delta:-8) for _IO_istream_withassign::~_IO_istream_withassign(void)
00076090	__thunk_12__._8iostream	virtual function thunk (delta:-12) for iostream::~iostream(void)
0007609c	__thunk_8__._7istream	virtual function thunk (delta:-8) for istream::~istream(void)
000760a8	__thunk_4__._7ostream	virtual function thunk (delta:-4) for ostream::~ostream(void)
000760b4	_._8iostream	iostream::~iostream(void)
00076118	_._7ostream	ostream::~ostream(void)
0007616c	__tf7ostream	ostream type_info function
000761a4	_._7istream	istream::~istream(void)
000761f8	__tf7istream	istream type_info function
00076230	__tf8iostream	iostream type_info function
000762ac	_._22_IO_istream_withassign	_IO_istream_withassign::~_IO_istream_withassign(void)
00076308	__tf22_IO_istream_withassign	_IO_istream_withassign type_info function
00076360	_._22_IO_ostream_withassign	_IO_ostream_withassign::~_IO_ostream_withassign(void)
000763bc	__tf22_IO_ostream_withassign	_IO_ostream_withassign type_info function
00076414	__tf3ios	ios type_info function
0007644c	__tf9streambuf	streambuf type_info function
00076484	__tf7filebuf	filebuf type_info function
000764dc	__tf11_ios_fields	_ios_fields type_info function
00076508	__tf8_IO_FILE	_IO_FILE type_info function
00076538	__tf9exception	exception type_info function
00076578	__tf13bad_exception	bad_exception type_info function
000765e4	__tf9type_info	type_info type_info function
00076624	__tf8bad_cast	bad_cast type_info function
00076670	__tf10bad_typeid	bad_typeid type_info function
000766bc	_._16__user_type_info	__user_type_info::~__user_type_info(void)
000766ec	__tf16__user_type_info	__user_type_info type_info function
00076758	_._14__si_type_info	__si_type_info::~__si_type_info(void)
00076788	__tf14__si_type_info	__si_type_info type_info function
00076824	_._17__class_type_info	__class_type_info::~__class_type_info(void)
00076854	__tf17__class_type_info	__class_type_info type_info function
000768f0	_._19__pointer_type_info	__pointer_type_info::~__pointer_type_info(void)
00076920	__tf19__pointer_type_info	__pointer_type_info type_info function
0007696c	_._16__attr_type_info	__attr_type_info::~__attr_type_info(void)
0007699c	__tf16__attr_type_info	__attr_type_info type_info function
000769e8	_._19__builtin_type_info	__builtin_type_info::~__builtin_type_info(void)
00076a18	__tf19__builtin_type_info	__builtin_type_info type_info function
00076a64	_._16__func_type_info	__func_type_info::~__func_type_info(void)
00076a94	__tf16__func_type_info	__func_type_info type_info function
00076ae0	_._16__ptmf_type_info	__ptmf_type_info::~__ptmf_type_info(void)
00076b10	__tf16__ptmf_type_info	__ptmf_type_info type_info function
00076b5c	_._16__ptmd_type_info	__ptmd_type_info::~__ptmd_type_info(void)
00076b8c	__tf16__ptmd_type_info	__ptmd_type_info type_info function
00076bd8	_._17__array_type_info	__array_type_info::~__array_type_info(void)
00076c08	__tf17__array_type_info	__array_type_info type_info function
00076c54	_._9bad_alloc	bad_alloc::~bad_alloc(void)
00076c8c	__tf9bad_alloc	bad_alloc type_info function
00076cd4	_fini	_fini
