addr	mangled	demangled
00088f74	_init	_init
0008ddf0	__13cSC3WinAdvOrd	cSC3WinAdvOrd::cSC3WinAdvOrd(void)
0008dfb0	_._13cSC3WinAdvOrd	cSC3WinAdvOrd::~cSC3WinAdvOrd(void)
0008e054	Init__13cSC3WinAdvOrd	cSC3WinAdvOrd::Init(void)
0008eaf4	DoMessage__13cSC3WinAdvOrdR10cGZMessage	cSC3WinAdvOrd::DoMessage(cGZMessage &)
0008ef58	GetMinMaxInfo__13cSC3WinAdvOrdR7cRZRect	cSC3WinAdvOrd::GetMinMaxInfo(cRZRect &)
0008f158	LayoutW__13cSC3WinAdvOrdi	cSC3WinAdvOrd::LayoutW(int)
0008f3c0	GetValue__C13cSC3WinAdvOrd	cSC3WinAdvOrd::GetValue(void) const
0008f460	requery_ordinance_lines__13cSC3WinAdvOrd	cSC3WinAdvOrd::requery_ordinance_lines(void)
0008f724	add_ordinance__13cSC3WinAdvOrdRQ219cISC3OrdinanceLayer20cISC3OrdinanceStruct	cSC3WinAdvOrd::add_ordinance(cISC3OrdinanceLayer::cISC3OrdinanceStruct &)
00090134	remove_all_ordinance_lines__13cSC3WinAdvOrd	cSC3WinAdvOrd::remove_all_ordinance_lines(void)
000902c4	requery_ordinance_costs__13cSC3WinAdvOrd	cSC3WinAdvOrd::requery_ordinance_costs(void)
00090684	find_ord_checkbox__13cSC3WinAdvOrdUi	cSC3WinAdvOrd::find_ord_checkbox(unsigned int)
00090704	DoMessage__14cSC3WinOrdListR10cGZMessage	cSC3WinOrdList::DoMessage(cGZMessage &)
00090858	on_layout__14cSC3WinOrdListRiT1	cSC3WinOrdList::on_layout(int &, int &)
00090ae4	place_controls__14cSC3WinOrdListii	cSC3WinOrdList::place_controls(int, int)
00090c54	create_scroll_bar__14cSC3WinOrdListiRP16cIGZWinScrollbar	cSC3WinOrdList::create_scroll_bar(int, cIGZWinScrollbar *&)
00090e04	Init__13cSC3AdvDlgMgr	cSC3AdvDlgMgr::Init(void)
000913b4	Shutdown__13cSC3AdvDlgMgr	cSC3AdvDlgMgr::Shutdown(void)
000915f0	DoMessage__13cSC3AdvDlgMgrR10cGZMessage	cSC3AdvDlgMgr::DoMessage(cGZMessage &)
00091910	on_do_remove_advisors__13cSC3AdvDlgMgr	cSC3AdvDlgMgr::on_do_remove_advisors(void)
00091b70	ModalAdvisorTopic__13cSC3AdvDlgMgrUiUi	cSC3AdvDlgMgr::ModalAdvisorTopic(unsigned int, unsigned int)
00091ce4	ModalAdvisorBriefing__13cSC3AdvDlgMgrUiUi	cSC3AdvDlgMgr::ModalAdvisorBriefing(unsigned int, unsigned int)
00091e54	ModalAdvisorOrdinance__13cSC3AdvDlgMgrUiUi	cSC3AdvDlgMgr::ModalAdvisorOrdinance(unsigned int, unsigned int)
00091fc4	ModalAdvisorTopicList__13cSC3AdvDlgMgrUi	cSC3AdvDlgMgr::ModalAdvisorTopicList(unsigned int)
00092124	ModalAdvisorBriefingList__13cSC3AdvDlgMgrUi	cSC3AdvDlgMgr::ModalAdvisorBriefingList(unsigned int)
00092284	ModalAdvisorOrdinanceList__13cSC3AdvDlgMgrUi	cSC3AdvDlgMgr::ModalAdvisorOrdinanceList(unsigned int)
000923e4	ModalPetitioner__13cSC3AdvDlgMgrUiUi	cSC3AdvDlgMgr::ModalPetitioner(unsigned int, unsigned int)
00092548	ModalOrdinanceDlg__13cSC3AdvDlgMgr	cSC3AdvDlgMgr::ModalOrdinanceDlg(void)
000926f0	ModalMeetDlg__13cSC3AdvDlgMgr	cSC3AdvDlgMgr::ModalMeetDlg(void)
00092834	ModalAdvisorEndGame__13cSC3AdvDlgMgrUiUi	cSC3AdvDlgMgr::ModalAdvisorEndGame(unsigned int, unsigned int)
00092a50	CreateWin__12cSC3MeetMenuRP7cIGZWin	cSC3MeetMenu::CreateWin(cIGZWin *&)
00092b84	DoWinMsg__12cSC3MeetMenuP7cIGZWinUiUiUiUi	cSC3MeetMenu::DoWinMsg(cIGZWin *, unsigned int, unsigned int, unsigned int, unsigned int)
00092d00	on_init__12cSC3MeetMenuP7cIGZWin	cSC3MeetMenu::on_init(cIGZWin *)
00093cf8	get_pet_headers__12cSC3MeetMenu	cSC3MeetMenu::get_pet_headers(void)
00093f64	on_update_pet__12cSC3MeetMenu	cSC3MeetMenu::on_update_pet(void)
00094220	on_btn_clicked__12cSC3MeetMenuP7cIGZWinUi	cSC3MeetMenu::on_btn_clicked(cIGZWin *, unsigned int)
00094350	CreateWin__14cSC3AdvDlgMainRP7cIGZWinb	cSC3AdvDlgMain::CreateWin(cIGZWin *&, bool)
000944b8	DoWinMsg__14cSC3AdvDlgMainP7cIGZWinUiUiUiUi	cSC3AdvDlgMain::DoWinMsg(cIGZWin *, unsigned int, unsigned int, unsigned int, unsigned int)
000948b8	on_init__14cSC3AdvDlgMainP7cIGZWin	cSC3AdvDlgMain::on_init(cIGZWin *)
00095d38	on_shutdown__14cSC3AdvDlgMainP7cIGZWin	cSC3AdvDlgMain::on_shutdown(cIGZWin *)
00095e28	get_topic_headers__14cSC3AdvDlgMainP16cISC3BaseAdvisor	cSC3AdvDlgMain::get_topic_headers(cISC3BaseAdvisor *)
000960e0	kill_topic_headers__14cSC3AdvDlgMain	cSC3AdvDlgMain::kill_topic_headers(void)
000961ec	fill_topic_listview__14cSC3AdvDlgMainP16cISC3WinListViewUi	cSC3AdvDlgMain::fill_topic_listview(cISC3WinListView *, unsigned int)
000963ec	on_advice_changed__14cSC3AdvDlgMain	cSC3AdvDlgMain::on_advice_changed(void)
00096658	on_btn_clicked__14cSC3AdvDlgMainP7cIGZWinUi	cSC3AdvDlgMain::on_btn_clicked(cIGZWin *, unsigned int)
000967cc	_._10cSC3PetDlg	cSC3PetDlg::~cSC3PetDlg(void)
00096904	CreateWin__10cSC3PetDlgRP7cIGZWinb	cSC3PetDlg::CreateWin(cIGZWin *&, bool)
00096a60	on_init__10cSC3PetDlgP7cIGZWin	cSC3PetDlg::on_init(cIGZWin *)
00099568	on_shutdown__10cSC3PetDlgP7cIGZWin	cSC3PetDlg::on_shutdown(cIGZWin *)
0009970c	on_btn_clicked__10cSC3PetDlgP7cIGZWinUi	cSC3PetDlg::on_btn_clicked(cIGZWin *, unsigned int)
00099eb0	CreateWin__13cSC3AdvMsgBoxRP7cIGZWin	cSC3AdvMsgBox::CreateWin(cIGZWin *&)
0009a020	on_init__13cSC3AdvMsgBoxP7cIGZWin	cSC3AdvMsgBox::on_init(cIGZWin *)
0009b408	CreateWin__15cSC3AdvDlgTopicRP7cIGZWinb	cSC3AdvDlgTopic::CreateWin(cIGZWin *&, bool)
0009b578	on_init__15cSC3AdvDlgTopicP7cIGZWin	cSC3AdvDlgTopic::on_init(cIGZWin *)
0009e544	on_btn_clicked__15cSC3AdvDlgTopicP7cIGZWinUi	cSC3AdvDlgTopic::on_btn_clicked(cIGZWin *, unsigned int)
0009ea0c	CreateWin__10cSC3OrdDlgRP7cIGZWin	cSC3OrdDlg::CreateWin(cIGZWin *&)
0009eb78	DoWinMsg__10cSC3OrdDlgP7cIGZWinUiUiUiUi	cSC3OrdDlg::DoWinMsg(cIGZWin *, unsigned int, unsigned int, unsigned int, unsigned int)
0009ec64	on_init__10cSC3OrdDlgP7cIGZWin	cSC3OrdDlg::on_init(cIGZWin *)
0009ff48	fill_ord_list__10cSC3OrdDlgP7cIGZWin	cSC3OrdDlg::fill_ord_list(cIGZWin *)
000a0028	add_advisor_ords__10cSC3OrdDlgP7cIGZWinP16cISC3BaseAdvisor	cSC3OrdDlg::add_advisor_ords(cIGZWin *, cISC3BaseAdvisor *)
000a0184	on_get_min_max_info__10cSC3OrdDlgP7cIGZWinR7cRZRectRC7cRZRect	cSC3OrdDlg::on_get_min_max_info(cIGZWin *, cRZRect &, cRZRect const &)
000a03dc	on_user_area_changed__10cSC3OrdDlgP7cIGZWinPC7cRZRect	cSC3OrdDlg::on_user_area_changed(cIGZWin *, cRZRect const *)
000a0788	on_btn_clicked__10cSC3OrdDlgP7cIGZWinUi	cSC3OrdDlg::on_btn_clicked(cIGZWin *, unsigned int)
000a0860	on_update_ord_total__10cSC3OrdDlgP7cIGZWin	cSC3OrdDlg::on_update_ord_total(cIGZWin *)
000a0c7c	WinExists__15cSC3AdvDlgTopic	cSC3AdvDlgTopic::WinExists(void)
000a0c8c	GetWinArea__15cSC3AdvDlgTopicR7cRZRect	cSC3AdvDlgTopic::GetWinArea(cRZRect &)
000a0cb4	SetEndGame__15cSC3AdvDlgTopicb	cSC3AdvDlgTopic::SetEndGame(bool)
000a0cc8	SetParentNoBackButton__15cSC3AdvDlgTopicb	cSC3AdvDlgTopic::SetParentNoBackButton(bool)
000a0cdc	QueryInterface__13cSC3WinAdvOrdUiPPv	cSC3WinAdvOrd::QueryInterface(unsigned int, void **)
000a0d60	AddRef__13cSC3WinAdvOrd	cSC3WinAdvOrd::AddRef(void)
000a0d8c	Release__13cSC3WinAdvOrd	cSC3WinAdvOrd::Release(void)
000a0db8	Shutdown__13cSC3WinAdvOrd	cSC3WinAdvOrd::Shutdown(void)
000a0e30	AsIGZWin__13cSC3WinAdvOrd	cSC3WinAdvOrd::AsIGZWin(void)
000a0e40	GZOnKeyDown__13cSC3WinAdvOrdUiUi	cSC3WinAdvOrd::GZOnKeyDown(unsigned int, unsigned int)
000a0e7c	GZOnKeyUp__13cSC3WinAdvOrdUiUi	cSC3WinAdvOrd::GZOnKeyUp(unsigned int, unsigned int)
000a0eb4	LayoutH__13cSC3WinAdvOrdi	cSC3WinAdvOrd::LayoutH(int)
000a0ec0	SetAssociatedAdvisorID__13cSC3WinAdvOrdUi	cSC3WinAdvOrd::SetAssociatedAdvisorID(unsigned int)
000a0edc	__14cSC3WinOrdList	cSC3WinOrdList::cSC3WinOrdList(void)
000a0fb8	_._14cSC3WinOrdList	cSC3WinOrdList::~cSC3WinOrdList(void)
000a0ffc	QueryInterface__14cSC3WinOrdListUiPPv	cSC3WinOrdList::QueryInterface(unsigned int, void **)
000a1058	AddRef__14cSC3WinOrdList	cSC3WinOrdList::AddRef(void)
000a1084	Release__14cSC3WinOrdList	cSC3WinOrdList::Release(void)
000a10b0	Init__14cSC3WinOrdList	cSC3WinOrdList::Init(void)
000a1154	Shutdown__14cSC3WinOrdList	cSC3WinOrdList::Shutdown(void)
000a11ec	ChildAdd__14cSC3WinOrdListP7cIGZWin	cSC3WinOrdList::ChildAdd(cIGZWin *)
000a1258	GZPaint__14cSC3WinOrdList	cSC3WinOrdList::GZPaint(void)
000a12d0	GZOnKeyDown__14cSC3WinOrdListUiUi	cSC3WinOrdList::GZOnKeyDown(unsigned int, unsigned int)
000a130c	GZOnKeyUp__14cSC3WinOrdListUiUi	cSC3WinOrdList::GZOnKeyUp(unsigned int, unsigned int)
000a1344	AsIGZWin__14cSC3WinOrdList	cSC3WinOrdList::AsIGZWin(void)
000a1354	GetMinMaxInfo__14cSC3WinOrdListR7cRZRect	cSC3WinOrdList::GetMinMaxInfo(cRZRect &)
000a13e4	SetGutters__14cSC3WinOrdListUcUc	cSC3WinOrdList::SetGutters(unsigned char, unsigned char)
000a1404	GetGutters__14cSC3WinOrdListRiT1	cSC3WinOrdList::GetGutters(int &, int &)
000a142c	SetPageSizeV__14cSC3WinOrdListUs	cSC3WinOrdList::SetPageSizeV(unsigned short)
000a1444	SetLineSizeV__14cSC3WinOrdListUs	cSC3WinOrdList::SetLineSizeV(unsigned short)
000a145c	SetPageSizeH__14cSC3WinOrdListUs	cSC3WinOrdList::SetPageSizeH(unsigned short)
000a1474	SetLineSizeH__14cSC3WinOrdListUs	cSC3WinOrdList::SetLineSizeH(unsigned short)
000a1490	ScrollTo__14cSC3WinOrdListii	cSC3WinOrdList::ScrollTo(int, int)
000a1534	SetArea__14cSC3WinOrdListiiii	cSC3WinOrdList::SetArea(int, int, int, int)
000a1600	calc_min_virtual_size__14cSC3WinOrdListRiT1	cSC3WinOrdList::calc_min_virtual_size(int &, int &)
000a166c	enum_ctrls_min_virtual_size__14cSC3WinOrdListP7cIGZWinUiPvT3	cSC3WinOrdList::enum_ctrls_min_virtual_size(cIGZWin *, unsigned int, void *, void *)
000a16d4	on_virtual_size_changed__14cSC3WinOrdListii	cSC3WinOrdList::on_virtual_size_changed(int, int)
000a1764	update_scroll_bar_visibility__14cSC3WinOrdListii	cSC3WinOrdList::update_scroll_bar_visibility(int, int)
000a184c	on_scroll_h__14cSC3WinOrdListRC10cGZMessage	cSC3WinOrdList::on_scroll_h(cGZMessage const &)
000a185c	on_scroll_v__14cSC3WinOrdListRC10cGZMessage	cSC3WinOrdList::on_scroll_v(cGZMessage const &)
000a1924	CreateNewObject__13cSC3AdvDlgMgr	cSC3AdvDlgMgr::CreateNewObject(void)
000a1994	__13cSC3AdvDlgMgr	cSC3AdvDlgMgr::cSC3AdvDlgMgr(void)
000a1a04	_._13cSC3AdvDlgMgr	cSC3AdvDlgMgr::~cSC3AdvDlgMgr(void)
000a1a3c	QueryInterface__13cSC3AdvDlgMgrUiPPv	cSC3AdvDlgMgr::QueryInterface(unsigned int, void **)
000a1a9c	AddRef__13cSC3AdvDlgMgr	cSC3AdvDlgMgr::AddRef(void)
000a1ab8	Release__13cSC3AdvDlgMgr	cSC3AdvDlgMgr::Release(void)
000a1afc	get_dialog_state__13cSC3AdvDlgMgr	cSC3AdvDlgMgr::get_dialog_state(void)
000a1b88	on_do_meet_dialog__13cSC3AdvDlgMgr	cSC3AdvDlgMgr::on_do_meet_dialog(void)
000a1c14	on_do_advisor_dialog__13cSC3AdvDlgMgrUiUi	cSC3AdvDlgMgr::on_do_advisor_dialog(unsigned int, unsigned int)
000a1ce4	on_do_advisor_topic__13cSC3AdvDlgMgrUiUi	cSC3AdvDlgMgr::on_do_advisor_topic(unsigned int, unsigned int)
000a1dd0	on_do_advisor_briefing__13cSC3AdvDlgMgrUiUi	cSC3AdvDlgMgr::on_do_advisor_briefing(unsigned int, unsigned int)
000a1eb8	on_do_advisor_ordinance__13cSC3AdvDlgMgrUiUi	cSC3AdvDlgMgr::on_do_advisor_ordinance(unsigned int, unsigned int)
000a1fa0	on_do_petitioner__13cSC3AdvDlgMgrUiUi	cSC3AdvDlgMgr::on_do_petitioner(unsigned int, unsigned int)
000a2054	on_do_ordinance_dlg__13cSC3AdvDlgMgr	cSC3AdvDlgMgr::on_do_ordinance_dlg(void)
000a20e0	on_do_remove_ordinances__13cSC3AdvDlgMgr	cSC3AdvDlgMgr::on_do_remove_ordinances(void)
000a2174	__12cSC3MeetMenu	cSC3MeetMenu::cSC3MeetMenu(void)
000a21d8	_._12cSC3MeetMenu	cSC3MeetMenu::~cSC3MeetMenu(void)
000a2210	QueryInterface__12cSC3MeetMenuUiPPv	cSC3MeetMenu::QueryInterface(unsigned int, void **)
000a2270	AddRef__12cSC3MeetMenu	cSC3MeetMenu::AddRef(void)
000a228c	Release__12cSC3MeetMenu	cSC3MeetMenu::Release(void)
000a22cc	WinExists__12cSC3MeetMenu	cSC3MeetMenu::WinExists(void)
000a22dc	GetWinArea__12cSC3MeetMenuR7cRZRect	cSC3MeetMenu::GetWinArea(cRZRect &)
000a2308	KillWin__12cSC3MeetMenuP7cIGZWin	cSC3MeetMenu::KillWin(cIGZWin *)
000a23a4	on_shutdown__12cSC3MeetMenuP7cIGZWin	cSC3MeetMenu::on_shutdown(cIGZWin *)
000a246c	kill_pet_headers__12cSC3MeetMenu	cSC3MeetMenu::kill_pet_headers(void)
000a24f0	fill_pet_listview__12cSC3MeetMenuP16cISC3WinListView	cSC3MeetMenu::fill_pet_listview(cISC3WinListView *)
000a2550	__14cSC3AdvDlgMain	cSC3AdvDlgMain::cSC3AdvDlgMain(void)
000a25ec	_._14cSC3AdvDlgMain	cSC3AdvDlgMain::~cSC3AdvDlgMain(void)
000a262c	QueryInterface__14cSC3AdvDlgMainUiPPv	cSC3AdvDlgMain::QueryInterface(unsigned int, void **)
000a268c	AddRef__14cSC3AdvDlgMain	cSC3AdvDlgMain::AddRef(void)
000a26a8	Release__14cSC3AdvDlgMain	cSC3AdvDlgMain::Release(void)
000a26ec	KillWin__14cSC3AdvDlgMainP7cIGZWin	cSC3AdvDlgMain::KillWin(cIGZWin *)
000a2788	WinExists__14cSC3AdvDlgMain	cSC3AdvDlgMain::WinExists(void)
000a2798	GetWinArea__14cSC3AdvDlgMainR7cRZRect	cSC3AdvDlgMain::GetWinArea(cRZRect &)
000a27c0	SetCurrentAdvisorID__14cSC3AdvDlgMainUi	cSC3AdvDlgMain::SetCurrentAdvisorID(unsigned int)
000a27d4	SetCurrentTopic__14cSC3AdvDlgMainUi	cSC3AdvDlgMain::SetCurrentTopic(unsigned int)
000a27ec	DoMessage__14cSC3AdvDlgMainR10cGZMessage	cSC3AdvDlgMain::DoMessage(cGZMessage &)
000a2824	__10cSC3PetDlg	cSC3PetDlg::cSC3PetDlg(void)
000a28f4	QueryInterface__10cSC3PetDlgUiPPv	cSC3PetDlg::QueryInterface(unsigned int, void **)
000a2950	AddRef__10cSC3PetDlg	cSC3PetDlg::AddRef(void)
000a296c	Release__10cSC3PetDlg	cSC3PetDlg::Release(void)
000a29ac	WinExists__10cSC3PetDlg	cSC3PetDlg::WinExists(void)
000a29c0	KillWin__10cSC3PetDlgP7cIGZWin	cSC3PetDlg::KillWin(cIGZWin *)
000a2a58	GetWinArea__10cSC3PetDlgR7cRZRect	cSC3PetDlg::GetWinArea(cRZRect &)
000a2a80	SetCurrentPetID__10cSC3PetDlgUiUi	cSC3PetDlg::SetCurrentPetID(unsigned int, unsigned int)
000a2a9c	DoWinMsg__10cSC3PetDlgP7cIGZWinUiUiUiUi	cSC3PetDlg::DoWinMsg(cIGZWin *, unsigned int, unsigned int, unsigned int, unsigned int)
000a2b20	__13cSC3AdvMsgBox	cSC3AdvMsgBox::cSC3AdvMsgBox(void)
000a2ba8	_._13cSC3AdvMsgBox	cSC3AdvMsgBox::~cSC3AdvMsgBox(void)
000a2be0	QueryInterface__13cSC3AdvMsgBoxUiPPv	cSC3AdvMsgBox::QueryInterface(unsigned int, void **)
000a2c40	AddRef__13cSC3AdvMsgBox	cSC3AdvMsgBox::AddRef(void)
000a2c5c	Release__13cSC3AdvMsgBox	cSC3AdvMsgBox::Release(void)
000a2c9c	WinExists__13cSC3AdvMsgBox	cSC3AdvMsgBox::WinExists(void)
000a2cb0	KillWin__13cSC3AdvMsgBoxP7cIGZWin	cSC3AdvMsgBox::KillWin(cIGZWin *)
000a2d1c	SetMessageString__13cSC3AdvMsgBoxP10cIGZString	cSC3AdvMsgBox::SetMessageString(cIGZString *)
000a2d30	SetTitleString__13cSC3AdvMsgBoxP10cIGZString	cSC3AdvMsgBox::SetTitleString(cIGZString *)
000a2d44	SetPicKey__13cSC3AdvMsgBoxR14cGZResourceKeyi	cSC3AdvMsgBox::SetPicKey(cGZResourceKey &, int)
000a2d70	DoAdvMsgBox__13cSC3AdvMsgBoxP10cIGZStringT1R14cGZResourceKeyibP7cRZRect	cSC3AdvMsgBox::DoAdvMsgBox(cIGZString *, cIGZString *, cGZResourceKey &, int, bool, cRZRect *)
000a2e30	DoWinMsg__13cSC3AdvMsgBoxP7cIGZWinUiUiUiUi	cSC3AdvMsgBox::DoWinMsg(cIGZWin *, unsigned int, unsigned int, unsigned int, unsigned int)
000a2ebc	on_shutdown__13cSC3AdvMsgBoxP7cIGZWin	cSC3AdvMsgBox::on_shutdown(cIGZWin *)
000a2ef4	on_btn_clicked__13cSC3AdvMsgBoxP7cIGZWinUi	cSC3AdvMsgBox::on_btn_clicked(cIGZWin *, unsigned int)
000a2f80	__15cSC3AdvDlgTopic	cSC3AdvDlgTopic::cSC3AdvDlgTopic(void)
000a2fe0	_._15cSC3AdvDlgTopic	cSC3AdvDlgTopic::~cSC3AdvDlgTopic(void)
000a3018	QueryInterface__15cSC3AdvDlgTopicUiPPv	cSC3AdvDlgTopic::QueryInterface(unsigned int, void **)
000a3070	AddRef__15cSC3AdvDlgTopic	cSC3AdvDlgTopic::AddRef(void)
000a308c	Release__15cSC3AdvDlgTopic	cSC3AdvDlgTopic::Release(void)
000a30d0	KillWin__15cSC3AdvDlgTopicP7cIGZWinUi	cSC3AdvDlgTopic::KillWin(cIGZWin *, unsigned int)
000a316c	SetCurrentAdvisorID__15cSC3AdvDlgTopicUi	cSC3AdvDlgTopic::SetCurrentAdvisorID(unsigned int)
000a3180	SetCurrentTopicID__15cSC3AdvDlgTopicUi	cSC3AdvDlgTopic::SetCurrentTopicID(unsigned int)
000a3194	SetTopicType__15cSC3AdvDlgTopicUi	cSC3AdvDlgTopic::SetTopicType(unsigned int)
000a31ac	DoWinMsg__15cSC3AdvDlgTopicP7cIGZWinUiUiUiUi	cSC3AdvDlgTopic::DoWinMsg(cIGZWin *, unsigned int, unsigned int, unsigned int, unsigned int)
000a3234	on_shutdown__15cSC3AdvDlgTopicP7cIGZWin	cSC3AdvDlgTopic::on_shutdown(cIGZWin *)
000a32cc	__10cSC3OrdDlg	cSC3OrdDlg::cSC3OrdDlg(void)
000a332c	_._10cSC3OrdDlg	cSC3OrdDlg::~cSC3OrdDlg(void)
000a3364	QueryInterface__10cSC3OrdDlgUiPPv	cSC3OrdDlg::QueryInterface(unsigned int, void **)
000a33c0	AddRef__10cSC3OrdDlg	cSC3OrdDlg::AddRef(void)
000a33dc	Release__10cSC3OrdDlg	cSC3OrdDlg::Release(void)
000a341c	WinExists__10cSC3OrdDlg	cSC3OrdDlg::WinExists(void)
000a3430	KillWin__10cSC3OrdDlgP7cIGZWin	cSC3OrdDlg::KillWin(cIGZWin *)
000a34c8	GetWinArea__10cSC3OrdDlgR7cRZRect	cSC3OrdDlg::GetWinArea(cRZRect &)
000a34f4	on_shutdown__10cSC3OrdDlgP7cIGZWin	cSC3OrdDlg::on_shutdown(cIGZWin *)
000a35c4	enum_ord_ctrls__10cSC3OrdDlgP7cIGZWinUiPvT3	cSC3OrdDlg::enum_ord_ctrls(cIGZWin *, unsigned int, void *, void *)
000a3604	AddEntry__11cSC3CatalogP17cISC3CatalogEntry	cSC3Catalog::AddEntry(cISC3CatalogEntry *)
000a36fc	RemoveAllEntries__11cSC3Catalog	cSC3Catalog::RemoveAllEntries(void)
000a3770	__11cSC3Catalog	cSC3Catalog::cSC3Catalog(void)
000a37d0	_._11cSC3Catalog	cSC3Catalog::~cSC3Catalog(void)
000a387c	EntryCompare__11cSC3CatalogP17cISC3CatalogEntryT1	cSC3Catalog::EntryCompare(cISC3CatalogEntry *, cISC3CatalogEntry *)
000a3d20	GetIGZStringField__16cSC3CatalogEntryUi	cSC3CatalogEntry::GetIGZStringField(unsigned int)
000a3e70	__16cSC3CatalogEntry	cSC3CatalogEntry::cSC3CatalogEntry(void)
000a3fb4	_._16cSC3CatalogEntry	cSC3CatalogEntry::~cSC3CatalogEntry(void)
000a40b8	SetOrderFieldID__11cSC3CatalogUi	cSC3Catalog::SetOrderFieldID(unsigned int)
000a40cc	Reset__19cSC3CatalogIterator	cSC3CatalogIterator::Reset(void)
000a4118	Current__C19cSC3CatalogIterator	cSC3CatalogIterator::Current(void) const
000a4164	Next__19cSC3CatalogIterator	cSC3CatalogIterator::Next(void)
000a41b4	GotoIndex__19cSC3CatalogIteratorUi	cSC3CatalogIterator::GotoIndex(unsigned int)
000a420c	__19cSC3CatalogIteratorP12cISC3Catalog	cSC3CatalogIterator::cSC3CatalogIterator(cISC3Catalog *)
000a4268	_._19cSC3CatalogIterator	cSC3CatalogIterator::~cSC3CatalogIterator(void)
000a42bc	QueryInterface__19cSC3CatalogIteratorUiPPv	cSC3CatalogIterator::QueryInterface(unsigned int, void **)
000a4314	AddRef__19cSC3CatalogIterator	cSC3CatalogIterator::AddRef(void)
000a4350	Release__19cSC3CatalogIterator	cSC3CatalogIterator::Release(void)
000a43b0	GetIterator__11cSC3CatalogPP20cISC3CatalogIterator	cSC3Catalog::GetIterator(cISC3CatalogIterator **)
000a4474	GetEntryCount__C11cSC3Catalog	cSC3Catalog::GetEntryCount(void) const
000a4490	CreateEntry__C11cSC3Catalog	cSC3Catalog::CreateEntry(void) const
000a4504	QueryInterface__11cSC3CatalogUiPPv	cSC3Catalog::QueryInterface(unsigned int, void **)
000a4560	AddRef__11cSC3Catalog	cSC3Catalog::AddRef(void)
000a459c	Release__11cSC3Catalog	cSC3Catalog::Release(void)
000a45fc	GetField__16cSC3CatalogEntryUiPP22cISC3CatalogEntryField	cSC3CatalogEntry::GetField(unsigned int, cISC3CatalogEntryField **)
000a4650	AddField__16cSC3CatalogEntryUiP22cISC3CatalogEntryField	cSC3CatalogEntry::AddField(unsigned int, cISC3CatalogEntryField *)
000a46a4	CreateEntryField__C16cSC3CatalogEntry	cSC3CatalogEntry::CreateEntryField(void) const
000a4714	AddIGZStringField__16cSC3CatalogEntryUiP10cIGZString	cSC3CatalogEntry::AddIGZStringField(unsigned int, cIGZString *)
000a47f0	AddIGZStringField__16cSC3CatalogEntryUiR10cIGZString	cSC3CatalogEntry::AddIGZStringField(unsigned int, cIGZString &)
000a48c0	AddIGZUnknownField__16cSC3CatalogEntryUiP11cIGZUnknown	cSC3CatalogEntry::AddIGZUnknownField(unsigned int, cIGZUnknown *)
000a49a0	AddSint32Field__16cSC3CatalogEntryUiUi	cSC3CatalogEntry::AddSint32Field(unsigned int, unsigned int)
000a4a70	GetIGZUnknownField__16cSC3CatalogEntryUi	cSC3CatalogEntry::GetIGZUnknownField(unsigned int)
000a4af0	GetSint32Field__16cSC3CatalogEntryUi	cSC3CatalogEntry::GetSint32Field(unsigned int)
000a4b70	GetFieldType__16cSC3CatalogEntryUi	cSC3CatalogEntry::GetFieldType(unsigned int)
000a4be8	QueryInterface__16cSC3CatalogEntryUiPPv	cSC3CatalogEntry::QueryInterface(unsigned int, void **)
000a4c40	AddRef__16cSC3CatalogEntry	cSC3CatalogEntry::AddRef(void)
000a4c7c	Release__16cSC3CatalogEntry	cSC3CatalogEntry::Release(void)
000a4cdc	Set__21cSC3CatalogEntryFieldP11cIGZVariant	cSC3CatalogEntryField::Set(cIGZVariant *)
000a4d30	Get__21cSC3CatalogEntryFieldPP11cIGZVariant	cSC3CatalogEntryField::Get(cIGZVariant **)
000a4d50	__21cSC3CatalogEntryField	cSC3CatalogEntryField::cSC3CatalogEntryField(void)
000a4d94	_._21cSC3CatalogEntryField	cSC3CatalogEntryField::~cSC3CatalogEntryField(void)
000a4dec	QueryInterface__21cSC3CatalogEntryFieldUiPPv	cSC3CatalogEntryField::QueryInterface(unsigned int, void **)
000a4e44	AddRef__21cSC3CatalogEntryField	cSC3CatalogEntryField::AddRef(void)
000a4e80	Release__21cSC3CatalogEntryField	cSC3CatalogEntryField::Release(void)
000a4edc	execute_dialog__17cSC3CmdAdvisorDlgUi	cSC3CmdAdvisorDlg::execute_dialog(unsigned int)
000a4ee8	Execute__17cSC3CmdAdvisorDlg	cSC3CmdAdvisorDlg::Execute(void)
000a4f04	__25cSC3CmdCityImageThumbnail	cSC3CmdCityImageThumbnail::cSC3CmdCityImageThumbnail(void)
000a4fd0	Execute__25cSC3CmdCityImageThumbnail	cSC3CmdCityImageThumbnail::Execute(void)
000a6b64	DoSnapshot__25cSC3CmdCityImageThumbnailP9cISC3CityR10cIGZStringUiUiUs	cSC3CmdCityImageThumbnail::DoSnapshot(cISC3City *, cIGZString &, unsigned int, unsigned int, unsigned short)
000a7774	DumpGraphData__25cSC3CmdCityImageThumbnailP14cISC3GraphInfo	cSC3CmdCityImageThumbnail::DumpGraphData(cISC3GraphInfo *)
000a7df8	GetCityThumbnail__25cSC3CmdCityImageThumbnailPP10cIGZBufferUiUiUs	cSC3CmdCityImageThumbnail::GetCityThumbnail(cIGZBuffer **, unsigned int, unsigned int, unsigned short)
000a8bcc	GetSnapshotDestPath__25cSC3CmdCityImageThumbnailP9cISC3CityR10cIGZString	cSC3CmdCityImageThumbnail::GetSnapshotDestPath(cISC3City *, cIGZString &)
000a9818	Execute__30cSC3CmdCityImageThumbnail_Bulk	cSC3CmdCityImageThumbnail_Bulk::Execute(void)
000ab38c	QueryInterface__25cSC3CmdCityImageThumbnailUiPPv	cSC3CmdCityImageThumbnail::QueryInterface(unsigned int, void **)
000ab404	AddRef__25cSC3CmdCityImageThumbnail	cSC3CmdCityImageThumbnail::AddRef(void)
000ab448	Release__25cSC3CmdCityImageThumbnail	cSC3CmdCityImageThumbnail::Release(void)
000ab4b8	EnumLayer__25cSC3CmdCityImageThumbnailR10cGZMessageP14cISC3CityLayer	cSC3CmdCityImageThumbnail::EnumLayer(cGZMessage &, cISC3CityLayer *)
000ab4f4	CheckPotentialCellForBlackness__25cSC3CmdCityImageThumbnailiiP22cISC3CitySpriteCellMapP16cIGZGimexFactoryR7cRZRect	cSC3CmdCityImageThumbnail::CheckPotentialCellForBlackness(int, int, cISC3CitySpriteCellMap *, cIGZGimexFactory *, cRZRect &)
000ab564	IsBufferRowBlack__25cSC3CmdCityImageThumbnailP10cIGZBufferi	cSC3CmdCityImageThumbnail::IsBufferRowBlack(cIGZBuffer *, int)
000ab63c	IsBufferColumnBlack__25cSC3CmdCityImageThumbnailP10cIGZBufferi	cSC3CmdCityImageThumbnail::IsBufferColumnBlack(cIGZBuffer *, int)
000ab718	__30cSC3CmdCityImageThumbnail_Bulk	cSC3CmdCityImageThumbnail_Bulk::cSC3CmdCityImageThumbnail_Bulk(void)
000ab780	QueryInterface__30cSC3CmdCityImageThumbnail_BulkUiPPv	cSC3CmdCityImageThumbnail_Bulk::QueryInterface(unsigned int, void **)
000ab800	AddRef__30cSC3CmdCityImageThumbnail_Bulk	cSC3CmdCityImageThumbnail_Bulk::AddRef(void)
000ab844	Release__30cSC3CmdCityImageThumbnail_Bulk	cSC3CmdCityImageThumbnail_Bulk::Release(void)
000ab8b4	Execute__16cSC3CmdGameSpeed	cSC3CmdGameSpeed::Execute(void)
000abaa0	_._16cSC3CmdGameSpeed	cSC3CmdGameSpeed::~cSC3CmdGameSpeed(void)
000abae0	__16cSC3CmdGameSpeed	cSC3CmdGameSpeed::cSC3CmdGameSpeed(void)
000abb94	Execute__14cSC3CmdMapView	cSC3CmdMapView::Execute(void)
000abe00	set_map_view_visibility__14cSC3CmdMapViewb	cSC3CmdMapView::set_map_view_visibility(bool)
000abf64	Execute__13cSC3CmdMsgBox	cSC3CmdMsgBox::Execute(void)
000ac600	CreateAndExecuteMsgBox__17cSC3WinProcMsgBoxRUiRC10cIGZStringT2Ui	cSC3WinProcMsgBox::CreateAndExecuteMsgBox(unsigned int &, cIGZString const &, cIGZString const &, unsigned int)
000acd84	on_init__17cSC3WinProcMsgBoxP7cIGZWin	cSC3WinProcMsgBox::on_init(cIGZWin *)
000ad1b0	create_and_add_btn__17cSC3WinProcMsgBoxP7cIGZWinUi	cSC3WinProcMsgBox::create_and_add_btn(cIGZWin *, unsigned int)
000ad440	create_and_add_label__17cSC3WinProcMsgBoxP7cIGZWinUiPC10cIGZString	cSC3WinProcMsgBox::create_and_add_label(cIGZWin *, unsigned int, cIGZString const *)
000ad5a0	create_and_add_icon__17cSC3WinProcMsgBoxP7cIGZWinUiUi	cSC3WinProcMsgBox::create_and_add_icon(cIGZWin *, unsigned int, unsigned int)
000ad970	create_and_add_rect__17cSC3WinProcMsgBoxP7cIGZWinUi	cSC3WinProcMsgBox::create_and_add_rect(cIGZWin *, unsigned int)
000adafc	calc_nice_msg_size__17cSC3WinProcMsgBoxP7cIGZWinR7cRZRect	cSC3WinProcMsgBox::calc_nice_msg_size(cIGZWin *, cRZRect &)
000adc90	calc_min_btn_size__17cSC3WinProcMsgBoxP7cIGZWinR7cRZRect	cSC3WinProcMsgBox::calc_min_btn_size(cIGZWin *, cRZRect &)
000adec0	on_get_min_max_info__17cSC3WinProcMsgBoxP7cIGZWinR7cRZRect	cSC3WinProcMsgBox::on_get_min_max_info(cIGZWin *, cRZRect &)
000ae118	on_user_area_changed__17cSC3WinProcMsgBoxP7cIGZWinRC7cRZRect	cSC3WinProcMsgBox::on_user_area_changed(cIGZWin *, cRZRect const &)
000ae4f8	on_keydown__17cSC3WinProcMsgBoxP7cIGZWinUiUi	cSC3WinProcMsgBox::on_keydown(cIGZWin *, unsigned int, unsigned int)
000ae5c0	on_btn_clicked__17cSC3WinProcMsgBoxP7cIGZWinUi	cSC3WinProcMsgBox::on_btn_clicked(cIGZWin *, unsigned int)
000ae670	CreateNewObject__13cSC3CmdMsgBox	cSC3CmdMsgBox::CreateNewObject(void)
000ae6e4	__13cSC3CmdMsgBox	cSC3CmdMsgBox::cSC3CmdMsgBox(void)
000ae724	_._13cSC3CmdMsgBox	cSC3CmdMsgBox::~cSC3CmdMsgBox(void)
000ae764	pop_string_param__13cSC3CmdMsgBoxR9cRZString	cSC3CmdMsgBox::pop_string_param(cRZString &)
000ae810	pop_Uint32_param__13cSC3CmdMsgBoxRUi	cSC3CmdMsgBox::pop_Uint32_param(unsigned int &)
000ae898	do_msg_box__13cSC3CmdMsgBoxRUiRC10cIGZStringT2Ui	cSC3CmdMsgBox::do_msg_box(unsigned int &, cIGZString const &, cIGZString const &, unsigned int)
000ae93c	CreateNewObject__17cSC3WinProcMsgBox	cSC3WinProcMsgBox::CreateNewObject(void)
000ae9b0	__17cSC3WinProcMsgBox	cSC3WinProcMsgBox::cSC3WinProcMsgBox(void)
000ae9f4	_._17cSC3WinProcMsgBox	cSC3WinProcMsgBox::~cSC3WinProcMsgBox(void)
000aea2c	QueryInterface__17cSC3WinProcMsgBoxUiPPv	cSC3WinProcMsgBox::QueryInterface(unsigned int, void **)
000aeaac	AddRef__17cSC3WinProcMsgBox	cSC3WinProcMsgBox::AddRef(void)
000aeac8	Release__17cSC3WinProcMsgBox	cSC3WinProcMsgBox::Release(void)
000aeb0c	get_msgboxinfo__17cSC3WinProcMsgBoxP7cIGZWin	cSC3WinProcMsgBox::get_msgboxinfo(cIGZWin *)
000aeb80	DoWinMsg__17cSC3WinProcMsgBoxP7cIGZWinUiUiUiUi	cSC3WinProcMsgBox::DoWinMsg(cIGZWin *, unsigned int, unsigned int, unsigned int, unsigned int)
000aec40	end_dialog__17cSC3WinProcMsgBoxP7cIGZWinUi	cSC3WinProcMsgBox::end_dialog(cIGZWin *, unsigned int)
000aec78	on_shutdown__17cSC3WinProcMsgBoxP7cIGZWin	cSC3WinProcMsgBox::on_shutdown(cIGZWin *)
000aec94	Execute__22cSC3CmdOptsPrefsDialog	cSC3CmdOptsPrefsDialog::Execute(void)
000aeee8	__22cSC3CmdOptsPrefsDialog	cSC3CmdOptsPrefsDialog::cSC3CmdOptsPrefsDialog(void)
000aef94	Execute__19cSC3CmdPerformQueryRC8cRZPointUiUi	cSC3CmdPerformQuery::Execute(cRZPoint const &, unsigned int, unsigned int)
000b0ad4	__19cSC3CmdPerformQuery	cSC3CmdPerformQuery::cSC3CmdPerformQuery(void)
000b0b90	Execute__19cSC3CmdPerformQuery	cSC3CmdPerformQuery::Execute(void)
000b0be4	inputParamCallback__19cSC3CmdPerformQueryiUiPv	cSC3CmdPerformQuery::inputParamCallback(int, unsigned int, void *)
000b0cb4	Execute__15cSC3CmdProgress	cSC3CmdProgress::Execute(void)
000b0dc0	GetIGZStringPtrParm__15cSC3CmdProgressRP10cIGZString	cSC3CmdProgress::GetIGZStringPtrParm(cIGZString *&)
000b0f60	__15cSC3CmdProgress	cSC3CmdProgress::cSC3CmdProgress(void)
000b0fa4	Show__15cSC3CmdProgressUiUiP10cIGZString	cSC3CmdProgress::Show(unsigned int, unsigned int, cIGZString *)
000b0ff8	SetValue__15cSC3CmdProgressUi	cSC3CmdProgress::SetValue(unsigned int)
000b1024	Hide__15cSC3CmdProgress	cSC3CmdProgress::Hide(void)
000b1044	GetUint32Parm__15cSC3CmdProgressRUi	cSC3CmdProgress::GetUint32Parm(unsigned int &)
000b10e4	Execute__21cSC3CmdSCNProgressDlg	cSC3CmdSCNProgressDlg::Execute(void)
000b1204	__21cSC3CmdSCNProgressDlg	cSC3CmdSCNProgressDlg::cSC3CmdSCNProgressDlg(void)
000b12b4	Execute__22cSC3CmdSelectABuildingUi	cSC3CmdSelectABuilding::Execute(unsigned int)
000b1598	__22cSC3CmdSelectABuilding	cSC3CmdSelectABuilding::cSC3CmdSelectABuilding(void)
000b1630	inputParamCallback__22cSC3CmdSelectABuildingiUiPv	cSC3CmdSelectABuilding::inputParamCallback(int, unsigned int, void *)
000b1690	Execute__22cSC3CmdSelectABuilding	cSC3CmdSelectABuilding::Execute(void)
000b1704	Execute__23cSC3CmdSelectCityScheme	cSC3CmdSelectCityScheme::Execute(void)
000b1a60	AddRef__23cSC3CmdSelectCityScheme	cSC3CmdSelectCityScheme::AddRef(void)
000b1a88	AreDisastersEnabled__C23cSC3CmdSelectCityScheme	cSC3CmdSelectCityScheme::AreDisastersEnabled(void) const
000b1aac	AreFundsDebt__C23cSC3CmdSelectCityScheme	cSC3CmdSelectCityScheme::AreFundsDebt(void) const
000b1ad0	__23cSC3CmdSelectCityScheme	cSC3CmdSelectCityScheme::cSC3CmdSelectCityScheme(void)
000b1b38	_._23cSC3CmdSelectCityScheme	cSC3CmdSelectCityScheme::~cSC3CmdSelectCityScheme(void)
000b1bc8	GetCityDescription__C23cSC3CmdSelectCityScheme	cSC3CmdSelectCityScheme::GetCityDescription(void) const
000b1bf8	GetCityName__C23cSC3CmdSelectCityScheme	cSC3CmdSelectCityScheme::GetCityName(void) const
000b1c28	GetCitySize__C23cSC3CmdSelectCityScheme	cSC3CmdSelectCityScheme::GetCitySize(void) const
000b1c4c	GetDifficulty__C23cSC3CmdSelectCityScheme	cSC3CmdSelectCityScheme::GetDifficulty(void) const
000b1c70	GetDirtGenerator__C23cSC3CmdSelectCityScheme	cSC3CmdSelectCityScheme::GetDirtGenerator(void) const
000b1c90	GetFunds__C23cSC3CmdSelectCityScheme	cSC3CmdSelectCityScheme::GetFunds(void) const
000b1cc0	GetMayorName__C23cSC3CmdSelectCityScheme	cSC3CmdSelectCityScheme::GetMayorName(void) const
000b1ce8	GetSelectedBuildingSet__C23cSC3CmdSelectCityScheme	cSC3CmdSelectCityScheme::GetSelectedBuildingSet(void) const
000b1d0c	GetSelectedFloraSet__C23cSC3CmdSelectCityScheme	cSC3CmdSelectCityScheme::GetSelectedFloraSet(void) const
000b1d2c	GetSelectedLandScape__C23cSC3CmdSelectCityScheme	cSC3CmdSelectCityScheme::GetSelectedLandScape(void) const
000b1d4c	GetStartYear__C23cSC3CmdSelectCityScheme	cSC3CmdSelectCityScheme::GetStartYear(void) const
000b1d70	IsAutoBudgetEnabled__C23cSC3CmdSelectCityScheme	cSC3CmdSelectCityScheme::IsAutoBudgetEnabled(void) const
000b1d94	QueryInterface__23cSC3CmdSelectCitySchemeUiPPv	cSC3CmdSelectCityScheme::QueryInterface(unsigned int, void **)
000b1dec	Release__23cSC3CmdSelectCityScheme	cSC3CmdSelectCityScheme::Release(void)
000b1e24	CreateCommand__19cSC3CmdSimUIFactoryUiUiPPv	cSC3CmdSimUIFactory::CreateCommand(unsigned int, unsigned int, void **)
000b2c9c	Execute__23cSC3CmdWinBusinessDeals	cSC3CmdWinBusinessDeals::Execute(void)
000b2d90	__23cSC3CmdWinBusinessDeals	cSC3CmdWinBusinessDeals::cSC3CmdWinBusinessDeals(void)
000b2dcc	inputParamCallback__23cSC3CmdWinBusinessDealsiUiPv	cSC3CmdWinBusinessDeals::inputParamCallback(int, unsigned int, void *)
000b2de4	Execute__16cSC3CmdWinLayers	cSC3CmdWinLayers::Execute(void)
000b3064	__16cSC3CmdWinLayers	cSC3CmdWinLayers::cSC3CmdWinLayers(void)
000b30a0	inputParamCallback__16cSC3CmdWinLayersiUiPv	cSC3CmdWinLayers::inputParamCallback(int, unsigned int, void *)
000b30ac	Execute__21cSC3CmdWinTipOfTheDay	cSC3CmdWinTipOfTheDay::Execute(void)
000b31d0	__21cSC3CmdWinTipOfTheDay	cSC3CmdWinTipOfTheDay::cSC3CmdWinTipOfTheDay(void)
000b320c	inputParamCallback__21cSC3CmdWinTipOfTheDayiUiPv	cSC3CmdWinTipOfTheDay::inputParamCallback(int, unsigned int, void *)
000b3224	__15cSC3CtrlCreator	cSC3CtrlCreator::cSC3CtrlCreator(void)
000b3500	create_SC3ListBox__15cSC3CtrlCreatorP14cIGZWinCtrlMgrUiPPv	cSC3CtrlCreator::create_SC3ListBox(cIGZWinCtrlMgr *, unsigned int, void **)
000b36fc	create_SC3CheckBtn__15cSC3CtrlCreatorP14cIGZWinCtrlMgrUiPPv	cSC3CtrlCreator::create_SC3CheckBtn(cIGZWinCtrlMgr *, unsigned int, void **)
000b39e4	create_SC3BlueBar__15cSC3CtrlCreatorP14cIGZWinCtrlMgrUiPPv	cSC3CtrlCreator::create_SC3BlueBar(cIGZWinCtrlMgr *, unsigned int, void **)
000b3b28	create_SC3TextBtn__15cSC3CtrlCreatorP14cIGZWinCtrlMgrUiPPv	cSC3CtrlCreator::create_SC3TextBtn(cIGZWinCtrlMgr *, unsigned int, void **)
000b3f78	create_SC3StringPairDisp__15cSC3CtrlCreatorP14cIGZWinCtrlMgrUiPPv	cSC3CtrlCreator::create_SC3StringPairDisp(cIGZWinCtrlMgr *, unsigned int, void **)
000b41d8	create_SC3PeekBuilding__15cSC3CtrlCreatorP14cIGZWinCtrlMgrUiPPv	cSC3CtrlCreator::create_SC3PeekBuilding(cIGZWinCtrlMgr *, unsigned int, void **)
000b43c4	create_SC3Label10__15cSC3CtrlCreatorP14cIGZWinCtrlMgrUiPPv	cSC3CtrlCreator::create_SC3Label10(cIGZWinCtrlMgr *, unsigned int, void **)
000b451c	create_SC3Combo__15cSC3CtrlCreatorP14cIGZWinCtrlMgrUiPPv	cSC3CtrlCreator::create_SC3Combo(cIGZWinCtrlMgr *, unsigned int, void **)
000b4874	create_SC3CheckBox__15cSC3CtrlCreatorP14cIGZWinCtrlMgrUiPPv	cSC3CtrlCreator::create_SC3CheckBox(cIGZWinCtrlMgr *, unsigned int, void **)
000b4ae0	create_SC3TextBtnToggle__15cSC3CtrlCreatorP14cIGZWinCtrlMgrUiPPv	cSC3CtrlCreator::create_SC3TextBtnToggle(cIGZWinCtrlMgr *, unsigned int, void **)
000b4e48	create_SC3OptGrp__15cSC3CtrlCreatorP14cIGZWinCtrlMgrUiPPv	cSC3CtrlCreator::create_SC3OptGrp(cIGZWinCtrlMgr *, unsigned int, void **)
000b5104	CreateNewObject__15cSC3CtrlCreator	cSC3CtrlCreator::CreateNewObject(void)
000b5184	_._15cSC3CtrlCreator	cSC3CtrlCreator::~cSC3CtrlCreator(void)
000b51f8	QueryInterface__15cSC3CtrlCreatorUiPPv	cSC3CtrlCreator::QueryInterface(unsigned int, void **)
000b5264	AddRef__15cSC3CtrlCreator	cSC3CtrlCreator::AddRef(void)
000b52a4	Release__15cSC3CtrlCreator	cSC3CtrlCreator::Release(void)
000b52fc	GetCLSID__15cSC3CtrlCreator	cSC3CtrlCreator::GetCLSID(void)
000b530c	OnRegistered__15cSC3CtrlCreator	cSC3CtrlCreator::OnRegistered(void)
000b5370	OnRemoved__15cSC3CtrlCreator	cSC3CtrlCreator::OnRemoved(void)
000b53b0	CreateAndSetup__15cSC3CtrlCreatorUiUiPPv	cSC3CtrlCreator::CreateAndSetup(unsigned int, unsigned int, void **)
000b5410	Debug_Name__C15cSC3CtrlCreator	cSC3CtrlCreator::Debug_Name(void) const
000b5430	Debug_CtrlName__C15cSC3CtrlCreatorUi	cSC3CtrlCreator::Debug_CtrlName(unsigned int) const
000b544c	EnumCtrls__15cSC3CtrlCreatorPFUiPv_bPv	cSC3CtrlCreator::EnumCtrls(bool (*)(unsigned int, void *), void *)
000b545c	add_ctrl__15cSC3CtrlCreatorUiPFP14cIGZWinCtrlMgrUiPPv_b	cSC3CtrlCreator::add_ctrl(unsigned int, bool (*)(cIGZWinCtrlMgr *, unsigned int, void **))
000b54a0	get_class_object__15cSC3CtrlCreatorUiUiPPv	cSC3CtrlCreator::get_class_object(unsigned int, unsigned int, void **)
000b5500	get_outline_colors__15cSC3CtrlCreatorP14cIGZWinCtrlMgrRQ215cSC3CtrlCreator14tOutlineColors	cSC3CtrlCreator::get_outline_colors(cIGZWinCtrlMgr *, cSC3CtrlCreator::tOutlineColors &)
000b5584	make_fill_color__15cSC3CtrlCreatorP11cIGZUnknownUcUcUc	cSC3CtrlCreator::make_fill_color(cIGZUnknown *, unsigned char, unsigned char, unsigned char)
000b5610	create_SC3FileCombo__15cSC3CtrlCreatorP14cIGZWinCtrlMgrUiPPv	cSC3CtrlCreator::create_SC3FileCombo(cIGZWinCtrlMgr *, unsigned int, void **)
000b5700	create_SC3FileList__15cSC3CtrlCreatorP14cIGZWinCtrlMgrUiPPv	cSC3CtrlCreator::create_SC3FileList(cIGZWinCtrlMgr *, unsigned int, void **)
000b5814	CreateMinMaxWindow__17cSC3WinProcMinMaxRP7cIGZWin	cSC3WinProcMinMax::CreateMinMaxWindow(cIGZWin *&)
000b5920	on_init__17cSC3WinProcMinMaxP7cIGZWin	cSC3WinProcMinMax::on_init(cIGZWin *)
000b5a48	DoWinMsg__17cSC3WinProcMinMaxP7cIGZWinUiUiUiUi	cSC3WinProcMinMax::DoWinMsg(cIGZWin *, unsigned int, unsigned int, unsigned int, unsigned int)
000b5e38	__13cSC3MainUIMgr	cSC3MainUIMgr::cSC3MainUIMgr(void)
000b5fa0	_._13cSC3MainUIMgr	cSC3MainUIMgr::~cSC3MainUIMgr(void)
000b603c	Init__13cSC3MainUIMgrP7cIGZWin	cSC3MainUIMgr::Init(cIGZWin *)
000b6b1c	Shutdown__13cSC3MainUIMgr	cSC3MainUIMgr::Shutdown(void)
000b6ddc	DoMessage__13cSC3MainUIMgrR10cGZMessage	cSC3MainUIMgr::DoMessage(cGZMessage &)
000b73e4	__17cSC3WinProcMinMax	cSC3WinProcMinMax::cSC3WinProcMinMax(void)
000b7420	_._17cSC3WinProcMinMax	cSC3WinProcMinMax::~cSC3WinProcMinMax(void)
000b7458	QueryInterface__17cSC3WinProcMinMaxUiPPv	cSC3WinProcMinMax::QueryInterface(unsigned int, void **)
000b74bc	AddRef__17cSC3WinProcMinMax	cSC3WinProcMinMax::AddRef(void)
000b74d8	Release__17cSC3WinProcMinMax	cSC3WinProcMinMax::Release(void)
000b751c	on_shutdown__17cSC3WinProcMinMaxP7cIGZWin	cSC3WinProcMinMax::on_shutdown(cIGZWin *)
000b7598	on_ui_maximize__17cSC3WinProcMinMaxP7cIGZWinb	cSC3WinProcMinMax::on_ui_maximize(cIGZWin *, bool)
000b7620	on_point_in_win__17cSC3WinProcMinMaxP7cIGZWiniiRb	cSC3WinProcMinMax::on_point_in_win(cIGZWin *, int, int, bool &)
000b76b8	CreateNewObject__13cSC3MainUIMgr	cSC3MainUIMgr::CreateNewObject(void)
000b7724	QueryInterface__13cSC3MainUIMgrUiPPv	cSC3MainUIMgr::QueryInterface(unsigned int, void **)
000b77ac	AddRef__13cSC3MainUIMgr	cSC3MainUIMgr::AddRef(void)
000b77c8	Release__13cSC3MainUIMgr	cSC3MainUIMgr::Release(void)
000b780c	set_window_visibility__13cSC3MainUIMgrb	cSC3MainUIMgr::set_window_visibility(bool)
000b78e8	do_secret_dialog__13cSC3MainUIMgrUi	cSC3MainUIMgr::do_secret_dialog(unsigned int)
000b78f4	place_windows__13cSC3MainUIMgr	cSC3MainUIMgr::place_windows(void)
000b7b78	requery_desktop_area__13cSC3MainUIMgr	cSC3MainUIMgr::requery_desktop_area(void)
000b7c84	__11cSC3MenuMgr	cSC3MenuMgr::cSC3MenuMgr(void)
000b81a8	DoMessage__11cSC3MenuMgrR10cGZMessage	cSC3MenuMgr::DoMessage(cGZMessage &)
000b82a0	Init__11cSC3MenuMgr	cSC3MenuMgr::Init(void)
000b86b0	Shutdown__11cSC3MenuMgr	cSC3MenuMgr::Shutdown(void)
000b9914	GetAllMenuItemIDs__11cSC3MenuMgrRiRPCUi	cSC3MenuMgr::GetAllMenuItemIDs(int &, unsigned int const *&)
000b9a10	EnableAllItems__11cSC3MenuMgrb	cSC3MenuMgr::EnableAllItems(bool)
000b9abc	__11cSC3MenuSet	cSC3MenuSet::cSC3MenuSet(void)
000b9d14	_._11cSC3MenuSet	cSC3MenuSet::~cSC3MenuSet(void)
000b9df8	InitFromRegistry__11cSC3MenuSetRC10cIGZStringT1	cSC3MenuSet::InitFromRegistry(cIGZString const &, cIGZString const &)
000bae98	Shutdown__11cSC3MenuSet	cSC3MenuSet::Shutdown(void)
000baf24	add_mapping_from_registry__11cSC3MenuSetRC10cIGZStringT1	cSC3MenuSet::add_mapping_from_registry(cIGZString const &, cIGZString const &)
000bb038	create_mapping_arrays__11cSC3MenuSet	cSC3MenuSet::create_mapping_arrays(void)
000bb140	__12cSC3MenuDesc	cSC3MenuDesc::cSC3MenuDesc(void)
000bb1e8	_._12cSC3MenuDesc	cSC3MenuDesc::~cSC3MenuDesc(void)
000bb2d0	InitFromRegistry__12cSC3MenuDescRC10cIGZStringT1	cSC3MenuDesc::InitFromRegistry(cIGZString const &, cIGZString const &)
000bca34	InitFromRegistry__14cSC3MenuBtnDefRC10cIGZStringT1	cSC3MenuBtnDef::InitFromRegistry(cIGZString const &, cIGZString const &)
000bd374	__16cSC3MenuItemInfo	cSC3MenuItemInfo::cSC3MenuItemInfo(void)
000bd550	_._16cSC3MenuItemInfo	cSC3MenuItemInfo::~cSC3MenuItemInfo(void)
000bd694	Activate__16cSC3MenuItemInfo	cSC3MenuItemInfo::Activate(void)
000bdad4	init_version_1__16cSC3MenuItemInfoRC10cIGZStringT1	cSC3MenuItemInfo::init_version_1(cIGZString const &, cIGZString const &)
000c0bcc	CreateNewObject__11cSC3MenuMgr	cSC3MenuMgr::CreateNewObject(void)
000c0c40	_._11cSC3MenuMgr	cSC3MenuMgr::~cSC3MenuMgr(void)
000c0ccc	QueryInterface__11cSC3MenuMgrUiPPv	cSC3MenuMgr::QueryInterface(unsigned int, void **)
000c0d40	AddRef__11cSC3MenuMgr	cSC3MenuMgr::AddRef(void)
000c0d5c	Release__11cSC3MenuMgr	cSC3MenuMgr::Release(void)
000c0d9c	Requery__11cSC3MenuMgr	cSC3MenuMgr::Requery(void)
000c0da8	GetMenuItemCount__11cSC3MenuMgr	cSC3MenuMgr::GetMenuItemCount(void)
000c0dbc	GetMenuItemInfo__11cSC3MenuMgrUiRP17cISC3MenuItemInfo	cSC3MenuMgr::GetMenuItemInfo(unsigned int, cISC3MenuItemInfo *&)
000c0e18	AddMenuItemInfo__11cSC3MenuMgrP17cISC3MenuItemInfo	cSC3MenuMgr::AddMenuItemInfo(cISC3MenuItemInfo *)
000c0e84	AddMenuDesc__11cSC3MenuMgrP13cISC3MenuDesc	cSC3MenuMgr::AddMenuDesc(cISC3MenuDesc *)
000c0ef0	GetMenuDescItemIDs__11cSC3MenuMgrUiRiRPCUi	cSC3MenuMgr::GetMenuDescItemIDs(unsigned int, int &, unsigned int const *&)
000c0f60	GetMenuDesc__11cSC3MenuMgrUiRP13cISC3MenuDesc	cSC3MenuMgr::GetMenuDesc(unsigned int, cISC3MenuDesc *&)
000c0fa4	GetSpecificMenuDesc__11cSC3MenuMgrUiRP13cISC3MenuDesc	cSC3MenuMgr::GetSpecificMenuDesc(unsigned int, cISC3MenuDesc *&)
000c1000	AddMenuSet__11cSC3MenuMgrP12cISC3MenuSet	cSC3MenuMgr::AddMenuSet(cISC3MenuSet *)
000c1070	GetSpecificMenuSet__11cSC3MenuMgrUiRP12cISC3MenuSet	cSC3MenuMgr::GetSpecificMenuSet(unsigned int, cISC3MenuSet *&)
000c10cc	GetActiveMenuSet__11cSC3MenuMgrRP12cISC3MenuSet	cSC3MenuMgr::GetActiveMenuSet(cISC3MenuSet *&)
000c10f4	SetActiveMenuSet__11cSC3MenuMgrUi	cSC3MenuMgr::SetActiveMenuSet(unsigned int)
000c1144	AddMenuBtnDef__11cSC3MenuMgrP15cISC3MenuBtnDef	cSC3MenuMgr::AddMenuBtnDef(cISC3MenuBtnDef *)
000c11b0	GetMenuBtnDef__11cSC3MenuMgrUiRP15cISC3MenuBtnDef	cSC3MenuMgr::GetMenuBtnDef(unsigned int, cISC3MenuBtnDef *&)
000c1210	add_menu_item_info__11cSC3MenuMgrRC10cIGZStringT1Pv	cSC3MenuMgr::add_menu_item_info(cIGZString const &, cIGZString const &, void *)
000c1300	add_menu_desc__11cSC3MenuMgrRC10cIGZStringT1Pv	cSC3MenuMgr::add_menu_desc(cIGZString const &, cIGZString const &, void *)
000c1400	add_menu_set__11cSC3MenuMgrRC10cIGZStringT1Pv	cSC3MenuMgr::add_menu_set(cIGZString const &, cIGZString const &, void *)
000c1504	add_menu_btn_def__11cSC3MenuMgrRC10cIGZStringT1Pv	cSC3MenuMgr::add_menu_btn_def(cIGZString const &, cIGZString const &, void *)
000c15ec	QueryInterface__11cSC3MenuSetUiPPv	cSC3MenuSet::QueryInterface(unsigned int, void **)
000c15f8	AddRef__11cSC3MenuSet	cSC3MenuSet::AddRef(void)
000c1614	Release__11cSC3MenuSet	cSC3MenuSet::Release(void)
000c1654	GetMenuSetID__11cSC3MenuSet	cSC3MenuSet::GetMenuSetID(void)
000c1668	GetMenuDesc__11cSC3MenuSetUiRP13cISC3MenuDesc	cSC3MenuSet::GetMenuDesc(unsigned int, cISC3MenuDesc *&)
000c16dc	SetMenuMgr__11cSC3MenuSetP12cISC3MenuMgr	cSC3MenuSet::SetMenuMgr(cISC3MenuMgr *)
000c16f8	add_mapping__11cSC3MenuSetRC9cRZStringT1Pv	cSC3MenuSet::add_mapping(cRZString const &, cRZString const &, void *)
000c17a8	QueryInterface__12cSC3MenuDescUiPPv	cSC3MenuDesc::QueryInterface(unsigned int, void **)
000c17b4	AddRef__12cSC3MenuDesc	cSC3MenuDesc::AddRef(void)
000c17d0	Release__12cSC3MenuDesc	cSC3MenuDesc::Release(void)
000c180c	GetMenuDescID__12cSC3MenuDesc	cSC3MenuDesc::GetMenuDescID(void)
000c181c	SetMenuDescFlag__12cSC3MenuDescib	cSC3MenuDesc::SetMenuDescFlag(int, bool)
000c183c	GetMenuDescFlag__12cSC3MenuDesci	cSC3MenuDesc::GetMenuDescFlag(int)
000c1850	GetMenuDescItemIDs__12cSC3MenuDescRiRPCUi	cSC3MenuDesc::GetMenuDescItemIDs(int &, unsigned int const *&)
000c1884	Shutdown__12cSC3MenuDesc	cSC3MenuDesc::Shutdown(void)
000c18e0	GetMenuDescName__12cSC3MenuDescR10cIGZString	cSC3MenuDesc::GetMenuDescName(cIGZString &)
000c1910	GetMenuDescColors__12cSC3MenuDescRUiT1	cSC3MenuDesc::GetMenuDescColors(unsigned int &, unsigned int &)
000c1934	__14cSC3MenuBtnDef	cSC3MenuBtnDef::cSC3MenuBtnDef(void)
000c1988	_._14cSC3MenuBtnDef	cSC3MenuBtnDef::~cSC3MenuBtnDef(void)
000c19bc	QueryInterface__14cSC3MenuBtnDefUiPPv	cSC3MenuBtnDef::QueryInterface(unsigned int, void **)
000c19c8	AddRef__14cSC3MenuBtnDef	cSC3MenuBtnDef::AddRef(void)
000c19e4	Release__14cSC3MenuBtnDef	cSC3MenuBtnDef::Release(void)
000c1a24	GetMenuBtnDefID__14cSC3MenuBtnDef	cSC3MenuBtnDef::GetMenuBtnDefID(void)
000c1a34	GetDefaultMenuItemID__14cSC3MenuBtnDef	cSC3MenuBtnDef::GetDefaultMenuItemID(void)
000c1a44	GetMenuDescHn__14cSC3MenuBtnDef	cSC3MenuBtnDef::GetMenuDescHn(void)
000c1a54	QueryInterface__16cSC3MenuItemInfoUiPPv	cSC3MenuItemInfo::QueryInterface(unsigned int, void **)
000c1a60	AddRef__16cSC3MenuItemInfo	cSC3MenuItemInfo::AddRef(void)
000c1a7c	Release__16cSC3MenuItemInfo	cSC3MenuItemInfo::Release(void)
000c1abc	GetMenuItemID__16cSC3MenuItemInfo	cSC3MenuItemInfo::GetMenuItemID(void)
000c1acc	GetMenuItemTip__16cSC3MenuItemInfoRP10cIGZString	cSC3MenuItemInfo::GetMenuItemTip(cIGZString *&)
000c1ae0	GetMenuItemName__16cSC3MenuItemInfoRP10cIGZString	cSC3MenuItemInfo::GetMenuItemName(cIGZString *&)
000c1af4	GetMenuItemVersion__16cSC3MenuItemInfo	cSC3MenuItemInfo::GetMenuItemVersion(void)
000c1b04	GetMenuItemCommandType__16cSC3MenuItemInfo	cSC3MenuItemInfo::GetMenuItemCommandType(void)
000c1b14	GetMenuItemCommandData__16cSC3MenuItemInfoR10cGZMessage	cSC3MenuItemInfo::GetMenuItemCommandData(cGZMessage &)
000c1b40	SetEnabled__16cSC3MenuItemInfob	cSC3MenuItemInfo::SetEnabled(bool)
000c1bac	InitFromRegistry__16cSC3MenuItemInfoRC10cIGZStringT1	cSC3MenuItemInfo::InitFromRegistry(cIGZString const &, cIGZString const &)
000c1c54	init_version_2__16cSC3MenuItemInfoRC10cIGZStringT1	cSC3MenuItemInfo::init_version_2(cIGZString const &, cIGZString const &)
000c1cd4	AddButton__24cSC3BATReplacementSharedP7cIGZWinUiUiUi	cSC3BATReplacementShared::AddButton(cIGZWin *, unsigned int, unsigned int, unsigned int)
000c1fc0	AddSlideFrame__24cSC3BATReplacementSharedP7cIGZWinUiUiUi	cSC3BATReplacementShared::AddSlideFrame(cIGZWin *, unsigned int, unsigned int, unsigned int)
000c21d4	__13cRZEllipsizerPC10cIGZString	cRZEllipsizer::cRZEllipsizer(cIGZString const *)
000c2354	Ellipsize__C13cRZEllipsizerP8cIGZFontPC10cIGZStringUiR10cIGZString	cRZEllipsizer::Ellipsize(cIGZFont *, cIGZString const *, unsigned int, cIGZString &) const
000c24c0	__21cSC3WinStringPairDisp	cSC3WinStringPairDisp::cSC3WinStringPairDisp(void)
000c26d0	_._21cSC3WinStringPairDisp	cSC3WinStringPairDisp::~cSC3WinStringPairDisp(void)
000c2774	Init__21cSC3WinStringPairDisp	cSC3WinStringPairDisp::Init(void)
000c2924	Shutdown__21cSC3WinStringPairDisp	cSC3WinStringPairDisp::Shutdown(void)
000c2a20	GZPaint__21cSC3WinStringPairDisp	cSC3WinStringPairDisp::GZPaint(void)
000c2f10	Insert__21cSC3WinStringPairDispUiP10cIGZStringT2	cSC3WinStringPairDisp::Insert(unsigned int, cIGZString *, cIGZString *)
000c3078	GetStr__C21cSC3WinStringPairDispUiUiPP10cIGZString	cSC3WinStringPairDisp::GetStr(unsigned int, unsigned int, cIGZString **) const
000c30f8	SetStr__21cSC3WinStringPairDispUiUiP10cIGZString	cSC3WinStringPairDisp::SetStr(unsigned int, unsigned int, cIGZString *)
000c31ec	SetFont__21cSC3WinStringPairDispQ222cISC3WinStringPairDisp8tPairIdxP8cIGZFont	cSC3WinStringPairDisp::SetFont(cISC3WinStringPairDisp::tPairIdx, cIGZFont *)
000c32d0	AutosizeH__21cSC3WinStringPairDisp	cSC3WinStringPairDisp::AutosizeH(void)
000c333c	draw_outline__C21cSC3WinStringPairDispP10cIGZBufferRC7cRZRectb	cSC3WinStringPairDisp::draw_outline(cIGZBuffer *, cRZRect const &, bool) const
000c3680	autosize_cols__21cSC3WinStringPairDispQ222cISC3WinStringPairDisp8tPairIdx	cSC3WinStringPairDisp::autosize_cols(cISC3WinStringPairDisp::tPairIdx)
000c37a8	InitFieldNames__27cSC3OccDataToStringPairDispP11cIGZUnknown	cSC3OccDataToStringPairDisp::InitFieldNames(cIGZUnknown *)
000c3ad4	Transfer__27cSC3OccDataToStringPairDispP22cISC3OccAttribOverRideP11cIGZUnknown	cSC3OccDataToStringPairDisp::Transfer(cISC3OccAttribOverRide *, cIGZUnknown *)
000c3e34	Transfer__27cSC3OccDataToStringPairDispP19cISC3OccupantAttribP11cIGZUnknown	cSC3OccDataToStringPairDisp::Transfer(cISC3OccupantAttrib *, cIGZUnknown *)
000c4194	AddOriginal__17cSC3WinSlidesOnlyP19cISC3OccupantAttribP22cISC3OccAttribOverRide	cSC3WinSlidesOnly::AddOriginal(cISC3OccupantAttrib *, cISC3OccAttribOverRide *)
000c4290	CreateSlide__17cSC3WinSlidesOnlyRQ217cSC3WinSlidesOnly10tSlideInfoii	cSC3WinSlidesOnly::CreateSlide(cSC3WinSlidesOnly::tSlideInfo &, int, int)
000c4580	__17cSC3WinSlidesOnly	cSC3WinSlidesOnly::cSC3WinSlidesOnly(void)
000c4624	_._17cSC3WinSlidesOnly	cSC3WinSlidesOnly::~cSC3WinSlidesOnly(void)
000c46e8	RemoveAllSlides__17cSC3WinSlidesOnly	cSC3WinSlidesOnly::RemoveAllSlides(void)
000c47e8	SetOverRide__17cSC3WinSlidesOnlyUiP22cISC3OccAttribOverRide	cSC3WinSlidesOnly::SetOverRide(unsigned int, cISC3OccAttribOverRide *)
000c48d0	set_scroll_x__17cSC3WinSlidesOnlyUi	cSC3WinSlidesOnly::set_scroll_x(unsigned int)
000c4a44	ClearAllOverRides__13cSC3WinSlides	cSC3WinSlides::ClearAllOverRides(void)
000c4b14	create_slides_only__13cSC3WinSlides	cSC3WinSlides::create_slides_only(void)
000c4c24	__13cSC3WinSlides	cSC3WinSlides::cSC3WinSlides(void)
000c4e00	draw_outline__C13cSC3WinSlidesP10cIGZBufferRC7cRZRectbT3PUi	cSC3WinSlides::draw_outline(cIGZBuffer *, cRZRect const &, bool, bool, unsigned int *) const
000c5134	GZPaint__13cSC3WinSlides	cSC3WinSlides::GZPaint(void)
000c5320	Init__13cSC3WinSlides	cSC3WinSlides::Init(void)
000c5940	on_scroll__13cSC3WinSlidesUi	cSC3WinSlides::on_scroll(unsigned int)
000c5a8c	SetArea__13cSC3WinSlidesiiii	cSC3WinSlides::SetArea(int, int, int, int)
000c5c2c	AddOption__18cSC3FixedBtnOptGrpUiP10cIGZBufferRC7cRZRect	cSC3FixedBtnOptGrp::AddOption(unsigned int, cIGZBuffer *, cRZRect const &)
000c5d5c	__18cSC3FixedBtnOptGrp	cSC3FixedBtnOptGrp::cSC3FixedBtnOptGrp(void)
000c5f00	LayoutLeftToRight__18cSC3FixedBtnOptGrp	cSC3FixedBtnOptGrp::LayoutLeftToRight(void)
000c602c	LayoutTopToBottom__18cSC3FixedBtnOptGrp	cSC3FixedBtnOptGrp::LayoutTopToBottom(void)
000c614c	RemoveOption__18cSC3FixedBtnOptGrpUi	cSC3FixedBtnOptGrp::RemoveOption(unsigned int)
000c660c	SetSelection__18cSC3FixedBtnOptGrpUi	cSC3FixedBtnOptGrp::SetSelection(unsigned int)
000c6720	get_string_res__24cSC3BATReplacementSharedP19cIGZResourceManagerRC14cGZResourceKeyPP10cIGZString	cSC3BATReplacementShared::get_string_res(cIGZResourceManager *, cGZResourceKey const &, cIGZString **)
000c6764	autosize_btn__24cSC3BATReplacementSharedP7cIGZWin	cSC3BATReplacementShared::autosize_btn(cIGZWin *)
000c67d0	autosize_wintext__24cSC3BATReplacementSharedP7cIGZWin	cSC3BATReplacementShared::autosize_wintext(cIGZWin *)
000c6888	autosize_winlistbox__24cSC3BATReplacementSharedP7cIGZWin	cSC3BATReplacementShared::autosize_winlistbox(cIGZWin *)
000c68f4	get_listbox_selection__24cSC3BATReplacementSharedP7cIGZWinUi	cSC3BATReplacementShared::get_listbox_selection(cIGZWin *, unsigned int)
000c6970	GetLotSizeText__24cSC3BATReplacementSharedR9cRZStringUi	cSC3BATReplacementShared::GetLotSizeText(cRZString &, unsigned int)
000c69a4	set_caption_from_res__24cSC3BATReplacementSharedP7cIGZWinP19cIGZResourceManagerRC14cGZResourceKey	cSC3BATReplacementShared::set_caption_from_res(cIGZWin *, cIGZResourceManager *, cGZResourceKey const &)
000c6a28	SetTextLabelColor__24cSC3BATReplacementSharedP7cIGZWinUiUi	cSC3BATReplacementShared::SetTextLabelColor(cIGZWin *, unsigned int, unsigned int)
000c6a98	_._13cRZEllipsizer	cRZEllipsizer::~cRZEllipsizer(void)
000c6ae8	QueryInterface__21cSC3WinStringPairDispUiPPv	cSC3WinStringPairDisp::QueryInterface(unsigned int, void **)
000c6b48	AddRef__21cSC3WinStringPairDisp	cSC3WinStringPairDisp::AddRef(void)
000c6b74	Release__21cSC3WinStringPairDisp	cSC3WinStringPairDisp::Release(void)
000c6ba0	SetArea__21cSC3WinStringPairDispiiii	cSC3WinStringPairDisp::SetArea(int, int, int, int)
000c6c8c	AsIGZWin__21cSC3WinStringPairDisp	cSC3WinStringPairDisp::AsIGZWin(void)
000c6c9c	SetLineMode__21cSC3WinStringPairDispQ222cISC3WinStringPairDisp9tLineMode	cSC3WinStringPairDisp::SetLineMode(cISC3WinStringPairDisp::tLineMode)
000c6d54	GetLineMode__C21cSC3WinStringPairDispRQ222cISC3WinStringPairDisp9tLineMode	cSC3WinStringPairDisp::GetLineMode(cISC3WinStringPairDisp::tLineMode &) const
000c6d70	SetLineColor__21cSC3WinStringPairDispUi	cSC3WinStringPairDisp::SetLineColor(unsigned int)
000c6dac	SetFontColor__21cSC3WinStringPairDispQ222cISC3WinStringPairDisp8tPairIdxUi	cSC3WinStringPairDisp::SetFontColor(cISC3WinStringPairDisp::tPairIdx, unsigned int)
000c6df8	SetColW__21cSC3WinStringPairDispQ222cISC3WinStringPairDisp8tPairIdxUi	cSC3WinStringPairDisp::SetColW(cISC3WinStringPairDisp::tPairIdx, unsigned int)
000c6e84	GetColW__C21cSC3WinStringPairDispQ222cISC3WinStringPairDisp8tPairIdx	cSC3WinStringPairDisp::GetColW(cISC3WinStringPairDisp::tPairIdx) const
000c6ef0	GetMinMaxInfo__C21cSC3WinStringPairDispR7cRZRect	cSC3WinStringPairDisp::GetMinMaxInfo(cRZRect &) const
000c6f40	SetLineColors__21cSC3WinStringPairDispUiUiUiUi	cSC3WinStringPairDisp::SetLineColors(unsigned int, unsigned int, unsigned int, unsigned int)
000c6f98	GetLineColors__C21cSC3WinStringPairDispRUiN31	cSC3WinStringPairDisp::GetLineColors(unsigned int &, unsigned int &, unsigned int &, unsigned int &) const
000c6fd8	draw_line__C21cSC3WinStringPairDispP10cIGZBufferUiiiii	cSC3WinStringPairDisp::draw_line(cIGZBuffer *, unsigned int, int, int, int, int) const
000c7060	on_size_changed__21cSC3WinStringPairDispii	cSC3WinStringPairDisp::on_size_changed(int, int)
000c7090	ClearAllOverRides__17cSC3WinSlidesOnly	cSC3WinSlidesOnly::ClearAllOverRides(void)
000c7144	GetMinMaxInfo__C17cSC3WinSlidesOnlyR7cRZRect	cSC3WinSlidesOnly::GetMinMaxInfo(cRZRect &) const
000c7178	GetPicSize__C17cSC3WinSlidesOnly	cSC3WinSlidesOnly::GetPicSize(void) const
000c7188	GetScrollIndent__C17cSC3WinSlidesOnly	cSC3WinSlidesOnly::GetScrollIndent(void) const
000c7198	GetSelection__C17cSC3WinSlidesOnly	cSC3WinSlidesOnly::GetSelection(void) const
000c71ac	Init__17cSC3WinSlidesOnly	cSC3WinSlidesOnly::Init(void)
000c723c	RemoveSlide__17cSC3WinSlidesOnlyRQ217cSC3WinSlidesOnly10tSlideInfo	cSC3WinSlidesOnly::RemoveSlide(cSC3WinSlidesOnly::tSlideInfo &)
000c72a4	SetArea__17cSC3WinSlidesOnlyiiii	cSC3WinSlidesOnly::SetArea(int, int, int, int)
000c7324	SetPicSize__17cSC3WinSlidesOnlyUi	cSC3WinSlidesOnly::SetPicSize(unsigned int)
000c735c	SetScrollIndent__17cSC3WinSlidesOnlyUi	cSC3WinSlidesOnly::SetScrollIndent(unsigned int)
000c7394	SetSelection__17cSC3WinSlidesOnlyi	cSC3WinSlidesOnly::SetSelection(int)
000c73d0	Tick__17cSC3WinSlidesOnly	cSC3WinSlidesOnly::Tick(void)
000c7444	add_btn__13cSC3WinSlidesUiP10cIGZBufferRC7cRZRect	cSC3WinSlides::add_btn(unsigned int, cIGZBuffer *, cRZRect const &)
000c7530	AddOriginal__13cSC3WinSlidesP19cISC3OccupantAttribP22cISC3OccAttribOverRide	cSC3WinSlides::AddOriginal(cISC3OccupantAttrib *, cISC3OccAttribOverRide *)
000c7580	AddRef__13cSC3WinSlides	cSC3WinSlides::AddRef(void)
000c75ac	calc_btn_area__13cSC3WinSlides	cSC3WinSlides::calc_btn_area(void)
000c768c	_._13cSC3WinSlides	cSC3WinSlides::~cSC3WinSlides(void)
000c7704	DoMessage__13cSC3WinSlidesR10cGZMessage	cSC3WinSlides::DoMessage(cGZMessage &)
000c7784	draw_line__C13cSC3WinSlidesP10cIGZBufferUiiiii	cSC3WinSlides::draw_line(cIGZBuffer *, unsigned int, int, int, int, int) const
000c780c	GetMinMaxInfo__C13cSC3WinSlidesR7cRZRect	cSC3WinSlides::GetMinMaxInfo(cRZRect &) const
000c78a0	GetSelection__C13cSC3WinSlides	cSC3WinSlides::GetSelection(void) const
000c78c8	SetScrollIndent__13cSC3WinSlidesUi	cSC3WinSlides::SetScrollIndent(unsigned int)
000c7914	QueryInterface__13cSC3WinSlidesUiPPv	cSC3WinSlides::QueryInterface(unsigned int, void **)
000c796c	Release__13cSC3WinSlides	cSC3WinSlides::Release(void)
000c7998	RemoveAllSlides__13cSC3WinSlides	cSC3WinSlides::RemoveAllSlides(void)
000c79d0	SetOverRide__13cSC3WinSlidesP22cISC3OccAttribOverRide	cSC3WinSlides::SetOverRide(cISC3OccAttribOverRide *)
000c7a14	SetPicSize__13cSC3WinSlidesUi	cSC3WinSlides::SetPicSize(unsigned int)
000c7a6c	SetSelection__13cSC3WinSlidesi	cSC3WinSlides::SetSelection(int)
000c7ab4	add_option__18cSC3FixedBtnOptGrpP19cISC3FixedBtnOptGrpUiP19cIGZResourceManagerRC14cGZResourceKey	cSC3FixedBtnOptGrp::add_option(cISC3FixedBtnOptGrp *, unsigned int, cIGZResourceManager *, cGZResourceKey const &)
000c7b4c	AddRef__18cSC3FixedBtnOptGrp	cSC3FixedBtnOptGrp::AddRef(void)
000c7b74	AsIGZWin__18cSC3FixedBtnOptGrp	cSC3FixedBtnOptGrp::AsIGZWin(void)
000c7b84	_._18cSC3FixedBtnOptGrp	cSC3FixedBtnOptGrp::~cSC3FixedBtnOptGrp(void)
000c7bd8	GetSelection__C18cSC3FixedBtnOptGrpRUi	cSC3FixedBtnOptGrp::GetSelection(unsigned int &) const
000c7bf4	get_toggle__18cSC3FixedBtnOptGrpUiRb	cSC3FixedBtnOptGrp::get_toggle(unsigned int, bool &)
000c7c70	GZOnCommand__18cSC3FixedBtnOptGrpUiUi	cSC3FixedBtnOptGrp::GZOnCommand(unsigned int, unsigned int)
000c7ce4	QueryInterface__18cSC3FixedBtnOptGrpUiPPv	cSC3FixedBtnOptGrp::QueryInterface(unsigned int, void **)
000c7d40	Release__18cSC3FixedBtnOptGrp	cSC3FixedBtnOptGrp::Release(void)
000c7d6c	send_changed_msg__18cSC3FixedBtnOptGrp	cSC3FixedBtnOptGrp::send_changed_msg(void)
000c7dc0	set_toggle__18cSC3FixedBtnOptGrpUib	cSC3FixedBtnOptGrp::set_toggle(unsigned int, bool)
000c7e84	__13cSC3WinAdvBtn	cSC3WinAdvBtn::cSC3WinAdvBtn(void)
000c7fd0	GZPaint__13cSC3WinAdvBtn	cSC3WinAdvBtn::GZPaint(void)
000c8270	GZOnMouseMove__13cSC3WinAdvBtniiUi	cSC3WinAdvBtn::GZOnMouseMove(int, int, unsigned int)
000c8410	SetAdvImage__13cSC3WinAdvBtnQ214cISC3WinAdvBtn16tAdvBtnImageTypeP10cIGZBufferPC7cRZRecti	cSC3WinAdvBtn::SetAdvImage(cISC3WinAdvBtn::tAdvBtnImageType, cIGZBuffer *, cRZRect const *, int)
000c862c	SetOutlineColors__13cSC3WinAdvBtnUiUi	cSC3WinAdvBtn::SetOutlineColors(unsigned int, unsigned int)
000c865c	CreateNewObject__13cSC3WinAdvBtn	cSC3WinAdvBtn::CreateNewObject(void)
000c86d4	_._13cSC3WinAdvBtn	cSC3WinAdvBtn::~cSC3WinAdvBtn(void)
000c872c	QueryInterface__13cSC3WinAdvBtnUiPPv	cSC3WinAdvBtn::QueryInterface(unsigned int, void **)
000c8788	AddRef__13cSC3WinAdvBtn	cSC3WinAdvBtn::AddRef(void)
000c87b4	Release__13cSC3WinAdvBtn	cSC3WinAdvBtn::Release(void)
000c87e0	Init__13cSC3WinAdvBtn	cSC3WinAdvBtn::Init(void)
000c8854	Shutdown__13cSC3WinAdvBtn	cSC3WinAdvBtn::Shutdown(void)
000c88b4	DoMessage__13cSC3WinAdvBtnR10cGZMessage	cSC3WinAdvBtn::DoMessage(cGZMessage &)
000c8908	GZOnMouseDownL__13cSC3WinAdvBtniiUi	cSC3WinAdvBtn::GZOnMouseDownL(int, int, unsigned int)
000c8978	GZOnMouseUpL__13cSC3WinAdvBtniiUi	cSC3WinAdvBtn::GZOnMouseUpL(int, int, unsigned int)
000c8a60	GZOnCaptureChanged__13cSC3WinAdvBtnP7cIGZWin	cSC3WinAdvBtn::GZOnCaptureChanged(cIGZWin *)
000c8ae8	GZOnKeyDown__13cSC3WinAdvBtnUiUi	cSC3WinAdvBtn::GZOnKeyDown(unsigned int, unsigned int)
000c8b24	GZOnKeyUp__13cSC3WinAdvBtnUiUi	cSC3WinAdvBtn::GZOnKeyUp(unsigned int, unsigned int)
000c8b5c	AsIGZWin__13cSC3WinAdvBtn	cSC3WinAdvBtn::AsIGZWin(void)
000c8b68	SetAdvBtnFlag__13cSC3WinAdvBtnib	cSC3WinAdvBtn::SetAdvBtnFlag(int, bool)
000c8b90	GetAdvBtnFlag__13cSC3WinAdvBtni	cSC3WinAdvBtn::GetAdvBtnFlag(int)
000c8bac	show_tip__13cSC3WinAdvBtn	cSC3WinAdvBtn::show_tip(void)
000c8c48	hide_tip__13cSC3WinAdvBtn	cSC3WinAdvBtn::hide_tip(void)
000c8c9c	Animate__13cSC3WinAdvBtn	cSC3WinAdvBtn::Animate(void)
000c8d3c	animate_callback__13cSC3WinAdvBtnUi	cSC3WinAdvBtn::animate_callback(unsigned int)
000c8de4	Init__19cSC3WinBudgetSlider	cSC3WinBudgetSlider::Init(void)
000c9270	GZPaint__19cSC3WinBudgetSlider	cSC3WinBudgetSlider::GZPaint(void)
000c9568	CreateNewObject__19cSC3WinBudgetSlider	cSC3WinBudgetSlider::CreateNewObject(void)
000c95f0	__19cSC3WinBudgetSlider	cSC3WinBudgetSlider::cSC3WinBudgetSlider(void)
000c96b0	_._19cSC3WinBudgetSlider	cSC3WinBudgetSlider::~cSC3WinBudgetSlider(void)
000c96f4	QueryInterface__19cSC3WinBudgetSliderUiPPv	cSC3WinBudgetSlider::QueryInterface(unsigned int, void **)
000c9750	AddRef__19cSC3WinBudgetSlider	cSC3WinBudgetSlider::AddRef(void)
000c977c	Release__19cSC3WinBudgetSlider	cSC3WinBudgetSlider::Release(void)
000c97a8	SetArea__19cSC3WinBudgetSlideriiii	cSC3WinBudgetSlider::SetArea(int, int, int, int)
000c982c	Shutdown__19cSC3WinBudgetSlider	cSC3WinBudgetSlider::Shutdown(void)
000c98d0	GZOnMouseDownL__19cSC3WinBudgetSlideriiUi	cSC3WinBudgetSlider::GZOnMouseDownL(int, int, unsigned int)
000c9930	GZOnMouseUpL__19cSC3WinBudgetSlideriiUi	cSC3WinBudgetSlider::GZOnMouseUpL(int, int, unsigned int)
000c9974	GZOnMouseMove__19cSC3WinBudgetSlideriiUi	cSC3WinBudgetSlider::GZOnMouseMove(int, int, unsigned int)
000c9a38	GZOnCaptureChanged__19cSC3WinBudgetSliderP7cIGZWin	cSC3WinBudgetSlider::GZOnCaptureChanged(cIGZWin *)
000c9a5c	GZOnKeyDown__19cSC3WinBudgetSliderUiUi	cSC3WinBudgetSlider::GZOnKeyDown(unsigned int, unsigned int)
000c9b18	GZOnKeyUp__19cSC3WinBudgetSliderUiUi	cSC3WinBudgetSlider::GZOnKeyUp(unsigned int, unsigned int)
000c9b50	AsIGZWin__19cSC3WinBudgetSlider	cSC3WinBudgetSlider::AsIGZWin(void)
000c9b5c	GetValue__C19cSC3WinBudgetSlider	cSC3WinBudgetSlider::GetValue(void) const
000c9b70	SetValue__19cSC3WinBudgetSlideri	cSC3WinBudgetSlider::SetValue(int)
000c9be8	SetMinMax__19cSC3WinBudgetSliderii	cSC3WinBudgetSlider::SetMinMax(int, int)
000c9c3c	GetMinMax__C19cSC3WinBudgetSliderRiT1	cSC3WinBudgetSlider::GetMinMax(int &, int &) const
000c9c64	SetMarkerValue__19cSC3WinBudgetSlideri	cSC3WinBudgetSlider::SetMarkerValue(int)
000c9ccc	GetMarkerValue__C19cSC3WinBudgetSliderRi	cSC3WinBudgetSlider::GetMarkerValue(int &) const
000c9ce8	send_slider_changed_msg__19cSC3WinBudgetSlider	cSC3WinBudgetSlider::send_slider_changed_msg(void)
000c9d38	update_metrics__19cSC3WinBudgetSlider	cSC3WinBudgetSlider::update_metrics(void)
000c9e38	get_mouse_pos__19cSC3WinBudgetSliderii	cSC3WinBudgetSlider::get_mouse_pos(int, int)
000c9ea0	get_value_from_mouse_pos__19cSC3WinBudgetSliderii	cSC3WinBudgetSlider::get_value_from_mouse_pos(int, int)
000c9f54	Execute__35cSC3CmdBuildingReplacementMgrDialog	cSC3CmdBuildingReplacementMgrDialog::Execute(void)
000ca174	BATBuildingListEdited__33cSC3WinProcBuildingReplacementMgrP7cIGZWin	cSC3WinProcBuildingReplacementMgr::BATBuildingListEdited(cIGZWin *)
000ca264	ClearOccAttribInfos__33cSC3WinProcBuildingReplacementMgrRt6vector2ZQ233cSC3WinProcBuildingReplacementMgr14tOccAttribInfoZt9allocator1ZQ233cSC3WinProcBuildingReplacementMgr14tOccAttribInfo	cSC3WinProcBuildingReplacementMgr::ClearOccAttribInfos(vector<cSC3WinProcBuildingReplacementMgr::tOccAttribInfo, allocator<cSC3WinProcBuildingReplacementMgr::tOccAttribInfo> > &)
000ca2e0	ClearReplacementSet__33cSC3WinProcBuildingReplacementMgrP7cIGZWin	cSC3WinProcBuildingReplacementMgr::ClearReplacementSet(cIGZWin *)
000cabac	__33cSC3WinProcBuildingReplacementMgr	cSC3WinProcBuildingReplacementMgr::cSC3WinProcBuildingReplacementMgr(void)
000caf58	_._33cSC3WinProcBuildingReplacementMgr	cSC3WinProcBuildingReplacementMgr::~cSC3WinProcBuildingReplacementMgr(void)
000cb190	DetermineReplaceability__33cSC3WinProcBuildingReplacementMgrP7cIGZWin	cSC3WinProcBuildingReplacementMgr::DetermineReplaceability(cIGZWin *)
000cb2f0	DisplayCurrentSize__33cSC3WinProcBuildingReplacementMgrP7cIGZWinUi	cSC3WinProcBuildingReplacementMgr::DisplayCurrentSize(cIGZWin *, unsigned int)
000cb710	FilterOccAttribs__33cSC3WinProcBuildingReplacementMgrP7cIGZWin	cSC3WinProcBuildingReplacementMgr::FilterOccAttribs(cIGZWin *)
000cb7ec	ImportReplacementSet__33cSC3WinProcBuildingReplacementMgrP7cIGZWin	cSC3WinProcBuildingReplacementMgr::ImportReplacementSet(cIGZWin *)
000cbf14	init_controls__33cSC3WinProcBuildingReplacementMgrP7cIGZWin	cSC3WinProcBuildingReplacementMgr::init_controls(cIGZWin *)
000cc580	InitOccAttribList__33cSC3WinProcBuildingReplacementMgrP7cIGZWin	cSC3WinProcBuildingReplacementMgr::InitOccAttribList(cIGZWin *)
000cc798	IsToken__33cSC3WinProcBuildingReplacementMgrRC9cRZStringiT1	cSC3WinProcBuildingReplacementMgr::IsToken(cRZString const &, int, cRZString const &)
000cc944	ListBoxSelectionChanged__33cSC3WinProcBuildingReplacementMgrP7cIGZWin	cSC3WinProcBuildingReplacementMgr::ListBoxSelectionChanged(cIGZWin *)
000cca54	on_button__33cSC3WinProcBuildingReplacementMgrP7cIGZWinUi	cSC3WinProcBuildingReplacementMgr::on_button(cIGZWin *, unsigned int)
000ccfe4	on_init__33cSC3WinProcBuildingReplacementMgrP7cIGZWin	cSC3WinProcBuildingReplacementMgr::on_init(cIGZWin *)
000cd8c4	ReplaceToken__33cSC3WinProcBuildingReplacementMgrRC9cRZStringiR19cSC3StringTokenData	cSC3WinProcBuildingReplacementMgr::ReplaceToken(cRZString const &, int, cSC3StringTokenData &)
000cdc14	requery_listbox__33cSC3WinProcBuildingReplacementMgrP7cIGZWin	cSC3WinProcBuildingReplacementMgr::requery_listbox(cIGZWin *)
000cdfd0	requery_slides__33cSC3WinProcBuildingReplacementMgrP7cIGZWin	cSC3WinProcBuildingReplacementMgr::requery_slides(cIGZWin *)
000ce110	ResizeAndPositionControls__33cSC3WinProcBuildingReplacementMgrP7cIGZWin	cSC3WinProcBuildingReplacementMgr::ResizeAndPositionControls(cIGZWin *)
000ce7a8	UpdateFilteredBuildingCountText__33cSC3WinProcBuildingReplacementMgrP7cIGZWin	cSC3WinProcBuildingReplacementMgr::UpdateFilteredBuildingCountText(cIGZWin *)
000cec80	AddRef__35cSC3CmdBuildingReplacementMgrDialog	cSC3CmdBuildingReplacementMgrDialog::AddRef(void)
000cecac	DoRequestedChanges__35cSC3CmdBuildingReplacementMgrDialogP33cSC3WinProcBuildingReplacementMgr	cSC3CmdBuildingReplacementMgrDialog::DoRequestedChanges(cSC3WinProcBuildingReplacementMgr *)
000ced54	QueryInterface__35cSC3CmdBuildingReplacementMgrDialogUiPPv	cSC3CmdBuildingReplacementMgrDialog::QueryInterface(unsigned int, void **)
000cedac	Release__35cSC3CmdBuildingReplacementMgrDialog	cSC3CmdBuildingReplacementMgrDialog::Release(void)
000cedd8	AddRef__33cSC3WinProcBuildingReplacementMgr	cSC3WinProcBuildingReplacementMgr::AddRef(void)
000cee04	DetermineOccAttribType__33cSC3WinProcBuildingReplacementMgrPC19cISC3OccupantAttrib	cSC3WinProcBuildingReplacementMgr::DetermineOccAttribType(cISC3OccupantAttrib const *)
000ceed8	end_dialog__33cSC3WinProcBuildingReplacementMgrP7cIGZWinUi	cSC3WinProcBuildingReplacementMgr::end_dialog(cIGZWin *, unsigned int)
000cef14	on_command__33cSC3WinProcBuildingReplacementMgrP7cIGZWinUiUiUi	cSC3WinProcBuildingReplacementMgr::on_command(cIGZWin *, unsigned int, unsigned int, unsigned int)
000cf050	on_key_down__33cSC3WinProcBuildingReplacementMgrP7cIGZWinUiUi	cSC3WinProcBuildingReplacementMgr::on_key_down(cIGZWin *, unsigned int, unsigned int)
000cf0a0	on_shutdown__33cSC3WinProcBuildingReplacementMgrP7cIGZWin	cSC3WinProcBuildingReplacementMgr::on_shutdown(cIGZWin *)
000cf0b0	QueryInterface__33cSC3WinProcBuildingReplacementMgrUiPPv	cSC3WinProcBuildingReplacementMgr::QueryInterface(unsigned int, void **)
000cf10c	Release__33cSC3WinProcBuildingReplacementMgr	cSC3WinProcBuildingReplacementMgr::Release(void)
000cf138	ReplaceTokenStatic__33cSC3WinProcBuildingReplacementMgrRC9cRZStringiR19cSC3StringTokenDataPv	cSC3WinProcBuildingReplacementMgr::ReplaceTokenStatic(cRZString const &, int, cSC3StringTokenData &, void *)
000cf174	SetReplaceEnabledState__33cSC3WinProcBuildingReplacementMgrP7cIGZWinb	cSC3WinProcBuildingReplacementMgr::SetReplaceEnabledState(cIGZWin *, bool)
000cf1d4	SetRevertEnabledState__33cSC3WinProcBuildingReplacementMgrP7cIGZWinb	cSC3WinProcBuildingReplacementMgr::SetRevertEnabledState(cIGZWin *, bool)
000cf234	SizeFilterSelectionChanged__33cSC3WinProcBuildingReplacementMgrP7cIGZWin	cSC3WinProcBuildingReplacementMgr::SizeFilterSelectionChanged(cIGZWin *)
000cf308	SliderSelectionChanged__33cSC3WinProcBuildingReplacementMgrP7cIGZWin	cSC3WinProcBuildingReplacementMgr::SliderSelectionChanged(cIGZWin *)
000cf3c8	TypeFilterSelectionChanged__33cSC3WinProcBuildingReplacementMgrP7cIGZWin	cSC3WinProcBuildingReplacementMgr::TypeFilterSelectionChanged(cIGZWin *)
000cf4d4	CreateDlg__20cSC3WinBusinessDeals	cSC3WinBusinessDeals::CreateDlg(void)
000cf5a0	DoWinMsg__20cSC3WinBusinessDealsP7cIGZWinUiUiUiUi	cSC3WinBusinessDeals::DoWinMsg(cIGZWin *, unsigned int, unsigned int, unsigned int, unsigned int)
000cf710	init_dialog__20cSC3WinBusinessDealsP7cIGZWin	cSC3WinBusinessDeals::init_dialog(cIGZWin *)
000d07d8	fill_listbox__20cSC3WinBusinessDeals	cSC3WinBusinessDeals::fill_listbox(void)
000d3098	add_button__20cSC3WinBusinessDealsUiUiUiUi	cSC3WinBusinessDeals::add_button(unsigned int, unsigned int, unsigned int, unsigned int)
000d3574	add_text__20cSC3WinBusinessDealsUiUiUiUiR9cRZStringUi	cSC3WinBusinessDeals::add_text(unsigned int, unsigned int, unsigned int, unsigned int, cRZString &, unsigned int)
000d36b8	center_dialog__20cSC3WinBusinessDeals	cSC3WinBusinessDeals::center_dialog(void)
000d38fc	__20cSC3WinBusinessDeals	cSC3WinBusinessDeals::cSC3WinBusinessDeals(void)
000d3978	_._20cSC3WinBusinessDeals	cSC3WinBusinessDeals::~cSC3WinBusinessDeals(void)
000d39c0	QueryInterface__20cSC3WinBusinessDealsUiPPv	cSC3WinBusinessDeals::QueryInterface(unsigned int, void **)
000d3a0c	AddRef__20cSC3WinBusinessDeals	cSC3WinBusinessDeals::AddRef(void)
000d3a38	Release__20cSC3WinBusinessDeals	cSC3WinBusinessDeals::Release(void)
000d3a64	GetAssociatedIGZWin__C20cSC3WinBusinessDeals	cSC3WinBusinessDeals::GetAssociatedIGZWin(void) const
000d3a94	on_shutdown__20cSC3WinBusinessDealsP7cIGZWin	cSC3WinBusinessDeals::on_shutdown(cIGZWin *)
000d3af4	end_dialog__20cSC3WinBusinessDealsP7cIGZWin	cSC3WinBusinessDeals::end_dialog(cIGZWin *)
000d3b2c	EnumCityItems__20cSC3WinBusinessDealsP9cISC3Cityb	cSC3WinBusinessDeals::EnumCityItems(cISC3City *, bool)
000d3bc0	EnumLayer__20cSC3WinBusinessDealsR10cGZMessageP14cISC3CityLayer	cSC3WinBusinessDeals::EnumLayer(cGZMessage &, cISC3CityLayer *)
000d3bfc	DoFinanceBriefing__20cSC3WinBusinessDeals	cSC3WinBusinessDeals::DoFinanceBriefing(void)
000d3cd4	on_init__17cSC3WinChartsViewP7cIGZWin	cSC3WinChartsView::on_init(cIGZWin *)
000d5d48	add_text__17cSC3WinChartsViewP7cIGZWinUiUiUiUiUiRC10cIGZStringbUi	cSC3WinChartsView::add_text(cIGZWin *, unsigned int, unsigned int, unsigned int, unsigned int, unsigned int, cIGZString const &, bool, unsigned int)
000d5f8c	add_bar_graph__17cSC3WinChartsViewP7cIGZWinUiRC10cIGZString	cSC3WinChartsView::add_bar_graph(cIGZWin *, unsigned int, cIGZString const &)
000d6144	add_pie_graph__17cSC3WinChartsViewP7cIGZWinUiRC10cIGZString	cSC3WinChartsView::add_pie_graph(cIGZWin *, unsigned int, cIGZString const &)
000d6740	add_pie_graph_sunken_rect__17cSC3WinChartsViewP7cIGZWin	cSC3WinChartsView::add_pie_graph_sunken_rect(cIGZWin *)
000d68c8	add_option_group__17cSC3WinChartsViewP7cIGZWin	cSC3WinChartsView::add_option_group(cIGZWin *)
000d75b8	on_shutdown__17cSC3WinChartsViewP7cIGZWin	cSC3WinChartsView::on_shutdown(cIGZWin *)
000d7694	draw_hack_workforce__17cSC3WinChartsViewP10cIGZBufferUi	cSC3WinChartsView::draw_hack_workforce(cIGZBuffer *, unsigned int)
000d79b0	draw_education_chart__17cSC3WinChartsViewP7cIGZWin	cSC3WinChartsView::draw_education_chart(cIGZWin *)
000da204	draw_electricity_chart__17cSC3WinChartsViewP7cIGZWin	cSC3WinChartsView::draw_electricity_chart(cIGZWin *)
000db0e8	draw_garbage_chart__17cSC3WinChartsViewP7cIGZWin	cSC3WinChartsView::draw_garbage_chart(cIGZWin *)
000dbea8	draw_health_chart__17cSC3WinChartsViewP7cIGZWin	cSC3WinChartsView::draw_health_chart(cIGZWin *)
000de6f4	draw_population_chart__17cSC3WinChartsViewP7cIGZWin	cSC3WinChartsView::draw_population_chart(cIGZWin *)
000e0db8	show_hide_controls__17cSC3WinChartsViewP7cIGZWinUi	cSC3WinChartsView::show_hide_controls(cIGZWin *, unsigned int)
000e135c	PrepareHideView__17cSC3WinChartsView	cSC3WinChartsView::PrepareHideView(void)
000e1368	PrepareShowView__17cSC3WinChartsView	cSC3WinChartsView::PrepareShowView(void)
000e1378	CreateChartsView__17cSC3WinChartsView	cSC3WinChartsView::CreateChartsView(void)
000e13f0	__17cSC3WinChartsView	cSC3WinChartsView::cSC3WinChartsView(void)
000e145c	_._17cSC3WinChartsView	cSC3WinChartsView::~cSC3WinChartsView(void)
000e14b8	QueryInterface__17cSC3WinChartsViewUiPPv	cSC3WinChartsView::QueryInterface(unsigned int, void **)
000e1508	AddRef__17cSC3WinChartsView	cSC3WinChartsView::AddRef(void)
000e1534	Release__17cSC3WinChartsView	cSC3WinChartsView::Release(void)
000e1560	CreateView__17cSC3WinChartsViewR21cISC3WinMapsAndGraphsR7cRZRectR8cRZPoint	cSC3WinChartsView::CreateView(cISC3WinMapsAndGraphs &, cRZRect &, cRZPoint &)
000e162c	RefreshData__17cSC3WinChartsViewP9cISC3City	cSC3WinChartsView::RefreshData(cISC3City *)
000e1638	EnumCityItems__17cSC3WinChartsViewP9cISC3Cityb	cSC3WinChartsView::EnumCityItems(cISC3City *, bool)
000e1644	EnumLayer__17cSC3WinChartsViewR10cGZMessageP14cISC3CityLayer	cSC3WinChartsView::EnumLayer(cGZMessage &, cISC3CityLayer *)
000e1650	EnumAdvisor__17cSC3WinChartsViewR10cGZMessageP16cISC3BaseAdvisor	cSC3WinChartsView::EnumAdvisor(cGZMessage &, cISC3BaseAdvisor *)
000e1660	DoWinMsg__17cSC3WinChartsViewP7cIGZWinUiUiUiUi	cSC3WinChartsView::DoWinMsg(cIGZWin *, unsigned int, unsigned int, unsigned int, unsigned int)
000e1778	DoMessage__17cSC3WinChartsViewR10cGZMessage	cSC3WinChartsView::DoMessage(cGZMessage &)
000e17c8	set_text__17cSC3WinChartsViewP7cIGZWinUiRC9cRZString	cSC3WinChartsView::set_text(cIGZWin *, unsigned int, cRZString const &)
000e183c	on_button_activated__17cSC3WinChartsViewP7cIGZWinUi	cSC3WinChartsView::on_button_activated(cIGZWin *, unsigned int)
000e1884	add_pie_graph_series__17cSC3WinChartsViewP7cIGZWinP12cIGZPieGraphfUiUiRUi	cSC3WinChartsView::add_pie_graph_series(cIGZWin *, cIGZPieGraph *, float, unsigned int, unsigned int, unsigned int &)
000e19e4	update_view__17cSC3WinChartsViewP7cIGZWin	cSC3WinChartsView::update_view(cIGZWin *)
000e1fd8	__20cSC3WinDateCashTitle	cSC3WinDateCashTitle::cSC3WinDateCashTitle(void)
000e21a0	_._20cSC3WinDateCashTitle	cSC3WinDateCashTitle::~cSC3WinDateCashTitle(void)
000e2270	DoMessage__20cSC3WinDateCashTitleR10cGZMessage	cSC3WinDateCashTitle::DoMessage(cGZMessage &)
000e2378	Init__20cSC3WinDateCashTitle	cSC3WinDateCashTitle::Init(void)
000e3a58	Shutdown__20cSC3WinDateCashTitle	cSC3WinDateCashTitle::Shutdown(void)
000e3ba4	SetArea__20cSC3WinDateCashTitleiiii	cSC3WinDateCashTitle::SetArea(int, int, int, int)
000e3d3c	GZPaint__20cSC3WinDateCashTitle	cSC3WinDateCashTitle::GZPaint(void)
000e3f24	GZOnCommand__20cSC3WinDateCashTitleUiUi	cSC3WinDateCashTitle::GZOnCommand(unsigned int, unsigned int)
000e4170	update_text_disp__20cSC3WinDateCashTitleiP8cIGZFontRC10cIGZStringUi	cSC3WinDateCashTitle::update_text_disp(int, cIGZFont *, cIGZString const &, unsigned int)
000e4504	update_date__20cSC3WinDateCashTitle	cSC3WinDateCashTitle::update_date(void)
000e4760	update_cash__20cSC3WinDateCashTitleP9cISC3City	cSC3WinDateCashTitle::update_cash(cISC3City *)
000e4c04	update_pop__20cSC3WinDateCashTitleP9cISC3City	cSC3WinDateCashTitle::update_pop(cISC3City *)
000e4f60	update_title__20cSC3WinDateCashTitleP9cISC3City	cSC3WinDateCashTitle::update_title(cISC3City *)
000e5190	get_layout_info__20cSC3WinDateCashTitleRQ220cSC3WinDateCashTitle8tDCTInfo	cSC3WinDateCashTitle::get_layout_info(cSC3WinDateCashTitle::tDCTInfo &)
000e54b8	CreateNewObject__20cSC3WinDateCashTitle	cSC3WinDateCashTitle::CreateNewObject(void)
000e5530	QueryInterface__20cSC3WinDateCashTitleUiPPv	cSC3WinDateCashTitle::QueryInterface(unsigned int, void **)
000e5590	AddRef__20cSC3WinDateCashTitle	cSC3WinDateCashTitle::AddRef(void)
000e55bc	Release__20cSC3WinDateCashTitle	cSC3WinDateCashTitle::Release(void)
000e55e8	GZOnKeyDown__20cSC3WinDateCashTitleUiUi	cSC3WinDateCashTitle::GZOnKeyDown(unsigned int, unsigned int)
000e5624	GZOnKeyUp__20cSC3WinDateCashTitleUiUi	cSC3WinDateCashTitle::GZOnKeyUp(unsigned int, unsigned int)
000e565c	AsIGZWin__20cSC3WinDateCashTitle	cSC3WinDateCashTitle::AsIGZWin(void)
000e5668	on_pre_file_load__20cSC3WinDateCashTitle	cSC3WinDateCashTitle::on_pre_file_load(void)
000e5678	on_city_changed__20cSC3WinDateCashTitle	cSC3WinDateCashTitle::on_city_changed(void)
000e5734	on_month_changed__20cSC3WinDateCashTitle	cSC3WinDateCashTitle::on_month_changed(void)
000e57d8	surface_restore_function__FPvT0	surface_restore_function(void *, void *)
000e5db8	Execute__26cSC3CmdEditOverRidesDialog	cSC3CmdEditOverRidesDialog::Execute(void)
000e5f94	__30cSC3WinProcEditOverRidesDialog	cSC3WinProcEditOverRidesDialog::cSC3WinProcEditOverRidesDialog(void)
000e6710	_._30cSC3WinProcEditOverRidesDialog	cSC3WinProcEditOverRidesDialog::~cSC3WinProcEditOverRidesDialog(void)
000e6ac0	init_controls__30cSC3WinProcEditOverRidesDialogP7cIGZWin	cSC3WinProcEditOverRidesDialog::init_controls(cIGZWin *)
000e71f0	handle_file_list_dblclick__30cSC3WinProcEditOverRidesDialogP7cIGZWin	cSC3WinProcEditOverRidesDialog::handle_file_list_dblclick(cIGZWin *)
000e7d94	handle_file_list_selected__30cSC3WinProcEditOverRidesDialogP7cIGZWin	cSC3WinProcEditOverRidesDialog::handle_file_list_selected(cIGZWin *)
000e9014	handle_active_list_selected__30cSC3WinProcEditOverRidesDialogP7cIGZWin	cSC3WinProcEditOverRidesDialog::handle_active_list_selected(cIGZWin *)
000e9384	add_building__30cSC3WinProcEditOverRidesDialogP7cIGZWin	cSC3WinProcEditOverRidesDialog::add_building(cIGZWin *)
000ea448	remove_building__30cSC3WinProcEditOverRidesDialogP7cIGZWin	cSC3WinProcEditOverRidesDialog::remove_building(cIGZWin *)
000ea5dc	update_lotsize_label__30cSC3WinProcEditOverRidesDialogP7cIGZWinUc	cSC3WinProcEditOverRidesDialog::update_lotsize_label(cIGZWin *, unsigned char)
000eb4d4	update_drive_list__30cSC3WinProcEditOverRidesDialogP7cIGZWin	cSC3WinProcEditOverRidesDialog::update_drive_list(cIGZWin *)
000ec208	read_building_dir__30cSC3WinProcEditOverRidesDialogP12cIGZWinComboP14cIGZWinListBox	cSC3WinProcEditOverRidesDialog::read_building_dir(cIGZWinCombo *, cIGZWinListBox *)
000ef358	init_drive_combo__30cSC3WinProcEditOverRidesDialogP12cIGZWinCombo	cSC3WinProcEditOverRidesDialog::init_drive_combo(cIGZWinCombo *)
000f0734	init_drive_list__30cSC3WinProcEditOverRidesDialogP12cIGZWinCombo	cSC3WinProcEditOverRidesDialog::init_drive_list(cIGZWinCombo *)
000f1bd8	setup_path__30cSC3WinProcEditOverRidesDialogP12cIGZWinCombo	cSC3WinProcEditOverRidesDialog::setup_path(cIGZWinCombo *)
000f2314	init_active_list__30cSC3WinProcEditOverRidesDialogP14cIGZWinListBox	cSC3WinProcEditOverRidesDialog::init_active_list(cIGZWinListBox *)
000f27d4	render_buildings__30cSC3WinProcEditOverRidesDialogP7cIGZWin	cSC3WinProcEditOverRidesDialog::render_buildings(cIGZWin *)
000f2ad0	get_frame__30cSC3WinProcEditOverRidesDialogPP10cIGZBufferP21cISC3CitySpriteAttribi	cSC3WinProcEditOverRidesDialog::get_frame(cIGZBuffer **, cISC3CitySpriteAttrib *, int)
000f2cc8	fit_buffer__30cSC3WinProcEditOverRidesDialogP7cIGZWinPP10cIGZBufferUiUi	cSC3WinProcEditOverRidesDialog::fit_buffer(cIGZWin *, cIGZBuffer **, unsigned int, unsigned int)
000f2f3c	on_command__30cSC3WinProcEditOverRidesDialogP7cIGZWinUiUiUi	cSC3WinProcEditOverRidesDialog::on_command(cIGZWin *, unsigned int, unsigned int, unsigned int)
000f32d8	on_init__30cSC3WinProcEditOverRidesDialogP7cIGZWin	cSC3WinProcEditOverRidesDialog::on_init(cIGZWin *)
000f3b54	AddRef__26cSC3CmdEditOverRidesDialog	cSC3CmdEditOverRidesDialog::AddRef(void)
000f3b80	QueryInterface__26cSC3CmdEditOverRidesDialogUiPPv	cSC3CmdEditOverRidesDialog::QueryInterface(unsigned int, void **)
000f3bdc	Release__26cSC3CmdEditOverRidesDialog	cSC3CmdEditOverRidesDialog::Release(void)
000f3c08	AddRef__30cSC3WinProcEditOverRidesDialog	cSC3WinProcEditOverRidesDialog::AddRef(void)
000f3c34	CreateNewObject__30cSC3WinProcEditOverRidesDialog	cSC3WinProcEditOverRidesDialog::CreateNewObject(void)
000f3cb4	deselect_active_list__30cSC3WinProcEditOverRidesDialogP7cIGZWin	cSC3WinProcEditOverRidesDialog::deselect_active_list(cIGZWin *)
000f3d40	select_active_list__30cSC3WinProcEditOverRidesDialogP7cIGZWin	cSC3WinProcEditOverRidesDialog::select_active_list(cIGZWin *)
000f3dd0	deselect_file_list__30cSC3WinProcEditOverRidesDialogP7cIGZWin	cSC3WinProcEditOverRidesDialog::deselect_file_list(cIGZWin *)
000f3e5c	select_file_list__30cSC3WinProcEditOverRidesDialogP7cIGZWin	cSC3WinProcEditOverRidesDialog::select_file_list(cIGZWin *)
000f3eec	update_add_button__30cSC3WinProcEditOverRidesDialogP7cIGZWinb	cSC3WinProcEditOverRidesDialog::update_add_button(cIGZWin *, bool)
000f3f50	update_remove_button__30cSC3WinProcEditOverRidesDialogP7cIGZWinb	cSC3WinProcEditOverRidesDialog::update_remove_button(cIGZWin *, bool)
000f3fb0	hide_lotsize_label__30cSC3WinProcEditOverRidesDialogP7cIGZWin	cSC3WinProcEditOverRidesDialog::hide_lotsize_label(cIGZWin *)
000f3ffc	find_best_frame__30cSC3WinProcEditOverRidesDialogP21cISC3CitySpriteAttribUiUi	cSC3WinProcEditOverRidesDialog::find_best_frame(cISC3CitySpriteAttrib *, unsigned int, unsigned int)
000f40c0	on_shutdown__30cSC3WinProcEditOverRidesDialogP7cIGZWin	cSC3WinProcEditOverRidesDialog::on_shutdown(cIGZWin *)
000f40d0	QueryInterface__30cSC3WinProcEditOverRidesDialogUiPPv	cSC3WinProcEditOverRidesDialog::QueryInterface(unsigned int, void **)
000f412c	Release__30cSC3WinProcEditOverRidesDialog	cSC3WinProcEditOverRidesDialog::Release(void)
000f4184	__18cSC3WinGenTitleBar	cSC3WinGenTitleBar::cSC3WinGenTitleBar(void)
000f42b0	_._18cSC3WinGenTitleBar	cSC3WinGenTitleBar::~cSC3WinGenTitleBar(void)
000f4390	Init__18cSC3WinGenTitleBar	cSC3WinGenTitleBar::Init(void)
000f4af4	GZPaint__18cSC3WinGenTitleBar	cSC3WinGenTitleBar::GZPaint(void)
000f4bc8	SetTitleBarFlag__18cSC3WinGenTitleBarib	cSC3WinGenTitleBar::SetTitleBarFlag(int, bool)
000f4d18	calc_display_caption__18cSC3WinGenTitleBar	cSC3WinGenTitleBar::calc_display_caption(void)
000f52e4	place_controls__18cSC3WinGenTitleBar	cSC3WinGenTitleBar::place_controls(void)
000f5628	create_and_add_sys_btn__18cSC3WinGenTitleBarUiP10cIGZBufferR7cRZRectRP10cIGZWinBtn	cSC3WinGenTitleBar::create_and_add_sys_btn(unsigned int, cIGZBuffer *, cRZRect &, cIGZWinBtn *&)
000f5a94	Init__10cSC3WinGen	cSC3WinGen::Init(void)
000f5c10	Shutdown__10cSC3WinGen	cSC3WinGen::Shutdown(void)
000f5d80	SetArea__10cSC3WinGeniiii	cSC3WinGen::SetArea(int, int, int, int)
000f5f9c	GZPaint__10cSC3WinGen	cSC3WinGen::GZPaint(void)
000f635c	DoMessage__10cSC3WinGenR10cGZMessage	cSC3WinGen::DoMessage(cGZMessage &)
000f6444	GZOnMouseMove__10cSC3WinGeniiUi	cSC3WinGen::GZOnMouseMove(int, int, unsigned int)
000f66f0	SetWinGenFlag__10cSC3WinGenib	cSC3WinGen::SetWinGenFlag(int, bool)
000f68b8	AddBlueBar__10cSC3WinGeniiiRC7cRZRect	cSC3WinGen::AddBlueBar(int, int, int, cRZRect const &)
000f6a78	calc_size_mode__10cSC3WinGenii	cSC3WinGen::calc_size_mode(int, int)
000f6c28	on_layout__10cSC3WinGen	cSC3WinGen::on_layout(void)
000f6e04	create_title_bar__10cSC3WinGen	cSC3WinGen::create_title_bar(void)
000f73d4	create_side_bar__10cSC3WinGen	cSC3WinGen::create_side_bar(void)
000f7560	SetFontColor__18cSC3WinGenTitleBarUi	cSC3WinGenTitleBar::SetFontColor(unsigned int)
000f7578	Shutdown__18cSC3WinGenTitleBar	cSC3WinGenTitleBar::Shutdown(void)
000f7628	SetCaption__18cSC3WinGenTitleBarRC10cIGZString	cSC3WinGenTitleBar::SetCaption(cIGZString const &)
000f7664	SetArea__18cSC3WinGenTitleBariiii	cSC3WinGenTitleBar::SetArea(int, int, int, int)
000f76f4	AutoSize__18cSC3WinGenTitleBarRC7cRZRect	cSC3WinGenTitleBar::AutoSize(cRZRect const &)
000f77b8	GetTitleBarFlag__18cSC3WinGenTitleBari	cSC3WinGenTitleBar::GetTitleBarFlag(int)
000f77d4	SetTitleFont__18cSC3WinGenTitleBarP8cIGZFont	cSC3WinGenTitleBar::SetTitleFont(cIGZFont *)
000f783c	GetMinSize__18cSC3WinGenTitleBarRiT1	cSC3WinGenTitleBar::GetMinSize(int &, int &)
000f78c8	CreateNewObject__10cSC3WinGen	cSC3WinGen::CreateNewObject(void)
000f7950	__10cSC3WinGen	cSC3WinGen::cSC3WinGen(void)
000f7a80	_._10cSC3WinGen	cSC3WinGen::~cSC3WinGen(void)
000f7ad4	QueryInterface__10cSC3WinGenUiPPv	cSC3WinGen::QueryInterface(unsigned int, void **)
000f7b50	AddRef__10cSC3WinGen	cSC3WinGen::AddRef(void)
000f7b7c	Release__10cSC3WinGen	cSC3WinGen::Release(void)
000f7ba8	SetCaption__10cSC3WinGenRC10cIGZString	cSC3WinGen::SetCaption(cIGZString const &)
000f7bf8	IsPointInWindowScreenCoordinates__C10cSC3WinGenii	cSC3WinGen::IsPointInWindowScreenCoordinates(int, int) const
000f7c48	IsPointInWindowWindowCoordinates__C10cSC3WinGenii	cSC3WinGen::IsPointInWindowWindowCoordinates(int, int) const
000f7cc0	GZOnKeyDown__10cSC3WinGenUiUi	cSC3WinGen::GZOnKeyDown(unsigned int, unsigned int)
000f7d48	GZOnKeyUp__10cSC3WinGenUiUi	cSC3WinGen::GZOnKeyUp(unsigned int, unsigned int)
000f7da4	GZOnMouseDownL__10cSC3WinGeniiUi	cSC3WinGen::GZOnMouseDownL(int, int, unsigned int)
000f7e0c	GZOnMouseUpL__10cSC3WinGeniiUi	cSC3WinGen::GZOnMouseUpL(int, int, unsigned int)
000f7e50	GZOnCommand__10cSC3WinGenUiUi	cSC3WinGen::GZOnCommand(unsigned int, unsigned int)
000f7e8c	GetWinGenFlag__C10cSC3WinGeni	cSC3WinGen::GetWinGenFlag(int) const
000f7ea4	GetUserArea__C10cSC3WinGenR7cRZRect	cSC3WinGen::GetUserArea(cRZRect &) const
000f7ed8	AsIGZWin__10cSC3WinGen	cSC3WinGen::AsIGZWin(void)
000f7ee4	GetCLSID__C10cSC3WinGen	cSC3WinGen::GetCLSID(void) const
000f7ef4	SetWinProc__10cSC3WinGenP11cIGZWinProc	cSC3WinGen::SetWinProc(cIGZWinProc *)
000f7f48	GetUserTarget__10cSC3WinGenRP11cIGZWinProc	cSC3WinGen::GetUserTarget(cIGZWinProc *&)
000f7f64	SetUserTarget__10cSC3WinGenP11cIGZWinProc	cSC3WinGen::SetUserTarget(cIGZWinProc *)
000f7f9c	SetBackgroundBitmap__10cSC3WinGenQ211cISC3WinGen10tBGBltTypeP10cIGZBuffer	cSC3WinGen::SetBackgroundBitmap(cISC3WinGen::tBGBltType, cIGZBuffer *)
000f7ff8	GetBackgroundBitmap__C10cSC3WinGenRQ211cISC3WinGen10tBGBltTypeRP10cIGZBuffer	cSC3WinGen::GetBackgroundBitmap(cISC3WinGen::tBGBltType &, cIGZBuffer *&) const
000f801c	SetUserData__10cSC3WinGenUi	cSC3WinGen::SetUserData(unsigned int)
000f8034	GetUserData__C10cSC3WinGen	cSC3WinGen::GetUserData(void) const
000f8048	SetUserData__10cSC3WinGenUiUi	cSC3WinGen::SetUserData(unsigned int, unsigned int)
000f8090	GetUserData__C10cSC3WinGenUiRUi	cSC3WinGen::GetUserData(unsigned int, unsigned int &) const
000f80dc	SetGutters__10cSC3WinGenUcUc	cSC3WinGen::SetGutters(unsigned char, unsigned char)
000f80fc	GetGutters__10cSC3WinGenRiT1	cSC3WinGen::GetGutters(int &, int &)
000f8128	SetGutters__10cSC3WinGenScScScSc	cSC3WinGen::SetGutters(signed char, signed char, signed char, signed char)
000f8168	GetGutters__C10cSC3WinGenRiN31	cSC3WinGen::GetGutters(int &, int &, int &, int &) const
000f81ac	AddDividerH__10cSC3WinGenii	cSC3WinGen::AddDividerH(int, int)
000f8240	RemoveBlueBar__10cSC3WinGeni	cSC3WinGen::RemoveBlueBar(int)
000f8290	calc_user_area__10cSC3WinGeniiR7cRZRect	cSC3WinGen::calc_user_area(int, int, cRZRect &)
000f8338	calc_win_area__10cSC3WinGenRC7cRZRectR7cRZRect	cSC3WinGen::calc_win_area(cRZRect const &, cRZRect &)
000f83e4	enum_flat_rects__10cSC3WinGenP7cIGZWinUiPvT3	cSC3WinGen::enum_flat_rects(cIGZWin *, unsigned int, void *, void *)
000f8468	place_controls__10cSC3WinGen	cSC3WinGen::place_controls(void)
000f84b8	destroy_title_bar__10cSC3WinGen	cSC3WinGen::destroy_title_bar(void)
000f859c	destroy_side_bar__10cSC3WinGen	cSC3WinGen::destroy_side_bar(void)
000f85ec	kill_self__10cSC3WinGen	cSC3WinGen::kill_self(void)
000f86b4	DoWinMsg__17cSC3WinGraphsViewP7cIGZWinUiUiUiUi	cSC3WinGraphsView::DoWinMsg(cIGZWin *, unsigned int, unsigned int, unsigned int, unsigned int)
000f87d8	on_init__17cSC3WinGraphsViewP7cIGZWin	cSC3WinGraphsView::on_init(cIGZWin *)
000f8bd4	add_graph_label__17cSC3WinGraphsViewP7cIGZWinUiRC10cIGZStringUi	cSC3WinGraphsView::add_graph_label(cIGZWin *, unsigned int, cIGZString const &, unsigned int)
000f8ee4	add_checkbox__17cSC3WinGraphsViewP7cIGZWinUiUiUiRC10cIGZStringUi	cSC3WinGraphsView::add_checkbox(cIGZWin *, unsigned int, unsigned int, unsigned int, cIGZString const &, unsigned int)
000f90f4	add_linegraph__17cSC3WinGraphsViewP7cIGZWinUiRC10cIGZString	cSC3WinGraphsView::add_linegraph(cIGZWin *, unsigned int, cIGZString const &)
000f9624	add_period_opt_group__17cSC3WinGraphsViewP7cIGZWin	cSC3WinGraphsView::add_period_opt_group(cIGZWin *)
000fa034	on_shutdown__17cSC3WinGraphsViewP7cIGZWin	cSC3WinGraphsView::on_shutdown(cIGZWin *)
000fa250	on_button_activated__17cSC3WinGraphsViewP7cIGZWinUi	cSC3WinGraphsView::on_button_activated(cIGZWin *, unsigned int)
000fa420	draw_line_graph__17cSC3WinGraphsViewP7cIGZWin	cSC3WinGraphsView::draw_line_graph(cIGZWin *)
000fb9c0	place_label__17cSC3WinGraphsViewRi	cSC3WinGraphsView::place_label(int &)
000fba7c	AddGraphInfo__17cSC3WinGraphsViewP14cISC3GraphInfo	cSC3WinGraphsView::AddGraphInfo(cISC3GraphInfo *)
000fbb00	__17cSC3WinGraphsView	cSC3WinGraphsView::cSC3WinGraphsView(void)
000fbb84	_._17cSC3WinGraphsView	cSC3WinGraphsView::~cSC3WinGraphsView(void)
000fbc64	PrepareHideView__17cSC3WinGraphsView	cSC3WinGraphsView::PrepareHideView(void)
000fbc70	PrepareShowView__17cSC3WinGraphsView	cSC3WinGraphsView::PrepareShowView(void)
000fbc7c	RefreshData__17cSC3WinGraphsViewP9cISC3City	cSC3WinGraphsView::RefreshData(cISC3City *)
000fbc8c	CreateView__17cSC3WinGraphsViewR21cISC3WinMapsAndGraphsR7cRZRectR8cRZPoint	cSC3WinGraphsView::CreateView(cISC3WinMapsAndGraphs &, cRZRect &, cRZPoint &)
000fbd50	DoMessage__17cSC3WinGraphsViewR10cGZMessage	cSC3WinGraphsView::DoMessage(cGZMessage &)
000fbd9c	start_placing_labels__17cSC3WinGraphsView	cSC3WinGraphsView::start_placing_labels(void)
000fbdb8	end_placing_labels__17cSC3WinGraphsView	cSC3WinGraphsView::end_placing_labels(void)
000fbdc4	move_tick__17cSC3WinGraphsViewP7cIGZWinUiii	cSC3WinGraphsView::move_tick(cIGZWin *, unsigned int, int, int)
000fbea8	EnumCityItems__17cSC3WinGraphsViewP9cISC3Cityb	cSC3WinGraphsView::EnumCityItems(cISC3City *, bool)
000fbf1c	EnumLayer__17cSC3WinGraphsViewR10cGZMessageP14cISC3CityLayer	cSC3WinGraphsView::EnumLayer(cGZMessage &, cISC3CityLayer *)
000fbf58	CreateGraphsView__17cSC3WinGraphsView	cSC3WinGraphsView::CreateGraphsView(void)
000fbfe8	QueryInterface__17cSC3WinGraphsViewUiPPv	cSC3WinGraphsView::QueryInterface(unsigned int, void **)
000fc038	AddRef__17cSC3WinGraphsView	cSC3WinGraphsView::AddRef(void)
000fc064	Release__17cSC3WinGraphsView	cSC3WinGraphsView::Release(void)
000fc094	load_window_settings_from_prefs__FP7cIGZWini	load_window_settings_from_prefs(cIGZWin *, int)
000fc194	add_line_input__FP7cIGZWinUiiiiiRC10cIGZString	add_line_input(cIGZWin *, unsigned int, int, int, int, int, cIGZString const &)
000fc348	add_image_button__FP7cIGZWinUiiiUic	add_image_button(cIGZWin *, unsigned int, int, int, unsigned int, char)
000fc654	do_popup_menu__FP7cIGZWiniiRCt6vector2Z9cRZStringZt9allocator1Z9cRZStringRUiP8cIGZFont	do_popup_menu(cIGZWin *, int, int, vector<cRZString, allocator<cRZString> > const &, unsigned int &, cIGZFont *)
000fca44	AddNewEntry__22cGZWinLineInputWIExtraRC9cRZString	cGZWinLineInputWIExtra::AddNewEntry(cRZString const &)
000fcce0	GoBack__22cGZWinLineInputWIExtra	cGZWinLineInputWIExtra::GoBack(void)
000fce00	GoForward__22cGZWinLineInputWIExtra	cGZWinLineInputWIExtra::GoForward(void)
000fcf20	__16cSC3WinUserInput	cSC3WinUserInput::cSC3WinUserInput(void)
000fd220	_._16cSC3WinUserInput	cSC3WinUserInput::~cSC3WinUserInput(void)
000fd394	Init__16cSC3WinUserInput	cSC3WinUserInput::Init(void)
000fd72c	SetMessageText__16cSC3WinUserInputRC10cIGZString	cSC3WinUserInput::SetMessageText(cIGZString const &)
000fd9e4	on_button_activated__16cSC3WinUserInputUi	cSC3WinUserInput::on_button_activated(unsigned int)
000fdb50	Init__19cSC3WinChatControls	cSC3WinChatControls::Init(void)
000ff844	Shutdown__19cSC3WinChatControls	cSC3WinChatControls::Shutdown(void)
000ff980	on_button_activated__19cSC3WinChatControlsUi	cSC3WinChatControls::on_button_activated(unsigned int)
000fff24	record_control_settings__19cSC3WinChatControls	cSC3WinChatControls::record_control_settings(void)
00100310	UpdateConnectionStatus__19cSC3WinChatControls	cSC3WinChatControls::UpdateConnectionStatus(void)
001013e4	CreateWinChatControls__19cSC3WinChatControls	cSC3WinChatControls::CreateWinChatControls(void)
00101540	__18cSC3WinChatGeneral	cSC3WinChatGeneral::cSC3WinChatGeneral(void)
00101680	AddMessageLine__18cSC3WinChatGeneralP20IRCUserMessageStruct	cSC3WinChatGeneral::AddMessageLine(IRCUserMessageStruct *)
00101c14	AddMessageLine__18cSC3WinChatGeneralRC10cIGZString	cSC3WinChatGeneral::AddMessageLine(cIGZString const &)
00101d2c	DoConnectionStatusChange__18cSC3WinChatGeneralii	cSC3WinChatGeneral::DoConnectionStatusChange(int, int)
00102df4	DoChannelInviteMessage__18cSC3WinChatGeneralPCt12basic_string3ZcZt18string_char_traits1ZcZt24__default_alloc_template2b1i0T1	cSC3WinChatGeneral::DoChannelInviteMessage(basic_string<char, string_char_traits<char>, __default_alloc_template<true, 0> > const *, basic_string<char, string_char_traits<char>, __default_alloc_template<true, 0> > const *)
001036e0	DoChannelJoinPartMessage__18cSC3WinChatGeneralP18IRCJoinLeaveStruct	cSC3WinChatGeneral::DoChannelJoinPartMessage(IRCJoinLeaveStruct *)
00104998	DoChannelChangeMessage__18cSC3WinChatGeneralP14IRCChannelInfo	cSC3WinChatGeneral::DoChannelChangeMessage(IRCChannelInfo *)
00105184	GetEmptyRoomDescription__18cSC3WinChatGeneralR9cRZString	cSC3WinChatGeneral::GetEmptyRoomDescription(cRZString &)
00105434	DoChannelListUpdate__18cSC3WinChatGeneralPt4list2Z19IRCChannelInfoBasicZt9allocator1Z19IRCChannelInfoBasic	cSC3WinChatGeneral::DoChannelListUpdate(list<IRCChannelInfoBasic, allocator<IRCChannelInfoBasic> > *)
00105864	DoMOTDUpdate__18cSC3WinChatGeneralPt6vector2Zt12basic_string3ZcZt18string_char_traits1ZcZt24__default_alloc_template2b1i0Zt9allocator1Zt12basic_string3ZcZt18string_char_traits1ZcZt24__default_alloc_template2b1i0b	cSC3WinChatGeneral::DoMOTDUpdate(vector<basic_string<char, string_char_traits<char>, __default_alloc_template<true, 0> >, allocator<basic_string<char, string_char_traits<char>, __default_alloc_template<true, 0> > > > *, bool)
00105d60	DoNickNameChange__18cSC3WinChatGeneralPCt12basic_string3ZcZt18string_char_traits1ZcZt24__default_alloc_template2b1i0T1	cSC3WinChatGeneral::DoNickNameChange(basic_string<char, string_char_traits<char>, __default_alloc_template<true, 0> > const *, basic_string<char, string_char_traits<char>, __default_alloc_template<true, 0> > const *)
00106bb8	SaveChatText__18cSC3WinChatGeneral	cSC3WinChatGeneral::SaveChatText(void)
001075e4	GetSavedChatText__18cSC3WinChatGeneral	cSC3WinChatGeneral::GetSavedChatText(void)
001079e0	SaveTextToFile__18cSC3WinChatGeneralRC10cIGZString	cSC3WinChatGeneral::SaveTextToFile(cIGZString const &)
00108474	DoLineInputCommand__18cSC3WinChatGeneral	cSC3WinChatGeneral::DoLineInputCommand(void)
00108f64	JoinChannel__18cSC3WinChatGeneralRC9cRZString	cSC3WinChatGeneral::JoinChannel(cRZString const &)
00109574	ConvertChannelNameToChannelPopupName__18cSC3WinChatGeneralRC9cRZStringUiT1R9cRZString	cSC3WinChatGeneral::ConvertChannelNameToChannelPopupName(cRZString const &, unsigned int, cRZString const &, cRZString &)
001099f4	ConvertChannelNameToChannelListboxName__18cSC3WinChatGeneralRC9cRZStringUiR9cRZString	cSC3WinChatGeneral::ConvertChannelNameToChannelListboxName(cRZString const &, unsigned int, cRZString &)
00109a88	ConvertChannelListboxNameToChannelName__18cSC3WinChatGeneralRC9cRZStringR9cRZString	cSC3WinChatGeneral::ConvertChannelListboxNameToChannelName(cRZString const &, cRZString &)
00109c94	DoListBoxCursorEventDoubleClick__18cSC3WinChatGeneralP22cWinListBoxCursorEvent	cSC3WinChatGeneral::DoListBoxCursorEventDoubleClick(cWinListBoxCursorEvent *)
0010b108	DoListBoxCursorEventClickDownRight__18cSC3WinChatGeneralP22cWinListBoxCursorEvent	cSC3WinChatGeneral::DoListBoxCursorEventClickDownRight(cWinListBoxCursorEvent *)
001149b8	DoListBoxCursorEventPause__18cSC3WinChatGeneralP22cWinListBoxCursorEventb	cSC3WinChatGeneral::DoListBoxCursorEventPause(cWinListBoxCursorEvent *, bool)
00115748	DisplayInitialMessageText__18cSC3WinChatGeneral	cSC3WinChatGeneral::DisplayInitialMessageText(void)
00116124	CreateWinChatSmall__16cSC3WinChatSmall	cSC3WinChatSmall::CreateWinChatSmall(void)
00116250	Init__16cSC3WinChatSmall	cSC3WinChatSmall::Init(void)
00117478	DoWinMsg__16cSC3WinChatSmallP7cIGZWinUiUiUiUi	cSC3WinChatSmall::DoWinMsg(cIGZWin *, unsigned int, unsigned int, unsigned int, unsigned int)
00117648	on_button_activated__16cSC3WinChatSmallUi	cSC3WinChatSmall::on_button_activated(unsigned int)
00117808	CreateWinChatMedium__17cSC3WinChatMedium	cSC3WinChatMedium::CreateWinChatMedium(void)
00117960	Init__17cSC3WinChatMedium	cSC3WinChatMedium::Init(void)
00119598	Shutdown__17cSC3WinChatMedium	cSC3WinChatMedium::Shutdown(void)
001196b4	GetEmptyRoomDescription__17cSC3WinChatMediumR9cRZString	cSC3WinChatMedium::GetEmptyRoomDescription(cRZString &)
001197b8	on_button_activated__17cSC3WinChatMediumUi	cSC3WinChatMedium::on_button_activated(unsigned int)
00119aa4	CreateWinChatLarge__16cSC3WinChatLarge	cSC3WinChatLarge::CreateWinChatLarge(void)
00119bd0	Init__16cSC3WinChatLarge	cSC3WinChatLarge::Init(void)
0011b654	Shutdown__16cSC3WinChatLarge	cSC3WinChatLarge::Shutdown(void)
0011b788	on_button_activated__16cSC3WinChatLargeUi	cSC3WinChatLarge::on_button_activated(unsigned int)
0011b8f8	__21cSC3WinChatCreateRoom	cSC3WinChatCreateRoom::cSC3WinChatCreateRoom(void)
0011bbf0	_._21cSC3WinChatCreateRoom	cSC3WinChatCreateRoom::~cSC3WinChatCreateRoom(void)
0011bd64	Init__21cSC3WinChatCreateRoom	cSC3WinChatCreateRoom::Init(void)
0011d2a8	Shutdown__21cSC3WinChatCreateRoom	cSC3WinChatCreateRoom::Shutdown(void)
0011d388	SetRoomName__21cSC3WinChatCreateRoomRC10cIGZString	cSC3WinChatCreateRoom::SetRoomName(cIGZString const &)
0011d664	SetRoomDescription__21cSC3WinChatCreateRoomRC10cIGZString	cSC3WinChatCreateRoom::SetRoomDescription(cIGZString const &)
0011d934	DoWinMsg__21cSC3WinChatCreateRoomP7cIGZWinUiUiUiUi	cSC3WinChatCreateRoom::DoWinMsg(cIGZWin *, unsigned int, unsigned int, unsigned int, unsigned int)
0011da64	DoRoomInputChanged__21cSC3WinChatCreateRoom	cSC3WinChatCreateRoom::DoRoomInputChanged(void)
0011dd14	CreateRoom__21cSC3WinChatCreateRoomRC10cIGZStringT1b	cSC3WinChatCreateRoom::CreateRoom(cIGZString const &, cIGZString const &, bool)
0011e864	on_button_activated__21cSC3WinChatCreateRoomUi	cSC3WinChatCreateRoom::on_button_activated(unsigned int)
0011ea88	__25cSC3WinChatPrivateMessage	cSC3WinChatPrivateMessage::cSC3WinChatPrivateMessage(void)
0011ed80	_._25cSC3WinChatPrivateMessage	cSC3WinChatPrivateMessage::~cSC3WinChatPrivateMessage(void)
0011eef4	Init__25cSC3WinChatPrivateMessage	cSC3WinChatPrivateMessage::Init(void)
0011fec4	SetRecipient__25cSC3WinChatPrivateMessageRC10cIGZStringb	cSC3WinChatPrivateMessage::SetRecipient(cIGZString const &, bool)
001201b0	SetMessage__25cSC3WinChatPrivateMessageRC10cIGZString	cSC3WinChatPrivateMessage::SetMessage(cIGZString const &)
00120484	on_button_activated__25cSC3WinChatPrivateMessageUi	cSC3WinChatPrivateMessage::on_button_activated(unsigned int)
00120c94	__18cSC3WinChatFriends	cSC3WinChatFriends::cSC3WinChatFriends(void)
00120fb0	_._18cSC3WinChatFriends	cSC3WinChatFriends::~cSC3WinChatFriends(void)
00121124	Init__18cSC3WinChatFriends	cSC3WinChatFriends::Init(void)
00122ec8	Shutdown__18cSC3WinChatFriends	cSC3WinChatFriends::Shutdown(void)
00122fa8	get_index_of_user_in_listbox__18cSC3WinChatFriendsRC10cIGZString	cSC3WinChatFriends::get_index_of_user_in_listbox(cIGZString const &)
001236c0	AddOrRemoveUser__18cSC3WinChatFriendsRC10cIGZStringb	cSC3WinChatFriends::AddOrRemoveUser(cIGZString const &, bool)
00123b64	SetStatusOfUser__18cSC3WinChatFriendsRC10cIGZStringb	cSC3WinChatFriends::SetStatusOfUser(cIGZString const &, bool)
00124290	UpdateAllEntries__18cSC3WinChatFriends	cSC3WinChatFriends::UpdateAllEntries(void)
00124564	SetAllEntriesOffline__18cSC3WinChatFriends	cSC3WinChatFriends::SetAllEntriesOffline(void)
00124b64	SetUserRoom__18cSC3WinChatFriendsRC10cIGZStringT1	cSC3WinChatFriends::SetUserRoom(cIGZString const &, cIGZString const &)
00125968	DoWinMsg__18cSC3WinChatFriendsP7cIGZWinUiUiUiUi	cSC3WinChatFriends::DoWinMsg(cIGZWin *, unsigned int, unsigned int, unsigned int, unsigned int)
00125ac0	DoListBoxCursorEventClickDownRight__18cSC3WinChatFriends	cSC3WinChatFriends::DoListBoxCursorEventClickDownRight(void)
0012aa78	JoinChannel__18cSC3WinChatFriendsRC9cRZString	cSC3WinChatFriends::JoinChannel(cRZString const &)
0012b084	on_button_activated__18cSC3WinChatFriendsUi	cSC3WinChatFriends::on_button_activated(unsigned int)
0012b690	CreateWinChatAllUsers__19cSC3WinChatAllUsers	cSC3WinChatAllUsers::CreateWinChatAllUsers(void)
0012b7c0	Init__19cSC3WinChatAllUsers	cSC3WinChatAllUsers::Init(void)
0012be64	UpdateAllUsers__19cSC3WinChatAllUsers	cSC3WinChatAllUsers::UpdateAllUsers(void)
0012c104	get_index_of_user_in_listbox__19cSC3WinChatAllUsersRC10cIGZString	cSC3WinChatAllUsers::get_index_of_user_in_listbox(cIGZString const &)
0012c614	on_button_activated__19cSC3WinChatAllUsersUi	cSC3WinChatAllUsers::on_button_activated(unsigned int)
0012c6f4	__25cSC3WinChatRoomProperties	cSC3WinChatRoomProperties::cSC3WinChatRoomProperties(void)
0012cb00	_._25cSC3WinChatRoomProperties	cSC3WinChatRoomProperties::~cSC3WinChatRoomProperties(void)
0012ccfc	Init__25cSC3WinChatRoomProperties	cSC3WinChatRoomProperties::Init(void)
0012fd54	on_button_activated__25cSC3WinChatRoomPropertiesUi	cSC3WinChatRoomProperties::on_button_activated(unsigned int)
0012feb4	SetupInitialValues__25cSC3WinChatRoomProperties	cSC3WinChatRoomProperties::SetupInitialValues(void)
00130654	SetRoom__25cSC3WinChatRoomPropertiesRC10cIGZString	cSC3WinChatRoomProperties::SetRoom(cIGZString const &)
001308e4	DoRoomPropertyChange__25cSC3WinChatRoomProperties	cSC3WinChatRoomProperties::DoRoomPropertyChange(void)
00130e74	CreateWinInternetConfig__21cSC3WinInternetConfig	cSC3WinInternetConfig::CreateWinInternetConfig(void)
00130f90	on_button_activated__21cSC3WinInternetConfigUi	cSC3WinInternetConfig::on_button_activated(unsigned int)
00131070	CreateWinInternetDialup__21cSC3WinInternetDialup	cSC3WinInternetDialup::CreateWinInternetDialup(void)
00131190	Init__21cSC3WinInternetDialup	cSC3WinInternetDialup::Init(void)
001315c4	on_button_activated__21cSC3WinInternetDialupUi	cSC3WinInternetDialup::on_button_activated(unsigned int)
0013169c	AsIGZWin__16cSC3WinUserInput	cSC3WinUserInput::AsIGZWin(void)
001316a8	GetResult__16cSC3WinUserInput	cSC3WinUserInput::GetResult(void)
001316b8	AsIGZWin__19cSC3WinChatControls	cSC3WinChatControls::AsIGZWin(void)
001316c4	AsIGZWin__16cSC3WinChatSmall	cSC3WinChatSmall::AsIGZWin(void)
001316d4	AddMessageLine__16cSC3WinChatSmallP20IRCUserMessageStruct	cSC3WinChatSmall::AddMessageLine(IRCUserMessageStruct *)
00131704	AddMessageLine__16cSC3WinChatSmallRC10cIGZString	cSC3WinChatSmall::AddMessageLine(cIGZString const &)
00131734	GetCurrentChannelName__16cSC3WinChatSmallR10cIGZString	cSC3WinChatSmall::GetCurrentChannelName(cIGZString &)
00131764	SetMaxMessageLineCount__16cSC3WinChatSmallUi	cSC3WinChatSmall::SetMaxMessageLineCount(unsigned int)
00131794	ClearView__16cSC3WinChatSmall	cSC3WinChatSmall::ClearView(void)
001317c0	DoConnectionStatusChange__16cSC3WinChatSmallii	cSC3WinChatSmall::DoConnectionStatusChange(int, int)
001317f4	DoChannelInviteMessage__16cSC3WinChatSmallPCt12basic_string3ZcZt18string_char_traits1ZcZt24__default_alloc_template2b1i0T1	cSC3WinChatSmall::DoChannelInviteMessage(basic_string<char, string_char_traits<char>, __default_alloc_template<true, 0> > const *, basic_string<char, string_char_traits<char>, __default_alloc_template<true, 0> > const *)
00131828	DoChannelJoinPartMessage__16cSC3WinChatSmallP18IRCJoinLeaveStruct	cSC3WinChatSmall::DoChannelJoinPartMessage(IRCJoinLeaveStruct *)
00131858	DoChannelChangeMessage__16cSC3WinChatSmallP14IRCChannelInfo	cSC3WinChatSmall::DoChannelChangeMessage(IRCChannelInfo *)
00131888	DoChannelListUpdate__16cSC3WinChatSmallPt4list2Z19IRCChannelInfoBasicZt9allocator1Z19IRCChannelInfoBasic	cSC3WinChatSmall::DoChannelListUpdate(list<IRCChannelInfoBasic, allocator<IRCChannelInfoBasic> > *)
001318b8	DoMOTDUpdate__16cSC3WinChatSmallPt6vector2Zt12basic_string3ZcZt18string_char_traits1ZcZt24__default_alloc_template2b1i0Zt9allocator1Zt12basic_string3ZcZt18string_char_traits1ZcZt24__default_alloc_template2b1i0b	cSC3WinChatSmall::DoMOTDUpdate(vector<basic_string<char, string_char_traits<char>, __default_alloc_template<true, 0> >, allocator<basic_string<char, string_char_traits<char>, __default_alloc_template<true, 0> > > > *, bool)
001318f0	DoNickNameChange__16cSC3WinChatSmallPCt12basic_string3ZcZt18string_char_traits1ZcZt24__default_alloc_template2b1i0T1	cSC3WinChatSmall::DoNickNameChange(basic_string<char, string_char_traits<char>, __default_alloc_template<true, 0> > const *, basic_string<char, string_char_traits<char>, __default_alloc_template<true, 0> > const *)
00131924	SaveChatText__16cSC3WinChatSmall	cSC3WinChatSmall::SaveChatText(void)
00131950	GetSavedChatText__16cSC3WinChatSmall	cSC3WinChatSmall::GetSavedChatText(void)
0013197c	SaveTextToFile__16cSC3WinChatSmallRC10cIGZString	cSC3WinChatSmall::SaveTextToFile(cIGZString const &)
001319a8	AsIGZWin__17cSC3WinChatMedium	cSC3WinChatMedium::AsIGZWin(void)
001319b8	AddMessageLine__17cSC3WinChatMediumP20IRCUserMessageStruct	cSC3WinChatMedium::AddMessageLine(IRCUserMessageStruct *)
001319e8	AddMessageLine__17cSC3WinChatMediumRC10cIGZString	cSC3WinChatMedium::AddMessageLine(cIGZString const &)
00131a18	GetCurrentChannelName__17cSC3WinChatMediumR10cIGZString	cSC3WinChatMedium::GetCurrentChannelName(cIGZString &)
00131a48	SetMaxMessageLineCount__17cSC3WinChatMediumUi	cSC3WinChatMedium::SetMaxMessageLineCount(unsigned int)
00131a78	ClearView__17cSC3WinChatMedium	cSC3WinChatMedium::ClearView(void)
00131aa4	DoConnectionStatusChange__17cSC3WinChatMediumii	cSC3WinChatMedium::DoConnectionStatusChange(int, int)
00131ad8	DoChannelInviteMessage__17cSC3WinChatMediumPCt12basic_string3ZcZt18string_char_traits1ZcZt24__default_alloc_template2b1i0T1	cSC3WinChatMedium::DoChannelInviteMessage(basic_string<char, string_char_traits<char>, __default_alloc_template<true, 0> > const *, basic_string<char, string_char_traits<char>, __default_alloc_template<true, 0> > const *)
00131b0c	DoChannelJoinPartMessage__17cSC3WinChatMediumP18IRCJoinLeaveStruct	cSC3WinChatMedium::DoChannelJoinPartMessage(IRCJoinLeaveStruct *)
00131b3c	DoChannelChangeMessage__17cSC3WinChatMediumP14IRCChannelInfo	cSC3WinChatMedium::DoChannelChangeMessage(IRCChannelInfo *)
00131b6c	DoChannelListUpdate__17cSC3WinChatMediumPt4list2Z19IRCChannelInfoBasicZt9allocator1Z19IRCChannelInfoBasic	cSC3WinChatMedium::DoChannelListUpdate(list<IRCChannelInfoBasic, allocator<IRCChannelInfoBasic> > *)
00131b9c	DoMOTDUpdate__17cSC3WinChatMediumPt6vector2Zt12basic_string3ZcZt18string_char_traits1ZcZt24__default_alloc_template2b1i0Zt9allocator1Zt12basic_string3ZcZt18string_char_traits1ZcZt24__default_alloc_template2b1i0b	cSC3WinChatMedium::DoMOTDUpdate(vector<basic_string<char, string_char_traits<char>, __default_alloc_template<true, 0> >, allocator<basic_string<char, string_char_traits<char>, __default_alloc_template<true, 0> > > > *, bool)
00131bd4	DoNickNameChange__17cSC3WinChatMediumPCt12basic_string3ZcZt18string_char_traits1ZcZt24__default_alloc_template2b1i0T1	cSC3WinChatMedium::DoNickNameChange(basic_string<char, string_char_traits<char>, __default_alloc_template<true, 0> > const *, basic_string<char, string_char_traits<char>, __default_alloc_template<true, 0> > const *)
00131c08	SaveChatText__17cSC3WinChatMedium	cSC3WinChatMedium::SaveChatText(void)
00131c34	GetSavedChatText__17cSC3WinChatMedium	cSC3WinChatMedium::GetSavedChatText(void)
00131c60	SaveTextToFile__17cSC3WinChatMediumRC10cIGZString	cSC3WinChatMedium::SaveTextToFile(cIGZString const &)
00131c8c	AsIGZWin__16cSC3WinChatLarge	cSC3WinChatLarge::AsIGZWin(void)
00131c9c	AddMessageLine__16cSC3WinChatLargeP20IRCUserMessageStruct	cSC3WinChatLarge::AddMessageLine(IRCUserMessageStruct *)
00131ccc	AddMessageLine__16cSC3WinChatLargeRC10cIGZString	cSC3WinChatLarge::AddMessageLine(cIGZString const &)
00131cfc	GetCurrentChannelName__16cSC3WinChatLargeR10cIGZString	cSC3WinChatLarge::GetCurrentChannelName(cIGZString &)
00131d2c	SetMaxMessageLineCount__16cSC3WinChatLargeUi	cSC3WinChatLarge::SetMaxMessageLineCount(unsigned int)
00131d5c	ClearView__16cSC3WinChatLarge	cSC3WinChatLarge::ClearView(void)
00131d88	DoConnectionStatusChange__16cSC3WinChatLargeii	cSC3WinChatLarge::DoConnectionStatusChange(int, int)
00131dbc	DoChannelInviteMessage__16cSC3WinChatLargePCt12basic_string3ZcZt18string_char_traits1ZcZt24__default_alloc_template2b1i0T1	cSC3WinChatLarge::DoChannelInviteMessage(basic_string<char, string_char_traits<char>, __default_alloc_template<true, 0> > const *, basic_string<char, string_char_traits<char>, __default_alloc_template<true, 0> > const *)
00131df0	DoChannelJoinPartMessage__16cSC3WinChatLargeP18IRCJoinLeaveStruct	cSC3WinChatLarge::DoChannelJoinPartMessage(IRCJoinLeaveStruct *)
00131e20	DoChannelChangeMessage__16cSC3WinChatLargeP14IRCChannelInfo	cSC3WinChatLarge::DoChannelChangeMessage(IRCChannelInfo *)
00131e50	DoChannelListUpdate__16cSC3WinChatLargePt4list2Z19IRCChannelInfoBasicZt9allocator1Z19IRCChannelInfoBasic	cSC3WinChatLarge::DoChannelListUpdate(list<IRCChannelInfoBasic, allocator<IRCChannelInfoBasic> > *)
00131e80	DoMOTDUpdate__16cSC3WinChatLargePt6vector2Zt12basic_string3ZcZt18string_char_traits1ZcZt24__default_alloc_template2b1i0Zt9allocator1Zt12basic_string3ZcZt18string_char_traits1ZcZt24__default_alloc_template2b1i0b	cSC3WinChatLarge::DoMOTDUpdate(vector<basic_string<char, string_char_traits<char>, __default_alloc_template<true, 0> >, allocator<basic_string<char, string_char_traits<char>, __default_alloc_template<true, 0> > > > *, bool)
00131eb8	DoNickNameChange__16cSC3WinChatLargePCt12basic_string3ZcZt18string_char_traits1ZcZt24__default_alloc_template2b1i0T1	cSC3WinChatLarge::DoNickNameChange(basic_string<char, string_char_traits<char>, __default_alloc_template<true, 0> > const *, basic_string<char, string_char_traits<char>, __default_alloc_template<true, 0> > const *)
00131eec	SaveChatText__16cSC3WinChatLarge	cSC3WinChatLarge::SaveChatText(void)
00131f18	GetSavedChatText__16cSC3WinChatLarge	cSC3WinChatLarge::GetSavedChatText(void)
00131f44	SaveTextToFile__16cSC3WinChatLargeRC10cIGZString	cSC3WinChatLarge::SaveTextToFile(cIGZString const &)
00131f70	AsIGZWin__21cSC3WinChatCreateRoom	cSC3WinChatCreateRoom::AsIGZWin(void)
00131f7c	AsIGZWin__25cSC3WinChatPrivateMessage	cSC3WinChatPrivateMessage::AsIGZWin(void)
00131f88	AsIGZWin__18cSC3WinChatFriends	cSC3WinChatFriends::AsIGZWin(void)
00131f94	AsIGZWin__19cSC3WinChatAllUsers	cSC3WinChatAllUsers::AsIGZWin(void)
00131fa0	AsIGZWin__25cSC3WinChatRoomProperties	cSC3WinChatRoomProperties::AsIGZWin(void)
00131fac	AsIGZWin__21cSC3WinInternetConfig	cSC3WinInternetConfig::AsIGZWin(void)
00131fb8	AsIGZWin__21cSC3WinInternetDialup	cSC3WinInternetDialup::AsIGZWin(void)
00131fc8	save_window_settings_to_prefs__FP7cIGZWini	save_window_settings_to_prefs(cIGZWin *, int)
00132054	add_tooltip__FP7cIGZWiniiRC10cIGZStringRUi	add_tooltip(cIGZWin *, int, int, cIGZString const &, unsigned int &)
00132158	hide_tooltip__FUi	hide_tooltip(unsigned int)
001321b0	add_text__FP7cIGZWinUiiiiiRC10cIGZStringUi	add_text(cIGZWin *, unsigned int, int, int, int, int, cIGZString const &, unsigned int)
001322e8	add_outline__FP7cIGZWinUiiiiiUib	add_outline(cIGZWin *, unsigned int, int, int, int, int, unsigned int, bool)
00132408	get_IRC_client__Fb	get_IRC_client(bool)
00132490	get_WinChatGeneral__Fv	get_WinChatGeneral(void)
001324f0	__22cGZWinLineInputWIExtra	cGZWinLineInputWIExtra::cGZWinLineInputWIExtra(void)
00132660	GZOnKeyDown__22cGZWinLineInputWIExtraUiUi	cGZWinLineInputWIExtra::GZOnKeyDown(unsigned int, unsigned int)
001326c0	QueryInterface__16cSC3WinUserInputUiPPv	cSC3WinUserInput::QueryInterface(unsigned int, void **)
00132730	AddRef__16cSC3WinUserInput	cSC3WinUserInput::AddRef(void)
0013275c	Release__16cSC3WinUserInput	cSC3WinUserInput::Release(void)
00132788	CreateWinUserInput__16cSC3WinUserInput	cSC3WinUserInput::CreateWinUserInput(void)
00132800	end_dialog__16cSC3WinUserInputUi	cSC3WinUserInput::end_dialog(unsigned int)
001328a8	Shutdown__16cSC3WinUserInput	cSC3WinUserInput::Shutdown(void)
00132930	SetTitleText__16cSC3WinUserInputRC10cIGZString	cSC3WinUserInput::SetTitleText(cIGZString const &)
00132964	GetInputText__16cSC3WinUserInputR10cIGZString	cSC3WinUserInput::GetInputText(cIGZString &)
001329b4	SetInputText__16cSC3WinUserInputRC10cIGZString	cSC3WinUserInput::SetInputText(cIGZString const &)
001329f0	DoWinMsg__16cSC3WinUserInputP7cIGZWinUiUiUiUi	cSC3WinUserInput::DoWinMsg(cIGZWin *, unsigned int, unsigned int, unsigned int, unsigned int)
00132af4	load_window_settings_from_prefs__16cSC3WinUserInput	cSC3WinUserInput::load_window_settings_from_prefs(void)
00132b20	save_window_settings_to_prefs__16cSC3WinUserInput	cSC3WinUserInput::save_window_settings_to_prefs(void)
00132ba8	__19cSC3WinChatControls	cSC3WinChatControls::cSC3WinChatControls(void)
00132cc0	QueryInterface__19cSC3WinChatControlsUiPPv	cSC3WinChatControls::QueryInterface(unsigned int, void **)
00132d30	AddRef__19cSC3WinChatControls	cSC3WinChatControls::AddRef(void)
00132d5c	Release__19cSC3WinChatControls	cSC3WinChatControls::Release(void)
00132d88	DoMessage__19cSC3WinChatControlsR10cGZMessage	cSC3WinChatControls::DoMessage(cGZMessage &)
00132dd0	DoWinMsg__19cSC3WinChatControlsP7cIGZWinUiUiUiUi	cSC3WinChatControls::DoWinMsg(cIGZWin *, unsigned int, unsigned int, unsigned int, unsigned int)
00132e48	end_dialog__19cSC3WinChatControlsUi	cSC3WinChatControls::end_dialog(unsigned int)
00132ef0	load_window_settings_from_prefs__19cSC3WinChatControls	cSC3WinChatControls::load_window_settings_from_prefs(void)
00132f1c	save_window_settings_to_prefs__19cSC3WinChatControls	cSC3WinChatControls::save_window_settings_to_prefs(void)
00132fa4	Init__18cSC3WinChatGeneral	cSC3WinChatGeneral::Init(void)
00132fd0	Shutdown__18cSC3WinChatGeneral	cSC3WinChatGeneral::Shutdown(void)
00133044	GetSize__18cSC3WinChatGeneral	cSC3WinChatGeneral::GetSize(void)
00133050	SetMaxMessageLineCount__18cSC3WinChatGeneralUi	cSC3WinChatGeneral::SetMaxMessageLineCount(unsigned int)
00133060	ClearView__18cSC3WinChatGeneral	cSC3WinChatGeneral::ClearView(void)
0013309c	GetCurrentChannelName__18cSC3WinChatGeneralR10cIGZString	cSC3WinChatGeneral::GetCurrentChannelName(cIGZString &)
001330dc	SetRoomFullDescription__18cSC3WinChatGeneralRC9cRZString	cSC3WinChatGeneral::SetRoomFullDescription(cRZString const &)
0013311c	DoMessage__18cSC3WinChatGeneralR10cGZMessage	cSC3WinChatGeneral::DoMessage(cGZMessage &)
00133200	GZOnCommand__18cSC3WinChatGeneralUiUi	cSC3WinChatGeneral::GZOnCommand(unsigned int, unsigned int)
00133240	__16cSC3WinChatSmall	cSC3WinChatSmall::cSC3WinChatSmall(void)
00133330	_._16cSC3WinChatSmall	cSC3WinChatSmall::~cSC3WinChatSmall(void)
0013338c	QueryInterface__16cSC3WinChatSmallUiPPv	cSC3WinChatSmall::QueryInterface(unsigned int, void **)
00133430	AddRef__16cSC3WinChatSmall	cSC3WinChatSmall::AddRef(void)
0013345c	Release__16cSC3WinChatSmall	cSC3WinChatSmall::Release(void)
00133488	end_dialog__16cSC3WinChatSmallUi	cSC3WinChatSmall::end_dialog(unsigned int)
00133530	Shutdown__16cSC3WinChatSmall	cSC3WinChatSmall::Shutdown(void)
001335e0	GetSize__16cSC3WinChatSmall	cSC3WinChatSmall::GetSize(void)
001335ec	load_window_settings_from_prefs__16cSC3WinChatSmall	cSC3WinChatSmall::load_window_settings_from_prefs(void)
001335f8	save_window_settings_to_prefs__16cSC3WinChatSmall	cSC3WinChatSmall::save_window_settings_to_prefs(void)
00133608	__17cSC3WinChatMedium	cSC3WinChatMedium::cSC3WinChatMedium(void)
00133720	_._17cSC3WinChatMedium	cSC3WinChatMedium::~cSC3WinChatMedium(void)
0013377c	QueryInterface__17cSC3WinChatMediumUiPPv	cSC3WinChatMedium::QueryInterface(unsigned int, void **)
00133818	AddRef__17cSC3WinChatMedium	cSC3WinChatMedium::AddRef(void)
00133844	Release__17cSC3WinChatMedium	cSC3WinChatMedium::Release(void)
00133870	end_dialog__17cSC3WinChatMediumUi	cSC3WinChatMedium::end_dialog(unsigned int)
00133918	DoWinMsg__17cSC3WinChatMediumP7cIGZWinUiUiUiUi	cSC3WinChatMedium::DoWinMsg(cIGZWin *, unsigned int, unsigned int, unsigned int, unsigned int)
00133a20	GetSize__17cSC3WinChatMedium	cSC3WinChatMedium::GetSize(void)
00133a2c	load_window_settings_from_prefs__17cSC3WinChatMedium	cSC3WinChatMedium::load_window_settings_from_prefs(void)
00133a38	save_window_settings_to_prefs__17cSC3WinChatMedium	cSC3WinChatMedium::save_window_settings_to_prefs(void)
00133a48	__16cSC3WinChatLarge	cSC3WinChatLarge::cSC3WinChatLarge(void)
00133b30	_._16cSC3WinChatLarge	cSC3WinChatLarge::~cSC3WinChatLarge(void)
00133b8c	QueryInterface__16cSC3WinChatLargeUiPPv	cSC3WinChatLarge::QueryInterface(unsigned int, void **)
00133c28	AddRef__16cSC3WinChatLarge	cSC3WinChatLarge::AddRef(void)
00133c54	Release__16cSC3WinChatLarge	cSC3WinChatLarge::Release(void)
00133c80	end_dialog__16cSC3WinChatLargeUi	cSC3WinChatLarge::end_dialog(unsigned int)
00133d28	DoWinMsg__16cSC3WinChatLargeP7cIGZWinUiUiUiUi	cSC3WinChatLarge::DoWinMsg(cIGZWin *, unsigned int, unsigned int, unsigned int, unsigned int)
00133e30	GetSize__16cSC3WinChatLarge	cSC3WinChatLarge::GetSize(void)
00133e40	load_window_settings_from_prefs__16cSC3WinChatLarge	cSC3WinChatLarge::load_window_settings_from_prefs(void)
00133e6c	save_window_settings_to_prefs__16cSC3WinChatLarge	cSC3WinChatLarge::save_window_settings_to_prefs(void)
00133ef4	QueryInterface__21cSC3WinChatCreateRoomUiPPv	cSC3WinChatCreateRoom::QueryInterface(unsigned int, void **)
00133f68	AddRef__21cSC3WinChatCreateRoom	cSC3WinChatCreateRoom::AddRef(void)
00133f94	Release__21cSC3WinChatCreateRoom	cSC3WinChatCreateRoom::Release(void)
00133fc0	CreateWinChatCreateRoom__21cSC3WinChatCreateRoom	cSC3WinChatCreateRoom::CreateWinChatCreateRoom(void)
00134034	end_dialog__21cSC3WinChatCreateRoomUi	cSC3WinChatCreateRoom::end_dialog(unsigned int)
001340dc	SetSecret__21cSC3WinChatCreateRoomb	cSC3WinChatCreateRoom::SetSecret(bool)
0013413c	load_window_settings_from_prefs__21cSC3WinChatCreateRoom	cSC3WinChatCreateRoom::load_window_settings_from_prefs(void)
00134168	save_window_settings_to_prefs__21cSC3WinChatCreateRoom	cSC3WinChatCreateRoom::save_window_settings_to_prefs(void)
001341f0	QueryInterface__25cSC3WinChatPrivateMessageUiPPv	cSC3WinChatPrivateMessage::QueryInterface(unsigned int, void **)
00134260	AddRef__25cSC3WinChatPrivateMessage	cSC3WinChatPrivateMessage::AddRef(void)
0013428c	Release__25cSC3WinChatPrivateMessage	cSC3WinChatPrivateMessage::Release(void)
001342b8	CreateWinChatPrivateMessage__25cSC3WinChatPrivateMessage	cSC3WinChatPrivateMessage::CreateWinChatPrivateMessage(void)
00134330	end_dialog__25cSC3WinChatPrivateMessageUi	cSC3WinChatPrivateMessage::end_dialog(unsigned int)
001343d8	Shutdown__25cSC3WinChatPrivateMessage	cSC3WinChatPrivateMessage::Shutdown(void)
00134494	DoWinMsg__25cSC3WinChatPrivateMessageP7cIGZWinUiUiUiUi	cSC3WinChatPrivateMessage::DoWinMsg(cIGZWin *, unsigned int, unsigned int, unsigned int, unsigned int)
00134594	load_window_settings_from_prefs__25cSC3WinChatPrivateMessage	cSC3WinChatPrivateMessage::load_window_settings_from_prefs(void)
001345c0	save_window_settings_to_prefs__25cSC3WinChatPrivateMessage	cSC3WinChatPrivateMessage::save_window_settings_to_prefs(void)
00134648	QueryInterface__18cSC3WinChatFriendsUiPPv	cSC3WinChatFriends::QueryInterface(unsigned int, void **)
001346b8	AddRef__18cSC3WinChatFriends	cSC3WinChatFriends::AddRef(void)
001346e4	Release__18cSC3WinChatFriends	cSC3WinChatFriends::Release(void)
00134710	CreateWinChatFriends__18cSC3WinChatFriends	cSC3WinChatFriends::CreateWinChatFriends(void)
00134784	end_dialog__18cSC3WinChatFriendsUi	cSC3WinChatFriends::end_dialog(unsigned int)
0013482c	RemoveEntry__18cSC3WinChatFriendsUi	cSC3WinChatFriends::RemoveEntry(unsigned int)
00134864	ClearAllEntries__18cSC3WinChatFriends	cSC3WinChatFriends::ClearAllEntries(void)
0013489c	DoListBoxCursorEventPause__18cSC3WinChatFriendsb	cSC3WinChatFriends::DoListBoxCursorEventPause(bool)
00134958	load_window_settings_from_prefs__18cSC3WinChatFriends	cSC3WinChatFriends::load_window_settings_from_prefs(void)
00134984	save_window_settings_to_prefs__18cSC3WinChatFriends	cSC3WinChatFriends::save_window_settings_to_prefs(void)
00134a10	__19cSC3WinChatAllUsers	cSC3WinChatAllUsers::cSC3WinChatAllUsers(void)
00134b00	_._19cSC3WinChatAllUsers	cSC3WinChatAllUsers::~cSC3WinChatAllUsers(void)
00134b5c	QueryInterface__19cSC3WinChatAllUsersUiPPv	cSC3WinChatAllUsers::QueryInterface(unsigned int, void **)
00134bd0	AddRef__19cSC3WinChatAllUsers	cSC3WinChatAllUsers::AddRef(void)
00134bfc	Release__19cSC3WinChatAllUsers	cSC3WinChatAllUsers::Release(void)
00134c28	end_dialog__19cSC3WinChatAllUsersUi	cSC3WinChatAllUsers::end_dialog(unsigned int)
00134cd0	Shutdown__19cSC3WinChatAllUsers	cSC3WinChatAllUsers::Shutdown(void)
00134d68	AddOrRemoveUser__19cSC3WinChatAllUsersRC10cIGZStringbT2	cSC3WinChatAllUsers::AddOrRemoveUser(cIGZString const &, bool, bool)
00134e38	DoWinMsg__19cSC3WinChatAllUsersP7cIGZWinUiUiUiUi	cSC3WinChatAllUsers::DoWinMsg(cIGZWin *, unsigned int, unsigned int, unsigned int, unsigned int)
00134f44	load_window_settings_from_prefs__19cSC3WinChatAllUsers	cSC3WinChatAllUsers::load_window_settings_from_prefs(void)
00134f70	save_window_settings_to_prefs__19cSC3WinChatAllUsers	cSC3WinChatAllUsers::save_window_settings_to_prefs(void)
00134ff8	QueryInterface__25cSC3WinChatRoomPropertiesUiPPv	cSC3WinChatRoomProperties::QueryInterface(unsigned int, void **)
00135068	AddRef__25cSC3WinChatRoomProperties	cSC3WinChatRoomProperties::AddRef(void)
00135094	Release__25cSC3WinChatRoomProperties	cSC3WinChatRoomProperties::Release(void)
001350c0	CreateWinChatRoomProperties__25cSC3WinChatRoomProperties	cSC3WinChatRoomProperties::CreateWinChatRoomProperties(void)
00135134	end_dialog__25cSC3WinChatRoomPropertiesUi	cSC3WinChatRoomProperties::end_dialog(unsigned int)
001351dc	Shutdown__25cSC3WinChatRoomProperties	cSC3WinChatRoomProperties::Shutdown(void)
00135298	DoWinMsg__25cSC3WinChatRoomPropertiesP7cIGZWinUiUiUiUi	cSC3WinChatRoomProperties::DoWinMsg(cIGZWin *, unsigned int, unsigned int, unsigned int, unsigned int)
001353a4	load_window_settings_from_prefs__25cSC3WinChatRoomProperties	cSC3WinChatRoomProperties::load_window_settings_from_prefs(void)
001353d0	save_window_settings_to_prefs__25cSC3WinChatRoomProperties	cSC3WinChatRoomProperties::save_window_settings_to_prefs(void)
00135458	__21cSC3WinInternetConfig	cSC3WinInternetConfig::cSC3WinInternetConfig(void)
00135530	_._21cSC3WinInternetConfig	cSC3WinInternetConfig::~cSC3WinInternetConfig(void)
0013558c	QueryInterface__21cSC3WinInternetConfigUiPPv	cSC3WinInternetConfig::QueryInterface(unsigned int, void **)
00135600	AddRef__21cSC3WinInternetConfig	cSC3WinInternetConfig::AddRef(void)
0013562c	Release__21cSC3WinInternetConfig	cSC3WinInternetConfig::Release(void)
00135658	end_dialog__21cSC3WinInternetConfigUi	cSC3WinInternetConfig::end_dialog(unsigned int)
00135700	Init__21cSC3WinInternetConfig	cSC3WinInternetConfig::Init(void)
0013572c	Shutdown__21cSC3WinInternetConfig	cSC3WinInternetConfig::Shutdown(void)
00135758	DoWinMsg__21cSC3WinInternetConfigP7cIGZWinUiUiUiUi	cSC3WinInternetConfig::DoWinMsg(cIGZWin *, unsigned int, unsigned int, unsigned int, unsigned int)
00135864	load_window_settings_from_prefs__21cSC3WinInternetConfig	cSC3WinInternetConfig::load_window_settings_from_prefs(void)
00135890	save_window_settings_to_prefs__21cSC3WinInternetConfig	cSC3WinInternetConfig::save_window_settings_to_prefs(void)
00135918	__21cSC3WinInternetDialup	cSC3WinInternetDialup::cSC3WinInternetDialup(void)
001359f0	_._21cSC3WinInternetDialup	cSC3WinInternetDialup::~cSC3WinInternetDialup(void)
00135a4c	QueryInterface__21cSC3WinInternetDialupUiPPv	cSC3WinInternetDialup::QueryInterface(unsigned int, void **)
00135ac0	AddRef__21cSC3WinInternetDialup	cSC3WinInternetDialup::AddRef(void)
00135aec	Release__21cSC3WinInternetDialup	cSC3WinInternetDialup::Release(void)
00135b18	end_dialog__21cSC3WinInternetDialupUi	cSC3WinInternetDialup::end_dialog(unsigned int)
00135bc0	Shutdown__21cSC3WinInternetDialup	cSC3WinInternetDialup::Shutdown(void)
00135c30	DoWinMsg__21cSC3WinInternetDialupP7cIGZWinUiUiUiUi	cSC3WinInternetDialup::DoWinMsg(cIGZWin *, unsigned int, unsigned int, unsigned int, unsigned int)
00135d34	load_window_settings_from_prefs__21cSC3WinInternetDialup	cSC3WinInternetDialup::load_window_settings_from_prefs(void)
00135d60	save_window_settings_to_prefs__21cSC3WinInternetDialup	cSC3WinInternetDialup::save_window_settings_to_prefs(void)
00135df4	__22cSC3WinTransferRequest	cSC3WinTransferRequest::cSC3WinTransferRequest(void)
00135ff0	_._22cSC3WinTransferRequest	cSC3WinTransferRequest::~cSC3WinTransferRequest(void)
001360ec	Init__22cSC3WinTransferRequest	cSC3WinTransferRequest::Init(void)
00136e84	on_button_activated__22cSC3WinTransferRequestUi	cSC3WinTransferRequest::on_button_activated(unsigned int)
00136fd0	__15cSC3WinTransfer	cSC3WinTransfer::cSC3WinTransfer(void)
001371f0	_._15cSC3WinTransfer	cSC3WinTransfer::~cSC3WinTransfer(void)
001372ec	Init__15cSC3WinTransfer	cSC3WinTransfer::Init(void)
001387a4	Shutdown__15cSC3WinTransfer	cSC3WinTransfer::Shutdown(void)
00138950	DoTransferMessage__15cSC3WinTransferR10cGZMessage	cSC3WinTransfer::DoTransferMessage(cGZMessage &)
00139264	VerifyUserWantsToCancel__15cSC3WinTransfer	cSC3WinTransfer::VerifyUserWantsToCancel(void)
00139ad4	CancelTransfer__15cSC3WinTransfer	cSC3WinTransfer::CancelTransfer(void)
0013a1d4	UpdateStatus__15cSC3WinTransferUiUi	cSC3WinTransfer::UpdateStatus(unsigned int, unsigned int)
0013bbc4	ConvertWindowToOKOnly__15cSC3WinTransfer	cSC3WinTransfer::ConvertWindowToOKOnly(void)
0013bfe4	on_button_activated__15cSC3WinTransferUi	cSC3WinTransfer::on_button_activated(unsigned int)
0013c1dc	AsIGZWin__22cSC3WinTransferRequest	cSC3WinTransferRequest::AsIGZWin(void)
0013c1e8	SetResult__22cSC3WinTransferRequesti	cSC3WinTransferRequest::SetResult(int)
0013c1fc	GetResult__22cSC3WinTransferRequest	cSC3WinTransferRequest::GetResult(void)
0013c210	SetText__22cSC3WinTransferRequestRC10cIGZString	cSC3WinTransferRequest::SetText(cIGZString const &)
0013c4a0	AsIGZWin__15cSC3WinTransfer	cSC3WinTransfer::AsIGZWin(void)
0013c4ac	SetSendOrReceive__15cSC3WinTransferb	cSC3WinTransfer::SetSendOrReceive(bool)
0013c4c4	QueryInterface__22cSC3WinTransferRequestUiPPv	cSC3WinTransferRequest::QueryInterface(unsigned int, void **)
0013c538	AddRef__22cSC3WinTransferRequest	cSC3WinTransferRequest::AddRef(void)
0013c564	Release__22cSC3WinTransferRequest	cSC3WinTransferRequest::Release(void)
0013c590	CreateWinTransferRequest__22cSC3WinTransferRequest	cSC3WinTransferRequest::CreateWinTransferRequest(void)
0013c604	StaticTimerCallback__22cSC3WinTransferRequestUi	cSC3WinTransferRequest::StaticTimerCallback(unsigned int)
0013c648	end_dialog__22cSC3WinTransferRequestUi	cSC3WinTransferRequest::end_dialog(unsigned int)
0013c6f0	Shutdown__22cSC3WinTransferRequest	cSC3WinTransferRequest::Shutdown(void)
0013c7b0	DoWinMsg__22cSC3WinTransferRequestP7cIGZWinUiUiUiUi	cSC3WinTransferRequest::DoWinMsg(cIGZWin *, unsigned int, unsigned int, unsigned int, unsigned int)
0013c8d4	load_window_settings_from_prefs__22cSC3WinTransferRequest	cSC3WinTransferRequest::load_window_settings_from_prefs(void)
0013c900	save_window_settings_to_prefs__22cSC3WinTransferRequest	cSC3WinTransferRequest::save_window_settings_to_prefs(void)
0013c92c	QueryInterface__15cSC3WinTransferUiPPv	cSC3WinTransfer::QueryInterface(unsigned int, void **)
0013c9a0	AddRef__15cSC3WinTransfer	cSC3WinTransfer::AddRef(void)
0013c9cc	Release__15cSC3WinTransfer	cSC3WinTransfer::Release(void)
0013c9f8	CreateWinTransfer__15cSC3WinTransfer	cSC3WinTransfer::CreateWinTransfer(void)
0013ca70	end_dialog__15cSC3WinTransferUi	cSC3WinTransfer::end_dialog(unsigned int)
0013cb18	DoMessage__15cSC3WinTransferR10cGZMessage	cSC3WinTransfer::DoMessage(cGZMessage &)
0013cb60	DoWinMsg__15cSC3WinTransferP7cIGZWinUiUiUiUi	cSC3WinTransfer::DoWinMsg(cIGZWin *, unsigned int, unsigned int, unsigned int, unsigned int)
0013cbf0	SetTransfer__15cSC3WinTransferP21cRZSimpleFileTransfer	cSC3WinTransfer::SetTransfer(cRZSimpleFileTransfer *)
0013cc74	StaticTimerCallback__15cSC3WinTransferUi	cSC3WinTransfer::StaticTimerCallback(unsigned int)
0013ccb8	load_window_settings_from_prefs__15cSC3WinTransfer	cSC3WinTransfer::load_window_settings_from_prefs(void)
0013cce4	save_window_settings_to_prefs__15cSC3WinTransfer	cSC3WinTransfer::save_window_settings_to_prefs(void)
0013cd14	CreateDlg__13cSC3WinLayers	cSC3WinLayers::CreateDlg(void)
0013cde4	DoWinMsg__13cSC3WinLayersP7cIGZWinUiUiUiUi	cSC3WinLayers::DoWinMsg(cIGZWin *, unsigned int, unsigned int, unsigned int, unsigned int)
0013d2f8	init_dialog__13cSC3WinLayersP7cIGZWin	cSC3WinLayers::init_dialog(cIGZWin *)
0013da04	end_dialog__13cSC3WinLayersP7cIGZWinUi	cSC3WinLayers::end_dialog(cIGZWin *, unsigned int)
0013dbb0	group_switch__13cSC3WinLayersUi	cSC3WinLayers::group_switch(unsigned int)
0013dd2c	add_check__13cSC3WinLayersUiUiUiUi	cSC3WinLayers::add_check(unsigned int, unsigned int, unsigned int, unsigned int)
0013e1d4	begin_opt_group__13cSC3WinLayersUi	cSC3WinLayers::begin_opt_group(unsigned int)
0013e430	add_option__13cSC3WinLayersUiUiUiUi	cSC3WinLayers::add_option(unsigned int, unsigned int, unsigned int, unsigned int)
0013e640	end_opt_group__13cSC3WinLayers	cSC3WinLayers::end_opt_group(void)
0013e730	add_button__13cSC3WinLayersP7cIGZWinUiUiUib	cSC3WinLayers::add_button(cIGZWin *, unsigned int, unsigned int, unsigned int, bool)
0013ee74	center_dialog__13cSC3WinLayers	cSC3WinLayers::center_dialog(void)
0013ef50	add_rect__13cSC3WinLayersP7cIGZWinUi	cSC3WinLayers::add_rect(cIGZWin *, unsigned int)
0013f5a4	on_get_minmaxinfo__C13cSC3WinLayersP7cIGZWinR7cRZRect	cSC3WinLayers::on_get_minmaxinfo(cIGZWin *, cRZRect &) const
0013f834	on_area_changed__13cSC3WinLayersP7cIGZWinRC7cRZRect	cSC3WinLayers::on_area_changed(cIGZWin *, cRZRect const &)
0013ff04	__13cSC3WinLayers	cSC3WinLayers::cSC3WinLayers(void)
0013ff70	_._13cSC3WinLayers	cSC3WinLayers::~cSC3WinLayers(void)
0013ffb0	QueryInterface__13cSC3WinLayersUiPPv	cSC3WinLayers::QueryInterface(unsigned int, void **)
00140034	AddRef__13cSC3WinLayers	cSC3WinLayers::AddRef(void)
00140070	Release__13cSC3WinLayers	cSC3WinLayers::Release(void)
001400d0	GetAssociatedIGZWin__C13cSC3WinLayers	cSC3WinLayers::GetAssociatedIGZWin(void) const
00140100	GetViewItem__13cSC3WinLayersUi	cSC3WinLayers::GetViewItem(unsigned int)
00140140	SetViewItem__13cSC3WinLayersUib	cSC3WinLayers::SetViewItem(unsigned int, bool)
00140184	GetView__13cSC3WinLayers	cSC3WinLayers::GetView(void)
001401e4	SetView__13cSC3WinLayersUi	cSC3WinLayers::SetView(unsigned int)
00140214	GetViewOption__13cSC3WinLayersUi	cSC3WinLayers::GetViewOption(unsigned int)
00140244	SetViewOption__13cSC3WinLayersUiUi	cSC3WinLayers::SetViewOption(unsigned int, unsigned int)
00140278	on_shutdown__13cSC3WinLayersP7cIGZWin	cSC3WinLayers::on_shutdown(cIGZWin *)
001402f0	item_click__13cSC3WinLayersUi	cSC3WinLayers::item_click(unsigned int)
00140304	apply__13cSC3WinLayers	cSC3WinLayers::apply(void)
00140360	reset_to_default__13cSC3WinLayers	cSC3WinLayers::reset_to_default(void)
0014041c	set_check__13cSC3WinLayersUib	cSC3WinLayers::set_check(unsigned int, bool)
001404b8	set_press__13cSC3WinLayersUib	cSC3WinLayers::set_press(unsigned int, bool)
00140554	get_check__13cSC3WinLayersUi	cSC3WinLayers::get_check(unsigned int)
001405e0	enable__13cSC3WinLayersUib	cSC3WinLayers::enable(unsigned int, bool)
0014066c	set_value__13cSC3WinLayersUiUi	cSC3WinLayers::set_value(unsigned int, unsigned int)
00140718	get_value__13cSC3WinLayersUi	cSC3WinLayers::get_value(unsigned int)
001407c4	__14cSC3WinMapCtrl	cSC3WinMapCtrl::cSC3WinMapCtrl(void)
00140c94	_._14cSC3WinMapCtrl	cSC3WinMapCtrl::~cSC3WinMapCtrl(void)
00140d90	CloneControl__14cSC3WinMapCtrlUiPP15cISC3WinMapCtrl	cSC3WinMapCtrl::CloneControl(unsigned int, cISC3WinMapCtrl **)
00141030	AddPalette__14cSC3WinMapCtrlUiP11cIGZPalette	cSC3WinMapCtrl::AddPalette(unsigned int, cIGZPalette *)
001411a8	ReleasePalette__14cSC3WinMapCtrlUi	cSC3WinMapCtrl::ReleasePalette(unsigned int)
00141260	ReleaseAllPalettes__14cSC3WinMapCtrl	cSC3WinMapCtrl::ReleaseAllPalettes(void)
00141304	GetVisibleFilterCount__14cSC3WinMapCtrl	cSC3WinMapCtrl::GetVisibleFilterCount(void)
00141368	ShowAllFilters__14cSC3WinMapCtrl	cSC3WinMapCtrl::ShowAllFilters(void)
001413ec	HideAllFilters__14cSC3WinMapCtrl	cSC3WinMapCtrl::HideAllFilters(void)
00141470	GetFilter__14cSC3WinMapCtrlUi	cSC3WinMapCtrl::GetFilter(unsigned int)
001414e4	AddFilter__14cSC3WinMapCtrlP14cISC3MapSprite	cSC3WinMapCtrl::AddFilter(cISC3MapSprite *)
00141610	AddFilterFront__14cSC3WinMapCtrlR21cISC3WinMapCtrlFilter	cSC3WinMapCtrl::AddFilterFront(cISC3WinMapCtrlFilter &)
00141758	AddFilterBack__14cSC3WinMapCtrlR21cISC3WinMapCtrlFilter	cSC3WinMapCtrl::AddFilterBack(cISC3WinMapCtrlFilter &)
0014189c	ReleaseFilter__14cSC3WinMapCtrlUi	cSC3WinMapCtrl::ReleaseFilter(unsigned int)
0014197c	ReleaseAllFilters__14cSC3WinMapCtrl	cSC3WinMapCtrl::ReleaseAllFilters(void)
00141a20	create_buffer__14cSC3WinMapCtrl	cSC3WinMapCtrl::create_buffer(void)
00141b34	update_buffer_size__14cSC3WinMapCtrl	cSC3WinMapCtrl::update_buffer_size(void)
00141c68	recalc_postfilter_coords__14cSC3WinMapCtrl	cSC3WinMapCtrl::recalc_postfilter_coords(void)
00141dd4	update_buffer_image__14cSC3WinMapCtrl	cSC3WinMapCtrl::update_buffer_image(void)
00141eb0	GZPaint__14cSC3WinMapCtrl	cSC3WinMapCtrl::GZPaint(void)
00142150	CloneFilter__30cSC3WinMapCtrlFilter_SC3MapSprPP21cISC3WinMapCtrlFilter	cSC3WinMapCtrlFilter_SC3MapSpr::CloneFilter(cISC3WinMapCtrlFilter **)
00142244	CloneFilter__30cSC3WinMapCtrlFilter_IGZBufferPP21cISC3WinMapCtrlFilter	cSC3WinMapCtrlFilter_IGZBuffer::CloneFilter(cISC3WinMapCtrlFilter **)
00142314	QueryInterface__14cSC3WinMapCtrlUiPPv	cSC3WinMapCtrl::QueryInterface(unsigned int, void **)
00142368	AddRef__14cSC3WinMapCtrl	cSC3WinMapCtrl::AddRef(void)
00142394	Release__14cSC3WinMapCtrl	cSC3WinMapCtrl::Release(void)
001423c0	CreateControl__14cSC3WinMapCtrlUi	cSC3WinMapCtrl::CreateControl(unsigned int)
001423f0	DestroyControl__14cSC3WinMapCtrl	cSC3WinMapCtrl::DestroyControl(void)
0014243c	Prepare__14cSC3WinMapCtrl	cSC3WinMapCtrl::Prepare(void)
0014245c	Unprepare__14cSC3WinMapCtrl	cSC3WinMapCtrl::Unprepare(void)
00142484	AsIGZWin__14cSC3WinMapCtrl	cSC3WinMapCtrl::AsIGZWin(void)
00142494	DirtyCellRegion__14cSC3WinMapCtrlP7cRZRect	cSC3WinMapCtrl::DirtyCellRegion(cRZRect *)
001424cc	SetRotation__14cSC3WinMapCtrli	cSC3WinMapCtrl::SetRotation(int)
0014252c	GetRotation__14cSC3WinMapCtrl	cSC3WinMapCtrl::GetRotation(void)
00142540	SetDrawWindowOutline__14cSC3WinMapCtrlb	cSC3WinMapCtrl::SetDrawWindowOutline(bool)
00142578	IsDrawWindowOutline__14cSC3WinMapCtrl	cSC3WinMapCtrl::IsDrawWindowOutline(void)
0014258c	SetWindowOutlineColors__14cSC3WinMapCtrlUiUi	cSC3WinMapCtrl::SetWindowOutlineColors(unsigned int, unsigned int)
001425d0	SetDrawImageOutline__14cSC3WinMapCtrlb	cSC3WinMapCtrl::SetDrawImageOutline(bool)
00142608	IsDrawImageOutline__14cSC3WinMapCtrl	cSC3WinMapCtrl::IsDrawImageOutline(void)
0014261c	SetImageOutlineColors__14cSC3WinMapCtrlUiUi	cSC3WinMapCtrl::SetImageOutlineColors(unsigned int, unsigned int)
00142660	GetFillColor__14cSC3WinMapCtrl	cSC3WinMapCtrl::GetFillColor(void)
0014268c	SetFillColor__14cSC3WinMapCtrlUi	cSC3WinMapCtrl::SetFillColor(unsigned int)
001426d8	SetActualMapSizeInCells__14cSC3WinMapCtrlUiUi	cSC3WinMapCtrl::SetActualMapSizeInCells(unsigned int, unsigned int)
001426fc	GetActualMapSizeInCells__14cSC3WinMapCtrlRUiT1	cSC3WinMapCtrl::GetActualMapSizeInCells(unsigned int &, unsigned int &)
00142728	SetCoordinateForwarding__14cSC3WinMapCtrlUibP17cIGZMessageTarget	cSC3WinMapCtrl::SetCoordinateForwarding(unsigned int, bool, cIGZMessageTarget *)
00142758	GetCoordinateForwardingFlags__14cSC3WinMapCtrl	cSC3WinMapCtrl::GetCoordinateForwardingFlags(void)
0014276c	GZOnMouseDownL__14cSC3WinMapCtrliiUi	cSC3WinMapCtrl::GZOnMouseDownL(int, int, unsigned int)
001427c4	GZOnMouseDownR__14cSC3WinMapCtrliiUi	cSC3WinMapCtrl::GZOnMouseDownR(int, int, unsigned int)
00142820	GZOnMouseUpL__14cSC3WinMapCtrliiUi	cSC3WinMapCtrl::GZOnMouseUpL(int, int, unsigned int)
0014288c	GZOnMouseUpR__14cSC3WinMapCtrliiUi	cSC3WinMapCtrl::GZOnMouseUpR(int, int, unsigned int)
001428f8	GZOnMouseMove__14cSC3WinMapCtrliiUi	cSC3WinMapCtrl::GZOnMouseMove(int, int, unsigned int)
00142940	GZReleaseCapture__14cSC3WinMapCtrl	cSC3WinMapCtrl::GZReleaseCapture(void)
00142988	GZOnKeyDown__14cSC3WinMapCtrlUiUi	cSC3WinMapCtrl::GZOnKeyDown(unsigned int, unsigned int)
001429c4	GZOnKeyUp__14cSC3WinMapCtrlUiUi	cSC3WinMapCtrl::GZOnKeyUp(unsigned int, unsigned int)
00142a00	IsPointInWindowScreenCoordinates__C14cSC3WinMapCtrlii	cSC3WinMapCtrl::IsPointInWindowScreenCoordinates(int, int) const
00142a74	do_window_coord_message__14cSC3WinMapCtrlUiss	cSC3WinMapCtrl::do_window_coord_message(unsigned int, short, short)
00142b10	translate_window_coord_to_map_coord__C14cSC3WinMapCtrlGQ215cISC3WinMapCtrl12tPackedPointRQ215cISC3WinMapCtrl12tPackedPoint	cSC3WinMapCtrl::translate_window_coord_to_map_coord(cISC3WinMapCtrl::tPackedPoint, cISC3WinMapCtrl::tPackedPoint &) const
00142c80	GetPalette__14cSC3WinMapCtrlUiPP11cIGZPalette	cSC3WinMapCtrl::GetPalette(unsigned int, cIGZPalette **)
00142cec	GetFilterCount__14cSC3WinMapCtrl	cSC3WinMapCtrl::GetFilterCount(void)
00142d24	ShowFilter__14cSC3WinMapCtrlUi	cSC3WinMapCtrl::ShowFilter(unsigned int)
00142da0	HideFilter__14cSC3WinMapCtrlUi	cSC3WinMapCtrl::HideFilter(unsigned int)
00142e20	GetFilter__14cSC3WinMapCtrlUiPP21cISC3WinMapCtrlFilter	cSC3WinMapCtrl::GetFilter(unsigned int, cISC3WinMapCtrlFilter **)
00142e80	GetFilterByIndex__14cSC3WinMapCtrlUi	cSC3WinMapCtrl::GetFilterByIndex(unsigned int)
00142ef4	AddFilter__14cSC3WinMapCtrlUiP10cIGZBuffer	cSC3WinMapCtrl::AddFilter(unsigned int, cIGZBuffer *)
00143000	AddFilter__14cSC3WinMapCtrlR21cISC3WinMapCtrlFilter	cSC3WinMapCtrl::AddFilter(cISC3WinMapCtrlFilter &)
0014303c	release_buffer__14cSC3WinMapCtrl	cSC3WinMapCtrl::release_buffer(void)
00143098	Init__14cSC3WinMapCtrl	cSC3WinMapCtrl::Init(void)
001430e0	Shutdown__14cSC3WinMapCtrl	cSC3WinMapCtrl::Shutdown(void)
00143124	SetFlag__14cSC3WinMapCtrlQ27cIGZWin8tWinFlagb	cSC3WinMapCtrl::SetFlag(cIGZWin::tWinFlag, bool)
0014315c	SetArea__14cSC3WinMapCtrlRC7cRZRect	cSC3WinMapCtrl::SetArea(cRZRect const &)
001431a0	SetArea__14cSC3WinMapCtrliiii	cSC3WinMapCtrl::SetArea(int, int, int, int)
00143270	QueryInterface__30cSC3WinMapCtrlFilter_SC3MapSprUiPPv	cSC3WinMapCtrlFilter_SC3MapSpr::QueryInterface(unsigned int, void **)
001432cc	AddRef__30cSC3WinMapCtrlFilter_SC3MapSpr	cSC3WinMapCtrlFilter_SC3MapSpr::AddRef(void)
001432e8	Release__30cSC3WinMapCtrlFilter_SC3MapSpr	cSC3WinMapCtrlFilter_SC3MapSpr::Release(void)
00143334	__30cSC3WinMapCtrlFilter_SC3MapSprR14cISC3MapSpriteP11cIGZPalette	cSC3WinMapCtrlFilter_SC3MapSpr::cSC3WinMapCtrlFilter_SC3MapSpr(cISC3MapSprite &, cIGZPalette *)
001433a4	_._30cSC3WinMapCtrlFilter_SC3MapSpr	cSC3WinMapCtrlFilter_SC3MapSpr::~cSC3WinMapCtrlFilter_SC3MapSpr(void)
001433fc	SetFilterId__30cSC3WinMapCtrlFilter_SC3MapSprUi	cSC3WinMapCtrlFilter_SC3MapSpr::SetFilterId(unsigned int)
00143408	GetFilterId__30cSC3WinMapCtrlFilter_SC3MapSpr	cSC3WinMapCtrlFilter_SC3MapSpr::GetFilterId(void)
00143438	GetWidth__30cSC3WinMapCtrlFilter_SC3MapSpr	cSC3WinMapCtrlFilter_SC3MapSpr::GetWidth(void)
00143468	GetHieght__30cSC3WinMapCtrlFilter_SC3MapSpr	cSC3WinMapCtrlFilter_SC3MapSpr::GetHieght(void)
00143494	SetVisible__30cSC3WinMapCtrlFilter_SC3MapSprb	cSC3WinMapCtrlFilter_SC3MapSpr::SetVisible(bool)
001434a4	IsVisible__30cSC3WinMapCtrlFilter_SC3MapSpr	cSC3WinMapCtrlFilter_SC3MapSpr::IsVisible(void)
001434b8	SetPalette__30cSC3WinMapCtrlFilter_SC3MapSprP11cIGZPalette	cSC3WinMapCtrlFilter_SC3MapSpr::SetPalette(cIGZPalette *)
001434ec	GetPalette__30cSC3WinMapCtrlFilter_SC3MapSpr	cSC3WinMapCtrlFilter_SC3MapSpr::GetPalette(void)
0014351c	Draw__30cSC3WinMapCtrlFilter_SC3MapSprP10cIGZBufferR7cRZRectP7cRZRect	cSC3WinMapCtrlFilter_SC3MapSpr::Draw(cIGZBuffer *, cRZRect &, cRZRect *)
00143584	CreateBuffer__30cSC3WinMapCtrlFilter_SC3MapSprUiUiPP10cIGZBuffer	cSC3WinMapCtrlFilter_SC3MapSpr::CreateBuffer(unsigned int, unsigned int, cIGZBuffer **)
00143594	SetPostFilter__30cSC3WinMapCtrlFilter_SC3MapSprb	cSC3WinMapCtrlFilter_SC3MapSpr::SetPostFilter(bool)
001435d0	SetDestinationCoords__30cSC3WinMapCtrlFilter_SC3MapSpriiiiii	cSC3WinMapCtrlFilter_SC3MapSpr::SetDestinationCoords(int, int, int, int, int, int)
0014361c	IsPostFilter__C30cSC3WinMapCtrlFilter_SC3MapSpr	cSC3WinMapCtrlFilter_SC3MapSpr::IsPostFilter(void) const
00143654	QueryInterface__30cSC3WinMapCtrlFilter_IGZBufferUiPPv	cSC3WinMapCtrlFilter_IGZBuffer::QueryInterface(unsigned int, void **)
001436ac	AddRef__30cSC3WinMapCtrlFilter_IGZBuffer	cSC3WinMapCtrlFilter_IGZBuffer::AddRef(void)
001436c8	Release__30cSC3WinMapCtrlFilter_IGZBuffer	cSC3WinMapCtrlFilter_IGZBuffer::Release(void)
00143714	__30cSC3WinMapCtrlFilter_IGZBufferUiR10cIGZBuffer	cSC3WinMapCtrlFilter_IGZBuffer::cSC3WinMapCtrlFilter_IGZBuffer(unsigned int, cIGZBuffer &)
00143770	_._30cSC3WinMapCtrlFilter_IGZBuffer	cSC3WinMapCtrlFilter_IGZBuffer::~cSC3WinMapCtrlFilter_IGZBuffer(void)
001437c0	SetFilterId__30cSC3WinMapCtrlFilter_IGZBufferUi	cSC3WinMapCtrlFilter_IGZBuffer::SetFilterId(unsigned int)
001437d0	GetFilterId__30cSC3WinMapCtrlFilter_IGZBuffer	cSC3WinMapCtrlFilter_IGZBuffer::GetFilterId(void)
001437e4	GetWidth__30cSC3WinMapCtrlFilter_IGZBuffer	cSC3WinMapCtrlFilter_IGZBuffer::GetWidth(void)
00143830	GetHieght__30cSC3WinMapCtrlFilter_IGZBuffer	cSC3WinMapCtrlFilter_IGZBuffer::GetHieght(void)
0014387c	SetVisible__30cSC3WinMapCtrlFilter_IGZBufferb	cSC3WinMapCtrlFilter_IGZBuffer::SetVisible(bool)
0014388c	IsVisible__30cSC3WinMapCtrlFilter_IGZBuffer	cSC3WinMapCtrlFilter_IGZBuffer::IsVisible(void)
0014389c	SetPalette__30cSC3WinMapCtrlFilter_IGZBufferP11cIGZPalette	cSC3WinMapCtrlFilter_IGZBuffer::SetPalette(cIGZPalette *)
001438a8	GetPalette__30cSC3WinMapCtrlFilter_IGZBuffer	cSC3WinMapCtrlFilter_IGZBuffer::GetPalette(void)
001438b8	Draw__30cSC3WinMapCtrlFilter_IGZBufferP10cIGZBufferR7cRZRectP7cRZRect	cSC3WinMapCtrlFilter_IGZBuffer::Draw(cIGZBuffer *, cRZRect &, cRZRect *)
0014394c	CreateBuffer__30cSC3WinMapCtrlFilter_IGZBufferUiUiPP10cIGZBuffer	cSC3WinMapCtrlFilter_IGZBuffer::CreateBuffer(unsigned int, unsigned int, cIGZBuffer **)
00143958	SetPostFilter__30cSC3WinMapCtrlFilter_IGZBufferb	cSC3WinMapCtrlFilter_IGZBuffer::SetPostFilter(bool)
00143960	SetDestinationCoords__30cSC3WinMapCtrlFilter_IGZBufferiiiiii	cSC3WinMapCtrlFilter_IGZBuffer::SetDestinationCoords(int, int, int, int, int, int)
00143968	IsPostFilter__C30cSC3WinMapCtrlFilter_IGZBuffer	cSC3WinMapCtrlFilter_IGZBuffer::IsPostFilter(void) const
00143984	__14cSC3WinMapView	cSC3WinMapView::cSC3WinMapView(void)
00143a80	CreateView__14cSC3WinMapViewR21cISC3WinMapsAndGraphsR7cRZRectR8cRZPoint	cSC3WinMapView::CreateView(cISC3WinMapsAndGraphs &, cRZRect &, cRZPoint &)
00143bb0	create_map_control__14cSC3WinMapViewR7cRZRect	cSC3WinMapView::create_map_control(cRZRect &)
00143d48	create_map_outlines__14cSC3WinMapViewR7cRZRectUi	cSC3WinMapView::create_map_outlines(cRZRect &, unsigned int)
00143f60	SetShowInCity__14cSC3WinMapView	cSC3WinMapView::SetShowInCity(void)
0014417c	create_compass_windows__14cSC3WinMapView	cSC3WinMapView::create_compass_windows(void)
00144764	create_showInCity_window__14cSC3WinMapViewR7cRZRect	cSC3WinMapView::create_showInCity_window(cRZRect &)
00145164	create_legend_outline__14cSC3WinMapViewR7cRZRectb	cSC3WinMapView::create_legend_outline(cRZRect &, bool)
001453bc	create_palette__14cSC3WinMapViewR21cISC3WinMapsAndGraphsUi	cSC3WinMapView::create_palette(cISC3WinMapsAndGraphs &, unsigned int)
00145778	create_legend_bitmap__14cSC3WinMapViewR21cISC3WinMapsAndGraphsR7cRZRectUib	cSC3WinMapView::create_legend_bitmap(cISC3WinMapsAndGraphs &, cRZRect &, unsigned int, bool)
00145c64	create_circle_and_outline__14cSC3WinMapViewR7cRZRectRC10cIGZString	cSC3WinMapView::create_circle_and_outline(cRZRect &, cIGZString const &)
00146274	create_legend_caption__14cSC3WinMapViewR7cRZRectRC10cIGZStringbUiUi	cSC3WinMapView::create_legend_caption(cRZRect &, cIGZString const &, bool, unsigned int, unsigned int)
00146520	DoShowInCity__14cSC3WinMapView	cSC3WinMapView::DoShowInCity(void)
00146678	DoCityViewRotation__14cSC3WinMapViewi	cSC3WinMapView::DoCityViewRotation(int)
00147258	DoWinMsg__14cSC3WinMapViewP7cIGZWinUiUiUiUi	cSC3WinMapView::DoWinMsg(cIGZWin *, unsigned int, unsigned int, unsigned int, unsigned int)
001474ec	update_view__14cSC3WinMapView	cSC3WinMapView::update_view(void)
001475e0	on_shutdown__14cSC3WinMapViewP7cIGZWin	cSC3WinMapView::on_shutdown(cIGZWin *)
001476c8	CreateMapAura__14cSC3WinMapView	cSC3WinMapView::CreateMapAura(void)
00147770	CreateView__19cSC3WinMapView_AuraR21cISC3WinMapsAndGraphsR7cRZRectR8cRZPoint	cSC3WinMapView_Aura::CreateView(cISC3WinMapsAndGraphs &, cRZRect &, cRZPoint &)
00147d28	CreateMapZone__14cSC3WinMapView	cSC3WinMapView::CreateMapZone(void)
00147dd0	CreateView__19cSC3WinMapView_ZoneR21cISC3WinMapsAndGraphsR7cRZRectR8cRZPoint	cSC3WinMapView_Zone::CreateView(cISC3WinMapsAndGraphs &, cRZRect &, cRZPoint &)
00148ca4	CreateMapCrime__14cSC3WinMapView	cSC3WinMapView::CreateMapCrime(void)
00148d44	CreateView__20cSC3WinMapView_CrimeR21cISC3WinMapsAndGraphsR7cRZRectR8cRZPoint	cSC3WinMapView_Crime::CreateView(cISC3WinMapsAndGraphs &, cRZRect &, cRZPoint &)
00149500	CreateMapPopulation__14cSC3WinMapView	cSC3WinMapView::CreateMapPopulation(void)
001495a4	CreateView__25cSC3WinMapView_PopulationR21cISC3WinMapsAndGraphsR7cRZRectR8cRZPoint	cSC3WinMapView_Population::CreateView(cISC3WinMapsAndGraphs &, cRZRect &, cRZPoint &)
00149b68	CreateMapPower__14cSC3WinMapView	cSC3WinMapView::CreateMapPower(void)
00149c10	CreateView__20cSC3WinMapView_PowerR21cISC3WinMapsAndGraphsR7cRZRectR8cRZPoint	cSC3WinMapView_Power::CreateView(cISC3WinMapsAndGraphs &, cRZRect &, cRZPoint &)
0014a1c8	CreateMapFlammability__14cSC3WinMapView	cSC3WinMapView::CreateMapFlammability(void)
0014a270	CreateView__27cSC3WinMapView_FlammabilityR21cISC3WinMapsAndGraphsR7cRZRectR8cRZPoint	cSC3WinMapView_Flammability::CreateView(cISC3WinMapsAndGraphs &, cRZRect &, cRZPoint &)
0014aa24	CreateMapLandValue__14cSC3WinMapView	cSC3WinMapView::CreateMapLandValue(void)
0014aac4	CreateView__24cSC3WinMapView_LandValueR21cISC3WinMapsAndGraphsR7cRZRectR8cRZPoint	cSC3WinMapView_LandValue::CreateView(cISC3WinMapsAndGraphs &, cRZRect &, cRZPoint &)
0014b088	CreateMapPollution__14cSC3WinMapView	cSC3WinMapView::CreateMapPollution(void)
0014b130	CreateView__24cSC3WinMapView_PollutionR21cISC3WinMapsAndGraphsR7cRZRectR8cRZPoint	cSC3WinMapView_Pollution::CreateView(cISC3WinMapsAndGraphs &, cRZRect &, cRZPoint &)
0014c174	CreateMapTraffic__14cSC3WinMapView	cSC3WinMapView::CreateMapTraffic(void)
0014c214	CreateView__22cSC3WinMapView_TrafficR21cISC3WinMapsAndGraphsR7cRZRectR8cRZPoint	cSC3WinMapView_Traffic::CreateView(cISC3WinMapsAndGraphs &, cRZRect &, cRZPoint &)
0014c7d8	CreateMapWaterSupply__14cSC3WinMapView	cSC3WinMapView::CreateMapWaterSupply(void)
0014c880	CreateView__26cSC3WinMapView_WaterSupplyR21cISC3WinMapsAndGraphsR7cRZRectR8cRZPoint	cSC3WinMapView_WaterSupply::CreateView(cISC3WinMapsAndGraphs &, cRZRect &, cRZPoint &)
0014ce34	EnumCityItems__14cSC3WinMapViewP9cISC3Cityb	cSC3WinMapView::EnumCityItems(cISC3City *, bool)
0014ce40	RefreshData__14cSC3WinMapViewP9cISC3City	cSC3WinMapView::RefreshData(cISC3City *)
0014ce50	_._14cSC3WinMapView	cSC3WinMapView::~cSC3WinMapView(void)
0014cec8	QueryInterface__14cSC3WinMapViewUiPPv	cSC3WinMapView::QueryInterface(unsigned int, void **)
0014cf18	AddRef__14cSC3WinMapView	cSC3WinMapView::AddRef(void)
0014cf44	Release__14cSC3WinMapView	cSC3WinMapView::Release(void)
0014cf70	PrepareShowView__14cSC3WinMapView	cSC3WinMapView::PrepareShowView(void)
0014d01c	PrepareHideView__14cSC3WinMapView	cSC3WinMapView::PrepareHideView(void)
0014d0bc	DoMessage__14cSC3WinMapViewR10cGZMessage	cSC3WinMapView::DoMessage(cGZMessage &)
0014d104	calc_map_control_rect__14cSC3WinMapViewRC7cRZRectR7cRZRect	cSC3WinMapView::calc_map_control_rect(cRZRect const &, cRZRect &)
0014d19c	GetMapControl__14cSC3WinMapView	cSC3WinMapView::GetMapControl(void)
0014d1ac	SC3__C14cSC3WinMapView	cSC3WinMapView::SC3(void) const
0014d1c0	IsCityActive__C14cSC3WinMapView	cSC3WinMapView::IsCityActive(void) const
0014d1f4	City__C14cSC3WinMapView	cSC3WinMapView::City(void) const
0014d224	IsWCVActive__C14cSC3WinMapView	cSC3WinMapView::IsWCVActive(void) const
0014d258	GetWCV__C14cSC3WinMapView	cSC3WinMapView::GetWCV(void) const
0014d288	GetCityView__C14cSC3WinMapView	cSC3WinMapView::GetCityView(void) const
0014d2e8	GetCityViewZoomAndRotation__C14cSC3WinMapViewRiT1	cSC3WinMapView::GetCityViewZoomAndRotation(int &, int &) const
0014d370	GetCityViewFocusCell__C14cSC3WinMapViewRUiT1	cSC3WinMapView::GetCityViewFocusCell(unsigned int &, unsigned int &) const
0014d3f0	GetCityViewRectInCells__C14cSC3WinMapViewR7cRZRect	cSC3WinMapView::GetCityViewRectInCells(cRZRect &) const
0014d48c	DoCityViewZoom__14cSC3WinMapViewi	cSC3WinMapView::DoCityViewZoom(int)
0014d49c	on_init__14cSC3WinMapViewP7cIGZWin	cSC3WinMapView::on_init(cIGZWin *)
0014d4cc	_._19cSC3WinMapView_Aura	cSC3WinMapView_Aura::~cSC3WinMapView_Aura(void)
0014d558	_._19cSC3WinMapView_Zone	cSC3WinMapView_Zone::~cSC3WinMapView_Zone(void)
0014d5e4	_._20cSC3WinMapView_Crime	cSC3WinMapView_Crime::~cSC3WinMapView_Crime(void)
0014d670	_._25cSC3WinMapView_Population	cSC3WinMapView_Population::~cSC3WinMapView_Population(void)
0014d6fc	_._20cSC3WinMapView_Power	cSC3WinMapView_Power::~cSC3WinMapView_Power(void)
0014d788	_._27cSC3WinMapView_Flammability	cSC3WinMapView_Flammability::~cSC3WinMapView_Flammability(void)
0014d814	_._24cSC3WinMapView_LandValue	cSC3WinMapView_LandValue::~cSC3WinMapView_LandValue(void)
0014d8a0	_._24cSC3WinMapView_Pollution	cSC3WinMapView_Pollution::~cSC3WinMapView_Pollution(void)
0014d92c	_._22cSC3WinMapView_Traffic	cSC3WinMapView_Traffic::~cSC3WinMapView_Traffic(void)
0014d9b8	_._26cSC3WinMapView_WaterSupply	cSC3WinMapView_WaterSupply::~cSC3WinMapView_WaterSupply(void)
0014da44	__20cSC3WinMapsAndGraphs	cSC3WinMapsAndGraphs::cSC3WinMapsAndGraphs(void)
0014de64	_._20cSC3WinMapsAndGraphs	cSC3WinMapsAndGraphs::~cSC3WinMapsAndGraphs(void)
0014e0b0	CreateWin__20cSC3WinMapsAndGraphs	cSC3WinMapsAndGraphs::CreateWin(void)
0014e560	setupViews__20cSC3WinMapsAndGraphs	cSC3WinMapsAndGraphs::setupViews(void)
0014e768	setupView__20cSC3WinMapsAndGraphsP25cISC3WinMapsAndGraphsViewi	cSC3WinMapsAndGraphs::setupView(cISC3WinMapsAndGraphsView *, int)
0014e870	releaseViews__20cSC3WinMapsAndGraphs	cSC3WinMapsAndGraphs::releaseViews(void)
0014e8e4	AddPalette__20cSC3WinMapsAndGraphsUiP11cIGZPalette	cSC3WinMapsAndGraphs::AddPalette(unsigned int, cIGZPalette *)
0014e974	ReleaseAllPalettes__20cSC3WinMapsAndGraphs	cSC3WinMapsAndGraphs::ReleaseAllPalettes(void)
0014e9fc	AddMapSprite__20cSC3WinMapsAndGraphsP14cISC3MapSprite	cSC3WinMapsAndGraphs::AddMapSprite(cISC3MapSprite *)
0014ea90	ReleaseAllMapSprites__20cSC3WinMapsAndGraphs	cSC3WinMapsAndGraphs::ReleaseAllMapSprites(void)
0014eb14	setupSideBar__20cSC3WinMapsAndGraphs	cSC3WinMapsAndGraphs::setupSideBar(void)
0014ed08	SetCaption__20cSC3WinMapsAndGraphsRC10cIGZString	cSC3WinMapsAndGraphs::SetCaption(cIGZString const &)
0014efc0	ShowView__20cSC3WinMapsAndGraphsR25cISC3WinMapsAndGraphsView	cSC3WinMapsAndGraphs::ShowView(cISC3WinMapsAndGraphsView &)
0014f11c	DoWinMsg__20cSC3WinMapsAndGraphsP7cIGZWinUiUiUiUi	cSC3WinMapsAndGraphs::DoWinMsg(cIGZWin *, unsigned int, unsigned int, unsigned int, unsigned int)
0014f278	on_init__20cSC3WinMapsAndGraphsP7cIGZWin	cSC3WinMapsAndGraphs::on_init(cIGZWin *)
0014f47c	on_shutdown__20cSC3WinMapsAndGraphsP7cIGZWin	cSC3WinMapsAndGraphs::on_shutdown(cIGZWin *)
0014f6ac	__24cSC3WinMapsAndGraphsView	cSC3WinMapsAndGraphsView::cSC3WinMapsAndGraphsView(void)
0014f7bc	_._24cSC3WinMapsAndGraphsView	cSC3WinMapsAndGraphsView::~cSC3WinMapsAndGraphsView(void)
0014f898	CreateView__24cSC3WinMapsAndGraphsViewR21cISC3WinMapsAndGraphsR7cRZRectR8cRZPoint	cSC3WinMapsAndGraphsView::CreateView(cISC3WinMapsAndGraphs &, cRZRect &, cRZPoint &)
0014fac8	SetName__24cSC3WinMapsAndGraphsViewRC10cIGZString	cSC3WinMapsAndGraphsView::SetName(cIGZString const &)
0014fd94	SetName__24cSC3WinMapsAndGraphsViewUiUi	cSC3WinMapsAndGraphsView::SetName(unsigned int, unsigned int)
0014ff74	SetIconButton__24cSC3WinMapsAndGraphsViewR10cIGZBuffer	cSC3WinMapsAndGraphsView::SetIconButton(cIGZBuffer &)
00150054	DoMessage__20cSC3WinMapsAndGraphsR10cGZMessage	cSC3WinMapsAndGraphs::DoMessage(cGZMessage &)
00150060	EnumCityItems__24cSC3WinMapsAndGraphsViewP9cISC3Cityb	cSC3WinMapsAndGraphsView::EnumCityItems(cISC3City *, bool)
0015006c	RefreshData__24cSC3WinMapsAndGraphsViewP9cISC3City	cSC3WinMapsAndGraphsView::RefreshData(cISC3City *)
00150078	EnumLayer__24cSC3WinMapsAndGraphsViewR10cGZMessageP14cISC3CityLayer	cSC3WinMapsAndGraphsView::EnumLayer(cGZMessage &, cISC3CityLayer *)
00150084	DoMessage__24cSC3WinMapsAndGraphsViewR10cGZMessage	cSC3WinMapsAndGraphsView::DoMessage(cGZMessage &)
00150094	QueryInterface__20cSC3WinMapsAndGraphsUiPPv	cSC3WinMapsAndGraphs::QueryInterface(unsigned int, void **)
00150150	GetAssociatedIGZWin__C20cSC3WinMapsAndGraphs	cSC3WinMapsAndGraphs::GetAssociatedIGZWin(void) const
00150190	AddRef__20cSC3WinMapsAndGraphs	cSC3WinMapsAndGraphs::AddRef(void)
001501cc	Release__20cSC3WinMapsAndGraphs	cSC3WinMapsAndGraphs::Release(void)
0015022c	IsReady__20cSC3WinMapsAndGraphs	cSC3WinMapsAndGraphs::IsReady(void)
00150244	GetCurrentViewId__20cSC3WinMapsAndGraphs	cSC3WinMapsAndGraphs::GetCurrentViewId(void)
00150290	GetDefaultViewId__20cSC3WinMapsAndGraphs	cSC3WinMapsAndGraphs::GetDefaultViewId(void)
001502a0	SetDefaultViewId__20cSC3WinMapsAndGraphsRCUi	cSC3WinMapsAndGraphs::SetDefaultViewId(unsigned int const &)
001502b4	GetPalette__20cSC3WinMapsAndGraphsUi	cSC3WinMapsAndGraphs::GetPalette(unsigned int)
001502f0	GetPaletteCount__C20cSC3WinMapsAndGraphs	cSC3WinMapsAndGraphs::GetPaletteCount(void) const
00150314	GetPaletteByIndex__20cSC3WinMapsAndGraphsUi	cSC3WinMapsAndGraphs::GetPaletteByIndex(unsigned int)
00150360	GetMapSprite__20cSC3WinMapsAndGraphsUi	cSC3WinMapsAndGraphs::GetMapSprite(unsigned int)
001503b8	GetMapSpriteCount__C20cSC3WinMapsAndGraphs	cSC3WinMapsAndGraphs::GetMapSpriteCount(void) const
001503dc	GetMapSpriteByIndex__20cSC3WinMapsAndGraphsUi	cSC3WinMapsAndGraphs::GetMapSpriteByIndex(unsigned int)
00150430	releaseSideBar__20cSC3WinMapsAndGraphs	cSC3WinMapsAndGraphs::releaseSideBar(void)
0015046c	DoesMapViewExist__20cSC3WinMapsAndGraphs	cSC3WinMapsAndGraphs::DoesMapViewExist(void)
001504c0	SetFrameArea__20cSC3WinMapsAndGraphsRC7cRZRect	cSC3WinMapsAndGraphs::SetFrameArea(cRZRect const &)
0015054c	GetFrameArea__C20cSC3WinMapsAndGraphsR7cRZRect	cSC3WinMapsAndGraphs::GetFrameArea(cRZRect &) const
00150578	GetCaption__C20cSC3WinMapsAndGraphsR10cIGZString	cSC3WinMapsAndGraphs::GetCaption(cIGZString &) const
001505ac	ShowView__20cSC3WinMapsAndGraphsUi	cSC3WinMapsAndGraphs::ShowView(unsigned int)
00150610	GetView__20cSC3WinMapsAndGraphsRCUiUiPPv	cSC3WinMapsAndGraphs::GetView(unsigned int const &, unsigned int, void **)
00150674	GetView__20cSC3WinMapsAndGraphsRCUi	cSC3WinMapsAndGraphs::GetView(unsigned int const &)
001506e8	RefreshData__20cSC3WinMapsAndGraphsP9cISC3City	cSC3WinMapsAndGraphs::RefreshData(cISC3City *)
00150790	EnumCityItems__20cSC3WinMapsAndGraphsP9cISC3Cityb	cSC3WinMapsAndGraphs::EnumCityItems(cISC3City *, bool)
00150820	EnumLayer__20cSC3WinMapsAndGraphsR10cGZMessageP14cISC3CityLayer	cSC3WinMapsAndGraphs::EnumLayer(cGZMessage &, cISC3CityLayer *)
00150858	do_view_change__20cSC3WinMapsAndGraphs	cSC3WinMapsAndGraphs::do_view_change(void)
00150864	end_dialog__20cSC3WinMapsAndGraphsP7cIGZWinUi	cSC3WinMapsAndGraphs::end_dialog(cIGZWin *, unsigned int)
00150874	QueryInterface__24cSC3WinMapsAndGraphsViewUiPPv	cSC3WinMapsAndGraphsView::QueryInterface(unsigned int, void **)
00150930	AddRef__24cSC3WinMapsAndGraphsView	cSC3WinMapsAndGraphsView::AddRef(void)
0015096c	Release__24cSC3WinMapsAndGraphsView	cSC3WinMapsAndGraphsView::Release(void)
001509cc	GetMapsAndGraphsWindow__24cSC3WinMapsAndGraphsView	cSC3WinMapsAndGraphsView::GetMapsAndGraphsWindow(void)
001509dc	IsReady__24cSC3WinMapsAndGraphsView	cSC3WinMapsAndGraphsView::IsReady(void)
001509f0	GetViewId__24cSC3WinMapsAndGraphsView	cSC3WinMapsAndGraphsView::GetViewId(void)
00150a04	SetViewId__24cSC3WinMapsAndGraphsViewRCUi	cSC3WinMapsAndGraphsView::SetViewId(unsigned int const &)
00150a58	GetAssociatedIGZWin__C24cSC3WinMapsAndGraphsView	cSC3WinMapsAndGraphsView::GetAssociatedIGZWin(void) const
00150a8c	GetViewArea__24cSC3WinMapsAndGraphsViewR7cRZRect	cSC3WinMapsAndGraphsView::GetViewArea(cRZRect &)
00150ab8	SetViewArea__24cSC3WinMapsAndGraphsViewR7cRZRect	cSC3WinMapsAndGraphsView::SetViewArea(cRZRect &)
00150b18	GetName__C24cSC3WinMapsAndGraphsView	cSC3WinMapsAndGraphsView::GetName(void) const
00150b2c	GetIconButton__24cSC3WinMapsAndGraphsView	cSC3WinMapsAndGraphsView::GetIconButton(void)
00150b64	IsIconButtonReady__24cSC3WinMapsAndGraphsView	cSC3WinMapsAndGraphsView::IsIconButtonReady(void)
00150b7c	SetIconButton__24cSC3WinMapsAndGraphsViewUiUi	cSC3WinMapsAndGraphsView::SetIconButton(unsigned int, unsigned int)
00150c5c	GetIconButtonLocation__24cSC3WinMapsAndGraphsViewR8cRZPoint	cSC3WinMapsAndGraphsView::GetIconButtonLocation(cRZPoint &)
00150c7c	SetIconButtonLocation__24cSC3WinMapsAndGraphsViewR8cRZPoint	cSC3WinMapsAndGraphsView::SetIconButtonLocation(cRZPoint &)
00150cdc	IconButtonToggleOn__24cSC3WinMapsAndGraphsView	cSC3WinMapsAndGraphsView::IconButtonToggleOn(void)
00150d14	IconButtonToggleOff__24cSC3WinMapsAndGraphsView	cSC3WinMapsAndGraphsView::IconButtonToggleOff(void)
00150d4c	IsTearable__24cSC3WinMapsAndGraphsView	cSC3WinMapsAndGraphsView::IsTearable(void)
00150d58	IsStandAlone__24cSC3WinMapsAndGraphsView	cSC3WinMapsAndGraphsView::IsStandAlone(void)
00150d68	PerformTearOff__24cSC3WinMapsAndGraphsViewPP25cISC3WinMapsAndGraphsView	cSC3WinMapsAndGraphsView::PerformTearOff(cISC3WinMapsAndGraphsView **)
00150d78	DoWinMsg__24cSC3WinMapsAndGraphsViewP7cIGZWinUiUiUiUi	cSC3WinMapsAndGraphsView::DoWinMsg(cIGZWin *, unsigned int, unsigned int, unsigned int, unsigned int)
00150dcc	on_init__24cSC3WinMapsAndGraphsViewP7cIGZWin	cSC3WinMapsAndGraphsView::on_init(cIGZWin *)
00150ddc	on_shutdown__24cSC3WinMapsAndGraphsViewP7cIGZWin	cSC3WinMapsAndGraphsView::on_shutdown(cIGZWin *)
00150e50	end_dialog__24cSC3WinMapsAndGraphsViewP7cIGZWinUi	cSC3WinMapsAndGraphsView::end_dialog(cIGZWin *, unsigned int)
00150e64	__14cSC3WinMenuBtn	cSC3WinMenuBtn::cSC3WinMenuBtn(void)
00150f70	_._14cSC3WinMenuBtn	cSC3WinMenuBtn::~cSC3WinMenuBtn(void)
00151044	Init__14cSC3WinMenuBtn	cSC3WinMenuBtn::Init(void)
001512cc	HideSubMenu__14cSC3WinMenuBtn	cSC3WinMenuBtn::HideSubMenu(void)
001513cc	menu_btn_create_child_panel__14cSC3WinMenuBtn	cSC3WinMenuBtn::menu_btn_create_child_panel(void)
00151734	toggle_tip__14cSC3WinMenuBtnbT1	cSC3WinMenuBtn::toggle_tip(bool, bool)
00151890	Init__18cSC3WinMenuBtnMain	cSC3WinMenuBtnMain::Init(void)
00151b64	GZPaint__18cSC3WinMenuBtnMain	cSC3WinMenuBtnMain::GZPaint(void)
00151dbc	GZOnMouseDownL__18cSC3WinMenuBtnMainiiUi	cSC3WinMenuBtnMain::GZOnMouseDownL(int, int, unsigned int)
00151ee0	GZOnMouseUpL__18cSC3WinMenuBtnMainiiUi	cSC3WinMenuBtnMain::GZOnMouseUpL(int, int, unsigned int)
00152014	GZOnMouseMove__18cSC3WinMenuBtnMainiiUi	cSC3WinMenuBtnMain::GZOnMouseMove(int, int, unsigned int)
001521ac	Init__20cSC3WinMenuBtnLevel2	cSC3WinMenuBtnLevel2::Init(void)
001523bc	GZPaint__20cSC3WinMenuBtnLevel2	cSC3WinMenuBtnLevel2::GZPaint(void)
00152538	GZOnMouseUpL__20cSC3WinMenuBtnLevel2iiUi	cSC3WinMenuBtnLevel2::GZOnMouseUpL(int, int, unsigned int)
001527b8	GZOnMouseMove__20cSC3WinMenuBtnLevel2iiUi	cSC3WinMenuBtnLevel2::GZOnMouseMove(int, int, unsigned int)
001529b4	Init__20cSC3WinMenuBtnLevelX	cSC3WinMenuBtnLevelX::Init(void)
00152bd8	GZPaint__20cSC3WinMenuBtnLevelX	cSC3WinMenuBtnLevelX::GZPaint(void)
00152d80	GZOnMouseUpL__20cSC3WinMenuBtnLevelXiiUi	cSC3WinMenuBtnLevelX::GZOnMouseUpL(int, int, unsigned int)
00152fe4	GZOnMouseMove__20cSC3WinMenuBtnLevelXiiUi	cSC3WinMenuBtnLevelX::GZOnMouseMove(int, int, unsigned int)
001531b4	AutoSize__20cSC3WinMenuBtnLevelX	cSC3WinMenuBtnLevelX::AutoSize(void)
001532fc	__16cSC3WinMenuPanel	cSC3WinMenuPanel::cSC3WinMenuPanel(void)
001534a0	_._16cSC3WinMenuPanel	cSC3WinMenuPanel::~cSC3WinMenuPanel(void)
00153544	AddMenuItem__16cSC3WinMenuPanelUi	cSC3WinMenuPanel::AddMenuItem(unsigned int)
001539e0	AddMenuItems__16cSC3WinMenuPanelUi	cSC3WinMenuPanel::AddMenuItems(unsigned int)
00153aa0	ShowSubMenuOfBtn__16cSC3WinMenuPanelUi	cSC3WinMenuPanel::ShowSubMenuOfBtn(unsigned int)
00153b54	IsDescendent__16cSC3WinMenuPanelP7cIGZWin	cSC3WinMenuPanel::IsDescendent(cIGZWin *)
00153c14	HideSubMenus__16cSC3WinMenuPanelb	cSC3WinMenuPanel::HideSubMenus(bool)
00153cd8	HideCurrentSubMenu__16cSC3WinMenuPanel	cSC3WinMenuPanel::HideCurrentSubMenu(void)
00153d8c	__20cSC3WinMenuPanelMain	cSC3WinMenuPanelMain::cSC3WinMenuPanelMain(void)
00153e78	SetArea__20cSC3WinMenuPanelMainiiii	cSC3WinMenuPanelMain::SetArea(int, int, int, int)
00154124	Init__20cSC3WinMenuPanelMain	cSC3WinMenuPanelMain::Init(void)
001546e8	shutdown__20cSC3WinMenuPanelMain	cSC3WinMenuPanelMain::shutdown(void)
001547cc	GZPaint__20cSC3WinMenuPanelMain	cSC3WinMenuPanelMain::GZPaint(void)
00154a38	__22cSC3WinMenuPanelLevel2	cSC3WinMenuPanelLevel2::cSC3WinMenuPanelLevel2(void)
00154af0	AutoSize__22cSC3WinMenuPanelLevel2	cSC3WinMenuPanelLevel2::AutoSize(void)
00154bd8	AutoSize__22cSC3WinMenuPanelLevelX	cSC3WinMenuPanelLevelX::AutoSize(void)
00154dbc	SetFlag__14cSC3WinMenuBtnQ27cIGZWin8tWinFlagb	cSC3WinMenuBtn::SetFlag(cIGZWin::tWinFlag, bool)
00154e2c	Shutdown__14cSC3WinMenuBtn	cSC3WinMenuBtn::Shutdown(void)
00154ec4	shutdown__14cSC3WinMenuBtn	cSC3WinMenuBtn::shutdown(void)
00154ed4	GZOnCaptureChanged__14cSC3WinMenuBtnP7cIGZWin	cSC3WinMenuBtn::GZOnCaptureChanged(cIGZWin *)
00154f48	GZOnKeyDown__14cSC3WinMenuBtnUiUi	cSC3WinMenuBtn::GZOnKeyDown(unsigned int, unsigned int)
00154f94	GZOnKeyUp__14cSC3WinMenuBtnUiUi	cSC3WinMenuBtn::GZOnKeyUp(unsigned int, unsigned int)
00154fe0	DoMessage__14cSC3WinMenuBtnR10cGZMessage	cSC3WinMenuBtn::DoMessage(cGZMessage &)
0015507c	SetMenuBtnFlag__14cSC3WinMenuBtnib	cSC3WinMenuBtn::SetMenuBtnFlag(int, bool)
001550c4	GetMenuBtnFlag__14cSC3WinMenuBtni	cSC3WinMenuBtn::GetMenuBtnFlag(int)
001550e0	ShowSubMenu__14cSC3WinMenuBtn	cSC3WinMenuBtn::ShowSubMenu(void)
00155168	MenuBtnAddSubItem__14cSC3WinMenuBtnUi	cSC3WinMenuBtn::MenuBtnAddSubItem(unsigned int)
001551c4	SetRootMenu__14cSC3WinMenuBtnP16cSC3WinMenuPanel	cSC3WinMenuBtn::SetRootMenu(cSC3WinMenuPanel *)
001551dc	SetParentMenu__14cSC3WinMenuBtnP16cSC3WinMenuPanel	cSC3WinMenuBtn::SetParentMenu(cSC3WinMenuPanel *)
001551f4	GetParentMenu__C14cSC3WinMenuBtn	cSC3WinMenuBtn::GetParentMenu(void) const
00155204	GetChildMenu__C14cSC3WinMenuBtn	cSC3WinMenuBtn::GetChildMenu(void) const
00155218	SetCurrentMenuItem__14cSC3WinMenuBtnUi	cSC3WinMenuBtn::SetCurrentMenuItem(unsigned int)
001552bc	GetCurrentMenuItemID__14cSC3WinMenuBtn	cSC3WinMenuBtn::GetCurrentMenuItemID(void)
001552f8	menu_btn_create_child_items__14cSC3WinMenuBtnUi	cSC3WinMenuBtn::menu_btn_create_child_items(unsigned int)
00155388	activate__14cSC3WinMenuBtn	cSC3WinMenuBtn::activate(void)
00155468	__18cSC3WinMenuBtnMain	cSC3WinMenuBtnMain::cSC3WinMenuBtnMain(void)
001554d4	_._18cSC3WinMenuBtnMain	cSC3WinMenuBtnMain::~cSC3WinMenuBtnMain(void)
00155584	shutdown__18cSC3WinMenuBtnMain	cSC3WinMenuBtnMain::shutdown(void)
001555e0	ShowSubMenu__18cSC3WinMenuBtnMain	cSC3WinMenuBtnMain::ShowSubMenu(void)
001556b0	HideSubMenu__18cSC3WinMenuBtnMain	cSC3WinMenuBtnMain::HideSubMenu(void)
001556fc	AutoSize__18cSC3WinMenuBtnMain	cSC3WinMenuBtnMain::AutoSize(void)
00155708	SetMainPanel__18cSC3WinMenuBtnMainP20cSC3WinMenuPanelMain	cSC3WinMenuBtnMain::SetMainPanel(cSC3WinMenuPanelMain *)
00155724	get_menu_btn_info_main__18cSC3WinMenuBtnMainRQ218cSC3WinMenuBtnMain16tMenuBtnInfoMain	cSC3WinMenuBtnMain::get_menu_btn_info_main(cSC3WinMenuBtnMain::tMenuBtnInfoMain &)
00155de8	__20cSC3WinMenuBtnLevel2	cSC3WinMenuBtnLevel2::cSC3WinMenuBtnLevel2(void)
00155e80	_._20cSC3WinMenuBtnLevel2	cSC3WinMenuBtnLevel2::~cSC3WinMenuBtnLevel2(void)
00155f30	shutdown__20cSC3WinMenuBtnLevel2	cSC3WinMenuBtnLevel2::shutdown(void)
00155f74	GZOnMouseDownL__20cSC3WinMenuBtnLevel2iiUi	cSC3WinMenuBtnLevel2::GZOnMouseDownL(int, int, unsigned int)
00156064	AutoSize__20cSC3WinMenuBtnLevel2	cSC3WinMenuBtnLevel2::AutoSize(void)
00156074	get_menu_btn_level_2_info__20cSC3WinMenuBtnLevel2RQ220cSC3WinMenuBtnLevel218tMenuBtnInfoLevel2	cSC3WinMenuBtnLevel2::get_menu_btn_level_2_info(cSC3WinMenuBtnLevel2::tMenuBtnInfoLevel2 &)
00156de4	__20cSC3WinMenuBtnLevelX	cSC3WinMenuBtnLevelX::cSC3WinMenuBtnLevelX(void)
00156e88	_._20cSC3WinMenuBtnLevelX	cSC3WinMenuBtnLevelX::~cSC3WinMenuBtnLevelX(void)
00156f38	shutdown__20cSC3WinMenuBtnLevelX	cSC3WinMenuBtnLevelX::shutdown(void)
00156f9c	GZOnMouseDownL__20cSC3WinMenuBtnLevelXiiUi	cSC3WinMenuBtnLevelX::GZOnMouseDownL(int, int, unsigned int)
00156fac	SetMenuBtnFlag__20cSC3WinMenuBtnLevelXib	cSC3WinMenuBtnLevelX::SetMenuBtnFlag(int, bool)
00157088	QueryInterface__16cSC3WinMenuPanelUiPPv	cSC3WinMenuPanel::QueryInterface(unsigned int, void **)
001570e8	AddRef__16cSC3WinMenuPanel	cSC3WinMenuPanel::AddRef(void)
00157114	Release__16cSC3WinMenuPanel	cSC3WinMenuPanel::Release(void)
00157140	DoMessage__16cSC3WinMenuPanelR10cGZMessage	cSC3WinMenuPanel::DoMessage(cGZMessage &)
001571c8	SetFlag__16cSC3WinMenuPanelQ27cIGZWin8tWinFlagb	cSC3WinMenuPanel::SetFlag(cIGZWin::tWinFlag, bool)
0015724c	Init__16cSC3WinMenuPanel	cSC3WinMenuPanel::Init(void)
001572d8	Shutdown__16cSC3WinMenuPanel	cSC3WinMenuPanel::Shutdown(void)
00157384	shutdown__16cSC3WinMenuPanel	cSC3WinMenuPanel::shutdown(void)
00157390	AsIGZWin__16cSC3WinMenuPanel	cSC3WinMenuPanel::AsIGZWin(void)
001573a0	GZOnKeyDown__16cSC3WinMenuPanelUiUi	cSC3WinMenuPanel::GZOnKeyDown(unsigned int, unsigned int)
001573dc	GZOnKeyUp__16cSC3WinMenuPanelUiUi	cSC3WinMenuPanel::GZOnKeyUp(unsigned int, unsigned int)
00157418	OnDrop__16cSC3WinMenuPanelRC7cRZRect	cSC3WinMenuPanel::OnDrop(cRZRect const &)
00157490	AddSubItem__16cSC3WinMenuPanelUiUi	cSC3WinMenuPanel::AddSubItem(unsigned int, unsigned int)
0015750c	GetCurrentSubMenuBtnID__16cSC3WinMenuPanel	cSC3WinMenuPanel::GetCurrentSubMenuBtnID(void)
0015751c	SetMenuPanelFlag__16cSC3WinMenuPanelib	cSC3WinMenuPanel::SetMenuPanelFlag(int, bool)
00157544	GetMenuPanelFlag__16cSC3WinMenuPaneli	cSC3WinMenuPanel::GetMenuPanelFlag(int)
00157560	UpdateMenuItemCheckBoxes__16cSC3WinMenuPanelUi	cSC3WinMenuPanel::UpdateMenuItemCheckBoxes(unsigned int)
001575dc	SetCurrentSubMenuBtnID__16cSC3WinMenuPanelUi	cSC3WinMenuPanel::SetCurrentSubMenuBtnID(unsigned int)
001575f4	SetRootMenu__16cSC3WinMenuPanelP16cSC3WinMenuPanel	cSC3WinMenuPanel::SetRootMenu(cSC3WinMenuPanel *)
0015760c	SetParentMenuBtn__16cSC3WinMenuPanelP14cSC3WinMenuBtn	cSC3WinMenuPanel::SetParentMenuBtn(cSC3WinMenuBtn *)
00157624	GetParentMenuBtn__16cSC3WinMenuPanel	cSC3WinMenuPanel::GetParentMenuBtn(void)
00157634	GetHiliteColor__16cSC3WinMenuPanel	cSC3WinMenuPanel::GetHiliteColor(void)
00157640	SetHiliteColor__16cSC3WinMenuPanelUi	cSC3WinMenuPanel::SetHiliteColor(unsigned int)
00157650	GetMenuMgr__20cSC3WinMenuPanelMain	cSC3WinMenuPanelMain::GetMenuMgr(void)
00157670	CreateNewObject__20cSC3WinMenuPanelMain	cSC3WinMenuPanelMain::CreateNewObject(void)
001576e4	_._20cSC3WinMenuPanelMain	cSC3WinMenuPanelMain::~cSC3WinMenuPanelMain(void)
001577b8	AddMenuItems__20cSC3WinMenuPanelMainUi	cSC3WinMenuPanelMain::AddMenuItems(unsigned int)
00157820	AutoSize__20cSC3WinMenuPanelMain	cSC3WinMenuPanelMain::AutoSize(void)
00157898	SetActiveMenu__20cSC3WinMenuPanelMainiP10cIGZBufferii	cSC3WinMenuPanelMain::SetActiveMenu(int, cIGZBuffer *, int, int)
00157934	_._22cSC3WinMenuPanelLevel2	cSC3WinMenuPanelLevel2::~cSC3WinMenuPanelLevel2(void)
00157a08	OnDrop__22cSC3WinMenuPanelLevel2RC7cRZRect	cSC3WinMenuPanelLevel2::OnDrop(cRZRect const &)
00157aa0	__22cSC3WinMenuPanelLevelX	cSC3WinMenuPanelLevelX::cSC3WinMenuPanelLevelX(void)
00157af8	_._22cSC3WinMenuPanelLevelX	cSC3WinMenuPanelLevelX::~cSC3WinMenuPanelLevelX(void)
00157bcc	Init__22cSC3WinMenuPanelLevelX	cSC3WinMenuPanelLevelX::Init(void)
00157c6c	GZPaint__22cSC3WinMenuPanelLevelX	cSC3WinMenuPanelLevelX::GZPaint(void)
00157cc8	GZOnMouseDownL__22cSC3WinMenuPanelLevelXiiUi	cSC3WinMenuPanelLevelX::GZOnMouseDownL(int, int, unsigned int)
00157cd8	GZOnMouseUpL__22cSC3WinMenuPanelLevelXiiUi	cSC3WinMenuPanelLevelX::GZOnMouseUpL(int, int, unsigned int)
00157d24	GZOnMouseMove__22cSC3WinMenuPanelLevelXiiUi	cSC3WinMenuPanelLevelX::GZOnMouseMove(int, int, unsigned int)
00157db0	GetHiliteColor__22cSC3WinMenuPanelLevelX	cSC3WinMenuPanelLevelX::GetHiliteColor(void)
00157dc0	SetHiliteColor__22cSC3WinMenuPanelLevelXUi	cSC3WinMenuPanelLevelX::SetHiliteColor(unsigned int)
00157ddc	OnDrop__22cSC3WinMenuPanelLevelXRC7cRZRect	cSC3WinMenuPanelLevelX::OnDrop(cRZRect const &)
00157e94	__16cSC3WinMinMaxBtn	cSC3WinMinMaxBtn::cSC3WinMinMaxBtn(void)
001580d0	_._16cSC3WinMinMaxBtn	cSC3WinMinMaxBtn::~cSC3WinMinMaxBtn(void)
0015822c	Init__16cSC3WinMinMaxBtn	cSC3WinMinMaxBtn::Init(void)
00158a3c	GZOnMouseMove__16cSC3WinMinMaxBtniiUi	cSC3WinMinMaxBtn::GZOnMouseMove(int, int, unsigned int)
00158bb4	CreateNewObject__16cSC3WinMinMaxBtn	cSC3WinMinMaxBtn::CreateNewObject(void)
00158c34	QueryInterface__16cSC3WinMinMaxBtnUiPPv	cSC3WinMinMaxBtn::QueryInterface(unsigned int, void **)
00158c90	AddRef__16cSC3WinMinMaxBtn	cSC3WinMinMaxBtn::AddRef(void)
00158cbc	Release__16cSC3WinMinMaxBtn	cSC3WinMinMaxBtn::Release(void)
00158ce8	SetFlag__16cSC3WinMinMaxBtnQ27cIGZWin8tWinFlagb	cSC3WinMinMaxBtn::SetFlag(cIGZWin::tWinFlag, bool)
00158d34	SetArea__16cSC3WinMinMaxBtniiii	cSC3WinMinMaxBtn::SetArea(int, int, int, int)
00158d7c	IsPointInWindowWindowCoordinates__C16cSC3WinMinMaxBtnii	cSC3WinMinMaxBtn::IsPointInWindowWindowCoordinates(int, int) const
00158e5c	IsPointInWindowScreenCoordinates__C16cSC3WinMinMaxBtnii	cSC3WinMinMaxBtn::IsPointInWindowScreenCoordinates(int, int) const
00158eac	Shutdown__16cSC3WinMinMaxBtn	cSC3WinMinMaxBtn::Shutdown(void)
00158f40	GZPaint__16cSC3WinMinMaxBtn	cSC3WinMinMaxBtn::GZPaint(void)
00158ff0	GZOnKeyDown__16cSC3WinMinMaxBtnUiUi	cSC3WinMinMaxBtn::GZOnKeyDown(unsigned int, unsigned int)
0015902c	GZOnKeyUp__16cSC3WinMinMaxBtnUiUi	cSC3WinMinMaxBtn::GZOnKeyUp(unsigned int, unsigned int)
00159068	GZOnMouseDownL__16cSC3WinMinMaxBtniiUi	cSC3WinMinMaxBtn::GZOnMouseDownL(int, int, unsigned int)
001590cc	GZOnMouseUpL__16cSC3WinMinMaxBtniiUi	cSC3WinMinMaxBtn::GZOnMouseUpL(int, int, unsigned int)
00159190	GZOnCaptureChanged__16cSC3WinMinMaxBtnP7cIGZWin	cSC3WinMinMaxBtn::GZOnCaptureChanged(cIGZWin *)
001591ec	AsIGZWin__16cSC3WinMinMaxBtn	cSC3WinMinMaxBtn::AsIGZWin(void)
001591f8	SetMinMaxMode__16cSC3WinMinMaxBtnQ217cISC3WinMinMaxBtn11tMinMaxMode	cSC3WinMinMaxBtn::SetMinMaxMode(cISC3WinMinMaxBtn::tMinMaxMode)
00159238	GetMinMaxMode__16cSC3WinMinMaxBtn	cSC3WinMinMaxBtn::GetMinMaxMode(void)
00159248	set_image_index__16cSC3WinMinMaxBtnQ216cSC3WinMinMaxBtn9tImageIdx	cSC3WinMinMaxBtn::set_image_index(cSC3WinMinMaxBtn::tImageIdx)
001592a0	requery_image__16cSC3WinMinMaxBtn	cSC3WinMinMaxBtn::requery_image(void)
0015939c	set_mouse_down__16cSC3WinMinMaxBtnb	cSC3WinMinMaxBtn::set_mouse_down(bool)
001594ac	set_mouse_within__16cSC3WinMinMaxBtnb	cSC3WinMinMaxBtn::set_mouse_within(bool)
001595bc	hide_tip__16cSC3WinMinMaxBtn	cSC3WinMinMaxBtn::hide_tip(void)
00159614	__10cSC3WinNav	cSC3WinNav::cSC3WinNav(void)
00159780	Init__10cSC3WinNav	cSC3WinNav::Init(void)
0015a8a4	Shutdown__10cSC3WinNav	cSC3WinNav::Shutdown(void)
0015aa08	GZPaint__10cSC3WinNav	cSC3WinNav::GZPaint(void)
0015ab20	DoMessage__10cSC3WinNavR10cGZMessage	cSC3WinNav::DoMessage(cGZMessage &)
0015ad6c	GZOnCommand__10cSC3WinNavUiUi	cSC3WinNav::GZOnCommand(unsigned int, unsigned int)
0015b170	UpdateClock__10cSC3WinNav	cSC3WinNav::UpdateClock(void)
0015b590	__27cSC3NavCurrentViewMapSpriteUiUi	cSC3NavCurrentViewMapSprite::cSC3NavCurrentViewMapSprite(unsigned int, unsigned int)
0015b660	Draw__27cSC3NavCurrentViewMapSpriteP10cIGZBufferRC7cRZRectP7cRZRect	cSC3NavCurrentViewMapSprite::Draw(cIGZBuffer *, cRZRect const &, cRZRect *)
0015b730	DrawBox__27cSC3NavCurrentViewMapSpriteP10cIGZBufferRC7cRZRectP8cRZPointUiUii	cSC3NavCurrentViewMapSprite::DrawBox(cIGZBuffer *, cRZRect const &, cRZPoint *, unsigned int, unsigned int, int)
0015b82c	CreateNewObject__10cSC3WinNav	cSC3WinNav::CreateNewObject(void)
0015b8b4	_._10cSC3WinNav	cSC3WinNav::~cSC3WinNav(void)
0015b90c	QueryInterface__10cSC3WinNavUiPPv	cSC3WinNav::QueryInterface(unsigned int, void **)
0015b968	AddRef__10cSC3WinNav	cSC3WinNav::AddRef(void)
0015b994	Release__10cSC3WinNav	cSC3WinNav::Release(void)
0015b9c0	SetArea__10cSC3WinNaviiii	cSC3WinNav::SetArea(int, int, int, int)
0015bab4	IsPointInWindowWindowCoordinates__C10cSC3WinNavii	cSC3WinNav::IsPointInWindowWindowCoordinates(int, int) const
0015bae8	IsPointInWindowScreenCoordinates__C10cSC3WinNavii	cSC3WinNav::IsPointInWindowScreenCoordinates(int, int) const
0015bb38	GZOnKeyDown__10cSC3WinNavUiUi	cSC3WinNav::GZOnKeyDown(unsigned int, unsigned int)
0015bb74	GZOnKeyUp__10cSC3WinNavUiUi	cSC3WinNav::GZOnKeyUp(unsigned int, unsigned int)
0015bbb0	GZOnMouseDownL__10cSC3WinNaviiUi	cSC3WinNav::GZOnMouseDownL(int, int, unsigned int)
0015bbfc	AsIGZWin__10cSC3WinNav	cSC3WinNav::AsIGZWin(void)
0015bc08	rot_to_inst__10cSC3WinNavii	cSC3WinNav::rot_to_inst(int, int)
0015bc50	get_buffer__10cSC3WinNavii	cSC3WinNav::get_buffer(int, int)
0015bec0	update_background_buffers__10cSC3WinNavi	cSC3WinNav::update_background_buffers(int)
0015c394	on_rotation_changed__10cSC3WinNavi	cSC3WinNav::on_rotation_changed(int)
0015c584	create_palette__10cSC3WinNavP10cIGZBufferUiUiPP11cIGZPalette	cSC3WinNav::create_palette(cIGZBuffer *, unsigned int, unsigned int, cIGZPalette **)
0015c718	create_mini_map__10cSC3WinNav	cSC3WinNav::create_mini_map(void)
0015cda0	destroy_mini_map__10cSC3WinNav	cSC3WinNav::destroy_mini_map(void)
0015cdf0	EnableClock__10cSC3WinNavb	cSC3WinNav::EnableClock(bool)
0015ce60	ClockTimerCallback__10cSC3WinNavUi	cSC3WinNav::ClockTimerCallback(unsigned int)
0015cea4	Execute__18cSC3CmdWinNeighbor	cSC3CmdWinNeighbor::Execute(void)
0015d070	__15cSC3WinNeighbor	cSC3WinNeighbor::cSC3WinNeighbor(void)
0015d370	SetupWindow__15cSC3WinNeighbor	cSC3WinNeighbor::SetupWindow(void)
0015d924	setup_solid_background_thingy__15cSC3WinNeighbor	cSC3WinNeighbor::setup_solid_background_thingy(void)
0015dbc0	setup_compass_window__15cSC3WinNeighbor	cSC3WinNeighbor::setup_compass_window(void)
0015edc4	setup_nameEdit_window__15cSC3WinNeighbor	cSC3WinNeighbor::setup_nameEdit_window(void)
0015f470	setup_nationalPopulation_window__15cSC3WinNeighbor	cSC3WinNeighbor::setup_nationalPopulation_window(void)
0015fbf8	setup_deal_windows__15cSC3WinNeighbor	cSC3WinNeighbor::setup_deal_windows(void)
00160968	setup_mapControl_window__15cSC3WinNeighbor	cSC3WinNeighbor::setup_mapControl_window(void)
00160fc8	setup_mapCityAndNeighborText_windows__15cSC3WinNeighbor	cSC3WinNeighbor::setup_mapCityAndNeighborText_windows(void)
00161370	setup_meetNeighbor_window__15cSC3WinNeighbor	cSC3WinNeighbor::setup_meetNeighbor_window(void)
00161c88	update_city_or_neighbor_text__15cSC3WinNeighborUiR10cIGZStringi	cSC3WinNeighbor::update_city_or_neighbor_text(unsigned int, cIGZString &, int)
001628d4	update_deal_icons__15cSC3WinNeighborUi	cSC3WinNeighbor::update_deal_icons(unsigned int)
00162b70	setup_deal_icons_and_icon_windows__15cSC3WinNeighbor	cSC3WinNeighbor::setup_deal_icons_and_icon_windows(void)
00162e8c	SetDealIcon__15cSC3WinNeighborUiP10cIGZBuffer	cSC3WinNeighbor::SetDealIcon(unsigned int, cIGZBuffer *)
00162f40	SetNeighbor__15cSC3WinNeighborUiRC10cIGZStringUib	cSC3WinNeighbor::SetNeighbor(unsigned int, cIGZString const &, unsigned int, bool)
00163350	AddNeighborDeal__15cSC3WinNeighborUiUcUiR10cIGZStringN24	cSC3WinNeighbor::AddNeighborDeal(unsigned int, unsigned char, unsigned int, cIGZString &, cIGZString &, cIGZString &)
00163c74	RemoveNeighborDeal__15cSC3WinNeighborUiUc	cSC3WinNeighbor::RemoveNeighborDeal(unsigned int, unsigned char)
00163d48	DoWinMsg__15cSC3WinNeighborP7cIGZWinUiUiUiUi	cSC3WinNeighbor::DoWinMsg(cIGZWin *, unsigned int, unsigned int, unsigned int, unsigned int)
00164214	on_shutdown__15cSC3WinNeighborP7cIGZWin	cSC3WinNeighbor::on_shutdown(cIGZWin *)
00164520	do_neighbor_select__15cSC3WinNeighborP7cIGZWinUi	cSC3WinNeighbor::do_neighbor_select(cIGZWin *, unsigned int)
00164700	create_neighbor_border__15cSC3WinNeighborUi	cSC3WinNeighbor::create_neighbor_border(unsigned int)
00164a14	create_neighbor_selection__15cSC3WinNeighborUi	cSC3WinNeighbor::create_neighbor_selection(unsigned int)
00164d34	do_meet_neighbor_select__15cSC3WinNeighborP7cIGZWin	cSC3WinNeighbor::do_meet_neighbor_select(cIGZWin *)
00164ea8	create_deal_window__Q215cSC3WinNeighbor9_neighbor	cSC3WinNeighbor::_neighbor::create_deal_window(void)
00165840	setup_names_and_pops__15cSC3WinNeighbor	cSC3WinNeighbor::setup_names_and_pops(void)
00165d44	setup_coast_neighbor_arrows__15cSC3WinNeighbor	cSC3WinNeighbor::setup_coast_neighbor_arrows(void)
0016620c	__18cSC3CmdWinNeighbor	cSC3CmdWinNeighbor::cSC3CmdWinNeighbor(void)
0016624c	_._18cSC3CmdWinNeighbor	cSC3CmdWinNeighbor::~cSC3CmdWinNeighbor(void)
0016628c	_._15cSC3WinNeighbor	cSC3WinNeighbor::~cSC3WinNeighbor(void)
00166300	QueryInterface__15cSC3WinNeighborUiPPv	cSC3WinNeighbor::QueryInterface(unsigned int, void **)
00166384	AddRef__15cSC3WinNeighbor	cSC3WinNeighbor::AddRef(void)
001663c0	Release__15cSC3WinNeighbor	cSC3WinNeighbor::Release(void)
00166420	GetAssociatedIGZWin__C15cSC3WinNeighbor	cSC3WinNeighbor::GetAssociatedIGZWin(void) const
00166450	update_all_deal_icons__15cSC3WinNeighbor	cSC3WinNeighbor::update_all_deal_icons(void)
00166494	GetNeighborCount__C15cSC3WinNeighbor	cSC3WinNeighbor::GetNeighborCount(void) const
001664a4	SetSelectedNeighborId__15cSC3WinNeighborUi	cSC3WinNeighbor::SetSelectedNeighborId(unsigned int)
001664b8	GetSelectedNeighborId__15cSC3WinNeighbor	cSC3WinNeighbor::GetSelectedNeighborId(void)
001664cc	GetDealIcon__15cSC3WinNeighborUi	cSC3WinNeighbor::GetDealIcon(unsigned int)
00166518	GetNeighbor__15cSC3WinNeighborUiR10cIGZStringRUib	cSC3WinNeighbor::GetNeighbor(unsigned int, cIGZString &, unsigned int &, bool)
00166594	AddNeighborDeal__15cSC3WinNeighborUiUcR10cIGZStringN23	cSC3WinNeighbor::AddNeighborDeal(unsigned int, unsigned char, cIGZString &, cIGZString &, cIGZString &)
001665dc	EnumCityItems__15cSC3WinNeighborP9cISC3Cityb	cSC3WinNeighbor::EnumCityItems(cISC3City *, bool)
0016666c	RefreshData__15cSC3WinNeighborP9cISC3City	cSC3WinNeighbor::RefreshData(cISC3City *)
0016667c	EnumLayer__15cSC3WinNeighborR10cGZMessageP14cISC3CityLayer	cSC3WinNeighbor::EnumLayer(cGZMessage &, cISC3CityLayer *)
001666b8	on_init__15cSC3WinNeighborP7cIGZWin	cSC3WinNeighbor::on_init(cIGZWin *)
001666ec	do_mapcontrol_event__15cSC3WinNeighborP7cIGZWinUiUiUi	cSC3WinNeighbor::do_mapcontrol_event(cIGZWin *, unsigned int, unsigned int, unsigned int)
001667f0	do_translate_mapControl_coord__15cSC3WinNeighborss	cSC3WinNeighbor::do_translate_mapControl_coord(short, short)
00166860	end_dialog__15cSC3WinNeighborP7cIGZWinUi	cSC3WinNeighbor::end_dialog(cIGZWin *, unsigned int)
0016689c	update_name_edit_control__15cSC3WinNeighborP7cIGZWinRQ215cSC3WinNeighbor9_neighbor	cSC3WinNeighbor::update_name_edit_control(cIGZWin *, cSC3WinNeighbor::_neighbor &)
00166948	select_neighbor__15cSC3WinNeighborP7cIGZWinUi	cSC3WinNeighbor::select_neighbor(cIGZWin *, unsigned int)
00166a28	do_neighbor_name_change__15cSC3WinNeighborP7cIGZWin	cSC3WinNeighbor::do_neighbor_name_change(cIGZWin *)
00166a34	do_select_deal__15cSC3WinNeighborP7cIGZWin	cSC3WinNeighbor::do_select_deal(cIGZWin *)
00166a44	get_national_population__15cSC3WinNeighbor	cSC3WinNeighbor::get_national_population(void)
00166ac4	__28cSC3OptionsPreferencesWindowQ228cSC3OptionsPreferencesWindow14eDialogSubtype	cSC3OptionsPreferencesWindow::cSC3OptionsPreferencesWindow(cSC3OptionsPreferencesWindow::eDialogSubtype)
00166f00	_._28cSC3OptionsPreferencesWindow	cSC3OptionsPreferencesWindow::~cSC3OptionsPreferencesWindow(void)
00167088	CreateOptionsPreferencesWindow__28cSC3OptionsPreferencesWindowRP7cIGZWin	cSC3OptionsPreferencesWindow::CreateOptionsPreferencesWindow(cIGZWin *&)
001671d0	DoWinMsg__28cSC3OptionsPreferencesWindowP7cIGZWinUiUiUiUi	cSC3OptionsPreferencesWindow::DoWinMsg(cIGZWin *, unsigned int, unsigned int, unsigned int, unsigned int)
00167908	end_dialog__28cSC3OptionsPreferencesWindowP7cIGZWinUi	cSC3OptionsPreferencesWindow::end_dialog(cIGZWin *, unsigned int)
00167c1c	on_init__28cSC3OptionsPreferencesWindowP7cIGZWin	cSC3OptionsPreferencesWindow::on_init(cIGZWin *)
0016c0fc	add_text__28cSC3OptionsPreferencesWindowP7cIGZWinUiUiUiRC10cIGZStringUi	cSC3OptionsPreferencesWindow::add_text(cIGZWin *, unsigned int, unsigned int, unsigned int, cIGZString const &, unsigned int)
0016c284	add_image_button__28cSC3OptionsPreferencesWindowP7cIGZWinUiUiUiUic	cSC3OptionsPreferencesWindow::add_image_button(cIGZWin *, unsigned int, unsigned int, unsigned int, unsigned int, char)
0016c564	add_screen_resolution_combo_box__28cSC3OptionsPreferencesWindowP7cIGZWinP8cIGZFont	cSC3OptionsPreferencesWindow::add_screen_resolution_combo_box(cIGZWin *, cIGZFont *)
0016d83c	add_outline__28cSC3OptionsPreferencesWindowP7cIGZWinUiUiUiUiUiUib	cSC3OptionsPreferencesWindow::add_outline(cIGZWin *, unsigned int, unsigned int, unsigned int, unsigned int, unsigned int, unsigned int, bool)
0016d9c4	add_checkbox_with_width__28cSC3OptionsPreferencesWindowP7cIGZWinUiUiUiUibRC10cIGZString	cSC3OptionsPreferencesWindow::add_checkbox_with_width(cIGZWin *, unsigned int, unsigned int, unsigned int, unsigned int, bool, cIGZString const &)
0016dbac	on_button_activated__28cSC3OptionsPreferencesWindowP7cIGZWinUi	cSC3OptionsPreferencesWindow::on_button_activated(cIGZWin *, unsigned int)
0016e538	save_window_settings_to_prefs__28cSC3OptionsPreferencesWindowP7cIGZWin	cSC3OptionsPreferencesWindow::save_window_settings_to_prefs(cIGZWin *)
0016eaf0	init_music_list__28cSC3OptionsPreferencesWindowP7cIGZWin	cSC3OptionsPreferencesWindow::init_music_list(cIGZWin *)
0016efc4	scroll_music_list__28cSC3OptionsPreferencesWindowP7cIGZWinUi	cSC3OptionsPreferencesWindow::scroll_music_list(cIGZWin *, unsigned int)
0016f684	select_music_title__28cSC3OptionsPreferencesWindowP7cIGZWinUib	cSC3OptionsPreferencesWindow::select_music_title(cIGZWin *, unsigned int, bool)
0016f7fc	gray_out_music__28cSC3OptionsPreferencesWindowP7cIGZWinb	cSC3OptionsPreferencesWindow::gray_out_music(cIGZWin *, bool)
0016fa28	create_optgrp__28cSC3OptionsPreferencesWindowUiRC7cRZRectPP13cIGZWinOptGrp	cSC3OptionsPreferencesWindow::create_optgrp(unsigned int, cRZRect const &, cIGZWinOptGrp **)
0016fd54	QueryInterface__28cSC3OptionsPreferencesWindowUiPPv	cSC3OptionsPreferencesWindow::QueryInterface(unsigned int, void **)
0016fdb0	AddRef__28cSC3OptionsPreferencesWindow	cSC3OptionsPreferencesWindow::AddRef(void)
0016fdec	Release__28cSC3OptionsPreferencesWindow	cSC3OptionsPreferencesWindow::Release(void)
0016fe5c	create_text_button__28cSC3OptionsPreferencesWindowUiRC10cIGZStringPP10cIGZWinBtn	cSC3OptionsPreferencesWindow::create_text_button(unsigned int, cIGZString const &, cIGZWinBtn **)
0016ff60	add_horiz_slider__28cSC3OptionsPreferencesWindowP7cIGZWinUiUiUiUiUiUiUiR10cIGZString	cSC3OptionsPreferencesWindow::add_horiz_slider(cIGZWin *, unsigned int, unsigned int, unsigned int, unsigned int, unsigned int, unsigned int, unsigned int, cIGZString &)
0017006c	on_shutdown__28cSC3OptionsPreferencesWindowP7cIGZWin	cSC3OptionsPreferencesWindow::on_shutdown(cIGZWin *)
00170078	on_get_min_max_info__28cSC3OptionsPreferencesWindowP7cIGZWinP7cRZRect	cSC3OptionsPreferencesWindow::on_get_min_max_info(cIGZWin *, cRZRect *)
00170088	enableButton__28cSC3OptionsPreferencesWindowP7cIGZWinUib	cSC3OptionsPreferencesWindow::enableButton(cIGZWin *, unsigned int, bool)
001700d8	IsResolutionPresent__28cSC3OptionsPreferencesWindowRt4list2Z17cGZDisplayMetricsZt9allocator1Z17cGZDisplayMetricsUiUi	cSC3OptionsPreferencesWindow::IsResolutionPresent(list<cGZDisplayMetrics, allocator<cGZDisplayMetrics> > &, unsigned int, unsigned int)
0017012c	is_restart_necessary__28cSC3OptionsPreferencesWindowP7cIGZWin	cSC3OptionsPreferencesWindow::is_restart_necessary(cIGZWin *)
00170144	__19cSC3WinPeekBuilding	cSC3WinPeekBuilding::cSC3WinPeekBuilding(void)
001702f0	fix_spr_buff__C19cSC3WinPeekBuildingP10cIGZBufferP21cISC3CitySpriteAttrib	cSC3WinPeekBuilding::fix_spr_buff(cIGZBuffer *, cISC3CitySpriteAttrib *) const
001705ac	GZPaint__19cSC3WinPeekBuilding	cSC3WinPeekBuilding::GZPaint(void)
0017086c	Init__19cSC3WinPeekBuilding	cSC3WinPeekBuilding::Init(void)
00170a74	AddRef__19cSC3WinPeekBuilding	cSC3WinPeekBuilding::AddRef(void)
00170a9c	AsIGZWin__19cSC3WinPeekBuilding	cSC3WinPeekBuilding::AsIGZWin(void)
00170aac	_._19cSC3WinPeekBuilding	cSC3WinPeekBuilding::~cSC3WinPeekBuilding(void)
00170b9c	DoMessage__19cSC3WinPeekBuildingR10cGZMessage	cSC3WinPeekBuilding::DoMessage(cGZMessage &)
00170c10	GZOnCaptureChanged__19cSC3WinPeekBuildingP7cIGZWin	cSC3WinPeekBuilding::GZOnCaptureChanged(cIGZWin *)
00170cc4	GZOnMouseDownL__19cSC3WinPeekBuildingiiUi	cSC3WinPeekBuilding::GZOnMouseDownL(int, int, unsigned int)
00170d5c	GZOnMouseUpL__19cSC3WinPeekBuildingiiUi	cSC3WinPeekBuilding::GZOnMouseUpL(int, int, unsigned int)
00170d88	MarkVisibility__19cSC3WinPeekBuildingb	cSC3WinPeekBuilding::MarkVisibility(bool)
00170df8	PrepareOriginalBuffer__19cSC3WinPeekBuilding	cSC3WinPeekBuilding::PrepareOriginalBuffer(void)
00170e74	PrepareOverRideBuffer__19cSC3WinPeekBuilding	cSC3WinPeekBuilding::PrepareOverRideBuffer(void)
00170ef0	QueryInterface__19cSC3WinPeekBuildingUiPPv	cSC3WinPeekBuilding::QueryInterface(unsigned int, void **)
00170f50	Release__19cSC3WinPeekBuilding	cSC3WinPeekBuilding::Release(void)
00170f7c	requery_peek_state__19cSC3WinPeekBuilding	cSC3WinPeekBuilding::requery_peek_state(void)
00170fdc	SetOccAttrib__19cSC3WinPeekBuildingP19cISC3OccupantAttrib	cSC3WinPeekBuilding::SetOccAttrib(cISC3OccupantAttrib *)
001710b8	SetOriginalFillColor__19cSC3WinPeekBuildingUi	cSC3WinPeekBuilding::SetOriginalFillColor(unsigned int)
001710f4	SetOverRideFillColor__19cSC3WinPeekBuildingUi	cSC3WinPeekBuilding::SetOverRideFillColor(unsigned int)
00171130	SetOverRide__19cSC3WinPeekBuildingP22cISC3OccAttribOverRide	cSC3WinPeekBuilding::SetOverRide(cISC3OccAttribOverRide *)
00171208	set_peek_state__19cSC3WinPeekBuildingQ219cSC3WinPeekBuilding10tPeekState	cSC3WinPeekBuilding::set_peek_state(cSC3WinPeekBuilding::tPeekState)
00171254	SetTransparentColor__19cSC3WinPeekBuildingUi	cSC3WinPeekBuilding::SetTransparentColor(unsigned int)
001712c4	DoWinMsg__11cSC3WinProcP7cIGZWinUiUiUiUi	cSC3WinProc::DoWinMsg(cIGZWin *, unsigned int, unsigned int, unsigned int, unsigned int)
00171444	add_ctrl__C11cSC3WinProcP7cIGZWinUiUi	cSC3WinProc::add_ctrl(cIGZWin *, unsigned int, unsigned int) const
00171660	get_font__C11cSC3WinProcUiPP8cIGZFont	cSC3WinProc::get_font(unsigned int, cIGZFont **) const
00171890	set_ctrl_caption__11cSC3WinProcP7cIGZWinUiP10cIGZString	cSC3WinProc::set_ctrl_caption(cIGZWin *, unsigned int, cIGZString *)
00171aa4	run_cmd__C11cSC3WinProcUiRb	cSC3WinProc::run_cmd(unsigned int, bool &) const
00171d10	__11cSC3WinProc	cSC3WinProc::cSC3WinProc(void)
00171d4c	_._11cSC3WinProc	cSC3WinProc::~cSC3WinProc(void)
00171d84	QueryInterface__11cSC3WinProcUiPPv	cSC3WinProc::QueryInterface(unsigned int, void **)
00171df0	AddRef__11cSC3WinProc	cSC3WinProc::AddRef(void)
00171e30	Release__11cSC3WinProc	cSC3WinProc::Release(void)
00171e8c	add_ctrl_as__C11cSC3WinProcP7cIGZWinUiUiPPv	cSC3WinProc::add_ctrl_as(cIGZWin *, unsigned int, unsigned int, void **) const
00171f38	add_ctrl__C11cSC3WinProcP7cIGZWinUiPP7cIGZWin	cSC3WinProc::add_ctrl(cIGZWin *, unsigned int, cIGZWin **) const
00171fe4	wintowingen__11cSC3WinProcP7cIGZWinPP10cIGZWinGen	cSC3WinProc::wintowingen(cIGZWin *, cIGZWinGen **)
00172020	enable_ctrl__11cSC3WinProcP7cIGZWinUib	cSC3WinProc::enable_ctrl(cIGZWin *, unsigned int, bool)
00172084	on_message__11cSC3WinProcP7cIGZWinUiUiUiUi	cSC3WinProc::on_message(cIGZWin *, unsigned int, unsigned int, unsigned int, unsigned int)
00172090	on_init__11cSC3WinProcP7cIGZWin	cSC3WinProc::on_init(cIGZWin *)
0017209c	on_shutdown__11cSC3WinProcP7cIGZWin	cSC3WinProc::on_shutdown(cIGZWin *)
001720a8	on_key_down__11cSC3WinProcP7cIGZWinUiUi	cSC3WinProc::on_key_down(cIGZWin *, unsigned int, unsigned int)
001720b4	on_get_min_max__11cSC3WinProcP7cIGZWinR7cRZRectRC7cRZRect	cSC3WinProc::on_get_min_max(cIGZWin *, cRZRect &, cRZRect const &)
001720c0	on_area_changed__11cSC3WinProcP7cIGZWinRC7cRZRect	cSC3WinProc::on_area_changed(cIGZWin *, cRZRect const &)
001720cc	on_command__11cSC3WinProcP7cIGZWinUiUiUi	cSC3WinProc::on_command(cIGZWin *, unsigned int, unsigned int, unsigned int)
001720e4	AddCheckBox__21cSC3WinProcCitySchemeP7cIGZWinUiUiUibRC10cIGZString	cSC3WinProcCityScheme::AddCheckBox(cIGZWin *, unsigned int, unsigned int, unsigned int, bool, cIGZString const &)
0017225c	AddOptionButtons__21cSC3WinProcCitySchemeRt6vector2Z14cGZResourceKeyZt9allocator1Z14cGZResourceKeyUiiiUi	cSC3WinProcCityScheme::AddOptionButtons(vector<cGZResourceKey, allocator<cGZResourceKey> > &, unsigned int, int, int, unsigned int)
00172648	AddOutlineBox__21cSC3WinProcCitySchemeP7cIGZWinUiUiUiUi	cSC3WinProcCityScheme::AddOutlineBox(cIGZWin *, unsigned int, unsigned int, unsigned int, unsigned int)
00172960	AddOutlinedTextEdit__21cSC3WinProcCitySchemeP7cIGZWinUiUiUiUiUiRC10cIGZString	cSC3WinProcCityScheme::AddOutlinedTextEdit(cIGZWin *, unsigned int, unsigned int, unsigned int, unsigned int, unsigned int, cIGZString const &)
00172bc8	__21cSC3WinProcCitySchemeUi	cSC3WinProcCityScheme::cSC3WinProcCityScheme(unsigned int)
00173220	_._21cSC3WinProcCityScheme	cSC3WinProcCityScheme::~cSC3WinProcCityScheme(void)
001735bc	DoWinMsg__21cSC3WinProcCitySchemeP7cIGZWinUiUiUiUi	cSC3WinProcCityScheme::DoWinMsg(cIGZWin *, unsigned int, unsigned int, unsigned int, unsigned int)
001736b4	DrawLeftPane__21cSC3WinProcCityScheme	cSC3WinProcCityScheme::DrawLeftPane(void)
00178b48	DrawRightPane__21cSC3WinProcCityScheme	cSC3WinProcCityScheme::DrawRightPane(void)
00179aa0	GZPaint__21cSC3WinProcCityScheme	cSC3WinProcCityScheme::GZPaint(void)
00179e48	OnBtnClicked__21cSC3WinProcCitySchemeUi	cSC3WinProcCityScheme::OnBtnClicked(unsigned int)
0017a434	OnInit__21cSC3WinProcCityScheme	cSC3WinProcCityScheme::OnInit(void)
0017ade4	ReadValuesFromWindow__21cSC3WinProcCityScheme	cSC3WinProcCityScheme::ReadValuesFromWindow(void)
0017b494	SetBuildingSelection__21cSC3WinProcCitySchemeUi	cSC3WinProcCityScheme::SetBuildingSelection(unsigned int)
0017b634	SetFloraSelection__21cSC3WinProcCitySchemeUi	cSC3WinProcCityScheme::SetFloraSelection(unsigned int)
0017b7bc	AddRef__21cSC3WinProcCityScheme	cSC3WinProcCityScheme::AddRef(void)
0017b7e8	AddTextLabel__21cSC3WinProcCitySchemeP7cIGZWinUiUiUiRC10cIGZStringP8cIGZFontb	cSC3WinProcCityScheme::AddTextLabel(cIGZWin *, unsigned int, unsigned int, unsigned int, cIGZString const &, cIGZFont *, bool)
0017b8d0	BuildingBtnClicked__21cSC3WinProcCitySchemeUi	cSC3WinProcCityScheme::BuildingBtnClicked(unsigned int)
0017b970	CauseRedraw__21cSC3WinProcCityScheme	cSC3WinProcCityScheme::CauseRedraw(void)
0017b9a8	CreateLabel__21cSC3WinProcCitySchemeP14cIGZWinCtrlMgrPP11cIGZWinTextUiRC10cIGZString	cSC3WinProcCityScheme::CreateLabel(cIGZWinCtrlMgr *, cIGZWinText **, unsigned int, cIGZString const &)
0017ba60	EndDialog__21cSC3WinProcCitySchemeUi	cSC3WinProcCityScheme::EndDialog(unsigned int)
0017ba9c	FloraBtnClicked__21cSC3WinProcCitySchemeUi	cSC3WinProcCityScheme::FloraBtnClicked(unsigned int)
0017bb44	GetButtonIdForLandScape__C21cSC3WinProcCitySchemeUi	cSC3WinProcCityScheme::GetButtonIdForLandScape(unsigned int) const
0017bb84	GetButtonIdForFloraSet__C21cSC3WinProcCitySchemeUi	cSC3WinProcCityScheme::GetButtonIdForFloraSet(unsigned int) const
0017bbd4	GetButtonIdForBuildingSet__C21cSC3WinProcCitySchemeUi	cSC3WinProcCityScheme::GetButtonIdForBuildingSet(unsigned int) const
0017bc28	LandScapeBtnClicked__21cSC3WinProcCitySchemeUi	cSC3WinProcCityScheme::LandScapeBtnClicked(unsigned int)
0017bcf8	OnLineInputChanged__21cSC3WinProcCitySchemeUi	cSC3WinProcCityScheme::OnLineInputChanged(unsigned int)
0017bdb0	OnShutdown__21cSC3WinProcCityScheme	cSC3WinProcCityScheme::OnShutdown(void)
0017bdc0	QueryInterface__21cSC3WinProcCitySchemeUiPPv	cSC3WinProcCityScheme::QueryInterface(unsigned int, void **)
0017be18	Release__21cSC3WinProcCityScheme	cSC3WinProcCityScheme::Release(void)
0017be44	SetLandScapeSelection__21cSC3WinProcCitySchemeUi	cSC3WinProcCityScheme::SetLandScapeSelection(unsigned int)
0017bf3c	ToggleButton__21cSC3WinProcCitySchemeUib	cSC3WinProcCityScheme::ToggleButton(unsigned int, bool)
0017c548	DoWinMsg__19cSC3WinProcTerrEditP7cIGZWinUiUiUiUi	cSC3WinProcTerrEdit::DoWinMsg(cIGZWin *, unsigned int, unsigned int, unsigned int, unsigned int)
0017c708	CreateTerrEditWin__19cSC3WinProcTerrEditRP7cIGZWin	cSC3WinProcTerrEdit::CreateTerrEditWin(cIGZWin *&)
0017ca20	on_init__19cSC3WinProcTerrEditP7cIGZWin	cSC3WinProcTerrEdit::on_init(cIGZWin *)
0017e308	on_shutdown__19cSC3WinProcTerrEditP7cIGZWin	cSC3WinProcTerrEdit::on_shutdown(cIGZWin *)
0017e404	DoMessage__19cSC3WinProcTerrEditR10cGZMessage	cSC3WinProcTerrEdit::DoMessage(cGZMessage &)
0017e594	on_btn_clicked__19cSC3WinProcTerrEditP7cIGZWinUi	cSC3WinProcTerrEdit::on_btn_clicked(cIGZWin *, unsigned int)
0017eff0	SetupRegenMessage__19cSC3WinProcTerrEditR10cGZMessage	cSC3WinProcTerrEdit::SetupRegenMessage(cGZMessage &)
0017f12c	__17cSC3WinTerrConfig	cSC3WinTerrConfig::cSC3WinTerrConfig(void)
0017f2c0	Init__17cSC3WinTerrConfig	cSC3WinTerrConfig::Init(void)
0017f528	Shutdown__17cSC3WinTerrConfig	cSC3WinTerrConfig::Shutdown(void)
0017f664	GZPaint__17cSC3WinTerrConfig	cSC3WinTerrConfig::GZPaint(void)
0017fb18	GZOnMouseMove__17cSC3WinTerrConfigiiUi	cSC3WinTerrConfig::GZOnMouseMove(int, int, unsigned int)
0017fc60	GZOnMouseDownL__17cSC3WinTerrConfigiiUi	cSC3WinTerrConfig::GZOnMouseDownL(int, int, unsigned int)
0017fee8	get_buffer__17cSC3WinTerrConfigUiRP10cIGZBuffer	cSC3WinTerrConfig::get_buffer(unsigned int, cIGZBuffer *&)
0017ffe0	CreateNewObject__19cSC3WinProcTerrEdit	cSC3WinProcTerrEdit::CreateNewObject(void)
00180054	__19cSC3WinProcTerrEdit	cSC3WinProcTerrEdit::cSC3WinProcTerrEdit(void)
001800f0	_._19cSC3WinProcTerrEdit	cSC3WinProcTerrEdit::~cSC3WinProcTerrEdit(void)
0018012c	ResetToDefault__19cSC3WinProcTerrEdit	cSC3WinProcTerrEdit::ResetToDefault(void)
00180154	QueryInterface__19cSC3WinProcTerrEditUiPPv	cSC3WinProcTerrEdit::QueryInterface(unsigned int, void **)
001801e0	AddRef__19cSC3WinProcTerrEdit	cSC3WinProcTerrEdit::AddRef(void)
001801fc	Release__19cSC3WinProcTerrEdit	cSC3WinProcTerrEdit::Release(void)
0018023c	GetCenterType__19cSC3WinProcTerrEdit	cSC3WinProcTerrEdit::GetCenterType(void)
0018024c	GetCoastFlags__19cSC3WinProcTerrEdit	cSC3WinProcTerrEdit::GetCoastFlags(void)
0018025c	GetHills__19cSC3WinProcTerrEdit	cSC3WinProcTerrEdit::GetHills(void)
0018026c	GetWater__19cSC3WinProcTerrEdit	cSC3WinProcTerrEdit::GetWater(void)
0018027c	GetTrees__19cSC3WinProcTerrEdit	cSC3WinProcTerrEdit::GetTrees(void)
0018028c	GetSmoothing__19cSC3WinProcTerrEdit	cSC3WinProcTerrEdit::GetSmoothing(void)
001802a0	on_key_down__19cSC3WinProcTerrEditP7cIGZWinUiUi	cSC3WinProcTerrEdit::on_key_down(cIGZWin *, unsigned int, unsigned int)
001802e4	CreateNewObject__17cSC3WinTerrConfig	cSC3WinTerrConfig::CreateNewObject(void)
00180354	_._17cSC3WinTerrConfig	cSC3WinTerrConfig::~cSC3WinTerrConfig(void)
00180398	QueryInterface__17cSC3WinTerrConfigUiPPv	cSC3WinTerrConfig::QueryInterface(unsigned int, void **)
001803f8	AddRef__17cSC3WinTerrConfig	cSC3WinTerrConfig::AddRef(void)
00180424	Release__17cSC3WinTerrConfig	cSC3WinTerrConfig::Release(void)
00180450	SetArea__17cSC3WinTerrConfigiiii	cSC3WinTerrConfig::SetArea(int, int, int, int)
001804c4	AsIGZWin__17cSC3WinTerrConfig	cSC3WinTerrConfig::AsIGZWin(void)
001804d0	SetWinTerrConfigFlag__17cSC3WinTerrConfigib	cSC3WinTerrConfig::SetWinTerrConfigFlag(int, bool)
001804f8	GetWinTerrConfigFlag__C17cSC3WinTerrConfigi	cSC3WinTerrConfig::GetWinTerrConfigFlag(int) const
00180510	SetCenterType__17cSC3WinTerrConfigQ218cISC3WinTerrConfig11tCenterType	cSC3WinTerrConfig::SetCenterType(cISC3WinTerrConfig::tCenterType)
00180528	GetCenterType__C17cSC3WinTerrConfigRQ218cISC3WinTerrConfig11tCenterType	cSC3WinTerrConfig::GetCenterType(cISC3WinTerrConfig::tCenterType &) const
00180540	SetRotation__17cSC3WinTerrConfigi	cSC3WinTerrConfig::SetRotation(int)
00180548	GZOnMouseUpL__17cSC3WinTerrConfigiiUi	cSC3WinTerrConfig::GZOnMouseUpL(int, int, unsigned int)
00180554	GZOnCaptureChanged__17cSC3WinTerrConfigP7cIGZWin	cSC3WinTerrConfig::GZOnCaptureChanged(cIGZWin *)
00180578	GZOnKeyDown__17cSC3WinTerrConfigUiUi	cSC3WinTerrConfig::GZOnKeyDown(unsigned int, unsigned int)
001805b4	GZOnKeyUp__17cSC3WinTerrConfigUiUi	cSC3WinTerrConfig::GZOnKeyUp(unsigned int, unsigned int)
001805f4	Create__15cSC3WinProgress	cSC3WinProgress::Create(void)
00180820	Destroy__15cSC3WinProgress	cSC3WinProgress::Destroy(void)
001808e0	SetCaption__15cSC3WinProgressP10cIGZString	cSC3WinProgress::SetCaption(cIGZString *)
00180ab0	init_dialog__15cSC3WinProgressP7cIGZWin	cSC3WinProgress::init_dialog(cIGZWin *)
001810f8	center_dialog__15cSC3WinProgress	cSC3WinProgress::center_dialog(void)
001811d4	update_progress__15cSC3WinProgress	cSC3WinProgress::update_progress(void)
001812d8	__15cSC3WinProgress	cSC3WinProgress::cSC3WinProgress(void)
00181344	_._15cSC3WinProgress	cSC3WinProgress::~cSC3WinProgress(void)
001813c8	QueryInterface__15cSC3WinProgressUiPPv	cSC3WinProgress::QueryInterface(unsigned int, void **)
0018140c	AddRef__15cSC3WinProgress	cSC3WinProgress::AddRef(void)
00181448	Release__15cSC3WinProgress	cSC3WinProgress::Release(void)
001814a8	SetMinMax__15cSC3WinProgressUiUi	cSC3WinProgress::SetMinMax(unsigned int, unsigned int)
00181538	SetCurrent__15cSC3WinProgressUi	cSC3WinProgress::SetCurrent(unsigned int)
001815c8	DoWinMsg__15cSC3WinProgressP7cIGZWinUiUiUiUi	cSC3WinProgress::DoWinMsg(cIGZWin *, unsigned int, unsigned int, unsigned int, unsigned int)
00181640	on_shutdown__15cSC3WinProgressP7cIGZWin	cSC3WinProgress::on_shutdown(cIGZWin *)
001816e4	__12cSC3WinQuery	cSC3WinQuery::cSC3WinQuery(void)
00181dc4	_._12cSC3WinQuery	cSC3WinQuery::~cSC3WinQuery(void)
00182090	setInfoWindowRect__12cSC3WinQueryQ213cISC3WinQuery7tLayout	cSC3WinQuery::setInfoWindowRect(cISC3WinQuery::tLayout)
0018221c	_setLabelFlags__12cSC3WinQuery	cSC3WinQuery::_setLabelFlags(void)
00182318	_createDlg__12cSC3WinQuery	cSC3WinQuery::_createDlg(void)
00183228	_createMainView__12cSC3WinQuery	cSC3WinQuery::_createMainView(void)
001834c4	SetCaption__12cSC3WinQueryR10cIGZString	cSC3WinQuery::SetCaption(cIGZString &)
00183754	SetFrameLayout__12cSC3WinQueryQ213cISC3WinQuery7tLayout	cSC3WinQuery::SetFrameLayout(cISC3WinQuery::tLayout)
0018395c	SetName__12cSC3WinQueryR10cIGZString	cSC3WinQuery::SetName(cIGZString &)
00183c04	SetName2__12cSC3WinQueryR10cIGZString	cSC3WinQuery::SetName2(cIGZString &)
001840a0	SetName2Edit__12cSC3WinQueryR10cIGZStringT1	cSC3WinQuery::SetName2Edit(cIGZString &, cIGZString &)
001847a0	SetGraphicWindow_UseOccupant__12cSC3WinQuery	cSC3WinQuery::SetGraphicWindow_UseOccupant(void)
00184ca4	DoWinMsg__12cSC3WinQueryP7cIGZWinUiUiUiUi	cSC3WinQuery::DoWinMsg(cIGZWin *, unsigned int, unsigned int, unsigned int, unsigned int)
00184eb8	on_init__12cSC3WinQueryP7cIGZWin	cSC3WinQuery::on_init(cIGZWin *)
00185aa4	on_shutdown__12cSC3WinQueryP7cIGZWin	cSC3WinQuery::on_shutdown(cIGZWin *)
00185d08	do_infoview_change__12cSC3WinQuery	cSC3WinQuery::do_infoview_change(void)
00185ddc	EnableCheckBox__12cSC3WinQuery	cSC3WinQuery::EnableCheckBox(void)
00185ff8	SetCheckBox__12cSC3WinQueryR10cIGZStringP8cIGZFontb	cSC3WinQuery::SetCheckBox(cIGZString &, cIGZFont *, bool)
00186158	__20cSC3WinQueryListView	cSC3WinQueryListView::cSC3WinQueryListView(void)
001862f0	_._20cSC3WinQueryListView	cSC3WinQueryListView::~cSC3WinQueryListView(void)
001863cc	SetViewName__20cSC3WinQueryListViewRC10cIGZString	cSC3WinQueryListView::SetViewName(cIGZString const &)
00186664	Init__20cSC3WinQueryListView	cSC3WinQueryListView::Init(void)
00186750	InsertStringPairSorted__20cSC3WinQueryListViewRC10cIGZStringT1UiUiUi	cSC3WinQueryListView::InsertStringPairSorted(cIGZString const &, cIGZString const &, unsigned int, unsigned int, unsigned int)
00187148	AddLine__20cSC3WinQueryListViewR10cIGZStringT1Uib	cSC3WinQueryListView::AddLine(cIGZString &, cIGZString &, unsigned int, bool)
001875dc	SetLabelFlags__12cSC3WinQueryUi	cSC3WinQuery::SetLabelFlags(unsigned int)
001875f0	QueryInterface__12cSC3WinQueryUiPPv	cSC3WinQuery::QueryInterface(unsigned int, void **)
00187670	AddRef__12cSC3WinQuery	cSC3WinQuery::AddRef(void)
001876ac	Release__12cSC3WinQuery	cSC3WinQuery::Release(void)
00187710	setLayoutRects__12cSC3WinQuery	cSC3WinQuery::setLayoutRects(void)
00187908	setNameRect__12cSC3WinQueryQ213cISC3WinQuery7tLayout	cSC3WinQuery::setNameRect(cISC3WinQuery::tLayout)
00187a10	setName2Rect__12cSC3WinQueryQ213cISC3WinQuery7tLayout	cSC3WinQuery::setName2Rect(cISC3WinQuery::tLayout)
00187b0c	setGraphicWindowRect__12cSC3WinQueryQ213cISC3WinQuery7tLayout	cSC3WinQuery::setGraphicWindowRect(cISC3WinQuery::tLayout)
00187bd4	setViewNameListRect__12cSC3WinQueryQ213cISC3WinQuery7tLayout	cSC3WinQuery::setViewNameListRect(cISC3WinQuery::tLayout)
00187c28	clientWidth__12cSC3WinQuery	cSC3WinQuery::clientWidth(void)
00187c40	clientHeight__12cSC3WinQuery	cSC3WinQuery::clientHeight(void)
00187c58	clientArea__12cSC3WinQueryR7cRZRect	cSC3WinQuery::clientArea(cRZRect &)
00187c94	_createDebugView__12cSC3WinQuery	cSC3WinQuery::_createDebugView(void)
00187ca4	CreateDlg__12cSC3WinQueryR13cSC3CityCoordQ213cISC3WinQuery7tLayout	cSC3WinQuery::CreateDlg(cSC3CityCoord &, cISC3WinQuery::tLayout)
00187d10	CreateDlg__12cSC3WinQueryP13cISC3OccupantQ213cISC3WinQuery7tLayout	cSC3WinQuery::CreateDlg(cISC3Occupant *, cISC3WinQuery::tLayout)
00187d84	GetFrameArea__C12cSC3WinQueryR7cRZRect	cSC3WinQuery::GetFrameArea(cRZRect &) const
00187dac	GetMaximumHeightAllowed__C12cSC3WinQuery	cSC3WinQuery::GetMaximumHeightAllowed(void) const
00187dbc	GetCaption__12cSC3WinQuery	cSC3WinQuery::GetCaption(void)
00187dcc	GetName__12cSC3WinQuery	cSC3WinQuery::GetName(void)
00187ddc	GetName2__12cSC3WinQuery	cSC3WinQuery::GetName2(void)
00187dec	GetNameEditFlag__12cSC3WinQuery	cSC3WinQuery::GetNameEditFlag(void)
00187dfc	GetFillColor__12cSC3WinQueryRUi	cSC3WinQuery::GetFillColor(unsigned int &)
00187e14	SetFrameArea__12cSC3WinQueryR7cRZRect	cSC3WinQuery::SetFrameArea(cRZRect &)
00187e80	SetMaximumHeightAllowed__12cSC3WinQueryi	cSC3WinQuery::SetMaximumHeightAllowed(int)
00187e94	GetFrameLayout__C12cSC3WinQueryRQ213cISC3WinQuery7tLayout	cSC3WinQuery::GetFrameLayout(cISC3WinQuery::tLayout &) const
00187ea8	SetNameEditFlag__12cSC3WinQueryb	cSC3WinQuery::SetNameEditFlag(bool)
00187ed4	SetFillColor__12cSC3WinQueryUi	cSC3WinQuery::SetFillColor(unsigned int)
00187eec	SetGraphicWindow__12cSC3WinQueryR7cIGZWin	cSC3WinQuery::SetGraphicWindow(cIGZWin &)
00187f9c	GetGraphicWindow__C12cSC3WinQueryUiPPv	cSC3WinQuery::GetGraphicWindow(unsigned int, void **) const
00187fdc	GetGraphicWindowArea__C12cSC3WinQueryR7cRZRect	cSC3WinQuery::GetGraphicWindowArea(cRZRect &) const
00188008	GetDefaultInfoWindow__C12cSC3WinQueryUiPPv	cSC3WinQuery::GetDefaultInfoWindow(unsigned int, void **) const
0018804c	GetDefaultInfoWindowArea__C12cSC3WinQueryR7cRZRect	cSC3WinQuery::GetDefaultInfoWindowArea(cRZRect &) const
00188078	SetDefaultInfoWindow__12cSC3WinQueryP17cISC3WinQueryView	cSC3WinQuery::SetDefaultInfoWindow(cISC3WinQueryView *)
001880c0	GetAssociatedIGZWin__C12cSC3WinQuery	cSC3WinQuery::GetAssociatedIGZWin(void) const
001880fc	GetAssociatedOccupant__C12cSC3WinQuery	cSC3WinQuery::GetAssociatedOccupant(void) const
0018810c	GetAssociatedCityCoord__C12cSC3WinQueryR13cSC3CityCoord	cSC3WinQuery::GetAssociatedCityCoord(cSC3CityCoord &) const
00188138	GetInfoViewCount__12cSC3WinQuery	cSC3WinQuery::GetInfoViewCount(void)
0018815c	GetInfoView__12cSC3WinQueryRUiUiPPv	cSC3WinQuery::GetInfoView(unsigned int &, unsigned int, void **)
00188234	AddInfoView__12cSC3WinQueryR17cISC3WinQueryView	cSC3WinQuery::AddInfoView(cISC3WinQueryView &)
0018829c	EnumCityItems__12cSC3WinQueryP9cISC3Cityb	cSC3WinQuery::EnumCityItems(cISC3City *, bool)
0018834c	EnumLayer__12cSC3WinQueryR10cGZMessageP14cISC3CityLayer	cSC3WinQuery::EnumLayer(cGZMessage &, cISC3CityLayer *)
00188388	end_dialog__12cSC3WinQueryP7cIGZWinUi	cSC3WinQuery::end_dialog(cIGZWin *, unsigned int)
001883f0	GetCheckBoxSetting__12cSC3WinQuery	cSC3WinQuery::GetCheckBoxSetting(void)
00188480	IsReplaceable__12cSC3WinQueryP13cISC3Occupant	cSC3WinQuery::IsReplaceable(cISC3Occupant *)
001884e4	QueryInterface__20cSC3WinQueryListViewUiPPv	cSC3WinQueryListView::QueryInterface(unsigned int, void **)
00188580	AddRef__20cSC3WinQueryListView	cSC3WinQueryListView::AddRef(void)
001885ac	Release__20cSC3WinQueryListView	cSC3WinQueryListView::Release(void)
001885d8	EnumCityItems__20cSC3WinQueryListViewP9cISC3Cityb	cSC3WinQueryListView::EnumCityItems(cISC3City *, bool)
001886a8	EnumLayer__20cSC3WinQueryListViewR10cGZMessageP14cISC3CityLayer	cSC3WinQueryListView::EnumLayer(cGZMessage &, cISC3CityLayer *)
001886e4	SetViewId__20cSC3WinQueryListViewRCUi	cSC3WinQueryListView::SetViewId(unsigned int const &)
00188700	CreateView__20cSC3WinQueryListViewR13cISC3WinQuery	cSC3WinQueryListView::CreateView(cISC3WinQuery &)
001887c4	AsIGZWin__20cSC3WinQueryListView	cSC3WinQueryListView::AsIGZWin(void)
001887d4	GetParentDialog__20cSC3WinQueryListView	cSC3WinQueryListView::GetParentDialog(void)
001887e8	GetAssociatedOccupant__20cSC3WinQueryListView	cSC3WinQueryListView::GetAssociatedOccupant(void)
00188824	GetAssociatedCityCoord__20cSC3WinQueryListViewR13cSC3CityCoord	cSC3WinQueryListView::GetAssociatedCityCoord(cSC3CityCoord &)
00188864	SetArea__20cSC3WinQueryListViewiiii	cSC3WinQueryListView::SetArea(int, int, int, int)
001888a4	SetArea__20cSC3WinQueryListViewRC7cRZRect	cSC3WinQueryListView::SetArea(cRZRect const &)
001888ec	GetArea__C20cSC3WinQueryListViewR7cRZRect	cSC3WinQueryListView::GetArea(cRZRect &) const
0018891c	Shutdown__20cSC3WinQueryListView	cSC3WinQueryListView::Shutdown(void)
001889ac	GetViewName__20cSC3WinQueryListView	cSC3WinQueryListView::GetViewName(void)
001889bc	GetViewId__20cSC3WinQueryListView	cSC3WinQueryListView::GetViewId(void)
001889d0	SetDefaultFont__20cSC3WinQueryListViewP8cIGZFontT1	cSC3WinQueryListView::SetDefaultFont(cIGZFont *, cIGZFont *)
00188a58	SetLabelFlags__20cSC3WinQueryListViewUi	cSC3WinQueryListView::SetLabelFlags(unsigned int)
00188a70	GZOnMouseDownL__20cSC3WinQueryListViewiiUi	cSC3WinQueryListView::GZOnMouseDownL(int, int, unsigned int)
00188aac	DebugKeyDown__20cSC3WinQueryListViewUiUi	cSC3WinQueryListView::DebugKeyDown(unsigned int, unsigned int)
00188ab8	DebugKeyHelp__20cSC3WinQueryListView	cSC3WinQueryListView::DebugKeyHelp(void)
00188ac0	DebugDump__20cSC3WinQueryListView	cSC3WinQueryListView::DebugDump(void)
00188b04	__10cSC3WinRCI	cSC3WinRCI::cSC3WinRCI(void)
00188c14	Init__10cSC3WinRCI	cSC3WinRCI::Init(void)
001894b8	GZPaint__10cSC3WinRCI	cSC3WinRCI::GZPaint(void)
00189718	DoMessage__10cSC3WinRCIR10cGZMessage	cSC3WinRCI::DoMessage(cGZMessage &)
0018b6e8	CreateNewObject__10cSC3WinRCI	cSC3WinRCI::CreateNewObject(void)
0018b760	_._10cSC3WinRCI	cSC3WinRCI::~cSC3WinRCI(void)
0018b7a4	QueryInterface__10cSC3WinRCIUiPPv	cSC3WinRCI::QueryInterface(unsigned int, void **)
0018b800	AddRef__10cSC3WinRCI	cSC3WinRCI::AddRef(void)
0018b82c	Release__10cSC3WinRCI	cSC3WinRCI::Release(void)
0018b858	Shutdown__10cSC3WinRCI	cSC3WinRCI::Shutdown(void)
0018b8e0	SetArea__10cSC3WinRCIiiii	cSC3WinRCI::SetArea(int, int, int, int)
0018b964	GZOnKeyDown__10cSC3WinRCIUiUi	cSC3WinRCI::GZOnKeyDown(unsigned int, unsigned int)
0018b9a0	GZOnKeyUp__10cSC3WinRCIUiUi	cSC3WinRCI::GZOnKeyUp(unsigned int, unsigned int)
0018b9d8	AsIGZWin__10cSC3WinRCI	cSC3WinRCI::AsIGZWin(void)
0018b9e8	r_changed__10cSC3WinRCIf	cSC3WinRCI::r_changed(float)
0018ba34	c_changed__10cSC3WinRCIf	cSC3WinRCI::c_changed(float)
0018ba80	i_changed__10cSC3WinRCIf	cSC3WinRCI::i_changed(float)
0018bacc	rci_changed__10cSC3WinRCIfff	cSC3WinRCI::rci_changed(float, float, float)
0018bb3c	rci_rect_update__10cSC3WinRCIfR7cRZRect	cSC3WinRCI::rci_rect_update(float, cRZRect &)
0018bc04	Execute__28cSC3CmdReplaceBuildingDialog	cSC3CmdReplaceBuildingDialog::Execute(void)
0018bee0	__32cSC3WinProcReplaceBuildingDialog	cSC3WinProcReplaceBuildingDialog::cSC3WinProcReplaceBuildingDialog(void)
0018c068	_._32cSC3WinProcReplaceBuildingDialog	cSC3WinProcReplaceBuildingDialog::~cSC3WinProcReplaceBuildingDialog(void)
0018c13c	init_controls__32cSC3WinProcReplaceBuildingDialogP7cIGZWin	cSC3WinProcReplaceBuildingDialog::init_controls(cIGZWin *)
0018cc44	on_button__32cSC3WinProcReplaceBuildingDialogP7cIGZWinUi	cSC3WinProcReplaceBuildingDialog::on_button(cIGZWin *, unsigned int)
0018cf34	on_command__32cSC3WinProcReplaceBuildingDialogP7cIGZWinUiUiUi	cSC3WinProcReplaceBuildingDialog::on_command(cIGZWin *, unsigned int, unsigned int, unsigned int)
0018d120	on_init__32cSC3WinProcReplaceBuildingDialogP7cIGZWin	cSC3WinProcReplaceBuildingDialog::on_init(cIGZWin *)
0018d4d0	Replace__32cSC3WinProcReplaceBuildingDialogP7cIGZWin	cSC3WinProcReplaceBuildingDialog::Replace(cIGZWin *)
0018d5c8	requery_listbox__32cSC3WinProcReplaceBuildingDialogP7cIGZWin	cSC3WinProcReplaceBuildingDialog::requery_listbox(cIGZWin *)
0018d970	ResizeAndPositionControls__32cSC3WinProcReplaceBuildingDialogP7cIGZWin	cSC3WinProcReplaceBuildingDialog::ResizeAndPositionControls(cIGZWin *)
0018dd38	AddRef__28cSC3CmdReplaceBuildingDialog	cSC3CmdReplaceBuildingDialog::AddRef(void)
0018dd64	QueryInterface__28cSC3CmdReplaceBuildingDialogUiPPv	cSC3CmdReplaceBuildingDialog::QueryInterface(unsigned int, void **)
0018ddbc	Release__28cSC3CmdReplaceBuildingDialog	cSC3CmdReplaceBuildingDialog::Release(void)
0018dde8	__21cSC3WPRBDInstanceData	cSC3WPRBDInstanceData::cSC3WPRBDInstanceData(void)
0018de2c	_._21cSC3WPRBDInstanceData	cSC3WPRBDInstanceData::~cSC3WPRBDInstanceData(void)
0018ded8	AddRef__32cSC3WinProcReplaceBuildingDialog	cSC3WinProcReplaceBuildingDialog::AddRef(void)
0018df04	BATBuildingListEdited__32cSC3WinProcReplaceBuildingDialogP7cIGZWin	cSC3WinProcReplaceBuildingDialog::BATBuildingListEdited(cIGZWin *)
0018df64	CreateNewObject__32cSC3WinProcReplaceBuildingDialog	cSC3WinProcReplaceBuildingDialog::CreateNewObject(void)
0018dfe4	end_dialog__32cSC3WinProcReplaceBuildingDialogP7cIGZWinUi	cSC3WinProcReplaceBuildingDialog::end_dialog(cIGZWin *, unsigned int)
0018e01c	GetReplacement__32cSC3WinProcReplaceBuildingDialog	cSC3WinProcReplaceBuildingDialog::GetReplacement(void)
0018e030	get_selected_override_info__32cSC3WinProcReplaceBuildingDialogP7cIGZWinUiPP22cISC3OccAttribOverRide	cSC3WinProcReplaceBuildingDialog::get_selected_override_info(cIGZWin *, unsigned int, cISC3OccAttribOverRide **)
0018e0e8	on_key_down__32cSC3WinProcReplaceBuildingDialogP7cIGZWinUiUi	cSC3WinProcReplaceBuildingDialog::on_key_down(cIGZWin *, unsigned int, unsigned int)
0018e140	on_shutdown__32cSC3WinProcReplaceBuildingDialogP7cIGZWin	cSC3WinProcReplaceBuildingDialog::on_shutdown(cIGZWin *)
0018e1e8	QueryInterface__32cSC3WinProcReplaceBuildingDialogUiPPv	cSC3WinProcReplaceBuildingDialog::QueryInterface(unsigned int, void **)
0018e240	Release__32cSC3WinProcReplaceBuildingDialog	cSC3WinProcReplaceBuildingDialog::Release(void)
0018e26c	Revert__32cSC3WinProcReplaceBuildingDialogP7cIGZWin	cSC3WinProcReplaceBuildingDialog::Revert(cIGZWin *)
0018e350	SetOriginalInfo__32cSC3WinProcReplaceBuildingDialogP7cIGZWinP19cISC3OccupantAttrib	cSC3WinProcReplaceBuildingDialog::SetOriginalInfo(cIGZWin *, cISC3OccupantAttrib *)
0018e428	SetOverRideInfo__32cSC3WinProcReplaceBuildingDialogP7cIGZWinP22cISC3OccAttribOverRide	cSC3WinProcReplaceBuildingDialog::SetOverRideInfo(cIGZWin *, cISC3OccAttribOverRide *)
0018e500	SetReplaceEnabledState__32cSC3WinProcReplaceBuildingDialogP7cIGZWinb	cSC3WinProcReplaceBuildingDialog::SetReplaceEnabledState(cIGZWin *, bool)
0018e55c	SetRevertEnabledState__32cSC3WinProcReplaceBuildingDialogP7cIGZWinb	cSC3WinProcReplaceBuildingDialog::SetRevertEnabledState(cIGZWin *, bool)
0018e5e4	__22cSC3WinSelectABuilding	cSC3WinSelectABuilding::cSC3WinSelectABuilding(void)
0018e6e4	CreateDlg__22cSC3WinSelectABuilding	cSC3WinSelectABuilding::CreateDlg(void)
0018e7b4	DoWinMsg__22cSC3WinSelectABuildingP7cIGZWinUiUiUiUi	cSC3WinSelectABuilding::DoWinMsg(cIGZWin *, unsigned int, unsigned int, unsigned int, unsigned int)
0018e970	init_dialog__22cSC3WinSelectABuildingP7cIGZWin	cSC3WinSelectABuilding::init_dialog(cIGZWin *)
001912f8	on_shutdown__22cSC3WinSelectABuildingP7cIGZWin	cSC3WinSelectABuilding::on_shutdown(cIGZWin *)
00191610	fill_listbox__22cSC3WinSelectABuilding	cSC3WinSelectABuilding::fill_listbox(void)
001938f8	set_item__22cSC3WinSelectABuildingUi	cSC3WinSelectABuilding::set_item(unsigned int)
00194af8	CreateOccupantAttrib__22cSC3WinSelectABuildingPP19cISC3OccupantAttrib	cSC3WinSelectABuilding::CreateOccupantAttrib(cISC3OccupantAttrib **)
00194bf4	center_dialog__22cSC3WinSelectABuilding	cSC3WinSelectABuilding::center_dialog(void)
00194cd0	add_label__22cSC3WinSelectABuildingiiii	cSC3WinSelectABuilding::add_label(int, int, int, int)
00194ffc	SetType__22cSC3WinSelectABuildingUi	cSC3WinSelectABuilding::SetType(unsigned int)
0019500c	Picked__C22cSC3WinSelectABuilding	cSC3WinSelectABuilding::Picked(void) const
0019502c	_._22cSC3WinSelectABuilding	cSC3WinSelectABuilding::~cSC3WinSelectABuilding(void)
0019507c	QueryInterface__22cSC3WinSelectABuildingUiPPv	cSC3WinSelectABuilding::QueryInterface(unsigned int, void **)
001950c8	AddRef__22cSC3WinSelectABuilding	cSC3WinSelectABuilding::AddRef(void)
001950f4	Release__22cSC3WinSelectABuilding	cSC3WinSelectABuilding::Release(void)
00195120	GetAssociatedIGZWin__C22cSC3WinSelectABuilding	cSC3WinSelectABuilding::GetAssociatedIGZWin(void) const
00195150	end_dialog__22cSC3WinSelectABuildingP7cIGZWinUi	cSC3WinSelectABuilding::end_dialog(cIGZWin *, unsigned int)
001951ac	EnumCityItems__22cSC3WinSelectABuildingP9cISC3Cityb	cSC3WinSelectABuilding::EnumCityItems(cISC3City *, bool)
00195244	EnumLayer__22cSC3WinSelectABuildingR10cGZMessageP14cISC3CityLayer	cSC3WinSelectABuilding::EnumLayer(cGZMessage &, cISC3CityLayer *)
00195280	count_placed__22cSC3WinSelectABuilding	cSC3WinSelectABuilding::count_placed(void)
00195354	DoWinMsg__18cSC3WinTipOfTheDayP7cIGZWinUiUiUiUi	cSC3WinTipOfTheDay::DoWinMsg(cIGZWin *, unsigned int, unsigned int, unsigned int, unsigned int)
00195498	init_dialog__18cSC3WinTipOfTheDayP7cIGZWin	cSC3WinTipOfTheDay::init_dialog(cIGZWin *)
00195d64	add_button__18cSC3WinTipOfTheDayUiUiUiR9cRZString	cSC3WinTipOfTheDay::add_button(unsigned int, unsigned int, unsigned int, cRZString &)
001962d0	add_text__18cSC3WinTipOfTheDayUiUiUiUiR9cRZStringUi	cSC3WinTipOfTheDay::add_text(unsigned int, unsigned int, unsigned int, unsigned int, cRZString &, unsigned int)
00196434	add_kludgeoftheday__18cSC3WinTipOfTheDay	cSC3WinTipOfTheDay::add_kludgeoftheday(void)
00196930	set_tip__18cSC3WinTipOfTheDayUi	cSC3WinTipOfTheDay::set_tip(unsigned int)
00196bf0	center_dialog__18cSC3WinTipOfTheDay	cSC3WinTipOfTheDay::center_dialog(void)
00196ccc	__18cSC3WinTipOfTheDay	cSC3WinTipOfTheDay::cSC3WinTipOfTheDay(void)
00196d38	_._18cSC3WinTipOfTheDay	cSC3WinTipOfTheDay::~cSC3WinTipOfTheDay(void)
00196db4	QueryInterface__18cSC3WinTipOfTheDayUiPPv	cSC3WinTipOfTheDay::QueryInterface(unsigned int, void **)
00196e10	AddRef__18cSC3WinTipOfTheDay	cSC3WinTipOfTheDay::AddRef(void)
00196e4c	Release__18cSC3WinTipOfTheDay	cSC3WinTipOfTheDay::Release(void)
00196eac	CreateDlg__18cSC3WinTipOfTheDay	cSC3WinTipOfTheDay::CreateDlg(void)
00196f6c	GetAssociatedIGZWin__C18cSC3WinTipOfTheDay	cSC3WinTipOfTheDay::GetAssociatedIGZWin(void) const
00196f9c	on_shutdown__18cSC3WinTipOfTheDayP7cIGZWin	cSC3WinTipOfTheDay::on_shutdown(cIGZWin *)
00196ff8	end_dialog__18cSC3WinTipOfTheDayP7cIGZWin	cSC3WinTipOfTheDay::end_dialog(cIGZWin *)
00197084	next_tip__18cSC3WinTipOfTheDay	cSC3WinTipOfTheDay::next_tip(void)
001970d0	prev_tip__18cSC3WinTipOfTheDay	cSC3WinTipOfTheDay::prev_tip(void)
0019711c	load_config__18cSC3WinTipOfTheDay	cSC3WinTipOfTheDay::load_config(void)
00197170	save_config__18cSC3WinTipOfTheDay	cSC3WinTipOfTheDay::save_config(void)
00197194	OnStart__15cSUICOMDirectorP7cIGZCOM	cSUICOMDirector::OnStart(cIGZCOM *)
00197300	app_register__15cSUICOMDirectorP12cIGZRegistry	cSUICOMDirector::app_register(cIGZRegistry *)
00197900	PreAppInit__15cSUICOMDirector	cSUICOMDirector::PreAppInit(void)
00197aa0	RZGetCOMDllDirector_SimUI__Fv	RZGetCOMDllDirector_SimUI(void)
00197ee8	GetDirectorID__C15cSUICOMDirector	cSUICOMDirector::GetDirectorID(void) const
00197ef8	__15cSUICOMDirector	cSUICOMDirector::cSUICOMDirector(void)
001982d0	_._15cSUICOMDirector	cSUICOMDirector::~cSUICOMDirector(void)
00198310	CreatecSC3CmdSimUIFactory__15cSUICOMDirector	cSUICOMDirector::CreatecSC3CmdSimUIFactory(void)
00198390	CreateWinProcMsgBox__15cSUICOMDirector	cSUICOMDirector::CreateWinProcMsgBox(void)
00198404	CreatecSC3WinQuery__15cSUICOMDirector	cSUICOMDirector::CreatecSC3WinQuery(void)
00198474	CreatecSC3WinQueryListView__15cSUICOMDirector	cSUICOMDirector::CreatecSC3WinQueryListView(void)
001984f4	CreatecSC3WinMapsAndGraphs__15cSUICOMDirector	cSUICOMDirector::CreatecSC3WinMapsAndGraphs(void)
00198564	CreatecSC3WinMapCtrl__15cSUICOMDirector	cSUICOMDirector::CreatecSC3WinMapCtrl(void)
001985e4	CreatecSC3WinSelectABuilding__15cSUICOMDirector	cSUICOMDirector::CreatecSC3WinSelectABuilding(void)
00198664	CreatecSC3WinLayers__15cSUICOMDirector	cSUICOMDirector::CreatecSC3WinLayers(void)
001986d4	CreatecSC3WinBusinessDeals__15cSUICOMDirector	cSUICOMDirector::CreatecSC3WinBusinessDeals(void)
00198754	CreatecSC3WinTipOfTheDay__15cSUICOMDirector	cSUICOMDirector::CreatecSC3WinTipOfTheDay(void)
001987c4	CreatecSC3WinNeighbor__15cSUICOMDirector	cSUICOMDirector::CreatecSC3WinNeighbor(void)
00198834	create_cSC3WinProcReplaceBuildingDialog__15cSUICOMDirector	cSUICOMDirector::create_cSC3WinProcReplaceBuildingDialog(void)
001988d4	GZOnMouseDownL__22cWinListBoxCursorEventiiUi	cWinListBoxCursorEvent::GZOnMouseDownL(int, int, unsigned int)
00198a10	GZOnMouseDownR__22cWinListBoxCursorEventiiUi	cWinListBoxCursorEvent::GZOnMouseDownR(int, int, unsigned int)
00198b4c	GetDataUnderCursor__22cWinListBoxCursorEventRiT1R9cRZStringT3	cWinListBoxCursorEvent::GetDataUnderCursor(int &, int &, cRZString &, cRZString &)
00198d68	GZOnMouseDownL__26cWinListBoxInfoCursorEventiiUi	cWinListBoxInfoCursorEvent::GZOnMouseDownL(int, int, unsigned int)
00198eb0	GZOnMouseDownR__26cWinListBoxInfoCursorEventiiUi	cWinListBoxInfoCursorEvent::GZOnMouseDownR(int, int, unsigned int)
00198ff4	GetStringFromIndex__26cWinListBoxInfoCursorEventiiR10cIGZString	cWinListBoxInfoCursorEvent::GetStringFromIndex(int, int, cIGZString &)
001993b0	GetDataUnderCursor__26cWinListBoxInfoCursorEventRiT1R9cRZStringT3	cWinListBoxInfoCursorEvent::GetDataUnderCursor(int &, int &, cRZString &, cRZString &)
001996fc	GZPaint__14cWinListBoxIRC	cWinListBoxIRC::GZPaint(void)
00199d48	InsertString__14cWinListBoxIRCRC10cIGZStringi	cWinListBoxIRC::InsertString(cIGZString const &, int)
0019a574	IsStringWrappedContinuation__14cWinListBoxIRCRC10cIGZString	cWinListBoxIRC::IsStringWrappedContinuation(cIGZString const &)
0019a8c0	GetWrappedStringContinuationText__14cWinListBoxIRCR10cIGZString	cWinListBoxIRC::GetWrappedStringContinuationText(cIGZString &)
0019aaec	SetPauseTimeMilliseconds__22cWinListBoxCursorEventUi	cWinListBoxCursorEvent::SetPauseTimeMilliseconds(unsigned int)
0019ab00	SetPauseTimeMilliseconds__26cWinListBoxInfoCursorEventUi	cWinListBoxInfoCursorEvent::SetPauseTimeMilliseconds(unsigned int)
0019ab18	__22cWinListBoxCursorEventiiii	cWinListBoxCursorEvent::cWinListBoxCursorEvent(int, int, int, int)
0019abe0	Init__22cWinListBoxCursorEvent	cWinListBoxCursorEvent::Init(void)
0019acb0	Shutdown__22cWinListBoxCursorEvent	cWinListBoxCursorEvent::Shutdown(void)
0019ad34	StaticTimerCallback__22cWinListBoxCursorEventUi	cWinListBoxCursorEvent::StaticTimerCallback(unsigned int)
0019ad78	DoMessage__22cWinListBoxCursorEventR10cGZMessage	cWinListBoxCursorEvent::DoMessage(cGZMessage &)
0019ae0c	DoPauseTimerRestart__22cWinListBoxCursorEvent	cWinListBoxCursorEvent::DoPauseTimerRestart(void)
0019aea0	GZOnMouseUpL__22cWinListBoxCursorEventiiUi	cWinListBoxCursorEvent::GZOnMouseUpL(int, int, unsigned int)
0019af64	GZOnMouseUpR__22cWinListBoxCursorEventiiUi	cWinListBoxCursorEvent::GZOnMouseUpR(int, int, unsigned int)
0019b028	GZOnMouseMove__22cWinListBoxCursorEventiiUi	cWinListBoxCursorEvent::GZOnMouseMove(int, int, unsigned int)
0019b0dc	GetCursorPosition__22cWinListBoxCursorEventRiT1	cWinListBoxCursorEvent::GetCursorPosition(int &, int &)
0019b15c	__26cWinListBoxInfoCursorEventiiii	cWinListBoxInfoCursorEvent::cWinListBoxInfoCursorEvent(int, int, int, int)
0019b210	Init__26cWinListBoxInfoCursorEvent	cWinListBoxInfoCursorEvent::Init(void)
0019b2e0	Shutdown__26cWinListBoxInfoCursorEvent	cWinListBoxInfoCursorEvent::Shutdown(void)
0019b364	StaticTimerCallback__26cWinListBoxInfoCursorEventUi	cWinListBoxInfoCursorEvent::StaticTimerCallback(unsigned int)
0019b3a8	DoMessage__26cWinListBoxInfoCursorEventR10cGZMessage	cWinListBoxInfoCursorEvent::DoMessage(cGZMessage &)
0019b440	DoPauseTimerRestart__26cWinListBoxInfoCursorEvent	cWinListBoxInfoCursorEvent::DoPauseTimerRestart(void)
0019b4d8	GZOnMouseUpL__26cWinListBoxInfoCursorEventiiUi	cWinListBoxInfoCursorEvent::GZOnMouseUpL(int, int, unsigned int)
0019b5a4	GZOnMouseUpR__26cWinListBoxInfoCursorEventiiUi	cWinListBoxInfoCursorEvent::GZOnMouseUpR(int, int, unsigned int)
0019b670	GZOnMouseMove__26cWinListBoxInfoCursorEventiiUi	cWinListBoxInfoCursorEvent::GZOnMouseMove(int, int, unsigned int)
0019b728	GetCursorPositionColumn__26cWinListBoxInfoCursorEventii	cWinListBoxInfoCursorEvent::GetCursorPositionColumn(int, int)
0019b7f0	GetItemIndexFromCursorPosition__26cWinListBoxInfoCursorEventiib	cWinListBoxInfoCursorEvent::GetItemIndexFromCursorPosition(int, int, bool)
0019b8a4	GetCursorPosition__26cWinListBoxInfoCursorEventRiT1	cWinListBoxInfoCursorEvent::GetCursorPosition(int &, int &)
0019b930	__14cWinListBoxIRCiiii	cWinListBoxIRC::cWinListBoxIRC(int, int, int, int)
0019ba10	GetTextArea__14cWinListBoxIRCR7cRZRect	cWinListBoxIRC::GetTextArea(cRZRect &)
0019baec	GZCharacter__14cWinListBoxIRCUi	cWinListBoxIRC::GZCharacter(unsigned int)
0019bb1c	GZOnKeyDown__14cWinListBoxIRCUiUi	cWinListBoxIRC::GZOnKeyDown(unsigned int, unsigned int)
0019bb50	GZOnKeyUp__14cWinListBoxIRCUiUi	cWinListBoxIRC::GZOnKeyUp(unsigned int, unsigned int)
0019bb84	__17cRZCOMDllDirector	cRZCOMDllDirector::cRZCOMDllDirector(void)
0019be14	_._17cRZCOMDllDirector	cRZCOMDllDirector::~cRZCOMDllDirector(void)
0019bf54	InitializeCOM__17cRZCOMDllDirectorP7cIGZCOMR10cIGZString	cRZCOMDllDirector::InitializeCOM(cIGZCOM *, cIGZString &)
0019c244	OnStart__17cRZCOMDllDirectorP7cIGZCOM	cRZCOMDllDirector::OnStart(cIGZCOM *)
0019c3a0	GetClassObject__17cRZCOMDllDirectorUiUiPPv	cRZCOMDllDirector::GetClassObject(unsigned int, unsigned int, void **)
0019c4b8	EnumClassObjects__17cRZCOMDllDirectorPFUiUiPv_vPv	cRZCOMDllDirector::EnumClassObjects(void (*)(unsigned int, unsigned int, void *), void *)
0019c598	AddDirector__17cRZCOMDllDirectorP17cRZCOMDllDirector	cRZCOMDllDirector::AddDirector(cRZCOMDllDirector *)
0019c640	OnUnload__17cRZCOMDllDirector	cRZCOMDllDirector::OnUnload(void)
0019c650	GZCOM__Fv	GZCOM(void)
0019c680	GZDllGetGZCOMDirector	GZDllGetGZCOMDirector
0019c6a0	QueryInterface__17cRZCOMDllDirectorUiPPv	cRZCOMDllDirector::QueryInterface(unsigned int, void **)
0019c71c	FrameWork__17cRZCOMDllDirector	cRZCOMDllDirector::FrameWork(void)
0019c72c	AddRef__17cRZCOMDllDirector	cRZCOMDllDirector::AddRef(void)
0019c748	Release__17cRZCOMDllDirector	cRZCOMDllDirector::Release(void)
0019c770	RemoveRef__17cRZCOMDllDirector	cRZCOMDllDirector::RemoveRef(void)
0019c788	RefCount__17cRZCOMDllDirector	cRZCOMDllDirector::RefCount(void)
0019c79c	ModuleName__17cRZCOMDllDirectorR10cIGZString	cRZCOMDllDirector::ModuleName(cIGZString &)
0019c7d0	CanUnloadNow__17cRZCOMDllDirector	cRZCOMDllDirector::CanUnloadNow(void)
0019c828	AddCls__17cRZCOMDllDirectorUiPFv_P11cIGZUnknownUi	cRZCOMDllDirector::AddCls(unsigned int, cIGZUnknown *(*)(void), unsigned int)
0019c87c	AppRegister__17cRZCOMDllDirectorP12cIGZRegistry	cRZCOMDllDirector::AppRegister(cIGZRegistry *)
0019c8d4	PreFrameWorkInit__17cRZCOMDllDirector	cRZCOMDllDirector::PreFrameWorkInit(void)
0019c8e0	PreAppInit__17cRZCOMDllDirector	cRZCOMDllDirector::PreAppInit(void)
0019c8ec	PostAppInit__17cRZCOMDllDirector	cRZCOMDllDirector::PostAppInit(void)
0019c8f8	PreAppShutdown__17cRZCOMDllDirector	cRZCOMDllDirector::PreAppShutdown(void)
0019c904	PostAppShutdown__17cRZCOMDllDirector	cRZCOMDllDirector::PostAppShutdown(void)
0019c910	PostSystemServiceShutdown__17cRZCOMDllDirector	cRZCOMDllDirector::PostSystemServiceShutdown(void)
0019c91c	AbortiveQuit__17cRZCOMDllDirector	cRZCOMDllDirector::AbortiveQuit(void)
0019c928	OnInstall__17cRZCOMDllDirector	cRZCOMDllDirector::OnInstall(void)
0019c934	GZCOM__17cRZCOMDllDirector	cRZCOMDllDirector::GZCOM(void)
0019c950	__out_of_range__FPCc	__out_of_range(char const *)
0019cbb8	__length_error__FPCc	__length_error(char const *)
0019ce18	__11logic_errorRCt12basic_string3ZcZt18string_char_traits1ZcZt24__default_alloc_template2b1i0	logic_error::logic_error(basic_string<char, string_char_traits<char>, __default_alloc_template<true, 0> > const &)
0019ce74	what__C11logic_error	logic_error::what(void) const
0019ce9c	__12domain_errorRCt12basic_string3ZcZt18string_char_traits1ZcZt24__default_alloc_template2b1i0	domain_error::domain_error(basic_string<char, string_char_traits<char>, __default_alloc_template<true, 0> > const &)
0019cefc	__16invalid_argumentRCt12basic_string3ZcZt18string_char_traits1ZcZt24__default_alloc_template2b1i0	invalid_argument::invalid_argument(basic_string<char, string_char_traits<char>, __default_alloc_template<true, 0> > const &)
0019cf5c	__12length_errorRCt12basic_string3ZcZt18string_char_traits1ZcZt24__default_alloc_template2b1i0	length_error::length_error(basic_string<char, string_char_traits<char>, __default_alloc_template<true, 0> > const &)
0019cfbc	__12out_of_rangeRCt12basic_string3ZcZt18string_char_traits1ZcZt24__default_alloc_template2b1i0	out_of_range::out_of_range(basic_string<char, string_char_traits<char>, __default_alloc_template<true, 0> > const &)
0019d01c	__13runtime_errorRCt12basic_string3ZcZt18string_char_traits1ZcZt24__default_alloc_template2b1i0	runtime_error::runtime_error(basic_string<char, string_char_traits<char>, __default_alloc_template<true, 0> > const &)
0019d07c	what__C13runtime_error	runtime_error::what(void) const
0019d0a0	__13runtime_error	runtime_error::runtime_error(void)
0019d104	__11range_errorRCt12basic_string3ZcZt18string_char_traits1ZcZt24__default_alloc_template2b1i0	range_error::range_error(basic_string<char, string_char_traits<char>, __default_alloc_template<true, 0> > const &)
0019d15c	__14overflow_errorRCt12basic_string3ZcZt18string_char_traits1ZcZt24__default_alloc_template2b1i0	overflow_error::overflow_error(basic_string<char, string_char_traits<char>, __default_alloc_template<true, 0> > const &)
0019d1bc	__15underflow_errorRCt12basic_string3ZcZt18string_char_traits1ZcZt24__default_alloc_template2b1i0	underflow_error::underflow_error(basic_string<char, string_char_traits<char>, __default_alloc_template<true, 0> > const &)
0019d220	__7istreamiP9streambufP7ostream	istream::istream(int, streambuf *, ostream *)
0019d2d4	skip_ws__FP9streambuf	skip_ws(streambuf *)
0019d308	get__7istreamRc	istream::get(char &)
0019d3e8	peek__7istream	istream::peek(void)
0019d444	ignore__7istreamii	istream::ignore(int, int)
0019d53c	read__7istreamPci	istream::read(char *, int)
0019d614	sync__7istream	istream::sync(void)
0019d654	seekg__7istreamx	istream::seekg(long long)
0019d68c	seekg__7istreamxQ23ios8seek_dir	istream::seekg(long long, ios::seek_dir)
0019d6cc	tellg__7istream	istream::tellg(void)
0019d70c	__rs__7istreamRc	istream::operator>>(char &)
0019d7f4	__rs__7istreamPc	istream::operator>>(char *)
0019dc10	__rs__7istreamRs	istream::operator>>(short &)
0019dc54	__rs__7istreamRUs	istream::operator>>(unsigned short &)
0019dc98	__rs__7istreamRi	istream::operator>>(int &)
0019dcd8	__rs__7istreamRUi	istream::operator>>(unsigned int &)
0019dd18	__rs__7istreamRl	istream::operator>>(long &)
0019dd58	__rs__7istreamRUl	istream::operator>>(unsigned long &)
0019dd98	__rs__7istreamRx	istream::operator>>(long long &)
0019dde0	__rs__7istreamRUx	istream::operator>>(unsigned long long &)
0019de28	__rs__7istreamRb	istream::operator>>(bool &)
0019de74	__rs__7istreamRr	istream::operator>>(long double &)
0019df48	__rs__7istreamRd	istream::operator>>(double &)
0019e018	__rs__7istreamRf	istream::operator>>(float &)
0019e0e8	__rs__7istreamP9streambuf	istream::operator>>(streambuf *)
0019e1ec	__ls__7ostreamc	ostream::operator<<(char)
0019e55c	__ls__7ostreami	ostream::operator<<(int)
0019e608	__ls__7ostreamUi	ostream::operator<<(unsigned int)
0019e698	__ls__7ostreaml	ostream::operator<<(long)
0019e744	__ls__7ostreamUl	ostream::operator<<(unsigned long)
0019e7d4	__ls__7ostreamx	ostream::operator<<(long long)
0019e888	__ls__7ostreamUx	ostream::operator<<(unsigned long long)
0019e918	__ls__7ostreamd	ostream::operator<<(double)
0019eac8	__ls__7ostreamr	ostream::operator<<(long double)
0019ec7c	__ls__7ostreamPCc	ostream::operator<<(char const *)
0019ee08	__ls__7ostreamP9streambuf	ostream::operator<<(streambuf *)
0019ef20	__7ostreamiP9streambufP7ostream	ostream::ostream(int, streambuf *, ostream *)
0019efcc	seekp__7ostreamx	ostream::seekp(long long)
0019f004	seekp__7ostreamxQ23ios8seek_dir	ostream::seekp(long long, ios::seek_dir)
0019f044	tellp__7ostream	ostream::tellp(void)
0019f084	flush__7ostream	ostream::flush(void)
0019f0b4	flush__FR7ostream	flush(ostream &)
0019f0cc	ws__FR7istream	ws(istream &)
0019f1a8	_skip_ws__7istream	istream::_skip_ws(void)
0019f1f0	ends__FR7ostream	ends(ostream &)
0019f214	endl__FR7ostream	endl(ostream &)
0019f240	lock__FR7istream	lock(istream &)
0019f260	unlock__FR7istream	unlock(istream &)
0019f280	lock__FR7ostream	lock(ostream &)
0019f2a0	unlock__FR7ostream	unlock(ostream &)
0019f2c0	write__7ostreamPCci	ostream::write(char const *, int)
0019f394	do_osfx__7ostream	ostream::do_osfx(void)
0019f3e0	__8iostreamiP9streambufP7ostream	iostream::iostream(int, streambuf *, ostream *)
0019f4a4	close__3ios	ios::close(void)
0019f4e8	skip__7istreami	istream::skip(int)
0019f510	__7ostreami	ostream::ostream(int)
0019f570	opfx__7ostream	ostream::opfx(void)
0019f5b4	osfx__7ostream	ostream::osfx(void)
0019f5e8	put__7ostreamc	ostream::put(char)
0019f610	put__7ostreamUc	ostream::put(unsigned char)
0019f638	put__7ostreamSc	ostream::put(signed char)
0019f660	write__7ostreamPCUci	ostream::write(unsigned char const *, int)
0019f680	write__7ostreamPCSci	ostream::write(signed char const *, int)
0019f6a0	write__7ostreamPCvi	ostream::write(void const *, int)
0019f6c0	__ls__7ostreamUc	ostream::operator<<(unsigned char)
0019f6dc	__ls__7ostreamSc	ostream::operator<<(signed char)
0019f6f8	__ls__7ostreamPCUc	ostream::operator<<(unsigned char const *)
0019f714	__ls__7ostreamPCSc	ostream::operator<<(signed char const *)
0019f730	__ls__7ostreams	ostream::operator<<(short)
0019f74c	__ls__7ostreamUs	ostream::operator<<(unsigned short)
0019f768	__ls__7ostreamb	ostream::operator<<(bool)
0019f784	__ls__7ostreamf	ostream::operator<<(float)
0019f7a4	__ls__7ostreamPFR7ostream_R7ostream	ostream::operator<<(ostream &(*)(ostream &))
0019f7bc	__ls__7ostreamPFR3ios_R3ios	ostream::operator<<(ios &(*)(ios &))
0019f7dc	ostreambuf__C7ostream	ostream::ostreambuf(void) const
0019f7ec	__7istreami	istream::istream(int)
0019f854	get__7istreamPUcic	istream::get(unsigned char *, int, char)
0019f878	get__7istreamRUc	istream::get(unsigned char &)
0019f894	getline__7istreamPUcic	istream::getline(unsigned char *, int, char)
0019f8b8	get__7istreamRSc	istream::get(signed char &)
0019f8d4	get__7istreamPScic	istream::get(signed char *, int, char)
0019f8f8	getline__7istreamPScic	istream::getline(signed char *, int, char)
0019f91c	read__7istreamPUci	istream::read(unsigned char *, int)
0019f93c	read__7istreamPSci	istream::read(signed char *, int)
0019f95c	read__7istreamPvi	istream::read(void *, int)
0019f97c	ipfx__7istreami	istream::ipfx(int)
0019fa00	ipfx0__7istream	istream::ipfx0(void)
0019fa64	ipfx1__7istream	istream::ipfx1(void)
0019fab8	isfx__7istream	istream::isfx(void)
0019fad4	get__7istream	istream::get(void)
0019fb58	gcount__7istream	istream::gcount(void)
0019fb68	putback__7istreamc	istream::putback(char)
0019fba0	unget__7istream	istream::unget(void)
0019fbd4	unget__7istreamc	istream::unget(char)
0019fc0c	istreambuf__C7istream	istream::istreambuf(void) const
0019fc1c	__rs__7istreamPUc	istream::operator>>(unsigned char *)
0019fc38	__rs__7istreamPSc	istream::operator>>(signed char *)
0019fc54	__rs__7istreamRUc	istream::operator>>(unsigned char &)
0019fc70	__rs__7istreamRSc	istream::operator>>(signed char &)
0019fc8c	__rs__7istreamPFR3ios_R3ios	istream::operator>>(ios &(*)(ios &))
0019fcac	__rs__7istreamPFR7istream_R7istream	istream::operator>>(istream &(*)(istream &))
0019fcc4	__8iostreami	iostream::iostream(int)
0019fd44	__as__22_IO_istream_withassignR22_IO_istream_withassign	_IO_istream_withassign::operator=(_IO_istream_withassign &)
0019fd60	__as__22_IO_ostream_withassignR22_IO_ostream_withassign	_IO_ostream_withassign::operator=(_IO_ostream_withassign &)
0019fd7c	dec__FR3ios	dec(ios &)
0019fd94	hex__FR3ios	hex(ios &)
0019fdac	oct__FR3ios	oct(ios &)
0019fdd0	getline__7istreamPcic	istream::getline(char *, int, char)
0019ff3c	get__7istreamPcic	istream::get(char *, int, char)
001a0048	_sb_readline__FP9streambufRlc	_sb_readline(streambuf *, long &, char)
001a0164	gets__7istreamPPcc	istream::gets(char **, char)
001a0270	scan__7istreamPCce	istream::scan(char const *,...)
001a0348	vscan__7istreamPCcPv	istream::vscan(char const *, void *)
001a0418	vscan__9streambufPCcPvP3ios	streambuf::vscan(char const *, void *, ios *)
001a0454	scan__9streambufPCce	streambuf::scan(char const *,...)
001a0474	sync_with_stdio__3iosi	ios::sync_with_stdio(int)
001a0480	_un_link__9streambuf	streambuf::_un_link(void)
001a0498	_link_in__9streambuf	streambuf::_link_in(void)
001a04b0	switch_to_get_mode__9streambuf	streambuf::switch_to_get_mode(void)
001a04c8	free_backup_area__9streambuf	streambuf::free_backup_area(void)
001a04e0	__overflow__FP9streambufi	__overflow(streambuf *, int)
001a0500	underflow__9streambuf	streambuf::underflow(void)
001a050c	uflow__9streambuf	streambuf::uflow(void)
001a0524	overflow__9streambufi	streambuf::overflow(int)
001a0530	xsputn__9streambufPCci	streambuf::xsputn(char const *, int)
001a0550	xsgetn__9streambufPci	streambuf::xsgetn(char *, int)
001a0570	ignore__9streambufi	streambuf::ignore(int)
001a05c0	sync__9streambuf	streambuf::sync(void)
001a05cc	pbackfail__9streambufi	streambuf::pbackfail(int)
001a05e8	setbuf__9streambufPci	streambuf::setbuf(char *, int)
001a0688	seekpos__9streambufxi	streambuf::seekpos(long long, int)
001a06b8	sseekpos__9streambufxi	streambuf::sseekpos(long long, int)
001a06d8	setb__9streambufPcT1i	streambuf::setb(char *, char *, int)
001a06fc	doallocate__9streambuf	streambuf::doallocate(void)
001a0714	doallocbuf__9streambuf	streambuf::doallocbuf(void)
001a072c	__9streambufi	streambuf::streambuf(int)
001a0768	_._9streambuf	streambuf::~streambuf(void)
001a07c8	seekoff__9streambufxQ23ios8seek_diri	streambuf::seekoff(long long, ios::seek_dir, int)
001a07dc	sseekoff__9streambufxQ23ios8seek_diri	streambuf::sseekoff(long long, ios::seek_dir, int)
001a0804	sputbackc__9streambufc	streambuf::sputbackc(char)
001a0820	sungetc__9streambuf	streambuf::sungetc(void)
001a0838	get_column__9streambuf	streambuf::get_column(void)
001a086c	set_column__9streambufi	streambuf::set_column(int)
001a0880	flush_all__9streambuf	streambuf::flush_all(void)
001a0890	flush_all_linebuffered__9streambuf	streambuf::flush_all_linebuffered(void)
001a08a0	sys_stat__9streambufPv	streambuf::sys_stat(void *)
001a08bc	sys_read__9streambufPci	streambuf::sys_read(char *, int)
001a08c8	sys_write__9streambufPCci	streambuf::sys_write(char const *, int)
001a08d4	sys_seek__9streambufxQ23ios8seek_dir	streambuf::sys_seek(long long, ios::seek_dir)
001a08e8	sys_close__9streambuf	streambuf::sys_close(void)
001a08f4	showmanyc__9streambuf	streambuf::showmanyc(void)
001a0900	imbue__9streambufPv	streambuf::imbue(void *)
001a0908	__12streammarkerP9streambuf	streammarker::streammarker(streambuf *)
001a0928	_._12streammarker	streammarker::~streammarker(void)
001a095c	delta__12streammarkerR12streammarker	streammarker::delta(streammarker &)
001a0978	delta__12streammarker	streammarker::delta(void)
001a0990	seekmark__9streambufR12streammarkeri	streambuf::seekmark(streammarker &, int)
001a09b0	unsave_markers__9streambuf	streambuf::unsave_markers(void)
001a09c8	readable__3ios	ios::readable(void)
001a09e0	writable__3ios	ios::writable(void)
001a09f8	is_open__3ios	ios::is_open(void)
001a0a1c	tie__C3ios	ios::tie(void) const
001a0a2c	tie__3iosP7ostream	ios::tie(ostream *)
001a0a44	fill__C3ios	ios::fill(void) const
001a0a54	fill__3iosw	ios::fill(wchar_t)
001a0a6c	flags__C3ios	ios::flags(void) const
001a0a7c	flags__3iosUl	ios::flags(unsigned long)
001a0a94	precision__C3ios	ios::precision(void) const
001a0aa4	precision__3iosi	ios::precision(int)
001a0abc	setf__3iosUl	ios::setf(unsigned long)
001a0ad4	setf__3iosUlUl	ios::setf(unsigned long, unsigned long)
001a0af8	unsetf__3iosUl	ios::unsetf(unsigned long)
001a0b14	width__C3ios	ios::width(void) const
001a0b24	width__3iosi	ios::width(int)
001a0b3c	_throw_failure__C3ios	ios::_throw_failure(void) const
001a0b44	clear__3iosi	ios::clear(int)
001a0b60	set__3iosi	ios::set(int)
001a0b70	setstate__3iosi	ios::setstate(int)
001a0b80	good__C3ios	ios::good(void) const
001a0b94	eof__C3ios	ios::eof(void) const
001a0ba8	fail__C3ios	ios::fail(void) const
001a0bbc	bad__C3ios	ios::bad(void) const
001a0bd0	rdstate__C3ios	ios::rdstate(void) const
001a0be0	__opPv__C3ios	ios::operator void *(void) const
001a0bfc	__nt__C3ios	ios::operator!(void) const
001a0c10	exceptions__C3ios	ios::exceptions(void) const
001a0c20	exceptions__3iosi	ios::exceptions(int)
001a0c30	rdbuf__C3ios	ios::rdbuf(void) const
001a0c3c	rdbuf__3iosP9streambuf	ios::rdbuf(streambuf *)
001a0c5c	sync_with_stdio__3ios	ios::sync_with_stdio(void)
001a0c70	unset__3ios11state_value	ios::unset(state_value)
001a0c84	__Q23ios4Init	ios::Init::Init(void)
001a0c90	set_offset__12streammarkeri	streammarker::set_offset(int)
001a0ca0	saving__12streammarker	streammarker::saving(void)
001a0cac	_vtable__9streambuf	streambuf::_vtable(void)
001a0cbc	xchain__9streambuf	streambuf::xchain(void)
001a0ccc	gptr__C9streambuf	streambuf::gptr(void) const
001a0ce8	pptr__C9streambuf	streambuf::pptr(void) const
001a0cf8	egptr__C9streambuf	streambuf::egptr(void) const
001a0d18	epptr__C9streambuf	streambuf::epptr(void) const
001a0d28	pbase__C9streambuf	streambuf::pbase(void) const
001a0d38	eback__C9streambuf	streambuf::eback(void) const
001a0d58	base__C9streambuf	streambuf::base(void) const
001a0d68	ebuf__C9streambuf	streambuf::ebuf(void) const
001a0d78	blen__C9streambuf	streambuf::blen(void) const
001a0d8c	xput_char__9streambufc	streambuf::xput_char(char)
001a0da4	xflags__9streambuf	streambuf::xflags(void)
001a0db0	xflags__9streambufi	streambuf::xflags(int)
001a0dc4	xsetflags__9streambufi	streambuf::xsetflags(int)
001a0dd4	xsetflags__9streambufii	streambuf::xsetflags(int, int)
001a0df0	gbump__9streambufi	streambuf::gbump(int)
001a0e0c	pbump__9streambufi	streambuf::pbump(int)
001a0e20	setp__9streambufPcT1	streambuf::setp(char *, char *)
001a0e3c	setg__9streambufPcN21	streambuf::setg(char *, char *, char *)
001a0e70	shortbuf__9streambuf	streambuf::shortbuf(void)
001a0e80	in_backup__9streambuf	streambuf::in_backup(void)
001a0e94	Gbase__9streambuf	streambuf::Gbase(void)
001a0eac	eGptr__9streambuf	streambuf::eGptr(void)
001a0ec8	Bbase__9streambuf	streambuf::Bbase(void)
001a0ee8	Bptr__9streambuf	streambuf::Bptr(void)
001a0ef8	eBptr__9streambuf	streambuf::eBptr(void)
001a0f18	Nbase__9streambuf	streambuf::Nbase(void)
001a0f28	eNptr__9streambuf	streambuf::eNptr(void)
001a0f38	have_backup__9streambuf	streambuf::have_backup(void)
001a0f4c	have_markers__9streambuf	streambuf::have_markers(void)
001a0f60	put_mode__9streambuf	streambuf::put_mode(void)
001a0f74	pubseekoff__9streambufxQ23ios8seek_diri	streambuf::pubseekoff(long long, ios::seek_dir, int)
001a0f9c	pubseekpos__9streambufxi	streambuf::pubseekpos(long long, int)
001a0fbc	unbuffered__9streambuf	streambuf::unbuffered(void)
001a0fd0	linebuffered__9streambuf	streambuf::linebuffered(void)
001a0fe4	unbuffered__9streambufi	streambuf::unbuffered(int)
001a0ffc	linebuffered__9streambufi	streambuf::linebuffered(int)
001a1018	allocate__9streambuf	streambuf::allocate(void)
001a1044	allocbuf__9streambuf	streambuf::allocbuf(void)
001a1060	in_avail__9streambuf	streambuf::in_avail(void)
001a1074	out_waiting__9streambuf	streambuf::out_waiting(void)
001a1088	sputn__9streambufPCci	streambuf::sputn(char const *, int)
001a10b0	padn__9streambufci	streambuf::padn(char, int)
001a10d0	sgetn__9streambufPci	streambuf::sgetn(char *, int)
001a10f0	sputc__9streambufi	streambuf::sputc(int)
001a110c	sbumpc__9streambuf	streambuf::sbumpc(void)
001a1124	sgetc__9streambuf	streambuf::sgetc(void)
001a113c	snextc__9streambuf	streambuf::snextc(void)
001a1174	stossc__9streambuf	streambuf::stossc(void)
001a118c	is_open__C7filebuf	filebuf::is_open(void) const
001a11a0	fd__C7filebuf	filebuf::fd(void) const
001a11bc	is_reading__7filebuf	filebuf::is_reading(void)
001a11f0	cur_ptr__7filebuf	filebuf::cur_ptr(void)
001a1230	file_ptr__7filebuf	filebuf::file_ptr(void)
001a1248	init__3iosP9streambufP7ostream	ios::init(streambuf *, ostream *)
001a1298	__3iosP9streambufP7ostream	ios::ios(streambuf *, ostream *)
001a12ec	_._3ios	ios::~ios(void)
001a1330	init__7filebuf	filebuf::init(void)
001a1348	__7filebuf	filebuf::filebuf(void)
001a13a8	__7filebufi	filebuf::filebuf(int)
001a140c	__7filebufiPci	filebuf::filebuf(int, char *, int)
001a148c	_._7filebuf	filebuf::~filebuf(void)
001a14e8	open__7filebufPCcii	filebuf::open(char const *, int, int)
001a1598	open__7filebufPCcT1	filebuf::open(char const *, char const *)
001a15b8	attach__7filebufi	filebuf::attach(int)
001a15d4	setbuf__7filebufPci	filebuf::setbuf(char *, int)
001a15f4	doallocate__7filebuf	filebuf::doallocate(void)
001a160c	overflow__7filebufi	filebuf::overflow(int)
001a1628	underflow__7filebuf	filebuf::underflow(void)
001a1640	sync__7filebuf	filebuf::sync(void)
001a1658	seekoff__7filebufxQ23ios8seek_diri	filebuf::seekoff(long long, ios::seek_dir, int)
001a1680	close__7filebuf	filebuf::close(void)
001a16a4	sys_read__7filebufPci	filebuf::sys_read(char *, int)
001a16c4	sys_seek__7filebufxQ23ios8seek_dir	filebuf::sys_seek(long long, ios::seek_dir)
001a16e4	sys_write__7filebufPCci	filebuf::sys_write(char const *, int)
001a1704	sys_stat__7filebufPv	filebuf::sys_stat(void *)
001a1720	sys_close__7filebuf	filebuf::sys_close(void)
001a1738	xsputn__7filebufPCci	filebuf::xsputn(char const *, int)
001a1758	xsgetn__7filebufPci	filebuf::xsgetn(char *, int)
001a1780	__as__22_IO_istream_withassignR7istream	_IO_istream_withassign::operator=(istream &)
001a17e4	__as__22_IO_ostream_withassignR7ostream	_IO_ostream_withassign::operator=(ostream &)
001a1844	__default_terminate	__default_terminate
001a1860	__terminate	__terminate
001a1888	__throw_type_match	__throw_type_match
001a18bc	__empty	__empty
001a1918	__get_eh_context	__get_eh_context
001a193c	__get_eh_info	__get_eh_info
001a19ec	__get_dynamic_handler_chain	__get_dynamic_handler_chain
001a1a14	__sjthrow	__sjthrow
001a1b24	__sjpopnthrow	__sjpopnthrow
001a1c1c	__eh_rtime_match	__eh_rtime_match
001a1c74	__get_eh_table_version	__get_eh_table_version
001a1c84	__get_eh_table_language	__get_eh_table_language
001a1f28	__unwinding_cleanup	__unwinding_cleanup
001a2298	__throw	__throw
001a2358	__rethrow	__rethrow
001a2424	__pure_virtual	__pure_virtual
001a2460	__udivdi3	__udivdi3
001a2580	__umoddi3	__umoddi3
001a2714	terminate__Fv	terminate(void)
001a2734	__default_unexpected__Fv	__default_unexpected(void)
001a2750	set_terminate__FPFv_v	set_terminate(void (*)(void))
001a2778	set_unexpected__FPFv_v	set_unexpected(void (*)(void))
001a27a4	unexpected__Fv	unexpected(void)
001a27c4	__cp_exception_info	__cp_exception_info
001a27ec	__cp_eh_info	__cp_eh_info
001a2810	__start_cp_handler	__start_cp_handler
001a283c	__eh_alloc	__eh_alloc
001a2874	__eh_free	__eh_free
001a28a0	__cplus_type_matcher	__cplus_type_matcher
001a290c	__cp_push_exception	__cp_push_exception
001a2980	__cp_pop_exception	__cp_pop_exception
001a2a30	__uncatch_exception	__uncatch_exception
001a2a60	__check_eh_spec	__check_eh_spec
001a2c34	__throw_bad_cast	__throw_bad_cast
001a2cd8	__throw_bad_typeid	__throw_bad_typeid
001a2d78	uncaught_exception__Fv	uncaught_exception(void)
001a2dac	what__C9exception	exception::what(void) const
001a2dd4	__9exception	exception::exception(void)
001a2dfc	_._9exception	exception::~exception(void)
001a2e34	__13bad_exception	bad_exception::bad_exception(void)
001a2e64	_._13bad_exception	bad_exception::~bad_exception(void)
001a3924	__register_frame_info	__register_frame_info
001a3970	__register_frame	__register_frame
001a39a8	__register_frame_info_table	__register_frame_info_table
001a39f0	__register_frame_table	__register_frame_table
001a3a28	__deregister_frame_info	__deregister_frame_info
001a3a90	__deregister_frame	__deregister_frame
001a3ac4	__frame_state_for	__frame_state_for
001a3d44	__builtin_delete	__builtin_delete
001a3de4	__builtin_new	__builtin_new
001a3f44	__builtin_vec_delete	__builtin_vec_delete
001a3fe4	__builtin_vec_new	__builtin_vec_new
001a4094	_._9type_info	type_info::~type_info(void)
001a40cc	__eq__C9type_infoRC9type_info	type_info::operator==(type_info const &) const
001a4110	__rtti_class	__rtti_class
001a415c	__rtti_si	__rtti_si
001a41a4	__rtti_user	__rtti_user
001a41dc	dcast__C16__user_type_infoRC9type_infoiPvPC9type_infoT3	__user_type_info::dcast(type_info const &, int, void *, type_info const *, void *) const
001a4214	dcast__C14__si_type_infoRC9type_infoiPvPC9type_infoT3	__si_type_info::dcast(type_info const &, int, void *, type_info const *, void *) const
001a4274	dcast__C17__class_type_infoRC9type_infoiPvPC9type_infoT3	__class_type_info::dcast(type_info const &, int, void *, type_info const *, void *) const
001a43c4	__9type_infoPCc	type_info::type_info(char const *)
001a43ec	name__C9type_info	type_info::name(void) const
001a43fc	__ne__C9type_infoRC9type_info	type_info::operator!=(type_info const &) const
001a442c	__8bad_cast	bad_cast::bad_cast(void)
001a445c	_._8bad_cast	bad_cast::~bad_cast(void)
001a449c	__10bad_typeid	bad_typeid::bad_typeid(void)
001a44cc	_._10bad_typeid	bad_typeid::~bad_typeid(void)
001a450c	__16__user_type_infoPCc	__user_type_info::__user_type_info(char const *)
001a4540	__14__si_type_infoPCcRC16__user_type_info	__si_type_info::__si_type_info(char const *, __user_type_info const &)
001a4588	__17__class_type_infoPCcPCQ217__class_type_info9base_infoUi	__class_type_info::__class_type_info(char const *, __class_type_info::base_info const *, unsigned int)
001a45e4	before__C9type_infoRC9type_info	type_info::before(type_info const &) const
001a4618	__throw_type_match_rtti	__throw_type_match_rtti
001a4ab0	__is_pointer__FPv	__is_pointer(void *)
001a4b04	__rtti_ptr	__rtti_ptr
001a4b40	__rtti_attr	__rtti_attr
001a4b84	__rtti_func	__rtti_func
001a4bbc	__rtti_ptmf	__rtti_ptmf
001a4bf4	__rtti_ptmd	__rtti_ptmd
001a4c2c	__rtti_array	__rtti_array
001a4c64	__dynamic_cast	__dynamic_cast
001a4cb8	__tfv	void type_info function
001a4d00	__tfx	long long type_info function
001a4d48	__tfl	long type_info function
001a4d90	__tfi	int type_info function
001a4dd8	__tfs	short type_info function
001a4e20	__tfb	bool type_info function
001a4e68	__tfc	char type_info function
001a4eb0	__tfw	wchar_t type_info function
001a4ef8	__tfr	long double type_info function
001a4f40	__tfd	double type_info function
001a4f88	__tff	float type_info function
001a4fd0	__tfUi	unsigned int type_info function
001a5018	__tfUl	unsigned long type_info function
001a5060	__tfUx	unsigned long long type_info function
001a50a8	__tfUs	unsigned short type_info function
001a50f0	__tfUc	unsigned char type_info function
001a5138	__tfSc	signed char type_info function
001a5180	set_new_handler__FPFv_v	set_new_handler(void (*)(void))
001a51a8	what__C9bad_alloc	bad_alloc::what(void) const
001a51c8	__nw__FUiPv	operator new(unsigned int, void *)
001a51e4	__vn__FUiPv	operator new [](unsigned int, void *)
001a5274	clone__Q2t12basic_string3ZcZt18string_char_traits1ZcZt24__default_alloc_template2b1i0_3Rep	basic_string<char, string_char_traits<char>, __default_alloc_template<true, 0> >::Rep::clone(void)
001a53e4	alloc__t12basic_string3ZcZt18string_char_traits1ZcZt24__default_alloc_template2b1i0Uib	basic_string<char, string_char_traits<char>, __default_alloc_template<true, 0> >::alloc(unsigned int, bool)
001a5624	replace__t12basic_string3ZcZt18string_char_traits1ZcZt24__default_alloc_template2b1i0UiUiUic	basic_string<char, string_char_traits<char>, __default_alloc_template<true, 0> >::replace(unsigned int, unsigned int, unsigned int, char)
001a5964	replace__t12basic_string3ZcZt18string_char_traits1ZcZt24__default_alloc_template2b1i0UiUiPCcUi	basic_string<char, string_char_traits<char>, __default_alloc_template<true, 0> >::replace(unsigned int, unsigned int, char const *, unsigned int)
001a5cb4	replace__t12basic_string3ZcZt18string_char_traits1ZcZt24__default_alloc_template2b1i0UiUiRCt12basic_string3ZcZt18string_char_traits1ZcZt24__default_alloc_template2b1i0UiUi	basic_string<char, string_char_traits<char>, __default_alloc_template<true, 0> >::replace(unsigned int, unsigned int, basic_string<char, string_char_traits<char>, __default_alloc_template<true, 0> > const &, unsigned int, unsigned int)
001a5e14	replace__H1ZPCc_t12basic_string3ZcZt18string_char_traits1ZcZt24__default_alloc_template2b1i0PcT1X00X00_Rt12basic_string3ZcZt18string_char_traits1ZcZt24__default_alloc_template2b1i0	basic_string<char, string_char_traits<char>, __default_alloc_template<true, 0> > & basic_string<char, string_char_traits<char>, __default_alloc_template<true, 0> >::replace<char const *>(char *, char *, char const *, char const *)
001a6174	compare__Ct12basic_string3ZcZt18string_char_traits1ZcZt24__default_alloc_template2b1i0RCt12basic_string3ZcZt18string_char_traits1ZcZt24__default_alloc_template2b1i0UiUi	basic_string<char, string_char_traits<char>, __default_alloc_template<true, 0> >::compare(basic_string<char, string_char_traits<char>, __default_alloc_template<true, 0> > const &, unsigned int, unsigned int) const
001a6224	_S_chunk_alloc__t24__default_alloc_template2b1i0UiRi	__default_alloc_template<true, 0>::_S_chunk_alloc(unsigned int, int &)
001a6384	clear__t10_List_base2ZPQ213cSC3WinAdvOrd8tOrdLineZt9allocator1ZPQ213cSC3WinAdvOrd8tOrdLine	_List_base<cSC3WinAdvOrd::tOrdLine *, allocator<cSC3WinAdvOrd::tOrdLine *> >::clear(void)
001a6400	__thunk_4_QueryInterface__14cSC3AdvDlgMainUiPPv	virtual function thunk (delta:-4) for cSC3AdvDlgMain::QueryInterface(unsigned int, void **)
001a641c	__thunk_4_AddRef__14cSC3AdvDlgMain	virtual function thunk (delta:-4) for cSC3AdvDlgMain::AddRef(void)
001a6438	__thunk_4_Release__14cSC3AdvDlgMain	virtual function thunk (delta:-4) for cSC3AdvDlgMain::Release(void)
001a6454	__thunk_4_DoMessage__14cSC3AdvDlgMainR10cGZMessage	virtual function thunk (delta:-4) for cSC3AdvDlgMain::DoMessage(cGZMessage &)
001a6470	__thunk_156_QueryInterface__14cSC3WinOrdListUiPPv	virtual function thunk (delta:-156) for cSC3WinOrdList::QueryInterface(unsigned int, void **)
001a6490	__thunk_156_AddRef__14cSC3WinOrdList	virtual function thunk (delta:-156) for cSC3WinOrdList::AddRef(void)
001a64b0	__thunk_156_Release__14cSC3WinOrdList	virtual function thunk (delta:-156) for cSC3WinOrdList::Release(void)
001a64d0	__thunk_156_AsIGZWin__14cSC3WinOrdList	virtual function thunk (delta:-156) for cSC3WinOrdList::AsIGZWin(void)
001a64f0	__thunk_156_GetMinMaxInfo__14cSC3WinOrdListR7cRZRect	virtual function thunk (delta:-156) for cSC3WinOrdList::GetMinMaxInfo(cRZRect &)
001a6510	__thunk_160_QueryInterface__13cSC3WinAdvOrdUiPPv	virtual function thunk (delta:-160) for cSC3WinAdvOrd::QueryInterface(unsigned int, void **)
001a6530	__thunk_160_AddRef__13cSC3WinAdvOrd	virtual function thunk (delta:-160) for cSC3WinAdvOrd::AddRef(void)
001a6550	__thunk_160_Release__13cSC3WinAdvOrd	virtual function thunk (delta:-160) for cSC3WinAdvOrd::Release(void)
001a6570	__thunk_160_AsIGZWin__13cSC3WinAdvOrd	virtual function thunk (delta:-160) for cSC3WinAdvOrd::AsIGZWin(void)
001a6590	__thunk_160_SetAssociatedAdvisorID__13cSC3WinAdvOrdUi	virtual function thunk (delta:-160) for cSC3WinAdvOrd::SetAssociatedAdvisorID(unsigned int)
001a65b0	__thunk_160_GetValue__C13cSC3WinAdvOrd	virtual function thunk (delta:-160) for cSC3WinAdvOrd::GetValue(void) const
001a65d0	__thunk_156_QueryInterface__13cSC3WinAdvOrdUiPPv	virtual function thunk (delta:-156) for cSC3WinAdvOrd::QueryInterface(unsigned int, void **)
001a65f0	__thunk_156_AddRef__13cSC3WinAdvOrd	virtual function thunk (delta:-156) for cSC3WinAdvOrd::AddRef(void)
001a6610	__thunk_156_Release__13cSC3WinAdvOrd	virtual function thunk (delta:-156) for cSC3WinAdvOrd::Release(void)
001a6630	__thunk_156_AsIGZWin__13cSC3WinAdvOrd	virtual function thunk (delta:-156) for cSC3WinAdvOrd::AsIGZWin(void)
001a6650	__thunk_156_GetMinMaxInfo__13cSC3WinAdvOrdR7cRZRect	virtual function thunk (delta:-156) for cSC3WinAdvOrd::GetMinMaxInfo(cRZRect &)
001a6670	__thunk_156_LayoutW__13cSC3WinAdvOrdi	virtual function thunk (delta:-156) for cSC3WinAdvOrd::LayoutW(int)
001a6690	__thunk_156_LayoutH__13cSC3WinAdvOrdi	virtual function thunk (delta:-156) for cSC3WinAdvOrd::LayoutH(int)
001a66b4	GetDepthFromColorType__18cGZBufferColorTypeQ218cGZBufferColorType10eColorType	cGZBufferColorType::GetDepthFromColorType(cGZBufferColorType::eColorType)
001a674c	_._7cRZLock	cRZLock::~cRZLock(void)
001a67a4	_S_oom_malloc__t23__malloc_alloc_template1i0Ui	__malloc_alloc_template<0>::_S_oom_malloc(unsigned int)
001a6824	_S_refill__t24__default_alloc_template2b1i0Ui	__default_alloc_template<true, 0>::_S_refill(unsigned int)
001a68b4	_M_insert_aux__t6vector2ZP17cISC3CatalogEntryZt9allocator1ZP17cISC3CatalogEntryPP17cISC3CatalogEntryRCP17cISC3CatalogEntry	vector<cISC3CatalogEntry *, allocator<cISC3CatalogEntry *> >::_M_insert_aux(cISC3CatalogEntry **, cISC3CatalogEntry *const &)
001a6be0	find__t8_Rb_tree5ZUiZt4pair2ZCUiZP22cISC3CatalogEntryFieldZt10_Select1st1Zt4pair2ZCUiZP22cISC3CatalogEntryFieldZt4less1ZUiZt9allocator1ZP22cISC3CatalogEntryFieldRCUi	_Rb_tree<unsigned int, pair<unsigned int const, cISC3CatalogEntryField *>, _Select1st<pair<unsigned int const, cISC3CatalogEntryField *> >, less<unsigned int>, allocator<cISC3CatalogEntryField *> >::find(unsigned int const &)
001a6c44	_M_insert__t8_Rb_tree5ZUiZt4pair2ZCUiZP22cISC3CatalogEntryFieldZt10_Select1st1Zt4pair2ZCUiZP22cISC3CatalogEntryFieldZt4less1ZUiZt9allocator1ZP22cISC3CatalogEntryFieldP18_Rb_tree_node_baseT1RCt4pair2ZCUiZP22cISC3CatalogEntryField	_Rb_tree<unsigned int, pair<unsigned int const, cISC3CatalogEntryField *>, _Select1st<pair<unsigned int const, cISC3CatalogEntryField *> >, less<unsigned int>, allocator<cISC3CatalogEntryField *> >::_M_insert(_Rb_tree_node_base *, _Rb_tree_node_base *, pair<unsigned int const, cISC3CatalogEntryField *> const &)
001a7024	insert_unique__t8_Rb_tree5ZUiZt4pair2ZCUiZP22cISC3CatalogEntryFieldZt10_Select1st1Zt4pair2ZCUiZP22cISC3CatalogEntryFieldZt4less1ZUiZt9allocator1ZP22cISC3CatalogEntryFieldRCt4pair2ZCUiZP22cISC3CatalogEntryField	_Rb_tree<unsigned int, pair<unsigned int const, cISC3CatalogEntryField *>, _Select1st<pair<unsigned int const, cISC3CatalogEntryField *> >, less<unsigned int>, allocator<cISC3CatalogEntryField *> >::insert_unique(pair<unsigned int const, cISC3CatalogEntryField *> const &)
001a7114	_M_erase__t8_Rb_tree5ZUiZt4pair2ZCUiZP22cISC3CatalogEntryFieldZt10_Select1st1Zt4pair2ZCUiZP22cISC3CatalogEntryFieldZt4less1ZUiZt9allocator1ZP22cISC3CatalogEntryFieldPt13_Rb_tree_node1Zt4pair2ZCUiZP22cISC3CatalogEntryField	_Rb_tree<unsigned int, pair<unsigned int const, cISC3CatalogEntryField *>, _Select1st<pair<unsigned int const, cISC3CatalogEntryField *> >, less<unsigned int>, allocator<cISC3CatalogEntryField *> >::_M_erase(_Rb_tree_node<pair<unsigned int const, cISC3CatalogEntryField *> > *)
001a7194	erase__t8_Rb_tree5ZUiZt4pair2ZCUiZP22cISC3CatalogEntryFieldZt10_Select1st1Zt4pair2ZCUiZP22cISC3CatalogEntryFieldZt4less1ZUiZt9allocator1ZP22cISC3CatalogEntryFieldGt17_Rb_tree_iterator3Zt4pair2ZCUiZP22cISC3CatalogEntryFieldZRt4pair2ZCUiZP22cISC3CatalogEntryFieldZPt4pair2ZCUiZP22cISC3CatalogEntryFieldT1	_Rb_tree<unsigned int, pair<unsigned int const, cISC3CatalogEntryField *>, _Select1st<pair<unsigned int const, cISC3CatalogEntryField *> >, less<unsigned int>, allocator<cISC3CatalogEntryField *> >::erase(_Rb_tree_iterator<pair<unsigned int const, cISC3CatalogEntryField *>, pair<unsigned int const, cISC3CatalogEntryField *> &, pair<unsigned int const, cISC3CatalogEntryField *> *>, _Rb_tree_iterator<pair<unsigned int const, cISC3CatalogEntryField *>, pair<unsigned int const, cISC3CatalogEntryField *> &, pair<unsigned int const, cISC3CatalogEntryField *> *>)
001a76a0	_._t3map4ZUiZP22cISC3CatalogEntryFieldZt4less1ZUiZt9allocator1ZP22cISC3CatalogEntryField	map<unsigned int, cISC3CatalogEntryField *, less<unsigned int>, allocator<cISC3CatalogEntryField *> >::~map(void)
001a7744	__thunk_8__._17cSC3CmdAdvisorDlg	virtual function thunk (delta:-8) for cSC3CmdAdvisorDlg::~cSC3CmdAdvisorDlg(void)
001a7760	__thunk_4_Release__14cRZGameCommand	virtual function thunk (delta:-4) for cRZGameCommand::Release(void)
001a777c	__thunk_4_AddRef__14cRZGameCommand	virtual function thunk (delta:-4) for cRZGameCommand::AddRef(void)
001a7798	__thunk_4_Execute__17cSC3CmdAdvisorDlg	virtual function thunk (delta:-4) for cSC3CmdAdvisorDlg::Execute(void)
001a77b8	_._17cSC3CmdAdvisorDlg	cSC3CmdAdvisorDlg::~cSC3CmdAdvisorDlg(void)
001a7814	_._17cRZDirectoryEntry	cRZDirectoryEntry::~cRZDirectoryEntry(void)
001a78d4	clear__t10_List_base2Z17cRZDirectoryEntryZt9allocator1Z17cRZDirectoryEntry	_List_base<cRZDirectoryEntry, allocator<cRZDirectoryEntry> >::clear(void)
001a7974	clear__t10_List_base2Z9cRZStringZt9allocator1Z9cRZString	_List_base<cRZString, allocator<cRZString> >::clear(void)
001a7a14	merge__t4list2Z9cRZStringZt9allocator1Z9cRZStringRt4list2Z9cRZStringZt9allocator1Z9cRZString	list<cRZString, allocator<cRZString> >::merge(list<cRZString, allocator<cRZString> > &)
001a7b54	sort__t4list2Z9cRZStringZt9allocator1Z9cRZString	list<cRZString, allocator<cRZString> >::sort(void)
001a8194	__thunk_8__._30cSC3CmdCityImageThumbnail_Bulk	virtual function thunk (delta:-8) for cSC3CmdCityImageThumbnail_Bulk::~cSC3CmdCityImageThumbnail_Bulk(void)
001a81b0	__thunk_8_Release__30cSC3CmdCityImageThumbnail_Bulk	virtual function thunk (delta:-8) for cSC3CmdCityImageThumbnail_Bulk::Release(void)
001a81cc	__thunk_8_AddRef__30cSC3CmdCityImageThumbnail_Bulk	virtual function thunk (delta:-8) for cSC3CmdCityImageThumbnail_Bulk::AddRef(void)
001a81e8	__thunk_4_QueryInterface__30cSC3CmdCityImageThumbnail_BulkUiPPv	virtual function thunk (delta:-4) for cSC3CmdCityImageThumbnail_Bulk::QueryInterface(unsigned int, void **)
001a8204	__thunk_4_AddRef__30cSC3CmdCityImageThumbnail_Bulk	virtual function thunk (delta:-4) for cSC3CmdCityImageThumbnail_Bulk::AddRef(void)
001a8220	__thunk_4_Release__30cSC3CmdCityImageThumbnail_Bulk	virtual function thunk (delta:-4) for cSC3CmdCityImageThumbnail_Bulk::Release(void)
001a823c	__thunk_4_Execute__30cSC3CmdCityImageThumbnail_Bulk	virtual function thunk (delta:-4) for cSC3CmdCityImageThumbnail_Bulk::Execute(void)
001a8258	__thunk_12__._25cSC3CmdCityImageThumbnail	virtual function thunk (delta:-12) for cSC3CmdCityImageThumbnail::~cSC3CmdCityImageThumbnail(void)
001a8274	__thunk_12_Release__25cSC3CmdCityImageThumbnail	virtual function thunk (delta:-12) for cSC3CmdCityImageThumbnail::Release(void)
001a8290	__thunk_12_AddRef__25cSC3CmdCityImageThumbnail	virtual function thunk (delta:-12) for cSC3CmdCityImageThumbnail::AddRef(void)
001a82ac	__thunk_8_QueryInterface__25cSC3CmdCityImageThumbnailUiPPv	virtual function thunk (delta:-8) for cSC3CmdCityImageThumbnail::QueryInterface(unsigned int, void **)
001a82c8	__thunk_8_AddRef__25cSC3CmdCityImageThumbnail	virtual function thunk (delta:-8) for cSC3CmdCityImageThumbnail::AddRef(void)
001a82e4	__thunk_8_Release__25cSC3CmdCityImageThumbnail	virtual function thunk (delta:-8) for cSC3CmdCityImageThumbnail::Release(void)
001a8300	__thunk_8_Execute__25cSC3CmdCityImageThumbnail	virtual function thunk (delta:-8) for cSC3CmdCityImageThumbnail::Execute(void)
001a831c	__thunk_4_QueryInterface__25cSC3CmdCityImageThumbnailUiPPv	virtual function thunk (delta:-4) for cSC3CmdCityImageThumbnail::QueryInterface(unsigned int, void **)
001a8338	__thunk_4_AddRef__25cSC3CmdCityImageThumbnail	virtual function thunk (delta:-4) for cSC3CmdCityImageThumbnail::AddRef(void)
001a8354	__thunk_4_Release__25cSC3CmdCityImageThumbnail	virtual function thunk (delta:-4) for cSC3CmdCityImageThumbnail::Release(void)
001a8370	__thunk_4_EnumLayer__25cSC3CmdCityImageThumbnailR10cGZMessageP14cISC3CityLayer	virtual function thunk (delta:-4) for cSC3CmdCityImageThumbnail::EnumLayer(cGZMessage &, cISC3CityLayer *)
001a8390	_._25cSC3CmdCityImageThumbnail	cSC3CmdCityImageThumbnail::~cSC3CmdCityImageThumbnail(void)
001a8410	_._30cSC3CmdCityImageThumbnail_Bulk	cSC3CmdCityImageThumbnail_Bulk::~cSC3CmdCityImageThumbnail_Bulk(void)
001a8474	_._12cRZDirectory	cRZDirectory::~cRZDirectory(void)
001a8604	_._7cRZPath	cRZPath::~cRZPath(void)
001a88c4	__thunk_4__._16cSC3CmdGameSpeed	virtual function thunk (delta:-4) for cSC3CmdGameSpeed::~cSC3CmdGameSpeed(void)
001a88e0	__thunk_8__._14cSC3CmdMapView	virtual function thunk (delta:-8) for cSC3CmdMapView::~cSC3CmdMapView(void)
001a88fc	__thunk_4_Execute__14cSC3CmdMapView	virtual function thunk (delta:-4) for cSC3CmdMapView::Execute(void)
001a891c	_._14cSC3CmdMapView	cSC3CmdMapView::~cSC3CmdMapView(void)
001a8974	__thunk_4__._13cSC3CmdMsgBox	virtual function thunk (delta:-4) for cSC3CmdMsgBox::~cSC3CmdMsgBox(void)
001a8994	_._Q217cSC3WinProcMsgBox14tSC3MsgBoxInfo	cSC3WinProcMsgBox::tSC3MsgBoxInfo::~tSC3MsgBoxInfo(void)
001a8ad4	__Q217cSC3WinProcMsgBox14tSC3MsgBoxInfo	cSC3WinProcMsgBox::tSC3MsgBoxInfo::tSC3MsgBoxInfo(void)
001a8c40	__thunk_4__._22cSC3CmdOptsPrefsDialog	virtual function thunk (delta:-4) for cSC3CmdOptsPrefsDialog::~cSC3CmdOptsPrefsDialog(void)
001a8c60	_._22cSC3CmdOptsPrefsDialog	cSC3CmdOptsPrefsDialog::~cSC3CmdOptsPrefsDialog(void)
001a8c9c	__thunk_4__._19cSC3CmdPerformQuery	virtual function thunk (delta:-4) for cSC3CmdPerformQuery::~cSC3CmdPerformQuery(void)
001a8cbc	_._19cSC3CmdPerformQuery	cSC3CmdPerformQuery::~cSC3CmdPerformQuery(void)
001a8cf8	__thunk_8__._15cSC3CmdProgress	virtual function thunk (delta:-8) for cSC3CmdProgress::~cSC3CmdProgress(void)
001a8d14	__thunk_4_Execute__15cSC3CmdProgress	virtual function thunk (delta:-4) for cSC3CmdProgress::Execute(void)
001a8d34	_._15cSC3CmdProgress	cSC3CmdProgress::~cSC3CmdProgress(void)
001a8d8c	__thunk_4__._21cSC3CmdSCNProgressDlg	virtual function thunk (delta:-4) for cSC3CmdSCNProgressDlg::~cSC3CmdSCNProgressDlg(void)
001a8dac	_._21cSC3CmdSCNProgressDlg	cSC3CmdSCNProgressDlg::~cSC3CmdSCNProgressDlg(void)
001a8de8	__thunk_4__._22cSC3CmdSelectABuilding	virtual function thunk (delta:-4) for cSC3CmdSelectABuilding::~cSC3CmdSelectABuilding(void)
001a8e08	_._22cSC3CmdSelectABuilding	cSC3CmdSelectABuilding::~cSC3CmdSelectABuilding(void)
001a8e44	__thunk_4_QueryInterface__23cSC3CmdSelectCitySchemeUiPPv	virtual function thunk (delta:-4) for cSC3CmdSelectCityScheme::QueryInterface(unsigned int, void **)
001a8e60	__thunk_4_AddRef__23cSC3CmdSelectCityScheme	virtual function thunk (delta:-4) for cSC3CmdSelectCityScheme::AddRef(void)
001a8e7c	__thunk_4_Release__23cSC3CmdSelectCityScheme	virtual function thunk (delta:-4) for cSC3CmdSelectCityScheme::Release(void)
001a8e98	__thunk_4_Execute__23cSC3CmdSelectCityScheme	virtual function thunk (delta:-4) for cSC3CmdSelectCityScheme::Execute(void)
001a8eb4	__thunk_8__._23cSC3CmdSelectCityScheme	virtual function thunk (delta:-8) for cSC3CmdSelectCityScheme::~cSC3CmdSelectCityScheme(void)
001a8ed0	__thunk_8_Release__23cSC3CmdSelectCityScheme	virtual function thunk (delta:-8) for cSC3CmdSelectCityScheme::Release(void)
001a8eec	__thunk_8_AddRef__23cSC3CmdSelectCityScheme	virtual function thunk (delta:-8) for cSC3CmdSelectCityScheme::AddRef(void)
001a8f0c	_._19cSC3CmdSimUIFactory	cSC3CmdSimUIFactory::~cSC3CmdSimUIFactory(void)
001a8f38	__thunk_4__._23cSC3CmdWinBusinessDeals	virtual function thunk (delta:-4) for cSC3CmdWinBusinessDeals::~cSC3CmdWinBusinessDeals(void)
001a8f58	_._23cSC3CmdWinBusinessDeals	cSC3CmdWinBusinessDeals::~cSC3CmdWinBusinessDeals(void)
001a8f94	__thunk_4__._16cSC3CmdWinLayers	virtual function thunk (delta:-4) for cSC3CmdWinLayers::~cSC3CmdWinLayers(void)
001a8fb4	_._16cSC3CmdWinLayers	cSC3CmdWinLayers::~cSC3CmdWinLayers(void)
001a8ff0	__thunk_4__._21cSC3CmdWinTipOfTheDay	virtual function thunk (delta:-4) for cSC3CmdWinTipOfTheDay::~cSC3CmdWinTipOfTheDay(void)
001a9010	_._21cSC3CmdWinTipOfTheDay	cSC3CmdWinTipOfTheDay::~cSC3CmdWinTipOfTheDay(void)
001a9054	_M_erase__t8_Rb_tree5ZUiZt4pair2ZCUiZPFP14cIGZWinCtrlMgrUiPPv_bZt10_Select1st1Zt4pair2ZCUiZPFP14cIGZWinCtrlMgrUiPPv_bZt4less1ZUiZt9allocator1ZPFP14cIGZWinCtrlMgrUiPPv_bPt13_Rb_tree_node1Zt4pair2ZCUiZPFP14cIGZWinCtrlMgrUiPPv_b	_Rb_tree<unsigned int, pair<unsigned int const, bool (*)(cIGZWinCtrlMgr *, unsigned int, void **)>, _Select1st<pair<unsigned int const, bool (*)(cIGZWinCtrlMgr *, unsigned int, void **)> >, less<unsigned int>, allocator<bool (*)(cIGZWinCtrlMgr *, unsigned int, void **)> >::_M_erase(_Rb_tree_node<pair<unsigned int const, bool (*)(cIGZWinCtrlMgr *, unsigned int, void **)> > *)
001a90d0	find__t8_Rb_tree5ZUiZt4pair2ZCUiZPFP14cIGZWinCtrlMgrUiPPv_bZt10_Select1st1Zt4pair2ZCUiZPFP14cIGZWinCtrlMgrUiPPv_bZt4less1ZUiZt9allocator1ZPFP14cIGZWinCtrlMgrUiPPv_bRCUi	_Rb_tree<unsigned int, pair<unsigned int const, bool (*)(cIGZWinCtrlMgr *, unsigned int, void **)>, _Select1st<pair<unsigned int const, bool (*)(cIGZWinCtrlMgr *, unsigned int, void **)> >, less<unsigned int>, allocator<bool (*)(cIGZWinCtrlMgr *, unsigned int, void **)> >::find(unsigned int const &)
001a9134	_M_insert__t8_Rb_tree5ZUiZt4pair2ZCUiZPFP14cIGZWinCtrlMgrUiPPv_bZt10_Select1st1Zt4pair2ZCUiZPFP14cIGZWinCtrlMgrUiPPv_bZt4less1ZUiZt9allocator1ZPFP14cIGZWinCtrlMgrUiPPv_bP18_Rb_tree_node_baseT1RCt4pair2ZCUiZPFP14cIGZWinCtrlMgrUiPPv_b	_Rb_tree<unsigned int, pair<unsigned int const, bool (*)(cIGZWinCtrlMgr *, unsigned int, void **)>, _Select1st<pair<unsigned int const, bool (*)(cIGZWinCtrlMgr *, unsigned int, void **)> >, less<unsigned int>, allocator<bool (*)(cIGZWinCtrlMgr *, unsigned int, void **)> >::_M_insert(_Rb_tree_node_base *, _Rb_tree_node_base *, pair<unsigned int const, bool (*)(cIGZWinCtrlMgr *, unsigned int, void **)> const &)
001a9514	insert_unique__t8_Rb_tree5ZUiZt4pair2ZCUiZPFP14cIGZWinCtrlMgrUiPPv_bZt10_Select1st1Zt4pair2ZCUiZPFP14cIGZWinCtrlMgrUiPPv_bZt4less1ZUiZt9allocator1ZPFP14cIGZWinCtrlMgrUiPPv_bRCt4pair2ZCUiZPFP14cIGZWinCtrlMgrUiPPv_b	_Rb_tree<unsigned int, pair<unsigned int const, bool (*)(cIGZWinCtrlMgr *, unsigned int, void **)>, _Select1st<pair<unsigned int const, bool (*)(cIGZWinCtrlMgr *, unsigned int, void **)> >, less<unsigned int>, allocator<bool (*)(cIGZWinCtrlMgr *, unsigned int, void **)> >::insert_unique(pair<unsigned int const, bool (*)(cIGZWinCtrlMgr *, unsigned int, void **)> const &)
001a95fc	__thunk_4_QueryInterface__15cSC3CtrlCreatorUiPPv	virtual function thunk (delta:-4) for cSC3CtrlCreator::QueryInterface(unsigned int, void **)
001a9618	__thunk_4_AddRef__15cSC3CtrlCreator	virtual function thunk (delta:-4) for cSC3CtrlCreator::AddRef(void)
001a9634	__thunk_4_Release__15cSC3CtrlCreator	virtual function thunk (delta:-4) for cSC3CtrlCreator::Release(void)
001a9650	__thunk_4_GetCLSID__15cSC3CtrlCreator	virtual function thunk (delta:-4) for cSC3CtrlCreator::GetCLSID(void)
001a966c	__thunk_4_OnRegistered__15cSC3CtrlCreator	virtual function thunk (delta:-4) for cSC3CtrlCreator::OnRegistered(void)
001a9688	__thunk_4_OnRemoved__15cSC3CtrlCreator	virtual function thunk (delta:-4) for cSC3CtrlCreator::OnRemoved(void)
001a96a4	__thunk_4_CreateAndSetup__15cSC3CtrlCreatorUiUiPPv	virtual function thunk (delta:-4) for cSC3CtrlCreator::CreateAndSetup(unsigned int, unsigned int, void **)
001a96c0	__thunk_4_EnumCtrls__15cSC3CtrlCreatorPFUiPv_bPv	virtual function thunk (delta:-4) for cSC3CtrlCreator::EnumCtrls(bool (*)(unsigned int, void *), void *)
001a96dc	__thunk_4_Debug_Name__C15cSC3CtrlCreator	virtual function thunk (delta:-4) for cSC3CtrlCreator::Debug_Name(void) const
001a96f8	__thunk_4_Debug_CtrlName__C15cSC3CtrlCreatorUi	virtual function thunk (delta:-4) for cSC3CtrlCreator::Debug_CtrlName(unsigned int) const
001a9718	_._t3map4ZUiZPFP14cIGZWinCtrlMgrUiPPv_bZt4less1ZUiZt9allocator1ZPFP14cIGZWinCtrlMgrUiPPv_b	map<unsigned int, bool (*)(cIGZWinCtrlMgr *, unsigned int, void **), less<unsigned int>, allocator<bool (*)(cIGZWinCtrlMgr *, unsigned int, void **)> >::~map(void)
001a97c4	clear__t10_List_base2ZUiZt9allocator1ZUi	_List_base<unsigned int, allocator<unsigned int> >::clear(void)
001a9844	erase__t4list2ZUiZt9allocator1ZUiGt14_List_iterator3ZUiZRUiZPUiT1	list<unsigned int, allocator<unsigned int> >::erase(_List_iterator<unsigned int, unsigned int &, unsigned int *>, _List_iterator<unsigned int, unsigned int &, unsigned int *>)
001a98f4	_M_erase__t8_Rb_tree5ZUiZt4pair2ZCUiZP17cISC3MenuItemInfoZt10_Select1st1Zt4pair2ZCUiZP17cISC3MenuItemInfoZt4less1ZUiZt9allocator1ZP17cISC3MenuItemInfoPt13_Rb_tree_node1Zt4pair2ZCUiZP17cISC3MenuItemInfo	_Rb_tree<unsigned int, pair<unsigned int const, cISC3MenuItemInfo *>, _Select1st<pair<unsigned int const, cISC3MenuItemInfo *> >, less<unsigned int>, allocator<cISC3MenuItemInfo *> >::_M_erase(_Rb_tree_node<pair<unsigned int const, cISC3MenuItemInfo *> > *)
001a9974	_M_erase__t8_Rb_tree5ZUiZt4pair2ZCUiZP13cISC3MenuDescZt10_Select1st1Zt4pair2ZCUiZP13cISC3MenuDescZt4less1ZUiZt9allocator1ZP13cISC3MenuDescPt13_Rb_tree_node1Zt4pair2ZCUiZP13cISC3MenuDesc	_Rb_tree<unsigned int, pair<unsigned int const, cISC3MenuDesc *>, _Select1st<pair<unsigned int const, cISC3MenuDesc *> >, less<unsigned int>, allocator<cISC3MenuDesc *> >::_M_erase(_Rb_tree_node<pair<unsigned int const, cISC3MenuDesc *> > *)
001a99f4	_M_erase__t8_Rb_tree5ZUiZt4pair2ZCUiZP12cISC3MenuSetZt10_Select1st1Zt4pair2ZCUiZP12cISC3MenuSetZt4less1ZUiZt9allocator1ZP12cISC3MenuSetPt13_Rb_tree_node1Zt4pair2ZCUiZP12cISC3MenuSet	_Rb_tree<unsigned int, pair<unsigned int const, cISC3MenuSet *>, _Select1st<pair<unsigned int const, cISC3MenuSet *> >, less<unsigned int>, allocator<cISC3MenuSet *> >::_M_erase(_Rb_tree_node<pair<unsigned int const, cISC3MenuSet *> > *)
001a9a74	_M_erase__t8_Rb_tree5ZUiZt4pair2ZCUiZP15cISC3MenuBtnDefZt10_Select1st1Zt4pair2ZCUiZP15cISC3MenuBtnDefZt4less1ZUiZt9allocator1ZP15cISC3MenuBtnDefPt13_Rb_tree_node1Zt4pair2ZCUiZP15cISC3MenuBtnDef	_Rb_tree<unsigned int, pair<unsigned int const, cISC3MenuBtnDef *>, _Select1st<pair<unsigned int const, cISC3MenuBtnDef *> >, less<unsigned int>, allocator<cISC3MenuBtnDef *> >::_M_erase(_Rb_tree_node<pair<unsigned int const, cISC3MenuBtnDef *> > *)
001a9af0	find__t8_Rb_tree5ZUiZt4pair2ZCUiZP17cISC3MenuItemInfoZt10_Select1st1Zt4pair2ZCUiZP17cISC3MenuItemInfoZt4less1ZUiZt9allocator1ZP17cISC3MenuItemInfoRCUi	_Rb_tree<unsigned int, pair<unsigned int const, cISC3MenuItemInfo *>, _Select1st<pair<unsigned int const, cISC3MenuItemInfo *> >, less<unsigned int>, allocator<cISC3MenuItemInfo *> >::find(unsigned int const &)
001a9b54	_M_insert__t8_Rb_tree5ZUiZt4pair2ZCUiZP17cISC3MenuItemInfoZt10_Select1st1Zt4pair2ZCUiZP17cISC3MenuItemInfoZt4less1ZUiZt9allocator1ZP17cISC3MenuItemInfoP18_Rb_tree_node_baseT1RCt4pair2ZCUiZP17cISC3MenuItemInfo	_Rb_tree<unsigned int, pair<unsigned int const, cISC3MenuItemInfo *>, _Select1st<pair<unsigned int const, cISC3MenuItemInfo *> >, less<unsigned int>, allocator<cISC3MenuItemInfo *> >::_M_insert(_Rb_tree_node_base *, _Rb_tree_node_base *, pair<unsigned int const, cISC3MenuItemInfo *> const &)
001a9f34	insert_unique__t8_Rb_tree5ZUiZt4pair2ZCUiZP17cISC3MenuItemInfoZt10_Select1st1Zt4pair2ZCUiZP17cISC3MenuItemInfoZt4less1ZUiZt9allocator1ZP17cISC3MenuItemInfoRCt4pair2ZCUiZP17cISC3MenuItemInfo	_Rb_tree<unsigned int, pair<unsigned int const, cISC3MenuItemInfo *>, _Select1st<pair<unsigned int const, cISC3MenuItemInfo *> >, less<unsigned int>, allocator<cISC3MenuItemInfo *> >::insert_unique(pair<unsigned int const, cISC3MenuItemInfo *> const &)
001aa024	_M_insert__t8_Rb_tree5ZUiZt4pair2ZCUiZP13cISC3MenuDescZt10_Select1st1Zt4pair2ZCUiZP13cISC3MenuDescZt4less1ZUiZt9allocator1ZP13cISC3MenuDescP18_Rb_tree_node_baseT1RCt4pair2ZCUiZP13cISC3MenuDesc	_Rb_tree<unsigned int, pair<unsigned int const, cISC3MenuDesc *>, _Select1st<pair<unsigned int const, cISC3MenuDesc *> >, less<unsigned int>, allocator<cISC3MenuDesc *> >::_M_insert(_Rb_tree_node_base *, _Rb_tree_node_base *, pair<unsigned int const, cISC3MenuDesc *> const &)
001aa404	insert_unique__t8_Rb_tree5ZUiZt4pair2ZCUiZP13cISC3MenuDescZt10_Select1st1Zt4pair2ZCUiZP13cISC3MenuDescZt4less1ZUiZt9allocator1ZP13cISC3MenuDescRCt4pair2ZCUiZP13cISC3MenuDesc	_Rb_tree<unsigned int, pair<unsigned int const, cISC3MenuDesc *>, _Select1st<pair<unsigned int const, cISC3MenuDesc *> >, less<unsigned int>, allocator<cISC3MenuDesc *> >::insert_unique(pair<unsigned int const, cISC3MenuDesc *> const &)
001aa4f0	find__t8_Rb_tree5ZUiZt4pair2ZCUiZP13cISC3MenuDescZt10_Select1st1Zt4pair2ZCUiZP13cISC3MenuDescZt4less1ZUiZt9allocator1ZP13cISC3MenuDescRCUi	_Rb_tree<unsigned int, pair<unsigned int const, cISC3MenuDesc *>, _Select1st<pair<unsigned int const, cISC3MenuDesc *> >, less<unsigned int>, allocator<cISC3MenuDesc *> >::find(unsigned int const &)
001aa554	_M_insert__t8_Rb_tree5ZUiZt4pair2ZCUiZP12cISC3MenuSetZt10_Select1st1Zt4pair2ZCUiZP12cISC3MenuSetZt4less1ZUiZt9allocator1ZP12cISC3MenuSetP18_Rb_tree_node_baseT1RCt4pair2ZCUiZP12cISC3MenuSet	_Rb_tree<unsigned int, pair<unsigned int const, cISC3MenuSet *>, _Select1st<pair<unsigned int const, cISC3MenuSet *> >, less<unsigned int>, allocator<cISC3MenuSet *> >::_M_insert(_Rb_tree_node_base *, _Rb_tree_node_base *, pair<unsigned int const, cISC3MenuSet *> const &)
001aa934	insert_unique__t8_Rb_tree5ZUiZt4pair2ZCUiZP12cISC3MenuSetZt10_Select1st1Zt4pair2ZCUiZP12cISC3MenuSetZt4less1ZUiZt9allocator1ZP12cISC3MenuSetRCt4pair2ZCUiZP12cISC3MenuSet	_Rb_tree<unsigned int, pair<unsigned int const, cISC3MenuSet *>, _Select1st<pair<unsigned int const, cISC3MenuSet *> >, less<unsigned int>, allocator<cISC3MenuSet *> >::insert_unique(pair<unsigned int const, cISC3MenuSet *> const &)
001aaa20	find__t8_Rb_tree5ZUiZt4pair2ZCUiZP12cISC3MenuSetZt10_Select1st1Zt4pair2ZCUiZP12cISC3MenuSetZt4less1ZUiZt9allocator1ZP12cISC3MenuSetRCUi	_Rb_tree<unsigned int, pair<unsigned int const, cISC3MenuSet *>, _Select1st<pair<unsigned int const, cISC3MenuSet *> >, less<unsigned int>, allocator<cISC3MenuSet *> >::find(unsigned int const &)
001aaa84	_M_insert__t8_Rb_tree5ZUiZt4pair2ZCUiZP15cISC3MenuBtnDefZt10_Select1st1Zt4pair2ZCUiZP15cISC3MenuBtnDefZt4less1ZUiZt9allocator1ZP15cISC3MenuBtnDefP18_Rb_tree_node_baseT1RCt4pair2ZCUiZP15cISC3MenuBtnDef	_Rb_tree<unsigned int, pair<unsigned int const, cISC3MenuBtnDef *>, _Select1st<pair<unsigned int const, cISC3MenuBtnDef *> >, less<unsigned int>, allocator<cISC3MenuBtnDef *> >::_M_insert(_Rb_tree_node_base *, _Rb_tree_node_base *, pair<unsigned int const, cISC3MenuBtnDef *> const &)
001aae64	insert_unique__t8_Rb_tree5ZUiZt4pair2ZCUiZP15cISC3MenuBtnDefZt10_Select1st1Zt4pair2ZCUiZP15cISC3MenuBtnDefZt4less1ZUiZt9allocator1ZP15cISC3MenuBtnDefRCt4pair2ZCUiZP15cISC3MenuBtnDef	_Rb_tree<unsigned int, pair<unsigned int const, cISC3MenuBtnDef *>, _Select1st<pair<unsigned int const, cISC3MenuBtnDef *> >, less<unsigned int>, allocator<cISC3MenuBtnDef *> >::insert_unique(pair<unsigned int const, cISC3MenuBtnDef *> const &)
001aaf50	find__t8_Rb_tree5ZUiZt4pair2ZCUiZP15cISC3MenuBtnDefZt10_Select1st1Zt4pair2ZCUiZP15cISC3MenuBtnDefZt4less1ZUiZt9allocator1ZP15cISC3MenuBtnDefRCUi	_Rb_tree<unsigned int, pair<unsigned int const, cISC3MenuBtnDef *>, _Select1st<pair<unsigned int const, cISC3MenuBtnDef *> >, less<unsigned int>, allocator<cISC3MenuBtnDef *> >::find(unsigned int const &)
001aafb4	_M_erase__t8_Rb_tree5ZUiZt4pair2ZCUiZUiZt10_Select1st1Zt4pair2ZCUiZUiZt4less1ZUiZt9allocator1ZUiPt13_Rb_tree_node1Zt4pair2ZCUiZUi	_Rb_tree<unsigned int, pair<unsigned int const, unsigned int>, _Select1st<pair<unsigned int const, unsigned int> >, less<unsigned int>, allocator<unsigned int> >::_M_erase(_Rb_tree_node<pair<unsigned int const, unsigned int> > *)
001ab030	find__t8_Rb_tree5ZUiZt4pair2ZCUiZUiZt10_Select1st1Zt4pair2ZCUiZUiZt4less1ZUiZt9allocator1ZUiRCUi	_Rb_tree<unsigned int, pair<unsigned int const, unsigned int>, _Select1st<pair<unsigned int const, unsigned int> >, less<unsigned int>, allocator<unsigned int> >::find(unsigned int const &)
001ab094	erase__t8_Rb_tree5ZUiZt4pair2ZCUiZUiZt10_Select1st1Zt4pair2ZCUiZUiZt4less1ZUiZt9allocator1ZUiGt17_Rb_tree_iterator3Zt4pair2ZCUiZUiZRt4pair2ZCUiZUiZPt4pair2ZCUiZUiT1	_Rb_tree<unsigned int, pair<unsigned int const, unsigned int>, _Select1st<pair<unsigned int const, unsigned int> >, less<unsigned int>, allocator<unsigned int> >::erase(_Rb_tree_iterator<pair<unsigned int const, unsigned int>, pair<unsigned int const, unsigned int> &, pair<unsigned int const, unsigned int> *>, _Rb_tree_iterator<pair<unsigned int const, unsigned int>, pair<unsigned int const, unsigned int> &, pair<unsigned int const, unsigned int> *>)
001ab5a4	_M_insert__t8_Rb_tree5ZUiZt4pair2ZCUiZUiZt10_Select1st1Zt4pair2ZCUiZUiZt4less1ZUiZt9allocator1ZUiP18_Rb_tree_node_baseT1RCt4pair2ZCUiZUi	_Rb_tree<unsigned int, pair<unsigned int const, unsigned int>, _Select1st<pair<unsigned int const, unsigned int> >, less<unsigned int>, allocator<unsigned int> >::_M_insert(_Rb_tree_node_base *, _Rb_tree_node_base *, pair<unsigned int const, unsigned int> const &)
001ab984	insert_unique__t8_Rb_tree5ZUiZt4pair2ZCUiZUiZt10_Select1st1Zt4pair2ZCUiZUiZt4less1ZUiZt9allocator1ZUiRCt4pair2ZCUiZUi	_Rb_tree<unsigned int, pair<unsigned int const, unsigned int>, _Select1st<pair<unsigned int const, unsigned int> >, less<unsigned int>, allocator<unsigned int> >::insert_unique(pair<unsigned int const, unsigned int> const &)
001aba70	FW__2RZ	RZ::FW(void)
001abab8	_._t3map4ZUiZP17cISC3MenuItemInfoZt4less1ZUiZt9allocator1ZP17cISC3MenuItemInfo	map<unsigned int, cISC3MenuItemInfo *, less<unsigned int>, allocator<cISC3MenuItemInfo *> >::~map(void)
001abb60	_._t3map4ZUiZP13cISC3MenuDescZt4less1ZUiZt9allocator1ZP13cISC3MenuDesc	map<unsigned int, cISC3MenuDesc *, less<unsigned int>, allocator<cISC3MenuDesc *> >::~map(void)
001abc08	_._t3map4ZUiZP12cISC3MenuSetZt4less1ZUiZt9allocator1ZP12cISC3MenuSet	map<unsigned int, cISC3MenuSet *, less<unsigned int>, allocator<cISC3MenuSet *> >::~map(void)
001abcb0	_._t3map4ZUiZUiZt4less1ZUiZt9allocator1ZUi	map<unsigned int, unsigned int, less<unsigned int>, allocator<unsigned int> >::~map(void)
001abd58	_._t3map4ZUiZP15cISC3MenuBtnDefZt4less1ZUiZt9allocator1ZP15cISC3MenuBtnDef	map<unsigned int, cISC3MenuBtnDef *, less<unsigned int>, allocator<cISC3MenuBtnDef *> >::~map(void)
001abe04	clear__t10_List_base2Zt4pair2ZUiZt4pair2ZP10cIGZStringZP10cIGZStringZt9allocator1Zt4pair2ZUiZt4pair2ZP10cIGZStringZP10cIGZString	_List_base<pair<unsigned int, pair<cIGZString *, cIGZString *> >, allocator<pair<unsigned int, pair<cIGZString *, cIGZString *> > > >::clear(void)
001abe84	__uninitialized_copy_aux__H2ZPQ217cSC3WinSlidesOnly10tSlideInfoZPQ217cSC3WinSlidesOnly10tSlideInfo_X01X01X11G12__false_type_X11	cSC3WinSlidesOnly::tSlideInfo * __uninitialized_copy_aux<cSC3WinSlidesOnly::tSlideInfo *, cSC3WinSlidesOnly::tSlideInfo *>(cSC3WinSlidesOnly::tSlideInfo *, cSC3WinSlidesOnly::tSlideInfo *, cSC3WinSlidesOnly::tSlideInfo *, __false_type)
001abed4	_M_insert_aux__t6vector2ZQ217cSC3WinSlidesOnly10tSlideInfoZt9allocator1ZQ217cSC3WinSlidesOnly10tSlideInfoPQ217cSC3WinSlidesOnly10tSlideInfoRCQ217cSC3WinSlidesOnly10tSlideInfo	vector<cSC3WinSlidesOnly::tSlideInfo, allocator<cSC3WinSlidesOnly::tSlideInfo> >::_M_insert_aux(cSC3WinSlidesOnly::tSlideInfo *, cSC3WinSlidesOnly::tSlideInfo const &)
001ac294	_M_insert__t8_Rb_tree5ZUiZUiZt9_Identity1ZUiZt4less1ZUiZt9allocator1ZUiP18_Rb_tree_node_baseT1RCUi	_Rb_tree<unsigned int, unsigned int, _Identity<unsigned int>, less<unsigned int>, allocator<unsigned int> >::_M_insert(_Rb_tree_node_base *, _Rb_tree_node_base *, unsigned int const &)
001ac664	insert_unique__t8_Rb_tree5ZUiZUiZt9_Identity1ZUiZt4less1ZUiZt9allocator1ZUiRCUi	_Rb_tree<unsigned int, unsigned int, _Identity<unsigned int>, less<unsigned int>, allocator<unsigned int> >::insert_unique(unsigned int const &)
001ac754	_M_erase__t8_Rb_tree5ZUiZUiZt9_Identity1ZUiZt4less1ZUiZt9allocator1ZUiPt13_Rb_tree_node1ZUi	_Rb_tree<unsigned int, unsigned int, _Identity<unsigned int>, less<unsigned int>, allocator<unsigned int> >::_M_erase(_Rb_tree_node<unsigned int> *)
001ac7d0	find__Ct8_Rb_tree5ZUiZUiZt9_Identity1ZUiZt4less1ZUiZt9allocator1ZUiRCUi	_Rb_tree<unsigned int, unsigned int, _Identity<unsigned int>, less<unsigned int>, allocator<unsigned int> >::find(unsigned int const &) const
001ac830	__thunk_156_QueryInterface__18cSC3FixedBtnOptGrpUiPPv	virtual function thunk (delta:-156) for cSC3FixedBtnOptGrp::QueryInterface(unsigned int, void **)
001ac850	__thunk_156_AddRef__18cSC3FixedBtnOptGrp	virtual function thunk (delta:-156) for cSC3FixedBtnOptGrp::AddRef(void)
001ac870	__thunk_156_Release__18cSC3FixedBtnOptGrp	virtual function thunk (delta:-156) for cSC3FixedBtnOptGrp::Release(void)
001ac890	__thunk_156_AsIGZWin__18cSC3FixedBtnOptGrp	virtual function thunk (delta:-156) for cSC3FixedBtnOptGrp::AsIGZWin(void)
001ac8b0	__thunk_156_AddOption__18cSC3FixedBtnOptGrpUiP10cIGZBufferRC7cRZRect	virtual function thunk (delta:-156) for cSC3FixedBtnOptGrp::AddOption(unsigned int, cIGZBuffer *, cRZRect const &)
001ac8d0	__thunk_156_RemoveOption__18cSC3FixedBtnOptGrpUi	virtual function thunk (delta:-156) for cSC3FixedBtnOptGrp::RemoveOption(unsigned int)
001ac8f0	__thunk_156_LayoutTopToBottom__18cSC3FixedBtnOptGrp	virtual function thunk (delta:-156) for cSC3FixedBtnOptGrp::LayoutTopToBottom(void)
001ac910	__thunk_156_LayoutLeftToRight__18cSC3FixedBtnOptGrp	virtual function thunk (delta:-156) for cSC3FixedBtnOptGrp::LayoutLeftToRight(void)
001ac930	__thunk_156_GetSelection__C18cSC3FixedBtnOptGrpRUi	virtual function thunk (delta:-156) for cSC3FixedBtnOptGrp::GetSelection(unsigned int &) const
001ac950	__thunk_156_SetSelection__18cSC3FixedBtnOptGrpUi	virtual function thunk (delta:-156) for cSC3FixedBtnOptGrp::SetSelection(unsigned int)
001ac970	__thunk_4_QueryInterface__13cSC3WinSlidesUiPPv	virtual function thunk (delta:-4) for cSC3WinSlides::QueryInterface(unsigned int, void **)
001ac98c	__thunk_4_AddRef__13cSC3WinSlides	virtual function thunk (delta:-4) for cSC3WinSlides::AddRef(void)
001ac9a8	__thunk_4_Release__13cSC3WinSlides	virtual function thunk (delta:-4) for cSC3WinSlides::Release(void)
001ac9c4	__thunk_4_DoMessage__13cSC3WinSlidesR10cGZMessage	virtual function thunk (delta:-4) for cSC3WinSlides::DoMessage(cGZMessage &)
001ac9e0	__thunk_4_Init__13cSC3WinSlides	virtual function thunk (delta:-4) for cSC3WinSlides::Init(void)
001ac9fc	__thunk_4_SetArea__13cSC3WinSlidesiiii	virtual function thunk (delta:-4) for cSC3WinSlides::SetArea(int, int, int, int)
001aca18	__thunk_4_GZPaint__13cSC3WinSlides	virtual function thunk (delta:-4) for cSC3WinSlides::GZPaint(void)
001aca34	__thunk_4__._13cSC3WinSlides	virtual function thunk (delta:-4) for cSC3WinSlides::~cSC3WinSlides(void)
001aca50	__thunk_156_QueryInterface__21cSC3WinStringPairDispUiPPv	virtual function thunk (delta:-156) for cSC3WinStringPairDisp::QueryInterface(unsigned int, void **)
001aca70	__thunk_156_AddRef__21cSC3WinStringPairDisp	virtual function thunk (delta:-156) for cSC3WinStringPairDisp::AddRef(void)
001aca90	__thunk_156_Release__21cSC3WinStringPairDisp	virtual function thunk (delta:-156) for cSC3WinStringPairDisp::Release(void)
001acab0	__thunk_156_AsIGZWin__21cSC3WinStringPairDisp	virtual function thunk (delta:-156) for cSC3WinStringPairDisp::AsIGZWin(void)
001acad0	__thunk_156_SetLineMode__21cSC3WinStringPairDispQ222cISC3WinStringPairDisp9tLineMode	virtual function thunk (delta:-156) for cSC3WinStringPairDisp::SetLineMode(cISC3WinStringPairDisp::tLineMode)
001acaf0	__thunk_156_GetLineMode__C21cSC3WinStringPairDispRQ222cISC3WinStringPairDisp9tLineMode	virtual function thunk (delta:-156) for cSC3WinStringPairDisp::GetLineMode(cISC3WinStringPairDisp::tLineMode &) const
001acb10	__thunk_156_SetLineColor__21cSC3WinStringPairDispUi	virtual function thunk (delta:-156) for cSC3WinStringPairDisp::SetLineColor(unsigned int)
001acb30	__thunk_156_SetLineColors__21cSC3WinStringPairDispUiUiUiUi	virtual function thunk (delta:-156) for cSC3WinStringPairDisp::SetLineColors(unsigned int, unsigned int, unsigned int, unsigned int)
001acb50	__thunk_156_GetLineColors__C21cSC3WinStringPairDispRUiN31	virtual function thunk (delta:-156) for cSC3WinStringPairDisp::GetLineColors(unsigned int &, unsigned int &, unsigned int &, unsigned int &) const
001acb70	__thunk_156_SetFont__21cSC3WinStringPairDispQ222cISC3WinStringPairDisp8tPairIdxP8cIGZFont	virtual function thunk (delta:-156) for cSC3WinStringPairDisp::SetFont(cISC3WinStringPairDisp::tPairIdx, cIGZFont *)
001acb90	__thunk_156_SetFontColor__21cSC3WinStringPairDispQ222cISC3WinStringPairDisp8tPairIdxUi	virtual function thunk (delta:-156) for cSC3WinStringPairDisp::SetFontColor(cISC3WinStringPairDisp::tPairIdx, unsigned int)
001acbb0	__thunk_156_Insert__21cSC3WinStringPairDispUiP10cIGZStringT2	virtual function thunk (delta:-156) for cSC3WinStringPairDisp::Insert(unsigned int, cIGZString *, cIGZString *)
001acbd0	__thunk_156_GetStr__C21cSC3WinStringPairDispUiUiPP10cIGZString	virtual function thunk (delta:-156) for cSC3WinStringPairDisp::GetStr(unsigned int, unsigned int, cIGZString **) const
001acbf0	__thunk_156_SetStr__21cSC3WinStringPairDispUiUiP10cIGZString	virtual function thunk (delta:-156) for cSC3WinStringPairDisp::SetStr(unsigned int, unsigned int, cIGZString *)
001acc10	__thunk_156_GetColW__C21cSC3WinStringPairDispQ222cISC3WinStringPairDisp8tPairIdx	virtual function thunk (delta:-156) for cSC3WinStringPairDisp::GetColW(cISC3WinStringPairDisp::tPairIdx) const
001acc30	__thunk_156_SetColW__21cSC3WinStringPairDispQ222cISC3WinStringPairDisp8tPairIdxUi	virtual function thunk (delta:-156) for cSC3WinStringPairDisp::SetColW(cISC3WinStringPairDisp::tPairIdx, unsigned int)
001acc50	__thunk_156_GetMinMaxInfo__C21cSC3WinStringPairDispR7cRZRect	virtual function thunk (delta:-156) for cSC3WinStringPairDisp::GetMinMaxInfo(cRZRect &) const
001acc70	__thunk_156_AutosizeH__21cSC3WinStringPairDisp	virtual function thunk (delta:-156) for cSC3WinStringPairDisp::AutosizeH(void)
001acc94	_._t3set3ZUiZt4less1ZUiZt9allocator1ZUi	set<unsigned int, less<unsigned int>, allocator<unsigned int> >::~set(void)
001acd38	__thunk_156_QueryInterface__13cSC3WinAdvBtnUiPPv	virtual function thunk (delta:-156) for cSC3WinAdvBtn::QueryInterface(unsigned int, void **)
001acd58	__thunk_156_AddRef__13cSC3WinAdvBtn	virtual function thunk (delta:-156) for cSC3WinAdvBtn::AddRef(void)
001acd78	__thunk_156_Release__13cSC3WinAdvBtn	virtual function thunk (delta:-156) for cSC3WinAdvBtn::Release(void)
001acd98	__thunk_156_AsIGZWin__13cSC3WinAdvBtn	virtual function thunk (delta:-156) for cSC3WinAdvBtn::AsIGZWin(void)
001acdb8	__thunk_156_SetAdvImage__13cSC3WinAdvBtnQ214cISC3WinAdvBtn16tAdvBtnImageTypeP10cIGZBufferPC7cRZRecti	virtual function thunk (delta:-156) for cSC3WinAdvBtn::SetAdvImage(cISC3WinAdvBtn::tAdvBtnImageType, cIGZBuffer *, cRZRect const *, int)
001acdd8	__thunk_156_SetOutlineColors__13cSC3WinAdvBtnUiUi	virtual function thunk (delta:-156) for cSC3WinAdvBtn::SetOutlineColors(unsigned int, unsigned int)
001acdf8	__thunk_156_QueryInterface__19cSC3WinBudgetSliderUiPPv	virtual function thunk (delta:-156) for cSC3WinBudgetSlider::QueryInterface(unsigned int, void **)
001ace18	__thunk_156_AddRef__19cSC3WinBudgetSlider	virtual function thunk (delta:-156) for cSC3WinBudgetSlider::AddRef(void)
001ace38	__thunk_156_Release__19cSC3WinBudgetSlider	virtual function thunk (delta:-156) for cSC3WinBudgetSlider::Release(void)
001ace58	__thunk_156_AsIGZWin__19cSC3WinBudgetSlider	virtual function thunk (delta:-156) for cSC3WinBudgetSlider::AsIGZWin(void)
001ace78	__thunk_156_SetValue__19cSC3WinBudgetSlideri	virtual function thunk (delta:-156) for cSC3WinBudgetSlider::SetValue(int)
001ace98	__thunk_156_GetValue__C19cSC3WinBudgetSlider	virtual function thunk (delta:-156) for cSC3WinBudgetSlider::GetValue(void) const
001aceb8	__thunk_156_SetMarkerValue__19cSC3WinBudgetSlideri	virtual function thunk (delta:-156) for cSC3WinBudgetSlider::SetMarkerValue(int)
001aced8	__thunk_156_GetMarkerValue__C19cSC3WinBudgetSliderRi	virtual function thunk (delta:-156) for cSC3WinBudgetSlider::GetMarkerValue(int &) const
001acef8	__thunk_156_SetMinMax__19cSC3WinBudgetSliderii	virtual function thunk (delta:-156) for cSC3WinBudgetSlider::SetMinMax(int, int)
001acf18	__thunk_156_GetMinMax__C19cSC3WinBudgetSliderRiT1	virtual function thunk (delta:-156) for cSC3WinBudgetSlider::GetMinMax(int &, int &) const
001acf44	_M_insert_aux__t6vector2ZUiZt9allocator1ZUiPUiRCUi	vector<unsigned int, allocator<unsigned int> >::_M_insert_aux(unsigned int *, unsigned int const &)
001ad304	__uninitialized_copy_aux__H2ZPQ233cSC3WinProcBuildingReplacementMgr14tOccAttribInfoZPQ233cSC3WinProcBuildingReplacementMgr14tOccAttribInfo_X01X01X11G12__false_type_X11	cSC3WinProcBuildingReplacementMgr::tOccAttribInfo * __uninitialized_copy_aux<cSC3WinProcBuildingReplacementMgr::tOccAttribInfo *, cSC3WinProcBuildingReplacementMgr::tOccAttribInfo *>(cSC3WinProcBuildingReplacementMgr::tOccAttribInfo *, cSC3WinProcBuildingReplacementMgr::tOccAttribInfo *, cSC3WinProcBuildingReplacementMgr::tOccAttribInfo *, __false_type)
001ad354	_M_insert_aux__t6vector2ZQ233cSC3WinProcBuildingReplacementMgr14tOccAttribInfoZt9allocator1ZQ233cSC3WinProcBuildingReplacementMgr14tOccAttribInfoPQ233cSC3WinProcBuildingReplacementMgr14tOccAttribInfoRCQ233cSC3WinProcBuildingReplacementMgr14tOccAttribInfo	vector<cSC3WinProcBuildingReplacementMgr::tOccAttribInfo, allocator<cSC3WinProcBuildingReplacementMgr::tOccAttribInfo> >::_M_insert_aux(cSC3WinProcBuildingReplacementMgr::tOccAttribInfo *, cSC3WinProcBuildingReplacementMgr::tOccAttribInfo const &)
001ad7bc	__thunk_4_QueryInterface__33cSC3WinProcBuildingReplacementMgrUiPPv	virtual function thunk (delta:-4) for cSC3WinProcBuildingReplacementMgr::QueryInterface(unsigned int, void **)
001ad7d8	__thunk_4_AddRef__33cSC3WinProcBuildingReplacementMgr	virtual function thunk (delta:-4) for cSC3WinProcBuildingReplacementMgr::AddRef(void)
001ad7f4	__thunk_4_Release__33cSC3WinProcBuildingReplacementMgr	virtual function thunk (delta:-4) for cSC3WinProcBuildingReplacementMgr::Release(void)
001ad810	__thunk_4__._33cSC3WinProcBuildingReplacementMgr	virtual function thunk (delta:-4) for cSC3WinProcBuildingReplacementMgr::~cSC3WinProcBuildingReplacementMgr(void)
001ad82c	__thunk_4_on_init__33cSC3WinProcBuildingReplacementMgrP7cIGZWin	virtual function thunk (delta:-4) for cSC3WinProcBuildingReplacementMgr::on_init(cIGZWin *)
001ad848	__thunk_4_on_shutdown__33cSC3WinProcBuildingReplacementMgrP7cIGZWin	virtual function thunk (delta:-4) for cSC3WinProcBuildingReplacementMgr::on_shutdown(cIGZWin *)
001ad864	__thunk_4_on_key_down__33cSC3WinProcBuildingReplacementMgrP7cIGZWinUiUi	virtual function thunk (delta:-4) for cSC3WinProcBuildingReplacementMgr::on_key_down(cIGZWin *, unsigned int, unsigned int)
001ad880	__thunk_4_on_command__33cSC3WinProcBuildingReplacementMgrP7cIGZWinUiUiUi	virtual function thunk (delta:-4) for cSC3WinProcBuildingReplacementMgr::on_command(cIGZWin *, unsigned int, unsigned int, unsigned int)
001ad89c	__thunk_8__._35cSC3CmdBuildingReplacementMgrDialog	virtual function thunk (delta:-8) for cSC3CmdBuildingReplacementMgrDialog::~cSC3CmdBuildingReplacementMgrDialog(void)
001ad8b8	__thunk_8_Release__35cSC3CmdBuildingReplacementMgrDialog	virtual function thunk (delta:-8) for cSC3CmdBuildingReplacementMgrDialog::Release(void)
001ad8d4	__thunk_8_AddRef__35cSC3CmdBuildingReplacementMgrDialog	virtual function thunk (delta:-8) for cSC3CmdBuildingReplacementMgrDialog::AddRef(void)
001ad8f0	__thunk_4_QueryInterface__35cSC3CmdBuildingReplacementMgrDialogUiPPv	virtual function thunk (delta:-4) for cSC3CmdBuildingReplacementMgrDialog::QueryInterface(unsigned int, void **)
001ad90c	__thunk_4_AddRef__35cSC3CmdBuildingReplacementMgrDialog	virtual function thunk (delta:-4) for cSC3CmdBuildingReplacementMgrDialog::AddRef(void)
001ad928	__thunk_4_Release__35cSC3CmdBuildingReplacementMgrDialog	virtual function thunk (delta:-4) for cSC3CmdBuildingReplacementMgrDialog::Release(void)
001ad944	__thunk_4_Execute__35cSC3CmdBuildingReplacementMgrDialog	virtual function thunk (delta:-4) for cSC3CmdBuildingReplacementMgrDialog::Execute(void)
001ad964	_._35cSC3CmdBuildingReplacementMgrDialog	cSC3CmdBuildingReplacementMgrDialog::~cSC3CmdBuildingReplacementMgrDialog(void)
001ad9d4	_._19cSC3StringTokenData	cSC3StringTokenData::~cSC3StringTokenData(void)
001ada90	__thunk_28_QueryInterface__20cSC3WinBusinessDealsUiPPv	virtual function thunk (delta:-28) for cSC3WinBusinessDeals::QueryInterface(unsigned int, void **)
001adaac	__thunk_28_AddRef__20cSC3WinBusinessDeals	virtual function thunk (delta:-28) for cSC3WinBusinessDeals::AddRef(void)
001adac8	__thunk_28_Release__20cSC3WinBusinessDeals	virtual function thunk (delta:-28) for cSC3WinBusinessDeals::Release(void)
001adae4	__thunk_28_DoWinMsg__20cSC3WinBusinessDealsP7cIGZWinUiUiUiUi	virtual function thunk (delta:-28) for cSC3WinBusinessDeals::DoWinMsg(cIGZWin *, unsigned int, unsigned int, unsigned int, unsigned int)
001adb00	__thunk_24_QueryInterface__20cSC3WinBusinessDealsUiPPv	virtual function thunk (delta:-24) for cSC3WinBusinessDeals::QueryInterface(unsigned int, void **)
001adb1c	__thunk_24_AddRef__20cSC3WinBusinessDeals	virtual function thunk (delta:-24) for cSC3WinBusinessDeals::AddRef(void)
001adb38	__thunk_24_Release__20cSC3WinBusinessDeals	virtual function thunk (delta:-24) for cSC3WinBusinessDeals::Release(void)
001adb54	__thunk_24_EnumLayer__20cSC3WinBusinessDealsR10cGZMessageP14cISC3CityLayer	virtual function thunk (delta:-24) for cSC3WinBusinessDeals::EnumLayer(cGZMessage &, cISC3CityLayer *)
001adb70	__thunk_24_CreateDlg__20cSC3WinBusinessDeals	virtual function thunk (delta:-24) for cSC3WinBusinessDeals::CreateDlg(void)
001adb8c	__thunk_24_EnumCityItems__20cSC3WinBusinessDealsP9cISC3Cityb	virtual function thunk (delta:-24) for cSC3WinBusinessDeals::EnumCityItems(cISC3City *, bool)
001adba8	__thunk_24_GetAssociatedIGZWin__C20cSC3WinBusinessDeals	virtual function thunk (delta:-24) for cSC3WinBusinessDeals::GetAssociatedIGZWin(void) const
001adbd4	_M_insert_aux__t6vector2ZfZt9allocator1ZfPfRCf	vector<float, allocator<float> >::_M_insert_aux(float *, float const &)
001adf8c	__thunk_92_QueryInterface__17cSC3WinChartsViewUiPPv	virtual function thunk (delta:-92) for cSC3WinChartsView::QueryInterface(unsigned int, void **)
001adfa8	__thunk_92_AddRef__17cSC3WinChartsView	virtual function thunk (delta:-92) for cSC3WinChartsView::AddRef(void)
001adfc4	__thunk_92_Release__17cSC3WinChartsView	virtual function thunk (delta:-92) for cSC3WinChartsView::Release(void)
001adfe0	__thunk_12_QueryInterface__17cSC3WinChartsViewUiPPv	virtual function thunk (delta:-12) for cSC3WinChartsView::QueryInterface(unsigned int, void **)
001adffc	__thunk_12_AddRef__17cSC3WinChartsView	virtual function thunk (delta:-12) for cSC3WinChartsView::AddRef(void)
001ae018	__thunk_12_Release__17cSC3WinChartsView	virtual function thunk (delta:-12) for cSC3WinChartsView::Release(void)
001ae034	__thunk_12_DoMessage__17cSC3WinChartsViewR10cGZMessage	virtual function thunk (delta:-12) for cSC3WinChartsView::DoMessage(cGZMessage &)
001ae050	__thunk_4_QueryInterface__17cSC3WinChartsViewUiPPv	virtual function thunk (delta:-4) for cSC3WinChartsView::QueryInterface(unsigned int, void **)
001ae06c	__thunk_4_AddRef__17cSC3WinChartsView	virtual function thunk (delta:-4) for cSC3WinChartsView::AddRef(void)
001ae088	__thunk_4_Release__17cSC3WinChartsView	virtual function thunk (delta:-4) for cSC3WinChartsView::Release(void)
001ae0a4	__thunk_4_DoWinMsg__17cSC3WinChartsViewP7cIGZWinUiUiUiUi	virtual function thunk (delta:-4) for cSC3WinChartsView::DoWinMsg(cIGZWin *, unsigned int, unsigned int, unsigned int, unsigned int)
001ae0c0	__thunk_8_QueryInterface__17cSC3WinChartsViewUiPPv	virtual function thunk (delta:-8) for cSC3WinChartsView::QueryInterface(unsigned int, void **)
001ae0dc	__thunk_8_AddRef__17cSC3WinChartsView	virtual function thunk (delta:-8) for cSC3WinChartsView::AddRef(void)
001ae0f8	__thunk_8_Release__17cSC3WinChartsView	virtual function thunk (delta:-8) for cSC3WinChartsView::Release(void)
001ae114	__thunk_8_EnumLayer__17cSC3WinChartsViewR10cGZMessageP14cISC3CityLayer	virtual function thunk (delta:-8) for cSC3WinChartsView::EnumLayer(cGZMessage &, cISC3CityLayer *)
001ae130	__thunk_156_QueryInterface__20cSC3WinDateCashTitleUiPPv	virtual function thunk (delta:-156) for cSC3WinDateCashTitle::QueryInterface(unsigned int, void **)
001ae150	__thunk_156_AddRef__20cSC3WinDateCashTitle	virtual function thunk (delta:-156) for cSC3WinDateCashTitle::AddRef(void)
001ae170	__thunk_156_Release__20cSC3WinDateCashTitle	virtual function thunk (delta:-156) for cSC3WinDateCashTitle::Release(void)
001ae190	__thunk_156_AsIGZWin__20cSC3WinDateCashTitle	virtual function thunk (delta:-156) for cSC3WinDateCashTitle::AsIGZWin(void)
001ae1b4	__24cSC3WinPauseToggle_Pause	cSC3WinPauseToggle_Pause::cSC3WinPauseToggle_Pause(void)
001ae284	__23cSC3WinPauseToggle_Play	cSC3WinPauseToggle_Play::cSC3WinPauseToggle_Play(void)
001ae348	_._12cSC3WinSpeed	cSC3WinSpeed::~cSC3WinSpeed(void)
001ae384	Init__12cSC3WinSpeed	cSC3WinSpeed::Init(void)
001ae974	Shutdown__12cSC3WinSpeed	cSC3WinSpeed::Shutdown(void)
001aeae4	DoMessage__12cSC3WinSpeedR10cGZMessage	cSC3WinSpeed::DoMessage(cGZMessage &)
001aecb4	GZOnMouseDownL__12cSC3WinSpeediiUi	cSC3WinSpeed::GZOnMouseDownL(int, int, unsigned int)
001aee44	GZOnMouseMove__12cSC3WinSpeediiUi	cSC3WinSpeed::GZOnMouseMove(int, int, unsigned int)
001af158	GZOnCaptureChanged__12cSC3WinSpeedP7cIGZWin	cSC3WinSpeed::GZOnCaptureChanged(cIGZWin *)
001af1c0	GZOnKeyDown__12cSC3WinSpeedUiUi	cSC3WinSpeed::GZOnKeyDown(unsigned int, unsigned int)
001af1fc	GZOnKeyUp__12cSC3WinSpeedUiUi	cSC3WinSpeed::GZOnKeyUp(unsigned int, unsigned int)
001af244	GZPaint__12cSC3WinSpeed	cSC3WinSpeed::GZPaint(void)
001af530	Init__18cSC3WinPauseToggle	cSC3WinPauseToggle::Init(void)
001af5f4	Shutdown__18cSC3WinPauseToggle	cSC3WinPauseToggle::Shutdown(void)
001af724	GZPaint__18cSC3WinPauseToggle	cSC3WinPauseToggle::GZPaint(void)
001af8d4	GZOnMouseMove__18cSC3WinPauseToggleiiUi	cSC3WinPauseToggle::GZOnMouseMove(int, int, unsigned int)
001afa00	GZOnCaptureChanged__18cSC3WinPauseToggleP7cIGZWin	cSC3WinPauseToggle::GZOnCaptureChanged(cIGZWin *)
001afa68	GZOnKeyDown__18cSC3WinPauseToggleUiUi	cSC3WinPauseToggle::GZOnKeyDown(unsigned int, unsigned int)
001afaa4	GZOnKeyUp__18cSC3WinPauseToggleUiUi	cSC3WinPauseToggle::GZOnKeyUp(unsigned int, unsigned int)
001afae0	_._18cSC3WinPauseToggle	cSC3WinPauseToggle::~cSC3WinPauseToggle(void)
001afb2c	_._24cSC3WinPauseToggle_Pause	cSC3WinPauseToggle_Pause::~cSC3WinPauseToggle_Pause(void)
001afb84	Init__24cSC3WinPauseToggle_Pause	cSC3WinPauseToggle_Pause::Init(void)
001afe24	DoMessage__24cSC3WinPauseToggle_PauseR10cGZMessage	cSC3WinPauseToggle_Pause::DoMessage(cGZMessage &)
001aff54	GZOnMouseDownL__24cSC3WinPauseToggle_PauseiiUi	cSC3WinPauseToggle_Pause::GZOnMouseDownL(int, int, unsigned int)
001b00a0	_._23cSC3WinPauseToggle_Play	cSC3WinPauseToggle_Play::~cSC3WinPauseToggle_Play(void)
001b00f4	Init__23cSC3WinPauseToggle_Play	cSC3WinPauseToggle_Play::Init(void)
001b0384	DoMessage__23cSC3WinPauseToggle_PlayR10cGZMessage	cSC3WinPauseToggle_Play::DoMessage(cGZMessage &)
001b03f4	GZOnMouseDownL__23cSC3WinPauseToggle_PlayiiUi	cSC3WinPauseToggle_Play::GZOnMouseDownL(int, int, unsigned int)
001b0544	__uninitialized_copy_aux__H2ZP14cGZResourceKeyZP14cGZResourceKey_X01X01X11G12__false_type_X11	cGZResourceKey * __uninitialized_copy_aux<cGZResourceKey *, cGZResourceKey *>(cGZResourceKey *, cGZResourceKey *, cGZResourceKey *, __false_type)
001b0594	_M_insert_aux__t6vector2Z14cGZResourceKeyZt9allocator1Z14cGZResourceKeyP14cGZResourceKeyRC14cGZResourceKey	vector<cGZResourceKey, allocator<cGZResourceKey> >::_M_insert_aux(cGZResourceKey *, cGZResourceKey const &)
001b0974	_M_insert_aux__t6vector2ZPQ230cSC3WinProcEditOverRidesDialog13mBuildingInfoZt9allocator1ZPQ230cSC3WinProcEditOverRidesDialog13mBuildingInfoPPQ230cSC3WinProcEditOverRidesDialog13mBuildingInfoRCPQ230cSC3WinProcEditOverRidesDialog13mBuildingInfo	vector<cSC3WinProcEditOverRidesDialog::mBuildingInfo *, allocator<cSC3WinProcEditOverRidesDialog::mBuildingInfo *> >::_M_insert_aux(cSC3WinProcEditOverRidesDialog::mBuildingInfo **, cSC3WinProcEditOverRidesDialog::mBuildingInfo *const &)
001b0ca4	erase__t4list2Z9cRZStringZt9allocator1Z9cRZStringGt14_List_iterator3Z9cRZStringZR9cRZStringZP9cRZStringT1	list<cRZString, allocator<cRZString> >::erase(_List_iterator<cRZString, cRZString &, cRZString *>, _List_iterator<cRZString, cRZString &, cRZString *>)
001b0d64	clear__t10_List_base2ZQ212cRZDirectory9DriveTypeZt9allocator1ZQ212cRZDirectory9DriveType	_List_base<cRZDirectory::DriveType, allocator<cRZDirectory::DriveType> >::clear(void)
001b0de0	__thunk_4_QueryInterface__30cSC3WinProcEditOverRidesDialogUiPPv	virtual function thunk (delta:-4) for cSC3WinProcEditOverRidesDialog::QueryInterface(unsigned int, void **)
001b0dfc	__thunk_4_AddRef__30cSC3WinProcEditOverRidesDialog	virtual function thunk (delta:-4) for cSC3WinProcEditOverRidesDialog::AddRef(void)
001b0e18	__thunk_4_Release__30cSC3WinProcEditOverRidesDialog	virtual function thunk (delta:-4) for cSC3WinProcEditOverRidesDialog::Release(void)
001b0e34	__thunk_4__._30cSC3WinProcEditOverRidesDialog	virtual function thunk (delta:-4) for cSC3WinProcEditOverRidesDialog::~cSC3WinProcEditOverRidesDialog(void)
001b0e50	__thunk_4_on_init__30cSC3WinProcEditOverRidesDialogP7cIGZWin	virtual function thunk (delta:-4) for cSC3WinProcEditOverRidesDialog::on_init(cIGZWin *)
001b0e6c	__thunk_4_on_shutdown__30cSC3WinProcEditOverRidesDialogP7cIGZWin	virtual function thunk (delta:-4) for cSC3WinProcEditOverRidesDialog::on_shutdown(cIGZWin *)
001b0e88	__thunk_4_on_command__30cSC3WinProcEditOverRidesDialogP7cIGZWinUiUiUi	virtual function thunk (delta:-4) for cSC3WinProcEditOverRidesDialog::on_command(cIGZWin *, unsigned int, unsigned int, unsigned int)
001b0ea4	__thunk_8__._26cSC3CmdEditOverRidesDialog	virtual function thunk (delta:-8) for cSC3CmdEditOverRidesDialog::~cSC3CmdEditOverRidesDialog(void)
001b0ec0	__thunk_8_Release__26cSC3CmdEditOverRidesDialog	virtual function thunk (delta:-8) for cSC3CmdEditOverRidesDialog::Release(void)
001b0edc	__thunk_8_AddRef__26cSC3CmdEditOverRidesDialog	virtual function thunk (delta:-8) for cSC3CmdEditOverRidesDialog::AddRef(void)
001b0ef8	__thunk_4_QueryInterface__26cSC3CmdEditOverRidesDialogUiPPv	virtual function thunk (delta:-4) for cSC3CmdEditOverRidesDialog::QueryInterface(unsigned int, void **)
001b0f14	__thunk_4_AddRef__26cSC3CmdEditOverRidesDialog	virtual function thunk (delta:-4) for cSC3CmdEditOverRidesDialog::AddRef(void)
001b0f30	__thunk_4_Release__26cSC3CmdEditOverRidesDialog	virtual function thunk (delta:-4) for cSC3CmdEditOverRidesDialog::Release(void)
001b0f4c	__thunk_4_Execute__26cSC3CmdEditOverRidesDialog	virtual function thunk (delta:-4) for cSC3CmdEditOverRidesDialog::Execute(void)
001b0f74	_._23EditBATBldgListSettings	EditBATBldgListSettings::~EditBATBldgListSettings(void)
001b1034	__as__23EditBATBldgListSettingsRC23EditBATBldgListSettings	EditBATBldgListSettings::operator=(EditBATBldgListSettings const &)
001b1110	_._26cSC3CmdEditOverRidesDialog	cSC3CmdEditOverRidesDialog::~cSC3CmdEditOverRidesDialog(void)
001b1174	_._Q230cSC3WinProcEditOverRidesDialog13mBuildingInfo	cSC3WinProcEditOverRidesDialog::mBuildingInfo::~mBuildingInfo(void)
001b12b4	__Q230cSC3WinProcEditOverRidesDialog13mBuildingInfo	cSC3WinProcEditOverRidesDialog::mBuildingInfo::mBuildingInfo(void)
001b1444	compare__Ct12basic_string3ZcZt18string_char_traits1ZcZt24__default_alloc_template2b1i0PCcUiUi	basic_string<char, string_char_traits<char>, __default_alloc_template<true, 0> >::compare(char const *, unsigned int, unsigned int) const
001b14b4	__thunk_156_QueryInterface__14cGZWinFlatRectUiPPv	virtual function thunk (delta:-156) for cGZWinFlatRect::QueryInterface(unsigned int, void **)
001b14d4	__thunk_156_AddRef__14cGZWinFlatRect	virtual function thunk (delta:-156) for cGZWinFlatRect::AddRef(void)
001b14f4	__thunk_156_Release__14cGZWinFlatRect	virtual function thunk (delta:-156) for cGZWinFlatRect::Release(void)
001b1514	__thunk_156_AsIGZWin__14cGZWinFlatRect	virtual function thunk (delta:-156) for cGZWinFlatRect::AsIGZWin(void)
001b1534	__thunk_156_SetFillColor__14cGZWinFlatRectUi	virtual function thunk (delta:-156) for cGZWinFlatRect::SetFillColor(unsigned int)
001b1554	__thunk_156_GetFillColor__C14cGZWinFlatRect	virtual function thunk (delta:-156) for cGZWinFlatRect::GetFillColor(void) const
001b1574	__thunk_156_SetFillColor__14cGZWinFlatRectUcUcUc	virtual function thunk (delta:-156) for cGZWinFlatRect::SetFillColor(unsigned char, unsigned char, unsigned char)
001b1594	__thunk_156_GetFillColor__C14cGZWinFlatRectRUcN21	virtual function thunk (delta:-156) for cGZWinFlatRect::GetFillColor(unsigned char &, unsigned char &, unsigned char &) const
001b15b4	__thunk_156_SetOutlineFlags__14cGZWinFlatRectUc	virtual function thunk (delta:-156) for cGZWinFlatRect::SetOutlineFlags(unsigned char)
001b15d4	__thunk_156_GetOutlineFlags__14cGZWinFlatRect	virtual function thunk (delta:-156) for cGZWinFlatRect::GetOutlineFlags(void)
001b15f4	__thunk_156_GetOutlineFlag__14cGZWinFlatRecti	virtual function thunk (delta:-156) for cGZWinFlatRect::GetOutlineFlag(int)
001b1614	__thunk_156_SetOutlineColor__14cGZWinFlatRectUi	virtual function thunk (delta:-156) for cGZWinFlatRect::SetOutlineColor(unsigned int)
001b1634	__thunk_156_SetOutlineColor__14cGZWinFlatRectUcUcUc	virtual function thunk (delta:-156) for cGZWinFlatRect::SetOutlineColor(unsigned char, unsigned char, unsigned char)
001b1654	__thunk_156_SetOutlineColors__14cGZWinFlatRectUiUiUiUi	virtual function thunk (delta:-156) for cGZWinFlatRect::SetOutlineColors(unsigned int, unsigned int, unsigned int, unsigned int)
001b1674	__thunk_156_GetOutlineColors__14cGZWinFlatRectRUiN31	virtual function thunk (delta:-156) for cGZWinFlatRect::GetOutlineColors(unsigned int &, unsigned int &, unsigned int &, unsigned int &)
001b1694	__thunk_156_SetOutlineColor__14cGZWinFlatRectUcUcUcUc	virtual function thunk (delta:-156) for cGZWinFlatRect::SetOutlineColor(unsigned char, unsigned char, unsigned char, unsigned char)
001b16b4	__thunk_156_GetOutlineColor__C14cGZWinFlatRectUcRUcN22	virtual function thunk (delta:-156) for cGZWinFlatRect::GetOutlineColor(unsigned char, unsigned char &, unsigned char &, unsigned char &) const
001b16d4	__thunk_156_SetSizeMode__14cGZWinFlatRectUc	virtual function thunk (delta:-156) for cGZWinFlatRect::SetSizeMode(unsigned char)
001b16f4	__thunk_156_GetSizeMode__14cGZWinFlatRect	virtual function thunk (delta:-156) for cGZWinFlatRect::GetSizeMode(void)
001b1714	__thunk_156_AutoSize__18cSC3WinGenTitleBarRC7cRZRect	virtual function thunk (delta:-156) for cSC3WinGenTitleBar::AutoSize(cRZRect const &)
001b1734	__thunk_156_QueryInterface__10cSC3WinGenUiPPv	virtual function thunk (delta:-156) for cSC3WinGen::QueryInterface(unsigned int, void **)
001b1754	__thunk_156_AddRef__10cSC3WinGen	virtual function thunk (delta:-156) for cSC3WinGen::AddRef(void)
001b1774	__thunk_156_Release__10cSC3WinGen	virtual function thunk (delta:-156) for cSC3WinGen::Release(void)
001b1794	__thunk_156_AsIGZWin__10cSC3WinGen	virtual function thunk (delta:-156) for cSC3WinGen::AsIGZWin(void)
001b17b4	__thunk_156_GetCLSID__C10cSC3WinGen	virtual function thunk (delta:-156) for cSC3WinGen::GetCLSID(void) const
001b17d4	__thunk_156_GetWinGenFlag__C10cSC3WinGeni	virtual function thunk (delta:-156) for cSC3WinGen::GetWinGenFlag(int) const
001b17f4	__thunk_156_SetWinGenFlag__10cSC3WinGenib	virtual function thunk (delta:-156) for cSC3WinGen::SetWinGenFlag(int, bool)
001b1814	__thunk_156_SetWinProc__10cSC3WinGenP11cIGZWinProc	virtual function thunk (delta:-156) for cSC3WinGen::SetWinProc(cIGZWinProc *)
001b1834	__thunk_156_SetUserData__10cSC3WinGenUiUi	virtual function thunk (delta:-156) for cSC3WinGen::SetUserData(unsigned int, unsigned int)
001b1854	__thunk_156_GetUserData__C10cSC3WinGenUiRUi	virtual function thunk (delta:-156) for cSC3WinGen::GetUserData(unsigned int, unsigned int &) const
001b1874	__thunk_156_GetUserArea__C10cSC3WinGenR7cRZRect	virtual function thunk (delta:-156) for cSC3WinGen::GetUserArea(cRZRect &) const
001b1894	__thunk_156_SetGutters__10cSC3WinGenScScScSc	virtual function thunk (delta:-156) for cSC3WinGen::SetGutters(signed char, signed char, signed char, signed char)
001b18b4	__thunk_156_GetGutters__C10cSC3WinGenRiN31	virtual function thunk (delta:-156) for cSC3WinGen::GetGutters(int &, int &, int &, int &) const
001b18d4	__thunk_156_GetUserTarget__10cSC3WinGenRP11cIGZWinProc	virtual function thunk (delta:-156) for cSC3WinGen::GetUserTarget(cIGZWinProc *&)
001b18f4	__thunk_156_SetUserTarget__10cSC3WinGenP11cIGZWinProc	virtual function thunk (delta:-156) for cSC3WinGen::SetUserTarget(cIGZWinProc *)
001b1914	__thunk_156_SetBackgroundBitmap__10cSC3WinGenQ211cISC3WinGen10tBGBltTypeP10cIGZBuffer	virtual function thunk (delta:-156) for cSC3WinGen::SetBackgroundBitmap(cISC3WinGen::tBGBltType, cIGZBuffer *)
001b1934	__thunk_156_GetBackgroundBitmap__C10cSC3WinGenRQ211cISC3WinGen10tBGBltTypeRP10cIGZBuffer	virtual function thunk (delta:-156) for cSC3WinGen::GetBackgroundBitmap(cISC3WinGen::tBGBltType &, cIGZBuffer *&) const
001b1954	__thunk_156_SetUserData__10cSC3WinGenUi	virtual function thunk (delta:-156) for cSC3WinGen::SetUserData(unsigned int)
001b1974	__thunk_156_GetUserData__C10cSC3WinGen	virtual function thunk (delta:-156) for cSC3WinGen::GetUserData(void) const
001b1994	__thunk_156_SetGutters__10cSC3WinGenUcUc	virtual function thunk (delta:-156) for cSC3WinGen::SetGutters(unsigned char, unsigned char)
001b19b4	__thunk_156_GetGutters__10cSC3WinGenRiT1	virtual function thunk (delta:-156) for cSC3WinGen::GetGutters(int &, int &)
001b19d4	__thunk_156_AddBlueBar__10cSC3WinGeniiiRC7cRZRect	virtual function thunk (delta:-156) for cSC3WinGen::AddBlueBar(int, int, int, cRZRect const &)
001b19f4	__thunk_156_AddDividerH__10cSC3WinGenii	virtual function thunk (delta:-156) for cSC3WinGen::AddDividerH(int, int)
001b1a14	__thunk_156_RemoveBlueBar__10cSC3WinGeni	virtual function thunk (delta:-156) for cSC3WinGen::RemoveBlueBar(int)
001b1a44	__uninitialized_copy_aux__H2ZPQ217cSC3WinGraphsView9tLineDataZPQ217cSC3WinGraphsView9tLineData_X01X01X11G12__false_type_X11	cSC3WinGraphsView::tLineData * __uninitialized_copy_aux<cSC3WinGraphsView::tLineData *, cSC3WinGraphsView::tLineData *>(cSC3WinGraphsView::tLineData *, cSC3WinGraphsView::tLineData *, cSC3WinGraphsView::tLineData *, __false_type)
001b1a94	_M_insert_aux__t6vector2ZQ217cSC3WinGraphsView9tLineDataZt9allocator1ZQ217cSC3WinGraphsView9tLineDataPQ217cSC3WinGraphsView9tLineDataRCQ217cSC3WinGraphsView9tLineData	vector<cSC3WinGraphsView::tLineData, allocator<cSC3WinGraphsView::tLineData> >::_M_insert_aux(cSC3WinGraphsView::tLineData *, cSC3WinGraphsView::tLineData const &)
001b1eac	__thunk_4_QueryInterface__17cSC3WinGraphsViewUiPPv	virtual function thunk (delta:-4) for cSC3WinGraphsView::QueryInterface(unsigned int, void **)
001b1ec8	__thunk_4_AddRef__17cSC3WinGraphsView	virtual function thunk (delta:-4) for cSC3WinGraphsView::AddRef(void)
001b1ee4	__thunk_4_Release__17cSC3WinGraphsView	virtual function thunk (delta:-4) for cSC3WinGraphsView::Release(void)
001b1f00	__thunk_4_DoWinMsg__17cSC3WinGraphsViewP7cIGZWinUiUiUiUi	virtual function thunk (delta:-4) for cSC3WinGraphsView::DoWinMsg(cIGZWin *, unsigned int, unsigned int, unsigned int, unsigned int)
001b1f1c	__thunk_8_QueryInterface__17cSC3WinGraphsViewUiPPv	virtual function thunk (delta:-8) for cSC3WinGraphsView::QueryInterface(unsigned int, void **)
001b1f38	__thunk_8_AddRef__17cSC3WinGraphsView	virtual function thunk (delta:-8) for cSC3WinGraphsView::AddRef(void)
001b1f54	__thunk_8_Release__17cSC3WinGraphsView	virtual function thunk (delta:-8) for cSC3WinGraphsView::Release(void)
001b1f70	__thunk_8_EnumLayer__17cSC3WinGraphsViewR10cGZMessageP14cISC3CityLayer	virtual function thunk (delta:-8) for cSC3WinGraphsView::EnumLayer(cGZMessage &, cISC3CityLayer *)
001b1f8c	__thunk_92_QueryInterface__17cSC3WinGraphsViewUiPPv	virtual function thunk (delta:-92) for cSC3WinGraphsView::QueryInterface(unsigned int, void **)
001b1fa8	__thunk_92_AddRef__17cSC3WinGraphsView	virtual function thunk (delta:-92) for cSC3WinGraphsView::AddRef(void)
001b1fc4	__thunk_92_Release__17cSC3WinGraphsView	virtual function thunk (delta:-92) for cSC3WinGraphsView::Release(void)
001b1fe0	__thunk_92_AddGraphInfo__17cSC3WinGraphsViewP14cISC3GraphInfo	virtual function thunk (delta:-92) for cSC3WinGraphsView::AddGraphInfo(cISC3GraphInfo *)
001b1ffc	__thunk_12_QueryInterface__17cSC3WinGraphsViewUiPPv	virtual function thunk (delta:-12) for cSC3WinGraphsView::QueryInterface(unsigned int, void **)
001b2018	__thunk_12_AddRef__17cSC3WinGraphsView	virtual function thunk (delta:-12) for cSC3WinGraphsView::AddRef(void)
001b2034	__thunk_12_Release__17cSC3WinGraphsView	virtual function thunk (delta:-12) for cSC3WinGraphsView::Release(void)
001b2050	__thunk_12_DoMessage__17cSC3WinGraphsViewR10cGZMessage	virtual function thunk (delta:-12) for cSC3WinGraphsView::DoMessage(cGZMessage &)
001b2074	_._19LineGraphSeriesInfo	LineGraphSeriesInfo::~LineGraphSeriesInfo(void)
001b2134	_._11IRCUserInfo	IRCUserInfo::~IRCUserInfo(void)
001b2564	clear__t10_List_base2Z11IRCUserInfoZt9allocator1Z11IRCUserInfo	_List_base<IRCUserInfo, allocator<IRCUserInfo> >::clear(void)
001b2604	__uninitialized_copy_aux__H2ZP9cRZStringZP9cRZString_X01X01X11G12__false_type_X11	cRZString * __uninitialized_copy_aux<cRZString *, cRZString *>(cRZString *, cRZString *, cRZString *, __false_type)
001b2724	_M_insert_aux__t6vector2Z9cRZStringZt9allocator1Z9cRZStringP9cRZStringRC9cRZString	vector<cRZString, allocator<cRZString> >::_M_insert_aux(cRZString *, cRZString const &)
001b2e5c	__thunk_224_QueryInterface__21cSC3WinInternetDialupUiPPv	virtual function thunk (delta:-224) for cSC3WinInternetDialup::QueryInterface(unsigned int, void **)
001b2e7c	__thunk_224_AddRef__21cSC3WinInternetDialup	virtual function thunk (delta:-224) for cSC3WinInternetDialup::AddRef(void)
001b2e9c	__thunk_224_Release__21cSC3WinInternetDialup	virtual function thunk (delta:-224) for cSC3WinInternetDialup::Release(void)
001b2ebc	__thunk_224_DoWinMsg__21cSC3WinInternetDialupP7cIGZWinUiUiUiUi	virtual function thunk (delta:-224) for cSC3WinInternetDialup::DoWinMsg(cIGZWin *, unsigned int, unsigned int, unsigned int, unsigned int)
001b2edc	__thunk_220_QueryInterface__21cSC3WinInternetDialupUiPPv	virtual function thunk (delta:-220) for cSC3WinInternetDialup::QueryInterface(unsigned int, void **)
001b2efc	__thunk_220_AddRef__21cSC3WinInternetDialup	virtual function thunk (delta:-220) for cSC3WinInternetDialup::AddRef(void)
001b2f1c	__thunk_220_Release__21cSC3WinInternetDialup	virtual function thunk (delta:-220) for cSC3WinInternetDialup::Release(void)
001b2f3c	__thunk_220_AsIGZWin__21cSC3WinInternetDialup	virtual function thunk (delta:-220) for cSC3WinInternetDialup::AsIGZWin(void)
001b2f5c	__thunk_156_QueryInterface__21cSC3WinInternetDialupUiPPv	virtual function thunk (delta:-156) for cSC3WinInternetDialup::QueryInterface(unsigned int, void **)
001b2f7c	__thunk_156_AddRef__21cSC3WinInternetDialup	virtual function thunk (delta:-156) for cSC3WinInternetDialup::AddRef(void)
001b2f9c	__thunk_156_Release__21cSC3WinInternetDialup	virtual function thunk (delta:-156) for cSC3WinInternetDialup::Release(void)
001b2fbc	__thunk_156_AsIGZWin__21cSC3WinInternetDialup	virtual function thunk (delta:-156) for cSC3WinInternetDialup::AsIGZWin(void)
001b2fdc	__thunk_224_QueryInterface__21cSC3WinInternetConfigUiPPv	virtual function thunk (delta:-224) for cSC3WinInternetConfig::QueryInterface(unsigned int, void **)
001b2ffc	__thunk_224_AddRef__21cSC3WinInternetConfig	virtual function thunk (delta:-224) for cSC3WinInternetConfig::AddRef(void)
001b301c	__thunk_224_Release__21cSC3WinInternetConfig	virtual function thunk (delta:-224) for cSC3WinInternetConfig::Release(void)
001b303c	__thunk_224_DoWinMsg__21cSC3WinInternetConfigP7cIGZWinUiUiUiUi	virtual function thunk (delta:-224) for cSC3WinInternetConfig::DoWinMsg(cIGZWin *, unsigned int, unsigned int, unsigned int, unsigned int)
001b305c	__thunk_220_QueryInterface__21cSC3WinInternetConfigUiPPv	virtual function thunk (delta:-220) for cSC3WinInternetConfig::QueryInterface(unsigned int, void **)
001b307c	__thunk_220_AddRef__21cSC3WinInternetConfig	virtual function thunk (delta:-220) for cSC3WinInternetConfig::AddRef(void)
001b309c	__thunk_220_Release__21cSC3WinInternetConfig	virtual function thunk (delta:-220) for cSC3WinInternetConfig::Release(void)
001b30bc	__thunk_220_AsIGZWin__21cSC3WinInternetConfig	virtual function thunk (delta:-220) for cSC3WinInternetConfig::AsIGZWin(void)
001b30dc	__thunk_156_QueryInterface__21cSC3WinInternetConfigUiPPv	virtual function thunk (delta:-156) for cSC3WinInternetConfig::QueryInterface(unsigned int, void **)
001b30fc	__thunk_156_AddRef__21cSC3WinInternetConfig	virtual function thunk (delta:-156) for cSC3WinInternetConfig::AddRef(void)
001b311c	__thunk_156_Release__21cSC3WinInternetConfig	virtual function thunk (delta:-156) for cSC3WinInternetConfig::Release(void)
001b313c	__thunk_156_AsIGZWin__21cSC3WinInternetConfig	virtual function thunk (delta:-156) for cSC3WinInternetConfig::AsIGZWin(void)
001b315c	__thunk_224_QueryInterface__25cSC3WinChatRoomPropertiesUiPPv	virtual function thunk (delta:-224) for cSC3WinChatRoomProperties::QueryInterface(unsigned int, void **)
001b317c	__thunk_224_AddRef__25cSC3WinChatRoomProperties	virtual function thunk (delta:-224) for cSC3WinChatRoomProperties::AddRef(void)
001b319c	__thunk_224_Release__25cSC3WinChatRoomProperties	virtual function thunk (delta:-224) for cSC3WinChatRoomProperties::Release(void)
001b31bc	__thunk_224_DoWinMsg__25cSC3WinChatRoomPropertiesP7cIGZWinUiUiUiUi	virtual function thunk (delta:-224) for cSC3WinChatRoomProperties::DoWinMsg(cIGZWin *, unsigned int, unsigned int, unsigned int, unsigned int)
001b31dc	__thunk_220_QueryInterface__25cSC3WinChatRoomPropertiesUiPPv	virtual function thunk (delta:-220) for cSC3WinChatRoomProperties::QueryInterface(unsigned int, void **)
001b31fc	__thunk_220_AddRef__25cSC3WinChatRoomProperties	virtual function thunk (delta:-220) for cSC3WinChatRoomProperties::AddRef(void)
001b321c	__thunk_220_Release__25cSC3WinChatRoomProperties	virtual function thunk (delta:-220) for cSC3WinChatRoomProperties::Release(void)
001b323c	__thunk_220_AsIGZWin__25cSC3WinChatRoomProperties	virtual function thunk (delta:-220) for cSC3WinChatRoomProperties::AsIGZWin(void)
001b325c	__thunk_220_SetRoom__25cSC3WinChatRoomPropertiesRC10cIGZString	virtual function thunk (delta:-220) for cSC3WinChatRoomProperties::SetRoom(cIGZString const &)
001b327c	__thunk_156_QueryInterface__25cSC3WinChatRoomPropertiesUiPPv	virtual function thunk (delta:-156) for cSC3WinChatRoomProperties::QueryInterface(unsigned int, void **)
001b329c	__thunk_156_AddRef__25cSC3WinChatRoomProperties	virtual function thunk (delta:-156) for cSC3WinChatRoomProperties::AddRef(void)
001b32bc	__thunk_156_Release__25cSC3WinChatRoomProperties	virtual function thunk (delta:-156) for cSC3WinChatRoomProperties::Release(void)
001b32dc	__thunk_156_AsIGZWin__25cSC3WinChatRoomProperties	virtual function thunk (delta:-156) for cSC3WinChatRoomProperties::AsIGZWin(void)
001b32fc	__thunk_224_QueryInterface__19cSC3WinChatAllUsersUiPPv	virtual function thunk (delta:-224) for cSC3WinChatAllUsers::QueryInterface(unsigned int, void **)
001b331c	__thunk_224_AddRef__19cSC3WinChatAllUsers	virtual function thunk (delta:-224) for cSC3WinChatAllUsers::AddRef(void)
001b333c	__thunk_224_Release__19cSC3WinChatAllUsers	virtual function thunk (delta:-224) for cSC3WinChatAllUsers::Release(void)
001b335c	__thunk_224_DoWinMsg__19cSC3WinChatAllUsersP7cIGZWinUiUiUiUi	virtual function thunk (delta:-224) for cSC3WinChatAllUsers::DoWinMsg(cIGZWin *, unsigned int, unsigned int, unsigned int, unsigned int)
001b337c	__thunk_220_QueryInterface__19cSC3WinChatAllUsersUiPPv	virtual function thunk (delta:-220) for cSC3WinChatAllUsers::QueryInterface(unsigned int, void **)
001b339c	__thunk_220_AddRef__19cSC3WinChatAllUsers	virtual function thunk (delta:-220) for cSC3WinChatAllUsers::AddRef(void)
001b33bc	__thunk_220_Release__19cSC3WinChatAllUsers	virtual function thunk (delta:-220) for cSC3WinChatAllUsers::Release(void)
001b33dc	__thunk_220_AsIGZWin__19cSC3WinChatAllUsers	virtual function thunk (delta:-220) for cSC3WinChatAllUsers::AsIGZWin(void)
001b33fc	__thunk_220_AddOrRemoveUser__19cSC3WinChatAllUsersRC10cIGZStringbT2	virtual function thunk (delta:-220) for cSC3WinChatAllUsers::AddOrRemoveUser(cIGZString const &, bool, bool)
001b341c	__thunk_220_UpdateAllUsers__19cSC3WinChatAllUsers	virtual function thunk (delta:-220) for cSC3WinChatAllUsers::UpdateAllUsers(void)
001b343c	__thunk_156_QueryInterface__19cSC3WinChatAllUsersUiPPv	virtual function thunk (delta:-156) for cSC3WinChatAllUsers::QueryInterface(unsigned int, void **)
001b345c	__thunk_156_AddRef__19cSC3WinChatAllUsers	virtual function thunk (delta:-156) for cSC3WinChatAllUsers::AddRef(void)
001b347c	__thunk_156_Release__19cSC3WinChatAllUsers	virtual function thunk (delta:-156) for cSC3WinChatAllUsers::Release(void)
001b349c	__thunk_156_AsIGZWin__19cSC3WinChatAllUsers	virtual function thunk (delta:-156) for cSC3WinChatAllUsers::AsIGZWin(void)
001b34bc	__thunk_224_QueryInterface__18cSC3WinChatFriendsUiPPv	virtual function thunk (delta:-224) for cSC3WinChatFriends::QueryInterface(unsigned int, void **)
001b34dc	__thunk_224_AddRef__18cSC3WinChatFriends	virtual function thunk (delta:-224) for cSC3WinChatFriends::AddRef(void)
001b34fc	__thunk_224_Release__18cSC3WinChatFriends	virtual function thunk (delta:-224) for cSC3WinChatFriends::Release(void)
001b351c	__thunk_224_DoWinMsg__18cSC3WinChatFriendsP7cIGZWinUiUiUiUi	virtual function thunk (delta:-224) for cSC3WinChatFriends::DoWinMsg(cIGZWin *, unsigned int, unsigned int, unsigned int, unsigned int)
001b353c	__thunk_220_QueryInterface__18cSC3WinChatFriendsUiPPv	virtual function thunk (delta:-220) for cSC3WinChatFriends::QueryInterface(unsigned int, void **)
001b355c	__thunk_220_AddRef__18cSC3WinChatFriends	virtual function thunk (delta:-220) for cSC3WinChatFriends::AddRef(void)
001b357c	__thunk_220_Release__18cSC3WinChatFriends	virtual function thunk (delta:-220) for cSC3WinChatFriends::Release(void)
001b359c	__thunk_220_AsIGZWin__18cSC3WinChatFriends	virtual function thunk (delta:-220) for cSC3WinChatFriends::AsIGZWin(void)
001b35bc	__thunk_220_AddOrRemoveUser__18cSC3WinChatFriendsRC10cIGZStringb	virtual function thunk (delta:-220) for cSC3WinChatFriends::AddOrRemoveUser(cIGZString const &, bool)
001b35dc	__thunk_220_SetStatusOfUser__18cSC3WinChatFriendsRC10cIGZStringb	virtual function thunk (delta:-220) for cSC3WinChatFriends::SetStatusOfUser(cIGZString const &, bool)
001b35fc	__thunk_220_ClearAllEntries__18cSC3WinChatFriends	virtual function thunk (delta:-220) for cSC3WinChatFriends::ClearAllEntries(void)
001b361c	__thunk_220_UpdateAllEntries__18cSC3WinChatFriends	virtual function thunk (delta:-220) for cSC3WinChatFriends::UpdateAllEntries(void)
001b363c	__thunk_220_SetAllEntriesOffline__18cSC3WinChatFriends	virtual function thunk (delta:-220) for cSC3WinChatFriends::SetAllEntriesOffline(void)
001b365c	__thunk_220_SetUserRoom__18cSC3WinChatFriendsRC10cIGZStringT1	virtual function thunk (delta:-220) for cSC3WinChatFriends::SetUserRoom(cIGZString const &, cIGZString const &)
001b367c	__thunk_156_QueryInterface__18cSC3WinChatFriendsUiPPv	virtual function thunk (delta:-156) for cSC3WinChatFriends::QueryInterface(unsigned int, void **)
001b369c	__thunk_156_AddRef__18cSC3WinChatFriends	virtual function thunk (delta:-156) for cSC3WinChatFriends::AddRef(void)
001b36bc	__thunk_156_Release__18cSC3WinChatFriends	virtual function thunk (delta:-156) for cSC3WinChatFriends::Release(void)
001b36dc	__thunk_156_AsIGZWin__18cSC3WinChatFriends	virtual function thunk (delta:-156) for cSC3WinChatFriends::AsIGZWin(void)
001b36fc	__thunk_224_QueryInterface__25cSC3WinChatPrivateMessageUiPPv	virtual function thunk (delta:-224) for cSC3WinChatPrivateMessage::QueryInterface(unsigned int, void **)
001b371c	__thunk_224_AddRef__25cSC3WinChatPrivateMessage	virtual function thunk (delta:-224) for cSC3WinChatPrivateMessage::AddRef(void)
001b373c	__thunk_224_Release__25cSC3WinChatPrivateMessage	virtual function thunk (delta:-224) for cSC3WinChatPrivateMessage::Release(void)
001b375c	__thunk_224_DoWinMsg__25cSC3WinChatPrivateMessageP7cIGZWinUiUiUiUi	virtual function thunk (delta:-224) for cSC3WinChatPrivateMessage::DoWinMsg(cIGZWin *, unsigned int, unsigned int, unsigned int, unsigned int)
001b377c	__thunk_220_QueryInterface__25cSC3WinChatPrivateMessageUiPPv	virtual function thunk (delta:-220) for cSC3WinChatPrivateMessage::QueryInterface(unsigned int, void **)
001b379c	__thunk_220_AddRef__25cSC3WinChatPrivateMessage	virtual function thunk (delta:-220) for cSC3WinChatPrivateMessage::AddRef(void)
001b37bc	__thunk_220_Release__25cSC3WinChatPrivateMessage	virtual function thunk (delta:-220) for cSC3WinChatPrivateMessage::Release(void)
001b37dc	__thunk_220_AsIGZWin__25cSC3WinChatPrivateMessage	virtual function thunk (delta:-220) for cSC3WinChatPrivateMessage::AsIGZWin(void)
001b37fc	__thunk_220_SetRecipient__25cSC3WinChatPrivateMessageRC10cIGZStringb	virtual function thunk (delta:-220) for cSC3WinChatPrivateMessage::SetRecipient(cIGZString const &, bool)
001b381c	__thunk_220_SetMessage__25cSC3WinChatPrivateMessageRC10cIGZString	virtual function thunk (delta:-220) for cSC3WinChatPrivateMessage::SetMessage(cIGZString const &)
001b383c	__thunk_156_QueryInterface__25cSC3WinChatPrivateMessageUiPPv	virtual function thunk (delta:-156) for cSC3WinChatPrivateMessage::QueryInterface(unsigned int, void **)
001b385c	__thunk_156_AddRef__25cSC3WinChatPrivateMessage	virtual function thunk (delta:-156) for cSC3WinChatPrivateMessage::AddRef(void)
001b387c	__thunk_156_Release__25cSC3WinChatPrivateMessage	virtual function thunk (delta:-156) for cSC3WinChatPrivateMessage::Release(void)
001b389c	__thunk_156_AsIGZWin__25cSC3WinChatPrivateMessage	virtual function thunk (delta:-156) for cSC3WinChatPrivateMessage::AsIGZWin(void)
001b38bc	__thunk_224_QueryInterface__21cSC3WinChatCreateRoomUiPPv	virtual function thunk (delta:-224) for cSC3WinChatCreateRoom::QueryInterface(unsigned int, void **)
001b38dc	__thunk_224_AddRef__21cSC3WinChatCreateRoom	virtual function thunk (delta:-224) for cSC3WinChatCreateRoom::AddRef(void)
001b38fc	__thunk_224_Release__21cSC3WinChatCreateRoom	virtual function thunk (delta:-224) for cSC3WinChatCreateRoom::Release(void)
001b391c	__thunk_224_DoWinMsg__21cSC3WinChatCreateRoomP7cIGZWinUiUiUiUi	virtual function thunk (delta:-224) for cSC3WinChatCreateRoom::DoWinMsg(cIGZWin *, unsigned int, unsigned int, unsigned int, unsigned int)
001b393c	__thunk_220_QueryInterface__21cSC3WinChatCreateRoomUiPPv	virtual function thunk (delta:-220) for cSC3WinChatCreateRoom::QueryInterface(unsigned int, void **)
001b395c	__thunk_220_AddRef__21cSC3WinChatCreateRoom	virtual function thunk (delta:-220) for cSC3WinChatCreateRoom::AddRef(void)
001b397c	__thunk_220_Release__21cSC3WinChatCreateRoom	virtual function thunk (delta:-220) for cSC3WinChatCreateRoom::Release(void)
001b399c	__thunk_220_AsIGZWin__21cSC3WinChatCreateRoom	virtual function thunk (delta:-220) for cSC3WinChatCreateRoom::AsIGZWin(void)
001b39bc	__thunk_220_SetRoomName__21cSC3WinChatCreateRoomRC10cIGZString	virtual function thunk (delta:-220) for cSC3WinChatCreateRoom::SetRoomName(cIGZString const &)
001b39dc	__thunk_220_SetSecret__21cSC3WinChatCreateRoomb	virtual function thunk (delta:-220) for cSC3WinChatCreateRoom::SetSecret(bool)
001b39fc	__thunk_220_SetRoomDescription__21cSC3WinChatCreateRoomRC10cIGZString	virtual function thunk (delta:-220) for cSC3WinChatCreateRoom::SetRoomDescription(cIGZString const &)
001b3a1c	__thunk_156_QueryInterface__21cSC3WinChatCreateRoomUiPPv	virtual function thunk (delta:-156) for cSC3WinChatCreateRoom::QueryInterface(unsigned int, void **)
001b3a3c	__thunk_156_AddRef__21cSC3WinChatCreateRoom	virtual function thunk (delta:-156) for cSC3WinChatCreateRoom::AddRef(void)
001b3a5c	__thunk_156_Release__21cSC3WinChatCreateRoom	virtual function thunk (delta:-156) for cSC3WinChatCreateRoom::Release(void)
001b3a7c	__thunk_156_AsIGZWin__21cSC3WinChatCreateRoom	virtual function thunk (delta:-156) for cSC3WinChatCreateRoom::AsIGZWin(void)
001b3a9c	__thunk_284_QueryInterface__16cSC3WinChatLargeUiPPv	virtual function thunk (delta:-284) for cSC3WinChatLarge::QueryInterface(unsigned int, void **)
001b3abc	__thunk_284_AddRef__16cSC3WinChatLarge	virtual function thunk (delta:-284) for cSC3WinChatLarge::AddRef(void)
001b3adc	__thunk_284_Release__16cSC3WinChatLarge	virtual function thunk (delta:-284) for cSC3WinChatLarge::Release(void)
001b3afc	__thunk_284_DoWinMsg__16cSC3WinChatLargeP7cIGZWinUiUiUiUi	virtual function thunk (delta:-284) for cSC3WinChatLarge::DoWinMsg(cIGZWin *, unsigned int, unsigned int, unsigned int, unsigned int)
001b3b1c	__thunk_280_QueryInterface__16cSC3WinChatLargeUiPPv	virtual function thunk (delta:-280) for cSC3WinChatLarge::QueryInterface(unsigned int, void **)
001b3b3c	__thunk_280_AddRef__16cSC3WinChatLarge	virtual function thunk (delta:-280) for cSC3WinChatLarge::AddRef(void)
001b3b5c	__thunk_280_Release__16cSC3WinChatLarge	virtual function thunk (delta:-280) for cSC3WinChatLarge::Release(void)
001b3b7c	__thunk_280_AsIGZWin__16cSC3WinChatLarge	virtual function thunk (delta:-280) for cSC3WinChatLarge::AsIGZWin(void)
001b3b9c	__thunk_280_GetSize__16cSC3WinChatLarge	virtual function thunk (delta:-280) for cSC3WinChatLarge::GetSize(void)
001b3bbc	__thunk_280_AddMessageLine__16cSC3WinChatLargeP20IRCUserMessageStruct	virtual function thunk (delta:-280) for cSC3WinChatLarge::AddMessageLine(IRCUserMessageStruct *)
001b3bdc	__thunk_280_AddMessageLine__16cSC3WinChatLargeRC10cIGZString	virtual function thunk (delta:-280) for cSC3WinChatLarge::AddMessageLine(cIGZString const &)
001b3bfc	__thunk_280_GetCurrentChannelName__16cSC3WinChatLargeR10cIGZString	virtual function thunk (delta:-280) for cSC3WinChatLarge::GetCurrentChannelName(cIGZString &)
001b3c1c	__thunk_280_SetMaxMessageLineCount__16cSC3WinChatLargeUi	virtual function thunk (delta:-280) for cSC3WinChatLarge::SetMaxMessageLineCount(unsigned int)
001b3c3c	__thunk_280_ClearView__16cSC3WinChatLarge	virtual function thunk (delta:-280) for cSC3WinChatLarge::ClearView(void)
001b3c5c	__thunk_280_DoConnectionStatusChange__16cSC3WinChatLargeii	virtual function thunk (delta:-280) for cSC3WinChatLarge::DoConnectionStatusChange(int, int)
001b3c7c	__thunk_280_DoChannelInviteMessage__16cSC3WinChatLargePCt12basic_string3ZcZt18string_char_traits1ZcZt24__default_alloc_template2b1i0T1	virtual function thunk (delta:-280) for cSC3WinChatLarge::DoChannelInviteMessage(basic_string<char, string_char_traits<char>, __default_alloc_template<true, 0> > const *, basic_string<char, string_char_traits<char>, __default_alloc_template<true, 0> > const *)
001b3c9c	__thunk_280_DoChannelJoinPartMessage__16cSC3WinChatLargeP18IRCJoinLeaveStruct	virtual function thunk (delta:-280) for cSC3WinChatLarge::DoChannelJoinPartMessage(IRCJoinLeaveStruct *)
001b3cbc	__thunk_280_DoChannelChangeMessage__16cSC3WinChatLargeP14IRCChannelInfo	virtual function thunk (delta:-280) for cSC3WinChatLarge::DoChannelChangeMessage(IRCChannelInfo *)
001b3cdc	__thunk_280_DoChannelListUpdate__16cSC3WinChatLargePt4list2Z19IRCChannelInfoBasicZt9allocator1Z19IRCChannelInfoBasic	virtual function thunk (delta:-280) for cSC3WinChatLarge::DoChannelListUpdate(list<IRCChannelInfoBasic, allocator<IRCChannelInfoBasic> > *)
001b3cfc	__thunk_280_DoMOTDUpdate__16cSC3WinChatLargePt6vector2Zt12basic_string3ZcZt18string_char_traits1ZcZt24__default_alloc_template2b1i0Zt9allocator1Zt12basic_string3ZcZt18string_char_traits1ZcZt24__default_alloc_template2b1i0b	virtual function thunk (delta:-280) for cSC3WinChatLarge::DoMOTDUpdate(vector<basic_string<char, string_char_traits<char>, __default_alloc_template<true, 0> >, allocator<basic_string<char, string_char_traits<char>, __default_alloc_template<true, 0> > > > *, bool)
001b3d1c	__thunk_280_DoNickNameChange__16cSC3WinChatLargePCt12basic_string3ZcZt18string_char_traits1ZcZt24__default_alloc_template2b1i0T1	virtual function thunk (delta:-280) for cSC3WinChatLarge::DoNickNameChange(basic_string<char, string_char_traits<char>, __default_alloc_template<true, 0> > const *, basic_string<char, string_char_traits<char>, __default_alloc_template<true, 0> > const *)
001b3d3c	__thunk_280_SaveChatText__16cSC3WinChatLarge	virtual function thunk (delta:-280) for cSC3WinChatLarge::SaveChatText(void)
001b3d5c	__thunk_280_GetSavedChatText__16cSC3WinChatLarge	virtual function thunk (delta:-280) for cSC3WinChatLarge::GetSavedChatText(void)
001b3d7c	__thunk_280_SaveTextToFile__16cSC3WinChatLargeRC10cIGZString	virtual function thunk (delta:-280) for cSC3WinChatLarge::SaveTextToFile(cIGZString const &)
001b3d9c	__thunk_156_QueryInterface__16cSC3WinChatLargeUiPPv	virtual function thunk (delta:-156) for cSC3WinChatLarge::QueryInterface(unsigned int, void **)
001b3dbc	__thunk_156_AddRef__16cSC3WinChatLarge	virtual function thunk (delta:-156) for cSC3WinChatLarge::AddRef(void)
001b3ddc	__thunk_156_Release__16cSC3WinChatLarge	virtual function thunk (delta:-156) for cSC3WinChatLarge::Release(void)
001b3dfc	__thunk_156_AsIGZWin__16cSC3WinChatLarge	virtual function thunk (delta:-156) for cSC3WinChatLarge::AsIGZWin(void)
001b3e1c	__thunk_284_QueryInterface__17cSC3WinChatMediumUiPPv	virtual function thunk (delta:-284) for cSC3WinChatMedium::QueryInterface(unsigned int, void **)
001b3e3c	__thunk_284_AddRef__17cSC3WinChatMedium	virtual function thunk (delta:-284) for cSC3WinChatMedium::AddRef(void)
001b3e5c	__thunk_284_Release__17cSC3WinChatMedium	virtual function thunk (delta:-284) for cSC3WinChatMedium::Release(void)
001b3e7c	__thunk_284_DoWinMsg__17cSC3WinChatMediumP7cIGZWinUiUiUiUi	virtual function thunk (delta:-284) for cSC3WinChatMedium::DoWinMsg(cIGZWin *, unsigned int, unsigned int, unsigned int, unsigned int)
001b3e9c	__thunk_280_QueryInterface__17cSC3WinChatMediumUiPPv	virtual function thunk (delta:-280) for cSC3WinChatMedium::QueryInterface(unsigned int, void **)
001b3ebc	__thunk_280_AddRef__17cSC3WinChatMedium	virtual function thunk (delta:-280) for cSC3WinChatMedium::AddRef(void)
001b3edc	__thunk_280_Release__17cSC3WinChatMedium	virtual function thunk (delta:-280) for cSC3WinChatMedium::Release(void)
001b3efc	__thunk_280_AsIGZWin__17cSC3WinChatMedium	virtual function thunk (delta:-280) for cSC3WinChatMedium::AsIGZWin(void)
001b3f1c	__thunk_280_GetSize__17cSC3WinChatMedium	virtual function thunk (delta:-280) for cSC3WinChatMedium::GetSize(void)
001b3f3c	__thunk_280_AddMessageLine__17cSC3WinChatMediumP20IRCUserMessageStruct	virtual function thunk (delta:-280) for cSC3WinChatMedium::AddMessageLine(IRCUserMessageStruct *)
001b3f5c	__thunk_280_AddMessageLine__17cSC3WinChatMediumRC10cIGZString	virtual function thunk (delta:-280) for cSC3WinChatMedium::AddMessageLine(cIGZString const &)
001b3f7c	__thunk_280_GetCurrentChannelName__17cSC3WinChatMediumR10cIGZString	virtual function thunk (delta:-280) for cSC3WinChatMedium::GetCurrentChannelName(cIGZString &)
001b3f9c	__thunk_280_SetMaxMessageLineCount__17cSC3WinChatMediumUi	virtual function thunk (delta:-280) for cSC3WinChatMedium::SetMaxMessageLineCount(unsigned int)
001b3fbc	__thunk_280_ClearView__17cSC3WinChatMedium	virtual function thunk (delta:-280) for cSC3WinChatMedium::ClearView(void)
001b3fdc	__thunk_280_DoConnectionStatusChange__17cSC3WinChatMediumii	virtual function thunk (delta:-280) for cSC3WinChatMedium::DoConnectionStatusChange(int, int)
001b3ffc	__thunk_280_DoChannelInviteMessage__17cSC3WinChatMediumPCt12basic_string3ZcZt18string_char_traits1ZcZt24__default_alloc_template2b1i0T1	virtual function thunk (delta:-280) for cSC3WinChatMedium::DoChannelInviteMessage(basic_string<char, string_char_traits<char>, __default_alloc_template<true, 0> > const *, basic_string<char, string_char_traits<char>, __default_alloc_template<true, 0> > const *)
001b401c	__thunk_280_DoChannelJoinPartMessage__17cSC3WinChatMediumP18IRCJoinLeaveStruct	virtual function thunk (delta:-280) for cSC3WinChatMedium::DoChannelJoinPartMessage(IRCJoinLeaveStruct *)
001b403c	__thunk_280_DoChannelChangeMessage__17cSC3WinChatMediumP14IRCChannelInfo	virtual function thunk (delta:-280) for cSC3WinChatMedium::DoChannelChangeMessage(IRCChannelInfo *)
001b405c	__thunk_280_DoChannelListUpdate__17cSC3WinChatMediumPt4list2Z19IRCChannelInfoBasicZt9allocator1Z19IRCChannelInfoBasic	virtual function thunk (delta:-280) for cSC3WinChatMedium::DoChannelListUpdate(list<IRCChannelInfoBasic, allocator<IRCChannelInfoBasic> > *)
001b407c	__thunk_280_DoMOTDUpdate__17cSC3WinChatMediumPt6vector2Zt12basic_string3ZcZt18string_char_traits1ZcZt24__default_alloc_template2b1i0Zt9allocator1Zt12basic_string3ZcZt18string_char_traits1ZcZt24__default_alloc_template2b1i0b	virtual function thunk (delta:-280) for cSC3WinChatMedium::DoMOTDUpdate(vector<basic_string<char, string_char_traits<char>, __default_alloc_template<true, 0> >, allocator<basic_string<char, string_char_traits<char>, __default_alloc_template<true, 0> > > > *, bool)
001b409c	__thunk_280_DoNickNameChange__17cSC3WinChatMediumPCt12basic_string3ZcZt18string_char_traits1ZcZt24__default_alloc_template2b1i0T1	virtual function thunk (delta:-280) for cSC3WinChatMedium::DoNickNameChange(basic_string<char, string_char_traits<char>, __default_alloc_template<true, 0> > const *, basic_string<char, string_char_traits<char>, __default_alloc_template<true, 0> > const *)
001b40bc	__thunk_280_SaveChatText__17cSC3WinChatMedium	virtual function thunk (delta:-280) for cSC3WinChatMedium::SaveChatText(void)
001b40dc	__thunk_280_GetSavedChatText__17cSC3WinChatMedium	virtual function thunk (delta:-280) for cSC3WinChatMedium::GetSavedChatText(void)
001b40fc	__thunk_280_SaveTextToFile__17cSC3WinChatMediumRC10cIGZString	virtual function thunk (delta:-280) for cSC3WinChatMedium::SaveTextToFile(cIGZString const &)
001b411c	__thunk_156_QueryInterface__17cSC3WinChatMediumUiPPv	virtual function thunk (delta:-156) for cSC3WinChatMedium::QueryInterface(unsigned int, void **)
001b413c	__thunk_156_AddRef__17cSC3WinChatMedium	virtual function thunk (delta:-156) for cSC3WinChatMedium::AddRef(void)
001b415c	__thunk_156_Release__17cSC3WinChatMedium	virtual function thunk (delta:-156) for cSC3WinChatMedium::Release(void)
001b417c	__thunk_156_AsIGZWin__17cSC3WinChatMedium	virtual function thunk (delta:-156) for cSC3WinChatMedium::AsIGZWin(void)
001b419c	__thunk_284_QueryInterface__16cSC3WinChatSmallUiPPv	virtual function thunk (delta:-284) for cSC3WinChatSmall::QueryInterface(unsigned int, void **)
001b41bc	__thunk_284_AddRef__16cSC3WinChatSmall	virtual function thunk (delta:-284) for cSC3WinChatSmall::AddRef(void)
001b41dc	__thunk_284_Release__16cSC3WinChatSmall	virtual function thunk (delta:-284) for cSC3WinChatSmall::Release(void)
001b41fc	__thunk_284_DoWinMsg__16cSC3WinChatSmallP7cIGZWinUiUiUiUi	virtual function thunk (delta:-284) for cSC3WinChatSmall::DoWinMsg(cIGZWin *, unsigned int, unsigned int, unsigned int, unsigned int)
001b421c	__thunk_280_QueryInterface__16cSC3WinChatSmallUiPPv	virtual function thunk (delta:-280) for cSC3WinChatSmall::QueryInterface(unsigned int, void **)
001b423c	__thunk_280_AddRef__16cSC3WinChatSmall	virtual function thunk (delta:-280) for cSC3WinChatSmall::AddRef(void)
001b425c	__thunk_280_Release__16cSC3WinChatSmall	virtual function thunk (delta:-280) for cSC3WinChatSmall::Release(void)
001b427c	__thunk_280_AsIGZWin__16cSC3WinChatSmall	virtual function thunk (delta:-280) for cSC3WinChatSmall::AsIGZWin(void)
001b429c	__thunk_280_GetSize__16cSC3WinChatSmall	virtual function thunk (delta:-280) for cSC3WinChatSmall::GetSize(void)
001b42bc	__thunk_280_AddMessageLine__16cSC3WinChatSmallP20IRCUserMessageStruct	virtual function thunk (delta:-280) for cSC3WinChatSmall::AddMessageLine(IRCUserMessageStruct *)
001b42dc	__thunk_280_AddMessageLine__16cSC3WinChatSmallRC10cIGZString	virtual function thunk (delta:-280) for cSC3WinChatSmall::AddMessageLine(cIGZString const &)
001b42fc	__thunk_280_GetCurrentChannelName__16cSC3WinChatSmallR10cIGZString	virtual function thunk (delta:-280) for cSC3WinChatSmall::GetCurrentChannelName(cIGZString &)
001b431c	__thunk_280_SetMaxMessageLineCount__16cSC3WinChatSmallUi	virtual function thunk (delta:-280) for cSC3WinChatSmall::SetMaxMessageLineCount(unsigned int)
001b433c	__thunk_280_ClearView__16cSC3WinChatSmall	virtual function thunk (delta:-280) for cSC3WinChatSmall::ClearView(void)
001b435c	__thunk_280_DoConnectionStatusChange__16cSC3WinChatSmallii	virtual function thunk (delta:-280) for cSC3WinChatSmall::DoConnectionStatusChange(int, int)
001b437c	__thunk_280_DoChannelInviteMessage__16cSC3WinChatSmallPCt12basic_string3ZcZt18string_char_traits1ZcZt24__default_alloc_template2b1i0T1	virtual function thunk (delta:-280) for cSC3WinChatSmall::DoChannelInviteMessage(basic_string<char, string_char_traits<char>, __default_alloc_template<true, 0> > const *, basic_string<char, string_char_traits<char>, __default_alloc_template<true, 0> > const *)
001b439c	__thunk_280_DoChannelJoinPartMessage__16cSC3WinChatSmallP18IRCJoinLeaveStruct	virtual function thunk (delta:-280) for cSC3WinChatSmall::DoChannelJoinPartMessage(IRCJoinLeaveStruct *)
001b43bc	__thunk_280_DoChannelChangeMessage__16cSC3WinChatSmallP14IRCChannelInfo	virtual function thunk (delta:-280) for cSC3WinChatSmall::DoChannelChangeMessage(IRCChannelInfo *)
001b43dc	__thunk_280_DoChannelListUpdate__16cSC3WinChatSmallPt4list2Z19IRCChannelInfoBasicZt9allocator1Z19IRCChannelInfoBasic	virtual function thunk (delta:-280) for cSC3WinChatSmall::DoChannelListUpdate(list<IRCChannelInfoBasic, allocator<IRCChannelInfoBasic> > *)
001b43fc	__thunk_280_DoMOTDUpdate__16cSC3WinChatSmallPt6vector2Zt12basic_string3ZcZt18string_char_traits1ZcZt24__default_alloc_template2b1i0Zt9allocator1Zt12basic_string3ZcZt18string_char_traits1ZcZt24__default_alloc_template2b1i0b	virtual function thunk (delta:-280) for cSC3WinChatSmall::DoMOTDUpdate(vector<basic_string<char, string_char_traits<char>, __default_alloc_template<true, 0> >, allocator<basic_string<char, string_char_traits<char>, __default_alloc_template<true, 0> > > > *, bool)
001b441c	__thunk_280_DoNickNameChange__16cSC3WinChatSmallPCt12basic_string3ZcZt18string_char_traits1ZcZt24__default_alloc_template2b1i0T1	virtual function thunk (delta:-280) for cSC3WinChatSmall::DoNickNameChange(basic_string<char, string_char_traits<char>, __default_alloc_template<true, 0> > const *, basic_string<char, string_char_traits<char>, __default_alloc_template<true, 0> > const *)
001b443c	__thunk_280_SaveChatText__16cSC3WinChatSmall	virtual function thunk (delta:-280) for cSC3WinChatSmall::SaveChatText(void)
001b445c	__thunk_280_GetSavedChatText__16cSC3WinChatSmall	virtual function thunk (delta:-280) for cSC3WinChatSmall::GetSavedChatText(void)
001b447c	__thunk_280_SaveTextToFile__16cSC3WinChatSmallRC10cIGZString	virtual function thunk (delta:-280) for cSC3WinChatSmall::SaveTextToFile(cIGZString const &)
001b449c	__thunk_156_QueryInterface__16cSC3WinChatSmallUiPPv	virtual function thunk (delta:-156) for cSC3WinChatSmall::QueryInterface(unsigned int, void **)
001b44bc	__thunk_156_AddRef__16cSC3WinChatSmall	virtual function thunk (delta:-156) for cSC3WinChatSmall::AddRef(void)
001b44dc	__thunk_156_Release__16cSC3WinChatSmall	virtual function thunk (delta:-156) for cSC3WinChatSmall::Release(void)
001b44fc	__thunk_156_AsIGZWin__16cSC3WinChatSmall	virtual function thunk (delta:-156) for cSC3WinChatSmall::AsIGZWin(void)
001b451c	__thunk_224_QueryInterface__19cSC3WinChatControlsUiPPv	virtual function thunk (delta:-224) for cSC3WinChatControls::QueryInterface(unsigned int, void **)
001b453c	__thunk_224_AddRef__19cSC3WinChatControls	virtual function thunk (delta:-224) for cSC3WinChatControls::AddRef(void)
001b455c	__thunk_224_Release__19cSC3WinChatControls	virtual function thunk (delta:-224) for cSC3WinChatControls::Release(void)
001b457c	__thunk_224_DoWinMsg__19cSC3WinChatControlsP7cIGZWinUiUiUiUi	virtual function thunk (delta:-224) for cSC3WinChatControls::DoWinMsg(cIGZWin *, unsigned int, unsigned int, unsigned int, unsigned int)
001b459c	__thunk_220_QueryInterface__19cSC3WinChatControlsUiPPv	virtual function thunk (delta:-220) for cSC3WinChatControls::QueryInterface(unsigned int, void **)
001b45bc	__thunk_220_AddRef__19cSC3WinChatControls	virtual function thunk (delta:-220) for cSC3WinChatControls::AddRef(void)
001b45dc	__thunk_220_Release__19cSC3WinChatControls	virtual function thunk (delta:-220) for cSC3WinChatControls::Release(void)
001b45fc	__thunk_220_AsIGZWin__19cSC3WinChatControls	virtual function thunk (delta:-220) for cSC3WinChatControls::AsIGZWin(void)
001b461c	__thunk_156_QueryInterface__19cSC3WinChatControlsUiPPv	virtual function thunk (delta:-156) for cSC3WinChatControls::QueryInterface(unsigned int, void **)
001b463c	__thunk_156_AddRef__19cSC3WinChatControls	virtual function thunk (delta:-156) for cSC3WinChatControls::AddRef(void)
001b465c	__thunk_156_Release__19cSC3WinChatControls	virtual function thunk (delta:-156) for cSC3WinChatControls::Release(void)
001b467c	__thunk_156_AsIGZWin__19cSC3WinChatControls	virtual function thunk (delta:-156) for cSC3WinChatControls::AsIGZWin(void)
001b469c	__thunk_224_QueryInterface__16cSC3WinUserInputUiPPv	virtual function thunk (delta:-224) for cSC3WinUserInput::QueryInterface(unsigned int, void **)
001b46bc	__thunk_224_AddRef__16cSC3WinUserInput	virtual function thunk (delta:-224) for cSC3WinUserInput::AddRef(void)
001b46dc	__thunk_224_Release__16cSC3WinUserInput	virtual function thunk (delta:-224) for cSC3WinUserInput::Release(void)
001b46fc	__thunk_224_DoWinMsg__16cSC3WinUserInputP7cIGZWinUiUiUiUi	virtual function thunk (delta:-224) for cSC3WinUserInput::DoWinMsg(cIGZWin *, unsigned int, unsigned int, unsigned int, unsigned int)
001b471c	__thunk_220_QueryInterface__16cSC3WinUserInputUiPPv	virtual function thunk (delta:-220) for cSC3WinUserInput::QueryInterface(unsigned int, void **)
001b473c	__thunk_220_AddRef__16cSC3WinUserInput	virtual function thunk (delta:-220) for cSC3WinUserInput::AddRef(void)
001b475c	__thunk_220_Release__16cSC3WinUserInput	virtual function thunk (delta:-220) for cSC3WinUserInput::Release(void)
001b477c	__thunk_220_GetResult__16cSC3WinUserInput	virtual function thunk (delta:-220) for cSC3WinUserInput::GetResult(void)
001b479c	__thunk_220_SetTitleText__16cSC3WinUserInputRC10cIGZString	virtual function thunk (delta:-220) for cSC3WinUserInput::SetTitleText(cIGZString const &)
001b47bc	__thunk_220_SetMessageText__16cSC3WinUserInputRC10cIGZString	virtual function thunk (delta:-220) for cSC3WinUserInput::SetMessageText(cIGZString const &)
001b47dc	__thunk_220_GetInputText__16cSC3WinUserInputR10cIGZString	virtual function thunk (delta:-220) for cSC3WinUserInput::GetInputText(cIGZString &)
001b47fc	__thunk_220_SetInputText__16cSC3WinUserInputRC10cIGZString	virtual function thunk (delta:-220) for cSC3WinUserInput::SetInputText(cIGZString const &)
001b481c	__thunk_220_AsIGZWin__16cSC3WinUserInput	virtual function thunk (delta:-220) for cSC3WinUserInput::AsIGZWin(void)
001b483c	__thunk_156_QueryInterface__16cSC3WinUserInputUiPPv	virtual function thunk (delta:-156) for cSC3WinUserInput::QueryInterface(unsigned int, void **)
001b485c	__thunk_156_AddRef__16cSC3WinUserInput	virtual function thunk (delta:-156) for cSC3WinUserInput::AddRef(void)
001b487c	__thunk_156_Release__16cSC3WinUserInput	virtual function thunk (delta:-156) for cSC3WinUserInput::Release(void)
001b489c	__thunk_156_AsIGZWin__16cSC3WinUserInput	virtual function thunk (delta:-156) for cSC3WinUserInput::AsIGZWin(void)
001b48c0	_._22cGZWinLineInputWIExtra	cGZWinLineInputWIExtra::~cGZWinLineInputWIExtra(void)
001b4958	_._19cSC3WinChatControls	cSC3WinChatControls::~cSC3WinChatControls(void)
001b49b4	_._18cSC3WinChatGeneral	cSC3WinChatGeneral::~cSC3WinChatGeneral(void)
001b4a84	resize__t12basic_string3ZcZt18string_char_traits1ZcZt24__default_alloc_template2b1i0Uic	basic_string<char, string_char_traits<char>, __default_alloc_template<true, 0> >::resize(unsigned int, char)
001b4b00	find__Ct12basic_string3ZcZt18string_char_traits1ZcZt24__default_alloc_template2b1i0PCcUiUi	basic_string<char, string_char_traits<char>, __default_alloc_template<true, 0> >::find(char const *, unsigned int, unsigned int) const
001b4b6c	__thunk_224_QueryInterface__15cSC3WinTransferUiPPv	virtual function thunk (delta:-224) for cSC3WinTransfer::QueryInterface(unsigned int, void **)
001b4b8c	__thunk_224_AddRef__15cSC3WinTransfer	virtual function thunk (delta:-224) for cSC3WinTransfer::AddRef(void)
001b4bac	__thunk_224_Release__15cSC3WinTransfer	virtual function thunk (delta:-224) for cSC3WinTransfer::Release(void)
001b4bcc	__thunk_224_DoWinMsg__15cSC3WinTransferP7cIGZWinUiUiUiUi	virtual function thunk (delta:-224) for cSC3WinTransfer::DoWinMsg(cIGZWin *, unsigned int, unsigned int, unsigned int, unsigned int)
001b4bec	__thunk_220_QueryInterface__15cSC3WinTransferUiPPv	virtual function thunk (delta:-220) for cSC3WinTransfer::QueryInterface(unsigned int, void **)
001b4c0c	__thunk_220_AddRef__15cSC3WinTransfer	virtual function thunk (delta:-220) for cSC3WinTransfer::AddRef(void)
001b4c2c	__thunk_220_Release__15cSC3WinTransfer	virtual function thunk (delta:-220) for cSC3WinTransfer::Release(void)
001b4c4c	__thunk_220_AsIGZWin__15cSC3WinTransfer	virtual function thunk (delta:-220) for cSC3WinTransfer::AsIGZWin(void)
001b4c6c	__thunk_220_SetTransfer__15cSC3WinTransferP21cRZSimpleFileTransfer	virtual function thunk (delta:-220) for cSC3WinTransfer::SetTransfer(cRZSimpleFileTransfer *)
001b4c8c	__thunk_220_SetSendOrReceive__15cSC3WinTransferb	virtual function thunk (delta:-220) for cSC3WinTransfer::SetSendOrReceive(bool)
001b4cac	__thunk_156_QueryInterface__15cSC3WinTransferUiPPv	virtual function thunk (delta:-156) for cSC3WinTransfer::QueryInterface(unsigned int, void **)
001b4ccc	__thunk_156_AddRef__15cSC3WinTransfer	virtual function thunk (delta:-156) for cSC3WinTransfer::AddRef(void)
001b4cec	__thunk_156_Release__15cSC3WinTransfer	virtual function thunk (delta:-156) for cSC3WinTransfer::Release(void)
001b4d0c	__thunk_156_AsIGZWin__15cSC3WinTransfer	virtual function thunk (delta:-156) for cSC3WinTransfer::AsIGZWin(void)
001b4d2c	__thunk_224_QueryInterface__22cSC3WinTransferRequestUiPPv	virtual function thunk (delta:-224) for cSC3WinTransferRequest::QueryInterface(unsigned int, void **)
001b4d4c	__thunk_224_AddRef__22cSC3WinTransferRequest	virtual function thunk (delta:-224) for cSC3WinTransferRequest::AddRef(void)
001b4d6c	__thunk_224_Release__22cSC3WinTransferRequest	virtual function thunk (delta:-224) for cSC3WinTransferRequest::Release(void)
001b4d8c	__thunk_224_DoWinMsg__22cSC3WinTransferRequestP7cIGZWinUiUiUiUi	virtual function thunk (delta:-224) for cSC3WinTransferRequest::DoWinMsg(cIGZWin *, unsigned int, unsigned int, unsigned int, unsigned int)
001b4dac	__thunk_220_QueryInterface__22cSC3WinTransferRequestUiPPv	virtual function thunk (delta:-220) for cSC3WinTransferRequest::QueryInterface(unsigned int, void **)
001b4dcc	__thunk_220_AddRef__22cSC3WinTransferRequest	virtual function thunk (delta:-220) for cSC3WinTransferRequest::AddRef(void)
001b4dec	__thunk_220_Release__22cSC3WinTransferRequest	virtual function thunk (delta:-220) for cSC3WinTransferRequest::Release(void)
001b4e0c	__thunk_220_SetResult__22cSC3WinTransferRequesti	virtual function thunk (delta:-220) for cSC3WinTransferRequest::SetResult(int)
001b4e2c	__thunk_220_GetResult__22cSC3WinTransferRequest	virtual function thunk (delta:-220) for cSC3WinTransferRequest::GetResult(void)
001b4e4c	__thunk_220_SetText__22cSC3WinTransferRequestRC10cIGZString	virtual function thunk (delta:-220) for cSC3WinTransferRequest::SetText(cIGZString const &)
001b4e6c	__thunk_220_AsIGZWin__22cSC3WinTransferRequest	virtual function thunk (delta:-220) for cSC3WinTransferRequest::AsIGZWin(void)
001b4e8c	__thunk_156_QueryInterface__22cSC3WinTransferRequestUiPPv	virtual function thunk (delta:-156) for cSC3WinTransferRequest::QueryInterface(unsigned int, void **)
001b4eac	__thunk_156_AddRef__22cSC3WinTransferRequest	virtual function thunk (delta:-156) for cSC3WinTransferRequest::AddRef(void)
001b4ecc	__thunk_156_Release__22cSC3WinTransferRequest	virtual function thunk (delta:-156) for cSC3WinTransferRequest::Release(void)
001b4eec	__thunk_156_AsIGZWin__22cSC3WinTransferRequest	virtual function thunk (delta:-156) for cSC3WinTransferRequest::AsIGZWin(void)
001b4f14	_._12TransferInfo	TransferInfo::~TransferInfo(void)
001b4fd0	_._23cSC3WinTransferProgress	cSC3WinTransferProgress::~cSC3WinTransferProgress(void)
001b5000	GZPaint__23cSC3WinTransferProgress	cSC3WinTransferProgress::GZPaint(void)
001b50c8	__thunk_4_QueryInterface__13cSC3WinLayersUiPPv	virtual function thunk (delta:-4) for cSC3WinLayers::QueryInterface(unsigned int, void **)
001b50e4	__thunk_4_AddRef__13cSC3WinLayers	virtual function thunk (delta:-4) for cSC3WinLayers::AddRef(void)
001b5100	__thunk_4_Release__13cSC3WinLayers	virtual function thunk (delta:-4) for cSC3WinLayers::Release(void)
001b511c	__thunk_4_DoWinMsg__13cSC3WinLayersP7cIGZWinUiUiUiUi	virtual function thunk (delta:-4) for cSC3WinLayers::DoWinMsg(cIGZWin *, unsigned int, unsigned int, unsigned int, unsigned int)
001b5144	_._12tSectionInfo	tSectionInfo::~tSectionInfo(void)
001b51dc	__12tSectionInfo	tSectionInfo::tSectionInfo(void)
001b5214	clear__t10_List_base2Zt4pair2ZUiZP11cIGZPaletteZt9allocator1Zt4pair2ZUiZP11cIGZPalette	_List_base<pair<unsigned int, cIGZPalette *>, allocator<pair<unsigned int, cIGZPalette *> > >::clear(void)
001b5294	clear__t10_List_base2ZP21cISC3WinMapCtrlFilterZt9allocator1ZP21cISC3WinMapCtrlFilter	_List_base<cISC3WinMapCtrlFilter *, allocator<cISC3WinMapCtrlFilter *> >::clear(void)
001b5314	erase__t4list2Zt4pair2ZUiZP11cIGZPaletteZt9allocator1Zt4pair2ZUiZP11cIGZPaletteGt14_List_iterator3Zt4pair2ZUiZP11cIGZPaletteZRt4pair2ZUiZP11cIGZPaletteZPt4pair2ZUiZP11cIGZPaletteT1	list<pair<unsigned int, cIGZPalette *>, allocator<pair<unsigned int, cIGZPalette *> > >::erase(_List_iterator<pair<unsigned int, cIGZPalette *>, pair<unsigned int, cIGZPalette *> &, pair<unsigned int, cIGZPalette *> *>, _List_iterator<pair<unsigned int, cIGZPalette *>, pair<unsigned int, cIGZPalette *> &, pair<unsigned int, cIGZPalette *> *>)
001b53c4	erase__t4list2ZP21cISC3WinMapCtrlFilterZt9allocator1ZP21cISC3WinMapCtrlFilterGt14_List_iterator3ZP21cISC3WinMapCtrlFilterZRP21cISC3WinMapCtrlFilterZPP21cISC3WinMapCtrlFilterT1	list<cISC3WinMapCtrlFilter *, allocator<cISC3WinMapCtrlFilter *> >::erase(_List_iterator<cISC3WinMapCtrlFilter *, cISC3WinMapCtrlFilter *&, cISC3WinMapCtrlFilter **>, _List_iterator<cISC3WinMapCtrlFilter *, cISC3WinMapCtrlFilter *&, cISC3WinMapCtrlFilter **>)
001b5464	__thunk_156_QueryInterface__14cSC3WinMapCtrlUiPPv	virtual function thunk (delta:-156) for cSC3WinMapCtrl::QueryInterface(unsigned int, void **)
001b5484	__thunk_156_AddRef__14cSC3WinMapCtrl	virtual function thunk (delta:-156) for cSC3WinMapCtrl::AddRef(void)
001b54a4	__thunk_156_Release__14cSC3WinMapCtrl	virtual function thunk (delta:-156) for cSC3WinMapCtrl::Release(void)
001b54c4	__thunk_156_CreateControl__14cSC3WinMapCtrlUi	virtual function thunk (delta:-156) for cSC3WinMapCtrl::CreateControl(unsigned int)
001b54e4	__thunk_156_CloneControl__14cSC3WinMapCtrlUiPP15cISC3WinMapCtrl	virtual function thunk (delta:-156) for cSC3WinMapCtrl::CloneControl(unsigned int, cISC3WinMapCtrl **)
001b5504	__thunk_156_DestroyControl__14cSC3WinMapCtrl	virtual function thunk (delta:-156) for cSC3WinMapCtrl::DestroyControl(void)
001b5524	__thunk_156_Prepare__14cSC3WinMapCtrl	virtual function thunk (delta:-156) for cSC3WinMapCtrl::Prepare(void)
001b5544	__thunk_156_Unprepare__14cSC3WinMapCtrl	virtual function thunk (delta:-156) for cSC3WinMapCtrl::Unprepare(void)
001b5564	__thunk_156_AsIGZWin__14cSC3WinMapCtrl	virtual function thunk (delta:-156) for cSC3WinMapCtrl::AsIGZWin(void)
001b5584	__thunk_156_SetRotation__14cSC3WinMapCtrli	virtual function thunk (delta:-156) for cSC3WinMapCtrl::SetRotation(int)
001b55a4	__thunk_156_GetRotation__14cSC3WinMapCtrl	virtual function thunk (delta:-156) for cSC3WinMapCtrl::GetRotation(void)
001b55c4	__thunk_156_SetDrawWindowOutline__14cSC3WinMapCtrlb	virtual function thunk (delta:-156) for cSC3WinMapCtrl::SetDrawWindowOutline(bool)
001b55e4	__thunk_156_IsDrawWindowOutline__14cSC3WinMapCtrl	virtual function thunk (delta:-156) for cSC3WinMapCtrl::IsDrawWindowOutline(void)
001b5604	__thunk_156_SetWindowOutlineColors__14cSC3WinMapCtrlUiUi	virtual function thunk (delta:-156) for cSC3WinMapCtrl::SetWindowOutlineColors(unsigned int, unsigned int)
001b5624	__thunk_156_SetDrawImageOutline__14cSC3WinMapCtrlb	virtual function thunk (delta:-156) for cSC3WinMapCtrl::SetDrawImageOutline(bool)
001b5644	__thunk_156_IsDrawImageOutline__14cSC3WinMapCtrl	virtual function thunk (delta:-156) for cSC3WinMapCtrl::IsDrawImageOutline(void)
001b5664	__thunk_156_SetImageOutlineColors__14cSC3WinMapCtrlUiUi	virtual function thunk (delta:-156) for cSC3WinMapCtrl::SetImageOutlineColors(unsigned int, unsigned int)
001b5684	__thunk_156_GetFillColor__14cSC3WinMapCtrl	virtual function thunk (delta:-156) for cSC3WinMapCtrl::GetFillColor(void)
001b56a4	__thunk_156_SetFillColor__14cSC3WinMapCtrlUi	virtual function thunk (delta:-156) for cSC3WinMapCtrl::SetFillColor(unsigned int)
001b56c4	__thunk_156_SetCoordinateForwarding__14cSC3WinMapCtrlUibP17cIGZMessageTarget	virtual function thunk (delta:-156) for cSC3WinMapCtrl::SetCoordinateForwarding(unsigned int, bool, cIGZMessageTarget *)
001b56e4	__thunk_156_GetCoordinateForwardingFlags__14cSC3WinMapCtrl	virtual function thunk (delta:-156) for cSC3WinMapCtrl::GetCoordinateForwardingFlags(void)
001b5704	__thunk_156_SetActualMapSizeInCells__14cSC3WinMapCtrlUiUi	virtual function thunk (delta:-156) for cSC3WinMapCtrl::SetActualMapSizeInCells(unsigned int, unsigned int)
001b5724	__thunk_156_GetActualMapSizeInCells__14cSC3WinMapCtrlRUiT1	virtual function thunk (delta:-156) for cSC3WinMapCtrl::GetActualMapSizeInCells(unsigned int &, unsigned int &)
001b5744	__thunk_156_DirtyCellRegion__14cSC3WinMapCtrlP7cRZRect	virtual function thunk (delta:-156) for cSC3WinMapCtrl::DirtyCellRegion(cRZRect *)
001b5764	__thunk_156_GetPalette__14cSC3WinMapCtrlUiPP11cIGZPalette	virtual function thunk (delta:-156) for cSC3WinMapCtrl::GetPalette(unsigned int, cIGZPalette **)
001b5784	__thunk_156_AddPalette__14cSC3WinMapCtrlUiP11cIGZPalette	virtual function thunk (delta:-156) for cSC3WinMapCtrl::AddPalette(unsigned int, cIGZPalette *)
001b57a4	__thunk_156_ReleasePalette__14cSC3WinMapCtrlUi	virtual function thunk (delta:-156) for cSC3WinMapCtrl::ReleasePalette(unsigned int)
001b57c4	__thunk_156_ReleaseAllPalettes__14cSC3WinMapCtrl	virtual function thunk (delta:-156) for cSC3WinMapCtrl::ReleaseAllPalettes(void)
001b57e4	__thunk_156_GetFilterCount__14cSC3WinMapCtrl	virtual function thunk (delta:-156) for cSC3WinMapCtrl::GetFilterCount(void)
001b5804	__thunk_156_GetVisibleFilterCount__14cSC3WinMapCtrl	virtual function thunk (delta:-156) for cSC3WinMapCtrl::GetVisibleFilterCount(void)
001b5824	__thunk_156_GetFilter__14cSC3WinMapCtrlUiPP21cISC3WinMapCtrlFilter	virtual function thunk (delta:-156) for cSC3WinMapCtrl::GetFilter(unsigned int, cISC3WinMapCtrlFilter **)
001b5844	__thunk_156_GetFilter__14cSC3WinMapCtrlUi	virtual function thunk (delta:-156) for cSC3WinMapCtrl::GetFilter(unsigned int)
001b5864	__thunk_156_GetFilterByIndex__14cSC3WinMapCtrlUi	virtual function thunk (delta:-156) for cSC3WinMapCtrl::GetFilterByIndex(unsigned int)
001b5884	__thunk_156_ShowFilter__14cSC3WinMapCtrlUi	virtual function thunk (delta:-156) for cSC3WinMapCtrl::ShowFilter(unsigned int)
001b58a4	__thunk_156_ShowAllFilters__14cSC3WinMapCtrl	virtual function thunk (delta:-156) for cSC3WinMapCtrl::ShowAllFilters(void)
001b58c4	__thunk_156_HideFilter__14cSC3WinMapCtrlUi	virtual function thunk (delta:-156) for cSC3WinMapCtrl::HideFilter(unsigned int)
001b58e4	__thunk_156_HideAllFilters__14cSC3WinMapCtrl	virtual function thunk (delta:-156) for cSC3WinMapCtrl::HideAllFilters(void)
001b5904	__thunk_156_AddFilter__14cSC3WinMapCtrlR21cISC3WinMapCtrlFilter	virtual function thunk (delta:-156) for cSC3WinMapCtrl::AddFilter(cISC3WinMapCtrlFilter &)
001b5924	__thunk_156_AddFilter__14cSC3WinMapCtrlP14cISC3MapSprite	virtual function thunk (delta:-156) for cSC3WinMapCtrl::AddFilter(cISC3MapSprite *)
001b5944	__thunk_156_AddFilter__14cSC3WinMapCtrlUiP10cIGZBuffer	virtual function thunk (delta:-156) for cSC3WinMapCtrl::AddFilter(unsigned int, cIGZBuffer *)
001b5964	__thunk_156_AddFilterFront__14cSC3WinMapCtrlR21cISC3WinMapCtrlFilter	virtual function thunk (delta:-156) for cSC3WinMapCtrl::AddFilterFront(cISC3WinMapCtrlFilter &)
001b5984	__thunk_156_AddFilterBack__14cSC3WinMapCtrlR21cISC3WinMapCtrlFilter	virtual function thunk (delta:-156) for cSC3WinMapCtrl::AddFilterBack(cISC3WinMapCtrlFilter &)
001b59a4	__thunk_156_ReleaseFilter__14cSC3WinMapCtrlUi	virtual function thunk (delta:-156) for cSC3WinMapCtrl::ReleaseFilter(unsigned int)
001b59c4	__thunk_156_ReleaseAllFilters__14cSC3WinMapCtrl	virtual function thunk (delta:-156) for cSC3WinMapCtrl::ReleaseAllFilters(void)
001b59e4	__thunk_92_QueryInterface__14cSC3WinMapViewUiPPv	virtual function thunk (delta:-92) for cSC3WinMapView::QueryInterface(unsigned int, void **)
001b5a00	__thunk_92_AddRef__14cSC3WinMapView	virtual function thunk (delta:-92) for cSC3WinMapView::AddRef(void)
001b5a1c	__thunk_92_Release__14cSC3WinMapView	virtual function thunk (delta:-92) for cSC3WinMapView::Release(void)
001b5a38	__thunk_8_QueryInterface__14cSC3WinMapViewUiPPv	virtual function thunk (delta:-8) for cSC3WinMapView::QueryInterface(unsigned int, void **)
001b5a54	__thunk_8_AddRef__14cSC3WinMapView	virtual function thunk (delta:-8) for cSC3WinMapView::AddRef(void)
001b5a70	__thunk_8_Release__14cSC3WinMapView	virtual function thunk (delta:-8) for cSC3WinMapView::Release(void)
001b5a8c	__thunk_8_EnumLayer__24cSC3WinMapsAndGraphsViewR10cGZMessageP14cISC3CityLayer	virtual function thunk (delta:-8) for cSC3WinMapsAndGraphsView::EnumLayer(cGZMessage &, cISC3CityLayer *)
001b5aa8	__thunk_4_QueryInterface__14cSC3WinMapViewUiPPv	virtual function thunk (delta:-4) for cSC3WinMapView::QueryInterface(unsigned int, void **)
001b5ac4	__thunk_4_AddRef__14cSC3WinMapView	virtual function thunk (delta:-4) for cSC3WinMapView::AddRef(void)
001b5ae0	__thunk_4_Release__14cSC3WinMapView	virtual function thunk (delta:-4) for cSC3WinMapView::Release(void)
001b5afc	__thunk_4_DoWinMsg__14cSC3WinMapViewP7cIGZWinUiUiUiUi	virtual function thunk (delta:-4) for cSC3WinMapView::DoWinMsg(cIGZWin *, unsigned int, unsigned int, unsigned int, unsigned int)
001b5b18	__thunk_12_QueryInterface__14cSC3WinMapViewUiPPv	virtual function thunk (delta:-12) for cSC3WinMapView::QueryInterface(unsigned int, void **)
001b5b34	__thunk_12_AddRef__14cSC3WinMapView	virtual function thunk (delta:-12) for cSC3WinMapView::AddRef(void)
001b5b50	__thunk_12_Release__14cSC3WinMapView	virtual function thunk (delta:-12) for cSC3WinMapView::Release(void)
001b5b6c	__thunk_12_DoMessage__14cSC3WinMapViewR10cGZMessage	virtual function thunk (delta:-12) for cSC3WinMapView::DoMessage(cGZMessage &)
001b5b94	_M_insert_aux__t6vector2ZP25cISC3WinMapsAndGraphsViewZt9allocator1ZP25cISC3WinMapsAndGraphsViewPP25cISC3WinMapsAndGraphsViewRCP25cISC3WinMapsAndGraphsView	vector<cISC3WinMapsAndGraphsView *, allocator<cISC3WinMapsAndGraphsView *> >::_M_insert_aux(cISC3WinMapsAndGraphsView **, cISC3WinMapsAndGraphsView *const &)
001b5f54	__uninitialized_copy_aux__H2ZPt4pair2ZUiZP11cIGZPaletteZPt4pair2ZUiZP11cIGZPalette_X01X01X11G12__false_type_X11	pair<unsigned int, cIGZPalette *> * __uninitialized_copy_aux<pair<unsigned int, cIGZPalette *> *, pair<unsigned int, cIGZPalette *> *>(pair<unsigned int, cIGZPalette *> *, pair<unsigned int, cIGZPalette *> *, pair<unsigned int, cIGZPalette *> *, __false_type)
001b5fa4	_M_insert_aux__t6vector2Zt4pair2ZUiZP11cIGZPaletteZt9allocator1Zt4pair2ZUiZP11cIGZPalettePt4pair2ZUiZP11cIGZPaletteRCt4pair2ZUiZP11cIGZPalette	vector<pair<unsigned int, cIGZPalette *>, allocator<pair<unsigned int, cIGZPalette *> > >::_M_insert_aux(pair<unsigned int, cIGZPalette *> *, pair<unsigned int, cIGZPalette *> const &)
001b63c4	_M_insert_aux__t6vector2ZP14cISC3MapSpriteZt9allocator1ZP14cISC3MapSpritePP14cISC3MapSpriteRCP14cISC3MapSprite	vector<cISC3MapSprite *, allocator<cISC3MapSprite *> >::_M_insert_aux(cISC3MapSprite **, cISC3MapSprite *const &)
001b677c	__thunk_4_QueryInterface__24cSC3WinMapsAndGraphsViewUiPPv	virtual function thunk (delta:-4) for cSC3WinMapsAndGraphsView::QueryInterface(unsigned int, void **)
001b6798	__thunk_4_AddRef__24cSC3WinMapsAndGraphsView	virtual function thunk (delta:-4) for cSC3WinMapsAndGraphsView::AddRef(void)
001b67b4	__thunk_4_Release__24cSC3WinMapsAndGraphsView	virtual function thunk (delta:-4) for cSC3WinMapsAndGraphsView::Release(void)
001b67d0	__thunk_4_DoWinMsg__24cSC3WinMapsAndGraphsViewP7cIGZWinUiUiUiUi	virtual function thunk (delta:-4) for cSC3WinMapsAndGraphsView::DoWinMsg(cIGZWin *, unsigned int, unsigned int, unsigned int, unsigned int)
001b67ec	__thunk_12_QueryInterface__24cSC3WinMapsAndGraphsViewUiPPv	virtual function thunk (delta:-12) for cSC3WinMapsAndGraphsView::QueryInterface(unsigned int, void **)
001b6808	__thunk_12_AddRef__24cSC3WinMapsAndGraphsView	virtual function thunk (delta:-12) for cSC3WinMapsAndGraphsView::AddRef(void)
001b6824	__thunk_12_Release__24cSC3WinMapsAndGraphsView	virtual function thunk (delta:-12) for cSC3WinMapsAndGraphsView::Release(void)
001b6840	__thunk_12_DoMessage__24cSC3WinMapsAndGraphsViewR10cGZMessage	virtual function thunk (delta:-12) for cSC3WinMapsAndGraphsView::DoMessage(cGZMessage &)
001b685c	__thunk_8_QueryInterface__24cSC3WinMapsAndGraphsViewUiPPv	virtual function thunk (delta:-8) for cSC3WinMapsAndGraphsView::QueryInterface(unsigned int, void **)
001b6878	__thunk_8_AddRef__24cSC3WinMapsAndGraphsView	virtual function thunk (delta:-8) for cSC3WinMapsAndGraphsView::AddRef(void)
001b6894	__thunk_8_Release__24cSC3WinMapsAndGraphsView	virtual function thunk (delta:-8) for cSC3WinMapsAndGraphsView::Release(void)
001b68b0	__thunk_4_QueryInterface__20cSC3WinMapsAndGraphsUiPPv	virtual function thunk (delta:-4) for cSC3WinMapsAndGraphs::QueryInterface(unsigned int, void **)
001b68cc	__thunk_4_AddRef__20cSC3WinMapsAndGraphs	virtual function thunk (delta:-4) for cSC3WinMapsAndGraphs::AddRef(void)
001b68e8	__thunk_4_Release__20cSC3WinMapsAndGraphs	virtual function thunk (delta:-4) for cSC3WinMapsAndGraphs::Release(void)
001b6904	__thunk_4_DoWinMsg__20cSC3WinMapsAndGraphsP7cIGZWinUiUiUiUi	virtual function thunk (delta:-4) for cSC3WinMapsAndGraphs::DoWinMsg(cIGZWin *, unsigned int, unsigned int, unsigned int, unsigned int)
001b6920	__thunk_12_QueryInterface__20cSC3WinMapsAndGraphsUiPPv	virtual function thunk (delta:-12) for cSC3WinMapsAndGraphs::QueryInterface(unsigned int, void **)
001b693c	__thunk_12_AddRef__20cSC3WinMapsAndGraphs	virtual function thunk (delta:-12) for cSC3WinMapsAndGraphs::AddRef(void)
001b6958	__thunk_12_Release__20cSC3WinMapsAndGraphs	virtual function thunk (delta:-12) for cSC3WinMapsAndGraphs::Release(void)
001b6974	__thunk_12_DoMessage__20cSC3WinMapsAndGraphsR10cGZMessage	virtual function thunk (delta:-12) for cSC3WinMapsAndGraphs::DoMessage(cGZMessage &)
001b6990	__thunk_8_QueryInterface__20cSC3WinMapsAndGraphsUiPPv	virtual function thunk (delta:-8) for cSC3WinMapsAndGraphs::QueryInterface(unsigned int, void **)
001b69ac	__thunk_8_AddRef__20cSC3WinMapsAndGraphs	virtual function thunk (delta:-8) for cSC3WinMapsAndGraphs::AddRef(void)
001b69c8	__thunk_8_Release__20cSC3WinMapsAndGraphs	virtual function thunk (delta:-8) for cSC3WinMapsAndGraphs::Release(void)
001b69e4	__thunk_8_EnumLayer__20cSC3WinMapsAndGraphsR10cGZMessageP14cISC3CityLayer	virtual function thunk (delta:-8) for cSC3WinMapsAndGraphs::EnumLayer(cGZMessage &, cISC3CityLayer *)
001b6a04	clear__t10_List_base2ZP14cSC3WinMenuBtnZt9allocator1ZP14cSC3WinMenuBtn	_List_base<cSC3WinMenuBtn *, allocator<cSC3WinMenuBtn *> >::clear(void)
001b6a84	erase__t4list2ZP14cSC3WinMenuBtnZt9allocator1ZP14cSC3WinMenuBtnGt14_List_iterator3ZP14cSC3WinMenuBtnZRP14cSC3WinMenuBtnZPP14cSC3WinMenuBtnT1	list<cSC3WinMenuBtn *, allocator<cSC3WinMenuBtn *> >::erase(_List_iterator<cSC3WinMenuBtn *, cSC3WinMenuBtn *&, cSC3WinMenuBtn **>, _List_iterator<cSC3WinMenuBtn *, cSC3WinMenuBtn *&, cSC3WinMenuBtn **>)
001b6b24	__thunk_156_QueryInterface__16cSC3WinMenuPanelUiPPv	virtual function thunk (delta:-156) for cSC3WinMenuPanel::QueryInterface(unsigned int, void **)
001b6b44	__thunk_156_AddRef__16cSC3WinMenuPanel	virtual function thunk (delta:-156) for cSC3WinMenuPanel::AddRef(void)
001b6b64	__thunk_156_Release__16cSC3WinMenuPanel	virtual function thunk (delta:-156) for cSC3WinMenuPanel::Release(void)
001b6b84	__thunk_156_AsIGZWin__16cSC3WinMenuPanel	virtual function thunk (delta:-156) for cSC3WinMenuPanel::AsIGZWin(void)
001b6ba4	__thunk_156_AddMenuItems__20cSC3WinMenuPanelMainUi	virtual function thunk (delta:-156) for cSC3WinMenuPanelMain::AddMenuItems(unsigned int)
001b6bc4	__thunk_156_ShowSubMenuOfBtn__16cSC3WinMenuPanelUi	virtual function thunk (delta:-156) for cSC3WinMenuPanel::ShowSubMenuOfBtn(unsigned int)
001b6be4	__thunk_156_GetCurrentSubMenuBtnID__16cSC3WinMenuPanel	virtual function thunk (delta:-156) for cSC3WinMenuPanel::GetCurrentSubMenuBtnID(void)
001b6c04	__thunk_156_AddMenuItems__16cSC3WinMenuPanelUi	virtual function thunk (delta:-156) for cSC3WinMenuPanel::AddMenuItems(unsigned int)
001b6c24	__thunk_156_QueryInterface__16cSC3WinMinMaxBtnUiPPv	virtual function thunk (delta:-156) for cSC3WinMinMaxBtn::QueryInterface(unsigned int, void **)
001b6c44	__thunk_156_AddRef__16cSC3WinMinMaxBtn	virtual function thunk (delta:-156) for cSC3WinMinMaxBtn::AddRef(void)
001b6c64	__thunk_156_Release__16cSC3WinMinMaxBtn	virtual function thunk (delta:-156) for cSC3WinMinMaxBtn::Release(void)
001b6c84	__thunk_156_AsIGZWin__16cSC3WinMinMaxBtn	virtual function thunk (delta:-156) for cSC3WinMinMaxBtn::AsIGZWin(void)
001b6ca4	__thunk_156_SetMinMaxMode__16cSC3WinMinMaxBtnQ217cISC3WinMinMaxBtn11tMinMaxMode	virtual function thunk (delta:-156) for cSC3WinMinMaxBtn::SetMinMaxMode(cISC3WinMinMaxBtn::tMinMaxMode)
001b6cc4	__thunk_156_GetMinMaxMode__16cSC3WinMinMaxBtn	virtual function thunk (delta:-156) for cSC3WinMinMaxBtn::GetMinMaxMode(void)
001b6ce4	__thunk_156_QueryInterface__10cSC3WinNavUiPPv	virtual function thunk (delta:-156) for cSC3WinNav::QueryInterface(unsigned int, void **)
001b6d04	__thunk_156_AddRef__10cSC3WinNav	virtual function thunk (delta:-156) for cSC3WinNav::AddRef(void)
001b6d24	__thunk_156_Release__10cSC3WinNav	virtual function thunk (delta:-156) for cSC3WinNav::Release(void)
001b6d44	__thunk_156_AsIGZWin__10cSC3WinNav	virtual function thunk (delta:-156) for cSC3WinNav::AsIGZWin(void)
001b6d64	Seconds__C7cRZTime	cRZTime::Seconds(void) const
001b6d74	__7cRZTimeRC7cRZDateUlUlUl	cRZTime::cRZTime(cRZDate const &, unsigned long, unsigned long, unsigned long)
001b6e34	IsDST__C7cRZTime	cRZTime::IsDST(void) const
001b6fec	_._27cSC3NavCurrentViewMapSprite	cSC3NavCurrentViewMapSprite::~cSC3NavCurrentViewMapSprite(void)
001b701c	SetArea__21cSC3WinNorthIndicatoriiii	cSC3WinNorthIndicator::SetArea(int, int, int, int)
001b7074	SetCaption__21cSC3WinNorthIndicatorRC10cIGZString	cSC3WinNorthIndicator::SetCaption(cIGZString const &)
001b70b4	Init__21cSC3WinNorthIndicator	cSC3WinNorthIndicator::Init(void)
001b71b4	Shutdown__21cSC3WinNorthIndicator	cSC3WinNorthIndicator::Shutdown(void)
001b7204	GZPaint__21cSC3WinNorthIndicator	cSC3WinNorthIndicator::GZPaint(void)
001b7338	_._21cSC3WinNorthIndicator	cSC3WinNorthIndicator::~cSC3WinNorthIndicator(void)
001b7370	update_cap_size__21cSC3WinNorthIndicator	cSC3WinNorthIndicator::update_cap_size(void)
001b73f4	_M_erase__t8_Rb_tree5ZUiZt4pair2ZCUiZP10cIGZBufferZt10_Select1st1Zt4pair2ZCUiZP10cIGZBufferZt4less1ZUiZt9allocator1ZP10cIGZBufferPt13_Rb_tree_node1Zt4pair2ZCUiZP10cIGZBuffer	_Rb_tree<unsigned int, pair<unsigned int const, cIGZBuffer *>, _Select1st<pair<unsigned int const, cIGZBuffer *> >, less<unsigned int>, allocator<cIGZBuffer *> >::_M_erase(_Rb_tree_node<pair<unsigned int const, cIGZBuffer *> > *)
001b7474	_M_erase__t8_Rb_tree5ZUiZt4pair2ZCUiZPQ215cSC3WinNeighbor9_neighborZt10_Select1st1Zt4pair2ZCUiZPQ215cSC3WinNeighbor9_neighborZt4less1ZUiZt9allocator1ZPQ215cSC3WinNeighbor9_neighborPt13_Rb_tree_node1Zt4pair2ZCUiZPQ215cSC3WinNeighbor9_neighbor	_Rb_tree<unsigned int, pair<unsigned int const, cSC3WinNeighbor::_neighbor *>, _Select1st<pair<unsigned int const, cSC3WinNeighbor::_neighbor *> >, less<unsigned int>, allocator<cSC3WinNeighbor::_neighbor *> >::_M_erase(_Rb_tree_node<pair<unsigned int const, cSC3WinNeighbor::_neighbor *> > *)
001b74f0	find__t8_Rb_tree5ZUiZt4pair2ZCUiZPQ215cSC3WinNeighbor9_neighborZt10_Select1st1Zt4pair2ZCUiZPQ215cSC3WinNeighbor9_neighborZt4less1ZUiZt9allocator1ZPQ215cSC3WinNeighbor9_neighborRCUi	_Rb_tree<unsigned int, pair<unsigned int const, cSC3WinNeighbor::_neighbor *>, _Select1st<pair<unsigned int const, cSC3WinNeighbor::_neighbor *> >, less<unsigned int>, allocator<cSC3WinNeighbor::_neighbor *> >::find(unsigned int const &)
001b7550	find__t8_Rb_tree5ZUiZt4pair2ZCUiZP10cIGZBufferZt10_Select1st1Zt4pair2ZCUiZP10cIGZBufferZt4less1ZUiZt9allocator1ZP10cIGZBufferRCUi	_Rb_tree<unsigned int, pair<unsigned int const, cIGZBuffer *>, _Select1st<pair<unsigned int const, cIGZBuffer *> >, less<unsigned int>, allocator<cIGZBuffer *> >::find(unsigned int const &)
001b75b4	_M_insert__t8_Rb_tree5ZUiZt4pair2ZCUiZP10cIGZBufferZt10_Select1st1Zt4pair2ZCUiZP10cIGZBufferZt4less1ZUiZt9allocator1ZP10cIGZBufferP18_Rb_tree_node_baseT1RCt4pair2ZCUiZP10cIGZBuffer	_Rb_tree<unsigned int, pair<unsigned int const, cIGZBuffer *>, _Select1st<pair<unsigned int const, cIGZBuffer *> >, less<unsigned int>, allocator<cIGZBuffer *> >::_M_insert(_Rb_tree_node_base *, _Rb_tree_node_base *, pair<unsigned int const, cIGZBuffer *> const &)
001b7994	insert_unique__t8_Rb_tree5ZUiZt4pair2ZCUiZP10cIGZBufferZt10_Select1st1Zt4pair2ZCUiZP10cIGZBufferZt4less1ZUiZt9allocator1ZP10cIGZBufferRCt4pair2ZCUiZP10cIGZBuffer	_Rb_tree<unsigned int, pair<unsigned int const, cIGZBuffer *>, _Select1st<pair<unsigned int const, cIGZBuffer *> >, less<unsigned int>, allocator<cIGZBuffer *> >::insert_unique(pair<unsigned int const, cIGZBuffer *> const &)
001b7a84	_M_insert__t8_Rb_tree5ZUiZt4pair2ZCUiZPQ215cSC3WinNeighbor9_neighborZt10_Select1st1Zt4pair2ZCUiZPQ215cSC3WinNeighbor9_neighborZt4less1ZUiZt9allocator1ZPQ215cSC3WinNeighbor9_neighborP18_Rb_tree_node_baseT1RCt4pair2ZCUiZPQ215cSC3WinNeighbor9_neighbor	_Rb_tree<unsigned int, pair<unsigned int const, cSC3WinNeighbor::_neighbor *>, _Select1st<pair<unsigned int const, cSC3WinNeighbor::_neighbor *> >, less<unsigned int>, allocator<cSC3WinNeighbor::_neighbor *> >::_M_insert(_Rb_tree_node_base *, _Rb_tree_node_base *, pair<unsigned int const, cSC3WinNeighbor::_neighbor *> const &)
001b7e64	insert_unique__t8_Rb_tree5ZUiZt4pair2ZCUiZPQ215cSC3WinNeighbor9_neighborZt10_Select1st1Zt4pair2ZCUiZPQ215cSC3WinNeighbor9_neighborZt4less1ZUiZt9allocator1ZPQ215cSC3WinNeighbor9_neighborRCt4pair2ZCUiZPQ215cSC3WinNeighbor9_neighbor	_Rb_tree<unsigned int, pair<unsigned int const, cSC3WinNeighbor::_neighbor *>, _Select1st<pair<unsigned int const, cSC3WinNeighbor::_neighbor *> >, less<unsigned int>, allocator<cSC3WinNeighbor::_neighbor *> >::insert_unique(pair<unsigned int const, cSC3WinNeighbor::_neighbor *> const &)
001b7f54	__uninitialized_copy_aux__H2ZPQ215cSC3WinNeighbor5_dealZPQ215cSC3WinNeighbor5_deal_X01X01X11G12__false_type_X11	cSC3WinNeighbor::_deal * __uninitialized_copy_aux<cSC3WinNeighbor::_deal *, cSC3WinNeighbor::_deal *>(cSC3WinNeighbor::_deal *, cSC3WinNeighbor::_deal *, cSC3WinNeighbor::_deal *, __false_type)
001b8574	_M_insert_aux__t6vector2ZQ215cSC3WinNeighbor5_dealZt9allocator1ZQ215cSC3WinNeighbor5_dealPQ215cSC3WinNeighbor5_dealRCQ215cSC3WinNeighbor5_deal	vector<cSC3WinNeighbor::_deal, allocator<cSC3WinNeighbor::_deal> >::_M_insert_aux(cSC3WinNeighbor::_deal *, cSC3WinNeighbor::_deal const &)
001b99f4	erase__t8_Rb_tree5ZUiZt4pair2ZCUiZPQ215cSC3WinNeighbor9_neighborZt10_Select1st1Zt4pair2ZCUiZPQ215cSC3WinNeighbor9_neighborZt4less1ZUiZt9allocator1ZPQ215cSC3WinNeighbor9_neighborGt17_Rb_tree_iterator3Zt4pair2ZCUiZPQ215cSC3WinNeighbor9_neighborZRt4pair2ZCUiZPQ215cSC3WinNeighbor9_neighborZPt4pair2ZCUiZPQ215cSC3WinNeighbor9_neighborT1	_Rb_tree<unsigned int, pair<unsigned int const, cSC3WinNeighbor::_neighbor *>, _Select1st<pair<unsigned int const, cSC3WinNeighbor::_neighbor *> >, less<unsigned int>, allocator<cSC3WinNeighbor::_neighbor *> >::erase(_Rb_tree_iterator<pair<unsigned int const, cSC3WinNeighbor::_neighbor *>, pair<unsigned int const, cSC3WinNeighbor::_neighbor *> &, pair<unsigned int const, cSC3WinNeighbor::_neighbor *> *>, _Rb_tree_iterator<pair<unsigned int const, cSC3WinNeighbor::_neighbor *>, pair<unsigned int const, cSC3WinNeighbor::_neighbor *> &, pair<unsigned int const, cSC3WinNeighbor::_neighbor *> *>)
001b9f04	erase__t8_Rb_tree5ZUiZt4pair2ZCUiZP10cIGZBufferZt10_Select1st1Zt4pair2ZCUiZP10cIGZBufferZt4less1ZUiZt9allocator1ZP10cIGZBufferGt17_Rb_tree_iterator3Zt4pair2ZCUiZP10cIGZBufferZRt4pair2ZCUiZP10cIGZBufferZPt4pair2ZCUiZP10cIGZBufferT1	_Rb_tree<unsigned int, pair<unsigned int const, cIGZBuffer *>, _Select1st<pair<unsigned int const, cIGZBuffer *> >, less<unsigned int>, allocator<cIGZBuffer *> >::erase(_Rb_tree_iterator<pair<unsigned int const, cIGZBuffer *>, pair<unsigned int const, cIGZBuffer *> &, pair<unsigned int const, cIGZBuffer *> *>, _Rb_tree_iterator<pair<unsigned int const, cIGZBuffer *>, pair<unsigned int const, cIGZBuffer *> &, pair<unsigned int const, cIGZBuffer *> *>)
001ba40c	__thunk_4_QueryInterface__15cSC3WinNeighborUiPPv	virtual function thunk (delta:-4) for cSC3WinNeighbor::QueryInterface(unsigned int, void **)
001ba428	__thunk_4_AddRef__15cSC3WinNeighbor	virtual function thunk (delta:-4) for cSC3WinNeighbor::AddRef(void)
001ba444	__thunk_4_Release__15cSC3WinNeighbor	virtual function thunk (delta:-4) for cSC3WinNeighbor::Release(void)
001ba460	__thunk_4_DoWinMsg__15cSC3WinNeighborP7cIGZWinUiUiUiUi	virtual function thunk (delta:-4) for cSC3WinNeighbor::DoWinMsg(cIGZWin *, unsigned int, unsigned int, unsigned int, unsigned int)
001ba47c	__thunk_8_QueryInterface__15cSC3WinNeighborUiPPv	virtual function thunk (delta:-8) for cSC3WinNeighbor::QueryInterface(unsigned int, void **)
001ba498	__thunk_8_AddRef__15cSC3WinNeighbor	virtual function thunk (delta:-8) for cSC3WinNeighbor::AddRef(void)
001ba4b4	__thunk_8_Release__15cSC3WinNeighbor	virtual function thunk (delta:-8) for cSC3WinNeighbor::Release(void)
001ba4d0	__thunk_8_EnumLayer__15cSC3WinNeighborR10cGZMessageP14cISC3CityLayer	virtual function thunk (delta:-8) for cSC3WinNeighbor::EnumLayer(cGZMessage &, cISC3CityLayer *)
001ba4ec	__thunk_4__._18cSC3CmdWinNeighbor	virtual function thunk (delta:-4) for cSC3CmdWinNeighbor::~cSC3CmdWinNeighbor(void)
001ba514	_._Q215cSC3WinNeighbor5_deal	cSC3WinNeighbor::_deal::~_deal(void)
001ba6d4	__as__Q215cSC3WinNeighbor5_dealRCQ215cSC3WinNeighbor5_deal	cSC3WinNeighbor::_deal::operator=(cSC3WinNeighbor::_deal const &)
001ba940	_._t3map4ZUiZP10cIGZBufferZt4less1ZUiZt9allocator1ZP10cIGZBuffer	map<unsigned int, cIGZBuffer *, less<unsigned int>, allocator<cIGZBuffer *> >::~map(void)
001ba9f4	_._Q215cSC3WinNeighbor9_neighbor	cSC3WinNeighbor::_neighbor::~_neighbor(void)
001bab70	OwnerWin__Q215cSC3WinNeighbor9_neighbor	cSC3WinNeighbor::_neighbor::OwnerWin(void)
001baba0	_._t3map4ZUiZPQ215cSC3WinNeighbor9_neighborZt4less1ZUiZt9allocator1ZPQ215cSC3WinNeighbor9_neighbor	map<unsigned int, cSC3WinNeighbor::_neighbor *, less<unsigned int>, allocator<cSC3WinNeighbor::_neighbor *> >::~map(void)
001bac54	_M_erase__t8_Rb_tree5ZUiZt4pair2ZCUiZbZt10_Select1st1Zt4pair2ZCUiZbZt4less1ZUiZt9allocator1ZbPt13_Rb_tree_node1Zt4pair2ZCUiZb	_Rb_tree<unsigned int, pair<unsigned int const, bool>, _Select1st<pair<unsigned int const, bool> >, less<unsigned int>, allocator<bool> >::_M_erase(_Rb_tree_node<pair<unsigned int const, bool> > *)
001bacd4	clear__t10_List_base2Z17cGZDisplayMetricsZt9allocator1Z17cGZDisplayMetrics	_List_base<cGZDisplayMetrics, allocator<cGZDisplayMetrics> >::clear(void)
001bad54	__as__Q228cSC3OptionsPreferencesWindow20videoResolutionEntryRCQ228cSC3OptionsPreferencesWindow20videoResolutionEntry	cSC3OptionsPreferencesWindow::videoResolutionEntry::operator=(cSC3OptionsPreferencesWindow::videoResolutionEntry const &)
001baef4	__uninitialized_copy_aux__H2ZPQ228cSC3OptionsPreferencesWindow20videoResolutionEntryZPQ228cSC3OptionsPreferencesWindow20videoResolutionEntry_X01X01X11G12__false_type_X11	cSC3OptionsPreferencesWindow::videoResolutionEntry * __uninitialized_copy_aux<cSC3OptionsPreferencesWindow::videoResolutionEntry *, cSC3OptionsPreferencesWindow::videoResolutionEntry *>(cSC3OptionsPreferencesWindow::videoResolutionEntry *, cSC3OptionsPreferencesWindow::videoResolutionEntry *, cSC3OptionsPreferencesWindow::videoResolutionEntry *, __false_type)
001bafd4	_M_insert_aux__t6vector2ZQ228cSC3OptionsPreferencesWindow20videoResolutionEntryZt9allocator1ZQ228cSC3OptionsPreferencesWindow20videoResolutionEntryPQ228cSC3OptionsPreferencesWindow20videoResolutionEntryRCQ228cSC3OptionsPreferencesWindow20videoResolutionEntry	vector<cSC3OptionsPreferencesWindow::videoResolutionEntry, allocator<cSC3OptionsPreferencesWindow::videoResolutionEntry> >::_M_insert_aux(cSC3OptionsPreferencesWindow::videoResolutionEntry *, cSC3OptionsPreferencesWindow::videoResolutionEntry const &)
001bb3d4	_M_insert__t8_Rb_tree5ZUiZt4pair2ZCUiZbZt10_Select1st1Zt4pair2ZCUiZbZt4less1ZUiZt9allocator1ZbP18_Rb_tree_node_baseT1RCt4pair2ZCUiZb	_Rb_tree<unsigned int, pair<unsigned int const, bool>, _Select1st<pair<unsigned int const, bool> >, less<unsigned int>, allocator<bool> >::_M_insert(_Rb_tree_node_base *, _Rb_tree_node_base *, pair<unsigned int const, bool> const &)
001bb7b4	insert_unique__t8_Rb_tree5ZUiZt4pair2ZCUiZbZt10_Select1st1Zt4pair2ZCUiZbZt4less1ZUiZt9allocator1ZbRCt4pair2ZCUiZb	_Rb_tree<unsigned int, pair<unsigned int const, bool>, _Select1st<pair<unsigned int const, bool> >, less<unsigned int>, allocator<bool> >::insert_unique(pair<unsigned int const, bool> const &)
001bb8a4	insert_unique__t8_Rb_tree5ZUiZt4pair2ZCUiZbZt10_Select1st1Zt4pair2ZCUiZbZt4less1ZUiZt9allocator1ZbGt17_Rb_tree_iterator3Zt4pair2ZCUiZbZRt4pair2ZCUiZbZPt4pair2ZCUiZbRCt4pair2ZCUiZb	_Rb_tree<unsigned int, pair<unsigned int const, bool>, _Select1st<pair<unsigned int const, bool> >, less<unsigned int>, allocator<bool> >::insert_unique(_Rb_tree_iterator<pair<unsigned int const, bool>, pair<unsigned int const, bool> &, pair<unsigned int const, bool> *>, pair<unsigned int const, bool> const &)
001bba24	_._Q228cSC3OptionsPreferencesWindow20videoResolutionEntry	cSC3OptionsPreferencesWindow::videoResolutionEntry::~videoResolutionEntry(void)
001bbb64	__Q228cSC3OptionsPreferencesWindow20videoResolutionEntry	cSC3OptionsPreferencesWindow::videoResolutionEntry::videoResolutionEntry(void)
001bbcd4	__Q228cSC3OptionsPreferencesWindow20videoResolutionEntryRCQ228cSC3OptionsPreferencesWindow20videoResolutionEntry	cSC3OptionsPreferencesWindow::videoResolutionEntry::videoResolutionEntry(cSC3OptionsPreferencesWindow::videoResolutionEntry const &)
001bbe84	_._t3map4ZUiZbZt4less1ZUiZt9allocator1Zb	map<unsigned int, bool, less<unsigned int>, allocator<bool> >::~map(void)
001bbf30	lower_bound__t8_Rb_tree5ZUiZt4pair2ZCUiZbZt10_Select1st1Zt4pair2ZCUiZbZt4less1ZUiZt9allocator1ZbRCUi	_Rb_tree<unsigned int, pair<unsigned int const, bool>, _Select1st<pair<unsigned int const, bool> >, less<unsigned int>, allocator<bool> >::lower_bound(unsigned int const &)
001bbf68	__thunk_156_QueryInterface__19cSC3WinPeekBuildingUiPPv	virtual function thunk (delta:-156) for cSC3WinPeekBuilding::QueryInterface(unsigned int, void **)
001bbf88	__thunk_156_AddRef__19cSC3WinPeekBuilding	virtual function thunk (delta:-156) for cSC3WinPeekBuilding::AddRef(void)
001bbfa8	__thunk_156_Release__19cSC3WinPeekBuilding	virtual function thunk (delta:-156) for cSC3WinPeekBuilding::Release(void)
001bbfc8	__thunk_156_AsIGZWin__19cSC3WinPeekBuilding	virtual function thunk (delta:-156) for cSC3WinPeekBuilding::AsIGZWin(void)
001bbfe8	__thunk_156_SetTransparentColor__19cSC3WinPeekBuildingUi	virtual function thunk (delta:-156) for cSC3WinPeekBuilding::SetTransparentColor(unsigned int)
001bc008	__thunk_156_SetOriginalFillColor__19cSC3WinPeekBuildingUi	virtual function thunk (delta:-156) for cSC3WinPeekBuilding::SetOriginalFillColor(unsigned int)
001bc028	__thunk_156_SetOverRideFillColor__19cSC3WinPeekBuildingUi	virtual function thunk (delta:-156) for cSC3WinPeekBuilding::SetOverRideFillColor(unsigned int)
001bc048	__thunk_156_SetOccAttrib__19cSC3WinPeekBuildingP19cISC3OccupantAttrib	virtual function thunk (delta:-156) for cSC3WinPeekBuilding::SetOccAttrib(cISC3OccupantAttrib *)
001bc068	__thunk_156_SetOverRide__19cSC3WinPeekBuildingP22cISC3OccAttribOverRide	virtual function thunk (delta:-156) for cSC3WinPeekBuilding::SetOverRide(cISC3OccAttribOverRide *)
001bc088	__thunk_156_MarkVisibility__19cSC3WinPeekBuildingb	virtual function thunk (delta:-156) for cSC3WinPeekBuilding::MarkVisibility(bool)
001bc0a8	__thunk_220_QueryInterface__21cSC3WinProcCitySchemeUiPPv	virtual function thunk (delta:-220) for cSC3WinProcCityScheme::QueryInterface(unsigned int, void **)
001bc0c8	__thunk_220_AddRef__21cSC3WinProcCityScheme	virtual function thunk (delta:-220) for cSC3WinProcCityScheme::AddRef(void)
001bc0e8	__thunk_220_Release__21cSC3WinProcCityScheme	virtual function thunk (delta:-220) for cSC3WinProcCityScheme::Release(void)
001bc108	__thunk_220_DoWinMsg__21cSC3WinProcCitySchemeP7cIGZWinUiUiUiUi	virtual function thunk (delta:-220) for cSC3WinProcCityScheme::DoWinMsg(cIGZWin *, unsigned int, unsigned int, unsigned int, unsigned int)
001bc128	__thunk_156_QueryInterface__21cSC3WinProcCitySchemeUiPPv	virtual function thunk (delta:-156) for cSC3WinProcCityScheme::QueryInterface(unsigned int, void **)
001bc148	__thunk_156_AddRef__21cSC3WinProcCityScheme	virtual function thunk (delta:-156) for cSC3WinProcCityScheme::AddRef(void)
001bc168	__thunk_156_Release__21cSC3WinProcCityScheme	virtual function thunk (delta:-156) for cSC3WinProcCityScheme::Release(void)
001bc188	__thunk_156_QueryInterface__17cSC3WinTerrConfigUiPPv	virtual function thunk (delta:-156) for cSC3WinTerrConfig::QueryInterface(unsigned int, void **)
001bc1a8	__thunk_156_AddRef__17cSC3WinTerrConfig	virtual function thunk (delta:-156) for cSC3WinTerrConfig::AddRef(void)
001bc1c8	__thunk_156_Release__17cSC3WinTerrConfig	virtual function thunk (delta:-156) for cSC3WinTerrConfig::Release(void)
001bc1e8	__thunk_156_AsIGZWin__17cSC3WinTerrConfig	virtual function thunk (delta:-156) for cSC3WinTerrConfig::AsIGZWin(void)
001bc208	__thunk_156_SetWinTerrConfigFlag__17cSC3WinTerrConfigib	virtual function thunk (delta:-156) for cSC3WinTerrConfig::SetWinTerrConfigFlag(int, bool)
001bc228	__thunk_156_GetWinTerrConfigFlag__C17cSC3WinTerrConfigi	virtual function thunk (delta:-156) for cSC3WinTerrConfig::GetWinTerrConfigFlag(int) const
001bc248	__thunk_156_SetCenterType__17cSC3WinTerrConfigQ218cISC3WinTerrConfig11tCenterType	virtual function thunk (delta:-156) for cSC3WinTerrConfig::SetCenterType(cISC3WinTerrConfig::tCenterType)
001bc268	__thunk_156_GetCenterType__C17cSC3WinTerrConfigRQ218cISC3WinTerrConfig11tCenterType	virtual function thunk (delta:-156) for cSC3WinTerrConfig::GetCenterType(cISC3WinTerrConfig::tCenterType &) const
001bc288	__thunk_156_SetRotation__17cSC3WinTerrConfigi	virtual function thunk (delta:-156) for cSC3WinTerrConfig::SetRotation(int)
001bc2a8	__thunk_4_QueryInterface__19cSC3WinProcTerrEditUiPPv	virtual function thunk (delta:-4) for cSC3WinProcTerrEdit::QueryInterface(unsigned int, void **)
001bc2c4	__thunk_4_AddRef__19cSC3WinProcTerrEdit	virtual function thunk (delta:-4) for cSC3WinProcTerrEdit::AddRef(void)
001bc2e0	__thunk_4_Release__19cSC3WinProcTerrEdit	virtual function thunk (delta:-4) for cSC3WinProcTerrEdit::Release(void)
001bc2fc	__thunk_4_DoMessage__19cSC3WinProcTerrEditR10cGZMessage	virtual function thunk (delta:-4) for cSC3WinProcTerrEdit::DoMessage(cGZMessage &)
001bc324	_M_insert_aux__t6vector2ZP17cISC3WinQueryViewZt9allocator1ZP17cISC3WinQueryViewPP17cISC3WinQueryViewRCP17cISC3WinQueryView	vector<cISC3WinQueryView *, allocator<cISC3WinQueryView *> >::_M_insert_aux(cISC3WinQueryView **, cISC3WinQueryView *const &)
001bc64c	__thunk_256_QueryInterface__20cSC3WinQueryListViewUiPPv	virtual function thunk (delta:-256) for cSC3WinQueryListView::QueryInterface(unsigned int, void **)
001bc66c	__thunk_256_AddRef__20cSC3WinQueryListView	virtual function thunk (delta:-256) for cSC3WinQueryListView::AddRef(void)
001bc68c	__thunk_256_Release__20cSC3WinQueryListView	virtual function thunk (delta:-256) for cSC3WinQueryListView::Release(void)
001bc6ac	__thunk_256_EnumLayer__20cSC3WinQueryListViewR10cGZMessageP14cISC3CityLayer	virtual function thunk (delta:-256) for cSC3WinQueryListView::EnumLayer(cGZMessage &, cISC3CityLayer *)
001bc6cc	__thunk_256_CreateView__20cSC3WinQueryListViewR13cISC3WinQuery	virtual function thunk (delta:-256) for cSC3WinQueryListView::CreateView(cISC3WinQuery &)
001bc6ec	__thunk_256_EnumCityItems__20cSC3WinQueryListViewP9cISC3Cityb	virtual function thunk (delta:-256) for cSC3WinQueryListView::EnumCityItems(cISC3City *, bool)
001bc70c	__thunk_256_GetViewId__20cSC3WinQueryListView	virtual function thunk (delta:-256) for cSC3WinQueryListView::GetViewId(void)
001bc72c	__thunk_256_SetViewId__20cSC3WinQueryListViewRCUi	virtual function thunk (delta:-256) for cSC3WinQueryListView::SetViewId(unsigned int const &)
001bc74c	__thunk_256_GetViewName__20cSC3WinQueryListView	virtual function thunk (delta:-256) for cSC3WinQueryListView::GetViewName(void)
001bc76c	__thunk_256_SetViewName__20cSC3WinQueryListViewRC10cIGZString	virtual function thunk (delta:-256) for cSC3WinQueryListView::SetViewName(cIGZString const &)
001bc78c	__thunk_256_SetArea__20cSC3WinQueryListViewiiii	virtual function thunk (delta:-256) for cSC3WinQueryListView::SetArea(int, int, int, int)
001bc7ac	__thunk_256_SetArea__20cSC3WinQueryListViewRC7cRZRect	virtual function thunk (delta:-256) for cSC3WinQueryListView::SetArea(cRZRect const &)
001bc7cc	__thunk_256_GetArea__C20cSC3WinQueryListViewR7cRZRect	virtual function thunk (delta:-256) for cSC3WinQueryListView::GetArea(cRZRect &) const
001bc7ec	__thunk_256_AsIGZWin__20cSC3WinQueryListView	virtual function thunk (delta:-256) for cSC3WinQueryListView::AsIGZWin(void)
001bc80c	__thunk_256_GetParentDialog__20cSC3WinQueryListView	virtual function thunk (delta:-256) for cSC3WinQueryListView::GetParentDialog(void)
001bc82c	__thunk_256_GetAssociatedOccupant__20cSC3WinQueryListView	virtual function thunk (delta:-256) for cSC3WinQueryListView::GetAssociatedOccupant(void)
001bc84c	__thunk_256_GetAssociatedCityCoord__20cSC3WinQueryListViewR13cSC3CityCoord	virtual function thunk (delta:-256) for cSC3WinQueryListView::GetAssociatedCityCoord(cSC3CityCoord &)
001bc86c	__thunk_256_SetLabelFlags__20cSC3WinQueryListViewUi	virtual function thunk (delta:-256) for cSC3WinQueryListView::SetLabelFlags(unsigned int)
001bc88c	__thunk_256_SetDefaultFont__20cSC3WinQueryListViewP8cIGZFontT1	virtual function thunk (delta:-256) for cSC3WinQueryListView::SetDefaultFont(cIGZFont *, cIGZFont *)
001bc8ac	__thunk_256_AddLine__20cSC3WinQueryListViewR10cIGZStringT1Uib	virtual function thunk (delta:-256) for cSC3WinQueryListView::AddLine(cIGZString &, cIGZString &, unsigned int, bool)
001bc8cc	__thunk_4_QueryInterface__20cSC3WinQueryListViewUiPPv	virtual function thunk (delta:-4) for cSC3WinQueryListView::QueryInterface(unsigned int, void **)
001bc8e8	__thunk_4_AddRef__20cSC3WinQueryListView	virtual function thunk (delta:-4) for cSC3WinQueryListView::AddRef(void)
001bc904	__thunk_4_Release__20cSC3WinQueryListView	virtual function thunk (delta:-4) for cSC3WinQueryListView::Release(void)
001bc920	__thunk_4_Init__20cSC3WinQueryListView	virtual function thunk (delta:-4) for cSC3WinQueryListView::Init(void)
001bc93c	__thunk_4_Shutdown__20cSC3WinQueryListView	virtual function thunk (delta:-4) for cSC3WinQueryListView::Shutdown(void)
001bc958	__thunk_4_GetArea__C20cSC3WinQueryListViewR7cRZRect	virtual function thunk (delta:-4) for cSC3WinQueryListView::GetArea(cRZRect &) const
001bc974	__thunk_4_SetArea__20cSC3WinQueryListViewiiii	virtual function thunk (delta:-4) for cSC3WinQueryListView::SetArea(int, int, int, int)
001bc990	__thunk_4_SetArea__20cSC3WinQueryListViewRC7cRZRect	virtual function thunk (delta:-4) for cSC3WinQueryListView::SetArea(cRZRect const &)
001bc9ac	__thunk_4_SetFlag__20cGZInfoListBoxWindowQ27cIGZWin8tWinFlagb	virtual function thunk (delta:-4) for cGZInfoListBoxWindow::SetFlag(cIGZWin::tWinFlag, bool)
001bc9c8	__thunk_4_GZPaint__20cGZInfoListBoxWindow	virtual function thunk (delta:-4) for cGZInfoListBoxWindow::GZPaint(void)
001bc9e4	__thunk_4_GZOnKeyDown__20cGZInfoListBoxWindowUiUi	virtual function thunk (delta:-4) for cGZInfoListBoxWindow::GZOnKeyDown(unsigned int, unsigned int)
001bca00	__thunk_4_GZOnKeyUp__20cGZInfoListBoxWindowUiUi	virtual function thunk (delta:-4) for cGZInfoListBoxWindow::GZOnKeyUp(unsigned int, unsigned int)
001bca1c	__thunk_4_GZOnMouseDownL__20cSC3WinQueryListViewiiUi	virtual function thunk (delta:-4) for cSC3WinQueryListView::GZOnMouseDownL(int, int, unsigned int)
001bca38	__thunk_4_GZOnMouseDownR__20cGZInfoListBoxWindowiiUi	virtual function thunk (delta:-4) for cGZInfoListBoxWindow::GZOnMouseDownR(int, int, unsigned int)
001bca54	__thunk_4_GZOnMouseUpL__20cGZInfoListBoxWindowiiUi	virtual function thunk (delta:-4) for cGZInfoListBoxWindow::GZOnMouseUpL(int, int, unsigned int)
001bca70	__thunk_4_GZOnMouseUpR__20cGZInfoListBoxWindowiiUi	virtual function thunk (delta:-4) for cGZInfoListBoxWindow::GZOnMouseUpR(int, int, unsigned int)
001bca8c	__thunk_4_GZOnMouseWheel__20cGZInfoListBoxWindowiiUii	virtual function thunk (delta:-4) for cGZInfoListBoxWindow::GZOnMouseWheel(int, int, unsigned int, int)
001bcaa8	__thunk_4__._20cSC3WinQueryListView	virtual function thunk (delta:-4) for cSC3WinQueryListView::~cSC3WinQueryListView(void)
001bcac4	__thunk_4_QueryInterface__12cSC3WinQueryUiPPv	virtual function thunk (delta:-4) for cSC3WinQuery::QueryInterface(unsigned int, void **)
001bcae0	__thunk_4_AddRef__12cSC3WinQuery	virtual function thunk (delta:-4) for cSC3WinQuery::AddRef(void)
001bcafc	__thunk_4_Release__12cSC3WinQuery	virtual function thunk (delta:-4) for cSC3WinQuery::Release(void)
001bcb18	__thunk_4_DoWinMsg__12cSC3WinQueryP7cIGZWinUiUiUiUi	virtual function thunk (delta:-4) for cSC3WinQuery::DoWinMsg(cIGZWin *, unsigned int, unsigned int, unsigned int, unsigned int)
001bcb44	_._11cStringPair	cStringPair::~cStringPair(void)
001bcc84	__11cStringPairRC11cStringPair	cStringPair::cStringPair(cStringPair const &)
001bce34	__thunk_156_QueryInterface__10cSC3WinRCIUiPPv	virtual function thunk (delta:-156) for cSC3WinRCI::QueryInterface(unsigned int, void **)
001bce54	__thunk_156_AddRef__10cSC3WinRCI	virtual function thunk (delta:-156) for cSC3WinRCI::AddRef(void)
001bce74	__thunk_156_Release__10cSC3WinRCI	virtual function thunk (delta:-156) for cSC3WinRCI::Release(void)
001bce94	__thunk_156_AsIGZWin__10cSC3WinRCI	virtual function thunk (delta:-156) for cSC3WinRCI::AsIGZWin(void)
001bceb4	__thunk_4_QueryInterface__32cSC3WinProcReplaceBuildingDialogUiPPv	virtual function thunk (delta:-4) for cSC3WinProcReplaceBuildingDialog::QueryInterface(unsigned int, void **)
001bced0	__thunk_4_AddRef__32cSC3WinProcReplaceBuildingDialog	virtual function thunk (delta:-4) for cSC3WinProcReplaceBuildingDialog::AddRef(void)
001bceec	__thunk_4_Release__32cSC3WinProcReplaceBuildingDialog	virtual function thunk (delta:-4) for cSC3WinProcReplaceBuildingDialog::Release(void)
001bcf08	__thunk_4__._32cSC3WinProcReplaceBuildingDialog	virtual function thunk (delta:-4) for cSC3WinProcReplaceBuildingDialog::~cSC3WinProcReplaceBuildingDialog(void)
001bcf24	__thunk_4_on_init__32cSC3WinProcReplaceBuildingDialogP7cIGZWin	virtual function thunk (delta:-4) for cSC3WinProcReplaceBuildingDialog::on_init(cIGZWin *)
001bcf40	__thunk_4_on_shutdown__32cSC3WinProcReplaceBuildingDialogP7cIGZWin	virtual function thunk (delta:-4) for cSC3WinProcReplaceBuildingDialog::on_shutdown(cIGZWin *)
001bcf5c	__thunk_4_on_key_down__32cSC3WinProcReplaceBuildingDialogP7cIGZWinUiUi	virtual function thunk (delta:-4) for cSC3WinProcReplaceBuildingDialog::on_key_down(cIGZWin *, unsigned int, unsigned int)
001bcf78	__thunk_4_on_command__32cSC3WinProcReplaceBuildingDialogP7cIGZWinUiUiUi	virtual function thunk (delta:-4) for cSC3WinProcReplaceBuildingDialog::on_command(cIGZWin *, unsigned int, unsigned int, unsigned int)
001bcf94	__thunk_8__._28cSC3CmdReplaceBuildingDialog	virtual function thunk (delta:-8) for cSC3CmdReplaceBuildingDialog::~cSC3CmdReplaceBuildingDialog(void)
001bcfb0	__thunk_8_Release__28cSC3CmdReplaceBuildingDialog	virtual function thunk (delta:-8) for cSC3CmdReplaceBuildingDialog::Release(void)
001bcfcc	__thunk_8_AddRef__28cSC3CmdReplaceBuildingDialog	virtual function thunk (delta:-8) for cSC3CmdReplaceBuildingDialog::AddRef(void)
001bcfe8	__thunk_4_QueryInterface__28cSC3CmdReplaceBuildingDialogUiPPv	virtual function thunk (delta:-4) for cSC3CmdReplaceBuildingDialog::QueryInterface(unsigned int, void **)
001bd004	__thunk_4_AddRef__28cSC3CmdReplaceBuildingDialog	virtual function thunk (delta:-4) for cSC3CmdReplaceBuildingDialog::AddRef(void)
001bd020	__thunk_4_Release__28cSC3CmdReplaceBuildingDialog	virtual function thunk (delta:-4) for cSC3CmdReplaceBuildingDialog::Release(void)
001bd03c	__thunk_4_Execute__28cSC3CmdReplaceBuildingDialog	virtual function thunk (delta:-4) for cSC3CmdReplaceBuildingDialog::Execute(void)
001bd05c	_._28cSC3CmdReplaceBuildingDialog	cSC3CmdReplaceBuildingDialog::~cSC3CmdReplaceBuildingDialog(void)
001bd0bc	__thunk_28_QueryInterface__22cSC3WinSelectABuildingUiPPv	virtual function thunk (delta:-28) for cSC3WinSelectABuilding::QueryInterface(unsigned int, void **)
001bd0d8	__thunk_28_AddRef__22cSC3WinSelectABuilding	virtual function thunk (delta:-28) for cSC3WinSelectABuilding::AddRef(void)
001bd0f4	__thunk_28_Release__22cSC3WinSelectABuilding	virtual function thunk (delta:-28) for cSC3WinSelectABuilding::Release(void)
001bd110	__thunk_28_DoWinMsg__22cSC3WinSelectABuildingP7cIGZWinUiUiUiUi	virtual function thunk (delta:-28) for cSC3WinSelectABuilding::DoWinMsg(cIGZWin *, unsigned int, unsigned int, unsigned int, unsigned int)
001bd12c	__thunk_32_QueryInterface__22cSC3WinSelectABuildingUiPPv	virtual function thunk (delta:-32) for cSC3WinSelectABuilding::QueryInterface(unsigned int, void **)
001bd148	__thunk_32_AddRef__22cSC3WinSelectABuilding	virtual function thunk (delta:-32) for cSC3WinSelectABuilding::AddRef(void)
001bd164	__thunk_32_Release__22cSC3WinSelectABuilding	virtual function thunk (delta:-32) for cSC3WinSelectABuilding::Release(void)
001bd180	__thunk_32_EnumLayer__22cSC3WinSelectABuildingR10cGZMessageP14cISC3CityLayer	virtual function thunk (delta:-32) for cSC3WinSelectABuilding::EnumLayer(cGZMessage &, cISC3CityLayer *)
001bd19c	__thunk_24_QueryInterface__22cSC3WinSelectABuildingUiPPv	virtual function thunk (delta:-24) for cSC3WinSelectABuilding::QueryInterface(unsigned int, void **)
001bd1b8	__thunk_24_AddRef__22cSC3WinSelectABuilding	virtual function thunk (delta:-24) for cSC3WinSelectABuilding::AddRef(void)
001bd1d4	__thunk_24_Release__22cSC3WinSelectABuilding	virtual function thunk (delta:-24) for cSC3WinSelectABuilding::Release(void)
001bd1f0	__thunk_24_SetType__22cSC3WinSelectABuildingUi	virtual function thunk (delta:-24) for cSC3WinSelectABuilding::SetType(unsigned int)
001bd20c	__thunk_24_CreateDlg__22cSC3WinSelectABuilding	virtual function thunk (delta:-24) for cSC3WinSelectABuilding::CreateDlg(void)
001bd228	__thunk_24_GetAssociatedIGZWin__C22cSC3WinSelectABuilding	virtual function thunk (delta:-24) for cSC3WinSelectABuilding::GetAssociatedIGZWin(void) const
001bd244	__thunk_24_Picked__C22cSC3WinSelectABuilding	virtual function thunk (delta:-24) for cSC3WinSelectABuilding::Picked(void) const
001bd260	__thunk_24_CreateOccupantAttrib__22cSC3WinSelectABuildingPP19cISC3OccupantAttrib	virtual function thunk (delta:-24) for cSC3WinSelectABuilding::CreateOccupantAttrib(cISC3OccupantAttrib **)
001bd27c	__thunk_4_QueryInterface__18cSC3WinTipOfTheDayUiPPv	virtual function thunk (delta:-4) for cSC3WinTipOfTheDay::QueryInterface(unsigned int, void **)
001bd298	__thunk_4_AddRef__18cSC3WinTipOfTheDay	virtual function thunk (delta:-4) for cSC3WinTipOfTheDay::AddRef(void)
001bd2b4	__thunk_4_Release__18cSC3WinTipOfTheDay	virtual function thunk (delta:-4) for cSC3WinTipOfTheDay::Release(void)
001bd2d0	__thunk_4_DoWinMsg__18cSC3WinTipOfTheDayP7cIGZWinUiUiUiUi	virtual function thunk (delta:-4) for cSC3WinTipOfTheDay::DoWinMsg(cIGZWin *, unsigned int, unsigned int, unsigned int, unsigned int)
001bd2ec	__thunk_4_QueryInterface__17cRZCOMDllDirectorUiPPv	virtual function thunk (delta:-4) for cRZCOMDllDirector::QueryInterface(unsigned int, void **)
001bd308	__thunk_4_AddRef__17cRZCOMDllDirector	virtual function thunk (delta:-4) for cRZCOMDllDirector::AddRef(void)
001bd324	__thunk_4_Release__17cRZCOMDllDirector	virtual function thunk (delta:-4) for cRZCOMDllDirector::Release(void)
001bd340	__thunk_4_PreFrameWorkInit__17cRZCOMDllDirector	virtual function thunk (delta:-4) for cRZCOMDllDirector::PreFrameWorkInit(void)
001bd35c	__thunk_4_PreAppInit__15cSUICOMDirector	virtual function thunk (delta:-4) for cSUICOMDirector::PreAppInit(void)
001bd378	__thunk_4_PostAppInit__17cRZCOMDllDirector	virtual function thunk (delta:-4) for cRZCOMDllDirector::PostAppInit(void)
001bd394	__thunk_4_PreAppShutdown__17cRZCOMDllDirector	virtual function thunk (delta:-4) for cRZCOMDllDirector::PreAppShutdown(void)
001bd3b0	__thunk_4_PostAppShutdown__17cRZCOMDllDirector	virtual function thunk (delta:-4) for cRZCOMDllDirector::PostAppShutdown(void)
001bd3cc	__thunk_4_PostSystemServiceShutdown__17cRZCOMDllDirector	virtual function thunk (delta:-4) for cRZCOMDllDirector::PostSystemServiceShutdown(void)
001bd3e8	__thunk_4_AbortiveQuit__17cRZCOMDllDirector	virtual function thunk (delta:-4) for cRZCOMDllDirector::AbortiveQuit(void)
001bd404	__thunk_4_OnInstall__17cRZCOMDllDirector	virtual function thunk (delta:-4) for cRZCOMDllDirector::OnInstall(void)
001bd420	__thunk_156_QueryInterface__13cGZWinListBoxUiPPv	virtual function thunk (delta:-156) for cGZWinListBox::QueryInterface(unsigned int, void **)
001bd440	__thunk_156_AddRef__13cGZWinListBox	virtual function thunk (delta:-156) for cGZWinListBox::AddRef(void)
001bd460	__thunk_156_Release__13cGZWinListBox	virtual function thunk (delta:-156) for cGZWinListBox::Release(void)
001bd480	__thunk_156_AsIGZWin__13cGZWinListBox	virtual function thunk (delta:-156) for cGZWinListBox::AsIGZWin(void)
001bd4a0	__thunk_156_RemoveString__13cGZWinListBoxRC10cIGZString	virtual function thunk (delta:-156) for cGZWinListBox::RemoveString(cIGZString const &)
001bd4c0	__thunk_156_RemoveString__13cGZWinListBoxi	virtual function thunk (delta:-156) for cGZWinListBox::RemoveString(int)
001bd4e0	__thunk_156_RemoveAllStrings__13cGZWinListBox	virtual function thunk (delta:-156) for cGZWinListBox::RemoveAllStrings(void)
001bd500	__thunk_156_InsertString__14cWinListBoxIRCRC10cIGZStringi	virtual function thunk (delta:-156) for cWinListBoxIRC::InsertString(cIGZString const &, int)
001bd520	__thunk_156_ModifyString__13cGZWinListBoxRC10cIGZStringi	virtual function thunk (delta:-156) for cGZWinListBox::ModifyString(cIGZString const &, int)
001bd540	__thunk_156_ResizeWindowForExactLineHeights__13cGZWinListBox	virtual function thunk (delta:-156) for cGZWinListBox::ResizeWindowForExactLineHeights(void)
001bd560	__thunk_156_SetSelection__13cGZWinListBoxib	virtual function thunk (delta:-156) for cGZWinListBox::SetSelection(int, bool)
001bd580	__thunk_156_GetSelection__C13cGZWinListBox	virtual function thunk (delta:-156) for cGZWinListBox::GetSelection(void) const
001bd5a0	__thunk_156_SetShouldSort__13cGZWinListBox	virtual function thunk (delta:-156) for cGZWinListBox::SetShouldSort(void)
001bd5c0	__thunk_156_Sort__13cGZWinListBox	virtual function thunk (delta:-156) for cGZWinListBox::Sort(void)
001bd5e0	__thunk_156_SetDrop__13cGZWinListBoxb	virtual function thunk (delta:-156) for cGZWinListBox::SetDrop(bool)
001bd600	__thunk_156_GetTextArea__C13cGZWinListBoxR7cRZRect	virtual function thunk (delta:-156) for cGZWinListBox::GetTextArea(cRZRect &) const
001bd620	__thunk_156_MoveLineUp__13cGZWinListBox	virtual function thunk (delta:-156) for cGZWinListBox::MoveLineUp(void)
001bd640	__thunk_156_MoveLineDown__13cGZWinListBox	virtual function thunk (delta:-156) for cGZWinListBox::MoveLineDown(void)
001bd660	__thunk_156_ScrollToStart__13cGZWinListBox	virtual function thunk (delta:-156) for cGZWinListBox::ScrollToStart(void)
001bd680	__thunk_156_ScrollToEnd__13cGZWinListBox	virtual function thunk (delta:-156) for cGZWinListBox::ScrollToEnd(void)
001bd6a0	__thunk_156_ScrollPageUp__13cGZWinListBox	virtual function thunk (delta:-156) for cGZWinListBox::ScrollPageUp(void)
001bd6c0	__thunk_156_ScrollPageDown__13cGZWinListBox	virtual function thunk (delta:-156) for cGZWinListBox::ScrollPageDown(void)
001bd6e0	__thunk_156_IsIndexInView__C13cGZWinListBoxi	virtual function thunk (delta:-156) for cGZWinListBox::IsIndexInView(int) const
001bd700	__thunk_156_PutIndexInView__13cGZWinListBoxi	virtual function thunk (delta:-156) for cGZWinListBox::PutIndexInView(int)
001bd720	__thunk_156_ScrollToFirstLetter__13cGZWinListBoxc	virtual function thunk (delta:-156) for cGZWinListBox::ScrollToFirstLetter(char)
001bd740	__thunk_156_SetIndexOfTopLine__13cGZWinListBoxi	virtual function thunk (delta:-156) for cGZWinListBox::SetIndexOfTopLine(int)
001bd760	__thunk_156_GetLineCount__C13cGZWinListBox	virtual function thunk (delta:-156) for cGZWinListBox::GetLineCount(void) const
001bd780	__thunk_156_GetLineHeight__C13cGZWinListBox	virtual function thunk (delta:-156) for cGZWinListBox::GetLineHeight(void) const
001bd7a0	__thunk_156_GetVisibleLines__C13cGZWinListBox	virtual function thunk (delta:-156) for cGZWinListBox::GetVisibleLines(void) const
001bd7c0	__thunk_156_GetIndexOfTopLine__C13cGZWinListBox	virtual function thunk (delta:-156) for cGZWinListBox::GetIndexOfTopLine(void) const
001bd7e0	__thunk_156_GetItemIndexFromCursorPosition__C13cGZWinListBoxiib	virtual function thunk (delta:-156) for cGZWinListBox::GetItemIndexFromCursorPosition(int, int, bool) const
001bd800	__thunk_156_EnableScrollBar__13cGZWinListBoxbT1	virtual function thunk (delta:-156) for cGZWinListBox::EnableScrollBar(bool, bool)
001bd820	__thunk_156_SetLineItemBackgroundBuffer__13cGZWinListBoxP10cIGZBuffer	virtual function thunk (delta:-156) for cGZWinListBox::SetLineItemBackgroundBuffer(cIGZBuffer *)
001bd840	__thunk_156_SetFont__13cGZWinListBoxP8cIGZFont	virtual function thunk (delta:-156) for cGZWinListBox::SetFont(cIGZFont *)
001bd860	__thunk_156_SetFontColor__13cGZWinListBoxQ214cIGZWinListBox13tFontColorIdxUi	virtual function thunk (delta:-156) for cGZWinListBox::SetFontColor(cIGZWinListBox::tFontColorIdx, unsigned int)
001bd880	__thunk_156_GetFontColor__13cGZWinListBoxQ214cIGZWinListBox13tFontColorIdxRUi	virtual function thunk (delta:-156) for cGZWinListBox::GetFontColor(cIGZWinListBox::tFontColorIdx, unsigned int &)
001bd8a0	__thunk_156_ClearFontColor__13cGZWinListBoxQ214cIGZWinListBox13tFontColorIdx	virtual function thunk (delta:-156) for cGZWinListBox::ClearFontColor(cIGZWinListBox::tFontColorIdx)
001bd8c0	__thunk_156_SetHighlightColor__13cGZWinListBoxUi	virtual function thunk (delta:-156) for cGZWinListBox::SetHighlightColor(unsigned int)
001bd8e0	__thunk_156_SetHighlightFillAlpha__13cGZWinListBoxf	virtual function thunk (delta:-156) for cGZWinListBox::SetHighlightFillAlpha(float)
001bd900	__thunk_156_ResizeBoxToFitContents__13cGZWinListBox	virtual function thunk (delta:-156) for cGZWinListBox::ResizeBoxToFitContents(void)
001bd920	__thunk_156_ResizeBoxToFitContentsHorizontal__13cGZWinListBox	virtual function thunk (delta:-156) for cGZWinListBox::ResizeBoxToFitContentsHorizontal(void)
001bd940	__thunk_156_GetStringFromIndex__C13cGZWinListBoxiR10cIGZString	virtual function thunk (delta:-156) for cGZWinListBox::GetStringFromIndex(int, cIGZString &) const
001bd960	__thunk_156_GetIndexFromString__C13cGZWinListBoxRiRC10cIGZString	virtual function thunk (delta:-156) for cGZWinListBox::GetIndexFromString(int &, cIGZString const &) const
001bd980	__thunk_156_SetOutlineDrawing__13cGZWinListBoxb	virtual function thunk (delta:-156) for cGZWinListBox::SetOutlineDrawing(bool)
001bd9a0	__thunk_156_SetDrawSunkenRect__13cGZWinListBoxb	virtual function thunk (delta:-156) for cGZWinListBox::SetDrawSunkenRect(bool)
001bd9c0	__thunk_156_SetOutlineColors__13cGZWinListBoxUiUi	virtual function thunk (delta:-156) for cGZWinListBox::SetOutlineColors(unsigned int, unsigned int)
001bd9e0	__thunk_156_SetScrollbarGutters__13cGZWinListBoxScSc	virtual function thunk (delta:-156) for cGZWinListBox::SetScrollbarGutters(signed char, signed char)
001bda00	__thunk_156_SetTextGutters__13cGZWinListBoxScSc	virtual function thunk (delta:-156) for cGZWinListBox::SetTextGutters(signed char, signed char)
001bda20	__thunk_156_SetMinimumLineHeight__13cGZWinListBoxUc	virtual function thunk (delta:-156) for cGZWinListBox::SetMinimumLineHeight(unsigned char)
001bda40	__thunk_4_QueryInterface__20cGZInfoListBoxWindowUiPPv	virtual function thunk (delta:-4) for cGZInfoListBoxWindow::QueryInterface(unsigned int, void **)
001bda5c	__thunk_4_AddRef__20cGZInfoListBoxWindow	virtual function thunk (delta:-4) for cGZInfoListBoxWindow::AddRef(void)
001bda78	__thunk_4_Release__20cGZInfoListBoxWindow	virtual function thunk (delta:-4) for cGZInfoListBoxWindow::Release(void)
001bda94	__thunk_4_DoMessage__26cWinListBoxInfoCursorEventR10cGZMessage	virtual function thunk (delta:-4) for cWinListBoxInfoCursorEvent::DoMessage(cGZMessage &)
001bdab0	__thunk_4_Init__26cWinListBoxInfoCursorEvent	virtual function thunk (delta:-4) for cWinListBoxInfoCursorEvent::Init(void)
001bdacc	__thunk_4_Shutdown__26cWinListBoxInfoCursorEvent	virtual function thunk (delta:-4) for cWinListBoxInfoCursorEvent::Shutdown(void)
001bdae8	__thunk_4_SetArea__20cGZInfoListBoxWindowiiii	virtual function thunk (delta:-4) for cGZInfoListBoxWindow::SetArea(int, int, int, int)
001bdb04	__thunk_4_GZOnMouseDownL__26cWinListBoxInfoCursorEventiiUi	virtual function thunk (delta:-4) for cWinListBoxInfoCursorEvent::GZOnMouseDownL(int, int, unsigned int)
001bdb20	__thunk_4_GZOnMouseDownR__26cWinListBoxInfoCursorEventiiUi	virtual function thunk (delta:-4) for cWinListBoxInfoCursorEvent::GZOnMouseDownR(int, int, unsigned int)
001bdb3c	__thunk_4_GZOnMouseUpL__26cWinListBoxInfoCursorEventiiUi	virtual function thunk (delta:-4) for cWinListBoxInfoCursorEvent::GZOnMouseUpL(int, int, unsigned int)
001bdb58	__thunk_4_GZOnMouseUpR__26cWinListBoxInfoCursorEventiiUi	virtual function thunk (delta:-4) for cWinListBoxInfoCursorEvent::GZOnMouseUpR(int, int, unsigned int)
001bdb74	__thunk_4_GZOnMouseMove__26cWinListBoxInfoCursorEventiiUi	virtual function thunk (delta:-4) for cWinListBoxInfoCursorEvent::GZOnMouseMove(int, int, unsigned int)
001bdb90	__thunk_4__._26cWinListBoxInfoCursorEvent	virtual function thunk (delta:-4) for cWinListBoxInfoCursorEvent::~cWinListBoxInfoCursorEvent(void)
001bdbb0	_._22cWinListBoxCursorEvent	cWinListBoxCursorEvent::~cWinListBoxCursorEvent(void)
001bdc08	_._26cWinListBoxInfoCursorEvent	cWinListBoxInfoCursorEvent::~cWinListBoxInfoCursorEvent(void)
001bdc5c	_._14cWinListBoxIRC	cWinListBoxIRC::~cWinListBoxIRC(void)
001bdcd0	find_first_not_of__Ct12basic_string3ZcZt18string_char_traits1ZcZt24__default_alloc_template2b1i0cUi	basic_string<char, string_char_traits<char>, __default_alloc_template<true, 0> >::find_first_not_of(char, unsigned int) const
001bdd14	_M_erase__t8_Rb_tree5Zt4pair2ZCUiZUiZt4pair2ZCt4pair2ZCUiZUiZPFv_P11cIGZUnknownZt10_Select1st1Zt4pair2ZCt4pair2ZCUiZUiZPFv_P11cIGZUnknownZt4less1Zt4pair2ZCUiZUiZt9allocator1ZPFv_P11cIGZUnknownPt13_Rb_tree_node1Zt4pair2ZCt4pair2ZCUiZUiZPFv_P11cIGZUnknown	_Rb_tree<pair<unsigned int const, unsigned int>, pair<pair<unsigned int const, unsigned int> const, cIGZUnknown *(*)(void)>, _Select1st<pair<pair<unsigned int const, unsigned int> const, cIGZUnknown *(*)(void)> >, less<pair<unsigned int const, unsigned int> >, allocator<cIGZUnknown *(*)(void)> >::_M_erase(_Rb_tree_node<pair<pair<unsigned int const, unsigned int> const, cIGZUnknown *(*)(void)> > *)
001bdd94	_M_insert_aux__t6vector2ZP17cRZCOMDllDirectorZt9allocator1ZP17cRZCOMDllDirectorPP17cRZCOMDllDirectorRCP17cRZCOMDllDirector	vector<cRZCOMDllDirector *, allocator<cRZCOMDllDirector *> >::_M_insert_aux(cRZCOMDllDirector **, cRZCOMDllDirector *const &)
001be0c4	_M_insert__t8_Rb_tree5Zt4pair2ZCUiZUiZt4pair2ZCt4pair2ZCUiZUiZPFv_P11cIGZUnknownZt10_Select1st1Zt4pair2ZCt4pair2ZCUiZUiZPFv_P11cIGZUnknownZt4less1Zt4pair2ZCUiZUiZt9allocator1ZPFv_P11cIGZUnknownP18_Rb_tree_node_baseT1RCt4pair2ZCt4pair2ZCUiZUiZPFv_P11cIGZUnknown	_Rb_tree<pair<unsigned int const, unsigned int>, pair<pair<unsigned int const, unsigned int> const, cIGZUnknown *(*)(void)>, _Select1st<pair<pair<unsigned int const, unsigned int> const, cIGZUnknown *(*)(void)> >, less<pair<unsigned int const, unsigned int> >, allocator<cIGZUnknown *(*)(void)> >::_M_insert(_Rb_tree_node_base *, _Rb_tree_node_base *, pair<pair<unsigned int const, unsigned int> const, cIGZUnknown *(*)(void)> const &)
001be4e4	insert_unique__t8_Rb_tree5Zt4pair2ZCUiZUiZt4pair2ZCt4pair2ZCUiZUiZPFv_P11cIGZUnknownZt10_Select1st1Zt4pair2ZCt4pair2ZCUiZUiZPFv_P11cIGZUnknownZt4less1Zt4pair2ZCUiZUiZt9allocator1ZPFv_P11cIGZUnknownRCt4pair2ZCt4pair2ZCUiZUiZPFv_P11cIGZUnknown	_Rb_tree<pair<unsigned int const, unsigned int>, pair<pair<unsigned int const, unsigned int> const, cIGZUnknown *(*)(void)>, _Select1st<pair<pair<unsigned int const, unsigned int> const, cIGZUnknown *(*)(void)> >, less<pair<unsigned int const, unsigned int> >, allocator<cIGZUnknown *(*)(void)> >::insert_unique(pair<pair<unsigned int const, unsigned int> const, cIGZUnknown *(*)(void)> const &)
001be63c	__thunk_4_PreAppInit__17cRZCOMDllDirector	virtual function thunk (delta:-4) for cRZCOMDllDirector::PreAppInit(void)
001be65c	_._t3map4Zt4pair2ZCUiZUiZPFv_P11cIGZUnknownZt4less1Zt4pair2ZCUiZUiZt9allocator1ZPFv_P11cIGZUnknown	map<pair<unsigned int const, unsigned int>, cIGZUnknown *(*)(void), less<pair<unsigned int const, unsigned int> >, allocator<cIGZUnknown *(*)(void)> >::~map(void)
001be700	_._11logic_error	logic_error::~logic_error(void)
001be7b0	__11logic_errorRC11logic_error	logic_error::logic_error(logic_error const &)
001be80c	__tf11logic_error	logic_error type_info function
001be844	_._12domain_error	domain_error::~domain_error(void)
001be860	__tf12domain_error	domain_error type_info function
001be8b8	_._16invalid_argument	invalid_argument::~invalid_argument(void)
001be8d4	__tf16invalid_argument	invalid_argument type_info function
001be92c	_._12length_error	length_error::~length_error(void)
001be948	__tf12length_error	length_error type_info function
001be9a0	_._12out_of_range	out_of_range::~out_of_range(void)
001be9bc	__tf12out_of_range	out_of_range type_info function
001bea20	_._13runtime_error	runtime_error::~runtime_error(void)
001beac4	__tf13runtime_error	runtime_error type_info function
001beafc	_._11range_error	range_error::~range_error(void)
001beb18	__tf11range_error	range_error type_info function
001beb70	_._14overflow_error	overflow_error::~overflow_error(void)
001beb8c	__tf14overflow_error	overflow_error type_info function
001bebe4	_._15underflow_error	underflow_error::~underflow_error(void)
001bec00	__tf15underflow_error	underflow_error type_info function
001bec58	__thunk_4__._22_IO_ostream_withassign	virtual function thunk (delta:-4) for _IO_ostream_withassign::~_IO_ostream_withassign(void)
001bec64	__thunk_8__._22_IO_istream_withassign	virtual function thunk (delta:-8) for _IO_istream_withassign::~_IO_istream_withassign(void)
001bec70	__thunk_12__._8iostream	virtual function thunk (delta:-12) for iostream::~iostream(void)
001bec7c	__thunk_8__._7istream	virtual function thunk (delta:-8) for istream::~istream(void)
001bec88	__thunk_4__._7ostream	virtual function thunk (delta:-4) for ostream::~ostream(void)
001bec94	_._8iostream	iostream::~iostream(void)
001becf8	_._7ostream	ostream::~ostream(void)
001bed4c	__tf7ostream	ostream type_info function
001bed84	_._7istream	istream::~istream(void)
001bedd8	__tf7istream	istream type_info function
001bee10	__tf8iostream	iostream type_info function
001bee8c	_._22_IO_istream_withassign	_IO_istream_withassign::~_IO_istream_withassign(void)
001beee8	__tf22_IO_istream_withassign	_IO_istream_withassign type_info function
001bef40	_._22_IO_ostream_withassign	_IO_ostream_withassign::~_IO_ostream_withassign(void)
001bef9c	__tf22_IO_ostream_withassign	_IO_ostream_withassign type_info function
001beff4	__tf3ios	ios type_info function
001bf02c	__tf9streambuf	streambuf type_info function
001bf064	__tf7filebuf	filebuf type_info function
001bf0bc	__tf11_ios_fields	_ios_fields type_info function
001bf0e8	__tf8_IO_FILE	_IO_FILE type_info function
001bf118	__tf9exception	exception type_info function
001bf158	__tf13bad_exception	bad_exception type_info function
001bf1c4	__tf9type_info	type_info type_info function
001bf204	__tf8bad_cast	bad_cast type_info function
001bf250	__tf10bad_typeid	bad_typeid type_info function
001bf29c	_._16__user_type_info	__user_type_info::~__user_type_info(void)
001bf2cc	__tf16__user_type_info	__user_type_info type_info function
001bf338	_._14__si_type_info	__si_type_info::~__si_type_info(void)
001bf368	__tf14__si_type_info	__si_type_info type_info function
001bf404	_._17__class_type_info	__class_type_info::~__class_type_info(void)
001bf434	__tf17__class_type_info	__class_type_info type_info function
001bf4d0	_._19__pointer_type_info	__pointer_type_info::~__pointer_type_info(void)
001bf500	__tf19__pointer_type_info	__pointer_type_info type_info function
001bf54c	_._16__attr_type_info	__attr_type_info::~__attr_type_info(void)
001bf57c	__tf16__attr_type_info	__attr_type_info type_info function
001bf5c8	_._19__builtin_type_info	__builtin_type_info::~__builtin_type_info(void)
001bf5f8	__tf19__builtin_type_info	__builtin_type_info type_info function
001bf644	_._16__func_type_info	__func_type_info::~__func_type_info(void)
001bf674	__tf16__func_type_info	__func_type_info type_info function
001bf6c0	_._16__ptmf_type_info	__ptmf_type_info::~__ptmf_type_info(void)
001bf6f0	__tf16__ptmf_type_info	__ptmf_type_info type_info function
001bf73c	_._16__ptmd_type_info	__ptmd_type_info::~__ptmd_type_info(void)
001bf76c	__tf16__ptmd_type_info	__ptmd_type_info type_info function
001bf7b8	_._17__array_type_info	__array_type_info::~__array_type_info(void)
001bf7e8	__tf17__array_type_info	__array_type_info type_info function
001bf834	_._9bad_alloc	bad_alloc::~bad_alloc(void)
001bf86c	__tf9bad_alloc	bad_alloc type_info function
001bf8b4	_fini	_fini
